element,decimal_approx,inverse_in_sample,sample_classification,theoretical_unit_within_bound,notes
1,1.00000000,1,unit_in_sample,yes,This is a bounded computational sample. It does not prove the full unit group or any infinite mathematical property.
2,2.00000000,,nonunit_in_sample,no,This is a bounded computational sample. It does not prove the full unit group or any infinite mathematical property.
2/3,0.66666667,,nonunit_in_sample,no,This is a bounded computational sample. It does not prove the full unit group or any infinite mathematical property.
3,3.00000000,,nonunit_in_sample,no,This is a bounded computational sample. It does not prove the full unit group or any infinite mathematical property.
4,4.00000000,,nonunit_in_sample,no,This is a bounded computational sample. It does not prove the full unit group or any infinite mathematical property.
4/3,1.33333333,,nonunit_in_sample,no,This is a bounded computational sample. It does not prove the full unit group or any infinite mathematical property.
4/9,0.44444444,,nonunit_in_sample,no,This is a bounded computational sample. It does not prove the full unit group or any infinite mathematical property.
5,5.00000000,,nonunit_in_sample,no,This is a bounded computational sample. It does not prove the full unit group or any infinite mathematical property.
5/3,1.66666667,,nonunit_in_sample,no,This is a bounded computational sample. It does not prove the full unit group or any infinite mathematical property.
7/3,2.33333333,,nonunit_in_sample,no,This is a bounded computational sample. It does not prove the full unit group or any infinite mathematical property.
8/3,2.66666667,,nonunit_in_sample,no,This is a bounded computational sample. It does not prove the full unit group or any infinite mathematical property.
8/9,0.88888889,,nonunit_in_sample,no,This is a bounded computational sample. It does not prove the full unit group or any infinite mathematical property.
8/27,0.29629630,,nonunit_in_sample,no,This is a bounded computational sample. It does not prove the full unit group or any infinite mathematical property.
10/3,3.33333333,,nonunit_in_sample,no,This is a bounded computational sample. It does not prove the full unit group or any infinite mathematical property.
10/9,1.11111111,,nonunit_in_sample,no,This is a bounded computational sample. It does not prove the full unit group or any infinite mathematical property.
11/3,3.66666667,,nonunit_in_sample,no,This is a bounded computational sample. It does not prove the full unit group or any infinite mathematical property.
13/3,4.33333333,,nonunit_in_sample,no,This is a bounded computational sample. It does not prove the full unit group or any infinite mathematical property.
13/9,1.44444444,,nonunit_in_sample,no,This is a bounded computational sample. It does not prove the full unit group or any infinite mathematical property.
14/3,4.66666667,,nonunit_in_sample,no,This is a bounded computational sample. It does not prove the full unit group or any infinite mathematical property.
14/9,1.55555556,,nonunit_in_sample,no,This is a bounded computational sample. It does not prove the full unit group or any infinite mathematical property.
16/3,5.33333333,,nonunit_in_sample,no,This is a bounded computational sample. It does not prove the full unit group or any infinite mathematical property.
16/9,1.77777778,,nonunit_in_sample,no,This is a bounded computational sample. It does not prove the full unit group or any infinite mathematical property.
16/27,0.59259259,,nonunit_in_sample,no,This is a bounded computational sample. It does not prove the full unit group or any infinite mathematical property.
16/81,0.19753086,,nonunit_in_sample,no,This is a bounded computational sample. It does not prove the full unit group or any infinite mathematical property.
17/3,5.66666667,,nonunit_in_sample,no,This is a bounded computational sample. It does not prove the full unit group or any infinite mathematical property.
17/9,1.88888889,,nonunit_in_sample,no,This is a bounded computational sample. It does not prove the full unit group or any infinite mathematical property.
19/3,6.33333333,,nonunit_in_sample,no,This is a bounded computational sample. It does not prove the full unit group or any infinite mathematical property.
19/9,2.11111111,,nonunit_in_sample,no,This is a bounded computational sample. It does not prove the full unit group or any infinite mathematical property.
20/9,2.22222222,,nonunit_in_sample,no,This is a bounded computational sample. It does not prove the full unit group or any infinite mathematical property.
20/27,0.74074074,,nonunit_in_sample,no,This is a bounded computational sample. It does not prove the full unit group or any infinite mathematical property.
22/9,2.44444444,,nonunit_in_sample,no,This is a bounded computational sample. It does not prove the full unit group or any infinite mathematical property.
23/9,2.55555556,,nonunit_in_sample,no,This is a bounded computational sample. It does not prove the full unit group or any infinite mathematical property.
25/9,2.77777778,,nonunit_in_sample,no,This is a bounded computational sample. It does not prove the full unit group or any infinite mathematical property.
26/9,2.88888889,,nonunit_in_sample,no,This is a bounded computational sample. It does not prove the full unit group or any infinite mathematical property.
26/27,0.96296296,,nonunit_in_sample,no,This is a bounded computational sample. It does not prove the full unit group or any infinite mathematical property.
28/9,3.11111111,,nonunit_in_sample,no,This is a bounded computational sample. It does not prove the full unit group or any infinite mathematical property.
28/27,1.03703704,,nonunit_in_sample,no,This is a bounded computational sample. It does not prove the full unit group or any infinite mathematical property.
29/9,3.22222222,,nonunit_in_sample,no,This is a bounded computational sample. It does not prove the full unit group or any infinite mathematical property.
31/9,3.44444444,,nonunit_in_sample,no,This is a bounded computational sample. It does not prove the full unit group or any infinite mathematical property.
32/9,3.55555556,,nonunit_in_sample,no,This is a bounded computational sample. It does not prove the full unit group or any infinite mathematical property.
32/27,1.18518519,,nonunit_in_sample,no,This is a bounded computational sample. It does not prove the full unit group or any infinite mathematical property.
32/81,0.39506173,,nonunit_in_sample,no,This is a bounded computational sample. It does not prove the full unit group or any infinite mathematical property.
32/243,0.13168724,,nonunit_in_sample,no,This is a bounded computational sample. It does not prove the full unit group or any infinite mathematical property.
34/9,3.77777778,,nonunit_in_sample,no,This is a bounded computational sample. It does not prove the full unit group or any infinite mathematical property.
34/27,1.25925926,,nonunit_in_sample,no,This is a bounded computational sample. It does not prove the full unit group or any infinite mathematical property.
35/9,3.88888889,,nonunit_in_sample,no,This is a bounded computational sample. It does not prove the full unit group or any infinite mathematical property.
35/27,1.29629630,,nonunit_in_sample,no,This is a bounded computational sample. It does not prove the full unit group or any infinite mathematical property.
37/9,4.11111111,,nonunit_in_sample,no,This is a bounded computational sample. It does not prove the full unit group or any infinite mathematical property.
38/9,4.22222222,,nonunit_in_sample,no,This is a bounded computational sample. It does not prove the full unit group or any infinite mathematical property.
38/27,1.40740741,,nonunit_in_sample,no,This is a bounded computational sample. It does not prove the full unit group or any infinite mathematical property.
40/9,4.44444444,,nonunit_in_sample,no,This is a bounded computational sample. It does not prove the full unit group or any infinite mathematical property.
40/27,1.48148148,,nonunit_in_sample,no,This is a bounded computational sample. It does not prove the full unit group or any infinite mathematical property.
40/81,0.49382716,,nonunit_in_sample,no,This is a bounded computational sample. It does not prove the full unit group or any infinite mathematical property.
41/9,4.55555556,,nonunit_in_sample,no,This is a bounded computational sample. It does not prove the full unit group or any infinite mathematical property.
43/9,4.77777778,,nonunit_in_sample,no,This is a bounded computational sample. It does not prove the full unit group or any infinite mathematical property.
43/27,1.59259259,,nonunit_in_sample,no,This is a bounded computational sample. It does not prove the full unit group or any infinite mathematical property.
44/9,4.88888889,,nonunit_in_sample,no,This is a bounded computational sample. It does not prove the full unit group or any infinite mathematical property.
44/27,1.62962963,,nonunit_in_sample,no,This is a bounded computational sample. It does not prove the full unit group or any infinite mathematical property.
46/9,5.11111111,,nonunit_in_sample,no,This is a bounded computational sample. It does not prove the full unit group or any infinite mathematical property.
46/27,1.70370370,,nonunit_in_sample,no,This is a bounded computational sample. It does not prove the full unit group or any infinite mathematical property.
47/9,5.22222222,,nonunit_in_sample,no,This is a bounded computational sample. It does not prove the full unit group or any infinite mathematical property.
47/27,1.74074074,,nonunit_in_sample,no,This is a bounded computational sample. It does not prove the full unit group or any infinite mathematical property.
49/9,5.44444444,,nonunit_in_sample,no,This is a bounded computational sample. It does not prove the full unit group or any infinite mathematical property.
50/9,5.55555556,,nonunit_in_sample,no,This is a bounded computational sample. It does not prove the full unit group or any infinite mathematical property.
50/27,1.85185185,,nonunit_in_sample,no,This is a bounded computational sample. It does not prove the full unit group or any infinite mathematical property.
52/9,5.77777778,,nonunit_in_sample,no,This is a bounded computational sample. It does not prove the full unit group or any infinite mathematical property.
52/27,1.92592593,,nonunit_in_sample,no,This is a bounded computational sample. It does not prove the full unit group or any infinite mathematical property.
52/81,0.64197531,,nonunit_in_sample,no,This is a bounded computational sample. It does not prove the full unit group or any infinite mathematical property.
53/9,5.88888889,,nonunit_in_sample,no,This is a bounded computational sample. It does not prove the full unit group or any infinite mathematical property.
53/27,1.96296296,,nonunit_in_sample,no,This is a bounded computational sample. It does not prove the full unit group or any infinite mathematical property.
55/9,6.11111111,,nonunit_in_sample,no,This is a bounded computational sample. It does not prove the full unit group or any infinite mathematical property.
55/27,2.03703704,,nonunit_in_sample,no,This is a bounded computational sample. It does not prove the full unit group or any infinite mathematical property.
56/9,6.22222222,,nonunit_in_sample,no,This is a bounded computational sample. It does not prove the full unit group or any infinite mathematical property.
56/27,2.07407407,,nonunit_in_sample,no,This is a bounded computational sample. It does not prove the full unit group or any infinite mathematical property.
56/81,0.69135802,,nonunit_in_sample,no,This is a bounded computational sample. It does not prove the full unit group or any infinite mathematical property.
58/27,2.14814815,,nonunit_in_sample,no,This is a bounded computational sample. It does not prove the full unit group or any infinite mathematical property.
59/9,6.55555556,,nonunit_in_sample,no,This is a bounded computational sample. It does not prove the full unit group or any infinite mathematical property.
59/27,2.18518519,,nonunit_in_sample,no,This is a bounded computational sample. It does not prove the full unit group or any infinite mathematical property.
61/9,6.77777778,,nonunit_in_sample,no,This is a bounded computational sample. It does not prove the full unit group or any infinite mathematical property.
61/27,2.25925926,,nonunit_in_sample,no,This is a bounded computational sample. It does not prove the full unit group or any infinite mathematical property.
62/27,2.29629630,,nonunit_in_sample,no,This is a bounded computational sample. It does not prove the full unit group or any infinite mathematical property.
64/27,2.37037037,,nonunit_in_sample,no,This is a bounded computational sample. It does not prove the full unit group or any infinite mathematical property.
64/81,0.79012346,,nonunit_in_sample,no,This is a bounded computational sample. It does not prove the full unit group or any infinite mathematical property.
64/243,0.26337449,,nonunit_in_sample,no,This is a bounded computational sample. It does not prove the full unit group or any infinite mathematical property.
65/9,7.22222222,,nonunit_in_sample,no,This is a bounded computational sample. It does not prove the full unit group or any infinite mathematical property.
65/27,2.40740741,,nonunit_in_sample,no,This is a bounded computational sample. It does not prove the full unit group or any infinite mathematical property.
67/27,2.48148148,,nonunit_in_sample,no,This is a bounded computational sample. It does not prove the full unit group or any infinite mathematical property.
68/27,2.51851852,,nonunit_in_sample,no,This is a bounded computational sample. It does not prove the full unit group or any infinite mathematical property.
68/81,0.83950617,,nonunit_in_sample,no,This is a bounded computational sample. It does not prove the full unit group or any infinite mathematical property.
70/27,2.59259259,,nonunit_in_sample,no,This is a bounded computational sample. It does not prove the full unit group or any infinite mathematical property.
70/81,0.86419753,,nonunit_in_sample,no,This is a bounded computational sample. It does not prove the full unit group or any infinite mathematical property.
71/27,2.62962963,,nonunit_in_sample,no,This is a bounded computational sample. It does not prove the full unit group or any infinite mathematical property.
73/27,2.70370370,,nonunit_in_sample,no,This is a bounded computational sample. It does not prove the full unit group or any infinite mathematical property.
74/27,2.74074074,,nonunit_in_sample,no,This is a bounded computational sample. It does not prove the full unit group or any infinite mathematical property.
76/27,2.81481481,,nonunit_in_sample,no,This is a bounded computational sample. It does not prove the full unit group or any infinite mathematical property.
76/81,0.93827160,,nonunit_in_sample,no,This is a bounded computational sample. It does not prove the full unit group or any infinite mathematical property.
77/27,2.85185185,,nonunit_in_sample,no,This is a bounded computational sample. It does not prove the full unit group or any infinite mathematical property.
79/27,2.92592593,,nonunit_in_sample,no,This is a bounded computational sample. It does not prove the full unit group or any infinite mathematical property.
80/27,2.96296296,,nonunit_in_sample,no,This is a bounded computational sample. It does not prove the full unit group or any infinite mathematical property.
80/81,0.98765432,,nonunit_in_sample,no,This is a bounded computational sample. It does not prove the full unit group or any infinite mathematical property.
80/243,0.32921811,,nonunit_in_sample,no,This is a bounded computational sample. It does not prove the full unit group or any infinite mathematical property.
82/27,3.03703704,,nonunit_in_sample,no,This is a bounded computational sample. It does not prove the full unit group or any infinite mathematical property.
83/27,3.07407407,,nonunit_in_sample,no,This is a bounded computational sample. It does not prove the full unit group or any infinite mathematical property.
85/27,3.14814815,,nonunit_in_sample,no,This is a bounded computational sample. It does not prove the full unit group or any infinite mathematical property.
86/27,3.18518519,,nonunit_in_sample,no,This is a bounded computational sample. It does not prove the full unit group or any infinite mathematical property.
86/81,1.06172840,,nonunit_in_sample,no,This is a bounded computational sample. It does not prove the full unit group or any infinite mathematical property.
88/27,3.25925926,,nonunit_in_sample,no,This is a bounded computational sample. It does not prove the full unit group or any infinite mathematical property.
88/81,1.08641975,,nonunit_in_sample,no,This is a bounded computational sample. It does not prove the full unit group or any infinite mathematical property.
89/27,3.29629630,,nonunit_in_sample,no,This is a bounded computational sample. It does not prove the full unit group or any infinite mathematical property.
91/27,3.37037037,,nonunit_in_sample,no,This is a bounded computational sample. It does not prove the full unit group or any infinite mathematical property.
92/27,3.40740741,,nonunit_in_sample,no,This is a bounded computational sample. It does not prove the full unit group or any infinite mathematical property.
92/81,1.13580247,,nonunit_in_sample,no,This is a bounded computational sample. It does not prove the full unit group or any infinite mathematical property.
94/27,3.48148148,,nonunit_in_sample,no,This is a bounded computational sample. It does not prove the full unit group or any infinite mathematical property.
94/81,1.16049383,,nonunit_in_sample,no,This is a bounded computational sample. It does not prove the full unit group or any infinite mathematical property.
95/27,3.51851852,,nonunit_in_sample,no,This is a bounded computational sample. It does not prove the full unit group or any infinite mathematical property.
97/27,3.59259259,,nonunit_in_sample,no,This is a bounded computational sample. It does not prove the full unit group or any infinite mathematical property.
97/81,1.19753086,,nonunit_in_sample,no,This is a bounded computational sample. It does not prove the full unit group or any infinite mathematical property.
98/27,3.62962963,,nonunit_in_sample,no,This is a bounded computational sample. It does not prove the full unit group or any infinite mathematical property.
100/27,3.70370370,,nonunit_in_sample,no,This is a bounded computational sample. It does not prove the full unit group or any infinite mathematical property.
100/81,1.23456790,,nonunit_in_sample,no,This is a bounded computational sample. It does not prove the full unit group or any infinite mathematical property.
101/27,3.74074074,,nonunit_in_sample,no,This is a bounded computational sample. It does not prove the full unit group or any infinite mathematical property.
103/27,3.81481481,,nonunit_in_sample,no,This is a bounded computational sample. It does not prove the full unit group or any infinite mathematical property.
104/27,3.85185185,,nonunit_in_sample,no,This is a bounded computational sample. It does not prove the full unit group or any infinite mathematical property.
104/81,1.28395062,,nonunit_in_sample,no,This is a bounded computational sample. It does not prove the full unit group or any infinite mathematical property.
104/243,0.42798354,,nonunit_in_sample,no,This is a bounded computational sample. It does not prove the full unit group or any infinite mathematical property.
106/27,3.92592593,,nonunit_in_sample,no,This is a bounded computational sample. It does not prove the full unit group or any infinite mathematical property.
106/81,1.30864198,,nonunit_in_sample,no,This is a bounded computational sample. It does not prove the full unit group or any infinite mathematical property.
107/27,3.96296296,,nonunit_in_sample,no,This is a bounded computational sample. It does not prove the full unit group or any infinite mathematical property.
109/27,4.03703704,,nonunit_in_sample,no,This is a bounded computational sample. It does not prove the full unit group or any infinite mathematical property.
110/27,4.07407407,,nonunit_in_sample,no,This is a bounded computational sample. It does not prove the full unit group or any infinite mathematical property.
110/81,1.35802469,,nonunit_in_sample,no,This is a bounded computational sample. It does not prove the full unit group or any infinite mathematical property.
112/27,4.14814815,,nonunit_in_sample,no,This is a bounded computational sample. It does not prove the full unit group or any infinite mathematical property.
112/81,1.38271605,,nonunit_in_sample,no,This is a bounded computational sample. It does not prove the full unit group or any infinite mathematical property.
112/243,0.46090535,,nonunit_in_sample,no,This is a bounded computational sample. It does not prove the full unit group or any infinite mathematical property.
113/27,4.18518519,,nonunit_in_sample,no,This is a bounded computational sample. It does not prove the full unit group or any infinite mathematical property.
113/81,1.39506173,,nonunit_in_sample,no,This is a bounded computational sample. It does not prove the full unit group or any infinite mathematical property.
115/27,4.25925926,,nonunit_in_sample,no,This is a bounded computational sample. It does not prove the full unit group or any infinite mathematical property.
116/27,4.29629630,,nonunit_in_sample,no,This is a bounded computational sample. It does not prove the full unit group or any infinite mathematical property.
116/81,1.43209877,,nonunit_in_sample,no,This is a bounded computational sample. It does not prove the full unit group or any infinite mathematical property.
118/27,4.37037037,,nonunit_in_sample,no,This is a bounded computational sample. It does not prove the full unit group or any infinite mathematical property.
118/81,1.45679012,,nonunit_in_sample,no,This is a bounded computational sample. It does not prove the full unit group or any infinite mathematical property.
119/27,4.40740741,,nonunit_in_sample,no,This is a bounded computational sample. It does not prove the full unit group or any infinite mathematical property.
121/27,4.48148148,,nonunit_in_sample,no,This is a bounded computational sample. It does not prove the full unit group or any infinite mathematical property.
121/81,1.49382716,,nonunit_in_sample,no,This is a bounded computational sample. It does not prove the full unit group or any infinite mathematical property.
122/27,4.51851852,,nonunit_in_sample,no,This is a bounded computational sample. It does not prove the full unit group or any infinite mathematical property.
122/81,1.50617284,,nonunit_in_sample,no,This is a bounded computational sample. It does not prove the full unit group or any infinite mathematical property.
124/27,4.59259259,,nonunit_in_sample,no,This is a bounded computational sample. It does not prove the full unit group or any infinite mathematical property.
124/81,1.53086420,,nonunit_in_sample,no,This is a bounded computational sample. It does not prove the full unit group or any infinite mathematical property.
125/27,4.62962963,,nonunit_in_sample,no,This is a bounded computational sample. It does not prove the full unit group or any infinite mathematical property.
127/27,4.70370370,,nonunit_in_sample,no,This is a bounded computational sample. It does not prove the full unit group or any infinite mathematical property.
128/27,4.74074074,,nonunit_in_sample,no,This is a bounded computational sample. It does not prove the full unit group or any infinite mathematical property.
128/81,1.58024691,,nonunit_in_sample,no,This is a bounded computational sample. It does not prove the full unit group or any infinite mathematical property.
128/243,0.52674897,,nonunit_in_sample,no,This is a bounded computational sample. It does not prove the full unit group or any infinite mathematical property.
130/27,4.81481481,,nonunit_in_sample,no,This is a bounded computational sample. It does not prove the full unit group or any infinite mathematical property.
130/81,1.60493827,,nonunit_in_sample,no,This is a bounded computational sample. It does not prove the full unit group or any infinite mathematical property.
131/27,4.85185185,,nonunit_in_sample,no,This is a bounded computational sample. It does not prove the full unit group or any infinite mathematical property.
133/27,4.92592593,,nonunit_in_sample,no,This is a bounded computational sample. It does not prove the full unit group or any infinite mathematical property.
133/81,1.64197531,,nonunit_in_sample,no,This is a bounded computational sample. It does not prove the full unit group or any infinite mathematical property.
134/27,4.96296296,,nonunit_in_sample,no,This is a bounded computational sample. It does not prove the full unit group or any infinite mathematical property.
134/81,1.65432099,,nonunit_in_sample,no,This is a bounded computational sample. It does not prove the full unit group or any infinite mathematical property.
136/27,5.03703704,,nonunit_in_sample,no,This is a bounded computational sample. It does not prove the full unit group or any infinite mathematical property.
136/81,1.67901235,,nonunit_in_sample,no,This is a bounded computational sample. It does not prove the full unit group or any infinite mathematical property.
136/243,0.55967078,,nonunit_in_sample,no,This is a bounded computational sample. It does not prove the full unit group or any infinite mathematical property.
137/27,5.07407407,,nonunit_in_sample,no,This is a bounded computational sample. It does not prove the full unit group or any infinite mathematical property.
137/81,1.69135802,,nonunit_in_sample,no,This is a bounded computational sample. It does not prove the full unit group or any infinite mathematical property.
139/27,5.14814815,,nonunit_in_sample,no,This is a bounded computational sample. It does not prove the full unit group or any infinite mathematical property.
140/27,5.18518519,,nonunit_in_sample,no,This is a bounded computational sample. It does not prove the full unit group or any infinite mathematical property.
140/81,1.72839506,,nonunit_in_sample,no,This is a bounded computational sample. It does not prove the full unit group or any infinite mathematical property.
140/243,0.57613169,,nonunit_in_sample,no,This is a bounded computational sample. It does not prove the full unit group or any infinite mathematical property.
142/27,5.25925926,,nonunit_in_sample,no,This is a bounded computational sample. It does not prove the full unit group or any infinite mathematical property.
142/81,1.75308642,,nonunit_in_sample,no,This is a bounded computational sample. It does not prove the full unit group or any infinite mathematical property.
143/27,5.29629630,,nonunit_in_sample,no,This is a bounded computational sample. It does not prove the full unit group or any infinite mathematical property.
145/27,5.37037037,,nonunit_in_sample,no,This is a bounded computational sample. It does not prove the full unit group or any infinite mathematical property.
145/81,1.79012346,,nonunit_in_sample,no,This is a bounded computational sample. It does not prove the full unit group or any infinite mathematical property.
146/27,5.40740741,,nonunit_in_sample,no,This is a bounded computational sample. It does not prove the full unit group or any infinite mathematical property.
146/81,1.80246914,,nonunit_in_sample,no,This is a bounded computational sample. It does not prove the full unit group or any infinite mathematical property.
148/27,5.48148148,,nonunit_in_sample,no,This is a bounded computational sample. It does not prove the full unit group or any infinite mathematical property.
148/81,1.82716049,,nonunit_in_sample,no,This is a bounded computational sample. It does not prove the full unit group or any infinite mathematical property.
149/27,5.51851852,,nonunit_in_sample,no,This is a bounded computational sample. It does not prove the full unit group or any infinite mathematical property.
149/81,1.83950617,,nonunit_in_sample,no,This is a bounded computational sample. It does not prove the full unit group or any infinite mathematical property.
151/27,5.59259259,,nonunit_in_sample,no,This is a bounded computational sample. It does not prove the full unit group or any infinite mathematical property.
151/81,1.86419753,,nonunit_in_sample,no,This is a bounded computational sample. It does not prove the full unit group or any infinite mathematical property.
152/27,5.62962963,,nonunit_in_sample,no,This is a bounded computational sample. It does not prove the full unit group or any infinite mathematical property.
152/81,1.87654321,,nonunit_in_sample,no,This is a bounded computational sample. It does not prove the full unit group or any infinite mathematical property.
152/243,0.62551440,,nonunit_in_sample,no,This is a bounded computational sample. It does not prove the full unit group or any infinite mathematical property.
154/27,5.70370370,,nonunit_in_sample,no,This is a bounded computational sample. It does not prove the full unit group or any infinite mathematical property.
154/81,1.90123457,,nonunit_in_sample,no,This is a bounded computational sample. It does not prove the full unit group or any infinite mathematical property.
155/27,5.74074074,,nonunit_in_sample,no,This is a bounded computational sample. It does not prove the full unit group or any infinite mathematical property.
157/27,5.81481481,,nonunit_in_sample,no,This is a bounded computational sample. It does not prove the full unit group or any infinite mathematical property.
157/81,1.93827160,,nonunit_in_sample,no,This is a bounded computational sample. It does not prove the full unit group or any infinite mathematical property.
158/27,5.85185185,,nonunit_in_sample,no,This is a bounded computational sample. It does not prove the full unit group or any infinite mathematical property.
158/81,1.95061728,,nonunit_in_sample,no,This is a bounded computational sample. It does not prove the full unit group or any infinite mathematical property.
160/27,5.92592593,,nonunit_in_sample,no,This is a bounded computational sample. It does not prove the full unit group or any infinite mathematical property.
160/81,1.97530864,,nonunit_in_sample,no,This is a bounded computational sample. It does not prove the full unit group or any infinite mathematical property.
160/243,0.65843621,,nonunit_in_sample,no,This is a bounded computational sample. It does not prove the full unit group or any infinite mathematical property.
161/27,5.96296296,,nonunit_in_sample,no,This is a bounded computational sample. It does not prove the full unit group or any infinite mathematical property.
161/81,1.98765432,,nonunit_in_sample,no,This is a bounded computational sample. It does not prove the full unit group or any infinite mathematical property.
163/27,6.03703704,,nonunit_in_sample,no,This is a bounded computational sample. It does not prove the full unit group or any infinite mathematical property.
164/27,6.07407407,,nonunit_in_sample,no,This is a bounded computational sample. It does not prove the full unit group or any infinite mathematical property.
164/81,2.02469136,,nonunit_in_sample,no,This is a bounded computational sample. It does not prove the full unit group or any infinite mathematical property.
166/27,6.14814815,,nonunit_in_sample,no,This is a bounded computational sample. It does not prove the full unit group or any infinite mathematical property.
166/81,2.04938272,,nonunit_in_sample,no,This is a bounded computational sample. It does not prove the full unit group or any infinite mathematical property.
167/27,6.18518519,,nonunit_in_sample,no,This is a bounded computational sample. It does not prove the full unit group or any infinite mathematical property.
167/81,2.06172840,,nonunit_in_sample,no,This is a bounded computational sample. It does not prove the full unit group or any infinite mathematical property.
169/27,6.25925926,,nonunit_in_sample,no,This is a bounded computational sample. It does not prove the full unit group or any infinite mathematical property.
169/81,2.08641975,,nonunit_in_sample,no,This is a bounded computational sample. It does not prove the full unit group or any infinite mathematical property.
170/81,2.09876543,,nonunit_in_sample,no,This is a bounded computational sample. It does not prove the full unit group or any infinite mathematical property.
172/27,6.37037037,,nonunit_in_sample,no,This is a bounded computational sample. It does not prove the full unit group or any infinite mathematical property.
172/81,2.12345679,,nonunit_in_sample,no,This is a bounded computational sample. It does not prove the full unit group or any infinite mathematical property.
172/243,0.70781893,,nonunit_in_sample,no,This is a bounded computational sample. It does not prove the full unit group or any infinite mathematical property.
173/27,6.40740741,,nonunit_in_sample,no,This is a bounded computational sample. It does not prove the full unit group or any infinite mathematical property.
173/81,2.13580247,,nonunit_in_sample,no,This is a bounded computational sample. It does not prove the full unit group or any infinite mathematical property.
175/27,6.48148148,,nonunit_in_sample,no,This is a bounded computational sample. It does not prove the full unit group or any infinite mathematical property.
175/81,2.16049383,,nonunit_in_sample,no,This is a bounded computational sample. It does not prove the full unit group or any infinite mathematical property.
176/27,6.51851852,,nonunit_in_sample,no,This is a bounded computational sample. It does not prove the full unit group or any infinite mathematical property.
176/81,2.17283951,,nonunit_in_sample,no,This is a bounded computational sample. It does not prove the full unit group or any infinite mathematical property.
176/243,0.72427984,,nonunit_in_sample,no,This is a bounded computational sample. It does not prove the full unit group or any infinite mathematical property.
178/81,2.19753086,,nonunit_in_sample,no,This is a bounded computational sample. It does not prove the full unit group or any infinite mathematical property.
179/27,6.62962963,,nonunit_in_sample,no,This is a bounded computational sample. It does not prove the full unit group or any infinite mathematical property.
181/27,6.70370370,,nonunit_in_sample,no,This is a bounded computational sample. It does not prove the full unit group or any infinite mathematical property.
181/81,2.23456790,,nonunit_in_sample,no,This is a bounded computational sample. It does not prove the full unit group or any infinite mathematical property.
182/81,2.24691358,,nonunit_in_sample,no,This is a bounded computational sample. It does not prove the full unit group or any infinite mathematical property.
184/27,6.81481481,,nonunit_in_sample,no,This is a bounded computational sample. It does not prove the full unit group or any infinite mathematical property.
184/81,2.27160494,,nonunit_in_sample,no,This is a bounded computational sample. It does not prove the full unit group or any infinite mathematical property.
184/243,0.75720165,,nonunit_in_sample,no,This is a bounded computational sample. It does not prove the full unit group or any infinite mathematical property.
185/27,6.85185185,,nonunit_in_sample,no,This is a bounded computational sample. It does not prove the full unit group or any infinite mathematical property.
185/81,2.28395062,,nonunit_in_sample,no,This is a bounded computational sample. It does not prove the full unit group or any infinite mathematical property.
187/27,6.92592593,,nonunit_in_sample,no,This is a bounded computational sample. It does not prove the full unit group or any infinite mathematical property.
187/81,2.30864198,,nonunit_in_sample,no,This is a bounded computational sample. It does not prove the full unit group or any infinite mathematical property.
188/81,2.32098765,,nonunit_in_sample,no,This is a bounded computational sample. It does not prove the full unit group or any infinite mathematical property.
188/243,0.77366255,,nonunit_in_sample,no,This is a bounded computational sample. It does not prove the full unit group or any infinite mathematical property.
190/81,2.34567901,,nonunit_in_sample,no,This is a bounded computational sample. It does not prove the full unit group or any infinite mathematical property.
191/27,7.07407407,,nonunit_in_sample,no,This is a bounded computational sample. It does not prove the full unit group or any infinite mathematical property.
191/81,2.35802469,,nonunit_in_sample,no,This is a bounded computational sample. It does not prove the full unit group or any infinite mathematical property.
193/27,7.14814815,,nonunit_in_sample,no,This is a bounded computational sample. It does not prove the full unit group or any infinite mathematical property.
193/81,2.38271605,,nonunit_in_sample,no,This is a bounded computational sample. It does not prove the full unit group or any infinite mathematical property.
194/81,2.39506173,,nonunit_in_sample,no,This is a bounded computational sample. It does not prove the full unit group or any infinite mathematical property.
194/243,0.79835391,,nonunit_in_sample,no,This is a bounded computational sample. It does not prove the full unit group or any infinite mathematical property.
196/81,2.41975309,,nonunit_in_sample,no,This is a bounded computational sample. It does not prove the full unit group or any infinite mathematical property.
197/81,2.43209877,,nonunit_in_sample,no,This is a bounded computational sample. It does not prove the full unit group or any infinite mathematical property.
199/27,7.37037037,,nonunit_in_sample,no,This is a bounded computational sample. It does not prove the full unit group or any infinite mathematical property.
199/81,2.45679012,,nonunit_in_sample,no,This is a bounded computational sample. It does not prove the full unit group or any infinite mathematical property.
200/81,2.46913580,,nonunit_in_sample,no,This is a bounded computational sample. It does not prove the full unit group or any infinite mathematical property.
200/243,0.82304527,,nonunit_in_sample,no,This is a bounded computational sample. It does not prove the full unit group or any infinite mathematical property.
202/81,2.49382716,,nonunit_in_sample,no,This is a bounded computational sample. It does not prove the full unit group or any infinite mathematical property.
203/27,7.51851852,,nonunit_in_sample,no,This is a bounded computational sample. It does not prove the full unit group or any infinite mathematical property.
203/81,2.50617284,,nonunit_in_sample,no,This is a bounded computational sample. It does not prove the full unit group or any infinite mathematical property.
205/81,2.53086420,,nonunit_in_sample,no,This is a bounded computational sample. It does not prove the full unit group or any infinite mathematical property.
206/81,2.54320988,,nonunit_in_sample,no,This is a bounded computational sample. It does not prove the full unit group or any infinite mathematical property.
208/81,2.56790123,,nonunit_in_sample,no,This is a bounded computational sample. It does not prove the full unit group or any infinite mathematical property.
208/243,0.85596708,,nonunit_in_sample,no,This is a bounded computational sample. It does not prove the full unit group or any infinite mathematical property.
209/81,2.58024691,,nonunit_in_sample,no,This is a bounded computational sample. It does not prove the full unit group or any infinite mathematical property.
211/27,7.81481481,,nonunit_in_sample,no,This is a bounded computational sample. It does not prove the full unit group or any infinite mathematical property.
211/81,2.60493827,,nonunit_in_sample,no,This is a bounded computational sample. It does not prove the full unit group or any infinite mathematical property.
212/81,2.61728395,,nonunit_in_sample,no,This is a bounded computational sample. It does not prove the full unit group or any infinite mathematical property.
212/243,0.87242798,,nonunit_in_sample,no,This is a bounded computational sample. It does not prove the full unit group or any infinite mathematical property.
214/81,2.64197531,,nonunit_in_sample,no,This is a bounded computational sample. It does not prove the full unit group or any infinite mathematical property.
215/81,2.65432099,,nonunit_in_sample,no,This is a bounded computational sample. It does not prove the full unit group or any infinite mathematical property.
217/81,2.67901235,,nonunit_in_sample,no,This is a bounded computational sample. It does not prove the full unit group or any infinite mathematical property.
218/81,2.69135802,,nonunit_in_sample,no,This is a bounded computational sample. It does not prove the full unit group or any infinite mathematical property.
220/81,2.71604938,,nonunit_in_sample,no,This is a bounded computational sample. It does not prove the full unit group or any infinite mathematical property.
220/243,0.90534979,,nonunit_in_sample,no,This is a bounded computational sample. It does not prove the full unit group or any infinite mathematical property.
221/81,2.72839506,,nonunit_in_sample,no,This is a bounded computational sample. It does not prove the full unit group or any infinite mathematical property.
223/81,2.75308642,,nonunit_in_sample,no,This is a bounded computational sample. It does not prove the full unit group or any infinite mathematical property.
224/81,2.76543210,,nonunit_in_sample,no,This is a bounded computational sample. It does not prove the full unit group or any infinite mathematical property.
224/243,0.92181070,,nonunit_in_sample,no,This is a bounded computational sample. It does not prove the full unit group or any infinite mathematical property.
226/81,2.79012346,,nonunit_in_sample,no,This is a bounded computational sample. It does not prove the full unit group or any infinite mathematical property.
226/243,0.93004115,,nonunit_in_sample,no,This is a bounded computational sample. It does not prove the full unit group or any infinite mathematical property.
227/81,2.80246914,,nonunit_in_sample,no,This is a bounded computational sample. It does not prove the full unit group or any infinite mathematical property.
229/81,2.82716049,,nonunit_in_sample,no,This is a bounded computational sample. It does not prove the full unit group or any infinite mathematical property.
230/81,2.83950617,,nonunit_in_sample,no,This is a bounded computational sample. It does not prove the full unit group or any infinite mathematical property.
232/81,2.86419753,,nonunit_in_sample,no,This is a bounded computational sample. It does not prove the full unit group or any infinite mathematical property.
232/243,0.95473251,,nonunit_in_sample,no,This is a bounded computational sample. It does not prove the full unit group or any infinite mathematical property.
233/81,2.87654321,,nonunit_in_sample,no,This is a bounded computational sample. It does not prove the full unit group or any infinite mathematical property.
235/81,2.90123457,,nonunit_in_sample,no,This is a bounded computational sample. It does not prove the full unit group or any infinite mathematical property.
236/81,2.91358025,,nonunit_in_sample,no,This is a bounded computational sample. It does not prove the full unit group or any infinite mathematical property.
236/243,0.97119342,,nonunit_in_sample,no,This is a bounded computational sample. It does not prove the full unit group or any infinite mathematical property.
238/81,2.93827160,,nonunit_in_sample,no,This is a bounded computational sample. It does not prove the full unit group or any infinite mathematical property.
239/81,2.95061728,,nonunit_in_sample,no,This is a bounded computational sample. It does not prove the full unit group or any infinite mathematical property.
241/81,2.97530864,,nonunit_in_sample,no,This is a bounded computational sample. It does not prove the full unit group or any infinite mathematical property.
242/81,2.98765432,,nonunit_in_sample,no,This is a bounded computational sample. It does not prove the full unit group or any infinite mathematical property.
242/243,0.99588477,,nonunit_in_sample,no,This is a bounded computational sample. It does not prove the full unit group or any infinite mathematical property.
244/81,3.01234568,,nonunit_in_sample,no,This is a bounded computational sample. It does not prove the full unit group or any infinite mathematical property.
244/243,1.00411523,,nonunit_in_sample,no,This is a bounded computational sample. It does not prove the full unit group or any infinite mathematical property.
245/81,3.02469136,,nonunit_in_sample,no,This is a bounded computational sample. It does not prove the full unit group or any infinite mathematical property.
247/81,3.04938272,,nonunit_in_sample,no,This is a bounded computational sample. It does not prove the full unit group or any infinite mathematical property.
248/81,3.06172840,,nonunit_in_sample,no,This is a bounded computational sample. It does not prove the full unit group or any infinite mathematical property.
248/243,1.02057613,,nonunit_in_sample,no,This is a bounded computational sample. It does not prove the full unit group or any infinite mathematical property.
250/81,3.08641975,,nonunit_in_sample,no,This is a bounded computational sample. It does not prove the full unit group or any infinite mathematical property.
251/81,3.09876543,,nonunit_in_sample,no,This is a bounded computational sample. It does not prove the full unit group or any infinite mathematical property.
253/81,3.12345679,,nonunit_in_sample,no,This is a bounded computational sample. It does not prove the full unit group or any infinite mathematical property.
254/81,3.13580247,,nonunit_in_sample,no,This is a bounded computational sample. It does not prove the full unit group or any infinite mathematical property.
256/81,3.16049383,,nonunit_in_sample,no,This is a bounded computational sample. It does not prove the full unit group or any infinite mathematical property.
256/243,1.05349794,,nonunit_in_sample,no,This is a bounded computational sample. It does not prove the full unit group or any infinite mathematical property.
257/81,3.17283951,,nonunit_in_sample,no,This is a bounded computational sample. It does not prove the full unit group or any infinite mathematical property.
259/81,3.19753086,,nonunit_in_sample,no,This is a bounded computational sample. It does not prove the full unit group or any infinite mathematical property.
260/81,3.20987654,,nonunit_in_sample,no,This is a bounded computational sample. It does not prove the full unit group or any infinite mathematical property.
260/243,1.06995885,,nonunit_in_sample,no,This is a bounded computational sample. It does not prove the full unit group or any infinite mathematical property.
262/81,3.23456790,,nonunit_in_sample,no,This is a bounded computational sample. It does not prove the full unit group or any infinite mathematical property.
263/81,3.24691358,,nonunit_in_sample,no,This is a bounded computational sample. It does not prove the full unit group or any infinite mathematical property.
265/81,3.27160494,,nonunit_in_sample,no,This is a bounded computational sample. It does not prove the full unit group or any infinite mathematical property.
266/81,3.28395062,,nonunit_in_sample,no,This is a bounded computational sample. It does not prove the full unit group or any infinite mathematical property.
266/243,1.09465021,,nonunit_in_sample,no,This is a bounded computational sample. It does not prove the full unit group or any infinite mathematical property.
268/81,3.30864198,,nonunit_in_sample,no,This is a bounded computational sample. It does not prove the full unit group or any infinite mathematical property.
268/243,1.10288066,,nonunit_in_sample,no,This is a bounded computational sample. It does not prove the full unit group or any infinite mathematical property.
269/81,3.32098765,,nonunit_in_sample,no,This is a bounded computational sample. It does not prove the full unit group or any infinite mathematical property.
271/81,3.34567901,,nonunit_in_sample,no,This is a bounded computational sample. It does not prove the full unit group or any infinite mathematical property.
272/81,3.35802469,,nonunit_in_sample,no,This is a bounded computational sample. It does not prove the full unit group or any infinite mathematical property.
272/243,1.11934156,,nonunit_in_sample,no,This is a bounded computational sample. It does not prove the full unit group or any infinite mathematical property.
274/81,3.38271605,,nonunit_in_sample,no,This is a bounded computational sample. It does not prove the full unit group or any infinite mathematical property.
274/243,1.12757202,,nonunit_in_sample,no,This is a bounded computational sample. It does not prove the full unit group or any infinite mathematical property.
275/81,3.39506173,,nonunit_in_sample,no,This is a bounded computational sample. It does not prove the full unit group or any infinite mathematical property.
275/243,1.13168724,,nonunit_in_sample,no,This is a bounded computational sample. It does not prove the full unit group or any infinite mathematical property.
277/81,3.41975309,,nonunit_in_sample,no,This is a bounded computational sample. It does not prove the full unit group or any infinite mathematical property.
278/81,3.43209877,,nonunit_in_sample,no,This is a bounded computational sample. It does not prove the full unit group or any infinite mathematical property.
280/81,3.45679012,,nonunit_in_sample,no,This is a bounded computational sample. It does not prove the full unit group or any infinite mathematical property.
280/243,1.15226337,,nonunit_in_sample,no,This is a bounded computational sample. It does not prove the full unit group or any infinite mathematical property.
281/81,3.46913580,,nonunit_in_sample,no,This is a bounded computational sample. It does not prove the full unit group or any infinite mathematical property.
283/81,3.49382716,,nonunit_in_sample,no,This is a bounded computational sample. It does not prove the full unit group or any infinite mathematical property.
284/81,3.50617284,,nonunit_in_sample,no,This is a bounded computational sample. It does not prove the full unit group or any infinite mathematical property.
284/243,1.16872428,,nonunit_in_sample,no,This is a bounded computational sample. It does not prove the full unit group or any infinite mathematical property.
286/81,3.53086420,,nonunit_in_sample,no,This is a bounded computational sample. It does not prove the full unit group or any infinite mathematical property.
287/81,3.54320988,,nonunit_in_sample,no,This is a bounded computational sample. It does not prove the full unit group or any infinite mathematical property.
289/81,3.56790123,,nonunit_in_sample,no,This is a bounded computational sample. It does not prove the full unit group or any infinite mathematical property.
290/81,3.58024691,,nonunit_in_sample,no,This is a bounded computational sample. It does not prove the full unit group or any infinite mathematical property.
290/243,1.19341564,,nonunit_in_sample,no,This is a bounded computational sample. It does not prove the full unit group or any infinite mathematical property.
292/81,3.60493827,,nonunit_in_sample,no,This is a bounded computational sample. It does not prove the full unit group or any infinite mathematical property.
292/243,1.20164609,,nonunit_in_sample,no,This is a bounded computational sample. It does not prove the full unit group or any infinite mathematical property.
293/81,3.61728395,,nonunit_in_sample,no,This is a bounded computational sample. It does not prove the full unit group or any infinite mathematical property.
295/81,3.64197531,,nonunit_in_sample,no,This is a bounded computational sample. It does not prove the full unit group or any infinite mathematical property.
296/81,3.65432099,,nonunit_in_sample,no,This is a bounded computational sample. It does not prove the full unit group or any infinite mathematical property.
296/243,1.21810700,,nonunit_in_sample,no,This is a bounded computational sample. It does not prove the full unit group or any infinite mathematical property.
298/81,3.67901235,,nonunit_in_sample,no,This is a bounded computational sample. It does not prove the full unit group or any infinite mathematical property.
298/243,1.22633745,,nonunit_in_sample,no,This is a bounded computational sample. It does not prove the full unit group or any infinite mathematical property.
299/81,3.69135802,,nonunit_in_sample,no,This is a bounded computational sample. It does not prove the full unit group or any infinite mathematical property.
301/81,3.71604938,,nonunit_in_sample,no,This is a bounded computational sample. It does not prove the full unit group or any infinite mathematical property.
302/81,3.72839506,,nonunit_in_sample,no,This is a bounded computational sample. It does not prove the full unit group or any infinite mathematical property.
302/243,1.24279835,,nonunit_in_sample,no,This is a bounded computational sample. It does not prove the full unit group or any infinite mathematical property.
304/81,3.75308642,,nonunit_in_sample,no,This is a bounded computational sample. It does not prove the full unit group or any infinite mathematical property.
304/243,1.25102881,,nonunit_in_sample,no,This is a bounded computational sample. It does not prove the full unit group or any infinite mathematical property.
305/81,3.76543210,,nonunit_in_sample,no,This is a bounded computational sample. It does not prove the full unit group or any infinite mathematical property.
307/81,3.79012346,,nonunit_in_sample,no,This is a bounded computational sample. It does not prove the full unit group or any infinite mathematical property.
307/243,1.26337449,,nonunit_in_sample,no,This is a bounded computational sample. It does not prove the full unit group or any infinite mathematical property.
308/81,3.80246914,,nonunit_in_sample,no,This is a bounded computational sample. It does not prove the full unit group or any infinite mathematical property.
308/243,1.26748971,,nonunit_in_sample,no,This is a bounded computational sample. It does not prove the full unit group or any infinite mathematical property.
310/81,3.82716049,,nonunit_in_sample,no,This is a bounded computational sample. It does not prove the full unit group or any infinite mathematical property.
311/81,3.83950617,,nonunit_in_sample,no,This is a bounded computational sample. It does not prove the full unit group or any infinite mathematical property.
313/81,3.86419753,,nonunit_in_sample,no,This is a bounded computational sample. It does not prove the full unit group or any infinite mathematical property.
314/81,3.87654321,,nonunit_in_sample,no,This is a bounded computational sample. It does not prove the full unit group or any infinite mathematical property.
314/243,1.29218107,,nonunit_in_sample,no,This is a bounded computational sample. It does not prove the full unit group or any infinite mathematical property.
316/81,3.90123457,,nonunit_in_sample,no,This is a bounded computational sample. It does not prove the full unit group or any infinite mathematical property.
316/243,1.30041152,,nonunit_in_sample,no,This is a bounded computational sample. It does not prove the full unit group or any infinite mathematical property.
317/81,3.91358025,,nonunit_in_sample,no,This is a bounded computational sample. It does not prove the full unit group or any infinite mathematical property.
319/81,3.93827160,,nonunit_in_sample,no,This is a bounded computational sample. It does not prove the full unit group or any infinite mathematical property.
320/81,3.95061728,,nonunit_in_sample,no,This is a bounded computational sample. It does not prove the full unit group or any infinite mathematical property.
320/243,1.31687243,,nonunit_in_sample,no,This is a bounded computational sample. It does not prove the full unit group or any infinite mathematical property.
322/81,3.97530864,,nonunit_in_sample,no,This is a bounded computational sample. It does not prove the full unit group or any infinite mathematical property.
322/243,1.32510288,,nonunit_in_sample,no,This is a bounded computational sample. It does not prove the full unit group or any infinite mathematical property.
323/81,3.98765432,,nonunit_in_sample,no,This is a bounded computational sample. It does not prove the full unit group or any infinite mathematical property.
323/243,1.32921811,,nonunit_in_sample,no,This is a bounded computational sample. It does not prove the full unit group or any infinite mathematical property.
325/81,4.01234568,,nonunit_in_sample,no,This is a bounded computational sample. It does not prove the full unit group or any infinite mathematical property.
326/81,4.02469136,,nonunit_in_sample,no,This is a bounded computational sample. It does not prove the full unit group or any infinite mathematical property.
328/81,4.04938272,,nonunit_in_sample,no,This is a bounded computational sample. It does not prove the full unit group or any infinite mathematical property.
328/243,1.34979424,,nonunit_in_sample,no,This is a bounded computational sample. It does not prove the full unit group or any infinite mathematical property.
329/81,4.06172840,,nonunit_in_sample,no,This is a bounded computational sample. It does not prove the full unit group or any infinite mathematical property.
331/81,4.08641975,,nonunit_in_sample,no,This is a bounded computational sample. It does not prove the full unit group or any infinite mathematical property.
332/81,4.09876543,,nonunit_in_sample,no,This is a bounded computational sample. It does not prove the full unit group or any infinite mathematical property.
332/243,1.36625514,,nonunit_in_sample,no,This is a bounded computational sample. It does not prove the full unit group or any infinite mathematical property.
334/81,4.12345679,,nonunit_in_sample,no,This is a bounded computational sample. It does not prove the full unit group or any infinite mathematical property.
334/243,1.37448560,,nonunit_in_sample,no,This is a bounded computational sample. It does not prove the full unit group or any infinite mathematical property.
335/81,4.13580247,,nonunit_in_sample,no,This is a bounded computational sample. It does not prove the full unit group or any infinite mathematical property.
337/81,4.16049383,,nonunit_in_sample,no,This is a bounded computational sample. It does not prove the full unit group or any infinite mathematical property.
338/81,4.17283951,,nonunit_in_sample,no,This is a bounded computational sample. It does not prove the full unit group or any infinite mathematical property.
338/243,1.39094650,,nonunit_in_sample,no,This is a bounded computational sample. It does not prove the full unit group or any infinite mathematical property.
340/81,4.19753086,,nonunit_in_sample,no,This is a bounded computational sample. It does not prove the full unit group or any infinite mathematical property.
340/243,1.39917695,,nonunit_in_sample,no,This is a bounded computational sample. It does not prove the full unit group or any infinite mathematical property.
341/81,4.20987654,,nonunit_in_sample,no,This is a bounded computational sample. It does not prove the full unit group or any infinite mathematical property.
343/81,4.23456790,,nonunit_in_sample,no,This is a bounded computational sample. It does not prove the full unit group or any infinite mathematical property.
344/81,4.24691358,,nonunit_in_sample,no,This is a bounded computational sample. It does not prove the full unit group or any infinite mathematical property.
344/243,1.41563786,,nonunit_in_sample,no,This is a bounded computational sample. It does not prove the full unit group or any infinite mathematical property.
346/81,4.27160494,,nonunit_in_sample,no,This is a bounded computational sample. It does not prove the full unit group or any infinite mathematical property.
346/243,1.42386831,,nonunit_in_sample,no,This is a bounded computational sample. It does not prove the full unit group or any infinite mathematical property.
347/81,4.28395062,,nonunit_in_sample,no,This is a bounded computational sample. It does not prove the full unit group or any infinite mathematical property.
347/243,1.42798354,,nonunit_in_sample,no,This is a bounded computational sample. It does not prove the full unit group or any infinite mathematical property.
349/81,4.30864198,,nonunit_in_sample,no,This is a bounded computational sample. It does not prove the full unit group or any infinite mathematical property.
350/81,4.32098765,,nonunit_in_sample,no,This is a bounded computational sample. It does not prove the full unit group or any infinite mathematical property.
350/243,1.44032922,,nonunit_in_sample,no,This is a bounded computational sample. It does not prove the full unit group or any infinite mathematical property.
352/81,4.34567901,,nonunit_in_sample,no,This is a bounded computational sample. It does not prove the full unit group or any infinite mathematical property.
352/243,1.44855967,,nonunit_in_sample,no,This is a bounded computational sample. It does not prove the full unit group or any infinite mathematical property.
353/81,4.35802469,,nonunit_in_sample,no,This is a bounded computational sample. It does not prove the full unit group or any infinite mathematical property.
355/81,4.38271605,,nonunit_in_sample,no,This is a bounded computational sample. It does not prove the full unit group or any infinite mathematical property.
355/243,1.46090535,,nonunit_in_sample,no,This is a bounded computational sample. It does not prove the full unit group or any infinite mathematical property.
356/81,4.39506173,,nonunit_in_sample,no,This is a bounded computational sample. It does not prove the full unit group or any infinite mathematical property.
356/243,1.46502058,,nonunit_in_sample,no,This is a bounded computational sample. It does not prove the full unit group or any infinite mathematical property.
358/81,4.41975309,,nonunit_in_sample,no,This is a bounded computational sample. It does not prove the full unit group or any infinite mathematical property.
359/81,4.43209877,,nonunit_in_sample,no,This is a bounded computational sample. It does not prove the full unit group or any infinite mathematical property.
361/81,4.45679012,,nonunit_in_sample,no,This is a bounded computational sample. It does not prove the full unit group or any infinite mathematical property.
362/81,4.46913580,,nonunit_in_sample,no,This is a bounded computational sample. It does not prove the full unit group or any infinite mathematical property.
362/243,1.48971193,,nonunit_in_sample,no,This is a bounded computational sample. It does not prove the full unit group or any infinite mathematical property.
364/81,4.49382716,,nonunit_in_sample,no,This is a bounded computational sample. It does not prove the full unit group or any infinite mathematical property.
364/243,1.49794239,,nonunit_in_sample,no,This is a bounded computational sample. It does not prove the full unit group or any infinite mathematical property.
365/81,4.50617284,,nonunit_in_sample,no,This is a bounded computational sample. It does not prove the full unit group or any infinite mathematical property.
367/81,4.53086420,,nonunit_in_sample,no,This is a bounded computational sample. It does not prove the full unit group or any infinite mathematical property.
368/81,4.54320988,,nonunit_in_sample,no,This is a bounded computational sample. It does not prove the full unit group or any infinite mathematical property.
368/243,1.51440329,,nonunit_in_sample,no,This is a bounded computational sample. It does not prove the full unit group or any infinite mathematical property.
370/81,4.56790123,,nonunit_in_sample,no,This is a bounded computational sample. It does not prove the full unit group or any infinite mathematical property.
370/243,1.52263374,,nonunit_in_sample,no,This is a bounded computational sample. It does not prove the full unit group or any infinite mathematical property.
371/81,4.58024691,,nonunit_in_sample,no,This is a bounded computational sample. It does not prove the full unit group or any infinite mathematical property.
371/243,1.52674897,,nonunit_in_sample,no,This is a bounded computational sample. It does not prove the full unit group or any infinite mathematical property.
373/81,4.60493827,,nonunit_in_sample,no,This is a bounded computational sample. It does not prove the full unit group or any infinite mathematical property.
374/81,4.61728395,,nonunit_in_sample,no,This is a bounded computational sample. It does not prove the full unit group or any infinite mathematical property.
374/243,1.53909465,,nonunit_in_sample,no,This is a bounded computational sample. It does not prove the full unit group or any infinite mathematical property.
376/81,4.64197531,,nonunit_in_sample,no,This is a bounded computational sample. It does not prove the full unit group or any infinite mathematical property.
376/243,1.54732510,,nonunit_in_sample,no,This is a bounded computational sample. It does not prove the full unit group or any infinite mathematical property.
377/81,4.65432099,,nonunit_in_sample,no,This is a bounded computational sample. It does not prove the full unit group or any infinite mathematical property.
379/81,4.67901235,,nonunit_in_sample,no,This is a bounded computational sample. It does not prove the full unit group or any infinite mathematical property.
379/243,1.55967078,,nonunit_in_sample,no,This is a bounded computational sample. It does not prove the full unit group or any infinite mathematical property.
380/81,4.69135802,,nonunit_in_sample,no,This is a bounded computational sample. It does not prove the full unit group or any infinite mathematical property.
380/243,1.56378601,,nonunit_in_sample,no,This is a bounded computational sample. It does not prove the full unit group or any infinite mathematical property.
382/81,4.71604938,,nonunit_in_sample,no,This is a bounded computational sample. It does not prove the full unit group or any infinite mathematical property.
382/243,1.57201646,,nonunit_in_sample,no,This is a bounded computational sample. It does not prove the full unit group or any infinite mathematical property.
383/81,4.72839506,,nonunit_in_sample,no,This is a bounded computational sample. It does not prove the full unit group or any infinite mathematical property.
383/243,1.57613169,,nonunit_in_sample,no,This is a bounded computational sample. It does not prove the full unit group or any infinite mathematical property.
385/81,4.75308642,,nonunit_in_sample,no,This is a bounded computational sample. It does not prove the full unit group or any infinite mathematical property.
386/81,4.76543210,,nonunit_in_sample,no,This is a bounded computational sample. It does not prove the full unit group or any infinite mathematical property.
386/243,1.58847737,,nonunit_in_sample,no,This is a bounded computational sample. It does not prove the full unit group or any infinite mathematical property.
388/81,4.79012346,,nonunit_in_sample,no,This is a bounded computational sample. It does not prove the full unit group or any infinite mathematical property.
388/243,1.59670782,,nonunit_in_sample,no,This is a bounded computational sample. It does not prove the full unit group or any infinite mathematical property.
389/81,4.80246914,,nonunit_in_sample,no,This is a bounded computational sample. It does not prove the full unit group or any infinite mathematical property.
391/81,4.82716049,,nonunit_in_sample,no,This is a bounded computational sample. It does not prove the full unit group or any infinite mathematical property.
392/81,4.83950617,,nonunit_in_sample,no,This is a bounded computational sample. It does not prove the full unit group or any infinite mathematical property.
392/243,1.61316872,,nonunit_in_sample,no,This is a bounded computational sample. It does not prove the full unit group or any infinite mathematical property.
394/81,4.86419753,,nonunit_in_sample,no,This is a bounded computational sample. It does not prove the full unit group or any infinite mathematical property.
394/243,1.62139918,,nonunit_in_sample,no,This is a bounded computational sample. It does not prove the full unit group or any infinite mathematical property.
395/81,4.87654321,,nonunit_in_sample,no,This is a bounded computational sample. It does not prove the full unit group or any infinite mathematical property.
395/243,1.62551440,,nonunit_in_sample,no,This is a bounded computational sample. It does not prove the full unit group or any infinite mathematical property.
397/81,4.90123457,,nonunit_in_sample,no,This is a bounded computational sample. It does not prove the full unit group or any infinite mathematical property.
398/81,4.91358025,,nonunit_in_sample,no,This is a bounded computational sample. It does not prove the full unit group or any infinite mathematical property.
398/243,1.63786008,,nonunit_in_sample,no,This is a bounded computational sample. It does not prove the full unit group or any infinite mathematical property.
400/81,4.93827160,,nonunit_in_sample,no,This is a bounded computational sample. It does not prove the full unit group or any infinite mathematical property.
400/243,1.64609053,,nonunit_in_sample,no,This is a bounded computational sample. It does not prove the full unit group or any infinite mathematical property.
401/81,4.95061728,,nonunit_in_sample,no,This is a bounded computational sample. It does not prove the full unit group or any infinite mathematical property.
403/81,4.97530864,,nonunit_in_sample,no,This is a bounded computational sample. It does not prove the full unit group or any infinite mathematical property.
403/243,1.65843621,,nonunit_in_sample,no,This is a bounded computational sample. It does not prove the full unit group or any infinite mathematical property.
404/81,4.98765432,,nonunit_in_sample,no,This is a bounded computational sample. It does not prove the full unit group or any infinite mathematical property.
404/243,1.66255144,,nonunit_in_sample,no,This is a bounded computational sample. It does not prove the full unit group or any infinite mathematical property.
406/81,5.01234568,,nonunit_in_sample,no,This is a bounded computational sample. It does not prove the full unit group or any infinite mathematical property.
406/243,1.67078189,,nonunit_in_sample,no,This is a bounded computational sample. It does not prove the full unit group or any infinite mathematical property.
407/81,5.02469136,,nonunit_in_sample,no,This is a bounded computational sample. It does not prove the full unit group or any infinite mathematical property.
409/81,5.04938272,,nonunit_in_sample,no,This is a bounded computational sample. It does not prove the full unit group or any infinite mathematical property.
410/81,5.06172840,,nonunit_in_sample,no,This is a bounded computational sample. It does not prove the full unit group or any infinite mathematical property.
410/243,1.68724280,,nonunit_in_sample,no,This is a bounded computational sample. It does not prove the full unit group or any infinite mathematical property.
412/81,5.08641975,,nonunit_in_sample,no,This is a bounded computational sample. It does not prove the full unit group or any infinite mathematical property.
412/243,1.69547325,,nonunit_in_sample,no,This is a bounded computational sample. It does not prove the full unit group or any infinite mathematical property.
413/81,5.09876543,,nonunit_in_sample,no,This is a bounded computational sample. It does not prove the full unit group or any infinite mathematical property.
415/81,5.12345679,,nonunit_in_sample,no,This is a bounded computational sample. It does not prove the full unit group or any infinite mathematical property.
415/243,1.70781893,,nonunit_in_sample,no,This is a bounded computational sample. It does not prove the full unit group or any infinite mathematical property.
416/81,5.13580247,,nonunit_in_sample,no,This is a bounded computational sample. It does not prove the full unit group or any infinite mathematical property.
416/243,1.71193416,,nonunit_in_sample,no,This is a bounded computational sample. It does not prove the full unit group or any infinite mathematical property.
418/81,5.16049383,,nonunit_in_sample,no,This is a bounded computational sample. It does not prove the full unit group or any infinite mathematical property.
418/243,1.72016461,,nonunit_in_sample,no,This is a bounded computational sample. It does not prove the full unit group or any infinite mathematical property.
419/81,5.17283951,,nonunit_in_sample,no,This is a bounded computational sample. It does not prove the full unit group or any infinite mathematical property.
419/243,1.72427984,,nonunit_in_sample,no,This is a bounded computational sample. It does not prove the full unit group or any infinite mathematical property.
421/81,5.19753086,,nonunit_in_sample,no,This is a bounded computational sample. It does not prove the full unit group or any infinite mathematical property.
422/81,5.20987654,,nonunit_in_sample,no,This is a bounded computational sample. It does not prove the full unit group or any infinite mathematical property.
422/243,1.73662551,,nonunit_in_sample,no,This is a bounded computational sample. It does not prove the full unit group or any infinite mathematical property.
424/81,5.23456790,,nonunit_in_sample,no,This is a bounded computational sample. It does not prove the full unit group or any infinite mathematical property.
424/243,1.74485597,,nonunit_in_sample,no,This is a bounded computational sample. It does not prove the full unit group or any infinite mathematical property.
425/81,5.24691358,,nonunit_in_sample,no,This is a bounded computational sample. It does not prove the full unit group or any infinite mathematical property.
427/81,5.27160494,,nonunit_in_sample,no,This is a bounded computational sample. It does not prove the full unit group or any infinite mathematical property.
427/243,1.75720165,,nonunit_in_sample,no,This is a bounded computational sample. It does not prove the full unit group or any infinite mathematical property.
428/81,5.28395062,,nonunit_in_sample,no,This is a bounded computational sample. It does not prove the full unit group or any infinite mathematical property.
428/243,1.76131687,,nonunit_in_sample,no,This is a bounded computational sample. It does not prove the full unit group or any infinite mathematical property.
430/81,5.30864198,,nonunit_in_sample,no,This is a bounded computational sample. It does not prove the full unit group or any infinite mathematical property.
430/243,1.76954733,,nonunit_in_sample,no,This is a bounded computational sample. It does not prove the full unit group or any infinite mathematical property.
431/81,5.32098765,,nonunit_in_sample,no,This is a bounded computational sample. It does not prove the full unit group or any infinite mathematical property.
431/243,1.77366255,,nonunit_in_sample,no,This is a bounded computational sample. It does not prove the full unit group or any infinite mathematical property.
433/81,5.34567901,,nonunit_in_sample,no,This is a bounded computational sample. It does not prove the full unit group or any infinite mathematical property.
434/81,5.35802469,,nonunit_in_sample,no,This is a bounded computational sample. It does not prove the full unit group or any infinite mathematical property.
434/243,1.78600823,,nonunit_in_sample,no,This is a bounded computational sample. It does not prove the full unit group or any infinite mathematical property.
436/81,5.38271605,,nonunit_in_sample,no,This is a bounded computational sample. It does not prove the full unit group or any infinite mathematical property.
436/243,1.79423868,,nonunit_in_sample,no,This is a bounded computational sample. It does not prove the full unit group or any infinite mathematical property.
437/81,5.39506173,,nonunit_in_sample,no,This is a bounded computational sample. It does not prove the full unit group or any infinite mathematical property.
437/243,1.79835391,,nonunit_in_sample,no,This is a bounded computational sample. It does not prove the full unit group or any infinite mathematical property.
439/81,5.41975309,,nonunit_in_sample,no,This is a bounded computational sample. It does not prove the full unit group or any infinite mathematical property.
440/81,5.43209877,,nonunit_in_sample,no,This is a bounded computational sample. It does not prove the full unit group or any infinite mathematical property.
440/243,1.81069959,,nonunit_in_sample,no,This is a bounded computational sample. It does not prove the full unit group or any infinite mathematical property.
442/81,5.45679012,,nonunit_in_sample,no,This is a bounded computational sample. It does not prove the full unit group or any infinite mathematical property.
442/243,1.81893004,,nonunit_in_sample,no,This is a bounded computational sample. It does not prove the full unit group or any infinite mathematical property.
443/81,5.46913580,,nonunit_in_sample,no,This is a bounded computational sample. It does not prove the full unit group or any infinite mathematical property.
443/243,1.82304527,,nonunit_in_sample,no,This is a bounded computational sample. It does not prove the full unit group or any infinite mathematical property.
445/81,5.49382716,,nonunit_in_sample,no,This is a bounded computational sample. It does not prove the full unit group or any infinite mathematical property.
446/81,5.50617284,,nonunit_in_sample,no,This is a bounded computational sample. It does not prove the full unit group or any infinite mathematical property.
446/243,1.83539095,,nonunit_in_sample,no,This is a bounded computational sample. It does not prove the full unit group or any infinite mathematical property.
448/81,5.53086420,,nonunit_in_sample,no,This is a bounded computational sample. It does not prove the full unit group or any infinite mathematical property.
448/243,1.84362140,,nonunit_in_sample,no,This is a bounded computational sample. It does not prove the full unit group or any infinite mathematical property.
449/81,5.54320988,,nonunit_in_sample,no,This is a bounded computational sample. It does not prove the full unit group or any infinite mathematical property.
451/81,5.56790123,,nonunit_in_sample,no,This is a bounded computational sample. It does not prove the full unit group or any infinite mathematical property.
451/243,1.85596708,,nonunit_in_sample,no,This is a bounded computational sample. It does not prove the full unit group or any infinite mathematical property.
452/81,5.58024691,,nonunit_in_sample,no,This is a bounded computational sample. It does not prove the full unit group or any infinite mathematical property.
452/243,1.86008230,,nonunit_in_sample,no,This is a bounded computational sample. It does not prove the full unit group or any infinite mathematical property.
454/81,5.60493827,,nonunit_in_sample,no,This is a bounded computational sample. It does not prove the full unit group or any infinite mathematical property.
454/243,1.86831276,,nonunit_in_sample,no,This is a bounded computational sample. It does not prove the full unit group or any infinite mathematical property.
455/81,5.61728395,,nonunit_in_sample,no,This is a bounded computational sample. It does not prove the full unit group or any infinite mathematical property.
455/243,1.87242798,,nonunit_in_sample,no,This is a bounded computational sample. It does not prove the full unit group or any infinite mathematical property.
457/81,5.64197531,,nonunit_in_sample,no,This is a bounded computational sample. It does not prove the full unit group or any infinite mathematical property.
458/81,5.65432099,,nonunit_in_sample,no,This is a bounded computational sample. It does not prove the full unit group or any infinite mathematical property.
458/243,1.88477366,,nonunit_in_sample,no,This is a bounded computational sample. It does not prove the full unit group or any infinite mathematical property.
460/81,5.67901235,,nonunit_in_sample,no,This is a bounded computational sample. It does not prove the full unit group or any infinite mathematical property.
460/243,1.89300412,,nonunit_in_sample,no,This is a bounded computational sample. It does not prove the full unit group or any infinite mathematical property.
461/81,5.69135802,,nonunit_in_sample,no,This is a bounded computational sample. It does not prove the full unit group or any infinite mathematical property.
463/81,5.71604938,,nonunit_in_sample,no,This is a bounded computational sample. It does not prove the full unit group or any infinite mathematical property.
463/243,1.90534979,,nonunit_in_sample,no,This is a bounded computational sample. It does not prove the full unit group or any infinite mathematical property.
464/81,5.72839506,,nonunit_in_sample,no,This is a bounded computational sample. It does not prove the full unit group or any infinite mathematical property.
464/243,1.90946502,,nonunit_in_sample,no,This is a bounded computational sample. It does not prove the full unit group or any infinite mathematical property.
466/81,5.75308642,,nonunit_in_sample,no,This is a bounded computational sample. It does not prove the full unit group or any infinite mathematical property.
466/243,1.91769547,,nonunit_in_sample,no,This is a bounded computational sample. It does not prove the full unit group or any infinite mathematical property.
467/81,5.76543210,,nonunit_in_sample,no,This is a bounded computational sample. It does not prove the full unit group or any infinite mathematical property.
467/243,1.92181070,,nonunit_in_sample,no,This is a bounded computational sample. It does not prove the full unit group or any infinite mathematical property.
469/81,5.79012346,,nonunit_in_sample,no,This is a bounded computational sample. It does not prove the full unit group or any infinite mathematical property.
469/243,1.93004115,,nonunit_in_sample,no,This is a bounded computational sample. It does not prove the full unit group or any infinite mathematical property.
470/81,5.80246914,,nonunit_in_sample,no,This is a bounded computational sample. It does not prove the full unit group or any infinite mathematical property.
470/243,1.93415638,,nonunit_in_sample,no,This is a bounded computational sample. It does not prove the full unit group or any infinite mathematical property.
472/81,5.82716049,,nonunit_in_sample,no,This is a bounded computational sample. It does not prove the full unit group or any infinite mathematical property.
472/243,1.94238683,,nonunit_in_sample,no,This is a bounded computational sample. It does not prove the full unit group or any infinite mathematical property.
473/81,5.83950617,,nonunit_in_sample,no,This is a bounded computational sample. It does not prove the full unit group or any infinite mathematical property.
475/81,5.86419753,,nonunit_in_sample,no,This is a bounded computational sample. It does not prove the full unit group or any infinite mathematical property.
475/243,1.95473251,,nonunit_in_sample,no,This is a bounded computational sample. It does not prove the full unit group or any infinite mathematical property.
476/81,5.87654321,,nonunit_in_sample,no,This is a bounded computational sample. It does not prove the full unit group or any infinite mathematical property.
476/243,1.95884774,,nonunit_in_sample,no,This is a bounded computational sample. It does not prove the full unit group or any infinite mathematical property.
478/81,5.90123457,,nonunit_in_sample,no,This is a bounded computational sample. It does not prove the full unit group or any infinite mathematical property.
478/243,1.96707819,,nonunit_in_sample,no,This is a bounded computational sample. It does not prove the full unit group or any infinite mathematical property.
479/81,5.91358025,,nonunit_in_sample,no,This is a bounded computational sample. It does not prove the full unit group or any infinite mathematical property.
479/243,1.97119342,,nonunit_in_sample,no,This is a bounded computational sample. It does not prove the full unit group or any infinite mathematical property.
481/81,5.93827160,,nonunit_in_sample,no,This is a bounded computational sample. It does not prove the full unit group or any infinite mathematical property.
482/81,5.95061728,,nonunit_in_sample,no,This is a bounded computational sample. It does not prove the full unit group or any infinite mathematical property.
482/243,1.98353909,,nonunit_in_sample,no,This is a bounded computational sample. It does not prove the full unit group or any infinite mathematical property.
484/81,5.97530864,,nonunit_in_sample,no,This is a bounded computational sample. It does not prove the full unit group or any infinite mathematical property.
484/243,1.99176955,,nonunit_in_sample,no,This is a bounded computational sample. It does not prove the full unit group or any infinite mathematical property.
485/81,5.98765432,,nonunit_in_sample,no,This is a bounded computational sample. It does not prove the full unit group or any infinite mathematical property.
485/243,1.99588477,,nonunit_in_sample,no,This is a bounded computational sample. It does not prove the full unit group or any infinite mathematical property.
487/81,6.01234568,,nonunit_in_sample,no,This is a bounded computational sample. It does not prove the full unit group or any infinite mathematical property.
487/243,2.00411523,,nonunit_in_sample,no,This is a bounded computational sample. It does not prove the full unit group or any infinite mathematical property.
488/81,6.02469136,,nonunit_in_sample,no,This is a bounded computational sample. It does not prove the full unit group or any infinite mathematical property.
488/243,2.00823045,,nonunit_in_sample,no,This is a bounded computational sample. It does not prove the full unit group or any infinite mathematical property.
490/81,6.04938272,,nonunit_in_sample,no,This is a bounded computational sample. It does not prove the full unit group or any infinite mathematical property.
490/243,2.01646091,,nonunit_in_sample,no,This is a bounded computational sample. It does not prove the full unit group or any infinite mathematical property.
491/81,6.06172840,,nonunit_in_sample,no,This is a bounded computational sample. It does not prove the full unit group or any infinite mathematical property.
491/243,2.02057613,,nonunit_in_sample,no,This is a bounded computational sample. It does not prove the full unit group or any infinite mathematical property.
493/81,6.08641975,,nonunit_in_sample,no,This is a bounded computational sample. It does not prove the full unit group or any infinite mathematical property.
494/81,6.09876543,,nonunit_in_sample,no,This is a bounded computational sample. It does not prove the full unit group or any infinite mathematical property.
494/243,2.03292181,,nonunit_in_sample,no,This is a bounded computational sample. It does not prove the full unit group or any infinite mathematical property.
496/81,6.12345679,,nonunit_in_sample,no,This is a bounded computational sample. It does not prove the full unit group or any infinite mathematical property.
496/243,2.04115226,,nonunit_in_sample,no,This is a bounded computational sample. It does not prove the full unit group or any infinite mathematical property.
497/81,6.13580247,,nonunit_in_sample,no,This is a bounded computational sample. It does not prove the full unit group or any infinite mathematical property.
499/81,6.16049383,,nonunit_in_sample,no,This is a bounded computational sample. It does not prove the full unit group or any infinite mathematical property.
499/243,2.05349794,,nonunit_in_sample,no,This is a bounded computational sample. It does not prove the full unit group or any infinite mathematical property.
500/81,6.17283951,,nonunit_in_sample,no,This is a bounded computational sample. It does not prove the full unit group or any infinite mathematical property.
500/243,2.05761317,,nonunit_in_sample,no,This is a bounded computational sample. It does not prove the full unit group or any infinite mathematical property.
502/243,2.06584362,,nonunit_in_sample,no,This is a bounded computational sample. It does not prove the full unit group or any infinite mathematical property.
503/81,6.20987654,,nonunit_in_sample,no,This is a bounded computational sample. It does not prove the full unit group or any infinite mathematical property.
503/243,2.06995885,,nonunit_in_sample,no,This is a bounded computational sample. It does not prove the full unit group or any infinite mathematical property.
505/81,6.23456790,,nonunit_in_sample,no,This is a bounded computational sample. It does not prove the full unit group or any infinite mathematical property.
506/81,6.24691358,,nonunit_in_sample,no,This is a bounded computational sample. It does not prove the full unit group or any infinite mathematical property.
506/243,2.08230453,,nonunit_in_sample,no,This is a bounded computational sample. It does not prove the full unit group or any infinite mathematical property.
508/81,6.27160494,,nonunit_in_sample,no,This is a bounded computational sample. It does not prove the full unit group or any infinite mathematical property.
508/243,2.09053498,,nonunit_in_sample,no,This is a bounded computational sample. It does not prove the full unit group or any infinite mathematical property.
509/81,6.28395062,,nonunit_in_sample,no,This is a bounded computational sample. It does not prove the full unit group or any infinite mathematical property.
509/243,2.09465021,,nonunit_in_sample,no,This is a bounded computational sample. It does not prove the full unit group or any infinite mathematical property.
511/81,6.30864198,,nonunit_in_sample,no,This is a bounded computational sample. It does not prove the full unit group or any infinite mathematical property.
511/243,2.10288066,,nonunit_in_sample,no,This is a bounded computational sample. It does not prove the full unit group or any infinite mathematical property.
512/81,6.32098765,,nonunit_in_sample,no,This is a bounded computational sample. It does not prove the full unit group or any infinite mathematical property.
512/243,2.10699588,,nonunit_in_sample,no,This is a bounded computational sample. It does not prove the full unit group or any infinite mathematical property.
514/81,6.34567901,,nonunit_in_sample,no,This is a bounded computational sample. It does not prove the full unit group or any infinite mathematical property.
514/243,2.11522634,,nonunit_in_sample,no,This is a bounded computational sample. It does not prove the full unit group or any infinite mathematical property.
515/81,6.35802469,,nonunit_in_sample,no,This is a bounded computational sample. It does not prove the full unit group or any infinite mathematical property.
515/243,2.11934156,,nonunit_in_sample,no,This is a bounded computational sample. It does not prove the full unit group or any infinite mathematical property.
517/81,6.38271605,,nonunit_in_sample,no,This is a bounded computational sample. It does not prove the full unit group or any infinite mathematical property.
517/243,2.12757202,,nonunit_in_sample,no,This is a bounded computational sample. It does not prove the full unit group or any infinite mathematical property.
518/243,2.13168724,,nonunit_in_sample,no,This is a bounded computational sample. It does not prove the full unit group or any infinite mathematical property.
520/81,6.41975309,,nonunit_in_sample,no,This is a bounded computational sample. It does not prove the full unit group or any infinite mathematical property.
520/243,2.13991770,,nonunit_in_sample,no,This is a bounded computational sample. It does not prove the full unit group or any infinite mathematical property.
521/81,6.43209877,,nonunit_in_sample,no,This is a bounded computational sample. It does not prove the full unit group or any infinite mathematical property.
523/81,6.45679012,,nonunit_in_sample,no,This is a bounded computational sample. It does not prove the full unit group or any infinite mathematical property.
523/243,2.15226337,,nonunit_in_sample,no,This is a bounded computational sample. It does not prove the full unit group or any infinite mathematical property.
524/81,6.46913580,,nonunit_in_sample,no,This is a bounded computational sample. It does not prove the full unit group or any infinite mathematical property.
524/243,2.15637860,,nonunit_in_sample,no,This is a bounded computational sample. It does not prove the full unit group or any infinite mathematical property.
526/243,2.16460905,,nonunit_in_sample,no,This is a bounded computational sample. It does not prove the full unit group or any infinite mathematical property.
527/81,6.50617284,,nonunit_in_sample,no,This is a bounded computational sample. It does not prove the full unit group or any infinite mathematical property.
527/243,2.16872428,,nonunit_in_sample,no,This is a bounded computational sample. It does not prove the full unit group or any infinite mathematical property.
529/81,6.53086420,,nonunit_in_sample,no,This is a bounded computational sample. It does not prove the full unit group or any infinite mathematical property.
530/81,6.54320988,,nonunit_in_sample,no,This is a bounded computational sample. It does not prove the full unit group or any infinite mathematical property.
530/243,2.18106996,,nonunit_in_sample,no,This is a bounded computational sample. It does not prove the full unit group or any infinite mathematical property.
532/81,6.56790123,,nonunit_in_sample,no,This is a bounded computational sample. It does not prove the full unit group or any infinite mathematical property.
532/243,2.18930041,,nonunit_in_sample,no,This is a bounded computational sample. It does not prove the full unit group or any infinite mathematical property.
533/81,6.58024691,,nonunit_in_sample,no,This is a bounded computational sample. It does not prove the full unit group or any infinite mathematical property.
533/243,2.19341564,,nonunit_in_sample,no,This is a bounded computational sample. It does not prove the full unit group or any infinite mathematical property.
535/81,6.60493827,,nonunit_in_sample,no,This is a bounded computational sample. It does not prove the full unit group or any infinite mathematical property.
535/243,2.20164609,,nonunit_in_sample,no,This is a bounded computational sample. It does not prove the full unit group or any infinite mathematical property.
536/81,6.61728395,,nonunit_in_sample,no,This is a bounded computational sample. It does not prove the full unit group or any infinite mathematical property.
536/243,2.20576132,,nonunit_in_sample,no,This is a bounded computational sample. It does not prove the full unit group or any infinite mathematical property.
538/243,2.21399177,,nonunit_in_sample,no,This is a bounded computational sample. It does not prove the full unit group or any infinite mathematical property.
539/81,6.65432099,,nonunit_in_sample,no,This is a bounded computational sample. It does not prove the full unit group or any infinite mathematical property.
539/243,2.21810700,,nonunit_in_sample,no,This is a bounded computational sample. It does not prove the full unit group or any infinite mathematical property.
541/81,6.67901235,,nonunit_in_sample,no,This is a bounded computational sample. It does not prove the full unit group or any infinite mathematical property.
541/243,2.22633745,,nonunit_in_sample,no,This is a bounded computational sample. It does not prove the full unit group or any infinite mathematical property.
542/243,2.23045267,,nonunit_in_sample,no,This is a bounded computational sample. It does not prove the full unit group or any infinite mathematical property.
544/81,6.71604938,,nonunit_in_sample,no,This is a bounded computational sample. It does not prove the full unit group or any infinite mathematical property.
544/243,2.23868313,,nonunit_in_sample,no,This is a bounded computational sample. It does not prove the full unit group or any infinite mathematical property.
545/81,6.72839506,,nonunit_in_sample,no,This is a bounded computational sample. It does not prove the full unit group or any infinite mathematical property.
545/243,2.24279835,,nonunit_in_sample,no,This is a bounded computational sample. It does not prove the full unit group or any infinite mathematical property.
547/81,6.75308642,,nonunit_in_sample,no,This is a bounded computational sample. It does not prove the full unit group or any infinite mathematical property.
547/243,2.25102881,,nonunit_in_sample,no,This is a bounded computational sample. It does not prove the full unit group or any infinite mathematical property.
548/81,6.76543210,,nonunit_in_sample,no,This is a bounded computational sample. It does not prove the full unit group or any infinite mathematical property.
548/243,2.25514403,,nonunit_in_sample,no,This is a bounded computational sample. It does not prove the full unit group or any infinite mathematical property.
550/243,2.26337449,,nonunit_in_sample,no,This is a bounded computational sample. It does not prove the full unit group or any infinite mathematical property.
551/81,6.80246914,,nonunit_in_sample,no,This is a bounded computational sample. It does not prove the full unit group or any infinite mathematical property.
551/243,2.26748971,,nonunit_in_sample,no,This is a bounded computational sample. It does not prove the full unit group or any infinite mathematical property.
553/81,6.82716049,,nonunit_in_sample,no,This is a bounded computational sample. It does not prove the full unit group or any infinite mathematical property.
554/243,2.27983539,,nonunit_in_sample,no,This is a bounded computational sample. It does not prove the full unit group or any infinite mathematical property.
556/243,2.28806584,,nonunit_in_sample,no,This is a bounded computational sample. It does not prove the full unit group or any infinite mathematical property.
557/81,6.87654321,,nonunit_in_sample,no,This is a bounded computational sample. It does not prove the full unit group or any infinite mathematical property.
557/243,2.29218107,,nonunit_in_sample,no,This is a bounded computational sample. It does not prove the full unit group or any infinite mathematical property.
559/81,6.90123457,,nonunit_in_sample,no,This is a bounded computational sample. It does not prove the full unit group or any infinite mathematical property.
559/243,2.30041152,,nonunit_in_sample,no,This is a bounded computational sample. It does not prove the full unit group or any infinite mathematical property.
560/81,6.91358025,,nonunit_in_sample,no,This is a bounded computational sample. It does not prove the full unit group or any infinite mathematical property.
560/243,2.30452675,,nonunit_in_sample,no,This is a bounded computational sample. It does not prove the full unit group or any infinite mathematical property.
562/243,2.31275720,,nonunit_in_sample,no,This is a bounded computational sample. It does not prove the full unit group or any infinite mathematical property.
563/81,6.95061728,,nonunit_in_sample,no,This is a bounded computational sample. It does not prove the full unit group or any infinite mathematical property.
563/243,2.31687243,,nonunit_in_sample,no,This is a bounded computational sample. It does not prove the full unit group or any infinite mathematical property.
565/81,6.97530864,,nonunit_in_sample,no,This is a bounded computational sample. It does not prove the full unit group or any infinite mathematical property.
565/243,2.32510288,,nonunit_in_sample,no,This is a bounded computational sample. It does not prove the full unit group or any infinite mathematical property.
566/243,2.32921811,,nonunit_in_sample,no,This is a bounded computational sample. It does not prove the full unit group or any infinite mathematical property.
568/81,7.01234568,,nonunit_in_sample,no,This is a bounded computational sample. It does not prove the full unit group or any infinite mathematical property.
568/243,2.33744856,,nonunit_in_sample,no,This is a bounded computational sample. It does not prove the full unit group or any infinite mathematical property.
569/81,7.02469136,,nonunit_in_sample,no,This is a bounded computational sample. It does not prove the full unit group or any infinite mathematical property.
571/81,7.04938272,,nonunit_in_sample,no,This is a bounded computational sample. It does not prove the full unit group or any infinite mathematical property.
571/243,2.34979424,,nonunit_in_sample,no,This is a bounded computational sample. It does not prove the full unit group or any infinite mathematical property.
572/243,2.35390947,,nonunit_in_sample,no,This is a bounded computational sample. It does not prove the full unit group or any infinite mathematical property.
574/243,2.36213992,,nonunit_in_sample,no,This is a bounded computational sample. It does not prove the full unit group or any infinite mathematical property.
575/81,7.09876543,,nonunit_in_sample,no,This is a bounded computational sample. It does not prove the full unit group or any infinite mathematical property.
575/243,2.36625514,,nonunit_in_sample,no,This is a bounded computational sample. It does not prove the full unit group or any infinite mathematical property.
577/81,7.12345679,,nonunit_in_sample,no,This is a bounded computational sample. It does not prove the full unit group or any infinite mathematical property.
577/243,2.37448560,,nonunit_in_sample,no,This is a bounded computational sample. It does not prove the full unit group or any infinite mathematical property.
578/243,2.37860082,,nonunit_in_sample,no,This is a bounded computational sample. It does not prove the full unit group or any infinite mathematical property.
580/243,2.38683128,,nonunit_in_sample,no,This is a bounded computational sample. It does not prove the full unit group or any infinite mathematical property.
581/81,7.17283951,,nonunit_in_sample,no,This is a bounded computational sample. It does not prove the full unit group or any infinite mathematical property.
581/243,2.39094650,,nonunit_in_sample,no,This is a bounded computational sample. It does not prove the full unit group or any infinite mathematical property.
583/243,2.39917695,,nonunit_in_sample,no,This is a bounded computational sample. It does not prove the full unit group or any infinite mathematical property.
584/81,7.20987654,,nonunit_in_sample,no,This is a bounded computational sample. It does not prove the full unit group or any infinite mathematical property.
584/243,2.40329218,,nonunit_in_sample,no,This is a bounded computational sample. It does not prove the full unit group or any infinite mathematical property.
586/243,2.41152263,,nonunit_in_sample,no,This is a bounded computational sample. It does not prove the full unit group or any infinite mathematical property.
587/81,7.24691358,,nonunit_in_sample,no,This is a bounded computational sample. It does not prove the full unit group or any infinite mathematical property.
587/243,2.41563786,,nonunit_in_sample,no,This is a bounded computational sample. It does not prove the full unit group or any infinite mathematical property.
589/81,7.27160494,,nonunit_in_sample,no,This is a bounded computational sample. It does not prove the full unit group or any infinite mathematical property.
589/243,2.42386831,,nonunit_in_sample,no,This is a bounded computational sample. It does not prove the full unit group or any infinite mathematical property.
590/243,2.42798354,,nonunit_in_sample,no,This is a bounded computational sample. It does not prove the full unit group or any infinite mathematical property.
592/243,2.43621399,,nonunit_in_sample,no,This is a bounded computational sample. It does not prove the full unit group or any infinite mathematical property.
593/81,7.32098765,,nonunit_in_sample,no,This is a bounded computational sample. It does not prove the full unit group or any infinite mathematical property.
593/243,2.44032922,,nonunit_in_sample,no,This is a bounded computational sample. It does not prove the full unit group or any infinite mathematical property.
595/81,7.34567901,,nonunit_in_sample,no,This is a bounded computational sample. It does not prove the full unit group or any infinite mathematical property.
595/243,2.44855967,,nonunit_in_sample,no,This is a bounded computational sample. It does not prove the full unit group or any infinite mathematical property.
596/243,2.45267490,,nonunit_in_sample,no,This is a bounded computational sample. It does not prove the full unit group or any infinite mathematical property.
598/243,2.46090535,,nonunit_in_sample,no,This is a bounded computational sample. It does not prove the full unit group or any infinite mathematical property.
599/243,2.46502058,,nonunit_in_sample,no,This is a bounded computational sample. It does not prove the full unit group or any infinite mathematical property.
601/81,7.41975309,,nonunit_in_sample,no,This is a bounded computational sample. It does not prove the full unit group or any infinite mathematical property.
602/243,2.47736626,,nonunit_in_sample,no,This is a bounded computational sample. It does not prove the full unit group or any infinite mathematical property.
604/243,2.48559671,,nonunit_in_sample,no,This is a bounded computational sample. It does not prove the full unit group or any infinite mathematical property.
605/81,7.46913580,,nonunit_in_sample,no,This is a bounded computational sample. It does not prove the full unit group or any infinite mathematical property.
605/243,2.48971193,,nonunit_in_sample,no,This is a bounded computational sample. It does not prove the full unit group or any infinite mathematical property.
607/243,2.49794239,,nonunit_in_sample,no,This is a bounded computational sample. It does not prove the full unit group or any infinite mathematical property.
608/243,2.50205761,,nonunit_in_sample,no,This is a bounded computational sample. It does not prove the full unit group or any infinite mathematical property.
610/243,2.51028807,,nonunit_in_sample,no,This is a bounded computational sample. It does not prove the full unit group or any infinite mathematical property.
611/81,7.54320988,,nonunit_in_sample,no,This is a bounded computational sample. It does not prove the full unit group or any infinite mathematical property.
611/243,2.51440329,,nonunit_in_sample,no,This is a bounded computational sample. It does not prove the full unit group or any infinite mathematical property.
613/81,7.56790123,,nonunit_in_sample,no,This is a bounded computational sample. It does not prove the full unit group or any infinite mathematical property.
613/243,2.52263374,,nonunit_in_sample,no,This is a bounded computational sample. It does not prove the full unit group or any infinite mathematical property.
614/243,2.52674897,,nonunit_in_sample,no,This is a bounded computational sample. It does not prove the full unit group or any infinite mathematical property.
616/243,2.53497942,,nonunit_in_sample,no,This is a bounded computational sample. It does not prove the full unit group or any infinite mathematical property.
617/81,7.61728395,,nonunit_in_sample,no,This is a bounded computational sample. It does not prove the full unit group or any infinite mathematical property.
617/243,2.53909465,,nonunit_in_sample,no,This is a bounded computational sample. It does not prove the full unit group or any infinite mathematical property.
619/243,2.54732510,,nonunit_in_sample,no,This is a bounded computational sample. It does not prove the full unit group or any infinite mathematical property.
620/243,2.55144033,,nonunit_in_sample,no,This is a bounded computational sample. It does not prove the full unit group or any infinite mathematical property.
622/243,2.55967078,,nonunit_in_sample,no,This is a bounded computational sample. It does not prove the full unit group or any infinite mathematical property.
623/243,2.56378601,,nonunit_in_sample,no,This is a bounded computational sample. It does not prove the full unit group or any infinite mathematical property.
625/81,7.71604938,,nonunit_in_sample,no,This is a bounded computational sample. It does not prove the full unit group or any infinite mathematical property.
625/243,2.57201646,,nonunit_in_sample,no,This is a bounded computational sample. It does not prove the full unit group or any infinite mathematical property.
626/243,2.57613169,,nonunit_in_sample,no,This is a bounded computational sample. It does not prove the full unit group or any infinite mathematical property.
628/243,2.58436214,,nonunit_in_sample,no,This is a bounded computational sample. It does not prove the full unit group or any infinite mathematical property.
629/81,7.76543210,,nonunit_in_sample,no,This is a bounded computational sample. It does not prove the full unit group or any infinite mathematical property.
629/243,2.58847737,,nonunit_in_sample,no,This is a bounded computational sample. It does not prove the full unit group or any infinite mathematical property.
631/243,2.59670782,,nonunit_in_sample,no,This is a bounded computational sample. It does not prove the full unit group or any infinite mathematical property.
632/243,2.60082305,,nonunit_in_sample,no,This is a bounded computational sample. It does not prove the full unit group or any infinite mathematical property.
634/243,2.60905350,,nonunit_in_sample,no,This is a bounded computational sample. It does not prove the full unit group or any infinite mathematical property.
635/243,2.61316872,,nonunit_in_sample,no,This is a bounded computational sample. It does not prove the full unit group or any infinite mathematical property.
637/243,2.62139918,,nonunit_in_sample,no,This is a bounded computational sample. It does not prove the full unit group or any infinite mathematical property.
638/243,2.62551440,,nonunit_in_sample,no,This is a bounded computational sample. It does not prove the full unit group or any infinite mathematical property.
640/243,2.63374486,,nonunit_in_sample,no,This is a bounded computational sample. It does not prove the full unit group or any infinite mathematical property.
641/81,7.91358025,,nonunit_in_sample,no,This is a bounded computational sample. It does not prove the full unit group or any infinite mathematical property.
641/243,2.63786008,,nonunit_in_sample,no,This is a bounded computational sample. It does not prove the full unit group or any infinite mathematical property.
643/243,2.64609053,,nonunit_in_sample,no,This is a bounded computational sample. It does not prove the full unit group or any infinite mathematical property.
644/243,2.65020576,,nonunit_in_sample,no,This is a bounded computational sample. It does not prove the full unit group or any infinite mathematical property.
646/243,2.65843621,,nonunit_in_sample,no,This is a bounded computational sample. It does not prove the full unit group or any infinite mathematical property.
647/243,2.66255144,,nonunit_in_sample,no,This is a bounded computational sample. It does not prove the full unit group or any infinite mathematical property.
649/81,8.01234568,,nonunit_in_sample,no,This is a bounded computational sample. It does not prove the full unit group or any infinite mathematical property.
649/243,2.67078189,,nonunit_in_sample,no,This is a bounded computational sample. It does not prove the full unit group or any infinite mathematical property.
650/243,2.67489712,,nonunit_in_sample,no,This is a bounded computational sample. It does not prove the full unit group or any infinite mathematical property.
652/243,2.68312757,,nonunit_in_sample,no,This is a bounded computational sample. It does not prove the full unit group or any infinite mathematical property.
653/243,2.68724280,,nonunit_in_sample,no,This is a bounded computational sample. It does not prove the full unit group or any infinite mathematical property.
655/243,2.69547325,,nonunit_in_sample,no,This is a bounded computational sample. It does not prove the full unit group or any infinite mathematical property.
656/243,2.69958848,,nonunit_in_sample,no,This is a bounded computational sample. It does not prove the full unit group or any infinite mathematical property.
658/243,2.70781893,,nonunit_in_sample,no,This is a bounded computational sample. It does not prove the full unit group or any infinite mathematical property.
659/243,2.71193416,,nonunit_in_sample,no,This is a bounded computational sample. It does not prove the full unit group or any infinite mathematical property.
661/243,2.72016461,,nonunit_in_sample,no,This is a bounded computational sample. It does not prove the full unit group or any infinite mathematical property.
662/243,2.72427984,,nonunit_in_sample,no,This is a bounded computational sample. It does not prove the full unit group or any infinite mathematical property.
664/243,2.73251029,,nonunit_in_sample,no,This is a bounded computational sample. It does not prove the full unit group or any infinite mathematical property.
665/81,8.20987654,,nonunit_in_sample,no,This is a bounded computational sample. It does not prove the full unit group or any infinite mathematical property.
665/243,2.73662551,,nonunit_in_sample,no,This is a bounded computational sample. It does not prove the full unit group or any infinite mathematical property.
667/243,2.74485597,,nonunit_in_sample,no,This is a bounded computational sample. It does not prove the full unit group or any infinite mathematical property.
668/243,2.74897119,,nonunit_in_sample,no,This is a bounded computational sample. It does not prove the full unit group or any infinite mathematical property.
670/243,2.75720165,,nonunit_in_sample,no,This is a bounded computational sample. It does not prove the full unit group or any infinite mathematical property.
671/243,2.76131687,,nonunit_in_sample,no,This is a bounded computational sample. It does not prove the full unit group or any infinite mathematical property.
673/243,2.76954733,,nonunit_in_sample,no,This is a bounded computational sample. It does not prove the full unit group or any infinite mathematical property.
674/243,2.77366255,,nonunit_in_sample,no,This is a bounded computational sample. It does not prove the full unit group or any infinite mathematical property.
676/243,2.78189300,,nonunit_in_sample,no,This is a bounded computational sample. It does not prove the full unit group or any infinite mathematical property.
677/243,2.78600823,,nonunit_in_sample,no,This is a bounded computational sample. It does not prove the full unit group or any infinite mathematical property.
679/243,2.79423868,,nonunit_in_sample,no,This is a bounded computational sample. It does not prove the full unit group or any infinite mathematical property.
680/243,2.79835391,,nonunit_in_sample,no,This is a bounded computational sample. It does not prove the full unit group or any infinite mathematical property.
682/243,2.80658436,,nonunit_in_sample,no,This is a bounded computational sample. It does not prove the full unit group or any infinite mathematical property.
683/243,2.81069959,,nonunit_in_sample,no,This is a bounded computational sample. It does not prove the full unit group or any infinite mathematical property.
685/243,2.81893004,,nonunit_in_sample,no,This is a bounded computational sample. It does not prove the full unit group or any infinite mathematical property.
686/243,2.82304527,,nonunit_in_sample,no,This is a bounded computational sample. It does not prove the full unit group or any infinite mathematical property.
688/243,2.83127572,,nonunit_in_sample,no,This is a bounded computational sample. It does not prove the full unit group or any infinite mathematical property.
689/243,2.83539095,,nonunit_in_sample,no,This is a bounded computational sample. It does not prove the full unit group or any infinite mathematical property.
691/243,2.84362140,,nonunit_in_sample,no,This is a bounded computational sample. It does not prove the full unit group or any infinite mathematical property.
692/243,2.84773663,,nonunit_in_sample,no,This is a bounded computational sample. It does not prove the full unit group or any infinite mathematical property.
694/243,2.85596708,,nonunit_in_sample,no,This is a bounded computational sample. It does not prove the full unit group or any infinite mathematical property.
695/243,2.86008230,,nonunit_in_sample,no,This is a bounded computational sample. It does not prove the full unit group or any infinite mathematical property.
697/243,2.86831276,,nonunit_in_sample,no,This is a bounded computational sample. It does not prove the full unit group or any infinite mathematical property.
698/243,2.87242798,,nonunit_in_sample,no,This is a bounded computational sample. It does not prove the full unit group or any infinite mathematical property.
700/243,2.88065844,,nonunit_in_sample,no,This is a bounded computational sample. It does not prove the full unit group or any infinite mathematical property.
701/243,2.88477366,,nonunit_in_sample,no,This is a bounded computational sample. It does not prove the full unit group or any infinite mathematical property.
703/243,2.89300412,,nonunit_in_sample,no,This is a bounded computational sample. It does not prove the full unit group or any infinite mathematical property.
704/243,2.89711934,,nonunit_in_sample,no,This is a bounded computational sample. It does not prove the full unit group or any infinite mathematical property.
706/243,2.90534979,,nonunit_in_sample,no,This is a bounded computational sample. It does not prove the full unit group or any infinite mathematical property.
707/243,2.90946502,,nonunit_in_sample,no,This is a bounded computational sample. It does not prove the full unit group or any infinite mathematical property.
709/243,2.91769547,,nonunit_in_sample,no,This is a bounded computational sample. It does not prove the full unit group or any infinite mathematical property.
710/243,2.92181070,,nonunit_in_sample,no,This is a bounded computational sample. It does not prove the full unit group or any infinite mathematical property.
712/243,2.93004115,,nonunit_in_sample,no,This is a bounded computational sample. It does not prove the full unit group or any infinite mathematical property.
713/243,2.93415638,,nonunit_in_sample,no,This is a bounded computational sample. It does not prove the full unit group or any infinite mathematical property.
715/243,2.94238683,,nonunit_in_sample,no,This is a bounded computational sample. It does not prove the full unit group or any infinite mathematical property.
716/243,2.94650206,,nonunit_in_sample,no,This is a bounded computational sample. It does not prove the full unit group or any infinite mathematical property.
718/243,2.95473251,,nonunit_in_sample,no,This is a bounded computational sample. It does not prove the full unit group or any infinite mathematical property.
719/243,2.95884774,,nonunit_in_sample,no,This is a bounded computational sample. It does not prove the full unit group or any infinite mathematical property.
721/243,2.96707819,,nonunit_in_sample,no,This is a bounded computational sample. It does not prove the full unit group or any infinite mathematical property.
722/243,2.97119342,,nonunit_in_sample,no,This is a bounded computational sample. It does not prove the full unit group or any infinite mathematical property.
724/243,2.97942387,,nonunit_in_sample,no,This is a bounded computational sample. It does not prove the full unit group or any infinite mathematical property.
725/243,2.98353909,,nonunit_in_sample,no,This is a bounded computational sample. It does not prove the full unit group or any infinite mathematical property.
727/243,2.99176955,,nonunit_in_sample,no,This is a bounded computational sample. It does not prove the full unit group or any infinite mathematical property.
728/243,2.99588477,,nonunit_in_sample,no,This is a bounded computational sample. It does not prove the full unit group or any infinite mathematical property.
730/243,3.00411523,,nonunit_in_sample,no,This is a bounded computational sample. It does not prove the full unit group or any infinite mathematical property.
731/243,3.00823045,,nonunit_in_sample,no,This is a bounded computational sample. It does not prove the full unit group or any infinite mathematical property.
733/243,3.01646091,,nonunit_in_sample,no,This is a bounded computational sample. It does not prove the full unit group or any infinite mathematical property.
734/243,3.02057613,,nonunit_in_sample,no,This is a bounded computational sample. It does not prove the full unit group or any infinite mathematical property.
736/243,3.02880658,,nonunit_in_sample,no,This is a bounded computational sample. It does not prove the full unit group or any infinite mathematical property.
737/243,3.03292181,,nonunit_in_sample,no,This is a bounded computational sample. It does not prove the full unit group or any infinite mathematical property.
739/243,3.04115226,,nonunit_in_sample,no,This is a bounded computational sample. It does not prove the full unit group or any infinite mathematical property.
740/243,3.04526749,,nonunit_in_sample,no,This is a bounded computational sample. It does not prove the full unit group or any infinite mathematical property.
742/243,3.05349794,,nonunit_in_sample,no,This is a bounded computational sample. It does not prove the full unit group or any infinite mathematical property.
743/243,3.05761317,,nonunit_in_sample,no,This is a bounded computational sample. It does not prove the full unit group or any infinite mathematical property.
745/243,3.06584362,,nonunit_in_sample,no,This is a bounded computational sample. It does not prove the full unit group or any infinite mathematical property.
746/243,3.06995885,,nonunit_in_sample,no,This is a bounded computational sample. It does not prove the full unit group or any infinite mathematical property.
748/243,3.07818930,,nonunit_in_sample,no,This is a bounded computational sample. It does not prove the full unit group or any infinite mathematical property.
749/243,3.08230453,,nonunit_in_sample,no,This is a bounded computational sample. It does not prove the full unit group or any infinite mathematical property.
751/243,3.09053498,,nonunit_in_sample,no,This is a bounded computational sample. It does not prove the full unit group or any infinite mathematical property.
752/243,3.09465021,,nonunit_in_sample,no,This is a bounded computational sample. It does not prove the full unit group or any infinite mathematical property.
754/243,3.10288066,,nonunit_in_sample,no,This is a bounded computational sample. It does not prove the full unit group or any infinite mathematical property.
755/243,3.10699588,,nonunit_in_sample,no,This is a bounded computational sample. It does not prove the full unit group or any infinite mathematical property.
757/243,3.11522634,,nonunit_in_sample,no,This is a bounded computational sample. It does not prove the full unit group or any infinite mathematical property.
758/243,3.11934156,,nonunit_in_sample,no,This is a bounded computational sample. It does not prove the full unit group or any infinite mathematical property.
760/243,3.12757202,,nonunit_in_sample,no,This is a bounded computational sample. It does not prove the full unit group or any infinite mathematical property.
761/243,3.13168724,,nonunit_in_sample,no,This is a bounded computational sample. It does not prove the full unit group or any infinite mathematical property.
763/243,3.13991770,,nonunit_in_sample,no,This is a bounded computational sample. It does not prove the full unit group or any infinite mathematical property.
764/243,3.14403292,,nonunit_in_sample,no,This is a bounded computational sample. It does not prove the full unit group or any infinite mathematical property.
766/243,3.15226337,,nonunit_in_sample,no,This is a bounded computational sample. It does not prove the full unit group or any infinite mathematical property.
767/243,3.15637860,,nonunit_in_sample,no,This is a bounded computational sample. It does not prove the full unit group or any infinite mathematical property.
769/243,3.16460905,,nonunit_in_sample,no,This is a bounded computational sample. It does not prove the full unit group or any infinite mathematical property.
770/243,3.16872428,,nonunit_in_sample,no,This is a bounded computational sample. It does not prove the full unit group or any infinite mathematical property.
772/243,3.17695473,,nonunit_in_sample,no,This is a bounded computational sample. It does not prove the full unit group or any infinite mathematical property.
773/243,3.18106996,,nonunit_in_sample,no,This is a bounded computational sample. It does not prove the full unit group or any infinite mathematical property.
775/243,3.18930041,,nonunit_in_sample,no,This is a bounded computational sample. It does not prove the full unit group or any infinite mathematical property.
776/243,3.19341564,,nonunit_in_sample,no,This is a bounded computational sample. It does not prove the full unit group or any infinite mathematical property.
778/243,3.20164609,,nonunit_in_sample,no,This is a bounded computational sample. It does not prove the full unit group or any infinite mathematical property.
779/243,3.20576132,,nonunit_in_sample,no,This is a bounded computational sample. It does not prove the full unit group or any infinite mathematical property.
781/243,3.21399177,,nonunit_in_sample,no,This is a bounded computational sample. It does not prove the full unit group or any infinite mathematical property.
782/243,3.21810700,,nonunit_in_sample,no,This is a bounded computational sample. It does not prove the full unit group or any infinite mathematical property.
784/243,3.22633745,,nonunit_in_sample,no,This is a bounded computational sample. It does not prove the full unit group or any infinite mathematical property.
785/243,3.23045267,,nonunit_in_sample,no,This is a bounded computational sample. It does not prove the full unit group or any infinite mathematical property.
787/243,3.23868313,,nonunit_in_sample,no,This is a bounded computational sample. It does not prove the full unit group or any infinite mathematical property.
788/243,3.24279835,,nonunit_in_sample,no,This is a bounded computational sample. It does not prove the full unit group or any infinite mathematical property.
790/243,3.25102881,,nonunit_in_sample,no,This is a bounded computational sample. It does not prove the full unit group or any infinite mathematical property.
791/243,3.25514403,,nonunit_in_sample,no,This is a bounded computational sample. It does not prove the full unit group or any infinite mathematical property.
793/243,3.26337449,,nonunit_in_sample,no,This is a bounded computational sample. It does not prove the full unit group or any infinite mathematical property.
794/243,3.26748971,,nonunit_in_sample,no,This is a bounded computational sample. It does not prove the full unit group or any infinite mathematical property.
796/243,3.27572016,,nonunit_in_sample,no,This is a bounded computational sample. It does not prove the full unit group or any infinite mathematical property.
797/243,3.27983539,,nonunit_in_sample,no,This is a bounded computational sample. It does not prove the full unit group or any infinite mathematical property.
799/243,3.28806584,,nonunit_in_sample,no,This is a bounded computational sample. It does not prove the full unit group or any infinite mathematical property.
800/243,3.29218107,,nonunit_in_sample,no,This is a bounded computational sample. It does not prove the full unit group or any infinite mathematical property.
802/243,3.30041152,,nonunit_in_sample,no,This is a bounded computational sample. It does not prove the full unit group or any infinite mathematical property.
803/243,3.30452675,,nonunit_in_sample,no,This is a bounded computational sample. It does not prove the full unit group or any infinite mathematical property.
805/243,3.31275720,,nonunit_in_sample,no,This is a bounded computational sample. It does not prove the full unit group or any infinite mathematical property.
806/243,3.31687243,,nonunit_in_sample,no,This is a bounded computational sample. It does not prove the full unit group or any infinite mathematical property.
808/243,3.32510288,,nonunit_in_sample,no,This is a bounded computational sample. It does not prove the full unit group or any infinite mathematical property.
809/243,3.32921811,,nonunit_in_sample,no,This is a bounded computational sample. It does not prove the full unit group or any infinite mathematical property.
811/243,3.33744856,,nonunit_in_sample,no,This is a bounded computational sample. It does not prove the full unit group or any infinite mathematical property.
812/243,3.34156379,,nonunit_in_sample,no,This is a bounded computational sample. It does not prove the full unit group or any infinite mathematical property.
814/243,3.34979424,,nonunit_in_sample,no,This is a bounded computational sample. It does not prove the full unit group or any infinite mathematical property.
815/243,3.35390947,,nonunit_in_sample,no,This is a bounded computational sample. It does not prove the full unit group or any infinite mathematical property.
817/243,3.36213992,,nonunit_in_sample,no,This is a bounded computational sample. It does not prove the full unit group or any infinite mathematical property.
818/243,3.36625514,,nonunit_in_sample,no,This is a bounded computational sample. It does not prove the full unit group or any infinite mathematical property.
820/243,3.37448560,,nonunit_in_sample,no,This is a bounded computational sample. It does not prove the full unit group or any infinite mathematical property.
821/243,3.37860082,,nonunit_in_sample,no,This is a bounded computational sample. It does not prove the full unit group or any infinite mathematical property.
823/243,3.38683128,,nonunit_in_sample,no,This is a bounded computational sample. It does not prove the full unit group or any infinite mathematical property.
824/243,3.39094650,,nonunit_in_sample,no,This is a bounded computational sample. It does not prove the full unit group or any infinite mathematical property.
826/243,3.39917695,,nonunit_in_sample,no,This is a bounded computational sample. It does not prove the full unit group or any infinite mathematical property.
827/243,3.40329218,,nonunit_in_sample,no,This is a bounded computational sample. It does not prove the full unit group or any infinite mathematical property.
829/243,3.41152263,,nonunit_in_sample,no,This is a bounded computational sample. It does not prove the full unit group or any infinite mathematical property.
830/243,3.41563786,,nonunit_in_sample,no,This is a bounded computational sample. It does not prove the full unit group or any infinite mathematical property.
832/243,3.42386831,,nonunit_in_sample,no,This is a bounded computational sample. It does not prove the full unit group or any infinite mathematical property.
833/243,3.42798354,,nonunit_in_sample,no,This is a bounded computational sample. It does not prove the full unit group or any infinite mathematical property.
835/243,3.43621399,,nonunit_in_sample,no,This is a bounded computational sample. It does not prove the full unit group or any infinite mathematical property.
836/243,3.44032922,,nonunit_in_sample,no,This is a bounded computational sample. It does not prove the full unit group or any infinite mathematical property.
838/243,3.44855967,,nonunit_in_sample,no,This is a bounded computational sample. It does not prove the full unit group or any infinite mathematical property.
839/243,3.45267490,,nonunit_in_sample,no,This is a bounded computational sample. It does not prove the full unit group or any infinite mathematical property.
841/243,3.46090535,,nonunit_in_sample,no,This is a bounded computational sample. It does not prove the full unit group or any infinite mathematical property.
842/243,3.46502058,,nonunit_in_sample,no,This is a bounded computational sample. It does not prove the full unit group or any infinite mathematical property.
844/243,3.47325103,,nonunit_in_sample,no,This is a bounded computational sample. It does not prove the full unit group or any infinite mathematical property.
845/243,3.47736626,,nonunit_in_sample,no,This is a bounded computational sample. It does not prove the full unit group or any infinite mathematical property.
847/243,3.48559671,,nonunit_in_sample,no,This is a bounded computational sample. It does not prove the full unit group or any infinite mathematical property.
848/243,3.48971193,,nonunit_in_sample,no,This is a bounded computational sample. It does not prove the full unit group or any infinite mathematical property.
850/243,3.49794239,,nonunit_in_sample,no,This is a bounded computational sample. It does not prove the full unit group or any infinite mathematical property.
851/243,3.50205761,,nonunit_in_sample,no,This is a bounded computational sample. It does not prove the full unit group or any infinite mathematical property.
853/243,3.51028807,,nonunit_in_sample,no,This is a bounded computational sample. It does not prove the full unit group or any infinite mathematical property.
854/243,3.51440329,,nonunit_in_sample,no,This is a bounded computational sample. It does not prove the full unit group or any infinite mathematical property.
856/243,3.52263374,,nonunit_in_sample,no,This is a bounded computational sample. It does not prove the full unit group or any infinite mathematical property.
857/243,3.52674897,,nonunit_in_sample,no,This is a bounded computational sample. It does not prove the full unit group or any infinite mathematical property.
859/243,3.53497942,,nonunit_in_sample,no,This is a bounded computational sample. It does not prove the full unit group or any infinite mathematical property.
860/243,3.53909465,,nonunit_in_sample,no,This is a bounded computational sample. It does not prove the full unit group or any infinite mathematical property.
862/243,3.54732510,,nonunit_in_sample,no,This is a bounded computational sample. It does not prove the full unit group or any infinite mathematical property.
863/243,3.55144033,,nonunit_in_sample,no,This is a bounded computational sample. It does not prove the full unit group or any infinite mathematical property.
865/243,3.55967078,,nonunit_in_sample,no,This is a bounded computational sample. It does not prove the full unit group or any infinite mathematical property.
866/243,3.56378601,,nonunit_in_sample,no,This is a bounded computational sample. It does not prove the full unit group or any infinite mathematical property.
868/243,3.57201646,,nonunit_in_sample,no,This is a bounded computational sample. It does not prove the full unit group or any infinite mathematical property.
869/243,3.57613169,,nonunit_in_sample,no,This is a bounded computational sample. It does not prove the full unit group or any infinite mathematical property.
871/243,3.58436214,,nonunit_in_sample,no,This is a bounded computational sample. It does not prove the full unit group or any infinite mathematical property.
872/243,3.58847737,,nonunit_in_sample,no,This is a bounded computational sample. It does not prove the full unit group or any infinite mathematical property.
874/243,3.59670782,,nonunit_in_sample,no,This is a bounded computational sample. It does not prove the full unit group or any infinite mathematical property.
875/243,3.60082305,,nonunit_in_sample,no,This is a bounded computational sample. It does not prove the full unit group or any infinite mathematical property.
877/243,3.60905350,,nonunit_in_sample,no,This is a bounded computational sample. It does not prove the full unit group or any infinite mathematical property.
878/243,3.61316872,,nonunit_in_sample,no,This is a bounded computational sample. It does not prove the full unit group or any infinite mathematical property.
880/243,3.62139918,,nonunit_in_sample,no,This is a bounded computational sample. It does not prove the full unit group or any infinite mathematical property.
881/243,3.62551440,,nonunit_in_sample,no,This is a bounded computational sample. It does not prove the full unit group or any infinite mathematical property.
883/243,3.63374486,,nonunit_in_sample,no,This is a bounded computational sample. It does not prove the full unit group or any infinite mathematical property.
884/243,3.63786008,,nonunit_in_sample,no,This is a bounded computational sample. It does not prove the full unit group or any infinite mathematical property.
886/243,3.64609053,,nonunit_in_sample,no,This is a bounded computational sample. It does not prove the full unit group or any infinite mathematical property.
887/243,3.65020576,,nonunit_in_sample,no,This is a bounded computational sample. It does not prove the full unit group or any infinite mathematical property.
889/243,3.65843621,,nonunit_in_sample,no,This is a bounded computational sample. It does not prove the full unit group or any infinite mathematical property.
890/243,3.66255144,,nonunit_in_sample,no,This is a bounded computational sample. It does not prove the full unit group or any infinite mathematical property.
892/243,3.67078189,,nonunit_in_sample,no,This is a bounded computational sample. It does not prove the full unit group or any infinite mathematical property.
893/243,3.67489712,,nonunit_in_sample,no,This is a bounded computational sample. It does not prove the full unit group or any infinite mathematical property.
895/243,3.68312757,,nonunit_in_sample,no,This is a bounded computational sample. It does not prove the full unit group or any infinite mathematical property.
896/243,3.68724280,,nonunit_in_sample,no,This is a bounded computational sample. It does not prove the full unit group or any infinite mathematical property.
898/243,3.69547325,,nonunit_in_sample,no,This is a bounded computational sample. It does not prove the full unit group or any infinite mathematical property.
899/243,3.69958848,,nonunit_in_sample,no,This is a bounded computational sample. It does not prove the full unit group or any infinite mathematical property.
901/243,3.70781893,,nonunit_in_sample,no,This is a bounded computational sample. It does not prove the full unit group or any infinite mathematical property.
902/243,3.71193416,,nonunit_in_sample,no,This is a bounded computational sample. It does not prove the full unit group or any infinite mathematical property.
904/243,3.72016461,,nonunit_in_sample,no,This is a bounded computational sample. It does not prove the full unit group or any infinite mathematical property.
905/243,3.72427984,,nonunit_in_sample,no,This is a bounded computational sample. It does not prove the full unit group or any infinite mathematical property.
907/243,3.73251029,,nonunit_in_sample,no,This is a bounded computational sample. It does not prove the full unit group or any infinite mathematical property.
908/243,3.73662551,,nonunit_in_sample,no,This is a bounded computational sample. It does not prove the full unit group or any infinite mathematical property.
910/243,3.74485597,,nonunit_in_sample,no,This is a bounded computational sample. It does not prove the full unit group or any infinite mathematical property.
911/243,3.74897119,,nonunit_in_sample,no,This is a bounded computational sample. It does not prove the full unit group or any infinite mathematical property.
913/243,3.75720165,,nonunit_in_sample,no,This is a bounded computational sample. It does not prove the full unit group or any infinite mathematical property.
914/243,3.76131687,,nonunit_in_sample,no,This is a bounded computational sample. It does not prove the full unit group or any infinite mathematical property.
916/243,3.76954733,,nonunit_in_sample,no,This is a bounded computational sample. It does not prove the full unit group or any infinite mathematical property.
917/243,3.77366255,,nonunit_in_sample,no,This is a bounded computational sample. It does not prove the full unit group or any infinite mathematical property.
919/243,3.78189300,,nonunit_in_sample,no,This is a bounded computational sample. It does not prove the full unit group or any infinite mathematical property.
920/243,3.78600823,,nonunit_in_sample,no,This is a bounded computational sample. It does not prove the full unit group or any infinite mathematical property.
922/243,3.79423868,,nonunit_in_sample,no,This is a bounded computational sample. It does not prove the full unit group or any infinite mathematical property.
923/243,3.79835391,,nonunit_in_sample,no,This is a bounded computational sample. It does not prove the full unit group or any infinite mathematical property.
925/243,3.80658436,,nonunit_in_sample,no,This is a bounded computational sample. It does not prove the full unit group or any infinite mathematical property.
926/243,3.81069959,,nonunit_in_sample,no,This is a bounded computational sample. It does not prove the full unit group or any infinite mathematical property.
928/243,3.81893004,,nonunit_in_sample,no,This is a bounded computational sample. It does not prove the full unit group or any infinite mathematical property.
929/243,3.82304527,,nonunit_in_sample,no,This is a bounded computational sample. It does not prove the full unit group or any infinite mathematical property.
931/243,3.83127572,,nonunit_in_sample,no,This is a bounded computational sample. It does not prove the full unit group or any infinite mathematical property.
932/243,3.83539095,,nonunit_in_sample,no,This is a bounded computational sample. It does not prove the full unit group or any infinite mathematical property.
934/243,3.84362140,,nonunit_in_sample,no,This is a bounded computational sample. It does not prove the full unit group or any infinite mathematical property.
935/243,3.84773663,,nonunit_in_sample,no,This is a bounded computational sample. It does not prove the full unit group or any infinite mathematical property.
937/243,3.85596708,,nonunit_in_sample,no,This is a bounded computational sample. It does not prove the full unit group or any infinite mathematical property.
938/243,3.86008230,,nonunit_in_sample,no,This is a bounded computational sample. It does not prove the full unit group or any infinite mathematical property.
940/243,3.86831276,,nonunit_in_sample,no,This is a bounded computational sample. It does not prove the full unit group or any infinite mathematical property.
941/243,3.87242798,,nonunit_in_sample,no,This is a bounded computational sample. It does not prove the full unit group or any infinite mathematical property.
943/243,3.88065844,,nonunit_in_sample,no,This is a bounded computational sample. It does not prove the full unit group or any infinite mathematical property.
944/243,3.88477366,,nonunit_in_sample,no,This is a bounded computational sample. It does not prove the full unit group or any infinite mathematical property.
946/243,3.89300412,,nonunit_in_sample,no,This is a bounded computational sample. It does not prove the full unit group or any infinite mathematical property.
947/243,3.89711934,,nonunit_in_sample,no,This is a bounded computational sample. It does not prove the full unit group or any infinite mathematical property.
949/243,3.90534979,,nonunit_in_sample,no,This is a bounded computational sample. It does not prove the full unit group or any infinite mathematical property.
950/243,3.90946502,,nonunit_in_sample,no,This is a bounded computational sample. It does not prove the full unit group or any infinite mathematical property.
952/243,3.91769547,,nonunit_in_sample,no,This is a bounded computational sample. It does not prove the full unit group or any infinite mathematical property.
953/243,3.92181070,,nonunit_in_sample,no,This is a bounded computational sample. It does not prove the full unit group or any infinite mathematical property.
955/243,3.93004115,,nonunit_in_sample,no,This is a bounded computational sample. It does not prove the full unit group or any infinite mathematical property.
956/243,3.93415638,,nonunit_in_sample,no,This is a bounded computational sample. It does not prove the full unit group or any infinite mathematical property.
958/243,3.94238683,,nonunit_in_sample,no,This is a bounded computational sample. It does not prove the full unit group or any infinite mathematical property.
959/243,3.94650206,,nonunit_in_sample,no,This is a bounded computational sample. It does not prove the full unit group or any infinite mathematical property.
961/243,3.95473251,,nonunit_in_sample,no,This is a bounded computational sample. It does not prove the full unit group or any infinite mathematical property.
962/243,3.95884774,,nonunit_in_sample,no,This is a bounded computational sample. It does not prove the full unit group or any infinite mathematical property.
964/243,3.96707819,,nonunit_in_sample,no,This is a bounded computational sample. It does not prove the full unit group or any infinite mathematical property.
965/243,3.97119342,,nonunit_in_sample,no,This is a bounded computational sample. It does not prove the full unit group or any infinite mathematical property.
967/243,3.97942387,,nonunit_in_sample,no,This is a bounded computational sample. It does not prove the full unit group or any infinite mathematical property.
968/243,3.98353909,,nonunit_in_sample,no,This is a bounded computational sample. It does not prove the full unit group or any infinite mathematical property.
970/243,3.99176955,,nonunit_in_sample,no,This is a bounded computational sample. It does not prove the full unit group or any infinite mathematical property.
971/243,3.99588477,,nonunit_in_sample,no,This is a bounded computational sample. It does not prove the full unit group or any infinite mathematical property.
973/243,4.00411523,,nonunit_in_sample,no,This is a bounded computational sample. It does not prove the full unit group or any infinite mathematical property.
974/243,4.00823045,,nonunit_in_sample,no,This is a bounded computational sample. It does not prove the full unit group or any infinite mathematical property.
976/243,4.01646091,,nonunit_in_sample,no,This is a bounded computational sample. It does not prove the full unit group or any infinite mathematical property.
977/243,4.02057613,,nonunit_in_sample,no,This is a bounded computational sample. It does not prove the full unit group or any infinite mathematical property.
979/243,4.02880658,,nonunit_in_sample,no,This is a bounded computational sample. It does not prove the full unit group or any infinite mathematical property.
980/243,4.03292181,,nonunit_in_sample,no,This is a bounded computational sample. It does not prove the full unit group or any infinite mathematical property.
982/243,4.04115226,,nonunit_in_sample,no,This is a bounded computational sample. It does not prove the full unit group or any infinite mathematical property.
983/243,4.04526749,,nonunit_in_sample,no,This is a bounded computational sample. It does not prove the full unit group or any infinite mathematical property.
985/243,4.05349794,,nonunit_in_sample,no,This is a bounded computational sample. It does not prove the full unit group or any infinite mathematical property.
986/243,4.05761317,,nonunit_in_sample,no,This is a bounded computational sample. It does not prove the full unit group or any infinite mathematical property.
988/243,4.06584362,,nonunit_in_sample,no,This is a bounded computational sample. It does not prove the full unit group or any infinite mathematical property.
989/243,4.06995885,,nonunit_in_sample,no,This is a bounded computational sample. It does not prove the full unit group or any infinite mathematical property.
991/243,4.07818930,,nonunit_in_sample,no,This is a bounded computational sample. It does not prove the full unit group or any infinite mathematical property.
992/243,4.08230453,,nonunit_in_sample,no,This is a bounded computational sample. It does not prove the full unit group or any infinite mathematical property.
994/243,4.09053498,,nonunit_in_sample,no,This is a bounded computational sample. It does not prove the full unit group or any infinite mathematical property.
995/243,4.09465021,,nonunit_in_sample,no,This is a bounded computational sample. It does not prove the full unit group or any infinite mathematical property.
997/243,4.10288066,,nonunit_in_sample,no,This is a bounded computational sample. It does not prove the full unit group or any infinite mathematical property.
998/243,4.10699588,,nonunit_in_sample,no,This is a bounded computational sample. It does not prove the full unit group or any infinite mathematical property.
1000/243,4.11522634,,nonunit_in_sample,no,This is a bounded computational sample. It does not prove the full unit group or any infinite mathematical property.
1001/243,4.11934156,,nonunit_in_sample,no,This is a bounded computational sample. It does not prove the full unit group or any infinite mathematical property.
1003/243,4.12757202,,nonunit_in_sample,no,This is a bounded computational sample. It does not prove the full unit group or any infinite mathematical property.
1004/243,4.13168724,,nonunit_in_sample,no,This is a bounded computational sample. It does not prove the full unit group or any infinite mathematical property.
1006/243,4.13991770,,nonunit_in_sample,no,This is a bounded computational sample. It does not prove the full unit group or any infinite mathematical property.
1007/243,4.14403292,,nonunit_in_sample,no,This is a bounded computational sample. It does not prove the full unit group or any infinite mathematical property.
1009/243,4.15226337,,nonunit_in_sample,no,This is a bounded computational sample. It does not prove the full unit group or any infinite mathematical property.
1010/243,4.15637860,,nonunit_in_sample,no,This is a bounded computational sample. It does not prove the full unit group or any infinite mathematical property.
1012/243,4.16460905,,nonunit_in_sample,no,This is a bounded computational sample. It does not prove the full unit group or any infinite mathematical property.
1013/243,4.16872428,,nonunit_in_sample,no,This is a bounded computational sample. It does not prove the full unit group or any infinite mathematical property.
1015/243,4.17695473,,nonunit_in_sample,no,This is a bounded computational sample. It does not prove the full unit group or any infinite mathematical property.
1016/243,4.18106996,,nonunit_in_sample,no,This is a bounded computational sample. It does not prove the full unit group or any infinite mathematical property.
1018/243,4.18930041,,nonunit_in_sample,no,This is a bounded computational sample. It does not prove the full unit group or any infinite mathematical property.
1019/243,4.19341564,,nonunit_in_sample,no,This is a bounded computational sample. It does not prove the full unit group or any infinite mathematical property.
1021/243,4.20164609,,nonunit_in_sample,no,This is a bounded computational sample. It does not prove the full unit group or any infinite mathematical property.
1022/243,4.20576132,,nonunit_in_sample,no,This is a bounded computational sample. It does not prove the full unit group or any infinite mathematical property.
1024/243,4.21399177,,nonunit_in_sample,no,This is a bounded computational sample. It does not prove the full unit group or any infinite mathematical property.
1025/243,4.21810700,,nonunit_in_sample,no,This is a bounded computational sample. It does not prove the full unit group or any infinite mathematical property.
1027/243,4.22633745,,nonunit_in_sample,no,This is a bounded computational sample. It does not prove the full unit group or any infinite mathematical property.
1028/243,4.23045267,,nonunit_in_sample,no,This is a bounded computational sample. It does not prove the full unit group or any infinite mathematical property.
1030/243,4.23868313,,nonunit_in_sample,no,This is a bounded computational sample. It does not prove the full unit group or any infinite mathematical property.
1031/243,4.24279835,,nonunit_in_sample,no,This is a bounded computational sample. It does not prove the full unit group or any infinite mathematical property.
1033/243,4.25102881,,nonunit_in_sample,no,This is a bounded computational sample. It does not prove the full unit group or any infinite mathematical property.
1034/243,4.25514403,,nonunit_in_sample,no,This is a bounded computational sample. It does not prove the full unit group or any infinite mathematical property.
1036/243,4.26337449,,nonunit_in_sample,no,This is a bounded computational sample. It does not prove the full unit group or any infinite mathematical property.
1037/243,4.26748971,,nonunit_in_sample,no,This is a bounded computational sample. It does not prove the full unit group or any infinite mathematical property.
1039/243,4.27572016,,nonunit_in_sample,no,This is a bounded computational sample. It does not prove the full unit group or any infinite mathematical property.
1040/243,4.27983539,,nonunit_in_sample,no,This is a bounded computational sample. It does not prove the full unit group or any infinite mathematical property.
1042/243,4.28806584,,nonunit_in_sample,no,This is a bounded computational sample. It does not prove the full unit group or any infinite mathematical property.
1043/243,4.29218107,,nonunit_in_sample,no,This is a bounded computational sample. It does not prove the full unit group or any infinite mathematical property.
1045/243,4.30041152,,nonunit_in_sample,no,This is a bounded computational sample. It does not prove the full unit group or any infinite mathematical property.
1046/243,4.30452675,,nonunit_in_sample,no,This is a bounded computational sample. It does not prove the full unit group or any infinite mathematical property.
1048/243,4.31275720,,nonunit_in_sample,no,This is a bounded computational sample. It does not prove the full unit group or any infinite mathematical property.
1049/243,4.31687243,,nonunit_in_sample,no,This is a bounded computational sample. It does not prove the full unit group or any infinite mathematical property.
1051/243,4.32510288,,nonunit_in_sample,no,This is a bounded computational sample. It does not prove the full unit group or any infinite mathematical property.
1052/243,4.32921811,,nonunit_in_sample,no,This is a bounded computational sample. It does not prove the full unit group or any infinite mathematical property.
1054/243,4.33744856,,nonunit_in_sample,no,This is a bounded computational sample. It does not prove the full unit group or any infinite mathematical property.
1055/243,4.34156379,,nonunit_in_sample,no,This is a bounded computational sample. It does not prove the full unit group or any infinite mathematical property.
1057/243,4.34979424,,nonunit_in_sample,no,This is a bounded computational sample. It does not prove the full unit group or any infinite mathematical property.
1058/243,4.35390947,,nonunit_in_sample,no,This is a bounded computational sample. It does not prove the full unit group or any infinite mathematical property.
1060/243,4.36213992,,nonunit_in_sample,no,This is a bounded computational sample. It does not prove the full unit group or any infinite mathematical property.
1061/243,4.36625514,,nonunit_in_sample,no,This is a bounded computational sample. It does not prove the full unit group or any infinite mathematical property.
1063/243,4.37448560,,nonunit_in_sample,no,This is a bounded computational sample. It does not prove the full unit group or any infinite mathematical property.
1064/243,4.37860082,,nonunit_in_sample,no,This is a bounded computational sample. It does not prove the full unit group or any infinite mathematical property.
1066/243,4.38683128,,nonunit_in_sample,no,This is a bounded computational sample. It does not prove the full unit group or any infinite mathematical property.
1067/243,4.39094650,,nonunit_in_sample,no,This is a bounded computational sample. It does not prove the full unit group or any infinite mathematical property.
1069/243,4.39917695,,nonunit_in_sample,no,This is a bounded computational sample. It does not prove the full unit group or any infinite mathematical property.
1070/243,4.40329218,,nonunit_in_sample,no,This is a bounded computational sample. It does not prove the full unit group or any infinite mathematical property.
1072/243,4.41152263,,nonunit_in_sample,no,This is a bounded computational sample. It does not prove the full unit group or any infinite mathematical property.
1073/243,4.41563786,,nonunit_in_sample,no,This is a bounded computational sample. It does not prove the full unit group or any infinite mathematical property.
1075/243,4.42386831,,nonunit_in_sample,no,This is a bounded computational sample. It does not prove the full unit group or any infinite mathematical property.
1076/243,4.42798354,,nonunit_in_sample,no,This is a bounded computational sample. It does not prove the full unit group or any infinite mathematical property.
1078/243,4.43621399,,nonunit_in_sample,no,This is a bounded computational sample. It does not prove the full unit group or any infinite mathematical property.
1079/243,4.44032922,,nonunit_in_sample,no,This is a bounded computational sample. It does not prove the full unit group or any infinite mathematical property.
1081/243,4.44855967,,nonunit_in_sample,no,This is a bounded computational sample. It does not prove the full unit group or any infinite mathematical property.
1082/243,4.45267490,,nonunit_in_sample,no,This is a bounded computational sample. It does not prove the full unit group or any infinite mathematical property.
1084/243,4.46090535,,nonunit_in_sample,no,This is a bounded computational sample. It does not prove the full unit group or any infinite mathematical property.
1085/243,4.46502058,,nonunit_in_sample,no,This is a bounded computational sample. It does not prove the full unit group or any infinite mathematical property.
1087/243,4.47325103,,nonunit_in_sample,no,This is a bounded computational sample. It does not prove the full unit group or any infinite mathematical property.
1088/243,4.47736626,,nonunit_in_sample,no,This is a bounded computational sample. It does not prove the full unit group or any infinite mathematical property.
1090/243,4.48559671,,nonunit_in_sample,no,This is a bounded computational sample. It does not prove the full unit group or any infinite mathematical property.
1091/243,4.48971193,,nonunit_in_sample,no,This is a bounded computational sample. It does not prove the full unit group or any infinite mathematical property.
1093/243,4.49794239,,nonunit_in_sample,no,This is a bounded computational sample. It does not prove the full unit group or any infinite mathematical property.
1094/243,4.50205761,,nonunit_in_sample,no,This is a bounded computational sample. It does not prove the full unit group or any infinite mathematical property.
1096/243,4.51028807,,nonunit_in_sample,no,This is a bounded computational sample. It does not prove the full unit group or any infinite mathematical property.
1097/243,4.51440329,,nonunit_in_sample,no,This is a bounded computational sample. It does not prove the full unit group or any infinite mathematical property.
1099/243,4.52263374,,nonunit_in_sample,no,This is a bounded computational sample. It does not prove the full unit group or any infinite mathematical property.
1100/243,4.52674897,,nonunit_in_sample,no,This is a bounded computational sample. It does not prove the full unit group or any infinite mathematical property.
1102/243,4.53497942,,nonunit_in_sample,no,This is a bounded computational sample. It does not prove the full unit group or any infinite mathematical property.
1103/243,4.53909465,,nonunit_in_sample,no,This is a bounded computational sample. It does not prove the full unit group or any infinite mathematical property.
1105/243,4.54732510,,nonunit_in_sample,no,This is a bounded computational sample. It does not prove the full unit group or any infinite mathematical property.
1106/243,4.55144033,,nonunit_in_sample,no,This is a bounded computational sample. It does not prove the full unit group or any infinite mathematical property.
1108/243,4.55967078,,nonunit_in_sample,no,This is a bounded computational sample. It does not prove the full unit group or any infinite mathematical property.
1109/243,4.56378601,,nonunit_in_sample,no,This is a bounded computational sample. It does not prove the full unit group or any infinite mathematical property.
1111/243,4.57201646,,nonunit_in_sample,no,This is a bounded computational sample. It does not prove the full unit group or any infinite mathematical property.
1112/243,4.57613169,,nonunit_in_sample,no,This is a bounded computational sample. It does not prove the full unit group or any infinite mathematical property.
1114/243,4.58436214,,nonunit_in_sample,no,This is a bounded computational sample. It does not prove the full unit group or any infinite mathematical property.
1115/243,4.58847737,,nonunit_in_sample,no,This is a bounded computational sample. It does not prove the full unit group or any infinite mathematical property.
1117/243,4.59670782,,nonunit_in_sample,no,This is a bounded computational sample. It does not prove the full unit group or any infinite mathematical property.
1118/243,4.60082305,,nonunit_in_sample,no,This is a bounded computational sample. It does not prove the full unit group or any infinite mathematical property.
1120/243,4.60905350,,nonunit_in_sample,no,This is a bounded computational sample. It does not prove the full unit group or any infinite mathematical property.
1121/243,4.61316872,,nonunit_in_sample,no,This is a bounded computational sample. It does not prove the full unit group or any infinite mathematical property.
1123/243,4.62139918,,nonunit_in_sample,no,This is a bounded computational sample. It does not prove the full unit group or any infinite mathematical property.
1124/243,4.62551440,,nonunit_in_sample,no,This is a bounded computational sample. It does not prove the full unit group or any infinite mathematical property.
1126/243,4.63374486,,nonunit_in_sample,no,This is a bounded computational sample. It does not prove the full unit group or any infinite mathematical property.
1127/243,4.63786008,,nonunit_in_sample,no,This is a bounded computational sample. It does not prove the full unit group or any infinite mathematical property.
1129/243,4.64609053,,nonunit_in_sample,no,This is a bounded computational sample. It does not prove the full unit group or any infinite mathematical property.
1130/243,4.65020576,,nonunit_in_sample,no,This is a bounded computational sample. It does not prove the full unit group or any infinite mathematical property.
1132/243,4.65843621,,nonunit_in_sample,no,This is a bounded computational sample. It does not prove the full unit group or any infinite mathematical property.
1133/243,4.66255144,,nonunit_in_sample,no,This is a bounded computational sample. It does not prove the full unit group or any infinite mathematical property.
1135/243,4.67078189,,nonunit_in_sample,no,This is a bounded computational sample. It does not prove the full unit group or any infinite mathematical property.
1136/243,4.67489712,,nonunit_in_sample,no,This is a bounded computational sample. It does not prove the full unit group or any infinite mathematical property.
1138/243,4.68312757,,nonunit_in_sample,no,This is a bounded computational sample. It does not prove the full unit group or any infinite mathematical property.
1139/243,4.68724280,,nonunit_in_sample,no,This is a bounded computational sample. It does not prove the full unit group or any infinite mathematical property.
1141/243,4.69547325,,nonunit_in_sample,no,This is a bounded computational sample. It does not prove the full unit group or any infinite mathematical property.
1142/243,4.69958848,,nonunit_in_sample,no,This is a bounded computational sample. It does not prove the full unit group or any infinite mathematical property.
1144/243,4.70781893,,nonunit_in_sample,no,This is a bounded computational sample. It does not prove the full unit group or any infinite mathematical property.
1145/243,4.71193416,,nonunit_in_sample,no,This is a bounded computational sample. It does not prove the full unit group or any infinite mathematical property.
1147/243,4.72016461,,nonunit_in_sample,no,This is a bounded computational sample. It does not prove the full unit group or any infinite mathematical property.
1148/243,4.72427984,,nonunit_in_sample,no,This is a bounded computational sample. It does not prove the full unit group or any infinite mathematical property.
1150/243,4.73251029,,nonunit_in_sample,no,This is a bounded computational sample. It does not prove the full unit group or any infinite mathematical property.
1151/243,4.73662551,,nonunit_in_sample,no,This is a bounded computational sample. It does not prove the full unit group or any infinite mathematical property.
1153/243,4.74485597,,nonunit_in_sample,no,This is a bounded computational sample. It does not prove the full unit group or any infinite mathematical property.
1154/243,4.74897119,,nonunit_in_sample,no,This is a bounded computational sample. It does not prove the full unit group or any infinite mathematical property.
1156/243,4.75720165,,nonunit_in_sample,no,This is a bounded computational sample. It does not prove the full unit group or any infinite mathematical property.
1157/243,4.76131687,,nonunit_in_sample,no,This is a bounded computational sample. It does not prove the full unit group or any infinite mathematical property.
1159/243,4.76954733,,nonunit_in_sample,no,This is a bounded computational sample. It does not prove the full unit group or any infinite mathematical property.
1160/243,4.77366255,,nonunit_in_sample,no,This is a bounded computational sample. It does not prove the full unit group or any infinite mathematical property.
1162/243,4.78189300,,nonunit_in_sample,no,This is a bounded computational sample. It does not prove the full unit group or any infinite mathematical property.
1163/243,4.78600823,,nonunit_in_sample,no,This is a bounded computational sample. It does not prove the full unit group or any infinite mathematical property.
1165/243,4.79423868,,nonunit_in_sample,no,This is a bounded computational sample. It does not prove the full unit group or any infinite mathematical property.
1166/243,4.79835391,,nonunit_in_sample,no,This is a bounded computational sample. It does not prove the full unit group or any infinite mathematical property.
1168/243,4.80658436,,nonunit_in_sample,no,This is a bounded computational sample. It does not prove the full unit group or any infinite mathematical property.
1169/243,4.81069959,,nonunit_in_sample,no,This is a bounded computational sample. It does not prove the full unit group or any infinite mathematical property.
1171/243,4.81893004,,nonunit_in_sample,no,This is a bounded computational sample. It does not prove the full unit group or any infinite mathematical property.
1172/243,4.82304527,,nonunit_in_sample,no,This is a bounded computational sample. It does not prove the full unit group or any infinite mathematical property.
1174/243,4.83127572,,nonunit_in_sample,no,This is a bounded computational sample. It does not prove the full unit group or any infinite mathematical property.
1175/243,4.83539095,,nonunit_in_sample,no,This is a bounded computational sample. It does not prove the full unit group or any infinite mathematical property.
1177/243,4.84362140,,nonunit_in_sample,no,This is a bounded computational sample. It does not prove the full unit group or any infinite mathematical property.
1178/243,4.84773663,,nonunit_in_sample,no,This is a bounded computational sample. It does not prove the full unit group or any infinite mathematical property.
1180/243,4.85596708,,nonunit_in_sample,no,This is a bounded computational sample. It does not prove the full unit group or any infinite mathematical property.
1181/243,4.86008230,,nonunit_in_sample,no,This is a bounded computational sample. It does not prove the full unit group or any infinite mathematical property.
1183/243,4.86831276,,nonunit_in_sample,no,This is a bounded computational sample. It does not prove the full unit group or any infinite mathematical property.
1184/243,4.87242798,,nonunit_in_sample,no,This is a bounded computational sample. It does not prove the full unit group or any infinite mathematical property.
1186/243,4.88065844,,nonunit_in_sample,no,This is a bounded computational sample. It does not prove the full unit group or any infinite mathematical property.
1187/243,4.88477366,,nonunit_in_sample,no,This is a bounded computational sample. It does not prove the full unit group or any infinite mathematical property.
1189/243,4.89300412,,nonunit_in_sample,no,This is a bounded computational sample. It does not prove the full unit group or any infinite mathematical property.
1190/243,4.89711934,,nonunit_in_sample,no,This is a bounded computational sample. It does not prove the full unit group or any infinite mathematical property.
1192/243,4.90534979,,nonunit_in_sample,no,This is a bounded computational sample. It does not prove the full unit group or any infinite mathematical property.
1193/243,4.90946502,,nonunit_in_sample,no,This is a bounded computational sample. It does not prove the full unit group or any infinite mathematical property.
1195/243,4.91769547,,nonunit_in_sample,no,This is a bounded computational sample. It does not prove the full unit group or any infinite mathematical property.
1196/243,4.92181070,,nonunit_in_sample,no,This is a bounded computational sample. It does not prove the full unit group or any infinite mathematical property.
1198/243,4.93004115,,nonunit_in_sample,no,This is a bounded computational sample. It does not prove the full unit group or any infinite mathematical property.
1199/243,4.93415638,,nonunit_in_sample,no,This is a bounded computational sample. It does not prove the full unit group or any infinite mathematical property.
1201/243,4.94238683,,nonunit_in_sample,no,This is a bounded computational sample. It does not prove the full unit group or any infinite mathematical property.
1202/243,4.94650206,,nonunit_in_sample,no,This is a bounded computational sample. It does not prove the full unit group or any infinite mathematical property.
1204/243,4.95473251,,nonunit_in_sample,no,This is a bounded computational sample. It does not prove the full unit group or any infinite mathematical property.
1205/243,4.95884774,,nonunit_in_sample,no,This is a bounded computational sample. It does not prove the full unit group or any infinite mathematical property.
1207/243,4.96707819,,nonunit_in_sample,no,This is a bounded computational sample. It does not prove the full unit group or any infinite mathematical property.
1208/243,4.97119342,,nonunit_in_sample,no,This is a bounded computational sample. It does not prove the full unit group or any infinite mathematical property.
1210/243,4.97942387,,nonunit_in_sample,no,This is a bounded computational sample. It does not prove the full unit group or any infinite mathematical property.
1211/243,4.98353909,,nonunit_in_sample,no,This is a bounded computational sample. It does not prove the full unit group or any infinite mathematical property.
1213/243,4.99176955,,nonunit_in_sample,no,This is a bounded computational sample. It does not prove the full unit group or any infinite mathematical property.
1214/243,4.99588477,,nonunit_in_sample,no,This is a bounded computational sample. It does not prove the full unit group or any infinite mathematical property.
1216/243,5.00411523,,nonunit_in_sample,no,This is a bounded computational sample. It does not prove the full unit group or any infinite mathematical property.
1217/243,5.00823045,,nonunit_in_sample,no,This is a bounded computational sample. It does not prove the full unit group or any infinite mathematical property.
1219/243,5.01646091,,nonunit_in_sample,no,This is a bounded computational sample. It does not prove the full unit group or any infinite mathematical property.
1220/243,5.02057613,,nonunit_in_sample,no,This is a bounded computational sample. It does not prove the full unit group or any infinite mathematical property.
1222/243,5.02880658,,nonunit_in_sample,no,This is a bounded computational sample. It does not prove the full unit group or any infinite mathematical property.
1223/243,5.03292181,,nonunit_in_sample,no,This is a bounded computational sample. It does not prove the full unit group or any infinite mathematical property.
1225/243,5.04115226,,nonunit_in_sample,no,This is a bounded computational sample. It does not prove the full unit group or any infinite mathematical property.
1226/243,5.04526749,,nonunit_in_sample,no,This is a bounded computational sample. It does not prove the full unit group or any infinite mathematical property.
1228/243,5.05349794,,nonunit_in_sample,no,This is a bounded computational sample. It does not prove the full unit group or any infinite mathematical property.
1229/243,5.05761317,,nonunit_in_sample,no,This is a bounded computational sample. It does not prove the full unit group or any infinite mathematical property.
1231/243,5.06584362,,nonunit_in_sample,no,This is a bounded computational sample. It does not prove the full unit group or any infinite mathematical property.
1232/243,5.06995885,,nonunit_in_sample,no,This is a bounded computational sample. It does not prove the full unit group or any infinite mathematical property.
1234/243,5.07818930,,nonunit_in_sample,no,This is a bounded computational sample. It does not prove the full unit group or any infinite mathematical property.
1235/243,5.08230453,,nonunit_in_sample,no,This is a bounded computational sample. It does not prove the full unit group or any infinite mathematical property.
1237/243,5.09053498,,nonunit_in_sample,no,This is a bounded computational sample. It does not prove the full unit group or any infinite mathematical property.
1238/243,5.09465021,,nonunit_in_sample,no,This is a bounded computational sample. It does not prove the full unit group or any infinite mathematical property.
1240/243,5.10288066,,nonunit_in_sample,no,This is a bounded computational sample. It does not prove the full unit group or any infinite mathematical property.
1241/243,5.10699588,,nonunit_in_sample,no,This is a bounded computational sample. It does not prove the full unit group or any infinite mathematical property.
1243/243,5.11522634,,nonunit_in_sample,no,This is a bounded computational sample. It does not prove the full unit group or any infinite mathematical property.
1244/243,5.11934156,,nonunit_in_sample,no,This is a bounded computational sample. It does not prove the full unit group or any infinite mathematical property.
1246/243,5.12757202,,nonunit_in_sample,no,This is a bounded computational sample. It does not prove the full unit group or any infinite mathematical property.
1247/243,5.13168724,,nonunit_in_sample,no,This is a bounded computational sample. It does not prove the full unit group or any infinite mathematical property.
1249/243,5.13991770,,nonunit_in_sample,no,This is a bounded computational sample. It does not prove the full unit group or any infinite mathematical property.
1250/243,5.14403292,,nonunit_in_sample,no,This is a bounded computational sample. It does not prove the full unit group or any infinite mathematical property.
1252/243,5.15226337,,nonunit_in_sample,no,This is a bounded computational sample. It does not prove the full unit group or any infinite mathematical property.
1253/243,5.15637860,,nonunit_in_sample,no,This is a bounded computational sample. It does not prove the full unit group or any infinite mathematical property.
1255/243,5.16460905,,nonunit_in_sample,no,This is a bounded computational sample. It does not prove the full unit group or any infinite mathematical property.
1256/243,5.16872428,,nonunit_in_sample,no,This is a bounded computational sample. It does not prove the full unit group or any infinite mathematical property.
1258/243,5.17695473,,nonunit_in_sample,no,This is a bounded computational sample. It does not prove the full unit group or any infinite mathematical property.
1259/243,5.18106996,,nonunit_in_sample,no,This is a bounded computational sample. It does not prove the full unit group or any infinite mathematical property.
1261/243,5.18930041,,nonunit_in_sample,no,This is a bounded computational sample. It does not prove the full unit group or any infinite mathematical property.
1262/243,5.19341564,,nonunit_in_sample,no,This is a bounded computational sample. It does not prove the full unit group or any infinite mathematical property.
1264/243,5.20164609,,nonunit_in_sample,no,This is a bounded computational sample. It does not prove the full unit group or any infinite mathematical property.
1265/243,5.20576132,,nonunit_in_sample,no,This is a bounded computational sample. It does not prove the full unit group or any infinite mathematical property.
1267/243,5.21399177,,nonunit_in_sample,no,This is a bounded computational sample. It does not prove the full unit group or any infinite mathematical property.
1268/243,5.21810700,,nonunit_in_sample,no,This is a bounded computational sample. It does not prove the full unit group or any infinite mathematical property.
1270/243,5.22633745,,nonunit_in_sample,no,This is a bounded computational sample. It does not prove the full unit group or any infinite mathematical property.
1271/243,5.23045267,,nonunit_in_sample,no,This is a bounded computational sample. It does not prove the full unit group or any infinite mathematical property.
1273/243,5.23868313,,nonunit_in_sample,no,This is a bounded computational sample. It does not prove the full unit group or any infinite mathematical property.
1274/243,5.24279835,,nonunit_in_sample,no,This is a bounded computational sample. It does not prove the full unit group or any infinite mathematical property.
1276/243,5.25102881,,nonunit_in_sample,no,This is a bounded computational sample. It does not prove the full unit group or any infinite mathematical property.
1277/243,5.25514403,,nonunit_in_sample,no,This is a bounded computational sample. It does not prove the full unit group or any infinite mathematical property.
1279/243,5.26337449,,nonunit_in_sample,no,This is a bounded computational sample. It does not prove the full unit group or any infinite mathematical property.
1280/243,5.26748971,,nonunit_in_sample,no,This is a bounded computational sample. It does not prove the full unit group or any infinite mathematical property.
1282/243,5.27572016,,nonunit_in_sample,no,This is a bounded computational sample. It does not prove the full unit group or any infinite mathematical property.
1283/243,5.27983539,,nonunit_in_sample,no,This is a bounded computational sample. It does not prove the full unit group or any infinite mathematical property.
1285/243,5.28806584,,nonunit_in_sample,no,This is a bounded computational sample. It does not prove the full unit group or any infinite mathematical property.
1286/243,5.29218107,,nonunit_in_sample,no,This is a bounded computational sample. It does not prove the full unit group or any infinite mathematical property.
1288/243,5.30041152,,nonunit_in_sample,no,This is a bounded computational sample. It does not prove the full unit group or any infinite mathematical property.
1289/243,5.30452675,,nonunit_in_sample,no,This is a bounded computational sample. It does not prove the full unit group or any infinite mathematical property.
1291/243,5.31275720,,nonunit_in_sample,no,This is a bounded computational sample. It does not prove the full unit group or any infinite mathematical property.
1292/243,5.31687243,,nonunit_in_sample,no,This is a bounded computational sample. It does not prove the full unit group or any infinite mathematical property.
1294/243,5.32510288,,nonunit_in_sample,no,This is a bounded computational sample. It does not prove the full unit group or any infinite mathematical property.
1295/243,5.32921811,,nonunit_in_sample,no,This is a bounded computational sample. It does not prove the full unit group or any infinite mathematical property.
1297/243,5.33744856,,nonunit_in_sample,no,This is a bounded computational sample. It does not prove the full unit group or any infinite mathematical property.
1298/243,5.34156379,,nonunit_in_sample,no,This is a bounded computational sample. It does not prove the full unit group or any infinite mathematical property.
1300/243,5.34979424,,nonunit_in_sample,no,This is a bounded computational sample. It does not prove the full unit group or any infinite mathematical property.
1301/243,5.35390947,,nonunit_in_sample,no,This is a bounded computational sample. It does not prove the full unit group or any infinite mathematical property.
1303/243,5.36213992,,nonunit_in_sample,no,This is a bounded computational sample. It does not prove the full unit group or any infinite mathematical property.
1304/243,5.36625514,,nonunit_in_sample,no,This is a bounded computational sample. It does not prove the full unit group or any infinite mathematical property.
1306/243,5.37448560,,nonunit_in_sample,no,This is a bounded computational sample. It does not prove the full unit group or any infinite mathematical property.
1307/243,5.37860082,,nonunit_in_sample,no,This is a bounded computational sample. It does not prove the full unit group or any infinite mathematical property.
1309/243,5.38683128,,nonunit_in_sample,no,This is a bounded computational sample. It does not prove the full unit group or any infinite mathematical property.
1310/243,5.39094650,,nonunit_in_sample,no,This is a bounded computational sample. It does not prove the full unit group or any infinite mathematical property.
1312/243,5.39917695,,nonunit_in_sample,no,This is a bounded computational sample. It does not prove the full unit group or any infinite mathematical property.
1313/243,5.40329218,,nonunit_in_sample,no,This is a bounded computational sample. It does not prove the full unit group or any infinite mathematical property.
1315/243,5.41152263,,nonunit_in_sample,no,This is a bounded computational sample. It does not prove the full unit group or any infinite mathematical property.
1316/243,5.41563786,,nonunit_in_sample,no,This is a bounded computational sample. It does not prove the full unit group or any infinite mathematical property.
1318/243,5.42386831,,nonunit_in_sample,no,This is a bounded computational sample. It does not prove the full unit group or any infinite mathematical property.
1319/243,5.42798354,,nonunit_in_sample,no,This is a bounded computational sample. It does not prove the full unit group or any infinite mathematical property.
1321/243,5.43621399,,nonunit_in_sample,no,This is a bounded computational sample. It does not prove the full unit group or any infinite mathematical property.
1322/243,5.44032922,,nonunit_in_sample,no,This is a bounded computational sample. It does not prove the full unit group or any infinite mathematical property.
1324/243,5.44855967,,nonunit_in_sample,no,This is a bounded computational sample. It does not prove the full unit group or any infinite mathematical property.
1325/243,5.45267490,,nonunit_in_sample,no,This is a bounded computational sample. It does not prove the full unit group or any infinite mathematical property.
1327/243,5.46090535,,nonunit_in_sample,no,This is a bounded computational sample. It does not prove the full unit group or any infinite mathematical property.
1328/243,5.46502058,,nonunit_in_sample,no,This is a bounded computational sample. It does not prove the full unit group or any infinite mathematical property.
1330/243,5.47325103,,nonunit_in_sample,no,This is a bounded computational sample. It does not prove the full unit group or any infinite mathematical property.
1331/243,5.47736626,,nonunit_in_sample,no,This is a bounded computational sample. It does not prove the full unit group or any infinite mathematical property.
1333/243,5.48559671,,nonunit_in_sample,no,This is a bounded computational sample. It does not prove the full unit group or any infinite mathematical property.
1334/243,5.48971193,,nonunit_in_sample,no,This is a bounded computational sample. It does not prove the full unit group or any infinite mathematical property.
1336/243,5.49794239,,nonunit_in_sample,no,This is a bounded computational sample. It does not prove the full unit group or any infinite mathematical property.
1337/243,5.50205761,,nonunit_in_sample,no,This is a bounded computational sample. It does not prove the full unit group or any infinite mathematical property.
1339/243,5.51028807,,nonunit_in_sample,no,This is a bounded computational sample. It does not prove the full unit group or any infinite mathematical property.
1340/243,5.51440329,,nonunit_in_sample,no,This is a bounded computational sample. It does not prove the full unit group or any infinite mathematical property.
1342/243,5.52263374,,nonunit_in_sample,no,This is a bounded computational sample. It does not prove the full unit group or any infinite mathematical property.
1343/243,5.52674897,,nonunit_in_sample,no,This is a bounded computational sample. It does not prove the full unit group or any infinite mathematical property.
1345/243,5.53497942,,nonunit_in_sample,no,This is a bounded computational sample. It does not prove the full unit group or any infinite mathematical property.
1346/243,5.53909465,,nonunit_in_sample,no,This is a bounded computational sample. It does not prove the full unit group or any infinite mathematical property.
1348/243,5.54732510,,nonunit_in_sample,no,This is a bounded computational sample. It does not prove the full unit group or any infinite mathematical property.
1349/243,5.55144033,,nonunit_in_sample,no,This is a bounded computational sample. It does not prove the full unit group or any infinite mathematical property.
1351/243,5.55967078,,nonunit_in_sample,no,This is a bounded computational sample. It does not prove the full unit group or any infinite mathematical property.
1352/243,5.56378601,,nonunit_in_sample,no,This is a bounded computational sample. It does not prove the full unit group or any infinite mathematical property.
1354/243,5.57201646,,nonunit_in_sample,no,This is a bounded computational sample. It does not prove the full unit group or any infinite mathematical property.
1355/243,5.57613169,,nonunit_in_sample,no,This is a bounded computational sample. It does not prove the full unit group or any infinite mathematical property.
1357/243,5.58436214,,nonunit_in_sample,no,This is a bounded computational sample. It does not prove the full unit group or any infinite mathematical property.
1358/243,5.58847737,,nonunit_in_sample,no,This is a bounded computational sample. It does not prove the full unit group or any infinite mathematical property.
1360/243,5.59670782,,nonunit_in_sample,no,This is a bounded computational sample. It does not prove the full unit group or any infinite mathematical property.
1361/243,5.60082305,,nonunit_in_sample,no,This is a bounded computational sample. It does not prove the full unit group or any infinite mathematical property.
1363/243,5.60905350,,nonunit_in_sample,no,This is a bounded computational sample. It does not prove the full unit group or any infinite mathematical property.
1364/243,5.61316872,,nonunit_in_sample,no,This is a bounded computational sample. It does not prove the full unit group or any infinite mathematical property.
1366/243,5.62139918,,nonunit_in_sample,no,This is a bounded computational sample. It does not prove the full unit group or any infinite mathematical property.
1367/243,5.62551440,,nonunit_in_sample,no,This is a bounded computational sample. It does not prove the full unit group or any infinite mathematical property.
1369/243,5.63374486,,nonunit_in_sample,no,This is a bounded computational sample. It does not prove the full unit group or any infinite mathematical property.
1370/243,5.63786008,,nonunit_in_sample,no,This is a bounded computational sample. It does not prove the full unit group or any infinite mathematical property.
1372/243,5.64609053,,nonunit_in_sample,no,This is a bounded computational sample. It does not prove the full unit group or any infinite mathematical property.
1373/243,5.65020576,,nonunit_in_sample,no,This is a bounded computational sample. It does not prove the full unit group or any infinite mathematical property.
1375/243,5.65843621,,nonunit_in_sample,no,This is a bounded computational sample. It does not prove the full unit group or any infinite mathematical property.
1376/243,5.66255144,,nonunit_in_sample,no,This is a bounded computational sample. It does not prove the full unit group or any infinite mathematical property.
1378/243,5.67078189,,nonunit_in_sample,no,This is a bounded computational sample. It does not prove the full unit group or any infinite mathematical property.
1379/243,5.67489712,,nonunit_in_sample,no,This is a bounded computational sample. It does not prove the full unit group or any infinite mathematical property.
1381/243,5.68312757,,nonunit_in_sample,no,This is a bounded computational sample. It does not prove the full unit group or any infinite mathematical property.
1382/243,5.68724280,,nonunit_in_sample,no,This is a bounded computational sample. It does not prove the full unit group or any infinite mathematical property.
1384/243,5.69547325,,nonunit_in_sample,no,This is a bounded computational sample. It does not prove the full unit group or any infinite mathematical property.
1385/243,5.69958848,,nonunit_in_sample,no,This is a bounded computational sample. It does not prove the full unit group or any infinite mathematical property.
1387/243,5.70781893,,nonunit_in_sample,no,This is a bounded computational sample. It does not prove the full unit group or any infinite mathematical property.
1388/243,5.71193416,,nonunit_in_sample,no,This is a bounded computational sample. It does not prove the full unit group or any infinite mathematical property.
1390/243,5.72016461,,nonunit_in_sample,no,This is a bounded computational sample. It does not prove the full unit group or any infinite mathematical property.
1391/243,5.72427984,,nonunit_in_sample,no,This is a bounded computational sample. It does not prove the full unit group or any infinite mathematical property.
1393/243,5.73251029,,nonunit_in_sample,no,This is a bounded computational sample. It does not prove the full unit group or any infinite mathematical property.
1396/243,5.74485597,,nonunit_in_sample,no,This is a bounded computational sample. It does not prove the full unit group or any infinite mathematical property.
1397/243,5.74897119,,nonunit_in_sample,no,This is a bounded computational sample. It does not prove the full unit group or any infinite mathematical property.
1399/243,5.75720165,,nonunit_in_sample,no,This is a bounded computational sample. It does not prove the full unit group or any infinite mathematical property.
1400/243,5.76131687,,nonunit_in_sample,no,This is a bounded computational sample. It does not prove the full unit group or any infinite mathematical property.
1402/243,5.76954733,,nonunit_in_sample,no,This is a bounded computational sample. It does not prove the full unit group or any infinite mathematical property.
1403/243,5.77366255,,nonunit_in_sample,no,This is a bounded computational sample. It does not prove the full unit group or any infinite mathematical property.
1405/243,5.78189300,,nonunit_in_sample,no,This is a bounded computational sample. It does not prove the full unit group or any infinite mathematical property.
1406/243,5.78600823,,nonunit_in_sample,no,This is a bounded computational sample. It does not prove the full unit group or any infinite mathematical property.
1408/243,5.79423868,,nonunit_in_sample,no,This is a bounded computational sample. It does not prove the full unit group or any infinite mathematical property.
1409/243,5.79835391,,nonunit_in_sample,no,This is a bounded computational sample. It does not prove the full unit group or any infinite mathematical property.
1411/243,5.80658436,,nonunit_in_sample,no,This is a bounded computational sample. It does not prove the full unit group or any infinite mathematical property.
1412/243,5.81069959,,nonunit_in_sample,no,This is a bounded computational sample. It does not prove the full unit group or any infinite mathematical property.
1414/243,5.81893004,,nonunit_in_sample,no,This is a bounded computational sample. It does not prove the full unit group or any infinite mathematical property.
1415/243,5.82304527,,nonunit_in_sample,no,This is a bounded computational sample. It does not prove the full unit group or any infinite mathematical property.
1417/243,5.83127572,,nonunit_in_sample,no,This is a bounded computational sample. It does not prove the full unit group or any infinite mathematical property.
1418/243,5.83539095,,nonunit_in_sample,no,This is a bounded computational sample. It does not prove the full unit group or any infinite mathematical property.
1420/243,5.84362140,,nonunit_in_sample,no,This is a bounded computational sample. It does not prove the full unit group or any infinite mathematical property.
1421/243,5.84773663,,nonunit_in_sample,no,This is a bounded computational sample. It does not prove the full unit group or any infinite mathematical property.
1423/243,5.85596708,,nonunit_in_sample,no,This is a bounded computational sample. It does not prove the full unit group or any infinite mathematical property.
1424/243,5.86008230,,nonunit_in_sample,no,This is a bounded computational sample. It does not prove the full unit group or any infinite mathematical property.
1427/243,5.87242798,,nonunit_in_sample,no,This is a bounded computational sample. It does not prove the full unit group or any infinite mathematical property.
1429/243,5.88065844,,nonunit_in_sample,no,This is a bounded computational sample. It does not prove the full unit group or any infinite mathematical property.
1430/243,5.88477366,,nonunit_in_sample,no,This is a bounded computational sample. It does not prove the full unit group or any infinite mathematical property.
1432/243,5.89300412,,nonunit_in_sample,no,This is a bounded computational sample. It does not prove the full unit group or any infinite mathematical property.
1433/243,5.89711934,,nonunit_in_sample,no,This is a bounded computational sample. It does not prove the full unit group or any infinite mathematical property.
1435/243,5.90534979,,nonunit_in_sample,no,This is a bounded computational sample. It does not prove the full unit group or any infinite mathematical property.
1436/243,5.90946502,,nonunit_in_sample,no,This is a bounded computational sample. It does not prove the full unit group or any infinite mathematical property.
1438/243,5.91769547,,nonunit_in_sample,no,This is a bounded computational sample. It does not prove the full unit group or any infinite mathematical property.
1439/243,5.92181070,,nonunit_in_sample,no,This is a bounded computational sample. It does not prove the full unit group or any infinite mathematical property.
1441/243,5.93004115,,nonunit_in_sample,no,This is a bounded computational sample. It does not prove the full unit group or any infinite mathematical property.
1444/243,5.94238683,,nonunit_in_sample,no,This is a bounded computational sample. It does not prove the full unit group or any infinite mathematical property.
1445/243,5.94650206,,nonunit_in_sample,no,This is a bounded computational sample. It does not prove the full unit group or any infinite mathematical property.
1447/243,5.95473251,,nonunit_in_sample,no,This is a bounded computational sample. It does not prove the full unit group or any infinite mathematical property.
1448/243,5.95884774,,nonunit_in_sample,no,This is a bounded computational sample. It does not prove the full unit group or any infinite mathematical property.
1450/243,5.96707819,,nonunit_in_sample,no,This is a bounded computational sample. It does not prove the full unit group or any infinite mathematical property.
1451/243,5.97119342,,nonunit_in_sample,no,This is a bounded computational sample. It does not prove the full unit group or any infinite mathematical property.
1453/243,5.97942387,,nonunit_in_sample,no,This is a bounded computational sample. It does not prove the full unit group or any infinite mathematical property.
1454/243,5.98353909,,nonunit_in_sample,no,This is a bounded computational sample. It does not prove the full unit group or any infinite mathematical property.
1456/243,5.99176955,,nonunit_in_sample,no,This is a bounded computational sample. It does not prove the full unit group or any infinite mathematical property.
1457/243,5.99588477,,nonunit_in_sample,no,This is a bounded computational sample. It does not prove the full unit group or any infinite mathematical property.
1459/243,6.00411523,,nonunit_in_sample,no,This is a bounded computational sample. It does not prove the full unit group or any infinite mathematical property.
1460/243,6.00823045,,nonunit_in_sample,no,This is a bounded computational sample. It does not prove the full unit group or any infinite mathematical property.
1462/243,6.01646091,,nonunit_in_sample,no,This is a bounded computational sample. It does not prove the full unit group or any infinite mathematical property.
1463/243,6.02057613,,nonunit_in_sample,no,This is a bounded computational sample. It does not prove the full unit group or any infinite mathematical property.
1465/243,6.02880658,,nonunit_in_sample,no,This is a bounded computational sample. It does not prove the full unit group or any infinite mathematical property.
1468/243,6.04115226,,nonunit_in_sample,no,This is a bounded computational sample. It does not prove the full unit group or any infinite mathematical property.
1469/243,6.04526749,,nonunit_in_sample,no,This is a bounded computational sample. It does not prove the full unit group or any infinite mathematical property.
1471/243,6.05349794,,nonunit_in_sample,no,This is a bounded computational sample. It does not prove the full unit group or any infinite mathematical property.
1472/243,6.05761317,,nonunit_in_sample,no,This is a bounded computational sample. It does not prove the full unit group or any infinite mathematical property.
1475/243,6.06995885,,nonunit_in_sample,no,This is a bounded computational sample. It does not prove the full unit group or any infinite mathematical property.
1477/243,6.07818930,,nonunit_in_sample,no,This is a bounded computational sample. It does not prove the full unit group or any infinite mathematical property.
1478/243,6.08230453,,nonunit_in_sample,no,This is a bounded computational sample. It does not prove the full unit group or any infinite mathematical property.
1480/243,6.09053498,,nonunit_in_sample,no,This is a bounded computational sample. It does not prove the full unit group or any infinite mathematical property.
1481/243,6.09465021,,nonunit_in_sample,no,This is a bounded computational sample. It does not prove the full unit group or any infinite mathematical property.
1483/243,6.10288066,,nonunit_in_sample,no,This is a bounded computational sample. It does not prove the full unit group or any infinite mathematical property.
1484/243,6.10699588,,nonunit_in_sample,no,This is a bounded computational sample. It does not prove the full unit group or any infinite mathematical property.
1486/243,6.11522634,,nonunit_in_sample,no,This is a bounded computational sample. It does not prove the full unit group or any infinite mathematical property.
1487/243,6.11934156,,nonunit_in_sample,no,This is a bounded computational sample. It does not prove the full unit group or any infinite mathematical property.
1489/243,6.12757202,,nonunit_in_sample,no,This is a bounded computational sample. It does not prove the full unit group or any infinite mathematical property.
1492/243,6.13991770,,nonunit_in_sample,no,This is a bounded computational sample. It does not prove the full unit group or any infinite mathematical property.
1493/243,6.14403292,,nonunit_in_sample,no,This is a bounded computational sample. It does not prove the full unit group or any infinite mathematical property.
1495/243,6.15226337,,nonunit_in_sample,no,This is a bounded computational sample. It does not prove the full unit group or any infinite mathematical property.
1496/243,6.15637860,,nonunit_in_sample,no,This is a bounded computational sample. It does not prove the full unit group or any infinite mathematical property.
1499/243,6.16872428,,nonunit_in_sample,no,This is a bounded computational sample. It does not prove the full unit group or any infinite mathematical property.
1501/243,6.17695473,,nonunit_in_sample,no,This is a bounded computational sample. It does not prove the full unit group or any infinite mathematical property.
1504/243,6.18930041,,nonunit_in_sample,no,This is a bounded computational sample. It does not prove the full unit group or any infinite mathematical property.
1505/243,6.19341564,,nonunit_in_sample,no,This is a bounded computational sample. It does not prove the full unit group or any infinite mathematical property.
1507/243,6.20164609,,nonunit_in_sample,no,This is a bounded computational sample. It does not prove the full unit group or any infinite mathematical property.
1508/243,6.20576132,,nonunit_in_sample,no,This is a bounded computational sample. It does not prove the full unit group or any infinite mathematical property.
1510/243,6.21399177,,nonunit_in_sample,no,This is a bounded computational sample. It does not prove the full unit group or any infinite mathematical property.
1511/243,6.21810700,,nonunit_in_sample,no,This is a bounded computational sample. It does not prove the full unit group or any infinite mathematical property.
1513/243,6.22633745,,nonunit_in_sample,no,This is a bounded computational sample. It does not prove the full unit group or any infinite mathematical property.
1516/243,6.23868313,,nonunit_in_sample,no,This is a bounded computational sample. It does not prove the full unit group or any infinite mathematical property.
1517/243,6.24279835,,nonunit_in_sample,no,This is a bounded computational sample. It does not prove the full unit group or any infinite mathematical property.
1519/243,6.25102881,,nonunit_in_sample,no,This is a bounded computational sample. It does not prove the full unit group or any infinite mathematical property.
1520/243,6.25514403,,nonunit_in_sample,no,This is a bounded computational sample. It does not prove the full unit group or any infinite mathematical property.
1523/243,6.26748971,,nonunit_in_sample,no,This is a bounded computational sample. It does not prove the full unit group or any infinite mathematical property.
1525/243,6.27572016,,nonunit_in_sample,no,This is a bounded computational sample. It does not prove the full unit group or any infinite mathematical property.
1526/243,6.27983539,,nonunit_in_sample,no,This is a bounded computational sample. It does not prove the full unit group or any infinite mathematical property.
1528/243,6.28806584,,nonunit_in_sample,no,This is a bounded computational sample. It does not prove the full unit group or any infinite mathematical property.
1529/243,6.29218107,,nonunit_in_sample,no,This is a bounded computational sample. It does not prove the full unit group or any infinite mathematical property.
1531/243,6.30041152,,nonunit_in_sample,no,This is a bounded computational sample. It does not prove the full unit group or any infinite mathematical property.
1532/243,6.30452675,,nonunit_in_sample,no,This is a bounded computational sample. It does not prove the full unit group or any infinite mathematical property.
1535/243,6.31687243,,nonunit_in_sample,no,This is a bounded computational sample. It does not prove the full unit group or any infinite mathematical property.
1537/243,6.32510288,,nonunit_in_sample,no,This is a bounded computational sample. It does not prove the full unit group or any infinite mathematical property.
1540/243,6.33744856,,nonunit_in_sample,no,This is a bounded computational sample. It does not prove the full unit group or any infinite mathematical property.
1541/243,6.34156379,,nonunit_in_sample,no,This is a bounded computational sample. It does not prove the full unit group or any infinite mathematical property.
1543/243,6.34979424,,nonunit_in_sample,no,This is a bounded computational sample. It does not prove the full unit group or any infinite mathematical property.
1544/243,6.35390947,,nonunit_in_sample,no,This is a bounded computational sample. It does not prove the full unit group or any infinite mathematical property.
1547/243,6.36625514,,nonunit_in_sample,no,This is a bounded computational sample. It does not prove the full unit group or any infinite mathematical property.
1549/243,6.37448560,,nonunit_in_sample,no,This is a bounded computational sample. It does not prove the full unit group or any infinite mathematical property.
1552/243,6.38683128,,nonunit_in_sample,no,This is a bounded computational sample. It does not prove the full unit group or any infinite mathematical property.
1553/243,6.39094650,,nonunit_in_sample,no,This is a bounded computational sample. It does not prove the full unit group or any infinite mathematical property.
1555/243,6.39917695,,nonunit_in_sample,no,This is a bounded computational sample. It does not prove the full unit group or any infinite mathematical property.
1558/243,6.41152263,,nonunit_in_sample,no,This is a bounded computational sample. It does not prove the full unit group or any infinite mathematical property.
1559/243,6.41563786,,nonunit_in_sample,no,This is a bounded computational sample. It does not prove the full unit group or any infinite mathematical property.
1561/243,6.42386831,,nonunit_in_sample,no,This is a bounded computational sample. It does not prove the full unit group or any infinite mathematical property.
1564/243,6.43621399,,nonunit_in_sample,no,This is a bounded computational sample. It does not prove the full unit group or any infinite mathematical property.
1565/243,6.44032922,,nonunit_in_sample,no,This is a bounded computational sample. It does not prove the full unit group or any infinite mathematical property.
1567/243,6.44855967,,nonunit_in_sample,no,This is a bounded computational sample. It does not prove the full unit group or any infinite mathematical property.
1568/243,6.45267490,,nonunit_in_sample,no,This is a bounded computational sample. It does not prove the full unit group or any infinite mathematical property.
1571/243,6.46502058,,nonunit_in_sample,no,This is a bounded computational sample. It does not prove the full unit group or any infinite mathematical property.
1573/243,6.47325103,,nonunit_in_sample,no,This is a bounded computational sample. It does not prove the full unit group or any infinite mathematical property.
1576/243,6.48559671,,nonunit_in_sample,no,This is a bounded computational sample. It does not prove the full unit group or any infinite mathematical property.
1577/243,6.48971193,,nonunit_in_sample,no,This is a bounded computational sample. It does not prove the full unit group or any infinite mathematical property.
1579/243,6.49794239,,nonunit_in_sample,no,This is a bounded computational sample. It does not prove the full unit group or any infinite mathematical property.
1580/243,6.50205761,,nonunit_in_sample,no,This is a bounded computational sample. It does not prove the full unit group or any infinite mathematical property.
1583/243,6.51440329,,nonunit_in_sample,no,This is a bounded computational sample. It does not prove the full unit group or any infinite mathematical property.
1585/243,6.52263374,,nonunit_in_sample,no,This is a bounded computational sample. It does not prove the full unit group or any infinite mathematical property.
1589/243,6.53909465,,nonunit_in_sample,no,This is a bounded computational sample. It does not prove the full unit group or any infinite mathematical property.
1591/243,6.54732510,,nonunit_in_sample,no,This is a bounded computational sample. It does not prove the full unit group or any infinite mathematical property.
1592/243,6.55144033,,nonunit_in_sample,no,This is a bounded computational sample. It does not prove the full unit group or any infinite mathematical property.
1595/243,6.56378601,,nonunit_in_sample,no,This is a bounded computational sample. It does not prove the full unit group or any infinite mathematical property.
1597/243,6.57201646,,nonunit_in_sample,no,This is a bounded computational sample. It does not prove the full unit group or any infinite mathematical property.
1600/243,6.58436214,,nonunit_in_sample,no,This is a bounded computational sample. It does not prove the full unit group or any infinite mathematical property.
1601/243,6.58847737,,nonunit_in_sample,no,This is a bounded computational sample. It does not prove the full unit group or any infinite mathematical property.
1603/243,6.59670782,,nonunit_in_sample,no,This is a bounded computational sample. It does not prove the full unit group or any infinite mathematical property.
1607/243,6.61316872,,nonunit_in_sample,no,This is a bounded computational sample. It does not prove the full unit group or any infinite mathematical property.
1609/243,6.62139918,,nonunit_in_sample,no,This is a bounded computational sample. It does not prove the full unit group or any infinite mathematical property.
1612/243,6.63374486,,nonunit_in_sample,no,This is a bounded computational sample. It does not prove the full unit group or any infinite mathematical property.
1613/243,6.63786008,,nonunit_in_sample,no,This is a bounded computational sample. It does not prove the full unit group or any infinite mathematical property.
1615/243,6.64609053,,nonunit_in_sample,no,This is a bounded computational sample. It does not prove the full unit group or any infinite mathematical property.
1616/243,6.65020576,,nonunit_in_sample,no,This is a bounded computational sample. It does not prove the full unit group or any infinite mathematical property.
1619/243,6.66255144,,nonunit_in_sample,no,This is a bounded computational sample. It does not prove the full unit group or any infinite mathematical property.
1621/243,6.67078189,,nonunit_in_sample,no,This is a bounded computational sample. It does not prove the full unit group or any infinite mathematical property.
1624/243,6.68312757,,nonunit_in_sample,no,This is a bounded computational sample. It does not prove the full unit group or any infinite mathematical property.
1625/243,6.68724280,,nonunit_in_sample,no,This is a bounded computational sample. It does not prove the full unit group or any infinite mathematical property.
1627/243,6.69547325,,nonunit_in_sample,no,This is a bounded computational sample. It does not prove the full unit group or any infinite mathematical property.
1631/243,6.71193416,,nonunit_in_sample,no,This is a bounded computational sample. It does not prove the full unit group or any infinite mathematical property.
1633/243,6.72016461,,nonunit_in_sample,no,This is a bounded computational sample. It does not prove the full unit group or any infinite mathematical property.
1639/243,6.74485597,,nonunit_in_sample,no,This is a bounded computational sample. It does not prove the full unit group or any infinite mathematical property.
1640/243,6.74897119,,nonunit_in_sample,no,This is a bounded computational sample. It does not prove the full unit group or any infinite mathematical property.
1643/243,6.76131687,,nonunit_in_sample,no,This is a bounded computational sample. It does not prove the full unit group or any infinite mathematical property.
1645/243,6.76954733,,nonunit_in_sample,no,This is a bounded computational sample. It does not prove the full unit group or any infinite mathematical property.
1648/243,6.78189300,,nonunit_in_sample,no,This is a bounded computational sample. It does not prove the full unit group or any infinite mathematical property.
1649/243,6.78600823,,nonunit_in_sample,no,This is a bounded computational sample. It does not prove the full unit group or any infinite mathematical property.
1651/243,6.79423868,,nonunit_in_sample,no,This is a bounded computational sample. It does not prove the full unit group or any infinite mathematical property.
1655/243,6.81069959,,nonunit_in_sample,no,This is a bounded computational sample. It does not prove the full unit group or any infinite mathematical property.
1657/243,6.81893004,,nonunit_in_sample,no,This is a bounded computational sample. It does not prove the full unit group or any infinite mathematical property.
1661/243,6.83539095,,nonunit_in_sample,no,This is a bounded computational sample. It does not prove the full unit group or any infinite mathematical property.
1663/243,6.84362140,,nonunit_in_sample,no,This is a bounded computational sample. It does not prove the full unit group or any infinite mathematical property.
1667/243,6.86008230,,nonunit_in_sample,no,This is a bounded computational sample. It does not prove the full unit group or any infinite mathematical property.
1672/243,6.88065844,,nonunit_in_sample,no,This is a bounded computational sample. It does not prove the full unit group or any infinite mathematical property.
1673/243,6.88477366,,nonunit_in_sample,no,This is a bounded computational sample. It does not prove the full unit group or any infinite mathematical property.
1675/243,6.89300412,,nonunit_in_sample,no,This is a bounded computational sample. It does not prove the full unit group or any infinite mathematical property.
1679/243,6.90946502,,nonunit_in_sample,no,This is a bounded computational sample. It does not prove the full unit group or any infinite mathematical property.
1681/243,6.91769547,,nonunit_in_sample,no,This is a bounded computational sample. It does not prove the full unit group or any infinite mathematical property.
1687/243,6.94238683,,nonunit_in_sample,no,This is a bounded computational sample. It does not prove the full unit group or any infinite mathematical property.
1688/243,6.94650206,,nonunit_in_sample,no,This is a bounded computational sample. It does not prove the full unit group or any infinite mathematical property.
1691/243,6.95884774,,nonunit_in_sample,no,This is a bounded computational sample. It does not prove the full unit group or any infinite mathematical property.
1693/243,6.96707819,,nonunit_in_sample,no,This is a bounded computational sample. It does not prove the full unit group or any infinite mathematical property.
1697/243,6.98353909,,nonunit_in_sample,no,This is a bounded computational sample. It does not prove the full unit group or any infinite mathematical property.
1699/243,6.99176955,,nonunit_in_sample,no,This is a bounded computational sample. It does not prove the full unit group or any infinite mathematical property.
1703/243,7.00823045,,nonunit_in_sample,no,This is a bounded computational sample. It does not prove the full unit group or any infinite mathematical property.
1705/243,7.01646091,,nonunit_in_sample,no,This is a bounded computational sample. It does not prove the full unit group or any infinite mathematical property.
1711/243,7.04115226,,nonunit_in_sample,no,This is a bounded computational sample. It does not prove the full unit group or any infinite mathematical property.
1715/243,7.05761317,,nonunit_in_sample,no,This is a bounded computational sample. It does not prove the full unit group or any infinite mathematical property.
1720/243,7.07818930,,nonunit_in_sample,no,This is a bounded computational sample. It does not prove the full unit group or any infinite mathematical property.
1721/243,7.08230453,,nonunit_in_sample,no,This is a bounded computational sample. It does not prove the full unit group or any infinite mathematical property.
1723/243,7.09053498,,nonunit_in_sample,no,This is a bounded computational sample. It does not prove the full unit group or any infinite mathematical property.
1727/243,7.10699588,,nonunit_in_sample,no,This is a bounded computational sample. It does not prove the full unit group or any infinite mathematical property.
1729/243,7.11522634,,nonunit_in_sample,no,This is a bounded computational sample. It does not prove the full unit group or any infinite mathematical property.
1735/243,7.13991770,,nonunit_in_sample,no,This is a bounded computational sample. It does not prove the full unit group or any infinite mathematical property.
1739/243,7.15637860,,nonunit_in_sample,no,This is a bounded computational sample. It does not prove the full unit group or any infinite mathematical property.
1747/243,7.18930041,,nonunit_in_sample,no,This is a bounded computational sample. It does not prove the full unit group or any infinite mathematical property.
1751/243,7.20576132,,nonunit_in_sample,no,This is a bounded computational sample. It does not prove the full unit group or any infinite mathematical property.
1753/243,7.21399177,,nonunit_in_sample,no,This is a bounded computational sample. It does not prove the full unit group or any infinite mathematical property.
1759/243,7.23868313,,nonunit_in_sample,no,This is a bounded computational sample. It does not prove the full unit group or any infinite mathematical property.
1763/243,7.25514403,,nonunit_in_sample,no,This is a bounded computational sample. It does not prove the full unit group or any infinite mathematical property.
1769/243,7.27983539,,nonunit_in_sample,no,This is a bounded computational sample. It does not prove the full unit group or any infinite mathematical property.
1771/243,7.28806584,,nonunit_in_sample,no,This is a bounded computational sample. It does not prove the full unit group or any infinite mathematical property.
1775/243,7.30452675,,nonunit_in_sample,no,This is a bounded computational sample. It does not prove the full unit group or any infinite mathematical property.
1783/243,7.33744856,,nonunit_in_sample,no,This is a bounded computational sample. It does not prove the full unit group or any infinite mathematical property.
1787/243,7.35390947,,nonunit_in_sample,no,This is a bounded computational sample. It does not prove the full unit group or any infinite mathematical property.
1795/243,7.38683128,,nonunit_in_sample,no,This is a bounded computational sample. It does not prove the full unit group or any infinite mathematical property.
1801/243,7.41152263,,nonunit_in_sample,no,This is a bounded computational sample. It does not prove the full unit group or any infinite mathematical property.
1807/243,7.43621399,,nonunit_in_sample,no,This is a bounded computational sample. It does not prove the full unit group or any infinite mathematical property.
1811/243,7.45267490,,nonunit_in_sample,no,This is a bounded computational sample. It does not prove the full unit group or any infinite mathematical property.
1819/243,7.48559671,,nonunit_in_sample,no,This is a bounded computational sample. It does not prove the full unit group or any infinite mathematical property.
1823/243,7.50205761,,nonunit_in_sample,no,This is a bounded computational sample. It does not prove the full unit group or any infinite mathematical property.
1835/243,7.55144033,,nonunit_in_sample,no,This is a bounded computational sample. It does not prove the full unit group or any infinite mathematical property.
1843/243,7.58436214,,nonunit_in_sample,no,This is a bounded computational sample. It does not prove the full unit group or any infinite mathematical property.
1855/243,7.63374486,,nonunit_in_sample,no,This is a bounded computational sample. It does not prove the full unit group or any infinite mathematical property.
1859/243,7.65020576,,nonunit_in_sample,no,This is a bounded computational sample. It does not prove the full unit group or any infinite mathematical property.
1867/243,7.68312757,,nonunit_in_sample,no,This is a bounded computational sample. It does not prove the full unit group or any infinite mathematical property.
1883/243,7.74897119,,nonunit_in_sample,no,This is a bounded computational sample. It does not prove the full unit group or any infinite mathematical property.
1891/243,7.78189300,,nonunit_in_sample,no,This is a bounded computational sample. It does not prove the full unit group or any infinite mathematical property.
1915/243,7.88065844,,nonunit_in_sample,no,This is a bounded computational sample. It does not prove the full unit group or any infinite mathematical property.
1931/243,7.94650206,,nonunit_in_sample,no,This is a bounded computational sample. It does not prove the full unit group or any infinite mathematical property.
1963/243,8.07818930,,nonunit_in_sample,no,This is a bounded computational sample. It does not prove the full unit group or any infinite mathematical property.
