class_id,representative,class_size,elements,units_used,theoretical_case,notes
1,1,1,1,1,mixed_fraction,This is a bounded computational sample. It does not prove the complete associate-class structure of the infinite monoid.
2,2,1,2,1,mixed_fraction,This is a bounded computational sample. It does not prove the complete associate-class structure of the infinite monoid.
3,2/3,1,2/3,1,mixed_fraction,This is a bounded computational sample. It does not prove the complete associate-class structure of the infinite monoid.
4,3,1,3,1,mixed_fraction,This is a bounded computational sample. It does not prove the complete associate-class structure of the infinite monoid.
5,4,1,4,1,mixed_fraction,This is a bounded computational sample. It does not prove the complete associate-class structure of the infinite monoid.
6,4/3,1,4/3,1,mixed_fraction,This is a bounded computational sample. It does not prove the complete associate-class structure of the infinite monoid.
7,4/9,1,4/9,1,mixed_fraction,This is a bounded computational sample. It does not prove the complete associate-class structure of the infinite monoid.
8,5,1,5,1,mixed_fraction,This is a bounded computational sample. It does not prove the complete associate-class structure of the infinite monoid.
9,5/3,1,5/3,1,mixed_fraction,This is a bounded computational sample. It does not prove the complete associate-class structure of the infinite monoid.
10,7/3,1,7/3,1,mixed_fraction,This is a bounded computational sample. It does not prove the complete associate-class structure of the infinite monoid.
11,8/3,1,8/3,1,mixed_fraction,This is a bounded computational sample. It does not prove the complete associate-class structure of the infinite monoid.
12,8/9,1,8/9,1,mixed_fraction,This is a bounded computational sample. It does not prove the complete associate-class structure of the infinite monoid.
13,8/27,1,8/27,1,mixed_fraction,This is a bounded computational sample. It does not prove the complete associate-class structure of the infinite monoid.
14,10/3,1,10/3,1,mixed_fraction,This is a bounded computational sample. It does not prove the complete associate-class structure of the infinite monoid.
15,10/9,1,10/9,1,mixed_fraction,This is a bounded computational sample. It does not prove the complete associate-class structure of the infinite monoid.
16,11/3,1,11/3,1,mixed_fraction,This is a bounded computational sample. It does not prove the complete associate-class structure of the infinite monoid.
17,13/3,1,13/3,1,mixed_fraction,This is a bounded computational sample. It does not prove the complete associate-class structure of the infinite monoid.
18,13/9,1,13/9,1,mixed_fraction,This is a bounded computational sample. It does not prove the complete associate-class structure of the infinite monoid.
19,14/3,1,14/3,1,mixed_fraction,This is a bounded computational sample. It does not prove the complete associate-class structure of the infinite monoid.
20,14/9,1,14/9,1,mixed_fraction,This is a bounded computational sample. It does not prove the complete associate-class structure of the infinite monoid.
21,16/3,1,16/3,1,mixed_fraction,This is a bounded computational sample. It does not prove the complete associate-class structure of the infinite monoid.
22,16/9,1,16/9,1,mixed_fraction,This is a bounded computational sample. It does not prove the complete associate-class structure of the infinite monoid.
23,16/27,1,16/27,1,mixed_fraction,This is a bounded computational sample. It does not prove the complete associate-class structure of the infinite monoid.
24,16/81,1,16/81,1,mixed_fraction,This is a bounded computational sample. It does not prove the complete associate-class structure of the infinite monoid.
25,17/3,1,17/3,1,mixed_fraction,This is a bounded computational sample. It does not prove the complete associate-class structure of the infinite monoid.
26,17/9,1,17/9,1,mixed_fraction,This is a bounded computational sample. It does not prove the complete associate-class structure of the infinite monoid.
27,19/3,1,19/3,1,mixed_fraction,This is a bounded computational sample. It does not prove the complete associate-class structure of the infinite monoid.
28,19/9,1,19/9,1,mixed_fraction,This is a bounded computational sample. It does not prove the complete associate-class structure of the infinite monoid.
29,20/9,1,20/9,1,mixed_fraction,This is a bounded computational sample. It does not prove the complete associate-class structure of the infinite monoid.
30,20/27,1,20/27,1,mixed_fraction,This is a bounded computational sample. It does not prove the complete associate-class structure of the infinite monoid.
31,22/9,1,22/9,1,mixed_fraction,This is a bounded computational sample. It does not prove the complete associate-class structure of the infinite monoid.
32,23/9,1,23/9,1,mixed_fraction,This is a bounded computational sample. It does not prove the complete associate-class structure of the infinite monoid.
33,25/9,1,25/9,1,mixed_fraction,This is a bounded computational sample. It does not prove the complete associate-class structure of the infinite monoid.
34,26/9,1,26/9,1,mixed_fraction,This is a bounded computational sample. It does not prove the complete associate-class structure of the infinite monoid.
35,26/27,1,26/27,1,mixed_fraction,This is a bounded computational sample. It does not prove the complete associate-class structure of the infinite monoid.
36,28/9,1,28/9,1,mixed_fraction,This is a bounded computational sample. It does not prove the complete associate-class structure of the infinite monoid.
37,28/27,1,28/27,1,mixed_fraction,This is a bounded computational sample. It does not prove the complete associate-class structure of the infinite monoid.
38,29/9,1,29/9,1,mixed_fraction,This is a bounded computational sample. It does not prove the complete associate-class structure of the infinite monoid.
39,31/9,1,31/9,1,mixed_fraction,This is a bounded computational sample. It does not prove the complete associate-class structure of the infinite monoid.
40,32/9,1,32/9,1,mixed_fraction,This is a bounded computational sample. It does not prove the complete associate-class structure of the infinite monoid.
41,32/27,1,32/27,1,mixed_fraction,This is a bounded computational sample. It does not prove the complete associate-class structure of the infinite monoid.
42,32/81,1,32/81,1,mixed_fraction,This is a bounded computational sample. It does not prove the complete associate-class structure of the infinite monoid.
43,32/243,1,32/243,1,mixed_fraction,This is a bounded computational sample. It does not prove the complete associate-class structure of the infinite monoid.
44,34/9,1,34/9,1,mixed_fraction,This is a bounded computational sample. It does not prove the complete associate-class structure of the infinite monoid.
45,34/27,1,34/27,1,mixed_fraction,This is a bounded computational sample. It does not prove the complete associate-class structure of the infinite monoid.
46,35/9,1,35/9,1,mixed_fraction,This is a bounded computational sample. It does not prove the complete associate-class structure of the infinite monoid.
47,35/27,1,35/27,1,mixed_fraction,This is a bounded computational sample. It does not prove the complete associate-class structure of the infinite monoid.
48,37/9,1,37/9,1,mixed_fraction,This is a bounded computational sample. It does not prove the complete associate-class structure of the infinite monoid.
49,38/9,1,38/9,1,mixed_fraction,This is a bounded computational sample. It does not prove the complete associate-class structure of the infinite monoid.
50,38/27,1,38/27,1,mixed_fraction,This is a bounded computational sample. It does not prove the complete associate-class structure of the infinite monoid.
51,40/9,1,40/9,1,mixed_fraction,This is a bounded computational sample. It does not prove the complete associate-class structure of the infinite monoid.
52,40/27,1,40/27,1,mixed_fraction,This is a bounded computational sample. It does not prove the complete associate-class structure of the infinite monoid.
53,40/81,1,40/81,1,mixed_fraction,This is a bounded computational sample. It does not prove the complete associate-class structure of the infinite monoid.
54,41/9,1,41/9,1,mixed_fraction,This is a bounded computational sample. It does not prove the complete associate-class structure of the infinite monoid.
55,43/9,1,43/9,1,mixed_fraction,This is a bounded computational sample. It does not prove the complete associate-class structure of the infinite monoid.
56,43/27,1,43/27,1,mixed_fraction,This is a bounded computational sample. It does not prove the complete associate-class structure of the infinite monoid.
57,44/9,1,44/9,1,mixed_fraction,This is a bounded computational sample. It does not prove the complete associate-class structure of the infinite monoid.
58,44/27,1,44/27,1,mixed_fraction,This is a bounded computational sample. It does not prove the complete associate-class structure of the infinite monoid.
59,46/9,1,46/9,1,mixed_fraction,This is a bounded computational sample. It does not prove the complete associate-class structure of the infinite monoid.
60,46/27,1,46/27,1,mixed_fraction,This is a bounded computational sample. It does not prove the complete associate-class structure of the infinite monoid.
61,47/9,1,47/9,1,mixed_fraction,This is a bounded computational sample. It does not prove the complete associate-class structure of the infinite monoid.
62,47/27,1,47/27,1,mixed_fraction,This is a bounded computational sample. It does not prove the complete associate-class structure of the infinite monoid.
63,49/9,1,49/9,1,mixed_fraction,This is a bounded computational sample. It does not prove the complete associate-class structure of the infinite monoid.
64,50/9,1,50/9,1,mixed_fraction,This is a bounded computational sample. It does not prove the complete associate-class structure of the infinite monoid.
65,50/27,1,50/27,1,mixed_fraction,This is a bounded computational sample. It does not prove the complete associate-class structure of the infinite monoid.
66,52/9,1,52/9,1,mixed_fraction,This is a bounded computational sample. It does not prove the complete associate-class structure of the infinite monoid.
67,52/27,1,52/27,1,mixed_fraction,This is a bounded computational sample. It does not prove the complete associate-class structure of the infinite monoid.
68,52/81,1,52/81,1,mixed_fraction,This is a bounded computational sample. It does not prove the complete associate-class structure of the infinite monoid.
69,53/9,1,53/9,1,mixed_fraction,This is a bounded computational sample. It does not prove the complete associate-class structure of the infinite monoid.
70,53/27,1,53/27,1,mixed_fraction,This is a bounded computational sample. It does not prove the complete associate-class structure of the infinite monoid.
71,55/9,1,55/9,1,mixed_fraction,This is a bounded computational sample. It does not prove the complete associate-class structure of the infinite monoid.
72,55/27,1,55/27,1,mixed_fraction,This is a bounded computational sample. It does not prove the complete associate-class structure of the infinite monoid.
73,56/9,1,56/9,1,mixed_fraction,This is a bounded computational sample. It does not prove the complete associate-class structure of the infinite monoid.
74,56/27,1,56/27,1,mixed_fraction,This is a bounded computational sample. It does not prove the complete associate-class structure of the infinite monoid.
75,56/81,1,56/81,1,mixed_fraction,This is a bounded computational sample. It does not prove the complete associate-class structure of the infinite monoid.
76,58/27,1,58/27,1,mixed_fraction,This is a bounded computational sample. It does not prove the complete associate-class structure of the infinite monoid.
77,59/9,1,59/9,1,mixed_fraction,This is a bounded computational sample. It does not prove the complete associate-class structure of the infinite monoid.
78,59/27,1,59/27,1,mixed_fraction,This is a bounded computational sample. It does not prove the complete associate-class structure of the infinite monoid.
79,61/9,1,61/9,1,mixed_fraction,This is a bounded computational sample. It does not prove the complete associate-class structure of the infinite monoid.
80,61/27,1,61/27,1,mixed_fraction,This is a bounded computational sample. It does not prove the complete associate-class structure of the infinite monoid.
81,62/27,1,62/27,1,mixed_fraction,This is a bounded computational sample. It does not prove the complete associate-class structure of the infinite monoid.
82,64/27,1,64/27,1,mixed_fraction,This is a bounded computational sample. It does not prove the complete associate-class structure of the infinite monoid.
83,64/81,1,64/81,1,mixed_fraction,This is a bounded computational sample. It does not prove the complete associate-class structure of the infinite monoid.
84,64/243,1,64/243,1,mixed_fraction,This is a bounded computational sample. It does not prove the complete associate-class structure of the infinite monoid.
85,65/9,1,65/9,1,mixed_fraction,This is a bounded computational sample. It does not prove the complete associate-class structure of the infinite monoid.
86,65/27,1,65/27,1,mixed_fraction,This is a bounded computational sample. It does not prove the complete associate-class structure of the infinite monoid.
87,67/27,1,67/27,1,mixed_fraction,This is a bounded computational sample. It does not prove the complete associate-class structure of the infinite monoid.
88,68/27,1,68/27,1,mixed_fraction,This is a bounded computational sample. It does not prove the complete associate-class structure of the infinite monoid.
89,68/81,1,68/81,1,mixed_fraction,This is a bounded computational sample. It does not prove the complete associate-class structure of the infinite monoid.
90,70/27,1,70/27,1,mixed_fraction,This is a bounded computational sample. It does not prove the complete associate-class structure of the infinite monoid.
91,70/81,1,70/81,1,mixed_fraction,This is a bounded computational sample. It does not prove the complete associate-class structure of the infinite monoid.
92,71/27,1,71/27,1,mixed_fraction,This is a bounded computational sample. It does not prove the complete associate-class structure of the infinite monoid.
93,73/27,1,73/27,1,mixed_fraction,This is a bounded computational sample. It does not prove the complete associate-class structure of the infinite monoid.
94,74/27,1,74/27,1,mixed_fraction,This is a bounded computational sample. It does not prove the complete associate-class structure of the infinite monoid.
95,76/27,1,76/27,1,mixed_fraction,This is a bounded computational sample. It does not prove the complete associate-class structure of the infinite monoid.
96,76/81,1,76/81,1,mixed_fraction,This is a bounded computational sample. It does not prove the complete associate-class structure of the infinite monoid.
97,77/27,1,77/27,1,mixed_fraction,This is a bounded computational sample. It does not prove the complete associate-class structure of the infinite monoid.
98,79/27,1,79/27,1,mixed_fraction,This is a bounded computational sample. It does not prove the complete associate-class structure of the infinite monoid.
99,80/27,1,80/27,1,mixed_fraction,This is a bounded computational sample. It does not prove the complete associate-class structure of the infinite monoid.
100,80/81,1,80/81,1,mixed_fraction,This is a bounded computational sample. It does not prove the complete associate-class structure of the infinite monoid.
101,80/243,1,80/243,1,mixed_fraction,This is a bounded computational sample. It does not prove the complete associate-class structure of the infinite monoid.
102,82/27,1,82/27,1,mixed_fraction,This is a bounded computational sample. It does not prove the complete associate-class structure of the infinite monoid.
103,83/27,1,83/27,1,mixed_fraction,This is a bounded computational sample. It does not prove the complete associate-class structure of the infinite monoid.
104,85/27,1,85/27,1,mixed_fraction,This is a bounded computational sample. It does not prove the complete associate-class structure of the infinite monoid.
105,86/27,1,86/27,1,mixed_fraction,This is a bounded computational sample. It does not prove the complete associate-class structure of the infinite monoid.
106,86/81,1,86/81,1,mixed_fraction,This is a bounded computational sample. It does not prove the complete associate-class structure of the infinite monoid.
107,88/27,1,88/27,1,mixed_fraction,This is a bounded computational sample. It does not prove the complete associate-class structure of the infinite monoid.
108,88/81,1,88/81,1,mixed_fraction,This is a bounded computational sample. It does not prove the complete associate-class structure of the infinite monoid.
109,89/27,1,89/27,1,mixed_fraction,This is a bounded computational sample. It does not prove the complete associate-class structure of the infinite monoid.
110,91/27,1,91/27,1,mixed_fraction,This is a bounded computational sample. It does not prove the complete associate-class structure of the infinite monoid.
111,92/27,1,92/27,1,mixed_fraction,This is a bounded computational sample. It does not prove the complete associate-class structure of the infinite monoid.
112,92/81,1,92/81,1,mixed_fraction,This is a bounded computational sample. It does not prove the complete associate-class structure of the infinite monoid.
113,94/27,1,94/27,1,mixed_fraction,This is a bounded computational sample. It does not prove the complete associate-class structure of the infinite monoid.
114,94/81,1,94/81,1,mixed_fraction,This is a bounded computational sample. It does not prove the complete associate-class structure of the infinite monoid.
115,95/27,1,95/27,1,mixed_fraction,This is a bounded computational sample. It does not prove the complete associate-class structure of the infinite monoid.
116,97/27,1,97/27,1,mixed_fraction,This is a bounded computational sample. It does not prove the complete associate-class structure of the infinite monoid.
117,97/81,1,97/81,1,mixed_fraction,This is a bounded computational sample. It does not prove the complete associate-class structure of the infinite monoid.
118,98/27,1,98/27,1,mixed_fraction,This is a bounded computational sample. It does not prove the complete associate-class structure of the infinite monoid.
119,100/27,1,100/27,1,mixed_fraction,This is a bounded computational sample. It does not prove the complete associate-class structure of the infinite monoid.
120,100/81,1,100/81,1,mixed_fraction,This is a bounded computational sample. It does not prove the complete associate-class structure of the infinite monoid.
121,101/27,1,101/27,1,mixed_fraction,This is a bounded computational sample. It does not prove the complete associate-class structure of the infinite monoid.
122,103/27,1,103/27,1,mixed_fraction,This is a bounded computational sample. It does not prove the complete associate-class structure of the infinite monoid.
123,104/27,1,104/27,1,mixed_fraction,This is a bounded computational sample. It does not prove the complete associate-class structure of the infinite monoid.
124,104/81,1,104/81,1,mixed_fraction,This is a bounded computational sample. It does not prove the complete associate-class structure of the infinite monoid.
125,104/243,1,104/243,1,mixed_fraction,This is a bounded computational sample. It does not prove the complete associate-class structure of the infinite monoid.
126,106/27,1,106/27,1,mixed_fraction,This is a bounded computational sample. It does not prove the complete associate-class structure of the infinite monoid.
127,106/81,1,106/81,1,mixed_fraction,This is a bounded computational sample. It does not prove the complete associate-class structure of the infinite monoid.
128,107/27,1,107/27,1,mixed_fraction,This is a bounded computational sample. It does not prove the complete associate-class structure of the infinite monoid.
129,109/27,1,109/27,1,mixed_fraction,This is a bounded computational sample. It does not prove the complete associate-class structure of the infinite monoid.
130,110/27,1,110/27,1,mixed_fraction,This is a bounded computational sample. It does not prove the complete associate-class structure of the infinite monoid.
131,110/81,1,110/81,1,mixed_fraction,This is a bounded computational sample. It does not prove the complete associate-class structure of the infinite monoid.
132,112/27,1,112/27,1,mixed_fraction,This is a bounded computational sample. It does not prove the complete associate-class structure of the infinite monoid.
133,112/81,1,112/81,1,mixed_fraction,This is a bounded computational sample. It does not prove the complete associate-class structure of the infinite monoid.
134,112/243,1,112/243,1,mixed_fraction,This is a bounded computational sample. It does not prove the complete associate-class structure of the infinite monoid.
135,113/27,1,113/27,1,mixed_fraction,This is a bounded computational sample. It does not prove the complete associate-class structure of the infinite monoid.
136,113/81,1,113/81,1,mixed_fraction,This is a bounded computational sample. It does not prove the complete associate-class structure of the infinite monoid.
137,115/27,1,115/27,1,mixed_fraction,This is a bounded computational sample. It does not prove the complete associate-class structure of the infinite monoid.
138,116/27,1,116/27,1,mixed_fraction,This is a bounded computational sample. It does not prove the complete associate-class structure of the infinite monoid.
139,116/81,1,116/81,1,mixed_fraction,This is a bounded computational sample. It does not prove the complete associate-class structure of the infinite monoid.
140,118/27,1,118/27,1,mixed_fraction,This is a bounded computational sample. It does not prove the complete associate-class structure of the infinite monoid.
141,118/81,1,118/81,1,mixed_fraction,This is a bounded computational sample. It does not prove the complete associate-class structure of the infinite monoid.
142,119/27,1,119/27,1,mixed_fraction,This is a bounded computational sample. It does not prove the complete associate-class structure of the infinite monoid.
143,121/27,1,121/27,1,mixed_fraction,This is a bounded computational sample. It does not prove the complete associate-class structure of the infinite monoid.
144,121/81,1,121/81,1,mixed_fraction,This is a bounded computational sample. It does not prove the complete associate-class structure of the infinite monoid.
145,122/27,1,122/27,1,mixed_fraction,This is a bounded computational sample. It does not prove the complete associate-class structure of the infinite monoid.
146,122/81,1,122/81,1,mixed_fraction,This is a bounded computational sample. It does not prove the complete associate-class structure of the infinite monoid.
147,124/27,1,124/27,1,mixed_fraction,This is a bounded computational sample. It does not prove the complete associate-class structure of the infinite monoid.
148,124/81,1,124/81,1,mixed_fraction,This is a bounded computational sample. It does not prove the complete associate-class structure of the infinite monoid.
149,125/27,1,125/27,1,mixed_fraction,This is a bounded computational sample. It does not prove the complete associate-class structure of the infinite monoid.
150,127/27,1,127/27,1,mixed_fraction,This is a bounded computational sample. It does not prove the complete associate-class structure of the infinite monoid.
151,128/27,1,128/27,1,mixed_fraction,This is a bounded computational sample. It does not prove the complete associate-class structure of the infinite monoid.
152,128/81,1,128/81,1,mixed_fraction,This is a bounded computational sample. It does not prove the complete associate-class structure of the infinite monoid.
153,128/243,1,128/243,1,mixed_fraction,This is a bounded computational sample. It does not prove the complete associate-class structure of the infinite monoid.
154,130/27,1,130/27,1,mixed_fraction,This is a bounded computational sample. It does not prove the complete associate-class structure of the infinite monoid.
155,130/81,1,130/81,1,mixed_fraction,This is a bounded computational sample. It does not prove the complete associate-class structure of the infinite monoid.
156,131/27,1,131/27,1,mixed_fraction,This is a bounded computational sample. It does not prove the complete associate-class structure of the infinite monoid.
157,133/27,1,133/27,1,mixed_fraction,This is a bounded computational sample. It does not prove the complete associate-class structure of the infinite monoid.
158,133/81,1,133/81,1,mixed_fraction,This is a bounded computational sample. It does not prove the complete associate-class structure of the infinite monoid.
159,134/27,1,134/27,1,mixed_fraction,This is a bounded computational sample. It does not prove the complete associate-class structure of the infinite monoid.
160,134/81,1,134/81,1,mixed_fraction,This is a bounded computational sample. It does not prove the complete associate-class structure of the infinite monoid.
161,136/27,1,136/27,1,mixed_fraction,This is a bounded computational sample. It does not prove the complete associate-class structure of the infinite monoid.
162,136/81,1,136/81,1,mixed_fraction,This is a bounded computational sample. It does not prove the complete associate-class structure of the infinite monoid.
163,136/243,1,136/243,1,mixed_fraction,This is a bounded computational sample. It does not prove the complete associate-class structure of the infinite monoid.
164,137/27,1,137/27,1,mixed_fraction,This is a bounded computational sample. It does not prove the complete associate-class structure of the infinite monoid.
165,137/81,1,137/81,1,mixed_fraction,This is a bounded computational sample. It does not prove the complete associate-class structure of the infinite monoid.
166,139/27,1,139/27,1,mixed_fraction,This is a bounded computational sample. It does not prove the complete associate-class structure of the infinite monoid.
167,140/27,1,140/27,1,mixed_fraction,This is a bounded computational sample. It does not prove the complete associate-class structure of the infinite monoid.
168,140/81,1,140/81,1,mixed_fraction,This is a bounded computational sample. It does not prove the complete associate-class structure of the infinite monoid.
169,140/243,1,140/243,1,mixed_fraction,This is a bounded computational sample. It does not prove the complete associate-class structure of the infinite monoid.
170,142/27,1,142/27,1,mixed_fraction,This is a bounded computational sample. It does not prove the complete associate-class structure of the infinite monoid.
171,142/81,1,142/81,1,mixed_fraction,This is a bounded computational sample. It does not prove the complete associate-class structure of the infinite monoid.
172,143/27,1,143/27,1,mixed_fraction,This is a bounded computational sample. It does not prove the complete associate-class structure of the infinite monoid.
173,145/27,1,145/27,1,mixed_fraction,This is a bounded computational sample. It does not prove the complete associate-class structure of the infinite monoid.
174,145/81,1,145/81,1,mixed_fraction,This is a bounded computational sample. It does not prove the complete associate-class structure of the infinite monoid.
175,146/27,1,146/27,1,mixed_fraction,This is a bounded computational sample. It does not prove the complete associate-class structure of the infinite monoid.
176,146/81,1,146/81,1,mixed_fraction,This is a bounded computational sample. It does not prove the complete associate-class structure of the infinite monoid.
177,148/27,1,148/27,1,mixed_fraction,This is a bounded computational sample. It does not prove the complete associate-class structure of the infinite monoid.
178,148/81,1,148/81,1,mixed_fraction,This is a bounded computational sample. It does not prove the complete associate-class structure of the infinite monoid.
179,149/27,1,149/27,1,mixed_fraction,This is a bounded computational sample. It does not prove the complete associate-class structure of the infinite monoid.
180,149/81,1,149/81,1,mixed_fraction,This is a bounded computational sample. It does not prove the complete associate-class structure of the infinite monoid.
181,151/27,1,151/27,1,mixed_fraction,This is a bounded computational sample. It does not prove the complete associate-class structure of the infinite monoid.
182,151/81,1,151/81,1,mixed_fraction,This is a bounded computational sample. It does not prove the complete associate-class structure of the infinite monoid.
183,152/27,1,152/27,1,mixed_fraction,This is a bounded computational sample. It does not prove the complete associate-class structure of the infinite monoid.
184,152/81,1,152/81,1,mixed_fraction,This is a bounded computational sample. It does not prove the complete associate-class structure of the infinite monoid.
185,152/243,1,152/243,1,mixed_fraction,This is a bounded computational sample. It does not prove the complete associate-class structure of the infinite monoid.
186,154/27,1,154/27,1,mixed_fraction,This is a bounded computational sample. It does not prove the complete associate-class structure of the infinite monoid.
187,154/81,1,154/81,1,mixed_fraction,This is a bounded computational sample. It does not prove the complete associate-class structure of the infinite monoid.
188,155/27,1,155/27,1,mixed_fraction,This is a bounded computational sample. It does not prove the complete associate-class structure of the infinite monoid.
189,157/27,1,157/27,1,mixed_fraction,This is a bounded computational sample. It does not prove the complete associate-class structure of the infinite monoid.
190,157/81,1,157/81,1,mixed_fraction,This is a bounded computational sample. It does not prove the complete associate-class structure of the infinite monoid.
191,158/27,1,158/27,1,mixed_fraction,This is a bounded computational sample. It does not prove the complete associate-class structure of the infinite monoid.
192,158/81,1,158/81,1,mixed_fraction,This is a bounded computational sample. It does not prove the complete associate-class structure of the infinite monoid.
193,160/27,1,160/27,1,mixed_fraction,This is a bounded computational sample. It does not prove the complete associate-class structure of the infinite monoid.
194,160/81,1,160/81,1,mixed_fraction,This is a bounded computational sample. It does not prove the complete associate-class structure of the infinite monoid.
195,160/243,1,160/243,1,mixed_fraction,This is a bounded computational sample. It does not prove the complete associate-class structure of the infinite monoid.
196,161/27,1,161/27,1,mixed_fraction,This is a bounded computational sample. It does not prove the complete associate-class structure of the infinite monoid.
197,161/81,1,161/81,1,mixed_fraction,This is a bounded computational sample. It does not prove the complete associate-class structure of the infinite monoid.
198,163/27,1,163/27,1,mixed_fraction,This is a bounded computational sample. It does not prove the complete associate-class structure of the infinite monoid.
199,164/27,1,164/27,1,mixed_fraction,This is a bounded computational sample. It does not prove the complete associate-class structure of the infinite monoid.
200,164/81,1,164/81,1,mixed_fraction,This is a bounded computational sample. It does not prove the complete associate-class structure of the infinite monoid.
201,166/27,1,166/27,1,mixed_fraction,This is a bounded computational sample. It does not prove the complete associate-class structure of the infinite monoid.
202,166/81,1,166/81,1,mixed_fraction,This is a bounded computational sample. It does not prove the complete associate-class structure of the infinite monoid.
203,167/27,1,167/27,1,mixed_fraction,This is a bounded computational sample. It does not prove the complete associate-class structure of the infinite monoid.
204,167/81,1,167/81,1,mixed_fraction,This is a bounded computational sample. It does not prove the complete associate-class structure of the infinite monoid.
205,169/27,1,169/27,1,mixed_fraction,This is a bounded computational sample. It does not prove the complete associate-class structure of the infinite monoid.
206,169/81,1,169/81,1,mixed_fraction,This is a bounded computational sample. It does not prove the complete associate-class structure of the infinite monoid.
207,170/81,1,170/81,1,mixed_fraction,This is a bounded computational sample. It does not prove the complete associate-class structure of the infinite monoid.
208,172/27,1,172/27,1,mixed_fraction,This is a bounded computational sample. It does not prove the complete associate-class structure of the infinite monoid.
209,172/81,1,172/81,1,mixed_fraction,This is a bounded computational sample. It does not prove the complete associate-class structure of the infinite monoid.
210,172/243,1,172/243,1,mixed_fraction,This is a bounded computational sample. It does not prove the complete associate-class structure of the infinite monoid.
211,173/27,1,173/27,1,mixed_fraction,This is a bounded computational sample. It does not prove the complete associate-class structure of the infinite monoid.
212,173/81,1,173/81,1,mixed_fraction,This is a bounded computational sample. It does not prove the complete associate-class structure of the infinite monoid.
213,175/27,1,175/27,1,mixed_fraction,This is a bounded computational sample. It does not prove the complete associate-class structure of the infinite monoid.
214,175/81,1,175/81,1,mixed_fraction,This is a bounded computational sample. It does not prove the complete associate-class structure of the infinite monoid.
215,176/27,1,176/27,1,mixed_fraction,This is a bounded computational sample. It does not prove the complete associate-class structure of the infinite monoid.
216,176/81,1,176/81,1,mixed_fraction,This is a bounded computational sample. It does not prove the complete associate-class structure of the infinite monoid.
217,176/243,1,176/243,1,mixed_fraction,This is a bounded computational sample. It does not prove the complete associate-class structure of the infinite monoid.
218,178/81,1,178/81,1,mixed_fraction,This is a bounded computational sample. It does not prove the complete associate-class structure of the infinite monoid.
219,179/27,1,179/27,1,mixed_fraction,This is a bounded computational sample. It does not prove the complete associate-class structure of the infinite monoid.
220,181/27,1,181/27,1,mixed_fraction,This is a bounded computational sample. It does not prove the complete associate-class structure of the infinite monoid.
221,181/81,1,181/81,1,mixed_fraction,This is a bounded computational sample. It does not prove the complete associate-class structure of the infinite monoid.
222,182/81,1,182/81,1,mixed_fraction,This is a bounded computational sample. It does not prove the complete associate-class structure of the infinite monoid.
223,184/27,1,184/27,1,mixed_fraction,This is a bounded computational sample. It does not prove the complete associate-class structure of the infinite monoid.
224,184/81,1,184/81,1,mixed_fraction,This is a bounded computational sample. It does not prove the complete associate-class structure of the infinite monoid.
225,184/243,1,184/243,1,mixed_fraction,This is a bounded computational sample. It does not prove the complete associate-class structure of the infinite monoid.
226,185/27,1,185/27,1,mixed_fraction,This is a bounded computational sample. It does not prove the complete associate-class structure of the infinite monoid.
227,185/81,1,185/81,1,mixed_fraction,This is a bounded computational sample. It does not prove the complete associate-class structure of the infinite monoid.
228,187/27,1,187/27,1,mixed_fraction,This is a bounded computational sample. It does not prove the complete associate-class structure of the infinite monoid.
229,187/81,1,187/81,1,mixed_fraction,This is a bounded computational sample. It does not prove the complete associate-class structure of the infinite monoid.
230,188/81,1,188/81,1,mixed_fraction,This is a bounded computational sample. It does not prove the complete associate-class structure of the infinite monoid.
231,188/243,1,188/243,1,mixed_fraction,This is a bounded computational sample. It does not prove the complete associate-class structure of the infinite monoid.
232,190/81,1,190/81,1,mixed_fraction,This is a bounded computational sample. It does not prove the complete associate-class structure of the infinite monoid.
233,191/27,1,191/27,1,mixed_fraction,This is a bounded computational sample. It does not prove the complete associate-class structure of the infinite monoid.
234,191/81,1,191/81,1,mixed_fraction,This is a bounded computational sample. It does not prove the complete associate-class structure of the infinite monoid.
235,193/27,1,193/27,1,mixed_fraction,This is a bounded computational sample. It does not prove the complete associate-class structure of the infinite monoid.
236,193/81,1,193/81,1,mixed_fraction,This is a bounded computational sample. It does not prove the complete associate-class structure of the infinite monoid.
237,194/81,1,194/81,1,mixed_fraction,This is a bounded computational sample. It does not prove the complete associate-class structure of the infinite monoid.
238,194/243,1,194/243,1,mixed_fraction,This is a bounded computational sample. It does not prove the complete associate-class structure of the infinite monoid.
239,196/81,1,196/81,1,mixed_fraction,This is a bounded computational sample. It does not prove the complete associate-class structure of the infinite monoid.
240,197/81,1,197/81,1,mixed_fraction,This is a bounded computational sample. It does not prove the complete associate-class structure of the infinite monoid.
241,199/27,1,199/27,1,mixed_fraction,This is a bounded computational sample. It does not prove the complete associate-class structure of the infinite monoid.
242,199/81,1,199/81,1,mixed_fraction,This is a bounded computational sample. It does not prove the complete associate-class structure of the infinite monoid.
243,200/81,1,200/81,1,mixed_fraction,This is a bounded computational sample. It does not prove the complete associate-class structure of the infinite monoid.
244,200/243,1,200/243,1,mixed_fraction,This is a bounded computational sample. It does not prove the complete associate-class structure of the infinite monoid.
245,202/81,1,202/81,1,mixed_fraction,This is a bounded computational sample. It does not prove the complete associate-class structure of the infinite monoid.
246,203/27,1,203/27,1,mixed_fraction,This is a bounded computational sample. It does not prove the complete associate-class structure of the infinite monoid.
247,203/81,1,203/81,1,mixed_fraction,This is a bounded computational sample. It does not prove the complete associate-class structure of the infinite monoid.
248,205/81,1,205/81,1,mixed_fraction,This is a bounded computational sample. It does not prove the complete associate-class structure of the infinite monoid.
249,206/81,1,206/81,1,mixed_fraction,This is a bounded computational sample. It does not prove the complete associate-class structure of the infinite monoid.
250,208/81,1,208/81,1,mixed_fraction,This is a bounded computational sample. It does not prove the complete associate-class structure of the infinite monoid.
251,208/243,1,208/243,1,mixed_fraction,This is a bounded computational sample. It does not prove the complete associate-class structure of the infinite monoid.
252,209/81,1,209/81,1,mixed_fraction,This is a bounded computational sample. It does not prove the complete associate-class structure of the infinite monoid.
253,211/27,1,211/27,1,mixed_fraction,This is a bounded computational sample. It does not prove the complete associate-class structure of the infinite monoid.
254,211/81,1,211/81,1,mixed_fraction,This is a bounded computational sample. It does not prove the complete associate-class structure of the infinite monoid.
255,212/81,1,212/81,1,mixed_fraction,This is a bounded computational sample. It does not prove the complete associate-class structure of the infinite monoid.
256,212/243,1,212/243,1,mixed_fraction,This is a bounded computational sample. It does not prove the complete associate-class structure of the infinite monoid.
257,214/81,1,214/81,1,mixed_fraction,This is a bounded computational sample. It does not prove the complete associate-class structure of the infinite monoid.
258,215/81,1,215/81,1,mixed_fraction,This is a bounded computational sample. It does not prove the complete associate-class structure of the infinite monoid.
259,217/81,1,217/81,1,mixed_fraction,This is a bounded computational sample. It does not prove the complete associate-class structure of the infinite monoid.
260,218/81,1,218/81,1,mixed_fraction,This is a bounded computational sample. It does not prove the complete associate-class structure of the infinite monoid.
261,220/81,1,220/81,1,mixed_fraction,This is a bounded computational sample. It does not prove the complete associate-class structure of the infinite monoid.
262,220/243,1,220/243,1,mixed_fraction,This is a bounded computational sample. It does not prove the complete associate-class structure of the infinite monoid.
263,221/81,1,221/81,1,mixed_fraction,This is a bounded computational sample. It does not prove the complete associate-class structure of the infinite monoid.
264,223/81,1,223/81,1,mixed_fraction,This is a bounded computational sample. It does not prove the complete associate-class structure of the infinite monoid.
265,224/81,1,224/81,1,mixed_fraction,This is a bounded computational sample. It does not prove the complete associate-class structure of the infinite monoid.
266,224/243,1,224/243,1,mixed_fraction,This is a bounded computational sample. It does not prove the complete associate-class structure of the infinite monoid.
267,226/81,1,226/81,1,mixed_fraction,This is a bounded computational sample. It does not prove the complete associate-class structure of the infinite monoid.
268,226/243,1,226/243,1,mixed_fraction,This is a bounded computational sample. It does not prove the complete associate-class structure of the infinite monoid.
269,227/81,1,227/81,1,mixed_fraction,This is a bounded computational sample. It does not prove the complete associate-class structure of the infinite monoid.
270,229/81,1,229/81,1,mixed_fraction,This is a bounded computational sample. It does not prove the complete associate-class structure of the infinite monoid.
271,230/81,1,230/81,1,mixed_fraction,This is a bounded computational sample. It does not prove the complete associate-class structure of the infinite monoid.
272,232/81,1,232/81,1,mixed_fraction,This is a bounded computational sample. It does not prove the complete associate-class structure of the infinite monoid.
273,232/243,1,232/243,1,mixed_fraction,This is a bounded computational sample. It does not prove the complete associate-class structure of the infinite monoid.
274,233/81,1,233/81,1,mixed_fraction,This is a bounded computational sample. It does not prove the complete associate-class structure of the infinite monoid.
275,235/81,1,235/81,1,mixed_fraction,This is a bounded computational sample. It does not prove the complete associate-class structure of the infinite monoid.
276,236/81,1,236/81,1,mixed_fraction,This is a bounded computational sample. It does not prove the complete associate-class structure of the infinite monoid.
277,236/243,1,236/243,1,mixed_fraction,This is a bounded computational sample. It does not prove the complete associate-class structure of the infinite monoid.
278,238/81,1,238/81,1,mixed_fraction,This is a bounded computational sample. It does not prove the complete associate-class structure of the infinite monoid.
279,239/81,1,239/81,1,mixed_fraction,This is a bounded computational sample. It does not prove the complete associate-class structure of the infinite monoid.
280,241/81,1,241/81,1,mixed_fraction,This is a bounded computational sample. It does not prove the complete associate-class structure of the infinite monoid.
281,242/81,1,242/81,1,mixed_fraction,This is a bounded computational sample. It does not prove the complete associate-class structure of the infinite monoid.
282,242/243,1,242/243,1,mixed_fraction,This is a bounded computational sample. It does not prove the complete associate-class structure of the infinite monoid.
283,244/81,1,244/81,1,mixed_fraction,This is a bounded computational sample. It does not prove the complete associate-class structure of the infinite monoid.
284,244/243,1,244/243,1,mixed_fraction,This is a bounded computational sample. It does not prove the complete associate-class structure of the infinite monoid.
285,245/81,1,245/81,1,mixed_fraction,This is a bounded computational sample. It does not prove the complete associate-class structure of the infinite monoid.
286,247/81,1,247/81,1,mixed_fraction,This is a bounded computational sample. It does not prove the complete associate-class structure of the infinite monoid.
287,248/81,1,248/81,1,mixed_fraction,This is a bounded computational sample. It does not prove the complete associate-class structure of the infinite monoid.
288,248/243,1,248/243,1,mixed_fraction,This is a bounded computational sample. It does not prove the complete associate-class structure of the infinite monoid.
289,250/81,1,250/81,1,mixed_fraction,This is a bounded computational sample. It does not prove the complete associate-class structure of the infinite monoid.
290,251/81,1,251/81,1,mixed_fraction,This is a bounded computational sample. It does not prove the complete associate-class structure of the infinite monoid.
291,253/81,1,253/81,1,mixed_fraction,This is a bounded computational sample. It does not prove the complete associate-class structure of the infinite monoid.
292,254/81,1,254/81,1,mixed_fraction,This is a bounded computational sample. It does not prove the complete associate-class structure of the infinite monoid.
293,256/81,1,256/81,1,mixed_fraction,This is a bounded computational sample. It does not prove the complete associate-class structure of the infinite monoid.
294,256/243,1,256/243,1,mixed_fraction,This is a bounded computational sample. It does not prove the complete associate-class structure of the infinite monoid.
295,257/81,1,257/81,1,mixed_fraction,This is a bounded computational sample. It does not prove the complete associate-class structure of the infinite monoid.
296,259/81,1,259/81,1,mixed_fraction,This is a bounded computational sample. It does not prove the complete associate-class structure of the infinite monoid.
297,260/81,1,260/81,1,mixed_fraction,This is a bounded computational sample. It does not prove the complete associate-class structure of the infinite monoid.
298,260/243,1,260/243,1,mixed_fraction,This is a bounded computational sample. It does not prove the complete associate-class structure of the infinite monoid.
299,262/81,1,262/81,1,mixed_fraction,This is a bounded computational sample. It does not prove the complete associate-class structure of the infinite monoid.
300,263/81,1,263/81,1,mixed_fraction,This is a bounded computational sample. It does not prove the complete associate-class structure of the infinite monoid.
301,265/81,1,265/81,1,mixed_fraction,This is a bounded computational sample. It does not prove the complete associate-class structure of the infinite monoid.
302,266/81,1,266/81,1,mixed_fraction,This is a bounded computational sample. It does not prove the complete associate-class structure of the infinite monoid.
303,266/243,1,266/243,1,mixed_fraction,This is a bounded computational sample. It does not prove the complete associate-class structure of the infinite monoid.
304,268/81,1,268/81,1,mixed_fraction,This is a bounded computational sample. It does not prove the complete associate-class structure of the infinite monoid.
305,268/243,1,268/243,1,mixed_fraction,This is a bounded computational sample. It does not prove the complete associate-class structure of the infinite monoid.
306,269/81,1,269/81,1,mixed_fraction,This is a bounded computational sample. It does not prove the complete associate-class structure of the infinite monoid.
307,271/81,1,271/81,1,mixed_fraction,This is a bounded computational sample. It does not prove the complete associate-class structure of the infinite monoid.
308,272/81,1,272/81,1,mixed_fraction,This is a bounded computational sample. It does not prove the complete associate-class structure of the infinite monoid.
309,272/243,1,272/243,1,mixed_fraction,This is a bounded computational sample. It does not prove the complete associate-class structure of the infinite monoid.
310,274/81,1,274/81,1,mixed_fraction,This is a bounded computational sample. It does not prove the complete associate-class structure of the infinite monoid.
311,274/243,1,274/243,1,mixed_fraction,This is a bounded computational sample. It does not prove the complete associate-class structure of the infinite monoid.
312,275/81,1,275/81,1,mixed_fraction,This is a bounded computational sample. It does not prove the complete associate-class structure of the infinite monoid.
313,275/243,1,275/243,1,mixed_fraction,This is a bounded computational sample. It does not prove the complete associate-class structure of the infinite monoid.
314,277/81,1,277/81,1,mixed_fraction,This is a bounded computational sample. It does not prove the complete associate-class structure of the infinite monoid.
315,278/81,1,278/81,1,mixed_fraction,This is a bounded computational sample. It does not prove the complete associate-class structure of the infinite monoid.
316,280/81,1,280/81,1,mixed_fraction,This is a bounded computational sample. It does not prove the complete associate-class structure of the infinite monoid.
317,280/243,1,280/243,1,mixed_fraction,This is a bounded computational sample. It does not prove the complete associate-class structure of the infinite monoid.
318,281/81,1,281/81,1,mixed_fraction,This is a bounded computational sample. It does not prove the complete associate-class structure of the infinite monoid.
319,283/81,1,283/81,1,mixed_fraction,This is a bounded computational sample. It does not prove the complete associate-class structure of the infinite monoid.
320,284/81,1,284/81,1,mixed_fraction,This is a bounded computational sample. It does not prove the complete associate-class structure of the infinite monoid.
321,284/243,1,284/243,1,mixed_fraction,This is a bounded computational sample. It does not prove the complete associate-class structure of the infinite monoid.
322,286/81,1,286/81,1,mixed_fraction,This is a bounded computational sample. It does not prove the complete associate-class structure of the infinite monoid.
323,287/81,1,287/81,1,mixed_fraction,This is a bounded computational sample. It does not prove the complete associate-class structure of the infinite monoid.
324,289/81,1,289/81,1,mixed_fraction,This is a bounded computational sample. It does not prove the complete associate-class structure of the infinite monoid.
325,290/81,1,290/81,1,mixed_fraction,This is a bounded computational sample. It does not prove the complete associate-class structure of the infinite monoid.
326,290/243,1,290/243,1,mixed_fraction,This is a bounded computational sample. It does not prove the complete associate-class structure of the infinite monoid.
327,292/81,1,292/81,1,mixed_fraction,This is a bounded computational sample. It does not prove the complete associate-class structure of the infinite monoid.
328,292/243,1,292/243,1,mixed_fraction,This is a bounded computational sample. It does not prove the complete associate-class structure of the infinite monoid.
329,293/81,1,293/81,1,mixed_fraction,This is a bounded computational sample. It does not prove the complete associate-class structure of the infinite monoid.
330,295/81,1,295/81,1,mixed_fraction,This is a bounded computational sample. It does not prove the complete associate-class structure of the infinite monoid.
331,296/81,1,296/81,1,mixed_fraction,This is a bounded computational sample. It does not prove the complete associate-class structure of the infinite monoid.
332,296/243,1,296/243,1,mixed_fraction,This is a bounded computational sample. It does not prove the complete associate-class structure of the infinite monoid.
333,298/81,1,298/81,1,mixed_fraction,This is a bounded computational sample. It does not prove the complete associate-class structure of the infinite monoid.
334,298/243,1,298/243,1,mixed_fraction,This is a bounded computational sample. It does not prove the complete associate-class structure of the infinite monoid.
335,299/81,1,299/81,1,mixed_fraction,This is a bounded computational sample. It does not prove the complete associate-class structure of the infinite monoid.
336,301/81,1,301/81,1,mixed_fraction,This is a bounded computational sample. It does not prove the complete associate-class structure of the infinite monoid.
337,302/81,1,302/81,1,mixed_fraction,This is a bounded computational sample. It does not prove the complete associate-class structure of the infinite monoid.
338,302/243,1,302/243,1,mixed_fraction,This is a bounded computational sample. It does not prove the complete associate-class structure of the infinite monoid.
339,304/81,1,304/81,1,mixed_fraction,This is a bounded computational sample. It does not prove the complete associate-class structure of the infinite monoid.
340,304/243,1,304/243,1,mixed_fraction,This is a bounded computational sample. It does not prove the complete associate-class structure of the infinite monoid.
341,305/81,1,305/81,1,mixed_fraction,This is a bounded computational sample. It does not prove the complete associate-class structure of the infinite monoid.
342,307/81,1,307/81,1,mixed_fraction,This is a bounded computational sample. It does not prove the complete associate-class structure of the infinite monoid.
343,307/243,1,307/243,1,mixed_fraction,This is a bounded computational sample. It does not prove the complete associate-class structure of the infinite monoid.
344,308/81,1,308/81,1,mixed_fraction,This is a bounded computational sample. It does not prove the complete associate-class structure of the infinite monoid.
345,308/243,1,308/243,1,mixed_fraction,This is a bounded computational sample. It does not prove the complete associate-class structure of the infinite monoid.
346,310/81,1,310/81,1,mixed_fraction,This is a bounded computational sample. It does not prove the complete associate-class structure of the infinite monoid.
347,311/81,1,311/81,1,mixed_fraction,This is a bounded computational sample. It does not prove the complete associate-class structure of the infinite monoid.
348,313/81,1,313/81,1,mixed_fraction,This is a bounded computational sample. It does not prove the complete associate-class structure of the infinite monoid.
349,314/81,1,314/81,1,mixed_fraction,This is a bounded computational sample. It does not prove the complete associate-class structure of the infinite monoid.
350,314/243,1,314/243,1,mixed_fraction,This is a bounded computational sample. It does not prove the complete associate-class structure of the infinite monoid.
351,316/81,1,316/81,1,mixed_fraction,This is a bounded computational sample. It does not prove the complete associate-class structure of the infinite monoid.
352,316/243,1,316/243,1,mixed_fraction,This is a bounded computational sample. It does not prove the complete associate-class structure of the infinite monoid.
353,317/81,1,317/81,1,mixed_fraction,This is a bounded computational sample. It does not prove the complete associate-class structure of the infinite monoid.
354,319/81,1,319/81,1,mixed_fraction,This is a bounded computational sample. It does not prove the complete associate-class structure of the infinite monoid.
355,320/81,1,320/81,1,mixed_fraction,This is a bounded computational sample. It does not prove the complete associate-class structure of the infinite monoid.
356,320/243,1,320/243,1,mixed_fraction,This is a bounded computational sample. It does not prove the complete associate-class structure of the infinite monoid.
357,322/81,1,322/81,1,mixed_fraction,This is a bounded computational sample. It does not prove the complete associate-class structure of the infinite monoid.
358,322/243,1,322/243,1,mixed_fraction,This is a bounded computational sample. It does not prove the complete associate-class structure of the infinite monoid.
359,323/81,1,323/81,1,mixed_fraction,This is a bounded computational sample. It does not prove the complete associate-class structure of the infinite monoid.
360,323/243,1,323/243,1,mixed_fraction,This is a bounded computational sample. It does not prove the complete associate-class structure of the infinite monoid.
361,325/81,1,325/81,1,mixed_fraction,This is a bounded computational sample. It does not prove the complete associate-class structure of the infinite monoid.
362,326/81,1,326/81,1,mixed_fraction,This is a bounded computational sample. It does not prove the complete associate-class structure of the infinite monoid.
363,328/81,1,328/81,1,mixed_fraction,This is a bounded computational sample. It does not prove the complete associate-class structure of the infinite monoid.
364,328/243,1,328/243,1,mixed_fraction,This is a bounded computational sample. It does not prove the complete associate-class structure of the infinite monoid.
365,329/81,1,329/81,1,mixed_fraction,This is a bounded computational sample. It does not prove the complete associate-class structure of the infinite monoid.
366,331/81,1,331/81,1,mixed_fraction,This is a bounded computational sample. It does not prove the complete associate-class structure of the infinite monoid.
367,332/81,1,332/81,1,mixed_fraction,This is a bounded computational sample. It does not prove the complete associate-class structure of the infinite monoid.
368,332/243,1,332/243,1,mixed_fraction,This is a bounded computational sample. It does not prove the complete associate-class structure of the infinite monoid.
369,334/81,1,334/81,1,mixed_fraction,This is a bounded computational sample. It does not prove the complete associate-class structure of the infinite monoid.
370,334/243,1,334/243,1,mixed_fraction,This is a bounded computational sample. It does not prove the complete associate-class structure of the infinite monoid.
371,335/81,1,335/81,1,mixed_fraction,This is a bounded computational sample. It does not prove the complete associate-class structure of the infinite monoid.
372,337/81,1,337/81,1,mixed_fraction,This is a bounded computational sample. It does not prove the complete associate-class structure of the infinite monoid.
373,338/81,1,338/81,1,mixed_fraction,This is a bounded computational sample. It does not prove the complete associate-class structure of the infinite monoid.
374,338/243,1,338/243,1,mixed_fraction,This is a bounded computational sample. It does not prove the complete associate-class structure of the infinite monoid.
375,340/81,1,340/81,1,mixed_fraction,This is a bounded computational sample. It does not prove the complete associate-class structure of the infinite monoid.
376,340/243,1,340/243,1,mixed_fraction,This is a bounded computational sample. It does not prove the complete associate-class structure of the infinite monoid.
377,341/81,1,341/81,1,mixed_fraction,This is a bounded computational sample. It does not prove the complete associate-class structure of the infinite monoid.
378,343/81,1,343/81,1,mixed_fraction,This is a bounded computational sample. It does not prove the complete associate-class structure of the infinite monoid.
379,344/81,1,344/81,1,mixed_fraction,This is a bounded computational sample. It does not prove the complete associate-class structure of the infinite monoid.
380,344/243,1,344/243,1,mixed_fraction,This is a bounded computational sample. It does not prove the complete associate-class structure of the infinite monoid.
381,346/81,1,346/81,1,mixed_fraction,This is a bounded computational sample. It does not prove the complete associate-class structure of the infinite monoid.
382,346/243,1,346/243,1,mixed_fraction,This is a bounded computational sample. It does not prove the complete associate-class structure of the infinite monoid.
383,347/81,1,347/81,1,mixed_fraction,This is a bounded computational sample. It does not prove the complete associate-class structure of the infinite monoid.
384,347/243,1,347/243,1,mixed_fraction,This is a bounded computational sample. It does not prove the complete associate-class structure of the infinite monoid.
385,349/81,1,349/81,1,mixed_fraction,This is a bounded computational sample. It does not prove the complete associate-class structure of the infinite monoid.
386,350/81,1,350/81,1,mixed_fraction,This is a bounded computational sample. It does not prove the complete associate-class structure of the infinite monoid.
387,350/243,1,350/243,1,mixed_fraction,This is a bounded computational sample. It does not prove the complete associate-class structure of the infinite monoid.
388,352/81,1,352/81,1,mixed_fraction,This is a bounded computational sample. It does not prove the complete associate-class structure of the infinite monoid.
389,352/243,1,352/243,1,mixed_fraction,This is a bounded computational sample. It does not prove the complete associate-class structure of the infinite monoid.
390,353/81,1,353/81,1,mixed_fraction,This is a bounded computational sample. It does not prove the complete associate-class structure of the infinite monoid.
391,355/81,1,355/81,1,mixed_fraction,This is a bounded computational sample. It does not prove the complete associate-class structure of the infinite monoid.
392,355/243,1,355/243,1,mixed_fraction,This is a bounded computational sample. It does not prove the complete associate-class structure of the infinite monoid.
393,356/81,1,356/81,1,mixed_fraction,This is a bounded computational sample. It does not prove the complete associate-class structure of the infinite monoid.
394,356/243,1,356/243,1,mixed_fraction,This is a bounded computational sample. It does not prove the complete associate-class structure of the infinite monoid.
395,358/81,1,358/81,1,mixed_fraction,This is a bounded computational sample. It does not prove the complete associate-class structure of the infinite monoid.
396,359/81,1,359/81,1,mixed_fraction,This is a bounded computational sample. It does not prove the complete associate-class structure of the infinite monoid.
397,361/81,1,361/81,1,mixed_fraction,This is a bounded computational sample. It does not prove the complete associate-class structure of the infinite monoid.
398,362/81,1,362/81,1,mixed_fraction,This is a bounded computational sample. It does not prove the complete associate-class structure of the infinite monoid.
399,362/243,1,362/243,1,mixed_fraction,This is a bounded computational sample. It does not prove the complete associate-class structure of the infinite monoid.
400,364/81,1,364/81,1,mixed_fraction,This is a bounded computational sample. It does not prove the complete associate-class structure of the infinite monoid.
401,364/243,1,364/243,1,mixed_fraction,This is a bounded computational sample. It does not prove the complete associate-class structure of the infinite monoid.
402,365/81,1,365/81,1,mixed_fraction,This is a bounded computational sample. It does not prove the complete associate-class structure of the infinite monoid.
403,367/81,1,367/81,1,mixed_fraction,This is a bounded computational sample. It does not prove the complete associate-class structure of the infinite monoid.
404,368/81,1,368/81,1,mixed_fraction,This is a bounded computational sample. It does not prove the complete associate-class structure of the infinite monoid.
405,368/243,1,368/243,1,mixed_fraction,This is a bounded computational sample. It does not prove the complete associate-class structure of the infinite monoid.
406,370/81,1,370/81,1,mixed_fraction,This is a bounded computational sample. It does not prove the complete associate-class structure of the infinite monoid.
407,370/243,1,370/243,1,mixed_fraction,This is a bounded computational sample. It does not prove the complete associate-class structure of the infinite monoid.
408,371/81,1,371/81,1,mixed_fraction,This is a bounded computational sample. It does not prove the complete associate-class structure of the infinite monoid.
409,371/243,1,371/243,1,mixed_fraction,This is a bounded computational sample. It does not prove the complete associate-class structure of the infinite monoid.
410,373/81,1,373/81,1,mixed_fraction,This is a bounded computational sample. It does not prove the complete associate-class structure of the infinite monoid.
411,374/81,1,374/81,1,mixed_fraction,This is a bounded computational sample. It does not prove the complete associate-class structure of the infinite monoid.
412,374/243,1,374/243,1,mixed_fraction,This is a bounded computational sample. It does not prove the complete associate-class structure of the infinite monoid.
413,376/81,1,376/81,1,mixed_fraction,This is a bounded computational sample. It does not prove the complete associate-class structure of the infinite monoid.
414,376/243,1,376/243,1,mixed_fraction,This is a bounded computational sample. It does not prove the complete associate-class structure of the infinite monoid.
415,377/81,1,377/81,1,mixed_fraction,This is a bounded computational sample. It does not prove the complete associate-class structure of the infinite monoid.
416,379/81,1,379/81,1,mixed_fraction,This is a bounded computational sample. It does not prove the complete associate-class structure of the infinite monoid.
417,379/243,1,379/243,1,mixed_fraction,This is a bounded computational sample. It does not prove the complete associate-class structure of the infinite monoid.
418,380/81,1,380/81,1,mixed_fraction,This is a bounded computational sample. It does not prove the complete associate-class structure of the infinite monoid.
419,380/243,1,380/243,1,mixed_fraction,This is a bounded computational sample. It does not prove the complete associate-class structure of the infinite monoid.
420,382/81,1,382/81,1,mixed_fraction,This is a bounded computational sample. It does not prove the complete associate-class structure of the infinite monoid.
421,382/243,1,382/243,1,mixed_fraction,This is a bounded computational sample. It does not prove the complete associate-class structure of the infinite monoid.
422,383/81,1,383/81,1,mixed_fraction,This is a bounded computational sample. It does not prove the complete associate-class structure of the infinite monoid.
423,383/243,1,383/243,1,mixed_fraction,This is a bounded computational sample. It does not prove the complete associate-class structure of the infinite monoid.
424,385/81,1,385/81,1,mixed_fraction,This is a bounded computational sample. It does not prove the complete associate-class structure of the infinite monoid.
425,386/81,1,386/81,1,mixed_fraction,This is a bounded computational sample. It does not prove the complete associate-class structure of the infinite monoid.
426,386/243,1,386/243,1,mixed_fraction,This is a bounded computational sample. It does not prove the complete associate-class structure of the infinite monoid.
427,388/81,1,388/81,1,mixed_fraction,This is a bounded computational sample. It does not prove the complete associate-class structure of the infinite monoid.
428,388/243,1,388/243,1,mixed_fraction,This is a bounded computational sample. It does not prove the complete associate-class structure of the infinite monoid.
429,389/81,1,389/81,1,mixed_fraction,This is a bounded computational sample. It does not prove the complete associate-class structure of the infinite monoid.
430,391/81,1,391/81,1,mixed_fraction,This is a bounded computational sample. It does not prove the complete associate-class structure of the infinite monoid.
431,392/81,1,392/81,1,mixed_fraction,This is a bounded computational sample. It does not prove the complete associate-class structure of the infinite monoid.
432,392/243,1,392/243,1,mixed_fraction,This is a bounded computational sample. It does not prove the complete associate-class structure of the infinite monoid.
433,394/81,1,394/81,1,mixed_fraction,This is a bounded computational sample. It does not prove the complete associate-class structure of the infinite monoid.
434,394/243,1,394/243,1,mixed_fraction,This is a bounded computational sample. It does not prove the complete associate-class structure of the infinite monoid.
435,395/81,1,395/81,1,mixed_fraction,This is a bounded computational sample. It does not prove the complete associate-class structure of the infinite monoid.
436,395/243,1,395/243,1,mixed_fraction,This is a bounded computational sample. It does not prove the complete associate-class structure of the infinite monoid.
437,397/81,1,397/81,1,mixed_fraction,This is a bounded computational sample. It does not prove the complete associate-class structure of the infinite monoid.
438,398/81,1,398/81,1,mixed_fraction,This is a bounded computational sample. It does not prove the complete associate-class structure of the infinite monoid.
439,398/243,1,398/243,1,mixed_fraction,This is a bounded computational sample. It does not prove the complete associate-class structure of the infinite monoid.
440,400/81,1,400/81,1,mixed_fraction,This is a bounded computational sample. It does not prove the complete associate-class structure of the infinite monoid.
441,400/243,1,400/243,1,mixed_fraction,This is a bounded computational sample. It does not prove the complete associate-class structure of the infinite monoid.
442,401/81,1,401/81,1,mixed_fraction,This is a bounded computational sample. It does not prove the complete associate-class structure of the infinite monoid.
443,403/81,1,403/81,1,mixed_fraction,This is a bounded computational sample. It does not prove the complete associate-class structure of the infinite monoid.
444,403/243,1,403/243,1,mixed_fraction,This is a bounded computational sample. It does not prove the complete associate-class structure of the infinite monoid.
445,404/81,1,404/81,1,mixed_fraction,This is a bounded computational sample. It does not prove the complete associate-class structure of the infinite monoid.
446,404/243,1,404/243,1,mixed_fraction,This is a bounded computational sample. It does not prove the complete associate-class structure of the infinite monoid.
447,406/81,1,406/81,1,mixed_fraction,This is a bounded computational sample. It does not prove the complete associate-class structure of the infinite monoid.
448,406/243,1,406/243,1,mixed_fraction,This is a bounded computational sample. It does not prove the complete associate-class structure of the infinite monoid.
449,407/81,1,407/81,1,mixed_fraction,This is a bounded computational sample. It does not prove the complete associate-class structure of the infinite monoid.
450,409/81,1,409/81,1,mixed_fraction,This is a bounded computational sample. It does not prove the complete associate-class structure of the infinite monoid.
451,410/81,1,410/81,1,mixed_fraction,This is a bounded computational sample. It does not prove the complete associate-class structure of the infinite monoid.
452,410/243,1,410/243,1,mixed_fraction,This is a bounded computational sample. It does not prove the complete associate-class structure of the infinite monoid.
453,412/81,1,412/81,1,mixed_fraction,This is a bounded computational sample. It does not prove the complete associate-class structure of the infinite monoid.
454,412/243,1,412/243,1,mixed_fraction,This is a bounded computational sample. It does not prove the complete associate-class structure of the infinite monoid.
455,413/81,1,413/81,1,mixed_fraction,This is a bounded computational sample. It does not prove the complete associate-class structure of the infinite monoid.
456,415/81,1,415/81,1,mixed_fraction,This is a bounded computational sample. It does not prove the complete associate-class structure of the infinite monoid.
457,415/243,1,415/243,1,mixed_fraction,This is a bounded computational sample. It does not prove the complete associate-class structure of the infinite monoid.
458,416/81,1,416/81,1,mixed_fraction,This is a bounded computational sample. It does not prove the complete associate-class structure of the infinite monoid.
459,416/243,1,416/243,1,mixed_fraction,This is a bounded computational sample. It does not prove the complete associate-class structure of the infinite monoid.
460,418/81,1,418/81,1,mixed_fraction,This is a bounded computational sample. It does not prove the complete associate-class structure of the infinite monoid.
461,418/243,1,418/243,1,mixed_fraction,This is a bounded computational sample. It does not prove the complete associate-class structure of the infinite monoid.
462,419/81,1,419/81,1,mixed_fraction,This is a bounded computational sample. It does not prove the complete associate-class structure of the infinite monoid.
463,419/243,1,419/243,1,mixed_fraction,This is a bounded computational sample. It does not prove the complete associate-class structure of the infinite monoid.
464,421/81,1,421/81,1,mixed_fraction,This is a bounded computational sample. It does not prove the complete associate-class structure of the infinite monoid.
465,422/81,1,422/81,1,mixed_fraction,This is a bounded computational sample. It does not prove the complete associate-class structure of the infinite monoid.
466,422/243,1,422/243,1,mixed_fraction,This is a bounded computational sample. It does not prove the complete associate-class structure of the infinite monoid.
467,424/81,1,424/81,1,mixed_fraction,This is a bounded computational sample. It does not prove the complete associate-class structure of the infinite monoid.
468,424/243,1,424/243,1,mixed_fraction,This is a bounded computational sample. It does not prove the complete associate-class structure of the infinite monoid.
469,425/81,1,425/81,1,mixed_fraction,This is a bounded computational sample. It does not prove the complete associate-class structure of the infinite monoid.
470,427/81,1,427/81,1,mixed_fraction,This is a bounded computational sample. It does not prove the complete associate-class structure of the infinite monoid.
471,427/243,1,427/243,1,mixed_fraction,This is a bounded computational sample. It does not prove the complete associate-class structure of the infinite monoid.
472,428/81,1,428/81,1,mixed_fraction,This is a bounded computational sample. It does not prove the complete associate-class structure of the infinite monoid.
473,428/243,1,428/243,1,mixed_fraction,This is a bounded computational sample. It does not prove the complete associate-class structure of the infinite monoid.
474,430/81,1,430/81,1,mixed_fraction,This is a bounded computational sample. It does not prove the complete associate-class structure of the infinite monoid.
475,430/243,1,430/243,1,mixed_fraction,This is a bounded computational sample. It does not prove the complete associate-class structure of the infinite monoid.
476,431/81,1,431/81,1,mixed_fraction,This is a bounded computational sample. It does not prove the complete associate-class structure of the infinite monoid.
477,431/243,1,431/243,1,mixed_fraction,This is a bounded computational sample. It does not prove the complete associate-class structure of the infinite monoid.
478,433/81,1,433/81,1,mixed_fraction,This is a bounded computational sample. It does not prove the complete associate-class structure of the infinite monoid.
479,434/81,1,434/81,1,mixed_fraction,This is a bounded computational sample. It does not prove the complete associate-class structure of the infinite monoid.
480,434/243,1,434/243,1,mixed_fraction,This is a bounded computational sample. It does not prove the complete associate-class structure of the infinite monoid.
481,436/81,1,436/81,1,mixed_fraction,This is a bounded computational sample. It does not prove the complete associate-class structure of the infinite monoid.
482,436/243,1,436/243,1,mixed_fraction,This is a bounded computational sample. It does not prove the complete associate-class structure of the infinite monoid.
483,437/81,1,437/81,1,mixed_fraction,This is a bounded computational sample. It does not prove the complete associate-class structure of the infinite monoid.
484,437/243,1,437/243,1,mixed_fraction,This is a bounded computational sample. It does not prove the complete associate-class structure of the infinite monoid.
485,439/81,1,439/81,1,mixed_fraction,This is a bounded computational sample. It does not prove the complete associate-class structure of the infinite monoid.
486,440/81,1,440/81,1,mixed_fraction,This is a bounded computational sample. It does not prove the complete associate-class structure of the infinite monoid.
487,440/243,1,440/243,1,mixed_fraction,This is a bounded computational sample. It does not prove the complete associate-class structure of the infinite monoid.
488,442/81,1,442/81,1,mixed_fraction,This is a bounded computational sample. It does not prove the complete associate-class structure of the infinite monoid.
489,442/243,1,442/243,1,mixed_fraction,This is a bounded computational sample. It does not prove the complete associate-class structure of the infinite monoid.
490,443/81,1,443/81,1,mixed_fraction,This is a bounded computational sample. It does not prove the complete associate-class structure of the infinite monoid.
491,443/243,1,443/243,1,mixed_fraction,This is a bounded computational sample. It does not prove the complete associate-class structure of the infinite monoid.
492,445/81,1,445/81,1,mixed_fraction,This is a bounded computational sample. It does not prove the complete associate-class structure of the infinite monoid.
493,446/81,1,446/81,1,mixed_fraction,This is a bounded computational sample. It does not prove the complete associate-class structure of the infinite monoid.
494,446/243,1,446/243,1,mixed_fraction,This is a bounded computational sample. It does not prove the complete associate-class structure of the infinite monoid.
495,448/81,1,448/81,1,mixed_fraction,This is a bounded computational sample. It does not prove the complete associate-class structure of the infinite monoid.
496,448/243,1,448/243,1,mixed_fraction,This is a bounded computational sample. It does not prove the complete associate-class structure of the infinite monoid.
497,449/81,1,449/81,1,mixed_fraction,This is a bounded computational sample. It does not prove the complete associate-class structure of the infinite monoid.
498,451/81,1,451/81,1,mixed_fraction,This is a bounded computational sample. It does not prove the complete associate-class structure of the infinite monoid.
499,451/243,1,451/243,1,mixed_fraction,This is a bounded computational sample. It does not prove the complete associate-class structure of the infinite monoid.
500,452/81,1,452/81,1,mixed_fraction,This is a bounded computational sample. It does not prove the complete associate-class structure of the infinite monoid.
501,452/243,1,452/243,1,mixed_fraction,This is a bounded computational sample. It does not prove the complete associate-class structure of the infinite monoid.
502,454/81,1,454/81,1,mixed_fraction,This is a bounded computational sample. It does not prove the complete associate-class structure of the infinite monoid.
503,454/243,1,454/243,1,mixed_fraction,This is a bounded computational sample. It does not prove the complete associate-class structure of the infinite monoid.
504,455/81,1,455/81,1,mixed_fraction,This is a bounded computational sample. It does not prove the complete associate-class structure of the infinite monoid.
505,455/243,1,455/243,1,mixed_fraction,This is a bounded computational sample. It does not prove the complete associate-class structure of the infinite monoid.
506,457/81,1,457/81,1,mixed_fraction,This is a bounded computational sample. It does not prove the complete associate-class structure of the infinite monoid.
507,458/81,1,458/81,1,mixed_fraction,This is a bounded computational sample. It does not prove the complete associate-class structure of the infinite monoid.
508,458/243,1,458/243,1,mixed_fraction,This is a bounded computational sample. It does not prove the complete associate-class structure of the infinite monoid.
509,460/81,1,460/81,1,mixed_fraction,This is a bounded computational sample. It does not prove the complete associate-class structure of the infinite monoid.
510,460/243,1,460/243,1,mixed_fraction,This is a bounded computational sample. It does not prove the complete associate-class structure of the infinite monoid.
511,461/81,1,461/81,1,mixed_fraction,This is a bounded computational sample. It does not prove the complete associate-class structure of the infinite monoid.
512,463/81,1,463/81,1,mixed_fraction,This is a bounded computational sample. It does not prove the complete associate-class structure of the infinite monoid.
513,463/243,1,463/243,1,mixed_fraction,This is a bounded computational sample. It does not prove the complete associate-class structure of the infinite monoid.
514,464/81,1,464/81,1,mixed_fraction,This is a bounded computational sample. It does not prove the complete associate-class structure of the infinite monoid.
515,464/243,1,464/243,1,mixed_fraction,This is a bounded computational sample. It does not prove the complete associate-class structure of the infinite monoid.
516,466/81,1,466/81,1,mixed_fraction,This is a bounded computational sample. It does not prove the complete associate-class structure of the infinite monoid.
517,466/243,1,466/243,1,mixed_fraction,This is a bounded computational sample. It does not prove the complete associate-class structure of the infinite monoid.
518,467/81,1,467/81,1,mixed_fraction,This is a bounded computational sample. It does not prove the complete associate-class structure of the infinite monoid.
519,467/243,1,467/243,1,mixed_fraction,This is a bounded computational sample. It does not prove the complete associate-class structure of the infinite monoid.
520,469/81,1,469/81,1,mixed_fraction,This is a bounded computational sample. It does not prove the complete associate-class structure of the infinite monoid.
521,469/243,1,469/243,1,mixed_fraction,This is a bounded computational sample. It does not prove the complete associate-class structure of the infinite monoid.
522,470/81,1,470/81,1,mixed_fraction,This is a bounded computational sample. It does not prove the complete associate-class structure of the infinite monoid.
523,470/243,1,470/243,1,mixed_fraction,This is a bounded computational sample. It does not prove the complete associate-class structure of the infinite monoid.
524,472/81,1,472/81,1,mixed_fraction,This is a bounded computational sample. It does not prove the complete associate-class structure of the infinite monoid.
525,472/243,1,472/243,1,mixed_fraction,This is a bounded computational sample. It does not prove the complete associate-class structure of the infinite monoid.
526,473/81,1,473/81,1,mixed_fraction,This is a bounded computational sample. It does not prove the complete associate-class structure of the infinite monoid.
527,475/81,1,475/81,1,mixed_fraction,This is a bounded computational sample. It does not prove the complete associate-class structure of the infinite monoid.
528,475/243,1,475/243,1,mixed_fraction,This is a bounded computational sample. It does not prove the complete associate-class structure of the infinite monoid.
529,476/81,1,476/81,1,mixed_fraction,This is a bounded computational sample. It does not prove the complete associate-class structure of the infinite monoid.
530,476/243,1,476/243,1,mixed_fraction,This is a bounded computational sample. It does not prove the complete associate-class structure of the infinite monoid.
531,478/81,1,478/81,1,mixed_fraction,This is a bounded computational sample. It does not prove the complete associate-class structure of the infinite monoid.
532,478/243,1,478/243,1,mixed_fraction,This is a bounded computational sample. It does not prove the complete associate-class structure of the infinite monoid.
533,479/81,1,479/81,1,mixed_fraction,This is a bounded computational sample. It does not prove the complete associate-class structure of the infinite monoid.
534,479/243,1,479/243,1,mixed_fraction,This is a bounded computational sample. It does not prove the complete associate-class structure of the infinite monoid.
535,481/81,1,481/81,1,mixed_fraction,This is a bounded computational sample. It does not prove the complete associate-class structure of the infinite monoid.
536,482/81,1,482/81,1,mixed_fraction,This is a bounded computational sample. It does not prove the complete associate-class structure of the infinite monoid.
537,482/243,1,482/243,1,mixed_fraction,This is a bounded computational sample. It does not prove the complete associate-class structure of the infinite monoid.
538,484/81,1,484/81,1,mixed_fraction,This is a bounded computational sample. It does not prove the complete associate-class structure of the infinite monoid.
539,484/243,1,484/243,1,mixed_fraction,This is a bounded computational sample. It does not prove the complete associate-class structure of the infinite monoid.
540,485/81,1,485/81,1,mixed_fraction,This is a bounded computational sample. It does not prove the complete associate-class structure of the infinite monoid.
541,485/243,1,485/243,1,mixed_fraction,This is a bounded computational sample. It does not prove the complete associate-class structure of the infinite monoid.
542,487/81,1,487/81,1,mixed_fraction,This is a bounded computational sample. It does not prove the complete associate-class structure of the infinite monoid.
543,487/243,1,487/243,1,mixed_fraction,This is a bounded computational sample. It does not prove the complete associate-class structure of the infinite monoid.
544,488/81,1,488/81,1,mixed_fraction,This is a bounded computational sample. It does not prove the complete associate-class structure of the infinite monoid.
545,488/243,1,488/243,1,mixed_fraction,This is a bounded computational sample. It does not prove the complete associate-class structure of the infinite monoid.
546,490/81,1,490/81,1,mixed_fraction,This is a bounded computational sample. It does not prove the complete associate-class structure of the infinite monoid.
547,490/243,1,490/243,1,mixed_fraction,This is a bounded computational sample. It does not prove the complete associate-class structure of the infinite monoid.
548,491/81,1,491/81,1,mixed_fraction,This is a bounded computational sample. It does not prove the complete associate-class structure of the infinite monoid.
549,491/243,1,491/243,1,mixed_fraction,This is a bounded computational sample. It does not prove the complete associate-class structure of the infinite monoid.
550,493/81,1,493/81,1,mixed_fraction,This is a bounded computational sample. It does not prove the complete associate-class structure of the infinite monoid.
551,494/81,1,494/81,1,mixed_fraction,This is a bounded computational sample. It does not prove the complete associate-class structure of the infinite monoid.
552,494/243,1,494/243,1,mixed_fraction,This is a bounded computational sample. It does not prove the complete associate-class structure of the infinite monoid.
553,496/81,1,496/81,1,mixed_fraction,This is a bounded computational sample. It does not prove the complete associate-class structure of the infinite monoid.
554,496/243,1,496/243,1,mixed_fraction,This is a bounded computational sample. It does not prove the complete associate-class structure of the infinite monoid.
555,497/81,1,497/81,1,mixed_fraction,This is a bounded computational sample. It does not prove the complete associate-class structure of the infinite monoid.
556,499/81,1,499/81,1,mixed_fraction,This is a bounded computational sample. It does not prove the complete associate-class structure of the infinite monoid.
557,499/243,1,499/243,1,mixed_fraction,This is a bounded computational sample. It does not prove the complete associate-class structure of the infinite monoid.
558,500/81,1,500/81,1,mixed_fraction,This is a bounded computational sample. It does not prove the complete associate-class structure of the infinite monoid.
559,500/243,1,500/243,1,mixed_fraction,This is a bounded computational sample. It does not prove the complete associate-class structure of the infinite monoid.
560,502/243,1,502/243,1,mixed_fraction,This is a bounded computational sample. It does not prove the complete associate-class structure of the infinite monoid.
561,503/81,1,503/81,1,mixed_fraction,This is a bounded computational sample. It does not prove the complete associate-class structure of the infinite monoid.
562,503/243,1,503/243,1,mixed_fraction,This is a bounded computational sample. It does not prove the complete associate-class structure of the infinite monoid.
563,505/81,1,505/81,1,mixed_fraction,This is a bounded computational sample. It does not prove the complete associate-class structure of the infinite monoid.
564,506/81,1,506/81,1,mixed_fraction,This is a bounded computational sample. It does not prove the complete associate-class structure of the infinite monoid.
565,506/243,1,506/243,1,mixed_fraction,This is a bounded computational sample. It does not prove the complete associate-class structure of the infinite monoid.
566,508/81,1,508/81,1,mixed_fraction,This is a bounded computational sample. It does not prove the complete associate-class structure of the infinite monoid.
567,508/243,1,508/243,1,mixed_fraction,This is a bounded computational sample. It does not prove the complete associate-class structure of the infinite monoid.
568,509/81,1,509/81,1,mixed_fraction,This is a bounded computational sample. It does not prove the complete associate-class structure of the infinite monoid.
569,509/243,1,509/243,1,mixed_fraction,This is a bounded computational sample. It does not prove the complete associate-class structure of the infinite monoid.
570,511/81,1,511/81,1,mixed_fraction,This is a bounded computational sample. It does not prove the complete associate-class structure of the infinite monoid.
571,511/243,1,511/243,1,mixed_fraction,This is a bounded computational sample. It does not prove the complete associate-class structure of the infinite monoid.
572,512/81,1,512/81,1,mixed_fraction,This is a bounded computational sample. It does not prove the complete associate-class structure of the infinite monoid.
573,512/243,1,512/243,1,mixed_fraction,This is a bounded computational sample. It does not prove the complete associate-class structure of the infinite monoid.
574,514/81,1,514/81,1,mixed_fraction,This is a bounded computational sample. It does not prove the complete associate-class structure of the infinite monoid.
575,514/243,1,514/243,1,mixed_fraction,This is a bounded computational sample. It does not prove the complete associate-class structure of the infinite monoid.
576,515/81,1,515/81,1,mixed_fraction,This is a bounded computational sample. It does not prove the complete associate-class structure of the infinite monoid.
577,515/243,1,515/243,1,mixed_fraction,This is a bounded computational sample. It does not prove the complete associate-class structure of the infinite monoid.
578,517/81,1,517/81,1,mixed_fraction,This is a bounded computational sample. It does not prove the complete associate-class structure of the infinite monoid.
579,517/243,1,517/243,1,mixed_fraction,This is a bounded computational sample. It does not prove the complete associate-class structure of the infinite monoid.
580,518/243,1,518/243,1,mixed_fraction,This is a bounded computational sample. It does not prove the complete associate-class structure of the infinite monoid.
581,520/81,1,520/81,1,mixed_fraction,This is a bounded computational sample. It does not prove the complete associate-class structure of the infinite monoid.
582,520/243,1,520/243,1,mixed_fraction,This is a bounded computational sample. It does not prove the complete associate-class structure of the infinite monoid.
583,521/81,1,521/81,1,mixed_fraction,This is a bounded computational sample. It does not prove the complete associate-class structure of the infinite monoid.
584,523/81,1,523/81,1,mixed_fraction,This is a bounded computational sample. It does not prove the complete associate-class structure of the infinite monoid.
585,523/243,1,523/243,1,mixed_fraction,This is a bounded computational sample. It does not prove the complete associate-class structure of the infinite monoid.
586,524/81,1,524/81,1,mixed_fraction,This is a bounded computational sample. It does not prove the complete associate-class structure of the infinite monoid.
587,524/243,1,524/243,1,mixed_fraction,This is a bounded computational sample. It does not prove the complete associate-class structure of the infinite monoid.
588,526/243,1,526/243,1,mixed_fraction,This is a bounded computational sample. It does not prove the complete associate-class structure of the infinite monoid.
589,527/81,1,527/81,1,mixed_fraction,This is a bounded computational sample. It does not prove the complete associate-class structure of the infinite monoid.
590,527/243,1,527/243,1,mixed_fraction,This is a bounded computational sample. It does not prove the complete associate-class structure of the infinite monoid.
591,529/81,1,529/81,1,mixed_fraction,This is a bounded computational sample. It does not prove the complete associate-class structure of the infinite monoid.
592,530/81,1,530/81,1,mixed_fraction,This is a bounded computational sample. It does not prove the complete associate-class structure of the infinite monoid.
593,530/243,1,530/243,1,mixed_fraction,This is a bounded computational sample. It does not prove the complete associate-class structure of the infinite monoid.
594,532/81,1,532/81,1,mixed_fraction,This is a bounded computational sample. It does not prove the complete associate-class structure of the infinite monoid.
595,532/243,1,532/243,1,mixed_fraction,This is a bounded computational sample. It does not prove the complete associate-class structure of the infinite monoid.
596,533/81,1,533/81,1,mixed_fraction,This is a bounded computational sample. It does not prove the complete associate-class structure of the infinite monoid.
597,533/243,1,533/243,1,mixed_fraction,This is a bounded computational sample. It does not prove the complete associate-class structure of the infinite monoid.
598,535/81,1,535/81,1,mixed_fraction,This is a bounded computational sample. It does not prove the complete associate-class structure of the infinite monoid.
599,535/243,1,535/243,1,mixed_fraction,This is a bounded computational sample. It does not prove the complete associate-class structure of the infinite monoid.
600,536/81,1,536/81,1,mixed_fraction,This is a bounded computational sample. It does not prove the complete associate-class structure of the infinite monoid.
601,536/243,1,536/243,1,mixed_fraction,This is a bounded computational sample. It does not prove the complete associate-class structure of the infinite monoid.
602,538/243,1,538/243,1,mixed_fraction,This is a bounded computational sample. It does not prove the complete associate-class structure of the infinite monoid.
603,539/81,1,539/81,1,mixed_fraction,This is a bounded computational sample. It does not prove the complete associate-class structure of the infinite monoid.
604,539/243,1,539/243,1,mixed_fraction,This is a bounded computational sample. It does not prove the complete associate-class structure of the infinite monoid.
605,541/81,1,541/81,1,mixed_fraction,This is a bounded computational sample. It does not prove the complete associate-class structure of the infinite monoid.
606,541/243,1,541/243,1,mixed_fraction,This is a bounded computational sample. It does not prove the complete associate-class structure of the infinite monoid.
607,542/243,1,542/243,1,mixed_fraction,This is a bounded computational sample. It does not prove the complete associate-class structure of the infinite monoid.
608,544/81,1,544/81,1,mixed_fraction,This is a bounded computational sample. It does not prove the complete associate-class structure of the infinite monoid.
609,544/243,1,544/243,1,mixed_fraction,This is a bounded computational sample. It does not prove the complete associate-class structure of the infinite monoid.
610,545/81,1,545/81,1,mixed_fraction,This is a bounded computational sample. It does not prove the complete associate-class structure of the infinite monoid.
611,545/243,1,545/243,1,mixed_fraction,This is a bounded computational sample. It does not prove the complete associate-class structure of the infinite monoid.
612,547/81,1,547/81,1,mixed_fraction,This is a bounded computational sample. It does not prove the complete associate-class structure of the infinite monoid.
613,547/243,1,547/243,1,mixed_fraction,This is a bounded computational sample. It does not prove the complete associate-class structure of the infinite monoid.
614,548/81,1,548/81,1,mixed_fraction,This is a bounded computational sample. It does not prove the complete associate-class structure of the infinite monoid.
615,548/243,1,548/243,1,mixed_fraction,This is a bounded computational sample. It does not prove the complete associate-class structure of the infinite monoid.
616,550/243,1,550/243,1,mixed_fraction,This is a bounded computational sample. It does not prove the complete associate-class structure of the infinite monoid.
617,551/81,1,551/81,1,mixed_fraction,This is a bounded computational sample. It does not prove the complete associate-class structure of the infinite monoid.
618,551/243,1,551/243,1,mixed_fraction,This is a bounded computational sample. It does not prove the complete associate-class structure of the infinite monoid.
619,553/81,1,553/81,1,mixed_fraction,This is a bounded computational sample. It does not prove the complete associate-class structure of the infinite monoid.
620,554/243,1,554/243,1,mixed_fraction,This is a bounded computational sample. It does not prove the complete associate-class structure of the infinite monoid.
621,556/243,1,556/243,1,mixed_fraction,This is a bounded computational sample. It does not prove the complete associate-class structure of the infinite monoid.
622,557/81,1,557/81,1,mixed_fraction,This is a bounded computational sample. It does not prove the complete associate-class structure of the infinite monoid.
623,557/243,1,557/243,1,mixed_fraction,This is a bounded computational sample. It does not prove the complete associate-class structure of the infinite monoid.
624,559/81,1,559/81,1,mixed_fraction,This is a bounded computational sample. It does not prove the complete associate-class structure of the infinite monoid.
625,559/243,1,559/243,1,mixed_fraction,This is a bounded computational sample. It does not prove the complete associate-class structure of the infinite monoid.
626,560/81,1,560/81,1,mixed_fraction,This is a bounded computational sample. It does not prove the complete associate-class structure of the infinite monoid.
627,560/243,1,560/243,1,mixed_fraction,This is a bounded computational sample. It does not prove the complete associate-class structure of the infinite monoid.
628,562/243,1,562/243,1,mixed_fraction,This is a bounded computational sample. It does not prove the complete associate-class structure of the infinite monoid.
629,563/81,1,563/81,1,mixed_fraction,This is a bounded computational sample. It does not prove the complete associate-class structure of the infinite monoid.
630,563/243,1,563/243,1,mixed_fraction,This is a bounded computational sample. It does not prove the complete associate-class structure of the infinite monoid.
631,565/81,1,565/81,1,mixed_fraction,This is a bounded computational sample. It does not prove the complete associate-class structure of the infinite monoid.
632,565/243,1,565/243,1,mixed_fraction,This is a bounded computational sample. It does not prove the complete associate-class structure of the infinite monoid.
633,566/243,1,566/243,1,mixed_fraction,This is a bounded computational sample. It does not prove the complete associate-class structure of the infinite monoid.
634,568/81,1,568/81,1,mixed_fraction,This is a bounded computational sample. It does not prove the complete associate-class structure of the infinite monoid.
635,568/243,1,568/243,1,mixed_fraction,This is a bounded computational sample. It does not prove the complete associate-class structure of the infinite monoid.
636,569/81,1,569/81,1,mixed_fraction,This is a bounded computational sample. It does not prove the complete associate-class structure of the infinite monoid.
637,571/81,1,571/81,1,mixed_fraction,This is a bounded computational sample. It does not prove the complete associate-class structure of the infinite monoid.
638,571/243,1,571/243,1,mixed_fraction,This is a bounded computational sample. It does not prove the complete associate-class structure of the infinite monoid.
639,572/243,1,572/243,1,mixed_fraction,This is a bounded computational sample. It does not prove the complete associate-class structure of the infinite monoid.
640,574/243,1,574/243,1,mixed_fraction,This is a bounded computational sample. It does not prove the complete associate-class structure of the infinite monoid.
641,575/81,1,575/81,1,mixed_fraction,This is a bounded computational sample. It does not prove the complete associate-class structure of the infinite monoid.
642,575/243,1,575/243,1,mixed_fraction,This is a bounded computational sample. It does not prove the complete associate-class structure of the infinite monoid.
643,577/81,1,577/81,1,mixed_fraction,This is a bounded computational sample. It does not prove the complete associate-class structure of the infinite monoid.
644,577/243,1,577/243,1,mixed_fraction,This is a bounded computational sample. It does not prove the complete associate-class structure of the infinite monoid.
645,578/243,1,578/243,1,mixed_fraction,This is a bounded computational sample. It does not prove the complete associate-class structure of the infinite monoid.
646,580/243,1,580/243,1,mixed_fraction,This is a bounded computational sample. It does not prove the complete associate-class structure of the infinite monoid.
647,581/81,1,581/81,1,mixed_fraction,This is a bounded computational sample. It does not prove the complete associate-class structure of the infinite monoid.
648,581/243,1,581/243,1,mixed_fraction,This is a bounded computational sample. It does not prove the complete associate-class structure of the infinite monoid.
649,583/243,1,583/243,1,mixed_fraction,This is a bounded computational sample. It does not prove the complete associate-class structure of the infinite monoid.
650,584/81,1,584/81,1,mixed_fraction,This is a bounded computational sample. It does not prove the complete associate-class structure of the infinite monoid.
651,584/243,1,584/243,1,mixed_fraction,This is a bounded computational sample. It does not prove the complete associate-class structure of the infinite monoid.
652,586/243,1,586/243,1,mixed_fraction,This is a bounded computational sample. It does not prove the complete associate-class structure of the infinite monoid.
653,587/81,1,587/81,1,mixed_fraction,This is a bounded computational sample. It does not prove the complete associate-class structure of the infinite monoid.
654,587/243,1,587/243,1,mixed_fraction,This is a bounded computational sample. It does not prove the complete associate-class structure of the infinite monoid.
655,589/81,1,589/81,1,mixed_fraction,This is a bounded computational sample. It does not prove the complete associate-class structure of the infinite monoid.
656,589/243,1,589/243,1,mixed_fraction,This is a bounded computational sample. It does not prove the complete associate-class structure of the infinite monoid.
657,590/243,1,590/243,1,mixed_fraction,This is a bounded computational sample. It does not prove the complete associate-class structure of the infinite monoid.
658,592/243,1,592/243,1,mixed_fraction,This is a bounded computational sample. It does not prove the complete associate-class structure of the infinite monoid.
659,593/81,1,593/81,1,mixed_fraction,This is a bounded computational sample. It does not prove the complete associate-class structure of the infinite monoid.
660,593/243,1,593/243,1,mixed_fraction,This is a bounded computational sample. It does not prove the complete associate-class structure of the infinite monoid.
661,595/81,1,595/81,1,mixed_fraction,This is a bounded computational sample. It does not prove the complete associate-class structure of the infinite monoid.
662,595/243,1,595/243,1,mixed_fraction,This is a bounded computational sample. It does not prove the complete associate-class structure of the infinite monoid.
663,596/243,1,596/243,1,mixed_fraction,This is a bounded computational sample. It does not prove the complete associate-class structure of the infinite monoid.
664,598/243,1,598/243,1,mixed_fraction,This is a bounded computational sample. It does not prove the complete associate-class structure of the infinite monoid.
665,599/243,1,599/243,1,mixed_fraction,This is a bounded computational sample. It does not prove the complete associate-class structure of the infinite monoid.
666,601/81,1,601/81,1,mixed_fraction,This is a bounded computational sample. It does not prove the complete associate-class structure of the infinite monoid.
667,602/243,1,602/243,1,mixed_fraction,This is a bounded computational sample. It does not prove the complete associate-class structure of the infinite monoid.
668,604/243,1,604/243,1,mixed_fraction,This is a bounded computational sample. It does not prove the complete associate-class structure of the infinite monoid.
669,605/81,1,605/81,1,mixed_fraction,This is a bounded computational sample. It does not prove the complete associate-class structure of the infinite monoid.
670,605/243,1,605/243,1,mixed_fraction,This is a bounded computational sample. It does not prove the complete associate-class structure of the infinite monoid.
671,607/243,1,607/243,1,mixed_fraction,This is a bounded computational sample. It does not prove the complete associate-class structure of the infinite monoid.
672,608/243,1,608/243,1,mixed_fraction,This is a bounded computational sample. It does not prove the complete associate-class structure of the infinite monoid.
673,610/243,1,610/243,1,mixed_fraction,This is a bounded computational sample. It does not prove the complete associate-class structure of the infinite monoid.
674,611/81,1,611/81,1,mixed_fraction,This is a bounded computational sample. It does not prove the complete associate-class structure of the infinite monoid.
675,611/243,1,611/243,1,mixed_fraction,This is a bounded computational sample. It does not prove the complete associate-class structure of the infinite monoid.
676,613/81,1,613/81,1,mixed_fraction,This is a bounded computational sample. It does not prove the complete associate-class structure of the infinite monoid.
677,613/243,1,613/243,1,mixed_fraction,This is a bounded computational sample. It does not prove the complete associate-class structure of the infinite monoid.
678,614/243,1,614/243,1,mixed_fraction,This is a bounded computational sample. It does not prove the complete associate-class structure of the infinite monoid.
679,616/243,1,616/243,1,mixed_fraction,This is a bounded computational sample. It does not prove the complete associate-class structure of the infinite monoid.
680,617/81,1,617/81,1,mixed_fraction,This is a bounded computational sample. It does not prove the complete associate-class structure of the infinite monoid.
681,617/243,1,617/243,1,mixed_fraction,This is a bounded computational sample. It does not prove the complete associate-class structure of the infinite monoid.
682,619/243,1,619/243,1,mixed_fraction,This is a bounded computational sample. It does not prove the complete associate-class structure of the infinite monoid.
683,620/243,1,620/243,1,mixed_fraction,This is a bounded computational sample. It does not prove the complete associate-class structure of the infinite monoid.
684,622/243,1,622/243,1,mixed_fraction,This is a bounded computational sample. It does not prove the complete associate-class structure of the infinite monoid.
685,623/243,1,623/243,1,mixed_fraction,This is a bounded computational sample. It does not prove the complete associate-class structure of the infinite monoid.
686,625/81,1,625/81,1,mixed_fraction,This is a bounded computational sample. It does not prove the complete associate-class structure of the infinite monoid.
687,625/243,1,625/243,1,mixed_fraction,This is a bounded computational sample. It does not prove the complete associate-class structure of the infinite monoid.
688,626/243,1,626/243,1,mixed_fraction,This is a bounded computational sample. It does not prove the complete associate-class structure of the infinite monoid.
689,628/243,1,628/243,1,mixed_fraction,This is a bounded computational sample. It does not prove the complete associate-class structure of the infinite monoid.
690,629/81,1,629/81,1,mixed_fraction,This is a bounded computational sample. It does not prove the complete associate-class structure of the infinite monoid.
691,629/243,1,629/243,1,mixed_fraction,This is a bounded computational sample. It does not prove the complete associate-class structure of the infinite monoid.
692,631/243,1,631/243,1,mixed_fraction,This is a bounded computational sample. It does not prove the complete associate-class structure of the infinite monoid.
693,632/243,1,632/243,1,mixed_fraction,This is a bounded computational sample. It does not prove the complete associate-class structure of the infinite monoid.
694,634/243,1,634/243,1,mixed_fraction,This is a bounded computational sample. It does not prove the complete associate-class structure of the infinite monoid.
695,635/243,1,635/243,1,mixed_fraction,This is a bounded computational sample. It does not prove the complete associate-class structure of the infinite monoid.
696,637/243,1,637/243,1,mixed_fraction,This is a bounded computational sample. It does not prove the complete associate-class structure of the infinite monoid.
697,638/243,1,638/243,1,mixed_fraction,This is a bounded computational sample. It does not prove the complete associate-class structure of the infinite monoid.
698,640/243,1,640/243,1,mixed_fraction,This is a bounded computational sample. It does not prove the complete associate-class structure of the infinite monoid.
699,641/81,1,641/81,1,mixed_fraction,This is a bounded computational sample. It does not prove the complete associate-class structure of the infinite monoid.
700,641/243,1,641/243,1,mixed_fraction,This is a bounded computational sample. It does not prove the complete associate-class structure of the infinite monoid.
701,643/243,1,643/243,1,mixed_fraction,This is a bounded computational sample. It does not prove the complete associate-class structure of the infinite monoid.
702,644/243,1,644/243,1,mixed_fraction,This is a bounded computational sample. It does not prove the complete associate-class structure of the infinite monoid.
703,646/243,1,646/243,1,mixed_fraction,This is a bounded computational sample. It does not prove the complete associate-class structure of the infinite monoid.
704,647/243,1,647/243,1,mixed_fraction,This is a bounded computational sample. It does not prove the complete associate-class structure of the infinite monoid.
705,649/81,1,649/81,1,mixed_fraction,This is a bounded computational sample. It does not prove the complete associate-class structure of the infinite monoid.
706,649/243,1,649/243,1,mixed_fraction,This is a bounded computational sample. It does not prove the complete associate-class structure of the infinite monoid.
707,650/243,1,650/243,1,mixed_fraction,This is a bounded computational sample. It does not prove the complete associate-class structure of the infinite monoid.
708,652/243,1,652/243,1,mixed_fraction,This is a bounded computational sample. It does not prove the complete associate-class structure of the infinite monoid.
709,653/243,1,653/243,1,mixed_fraction,This is a bounded computational sample. It does not prove the complete associate-class structure of the infinite monoid.
710,655/243,1,655/243,1,mixed_fraction,This is a bounded computational sample. It does not prove the complete associate-class structure of the infinite monoid.
711,656/243,1,656/243,1,mixed_fraction,This is a bounded computational sample. It does not prove the complete associate-class structure of the infinite monoid.
712,658/243,1,658/243,1,mixed_fraction,This is a bounded computational sample. It does not prove the complete associate-class structure of the infinite monoid.
713,659/243,1,659/243,1,mixed_fraction,This is a bounded computational sample. It does not prove the complete associate-class structure of the infinite monoid.
714,661/243,1,661/243,1,mixed_fraction,This is a bounded computational sample. It does not prove the complete associate-class structure of the infinite monoid.
715,662/243,1,662/243,1,mixed_fraction,This is a bounded computational sample. It does not prove the complete associate-class structure of the infinite monoid.
716,664/243,1,664/243,1,mixed_fraction,This is a bounded computational sample. It does not prove the complete associate-class structure of the infinite monoid.
717,665/81,1,665/81,1,mixed_fraction,This is a bounded computational sample. It does not prove the complete associate-class structure of the infinite monoid.
718,665/243,1,665/243,1,mixed_fraction,This is a bounded computational sample. It does not prove the complete associate-class structure of the infinite monoid.
719,667/243,1,667/243,1,mixed_fraction,This is a bounded computational sample. It does not prove the complete associate-class structure of the infinite monoid.
720,668/243,1,668/243,1,mixed_fraction,This is a bounded computational sample. It does not prove the complete associate-class structure of the infinite monoid.
721,670/243,1,670/243,1,mixed_fraction,This is a bounded computational sample. It does not prove the complete associate-class structure of the infinite monoid.
722,671/243,1,671/243,1,mixed_fraction,This is a bounded computational sample. It does not prove the complete associate-class structure of the infinite monoid.
723,673/243,1,673/243,1,mixed_fraction,This is a bounded computational sample. It does not prove the complete associate-class structure of the infinite monoid.
724,674/243,1,674/243,1,mixed_fraction,This is a bounded computational sample. It does not prove the complete associate-class structure of the infinite monoid.
725,676/243,1,676/243,1,mixed_fraction,This is a bounded computational sample. It does not prove the complete associate-class structure of the infinite monoid.
726,677/243,1,677/243,1,mixed_fraction,This is a bounded computational sample. It does not prove the complete associate-class structure of the infinite monoid.
727,679/243,1,679/243,1,mixed_fraction,This is a bounded computational sample. It does not prove the complete associate-class structure of the infinite monoid.
728,680/243,1,680/243,1,mixed_fraction,This is a bounded computational sample. It does not prove the complete associate-class structure of the infinite monoid.
729,682/243,1,682/243,1,mixed_fraction,This is a bounded computational sample. It does not prove the complete associate-class structure of the infinite monoid.
730,683/243,1,683/243,1,mixed_fraction,This is a bounded computational sample. It does not prove the complete associate-class structure of the infinite monoid.
731,685/243,1,685/243,1,mixed_fraction,This is a bounded computational sample. It does not prove the complete associate-class structure of the infinite monoid.
732,686/243,1,686/243,1,mixed_fraction,This is a bounded computational sample. It does not prove the complete associate-class structure of the infinite monoid.
733,688/243,1,688/243,1,mixed_fraction,This is a bounded computational sample. It does not prove the complete associate-class structure of the infinite monoid.
734,689/243,1,689/243,1,mixed_fraction,This is a bounded computational sample. It does not prove the complete associate-class structure of the infinite monoid.
735,691/243,1,691/243,1,mixed_fraction,This is a bounded computational sample. It does not prove the complete associate-class structure of the infinite monoid.
736,692/243,1,692/243,1,mixed_fraction,This is a bounded computational sample. It does not prove the complete associate-class structure of the infinite monoid.
737,694/243,1,694/243,1,mixed_fraction,This is a bounded computational sample. It does not prove the complete associate-class structure of the infinite monoid.
738,695/243,1,695/243,1,mixed_fraction,This is a bounded computational sample. It does not prove the complete associate-class structure of the infinite monoid.
739,697/243,1,697/243,1,mixed_fraction,This is a bounded computational sample. It does not prove the complete associate-class structure of the infinite monoid.
740,698/243,1,698/243,1,mixed_fraction,This is a bounded computational sample. It does not prove the complete associate-class structure of the infinite monoid.
741,700/243,1,700/243,1,mixed_fraction,This is a bounded computational sample. It does not prove the complete associate-class structure of the infinite monoid.
742,701/243,1,701/243,1,mixed_fraction,This is a bounded computational sample. It does not prove the complete associate-class structure of the infinite monoid.
743,703/243,1,703/243,1,mixed_fraction,This is a bounded computational sample. It does not prove the complete associate-class structure of the infinite monoid.
744,704/243,1,704/243,1,mixed_fraction,This is a bounded computational sample. It does not prove the complete associate-class structure of the infinite monoid.
745,706/243,1,706/243,1,mixed_fraction,This is a bounded computational sample. It does not prove the complete associate-class structure of the infinite monoid.
746,707/243,1,707/243,1,mixed_fraction,This is a bounded computational sample. It does not prove the complete associate-class structure of the infinite monoid.
747,709/243,1,709/243,1,mixed_fraction,This is a bounded computational sample. It does not prove the complete associate-class structure of the infinite monoid.
748,710/243,1,710/243,1,mixed_fraction,This is a bounded computational sample. It does not prove the complete associate-class structure of the infinite monoid.
749,712/243,1,712/243,1,mixed_fraction,This is a bounded computational sample. It does not prove the complete associate-class structure of the infinite monoid.
750,713/243,1,713/243,1,mixed_fraction,This is a bounded computational sample. It does not prove the complete associate-class structure of the infinite monoid.
751,715/243,1,715/243,1,mixed_fraction,This is a bounded computational sample. It does not prove the complete associate-class structure of the infinite monoid.
752,716/243,1,716/243,1,mixed_fraction,This is a bounded computational sample. It does not prove the complete associate-class structure of the infinite monoid.
753,718/243,1,718/243,1,mixed_fraction,This is a bounded computational sample. It does not prove the complete associate-class structure of the infinite monoid.
754,719/243,1,719/243,1,mixed_fraction,This is a bounded computational sample. It does not prove the complete associate-class structure of the infinite monoid.
755,721/243,1,721/243,1,mixed_fraction,This is a bounded computational sample. It does not prove the complete associate-class structure of the infinite monoid.
756,722/243,1,722/243,1,mixed_fraction,This is a bounded computational sample. It does not prove the complete associate-class structure of the infinite monoid.
757,724/243,1,724/243,1,mixed_fraction,This is a bounded computational sample. It does not prove the complete associate-class structure of the infinite monoid.
758,725/243,1,725/243,1,mixed_fraction,This is a bounded computational sample. It does not prove the complete associate-class structure of the infinite monoid.
759,727/243,1,727/243,1,mixed_fraction,This is a bounded computational sample. It does not prove the complete associate-class structure of the infinite monoid.
760,728/243,1,728/243,1,mixed_fraction,This is a bounded computational sample. It does not prove the complete associate-class structure of the infinite monoid.
761,730/243,1,730/243,1,mixed_fraction,This is a bounded computational sample. It does not prove the complete associate-class structure of the infinite monoid.
762,731/243,1,731/243,1,mixed_fraction,This is a bounded computational sample. It does not prove the complete associate-class structure of the infinite monoid.
763,733/243,1,733/243,1,mixed_fraction,This is a bounded computational sample. It does not prove the complete associate-class structure of the infinite monoid.
764,734/243,1,734/243,1,mixed_fraction,This is a bounded computational sample. It does not prove the complete associate-class structure of the infinite monoid.
765,736/243,1,736/243,1,mixed_fraction,This is a bounded computational sample. It does not prove the complete associate-class structure of the infinite monoid.
766,737/243,1,737/243,1,mixed_fraction,This is a bounded computational sample. It does not prove the complete associate-class structure of the infinite monoid.
767,739/243,1,739/243,1,mixed_fraction,This is a bounded computational sample. It does not prove the complete associate-class structure of the infinite monoid.
768,740/243,1,740/243,1,mixed_fraction,This is a bounded computational sample. It does not prove the complete associate-class structure of the infinite monoid.
769,742/243,1,742/243,1,mixed_fraction,This is a bounded computational sample. It does not prove the complete associate-class structure of the infinite monoid.
770,743/243,1,743/243,1,mixed_fraction,This is a bounded computational sample. It does not prove the complete associate-class structure of the infinite monoid.
771,745/243,1,745/243,1,mixed_fraction,This is a bounded computational sample. It does not prove the complete associate-class structure of the infinite monoid.
772,746/243,1,746/243,1,mixed_fraction,This is a bounded computational sample. It does not prove the complete associate-class structure of the infinite monoid.
773,748/243,1,748/243,1,mixed_fraction,This is a bounded computational sample. It does not prove the complete associate-class structure of the infinite monoid.
774,749/243,1,749/243,1,mixed_fraction,This is a bounded computational sample. It does not prove the complete associate-class structure of the infinite monoid.
775,751/243,1,751/243,1,mixed_fraction,This is a bounded computational sample. It does not prove the complete associate-class structure of the infinite monoid.
776,752/243,1,752/243,1,mixed_fraction,This is a bounded computational sample. It does not prove the complete associate-class structure of the infinite monoid.
777,754/243,1,754/243,1,mixed_fraction,This is a bounded computational sample. It does not prove the complete associate-class structure of the infinite monoid.
778,755/243,1,755/243,1,mixed_fraction,This is a bounded computational sample. It does not prove the complete associate-class structure of the infinite monoid.
779,757/243,1,757/243,1,mixed_fraction,This is a bounded computational sample. It does not prove the complete associate-class structure of the infinite monoid.
780,758/243,1,758/243,1,mixed_fraction,This is a bounded computational sample. It does not prove the complete associate-class structure of the infinite monoid.
781,760/243,1,760/243,1,mixed_fraction,This is a bounded computational sample. It does not prove the complete associate-class structure of the infinite monoid.
782,761/243,1,761/243,1,mixed_fraction,This is a bounded computational sample. It does not prove the complete associate-class structure of the infinite monoid.
783,763/243,1,763/243,1,mixed_fraction,This is a bounded computational sample. It does not prove the complete associate-class structure of the infinite monoid.
784,764/243,1,764/243,1,mixed_fraction,This is a bounded computational sample. It does not prove the complete associate-class structure of the infinite monoid.
785,766/243,1,766/243,1,mixed_fraction,This is a bounded computational sample. It does not prove the complete associate-class structure of the infinite monoid.
786,767/243,1,767/243,1,mixed_fraction,This is a bounded computational sample. It does not prove the complete associate-class structure of the infinite monoid.
787,769/243,1,769/243,1,mixed_fraction,This is a bounded computational sample. It does not prove the complete associate-class structure of the infinite monoid.
788,770/243,1,770/243,1,mixed_fraction,This is a bounded computational sample. It does not prove the complete associate-class structure of the infinite monoid.
789,772/243,1,772/243,1,mixed_fraction,This is a bounded computational sample. It does not prove the complete associate-class structure of the infinite monoid.
790,773/243,1,773/243,1,mixed_fraction,This is a bounded computational sample. It does not prove the complete associate-class structure of the infinite monoid.
791,775/243,1,775/243,1,mixed_fraction,This is a bounded computational sample. It does not prove the complete associate-class structure of the infinite monoid.
792,776/243,1,776/243,1,mixed_fraction,This is a bounded computational sample. It does not prove the complete associate-class structure of the infinite monoid.
793,778/243,1,778/243,1,mixed_fraction,This is a bounded computational sample. It does not prove the complete associate-class structure of the infinite monoid.
794,779/243,1,779/243,1,mixed_fraction,This is a bounded computational sample. It does not prove the complete associate-class structure of the infinite monoid.
795,781/243,1,781/243,1,mixed_fraction,This is a bounded computational sample. It does not prove the complete associate-class structure of the infinite monoid.
796,782/243,1,782/243,1,mixed_fraction,This is a bounded computational sample. It does not prove the complete associate-class structure of the infinite monoid.
797,784/243,1,784/243,1,mixed_fraction,This is a bounded computational sample. It does not prove the complete associate-class structure of the infinite monoid.
798,785/243,1,785/243,1,mixed_fraction,This is a bounded computational sample. It does not prove the complete associate-class structure of the infinite monoid.
799,787/243,1,787/243,1,mixed_fraction,This is a bounded computational sample. It does not prove the complete associate-class structure of the infinite monoid.
800,788/243,1,788/243,1,mixed_fraction,This is a bounded computational sample. It does not prove the complete associate-class structure of the infinite monoid.
801,790/243,1,790/243,1,mixed_fraction,This is a bounded computational sample. It does not prove the complete associate-class structure of the infinite monoid.
802,791/243,1,791/243,1,mixed_fraction,This is a bounded computational sample. It does not prove the complete associate-class structure of the infinite monoid.
803,793/243,1,793/243,1,mixed_fraction,This is a bounded computational sample. It does not prove the complete associate-class structure of the infinite monoid.
804,794/243,1,794/243,1,mixed_fraction,This is a bounded computational sample. It does not prove the complete associate-class structure of the infinite monoid.
805,796/243,1,796/243,1,mixed_fraction,This is a bounded computational sample. It does not prove the complete associate-class structure of the infinite monoid.
806,797/243,1,797/243,1,mixed_fraction,This is a bounded computational sample. It does not prove the complete associate-class structure of the infinite monoid.
807,799/243,1,799/243,1,mixed_fraction,This is a bounded computational sample. It does not prove the complete associate-class structure of the infinite monoid.
808,800/243,1,800/243,1,mixed_fraction,This is a bounded computational sample. It does not prove the complete associate-class structure of the infinite monoid.
809,802/243,1,802/243,1,mixed_fraction,This is a bounded computational sample. It does not prove the complete associate-class structure of the infinite monoid.
810,803/243,1,803/243,1,mixed_fraction,This is a bounded computational sample. It does not prove the complete associate-class structure of the infinite monoid.
811,805/243,1,805/243,1,mixed_fraction,This is a bounded computational sample. It does not prove the complete associate-class structure of the infinite monoid.
812,806/243,1,806/243,1,mixed_fraction,This is a bounded computational sample. It does not prove the complete associate-class structure of the infinite monoid.
813,808/243,1,808/243,1,mixed_fraction,This is a bounded computational sample. It does not prove the complete associate-class structure of the infinite monoid.
814,809/243,1,809/243,1,mixed_fraction,This is a bounded computational sample. It does not prove the complete associate-class structure of the infinite monoid.
815,811/243,1,811/243,1,mixed_fraction,This is a bounded computational sample. It does not prove the complete associate-class structure of the infinite monoid.
816,812/243,1,812/243,1,mixed_fraction,This is a bounded computational sample. It does not prove the complete associate-class structure of the infinite monoid.
817,814/243,1,814/243,1,mixed_fraction,This is a bounded computational sample. It does not prove the complete associate-class structure of the infinite monoid.
818,815/243,1,815/243,1,mixed_fraction,This is a bounded computational sample. It does not prove the complete associate-class structure of the infinite monoid.
819,817/243,1,817/243,1,mixed_fraction,This is a bounded computational sample. It does not prove the complete associate-class structure of the infinite monoid.
820,818/243,1,818/243,1,mixed_fraction,This is a bounded computational sample. It does not prove the complete associate-class structure of the infinite monoid.
821,820/243,1,820/243,1,mixed_fraction,This is a bounded computational sample. It does not prove the complete associate-class structure of the infinite monoid.
822,821/243,1,821/243,1,mixed_fraction,This is a bounded computational sample. It does not prove the complete associate-class structure of the infinite monoid.
823,823/243,1,823/243,1,mixed_fraction,This is a bounded computational sample. It does not prove the complete associate-class structure of the infinite monoid.
824,824/243,1,824/243,1,mixed_fraction,This is a bounded computational sample. It does not prove the complete associate-class structure of the infinite monoid.
825,826/243,1,826/243,1,mixed_fraction,This is a bounded computational sample. It does not prove the complete associate-class structure of the infinite monoid.
826,827/243,1,827/243,1,mixed_fraction,This is a bounded computational sample. It does not prove the complete associate-class structure of the infinite monoid.
827,829/243,1,829/243,1,mixed_fraction,This is a bounded computational sample. It does not prove the complete associate-class structure of the infinite monoid.
828,830/243,1,830/243,1,mixed_fraction,This is a bounded computational sample. It does not prove the complete associate-class structure of the infinite monoid.
829,832/243,1,832/243,1,mixed_fraction,This is a bounded computational sample. It does not prove the complete associate-class structure of the infinite monoid.
830,833/243,1,833/243,1,mixed_fraction,This is a bounded computational sample. It does not prove the complete associate-class structure of the infinite monoid.
831,835/243,1,835/243,1,mixed_fraction,This is a bounded computational sample. It does not prove the complete associate-class structure of the infinite monoid.
832,836/243,1,836/243,1,mixed_fraction,This is a bounded computational sample. It does not prove the complete associate-class structure of the infinite monoid.
833,838/243,1,838/243,1,mixed_fraction,This is a bounded computational sample. It does not prove the complete associate-class structure of the infinite monoid.
834,839/243,1,839/243,1,mixed_fraction,This is a bounded computational sample. It does not prove the complete associate-class structure of the infinite monoid.
835,841/243,1,841/243,1,mixed_fraction,This is a bounded computational sample. It does not prove the complete associate-class structure of the infinite monoid.
836,842/243,1,842/243,1,mixed_fraction,This is a bounded computational sample. It does not prove the complete associate-class structure of the infinite monoid.
837,844/243,1,844/243,1,mixed_fraction,This is a bounded computational sample. It does not prove the complete associate-class structure of the infinite monoid.
838,845/243,1,845/243,1,mixed_fraction,This is a bounded computational sample. It does not prove the complete associate-class structure of the infinite monoid.
839,847/243,1,847/243,1,mixed_fraction,This is a bounded computational sample. It does not prove the complete associate-class structure of the infinite monoid.
840,848/243,1,848/243,1,mixed_fraction,This is a bounded computational sample. It does not prove the complete associate-class structure of the infinite monoid.
841,850/243,1,850/243,1,mixed_fraction,This is a bounded computational sample. It does not prove the complete associate-class structure of the infinite monoid.
842,851/243,1,851/243,1,mixed_fraction,This is a bounded computational sample. It does not prove the complete associate-class structure of the infinite monoid.
843,853/243,1,853/243,1,mixed_fraction,This is a bounded computational sample. It does not prove the complete associate-class structure of the infinite monoid.
844,854/243,1,854/243,1,mixed_fraction,This is a bounded computational sample. It does not prove the complete associate-class structure of the infinite monoid.
845,856/243,1,856/243,1,mixed_fraction,This is a bounded computational sample. It does not prove the complete associate-class structure of the infinite monoid.
846,857/243,1,857/243,1,mixed_fraction,This is a bounded computational sample. It does not prove the complete associate-class structure of the infinite monoid.
847,859/243,1,859/243,1,mixed_fraction,This is a bounded computational sample. It does not prove the complete associate-class structure of the infinite monoid.
848,860/243,1,860/243,1,mixed_fraction,This is a bounded computational sample. It does not prove the complete associate-class structure of the infinite monoid.
849,862/243,1,862/243,1,mixed_fraction,This is a bounded computational sample. It does not prove the complete associate-class structure of the infinite monoid.
850,863/243,1,863/243,1,mixed_fraction,This is a bounded computational sample. It does not prove the complete associate-class structure of the infinite monoid.
851,865/243,1,865/243,1,mixed_fraction,This is a bounded computational sample. It does not prove the complete associate-class structure of the infinite monoid.
852,866/243,1,866/243,1,mixed_fraction,This is a bounded computational sample. It does not prove the complete associate-class structure of the infinite monoid.
853,868/243,1,868/243,1,mixed_fraction,This is a bounded computational sample. It does not prove the complete associate-class structure of the infinite monoid.
854,869/243,1,869/243,1,mixed_fraction,This is a bounded computational sample. It does not prove the complete associate-class structure of the infinite monoid.
855,871/243,1,871/243,1,mixed_fraction,This is a bounded computational sample. It does not prove the complete associate-class structure of the infinite monoid.
856,872/243,1,872/243,1,mixed_fraction,This is a bounded computational sample. It does not prove the complete associate-class structure of the infinite monoid.
857,874/243,1,874/243,1,mixed_fraction,This is a bounded computational sample. It does not prove the complete associate-class structure of the infinite monoid.
858,875/243,1,875/243,1,mixed_fraction,This is a bounded computational sample. It does not prove the complete associate-class structure of the infinite monoid.
859,877/243,1,877/243,1,mixed_fraction,This is a bounded computational sample. It does not prove the complete associate-class structure of the infinite monoid.
860,878/243,1,878/243,1,mixed_fraction,This is a bounded computational sample. It does not prove the complete associate-class structure of the infinite monoid.
861,880/243,1,880/243,1,mixed_fraction,This is a bounded computational sample. It does not prove the complete associate-class structure of the infinite monoid.
862,881/243,1,881/243,1,mixed_fraction,This is a bounded computational sample. It does not prove the complete associate-class structure of the infinite monoid.
863,883/243,1,883/243,1,mixed_fraction,This is a bounded computational sample. It does not prove the complete associate-class structure of the infinite monoid.
864,884/243,1,884/243,1,mixed_fraction,This is a bounded computational sample. It does not prove the complete associate-class structure of the infinite monoid.
865,886/243,1,886/243,1,mixed_fraction,This is a bounded computational sample. It does not prove the complete associate-class structure of the infinite monoid.
866,887/243,1,887/243,1,mixed_fraction,This is a bounded computational sample. It does not prove the complete associate-class structure of the infinite monoid.
867,889/243,1,889/243,1,mixed_fraction,This is a bounded computational sample. It does not prove the complete associate-class structure of the infinite monoid.
868,890/243,1,890/243,1,mixed_fraction,This is a bounded computational sample. It does not prove the complete associate-class structure of the infinite monoid.
869,892/243,1,892/243,1,mixed_fraction,This is a bounded computational sample. It does not prove the complete associate-class structure of the infinite monoid.
870,893/243,1,893/243,1,mixed_fraction,This is a bounded computational sample. It does not prove the complete associate-class structure of the infinite monoid.
871,895/243,1,895/243,1,mixed_fraction,This is a bounded computational sample. It does not prove the complete associate-class structure of the infinite monoid.
872,896/243,1,896/243,1,mixed_fraction,This is a bounded computational sample. It does not prove the complete associate-class structure of the infinite monoid.
873,898/243,1,898/243,1,mixed_fraction,This is a bounded computational sample. It does not prove the complete associate-class structure of the infinite monoid.
874,899/243,1,899/243,1,mixed_fraction,This is a bounded computational sample. It does not prove the complete associate-class structure of the infinite monoid.
875,901/243,1,901/243,1,mixed_fraction,This is a bounded computational sample. It does not prove the complete associate-class structure of the infinite monoid.
876,902/243,1,902/243,1,mixed_fraction,This is a bounded computational sample. It does not prove the complete associate-class structure of the infinite monoid.
877,904/243,1,904/243,1,mixed_fraction,This is a bounded computational sample. It does not prove the complete associate-class structure of the infinite monoid.
878,905/243,1,905/243,1,mixed_fraction,This is a bounded computational sample. It does not prove the complete associate-class structure of the infinite monoid.
879,907/243,1,907/243,1,mixed_fraction,This is a bounded computational sample. It does not prove the complete associate-class structure of the infinite monoid.
880,908/243,1,908/243,1,mixed_fraction,This is a bounded computational sample. It does not prove the complete associate-class structure of the infinite monoid.
881,910/243,1,910/243,1,mixed_fraction,This is a bounded computational sample. It does not prove the complete associate-class structure of the infinite monoid.
882,911/243,1,911/243,1,mixed_fraction,This is a bounded computational sample. It does not prove the complete associate-class structure of the infinite monoid.
883,913/243,1,913/243,1,mixed_fraction,This is a bounded computational sample. It does not prove the complete associate-class structure of the infinite monoid.
884,914/243,1,914/243,1,mixed_fraction,This is a bounded computational sample. It does not prove the complete associate-class structure of the infinite monoid.
885,916/243,1,916/243,1,mixed_fraction,This is a bounded computational sample. It does not prove the complete associate-class structure of the infinite monoid.
886,917/243,1,917/243,1,mixed_fraction,This is a bounded computational sample. It does not prove the complete associate-class structure of the infinite monoid.
887,919/243,1,919/243,1,mixed_fraction,This is a bounded computational sample. It does not prove the complete associate-class structure of the infinite monoid.
888,920/243,1,920/243,1,mixed_fraction,This is a bounded computational sample. It does not prove the complete associate-class structure of the infinite monoid.
889,922/243,1,922/243,1,mixed_fraction,This is a bounded computational sample. It does not prove the complete associate-class structure of the infinite monoid.
890,923/243,1,923/243,1,mixed_fraction,This is a bounded computational sample. It does not prove the complete associate-class structure of the infinite monoid.
891,925/243,1,925/243,1,mixed_fraction,This is a bounded computational sample. It does not prove the complete associate-class structure of the infinite monoid.
892,926/243,1,926/243,1,mixed_fraction,This is a bounded computational sample. It does not prove the complete associate-class structure of the infinite monoid.
893,928/243,1,928/243,1,mixed_fraction,This is a bounded computational sample. It does not prove the complete associate-class structure of the infinite monoid.
894,929/243,1,929/243,1,mixed_fraction,This is a bounded computational sample. It does not prove the complete associate-class structure of the infinite monoid.
895,931/243,1,931/243,1,mixed_fraction,This is a bounded computational sample. It does not prove the complete associate-class structure of the infinite monoid.
896,932/243,1,932/243,1,mixed_fraction,This is a bounded computational sample. It does not prove the complete associate-class structure of the infinite monoid.
897,934/243,1,934/243,1,mixed_fraction,This is a bounded computational sample. It does not prove the complete associate-class structure of the infinite monoid.
898,935/243,1,935/243,1,mixed_fraction,This is a bounded computational sample. It does not prove the complete associate-class structure of the infinite monoid.
899,937/243,1,937/243,1,mixed_fraction,This is a bounded computational sample. It does not prove the complete associate-class structure of the infinite monoid.
900,938/243,1,938/243,1,mixed_fraction,This is a bounded computational sample. It does not prove the complete associate-class structure of the infinite monoid.
901,940/243,1,940/243,1,mixed_fraction,This is a bounded computational sample. It does not prove the complete associate-class structure of the infinite monoid.
902,941/243,1,941/243,1,mixed_fraction,This is a bounded computational sample. It does not prove the complete associate-class structure of the infinite monoid.
903,943/243,1,943/243,1,mixed_fraction,This is a bounded computational sample. It does not prove the complete associate-class structure of the infinite monoid.
904,944/243,1,944/243,1,mixed_fraction,This is a bounded computational sample. It does not prove the complete associate-class structure of the infinite monoid.
905,946/243,1,946/243,1,mixed_fraction,This is a bounded computational sample. It does not prove the complete associate-class structure of the infinite monoid.
906,947/243,1,947/243,1,mixed_fraction,This is a bounded computational sample. It does not prove the complete associate-class structure of the infinite monoid.
907,949/243,1,949/243,1,mixed_fraction,This is a bounded computational sample. It does not prove the complete associate-class structure of the infinite monoid.
908,950/243,1,950/243,1,mixed_fraction,This is a bounded computational sample. It does not prove the complete associate-class structure of the infinite monoid.
909,952/243,1,952/243,1,mixed_fraction,This is a bounded computational sample. It does not prove the complete associate-class structure of the infinite monoid.
910,953/243,1,953/243,1,mixed_fraction,This is a bounded computational sample. It does not prove the complete associate-class structure of the infinite monoid.
911,955/243,1,955/243,1,mixed_fraction,This is a bounded computational sample. It does not prove the complete associate-class structure of the infinite monoid.
912,956/243,1,956/243,1,mixed_fraction,This is a bounded computational sample. It does not prove the complete associate-class structure of the infinite monoid.
913,958/243,1,958/243,1,mixed_fraction,This is a bounded computational sample. It does not prove the complete associate-class structure of the infinite monoid.
914,959/243,1,959/243,1,mixed_fraction,This is a bounded computational sample. It does not prove the complete associate-class structure of the infinite monoid.
915,961/243,1,961/243,1,mixed_fraction,This is a bounded computational sample. It does not prove the complete associate-class structure of the infinite monoid.
916,962/243,1,962/243,1,mixed_fraction,This is a bounded computational sample. It does not prove the complete associate-class structure of the infinite monoid.
917,964/243,1,964/243,1,mixed_fraction,This is a bounded computational sample. It does not prove the complete associate-class structure of the infinite monoid.
918,965/243,1,965/243,1,mixed_fraction,This is a bounded computational sample. It does not prove the complete associate-class structure of the infinite monoid.
919,967/243,1,967/243,1,mixed_fraction,This is a bounded computational sample. It does not prove the complete associate-class structure of the infinite monoid.
920,968/243,1,968/243,1,mixed_fraction,This is a bounded computational sample. It does not prove the complete associate-class structure of the infinite monoid.
921,970/243,1,970/243,1,mixed_fraction,This is a bounded computational sample. It does not prove the complete associate-class structure of the infinite monoid.
922,971/243,1,971/243,1,mixed_fraction,This is a bounded computational sample. It does not prove the complete associate-class structure of the infinite monoid.
923,973/243,1,973/243,1,mixed_fraction,This is a bounded computational sample. It does not prove the complete associate-class structure of the infinite monoid.
924,974/243,1,974/243,1,mixed_fraction,This is a bounded computational sample. It does not prove the complete associate-class structure of the infinite monoid.
925,976/243,1,976/243,1,mixed_fraction,This is a bounded computational sample. It does not prove the complete associate-class structure of the infinite monoid.
926,977/243,1,977/243,1,mixed_fraction,This is a bounded computational sample. It does not prove the complete associate-class structure of the infinite monoid.
927,979/243,1,979/243,1,mixed_fraction,This is a bounded computational sample. It does not prove the complete associate-class structure of the infinite monoid.
928,980/243,1,980/243,1,mixed_fraction,This is a bounded computational sample. It does not prove the complete associate-class structure of the infinite monoid.
929,982/243,1,982/243,1,mixed_fraction,This is a bounded computational sample. It does not prove the complete associate-class structure of the infinite monoid.
930,983/243,1,983/243,1,mixed_fraction,This is a bounded computational sample. It does not prove the complete associate-class structure of the infinite monoid.
931,985/243,1,985/243,1,mixed_fraction,This is a bounded computational sample. It does not prove the complete associate-class structure of the infinite monoid.
932,986/243,1,986/243,1,mixed_fraction,This is a bounded computational sample. It does not prove the complete associate-class structure of the infinite monoid.
933,988/243,1,988/243,1,mixed_fraction,This is a bounded computational sample. It does not prove the complete associate-class structure of the infinite monoid.
934,989/243,1,989/243,1,mixed_fraction,This is a bounded computational sample. It does not prove the complete associate-class structure of the infinite monoid.
935,991/243,1,991/243,1,mixed_fraction,This is a bounded computational sample. It does not prove the complete associate-class structure of the infinite monoid.
936,992/243,1,992/243,1,mixed_fraction,This is a bounded computational sample. It does not prove the complete associate-class structure of the infinite monoid.
937,994/243,1,994/243,1,mixed_fraction,This is a bounded computational sample. It does not prove the complete associate-class structure of the infinite monoid.
938,995/243,1,995/243,1,mixed_fraction,This is a bounded computational sample. It does not prove the complete associate-class structure of the infinite monoid.
939,997/243,1,997/243,1,mixed_fraction,This is a bounded computational sample. It does not prove the complete associate-class structure of the infinite monoid.
940,998/243,1,998/243,1,mixed_fraction,This is a bounded computational sample. It does not prove the complete associate-class structure of the infinite monoid.
941,1000/243,1,1000/243,1,mixed_fraction,This is a bounded computational sample. It does not prove the complete associate-class structure of the infinite monoid.
942,1001/243,1,1001/243,1,mixed_fraction,This is a bounded computational sample. It does not prove the complete associate-class structure of the infinite monoid.
943,1003/243,1,1003/243,1,mixed_fraction,This is a bounded computational sample. It does not prove the complete associate-class structure of the infinite monoid.
944,1004/243,1,1004/243,1,mixed_fraction,This is a bounded computational sample. It does not prove the complete associate-class structure of the infinite monoid.
945,1006/243,1,1006/243,1,mixed_fraction,This is a bounded computational sample. It does not prove the complete associate-class structure of the infinite monoid.
946,1007/243,1,1007/243,1,mixed_fraction,This is a bounded computational sample. It does not prove the complete associate-class structure of the infinite monoid.
947,1009/243,1,1009/243,1,mixed_fraction,This is a bounded computational sample. It does not prove the complete associate-class structure of the infinite monoid.
948,1010/243,1,1010/243,1,mixed_fraction,This is a bounded computational sample. It does not prove the complete associate-class structure of the infinite monoid.
949,1012/243,1,1012/243,1,mixed_fraction,This is a bounded computational sample. It does not prove the complete associate-class structure of the infinite monoid.
950,1013/243,1,1013/243,1,mixed_fraction,This is a bounded computational sample. It does not prove the complete associate-class structure of the infinite monoid.
951,1015/243,1,1015/243,1,mixed_fraction,This is a bounded computational sample. It does not prove the complete associate-class structure of the infinite monoid.
952,1016/243,1,1016/243,1,mixed_fraction,This is a bounded computational sample. It does not prove the complete associate-class structure of the infinite monoid.
953,1018/243,1,1018/243,1,mixed_fraction,This is a bounded computational sample. It does not prove the complete associate-class structure of the infinite monoid.
954,1019/243,1,1019/243,1,mixed_fraction,This is a bounded computational sample. It does not prove the complete associate-class structure of the infinite monoid.
955,1021/243,1,1021/243,1,mixed_fraction,This is a bounded computational sample. It does not prove the complete associate-class structure of the infinite monoid.
956,1022/243,1,1022/243,1,mixed_fraction,This is a bounded computational sample. It does not prove the complete associate-class structure of the infinite monoid.
957,1024/243,1,1024/243,1,mixed_fraction,This is a bounded computational sample. It does not prove the complete associate-class structure of the infinite monoid.
958,1025/243,1,1025/243,1,mixed_fraction,This is a bounded computational sample. It does not prove the complete associate-class structure of the infinite monoid.
959,1027/243,1,1027/243,1,mixed_fraction,This is a bounded computational sample. It does not prove the complete associate-class structure of the infinite monoid.
960,1028/243,1,1028/243,1,mixed_fraction,This is a bounded computational sample. It does not prove the complete associate-class structure of the infinite monoid.
961,1030/243,1,1030/243,1,mixed_fraction,This is a bounded computational sample. It does not prove the complete associate-class structure of the infinite monoid.
962,1031/243,1,1031/243,1,mixed_fraction,This is a bounded computational sample. It does not prove the complete associate-class structure of the infinite monoid.
963,1033/243,1,1033/243,1,mixed_fraction,This is a bounded computational sample. It does not prove the complete associate-class structure of the infinite monoid.
964,1034/243,1,1034/243,1,mixed_fraction,This is a bounded computational sample. It does not prove the complete associate-class structure of the infinite monoid.
965,1036/243,1,1036/243,1,mixed_fraction,This is a bounded computational sample. It does not prove the complete associate-class structure of the infinite monoid.
966,1037/243,1,1037/243,1,mixed_fraction,This is a bounded computational sample. It does not prove the complete associate-class structure of the infinite monoid.
967,1039/243,1,1039/243,1,mixed_fraction,This is a bounded computational sample. It does not prove the complete associate-class structure of the infinite monoid.
968,1040/243,1,1040/243,1,mixed_fraction,This is a bounded computational sample. It does not prove the complete associate-class structure of the infinite monoid.
969,1042/243,1,1042/243,1,mixed_fraction,This is a bounded computational sample. It does not prove the complete associate-class structure of the infinite monoid.
970,1043/243,1,1043/243,1,mixed_fraction,This is a bounded computational sample. It does not prove the complete associate-class structure of the infinite monoid.
971,1045/243,1,1045/243,1,mixed_fraction,This is a bounded computational sample. It does not prove the complete associate-class structure of the infinite monoid.
972,1046/243,1,1046/243,1,mixed_fraction,This is a bounded computational sample. It does not prove the complete associate-class structure of the infinite monoid.
973,1048/243,1,1048/243,1,mixed_fraction,This is a bounded computational sample. It does not prove the complete associate-class structure of the infinite monoid.
974,1049/243,1,1049/243,1,mixed_fraction,This is a bounded computational sample. It does not prove the complete associate-class structure of the infinite monoid.
975,1051/243,1,1051/243,1,mixed_fraction,This is a bounded computational sample. It does not prove the complete associate-class structure of the infinite monoid.
976,1052/243,1,1052/243,1,mixed_fraction,This is a bounded computational sample. It does not prove the complete associate-class structure of the infinite monoid.
977,1054/243,1,1054/243,1,mixed_fraction,This is a bounded computational sample. It does not prove the complete associate-class structure of the infinite monoid.
978,1055/243,1,1055/243,1,mixed_fraction,This is a bounded computational sample. It does not prove the complete associate-class structure of the infinite monoid.
979,1057/243,1,1057/243,1,mixed_fraction,This is a bounded computational sample. It does not prove the complete associate-class structure of the infinite monoid.
980,1058/243,1,1058/243,1,mixed_fraction,This is a bounded computational sample. It does not prove the complete associate-class structure of the infinite monoid.
981,1060/243,1,1060/243,1,mixed_fraction,This is a bounded computational sample. It does not prove the complete associate-class structure of the infinite monoid.
982,1061/243,1,1061/243,1,mixed_fraction,This is a bounded computational sample. It does not prove the complete associate-class structure of the infinite monoid.
983,1063/243,1,1063/243,1,mixed_fraction,This is a bounded computational sample. It does not prove the complete associate-class structure of the infinite monoid.
984,1064/243,1,1064/243,1,mixed_fraction,This is a bounded computational sample. It does not prove the complete associate-class structure of the infinite monoid.
985,1066/243,1,1066/243,1,mixed_fraction,This is a bounded computational sample. It does not prove the complete associate-class structure of the infinite monoid.
986,1067/243,1,1067/243,1,mixed_fraction,This is a bounded computational sample. It does not prove the complete associate-class structure of the infinite monoid.
987,1069/243,1,1069/243,1,mixed_fraction,This is a bounded computational sample. It does not prove the complete associate-class structure of the infinite monoid.
988,1070/243,1,1070/243,1,mixed_fraction,This is a bounded computational sample. It does not prove the complete associate-class structure of the infinite monoid.
989,1072/243,1,1072/243,1,mixed_fraction,This is a bounded computational sample. It does not prove the complete associate-class structure of the infinite monoid.
990,1073/243,1,1073/243,1,mixed_fraction,This is a bounded computational sample. It does not prove the complete associate-class structure of the infinite monoid.
991,1075/243,1,1075/243,1,mixed_fraction,This is a bounded computational sample. It does not prove the complete associate-class structure of the infinite monoid.
992,1076/243,1,1076/243,1,mixed_fraction,This is a bounded computational sample. It does not prove the complete associate-class structure of the infinite monoid.
993,1078/243,1,1078/243,1,mixed_fraction,This is a bounded computational sample. It does not prove the complete associate-class structure of the infinite monoid.
994,1079/243,1,1079/243,1,mixed_fraction,This is a bounded computational sample. It does not prove the complete associate-class structure of the infinite monoid.
995,1081/243,1,1081/243,1,mixed_fraction,This is a bounded computational sample. It does not prove the complete associate-class structure of the infinite monoid.
996,1082/243,1,1082/243,1,mixed_fraction,This is a bounded computational sample. It does not prove the complete associate-class structure of the infinite monoid.
997,1084/243,1,1084/243,1,mixed_fraction,This is a bounded computational sample. It does not prove the complete associate-class structure of the infinite monoid.
998,1085/243,1,1085/243,1,mixed_fraction,This is a bounded computational sample. It does not prove the complete associate-class structure of the infinite monoid.
999,1087/243,1,1087/243,1,mixed_fraction,This is a bounded computational sample. It does not prove the complete associate-class structure of the infinite monoid.
1000,1088/243,1,1088/243,1,mixed_fraction,This is a bounded computational sample. It does not prove the complete associate-class structure of the infinite monoid.
1001,1090/243,1,1090/243,1,mixed_fraction,This is a bounded computational sample. It does not prove the complete associate-class structure of the infinite monoid.
1002,1091/243,1,1091/243,1,mixed_fraction,This is a bounded computational sample. It does not prove the complete associate-class structure of the infinite monoid.
1003,1093/243,1,1093/243,1,mixed_fraction,This is a bounded computational sample. It does not prove the complete associate-class structure of the infinite monoid.
1004,1094/243,1,1094/243,1,mixed_fraction,This is a bounded computational sample. It does not prove the complete associate-class structure of the infinite monoid.
1005,1096/243,1,1096/243,1,mixed_fraction,This is a bounded computational sample. It does not prove the complete associate-class structure of the infinite monoid.
1006,1097/243,1,1097/243,1,mixed_fraction,This is a bounded computational sample. It does not prove the complete associate-class structure of the infinite monoid.
1007,1099/243,1,1099/243,1,mixed_fraction,This is a bounded computational sample. It does not prove the complete associate-class structure of the infinite monoid.
1008,1100/243,1,1100/243,1,mixed_fraction,This is a bounded computational sample. It does not prove the complete associate-class structure of the infinite monoid.
1009,1102/243,1,1102/243,1,mixed_fraction,This is a bounded computational sample. It does not prove the complete associate-class structure of the infinite monoid.
1010,1103/243,1,1103/243,1,mixed_fraction,This is a bounded computational sample. It does not prove the complete associate-class structure of the infinite monoid.
1011,1105/243,1,1105/243,1,mixed_fraction,This is a bounded computational sample. It does not prove the complete associate-class structure of the infinite monoid.
1012,1106/243,1,1106/243,1,mixed_fraction,This is a bounded computational sample. It does not prove the complete associate-class structure of the infinite monoid.
1013,1108/243,1,1108/243,1,mixed_fraction,This is a bounded computational sample. It does not prove the complete associate-class structure of the infinite monoid.
1014,1109/243,1,1109/243,1,mixed_fraction,This is a bounded computational sample. It does not prove the complete associate-class structure of the infinite monoid.
1015,1111/243,1,1111/243,1,mixed_fraction,This is a bounded computational sample. It does not prove the complete associate-class structure of the infinite monoid.
1016,1112/243,1,1112/243,1,mixed_fraction,This is a bounded computational sample. It does not prove the complete associate-class structure of the infinite monoid.
1017,1114/243,1,1114/243,1,mixed_fraction,This is a bounded computational sample. It does not prove the complete associate-class structure of the infinite monoid.
1018,1115/243,1,1115/243,1,mixed_fraction,This is a bounded computational sample. It does not prove the complete associate-class structure of the infinite monoid.
1019,1117/243,1,1117/243,1,mixed_fraction,This is a bounded computational sample. It does not prove the complete associate-class structure of the infinite monoid.
1020,1118/243,1,1118/243,1,mixed_fraction,This is a bounded computational sample. It does not prove the complete associate-class structure of the infinite monoid.
1021,1120/243,1,1120/243,1,mixed_fraction,This is a bounded computational sample. It does not prove the complete associate-class structure of the infinite monoid.
1022,1121/243,1,1121/243,1,mixed_fraction,This is a bounded computational sample. It does not prove the complete associate-class structure of the infinite monoid.
1023,1123/243,1,1123/243,1,mixed_fraction,This is a bounded computational sample. It does not prove the complete associate-class structure of the infinite monoid.
1024,1124/243,1,1124/243,1,mixed_fraction,This is a bounded computational sample. It does not prove the complete associate-class structure of the infinite monoid.
1025,1126/243,1,1126/243,1,mixed_fraction,This is a bounded computational sample. It does not prove the complete associate-class structure of the infinite monoid.
1026,1127/243,1,1127/243,1,mixed_fraction,This is a bounded computational sample. It does not prove the complete associate-class structure of the infinite monoid.
1027,1129/243,1,1129/243,1,mixed_fraction,This is a bounded computational sample. It does not prove the complete associate-class structure of the infinite monoid.
1028,1130/243,1,1130/243,1,mixed_fraction,This is a bounded computational sample. It does not prove the complete associate-class structure of the infinite monoid.
1029,1132/243,1,1132/243,1,mixed_fraction,This is a bounded computational sample. It does not prove the complete associate-class structure of the infinite monoid.
1030,1133/243,1,1133/243,1,mixed_fraction,This is a bounded computational sample. It does not prove the complete associate-class structure of the infinite monoid.
1031,1135/243,1,1135/243,1,mixed_fraction,This is a bounded computational sample. It does not prove the complete associate-class structure of the infinite monoid.
1032,1136/243,1,1136/243,1,mixed_fraction,This is a bounded computational sample. It does not prove the complete associate-class structure of the infinite monoid.
1033,1138/243,1,1138/243,1,mixed_fraction,This is a bounded computational sample. It does not prove the complete associate-class structure of the infinite monoid.
1034,1139/243,1,1139/243,1,mixed_fraction,This is a bounded computational sample. It does not prove the complete associate-class structure of the infinite monoid.
1035,1141/243,1,1141/243,1,mixed_fraction,This is a bounded computational sample. It does not prove the complete associate-class structure of the infinite monoid.
1036,1142/243,1,1142/243,1,mixed_fraction,This is a bounded computational sample. It does not prove the complete associate-class structure of the infinite monoid.
1037,1144/243,1,1144/243,1,mixed_fraction,This is a bounded computational sample. It does not prove the complete associate-class structure of the infinite monoid.
1038,1145/243,1,1145/243,1,mixed_fraction,This is a bounded computational sample. It does not prove the complete associate-class structure of the infinite monoid.
1039,1147/243,1,1147/243,1,mixed_fraction,This is a bounded computational sample. It does not prove the complete associate-class structure of the infinite monoid.
1040,1148/243,1,1148/243,1,mixed_fraction,This is a bounded computational sample. It does not prove the complete associate-class structure of the infinite monoid.
1041,1150/243,1,1150/243,1,mixed_fraction,This is a bounded computational sample. It does not prove the complete associate-class structure of the infinite monoid.
1042,1151/243,1,1151/243,1,mixed_fraction,This is a bounded computational sample. It does not prove the complete associate-class structure of the infinite monoid.
1043,1153/243,1,1153/243,1,mixed_fraction,This is a bounded computational sample. It does not prove the complete associate-class structure of the infinite monoid.
1044,1154/243,1,1154/243,1,mixed_fraction,This is a bounded computational sample. It does not prove the complete associate-class structure of the infinite monoid.
1045,1156/243,1,1156/243,1,mixed_fraction,This is a bounded computational sample. It does not prove the complete associate-class structure of the infinite monoid.
1046,1157/243,1,1157/243,1,mixed_fraction,This is a bounded computational sample. It does not prove the complete associate-class structure of the infinite monoid.
1047,1159/243,1,1159/243,1,mixed_fraction,This is a bounded computational sample. It does not prove the complete associate-class structure of the infinite monoid.
1048,1160/243,1,1160/243,1,mixed_fraction,This is a bounded computational sample. It does not prove the complete associate-class structure of the infinite monoid.
1049,1162/243,1,1162/243,1,mixed_fraction,This is a bounded computational sample. It does not prove the complete associate-class structure of the infinite monoid.
1050,1163/243,1,1163/243,1,mixed_fraction,This is a bounded computational sample. It does not prove the complete associate-class structure of the infinite monoid.
1051,1165/243,1,1165/243,1,mixed_fraction,This is a bounded computational sample. It does not prove the complete associate-class structure of the infinite monoid.
1052,1166/243,1,1166/243,1,mixed_fraction,This is a bounded computational sample. It does not prove the complete associate-class structure of the infinite monoid.
1053,1168/243,1,1168/243,1,mixed_fraction,This is a bounded computational sample. It does not prove the complete associate-class structure of the infinite monoid.
1054,1169/243,1,1169/243,1,mixed_fraction,This is a bounded computational sample. It does not prove the complete associate-class structure of the infinite monoid.
1055,1171/243,1,1171/243,1,mixed_fraction,This is a bounded computational sample. It does not prove the complete associate-class structure of the infinite monoid.
1056,1172/243,1,1172/243,1,mixed_fraction,This is a bounded computational sample. It does not prove the complete associate-class structure of the infinite monoid.
1057,1174/243,1,1174/243,1,mixed_fraction,This is a bounded computational sample. It does not prove the complete associate-class structure of the infinite monoid.
1058,1175/243,1,1175/243,1,mixed_fraction,This is a bounded computational sample. It does not prove the complete associate-class structure of the infinite monoid.
1059,1177/243,1,1177/243,1,mixed_fraction,This is a bounded computational sample. It does not prove the complete associate-class structure of the infinite monoid.
1060,1178/243,1,1178/243,1,mixed_fraction,This is a bounded computational sample. It does not prove the complete associate-class structure of the infinite monoid.
1061,1180/243,1,1180/243,1,mixed_fraction,This is a bounded computational sample. It does not prove the complete associate-class structure of the infinite monoid.
1062,1181/243,1,1181/243,1,mixed_fraction,This is a bounded computational sample. It does not prove the complete associate-class structure of the infinite monoid.
1063,1183/243,1,1183/243,1,mixed_fraction,This is a bounded computational sample. It does not prove the complete associate-class structure of the infinite monoid.
1064,1184/243,1,1184/243,1,mixed_fraction,This is a bounded computational sample. It does not prove the complete associate-class structure of the infinite monoid.
1065,1186/243,1,1186/243,1,mixed_fraction,This is a bounded computational sample. It does not prove the complete associate-class structure of the infinite monoid.
1066,1187/243,1,1187/243,1,mixed_fraction,This is a bounded computational sample. It does not prove the complete associate-class structure of the infinite monoid.
1067,1189/243,1,1189/243,1,mixed_fraction,This is a bounded computational sample. It does not prove the complete associate-class structure of the infinite monoid.
1068,1190/243,1,1190/243,1,mixed_fraction,This is a bounded computational sample. It does not prove the complete associate-class structure of the infinite monoid.
1069,1192/243,1,1192/243,1,mixed_fraction,This is a bounded computational sample. It does not prove the complete associate-class structure of the infinite monoid.
1070,1193/243,1,1193/243,1,mixed_fraction,This is a bounded computational sample. It does not prove the complete associate-class structure of the infinite monoid.
1071,1195/243,1,1195/243,1,mixed_fraction,This is a bounded computational sample. It does not prove the complete associate-class structure of the infinite monoid.
1072,1196/243,1,1196/243,1,mixed_fraction,This is a bounded computational sample. It does not prove the complete associate-class structure of the infinite monoid.
1073,1198/243,1,1198/243,1,mixed_fraction,This is a bounded computational sample. It does not prove the complete associate-class structure of the infinite monoid.
1074,1199/243,1,1199/243,1,mixed_fraction,This is a bounded computational sample. It does not prove the complete associate-class structure of the infinite monoid.
1075,1201/243,1,1201/243,1,mixed_fraction,This is a bounded computational sample. It does not prove the complete associate-class structure of the infinite monoid.
1076,1202/243,1,1202/243,1,mixed_fraction,This is a bounded computational sample. It does not prove the complete associate-class structure of the infinite monoid.
1077,1204/243,1,1204/243,1,mixed_fraction,This is a bounded computational sample. It does not prove the complete associate-class structure of the infinite monoid.
1078,1205/243,1,1205/243,1,mixed_fraction,This is a bounded computational sample. It does not prove the complete associate-class structure of the infinite monoid.
1079,1207/243,1,1207/243,1,mixed_fraction,This is a bounded computational sample. It does not prove the complete associate-class structure of the infinite monoid.
1080,1208/243,1,1208/243,1,mixed_fraction,This is a bounded computational sample. It does not prove the complete associate-class structure of the infinite monoid.
1081,1210/243,1,1210/243,1,mixed_fraction,This is a bounded computational sample. It does not prove the complete associate-class structure of the infinite monoid.
1082,1211/243,1,1211/243,1,mixed_fraction,This is a bounded computational sample. It does not prove the complete associate-class structure of the infinite monoid.
1083,1213/243,1,1213/243,1,mixed_fraction,This is a bounded computational sample. It does not prove the complete associate-class structure of the infinite monoid.
1084,1214/243,1,1214/243,1,mixed_fraction,This is a bounded computational sample. It does not prove the complete associate-class structure of the infinite monoid.
1085,1216/243,1,1216/243,1,mixed_fraction,This is a bounded computational sample. It does not prove the complete associate-class structure of the infinite monoid.
1086,1217/243,1,1217/243,1,mixed_fraction,This is a bounded computational sample. It does not prove the complete associate-class structure of the infinite monoid.
1087,1219/243,1,1219/243,1,mixed_fraction,This is a bounded computational sample. It does not prove the complete associate-class structure of the infinite monoid.
1088,1220/243,1,1220/243,1,mixed_fraction,This is a bounded computational sample. It does not prove the complete associate-class structure of the infinite monoid.
1089,1222/243,1,1222/243,1,mixed_fraction,This is a bounded computational sample. It does not prove the complete associate-class structure of the infinite monoid.
1090,1223/243,1,1223/243,1,mixed_fraction,This is a bounded computational sample. It does not prove the complete associate-class structure of the infinite monoid.
1091,1225/243,1,1225/243,1,mixed_fraction,This is a bounded computational sample. It does not prove the complete associate-class structure of the infinite monoid.
1092,1226/243,1,1226/243,1,mixed_fraction,This is a bounded computational sample. It does not prove the complete associate-class structure of the infinite monoid.
1093,1228/243,1,1228/243,1,mixed_fraction,This is a bounded computational sample. It does not prove the complete associate-class structure of the infinite monoid.
1094,1229/243,1,1229/243,1,mixed_fraction,This is a bounded computational sample. It does not prove the complete associate-class structure of the infinite monoid.
1095,1231/243,1,1231/243,1,mixed_fraction,This is a bounded computational sample. It does not prove the complete associate-class structure of the infinite monoid.
1096,1232/243,1,1232/243,1,mixed_fraction,This is a bounded computational sample. It does not prove the complete associate-class structure of the infinite monoid.
1097,1234/243,1,1234/243,1,mixed_fraction,This is a bounded computational sample. It does not prove the complete associate-class structure of the infinite monoid.
1098,1235/243,1,1235/243,1,mixed_fraction,This is a bounded computational sample. It does not prove the complete associate-class structure of the infinite monoid.
1099,1237/243,1,1237/243,1,mixed_fraction,This is a bounded computational sample. It does not prove the complete associate-class structure of the infinite monoid.
1100,1238/243,1,1238/243,1,mixed_fraction,This is a bounded computational sample. It does not prove the complete associate-class structure of the infinite monoid.
1101,1240/243,1,1240/243,1,mixed_fraction,This is a bounded computational sample. It does not prove the complete associate-class structure of the infinite monoid.
1102,1241/243,1,1241/243,1,mixed_fraction,This is a bounded computational sample. It does not prove the complete associate-class structure of the infinite monoid.
1103,1243/243,1,1243/243,1,mixed_fraction,This is a bounded computational sample. It does not prove the complete associate-class structure of the infinite monoid.
1104,1244/243,1,1244/243,1,mixed_fraction,This is a bounded computational sample. It does not prove the complete associate-class structure of the infinite monoid.
1105,1246/243,1,1246/243,1,mixed_fraction,This is a bounded computational sample. It does not prove the complete associate-class structure of the infinite monoid.
1106,1247/243,1,1247/243,1,mixed_fraction,This is a bounded computational sample. It does not prove the complete associate-class structure of the infinite monoid.
1107,1249/243,1,1249/243,1,mixed_fraction,This is a bounded computational sample. It does not prove the complete associate-class structure of the infinite monoid.
1108,1250/243,1,1250/243,1,mixed_fraction,This is a bounded computational sample. It does not prove the complete associate-class structure of the infinite monoid.
1109,1252/243,1,1252/243,1,mixed_fraction,This is a bounded computational sample. It does not prove the complete associate-class structure of the infinite monoid.
1110,1253/243,1,1253/243,1,mixed_fraction,This is a bounded computational sample. It does not prove the complete associate-class structure of the infinite monoid.
1111,1255/243,1,1255/243,1,mixed_fraction,This is a bounded computational sample. It does not prove the complete associate-class structure of the infinite monoid.
1112,1256/243,1,1256/243,1,mixed_fraction,This is a bounded computational sample. It does not prove the complete associate-class structure of the infinite monoid.
1113,1258/243,1,1258/243,1,mixed_fraction,This is a bounded computational sample. It does not prove the complete associate-class structure of the infinite monoid.
1114,1259/243,1,1259/243,1,mixed_fraction,This is a bounded computational sample. It does not prove the complete associate-class structure of the infinite monoid.
1115,1261/243,1,1261/243,1,mixed_fraction,This is a bounded computational sample. It does not prove the complete associate-class structure of the infinite monoid.
1116,1262/243,1,1262/243,1,mixed_fraction,This is a bounded computational sample. It does not prove the complete associate-class structure of the infinite monoid.
1117,1264/243,1,1264/243,1,mixed_fraction,This is a bounded computational sample. It does not prove the complete associate-class structure of the infinite monoid.
1118,1265/243,1,1265/243,1,mixed_fraction,This is a bounded computational sample. It does not prove the complete associate-class structure of the infinite monoid.
1119,1267/243,1,1267/243,1,mixed_fraction,This is a bounded computational sample. It does not prove the complete associate-class structure of the infinite monoid.
1120,1268/243,1,1268/243,1,mixed_fraction,This is a bounded computational sample. It does not prove the complete associate-class structure of the infinite monoid.
1121,1270/243,1,1270/243,1,mixed_fraction,This is a bounded computational sample. It does not prove the complete associate-class structure of the infinite monoid.
1122,1271/243,1,1271/243,1,mixed_fraction,This is a bounded computational sample. It does not prove the complete associate-class structure of the infinite monoid.
1123,1273/243,1,1273/243,1,mixed_fraction,This is a bounded computational sample. It does not prove the complete associate-class structure of the infinite monoid.
1124,1274/243,1,1274/243,1,mixed_fraction,This is a bounded computational sample. It does not prove the complete associate-class structure of the infinite monoid.
1125,1276/243,1,1276/243,1,mixed_fraction,This is a bounded computational sample. It does not prove the complete associate-class structure of the infinite monoid.
1126,1277/243,1,1277/243,1,mixed_fraction,This is a bounded computational sample. It does not prove the complete associate-class structure of the infinite monoid.
1127,1279/243,1,1279/243,1,mixed_fraction,This is a bounded computational sample. It does not prove the complete associate-class structure of the infinite monoid.
1128,1280/243,1,1280/243,1,mixed_fraction,This is a bounded computational sample. It does not prove the complete associate-class structure of the infinite monoid.
1129,1282/243,1,1282/243,1,mixed_fraction,This is a bounded computational sample. It does not prove the complete associate-class structure of the infinite monoid.
1130,1283/243,1,1283/243,1,mixed_fraction,This is a bounded computational sample. It does not prove the complete associate-class structure of the infinite monoid.
1131,1285/243,1,1285/243,1,mixed_fraction,This is a bounded computational sample. It does not prove the complete associate-class structure of the infinite monoid.
1132,1286/243,1,1286/243,1,mixed_fraction,This is a bounded computational sample. It does not prove the complete associate-class structure of the infinite monoid.
1133,1288/243,1,1288/243,1,mixed_fraction,This is a bounded computational sample. It does not prove the complete associate-class structure of the infinite monoid.
1134,1289/243,1,1289/243,1,mixed_fraction,This is a bounded computational sample. It does not prove the complete associate-class structure of the infinite monoid.
1135,1291/243,1,1291/243,1,mixed_fraction,This is a bounded computational sample. It does not prove the complete associate-class structure of the infinite monoid.
1136,1292/243,1,1292/243,1,mixed_fraction,This is a bounded computational sample. It does not prove the complete associate-class structure of the infinite monoid.
1137,1294/243,1,1294/243,1,mixed_fraction,This is a bounded computational sample. It does not prove the complete associate-class structure of the infinite monoid.
1138,1295/243,1,1295/243,1,mixed_fraction,This is a bounded computational sample. It does not prove the complete associate-class structure of the infinite monoid.
1139,1297/243,1,1297/243,1,mixed_fraction,This is a bounded computational sample. It does not prove the complete associate-class structure of the infinite monoid.
1140,1298/243,1,1298/243,1,mixed_fraction,This is a bounded computational sample. It does not prove the complete associate-class structure of the infinite monoid.
1141,1300/243,1,1300/243,1,mixed_fraction,This is a bounded computational sample. It does not prove the complete associate-class structure of the infinite monoid.
1142,1301/243,1,1301/243,1,mixed_fraction,This is a bounded computational sample. It does not prove the complete associate-class structure of the infinite monoid.
1143,1303/243,1,1303/243,1,mixed_fraction,This is a bounded computational sample. It does not prove the complete associate-class structure of the infinite monoid.
1144,1304/243,1,1304/243,1,mixed_fraction,This is a bounded computational sample. It does not prove the complete associate-class structure of the infinite monoid.
1145,1306/243,1,1306/243,1,mixed_fraction,This is a bounded computational sample. It does not prove the complete associate-class structure of the infinite monoid.
1146,1307/243,1,1307/243,1,mixed_fraction,This is a bounded computational sample. It does not prove the complete associate-class structure of the infinite monoid.
1147,1309/243,1,1309/243,1,mixed_fraction,This is a bounded computational sample. It does not prove the complete associate-class structure of the infinite monoid.
1148,1310/243,1,1310/243,1,mixed_fraction,This is a bounded computational sample. It does not prove the complete associate-class structure of the infinite monoid.
1149,1312/243,1,1312/243,1,mixed_fraction,This is a bounded computational sample. It does not prove the complete associate-class structure of the infinite monoid.
1150,1313/243,1,1313/243,1,mixed_fraction,This is a bounded computational sample. It does not prove the complete associate-class structure of the infinite monoid.
1151,1315/243,1,1315/243,1,mixed_fraction,This is a bounded computational sample. It does not prove the complete associate-class structure of the infinite monoid.
1152,1316/243,1,1316/243,1,mixed_fraction,This is a bounded computational sample. It does not prove the complete associate-class structure of the infinite monoid.
1153,1318/243,1,1318/243,1,mixed_fraction,This is a bounded computational sample. It does not prove the complete associate-class structure of the infinite monoid.
1154,1319/243,1,1319/243,1,mixed_fraction,This is a bounded computational sample. It does not prove the complete associate-class structure of the infinite monoid.
1155,1321/243,1,1321/243,1,mixed_fraction,This is a bounded computational sample. It does not prove the complete associate-class structure of the infinite monoid.
1156,1322/243,1,1322/243,1,mixed_fraction,This is a bounded computational sample. It does not prove the complete associate-class structure of the infinite monoid.
1157,1324/243,1,1324/243,1,mixed_fraction,This is a bounded computational sample. It does not prove the complete associate-class structure of the infinite monoid.
1158,1325/243,1,1325/243,1,mixed_fraction,This is a bounded computational sample. It does not prove the complete associate-class structure of the infinite monoid.
1159,1327/243,1,1327/243,1,mixed_fraction,This is a bounded computational sample. It does not prove the complete associate-class structure of the infinite monoid.
1160,1328/243,1,1328/243,1,mixed_fraction,This is a bounded computational sample. It does not prove the complete associate-class structure of the infinite monoid.
1161,1330/243,1,1330/243,1,mixed_fraction,This is a bounded computational sample. It does not prove the complete associate-class structure of the infinite monoid.
1162,1331/243,1,1331/243,1,mixed_fraction,This is a bounded computational sample. It does not prove the complete associate-class structure of the infinite monoid.
1163,1333/243,1,1333/243,1,mixed_fraction,This is a bounded computational sample. It does not prove the complete associate-class structure of the infinite monoid.
1164,1334/243,1,1334/243,1,mixed_fraction,This is a bounded computational sample. It does not prove the complete associate-class structure of the infinite monoid.
1165,1336/243,1,1336/243,1,mixed_fraction,This is a bounded computational sample. It does not prove the complete associate-class structure of the infinite monoid.
1166,1337/243,1,1337/243,1,mixed_fraction,This is a bounded computational sample. It does not prove the complete associate-class structure of the infinite monoid.
1167,1339/243,1,1339/243,1,mixed_fraction,This is a bounded computational sample. It does not prove the complete associate-class structure of the infinite monoid.
1168,1340/243,1,1340/243,1,mixed_fraction,This is a bounded computational sample. It does not prove the complete associate-class structure of the infinite monoid.
1169,1342/243,1,1342/243,1,mixed_fraction,This is a bounded computational sample. It does not prove the complete associate-class structure of the infinite monoid.
1170,1343/243,1,1343/243,1,mixed_fraction,This is a bounded computational sample. It does not prove the complete associate-class structure of the infinite monoid.
1171,1345/243,1,1345/243,1,mixed_fraction,This is a bounded computational sample. It does not prove the complete associate-class structure of the infinite monoid.
1172,1346/243,1,1346/243,1,mixed_fraction,This is a bounded computational sample. It does not prove the complete associate-class structure of the infinite monoid.
1173,1348/243,1,1348/243,1,mixed_fraction,This is a bounded computational sample. It does not prove the complete associate-class structure of the infinite monoid.
1174,1349/243,1,1349/243,1,mixed_fraction,This is a bounded computational sample. It does not prove the complete associate-class structure of the infinite monoid.
1175,1351/243,1,1351/243,1,mixed_fraction,This is a bounded computational sample. It does not prove the complete associate-class structure of the infinite monoid.
1176,1352/243,1,1352/243,1,mixed_fraction,This is a bounded computational sample. It does not prove the complete associate-class structure of the infinite monoid.
1177,1354/243,1,1354/243,1,mixed_fraction,This is a bounded computational sample. It does not prove the complete associate-class structure of the infinite monoid.
1178,1355/243,1,1355/243,1,mixed_fraction,This is a bounded computational sample. It does not prove the complete associate-class structure of the infinite monoid.
1179,1357/243,1,1357/243,1,mixed_fraction,This is a bounded computational sample. It does not prove the complete associate-class structure of the infinite monoid.
1180,1358/243,1,1358/243,1,mixed_fraction,This is a bounded computational sample. It does not prove the complete associate-class structure of the infinite monoid.
1181,1360/243,1,1360/243,1,mixed_fraction,This is a bounded computational sample. It does not prove the complete associate-class structure of the infinite monoid.
1182,1361/243,1,1361/243,1,mixed_fraction,This is a bounded computational sample. It does not prove the complete associate-class structure of the infinite monoid.
1183,1363/243,1,1363/243,1,mixed_fraction,This is a bounded computational sample. It does not prove the complete associate-class structure of the infinite monoid.
1184,1364/243,1,1364/243,1,mixed_fraction,This is a bounded computational sample. It does not prove the complete associate-class structure of the infinite monoid.
1185,1366/243,1,1366/243,1,mixed_fraction,This is a bounded computational sample. It does not prove the complete associate-class structure of the infinite monoid.
1186,1367/243,1,1367/243,1,mixed_fraction,This is a bounded computational sample. It does not prove the complete associate-class structure of the infinite monoid.
1187,1369/243,1,1369/243,1,mixed_fraction,This is a bounded computational sample. It does not prove the complete associate-class structure of the infinite monoid.
1188,1370/243,1,1370/243,1,mixed_fraction,This is a bounded computational sample. It does not prove the complete associate-class structure of the infinite monoid.
1189,1372/243,1,1372/243,1,mixed_fraction,This is a bounded computational sample. It does not prove the complete associate-class structure of the infinite monoid.
1190,1373/243,1,1373/243,1,mixed_fraction,This is a bounded computational sample. It does not prove the complete associate-class structure of the infinite monoid.
1191,1375/243,1,1375/243,1,mixed_fraction,This is a bounded computational sample. It does not prove the complete associate-class structure of the infinite monoid.
1192,1376/243,1,1376/243,1,mixed_fraction,This is a bounded computational sample. It does not prove the complete associate-class structure of the infinite monoid.
1193,1378/243,1,1378/243,1,mixed_fraction,This is a bounded computational sample. It does not prove the complete associate-class structure of the infinite monoid.
1194,1379/243,1,1379/243,1,mixed_fraction,This is a bounded computational sample. It does not prove the complete associate-class structure of the infinite monoid.
1195,1381/243,1,1381/243,1,mixed_fraction,This is a bounded computational sample. It does not prove the complete associate-class structure of the infinite monoid.
1196,1382/243,1,1382/243,1,mixed_fraction,This is a bounded computational sample. It does not prove the complete associate-class structure of the infinite monoid.
1197,1384/243,1,1384/243,1,mixed_fraction,This is a bounded computational sample. It does not prove the complete associate-class structure of the infinite monoid.
1198,1385/243,1,1385/243,1,mixed_fraction,This is a bounded computational sample. It does not prove the complete associate-class structure of the infinite monoid.
1199,1387/243,1,1387/243,1,mixed_fraction,This is a bounded computational sample. It does not prove the complete associate-class structure of the infinite monoid.
1200,1388/243,1,1388/243,1,mixed_fraction,This is a bounded computational sample. It does not prove the complete associate-class structure of the infinite monoid.
1201,1390/243,1,1390/243,1,mixed_fraction,This is a bounded computational sample. It does not prove the complete associate-class structure of the infinite monoid.
1202,1391/243,1,1391/243,1,mixed_fraction,This is a bounded computational sample. It does not prove the complete associate-class structure of the infinite monoid.
1203,1393/243,1,1393/243,1,mixed_fraction,This is a bounded computational sample. It does not prove the complete associate-class structure of the infinite monoid.
1204,1396/243,1,1396/243,1,mixed_fraction,This is a bounded computational sample. It does not prove the complete associate-class structure of the infinite monoid.
1205,1397/243,1,1397/243,1,mixed_fraction,This is a bounded computational sample. It does not prove the complete associate-class structure of the infinite monoid.
1206,1399/243,1,1399/243,1,mixed_fraction,This is a bounded computational sample. It does not prove the complete associate-class structure of the infinite monoid.
1207,1400/243,1,1400/243,1,mixed_fraction,This is a bounded computational sample. It does not prove the complete associate-class structure of the infinite monoid.
1208,1402/243,1,1402/243,1,mixed_fraction,This is a bounded computational sample. It does not prove the complete associate-class structure of the infinite monoid.
1209,1403/243,1,1403/243,1,mixed_fraction,This is a bounded computational sample. It does not prove the complete associate-class structure of the infinite monoid.
1210,1405/243,1,1405/243,1,mixed_fraction,This is a bounded computational sample. It does not prove the complete associate-class structure of the infinite monoid.
1211,1406/243,1,1406/243,1,mixed_fraction,This is a bounded computational sample. It does not prove the complete associate-class structure of the infinite monoid.
1212,1408/243,1,1408/243,1,mixed_fraction,This is a bounded computational sample. It does not prove the complete associate-class structure of the infinite monoid.
1213,1409/243,1,1409/243,1,mixed_fraction,This is a bounded computational sample. It does not prove the complete associate-class structure of the infinite monoid.
1214,1411/243,1,1411/243,1,mixed_fraction,This is a bounded computational sample. It does not prove the complete associate-class structure of the infinite monoid.
1215,1412/243,1,1412/243,1,mixed_fraction,This is a bounded computational sample. It does not prove the complete associate-class structure of the infinite monoid.
1216,1414/243,1,1414/243,1,mixed_fraction,This is a bounded computational sample. It does not prove the complete associate-class structure of the infinite monoid.
1217,1415/243,1,1415/243,1,mixed_fraction,This is a bounded computational sample. It does not prove the complete associate-class structure of the infinite monoid.
1218,1417/243,1,1417/243,1,mixed_fraction,This is a bounded computational sample. It does not prove the complete associate-class structure of the infinite monoid.
1219,1418/243,1,1418/243,1,mixed_fraction,This is a bounded computational sample. It does not prove the complete associate-class structure of the infinite monoid.
1220,1420/243,1,1420/243,1,mixed_fraction,This is a bounded computational sample. It does not prove the complete associate-class structure of the infinite monoid.
1221,1421/243,1,1421/243,1,mixed_fraction,This is a bounded computational sample. It does not prove the complete associate-class structure of the infinite monoid.
1222,1423/243,1,1423/243,1,mixed_fraction,This is a bounded computational sample. It does not prove the complete associate-class structure of the infinite monoid.
1223,1424/243,1,1424/243,1,mixed_fraction,This is a bounded computational sample. It does not prove the complete associate-class structure of the infinite monoid.
1224,1427/243,1,1427/243,1,mixed_fraction,This is a bounded computational sample. It does not prove the complete associate-class structure of the infinite monoid.
1225,1429/243,1,1429/243,1,mixed_fraction,This is a bounded computational sample. It does not prove the complete associate-class structure of the infinite monoid.
1226,1430/243,1,1430/243,1,mixed_fraction,This is a bounded computational sample. It does not prove the complete associate-class structure of the infinite monoid.
1227,1432/243,1,1432/243,1,mixed_fraction,This is a bounded computational sample. It does not prove the complete associate-class structure of the infinite monoid.
1228,1433/243,1,1433/243,1,mixed_fraction,This is a bounded computational sample. It does not prove the complete associate-class structure of the infinite monoid.
1229,1435/243,1,1435/243,1,mixed_fraction,This is a bounded computational sample. It does not prove the complete associate-class structure of the infinite monoid.
1230,1436/243,1,1436/243,1,mixed_fraction,This is a bounded computational sample. It does not prove the complete associate-class structure of the infinite monoid.
1231,1438/243,1,1438/243,1,mixed_fraction,This is a bounded computational sample. It does not prove the complete associate-class structure of the infinite monoid.
1232,1439/243,1,1439/243,1,mixed_fraction,This is a bounded computational sample. It does not prove the complete associate-class structure of the infinite monoid.
1233,1441/243,1,1441/243,1,mixed_fraction,This is a bounded computational sample. It does not prove the complete associate-class structure of the infinite monoid.
1234,1444/243,1,1444/243,1,mixed_fraction,This is a bounded computational sample. It does not prove the complete associate-class structure of the infinite monoid.
1235,1445/243,1,1445/243,1,mixed_fraction,This is a bounded computational sample. It does not prove the complete associate-class structure of the infinite monoid.
1236,1447/243,1,1447/243,1,mixed_fraction,This is a bounded computational sample. It does not prove the complete associate-class structure of the infinite monoid.
1237,1448/243,1,1448/243,1,mixed_fraction,This is a bounded computational sample. It does not prove the complete associate-class structure of the infinite monoid.
1238,1450/243,1,1450/243,1,mixed_fraction,This is a bounded computational sample. It does not prove the complete associate-class structure of the infinite monoid.
1239,1451/243,1,1451/243,1,mixed_fraction,This is a bounded computational sample. It does not prove the complete associate-class structure of the infinite monoid.
1240,1453/243,1,1453/243,1,mixed_fraction,This is a bounded computational sample. It does not prove the complete associate-class structure of the infinite monoid.
1241,1454/243,1,1454/243,1,mixed_fraction,This is a bounded computational sample. It does not prove the complete associate-class structure of the infinite monoid.
1242,1456/243,1,1456/243,1,mixed_fraction,This is a bounded computational sample. It does not prove the complete associate-class structure of the infinite monoid.
1243,1457/243,1,1457/243,1,mixed_fraction,This is a bounded computational sample. It does not prove the complete associate-class structure of the infinite monoid.
1244,1459/243,1,1459/243,1,mixed_fraction,This is a bounded computational sample. It does not prove the complete associate-class structure of the infinite monoid.
1245,1460/243,1,1460/243,1,mixed_fraction,This is a bounded computational sample. It does not prove the complete associate-class structure of the infinite monoid.
1246,1462/243,1,1462/243,1,mixed_fraction,This is a bounded computational sample. It does not prove the complete associate-class structure of the infinite monoid.
1247,1463/243,1,1463/243,1,mixed_fraction,This is a bounded computational sample. It does not prove the complete associate-class structure of the infinite monoid.
1248,1465/243,1,1465/243,1,mixed_fraction,This is a bounded computational sample. It does not prove the complete associate-class structure of the infinite monoid.
1249,1468/243,1,1468/243,1,mixed_fraction,This is a bounded computational sample. It does not prove the complete associate-class structure of the infinite monoid.
1250,1469/243,1,1469/243,1,mixed_fraction,This is a bounded computational sample. It does not prove the complete associate-class structure of the infinite monoid.
1251,1471/243,1,1471/243,1,mixed_fraction,This is a bounded computational sample. It does not prove the complete associate-class structure of the infinite monoid.
1252,1472/243,1,1472/243,1,mixed_fraction,This is a bounded computational sample. It does not prove the complete associate-class structure of the infinite monoid.
1253,1475/243,1,1475/243,1,mixed_fraction,This is a bounded computational sample. It does not prove the complete associate-class structure of the infinite monoid.
1254,1477/243,1,1477/243,1,mixed_fraction,This is a bounded computational sample. It does not prove the complete associate-class structure of the infinite monoid.
1255,1478/243,1,1478/243,1,mixed_fraction,This is a bounded computational sample. It does not prove the complete associate-class structure of the infinite monoid.
1256,1480/243,1,1480/243,1,mixed_fraction,This is a bounded computational sample. It does not prove the complete associate-class structure of the infinite monoid.
1257,1481/243,1,1481/243,1,mixed_fraction,This is a bounded computational sample. It does not prove the complete associate-class structure of the infinite monoid.
1258,1483/243,1,1483/243,1,mixed_fraction,This is a bounded computational sample. It does not prove the complete associate-class structure of the infinite monoid.
1259,1484/243,1,1484/243,1,mixed_fraction,This is a bounded computational sample. It does not prove the complete associate-class structure of the infinite monoid.
1260,1486/243,1,1486/243,1,mixed_fraction,This is a bounded computational sample. It does not prove the complete associate-class structure of the infinite monoid.
1261,1487/243,1,1487/243,1,mixed_fraction,This is a bounded computational sample. It does not prove the complete associate-class structure of the infinite monoid.
1262,1489/243,1,1489/243,1,mixed_fraction,This is a bounded computational sample. It does not prove the complete associate-class structure of the infinite monoid.
1263,1492/243,1,1492/243,1,mixed_fraction,This is a bounded computational sample. It does not prove the complete associate-class structure of the infinite monoid.
1264,1493/243,1,1493/243,1,mixed_fraction,This is a bounded computational sample. It does not prove the complete associate-class structure of the infinite monoid.
1265,1495/243,1,1495/243,1,mixed_fraction,This is a bounded computational sample. It does not prove the complete associate-class structure of the infinite monoid.
1266,1496/243,1,1496/243,1,mixed_fraction,This is a bounded computational sample. It does not prove the complete associate-class structure of the infinite monoid.
1267,1499/243,1,1499/243,1,mixed_fraction,This is a bounded computational sample. It does not prove the complete associate-class structure of the infinite monoid.
1268,1501/243,1,1501/243,1,mixed_fraction,This is a bounded computational sample. It does not prove the complete associate-class structure of the infinite monoid.
1269,1504/243,1,1504/243,1,mixed_fraction,This is a bounded computational sample. It does not prove the complete associate-class structure of the infinite monoid.
1270,1505/243,1,1505/243,1,mixed_fraction,This is a bounded computational sample. It does not prove the complete associate-class structure of the infinite monoid.
1271,1507/243,1,1507/243,1,mixed_fraction,This is a bounded computational sample. It does not prove the complete associate-class structure of the infinite monoid.
1272,1508/243,1,1508/243,1,mixed_fraction,This is a bounded computational sample. It does not prove the complete associate-class structure of the infinite monoid.
1273,1510/243,1,1510/243,1,mixed_fraction,This is a bounded computational sample. It does not prove the complete associate-class structure of the infinite monoid.
1274,1511/243,1,1511/243,1,mixed_fraction,This is a bounded computational sample. It does not prove the complete associate-class structure of the infinite monoid.
1275,1513/243,1,1513/243,1,mixed_fraction,This is a bounded computational sample. It does not prove the complete associate-class structure of the infinite monoid.
1276,1516/243,1,1516/243,1,mixed_fraction,This is a bounded computational sample. It does not prove the complete associate-class structure of the infinite monoid.
1277,1517/243,1,1517/243,1,mixed_fraction,This is a bounded computational sample. It does not prove the complete associate-class structure of the infinite monoid.
1278,1519/243,1,1519/243,1,mixed_fraction,This is a bounded computational sample. It does not prove the complete associate-class structure of the infinite monoid.
1279,1520/243,1,1520/243,1,mixed_fraction,This is a bounded computational sample. It does not prove the complete associate-class structure of the infinite monoid.
1280,1523/243,1,1523/243,1,mixed_fraction,This is a bounded computational sample. It does not prove the complete associate-class structure of the infinite monoid.
1281,1525/243,1,1525/243,1,mixed_fraction,This is a bounded computational sample. It does not prove the complete associate-class structure of the infinite monoid.
1282,1526/243,1,1526/243,1,mixed_fraction,This is a bounded computational sample. It does not prove the complete associate-class structure of the infinite monoid.
1283,1528/243,1,1528/243,1,mixed_fraction,This is a bounded computational sample. It does not prove the complete associate-class structure of the infinite monoid.
1284,1529/243,1,1529/243,1,mixed_fraction,This is a bounded computational sample. It does not prove the complete associate-class structure of the infinite monoid.
1285,1531/243,1,1531/243,1,mixed_fraction,This is a bounded computational sample. It does not prove the complete associate-class structure of the infinite monoid.
1286,1532/243,1,1532/243,1,mixed_fraction,This is a bounded computational sample. It does not prove the complete associate-class structure of the infinite monoid.
1287,1535/243,1,1535/243,1,mixed_fraction,This is a bounded computational sample. It does not prove the complete associate-class structure of the infinite monoid.
1288,1537/243,1,1537/243,1,mixed_fraction,This is a bounded computational sample. It does not prove the complete associate-class structure of the infinite monoid.
1289,1540/243,1,1540/243,1,mixed_fraction,This is a bounded computational sample. It does not prove the complete associate-class structure of the infinite monoid.
1290,1541/243,1,1541/243,1,mixed_fraction,This is a bounded computational sample. It does not prove the complete associate-class structure of the infinite monoid.
1291,1543/243,1,1543/243,1,mixed_fraction,This is a bounded computational sample. It does not prove the complete associate-class structure of the infinite monoid.
1292,1544/243,1,1544/243,1,mixed_fraction,This is a bounded computational sample. It does not prove the complete associate-class structure of the infinite monoid.
1293,1547/243,1,1547/243,1,mixed_fraction,This is a bounded computational sample. It does not prove the complete associate-class structure of the infinite monoid.
1294,1549/243,1,1549/243,1,mixed_fraction,This is a bounded computational sample. It does not prove the complete associate-class structure of the infinite monoid.
1295,1552/243,1,1552/243,1,mixed_fraction,This is a bounded computational sample. It does not prove the complete associate-class structure of the infinite monoid.
1296,1553/243,1,1553/243,1,mixed_fraction,This is a bounded computational sample. It does not prove the complete associate-class structure of the infinite monoid.
1297,1555/243,1,1555/243,1,mixed_fraction,This is a bounded computational sample. It does not prove the complete associate-class structure of the infinite monoid.
1298,1558/243,1,1558/243,1,mixed_fraction,This is a bounded computational sample. It does not prove the complete associate-class structure of the infinite monoid.
1299,1559/243,1,1559/243,1,mixed_fraction,This is a bounded computational sample. It does not prove the complete associate-class structure of the infinite monoid.
1300,1561/243,1,1561/243,1,mixed_fraction,This is a bounded computational sample. It does not prove the complete associate-class structure of the infinite monoid.
1301,1564/243,1,1564/243,1,mixed_fraction,This is a bounded computational sample. It does not prove the complete associate-class structure of the infinite monoid.
1302,1565/243,1,1565/243,1,mixed_fraction,This is a bounded computational sample. It does not prove the complete associate-class structure of the infinite monoid.
1303,1567/243,1,1567/243,1,mixed_fraction,This is a bounded computational sample. It does not prove the complete associate-class structure of the infinite monoid.
1304,1568/243,1,1568/243,1,mixed_fraction,This is a bounded computational sample. It does not prove the complete associate-class structure of the infinite monoid.
1305,1571/243,1,1571/243,1,mixed_fraction,This is a bounded computational sample. It does not prove the complete associate-class structure of the infinite monoid.
1306,1573/243,1,1573/243,1,mixed_fraction,This is a bounded computational sample. It does not prove the complete associate-class structure of the infinite monoid.
1307,1576/243,1,1576/243,1,mixed_fraction,This is a bounded computational sample. It does not prove the complete associate-class structure of the infinite monoid.
1308,1577/243,1,1577/243,1,mixed_fraction,This is a bounded computational sample. It does not prove the complete associate-class structure of the infinite monoid.
1309,1579/243,1,1579/243,1,mixed_fraction,This is a bounded computational sample. It does not prove the complete associate-class structure of the infinite monoid.
1310,1580/243,1,1580/243,1,mixed_fraction,This is a bounded computational sample. It does not prove the complete associate-class structure of the infinite monoid.
1311,1583/243,1,1583/243,1,mixed_fraction,This is a bounded computational sample. It does not prove the complete associate-class structure of the infinite monoid.
1312,1585/243,1,1585/243,1,mixed_fraction,This is a bounded computational sample. It does not prove the complete associate-class structure of the infinite monoid.
1313,1589/243,1,1589/243,1,mixed_fraction,This is a bounded computational sample. It does not prove the complete associate-class structure of the infinite monoid.
1314,1591/243,1,1591/243,1,mixed_fraction,This is a bounded computational sample. It does not prove the complete associate-class structure of the infinite monoid.
1315,1592/243,1,1592/243,1,mixed_fraction,This is a bounded computational sample. It does not prove the complete associate-class structure of the infinite monoid.
1316,1595/243,1,1595/243,1,mixed_fraction,This is a bounded computational sample. It does not prove the complete associate-class structure of the infinite monoid.
1317,1597/243,1,1597/243,1,mixed_fraction,This is a bounded computational sample. It does not prove the complete associate-class structure of the infinite monoid.
1318,1600/243,1,1600/243,1,mixed_fraction,This is a bounded computational sample. It does not prove the complete associate-class structure of the infinite monoid.
1319,1601/243,1,1601/243,1,mixed_fraction,This is a bounded computational sample. It does not prove the complete associate-class structure of the infinite monoid.
1320,1603/243,1,1603/243,1,mixed_fraction,This is a bounded computational sample. It does not prove the complete associate-class structure of the infinite monoid.
1321,1607/243,1,1607/243,1,mixed_fraction,This is a bounded computational sample. It does not prove the complete associate-class structure of the infinite monoid.
1322,1609/243,1,1609/243,1,mixed_fraction,This is a bounded computational sample. It does not prove the complete associate-class structure of the infinite monoid.
1323,1612/243,1,1612/243,1,mixed_fraction,This is a bounded computational sample. It does not prove the complete associate-class structure of the infinite monoid.
1324,1613/243,1,1613/243,1,mixed_fraction,This is a bounded computational sample. It does not prove the complete associate-class structure of the infinite monoid.
1325,1615/243,1,1615/243,1,mixed_fraction,This is a bounded computational sample. It does not prove the complete associate-class structure of the infinite monoid.
1326,1616/243,1,1616/243,1,mixed_fraction,This is a bounded computational sample. It does not prove the complete associate-class structure of the infinite monoid.
1327,1619/243,1,1619/243,1,mixed_fraction,This is a bounded computational sample. It does not prove the complete associate-class structure of the infinite monoid.
1328,1621/243,1,1621/243,1,mixed_fraction,This is a bounded computational sample. It does not prove the complete associate-class structure of the infinite monoid.
1329,1624/243,1,1624/243,1,mixed_fraction,This is a bounded computational sample. It does not prove the complete associate-class structure of the infinite monoid.
1330,1625/243,1,1625/243,1,mixed_fraction,This is a bounded computational sample. It does not prove the complete associate-class structure of the infinite monoid.
1331,1627/243,1,1627/243,1,mixed_fraction,This is a bounded computational sample. It does not prove the complete associate-class structure of the infinite monoid.
1332,1631/243,1,1631/243,1,mixed_fraction,This is a bounded computational sample. It does not prove the complete associate-class structure of the infinite monoid.
1333,1633/243,1,1633/243,1,mixed_fraction,This is a bounded computational sample. It does not prove the complete associate-class structure of the infinite monoid.
1334,1639/243,1,1639/243,1,mixed_fraction,This is a bounded computational sample. It does not prove the complete associate-class structure of the infinite monoid.
1335,1640/243,1,1640/243,1,mixed_fraction,This is a bounded computational sample. It does not prove the complete associate-class structure of the infinite monoid.
1336,1643/243,1,1643/243,1,mixed_fraction,This is a bounded computational sample. It does not prove the complete associate-class structure of the infinite monoid.
1337,1645/243,1,1645/243,1,mixed_fraction,This is a bounded computational sample. It does not prove the complete associate-class structure of the infinite monoid.
1338,1648/243,1,1648/243,1,mixed_fraction,This is a bounded computational sample. It does not prove the complete associate-class structure of the infinite monoid.
1339,1649/243,1,1649/243,1,mixed_fraction,This is a bounded computational sample. It does not prove the complete associate-class structure of the infinite monoid.
1340,1651/243,1,1651/243,1,mixed_fraction,This is a bounded computational sample. It does not prove the complete associate-class structure of the infinite monoid.
1341,1655/243,1,1655/243,1,mixed_fraction,This is a bounded computational sample. It does not prove the complete associate-class structure of the infinite monoid.
1342,1657/243,1,1657/243,1,mixed_fraction,This is a bounded computational sample. It does not prove the complete associate-class structure of the infinite monoid.
1343,1661/243,1,1661/243,1,mixed_fraction,This is a bounded computational sample. It does not prove the complete associate-class structure of the infinite monoid.
1344,1663/243,1,1663/243,1,mixed_fraction,This is a bounded computational sample. It does not prove the complete associate-class structure of the infinite monoid.
1345,1667/243,1,1667/243,1,mixed_fraction,This is a bounded computational sample. It does not prove the complete associate-class structure of the infinite monoid.
1346,1672/243,1,1672/243,1,mixed_fraction,This is a bounded computational sample. It does not prove the complete associate-class structure of the infinite monoid.
1347,1673/243,1,1673/243,1,mixed_fraction,This is a bounded computational sample. It does not prove the complete associate-class structure of the infinite monoid.
1348,1675/243,1,1675/243,1,mixed_fraction,This is a bounded computational sample. It does not prove the complete associate-class structure of the infinite monoid.
1349,1679/243,1,1679/243,1,mixed_fraction,This is a bounded computational sample. It does not prove the complete associate-class structure of the infinite monoid.
1350,1681/243,1,1681/243,1,mixed_fraction,This is a bounded computational sample. It does not prove the complete associate-class structure of the infinite monoid.
1351,1687/243,1,1687/243,1,mixed_fraction,This is a bounded computational sample. It does not prove the complete associate-class structure of the infinite monoid.
1352,1688/243,1,1688/243,1,mixed_fraction,This is a bounded computational sample. It does not prove the complete associate-class structure of the infinite monoid.
1353,1691/243,1,1691/243,1,mixed_fraction,This is a bounded computational sample. It does not prove the complete associate-class structure of the infinite monoid.
1354,1693/243,1,1693/243,1,mixed_fraction,This is a bounded computational sample. It does not prove the complete associate-class structure of the infinite monoid.
1355,1697/243,1,1697/243,1,mixed_fraction,This is a bounded computational sample. It does not prove the complete associate-class structure of the infinite monoid.
1356,1699/243,1,1699/243,1,mixed_fraction,This is a bounded computational sample. It does not prove the complete associate-class structure of the infinite monoid.
1357,1703/243,1,1703/243,1,mixed_fraction,This is a bounded computational sample. It does not prove the complete associate-class structure of the infinite monoid.
1358,1705/243,1,1705/243,1,mixed_fraction,This is a bounded computational sample. It does not prove the complete associate-class structure of the infinite monoid.
1359,1711/243,1,1711/243,1,mixed_fraction,This is a bounded computational sample. It does not prove the complete associate-class structure of the infinite monoid.
1360,1715/243,1,1715/243,1,mixed_fraction,This is a bounded computational sample. It does not prove the complete associate-class structure of the infinite monoid.
1361,1720/243,1,1720/243,1,mixed_fraction,This is a bounded computational sample. It does not prove the complete associate-class structure of the infinite monoid.
1362,1721/243,1,1721/243,1,mixed_fraction,This is a bounded computational sample. It does not prove the complete associate-class structure of the infinite monoid.
1363,1723/243,1,1723/243,1,mixed_fraction,This is a bounded computational sample. It does not prove the complete associate-class structure of the infinite monoid.
1364,1727/243,1,1727/243,1,mixed_fraction,This is a bounded computational sample. It does not prove the complete associate-class structure of the infinite monoid.
1365,1729/243,1,1729/243,1,mixed_fraction,This is a bounded computational sample. It does not prove the complete associate-class structure of the infinite monoid.
1366,1735/243,1,1735/243,1,mixed_fraction,This is a bounded computational sample. It does not prove the complete associate-class structure of the infinite monoid.
1367,1739/243,1,1739/243,1,mixed_fraction,This is a bounded computational sample. It does not prove the complete associate-class structure of the infinite monoid.
1368,1747/243,1,1747/243,1,mixed_fraction,This is a bounded computational sample. It does not prove the complete associate-class structure of the infinite monoid.
1369,1751/243,1,1751/243,1,mixed_fraction,This is a bounded computational sample. It does not prove the complete associate-class structure of the infinite monoid.
1370,1753/243,1,1753/243,1,mixed_fraction,This is a bounded computational sample. It does not prove the complete associate-class structure of the infinite monoid.
1371,1759/243,1,1759/243,1,mixed_fraction,This is a bounded computational sample. It does not prove the complete associate-class structure of the infinite monoid.
1372,1763/243,1,1763/243,1,mixed_fraction,This is a bounded computational sample. It does not prove the complete associate-class structure of the infinite monoid.
1373,1769/243,1,1769/243,1,mixed_fraction,This is a bounded computational sample. It does not prove the complete associate-class structure of the infinite monoid.
1374,1771/243,1,1771/243,1,mixed_fraction,This is a bounded computational sample. It does not prove the complete associate-class structure of the infinite monoid.
1375,1775/243,1,1775/243,1,mixed_fraction,This is a bounded computational sample. It does not prove the complete associate-class structure of the infinite monoid.
1376,1783/243,1,1783/243,1,mixed_fraction,This is a bounded computational sample. It does not prove the complete associate-class structure of the infinite monoid.
1377,1787/243,1,1787/243,1,mixed_fraction,This is a bounded computational sample. It does not prove the complete associate-class structure of the infinite monoid.
1378,1795/243,1,1795/243,1,mixed_fraction,This is a bounded computational sample. It does not prove the complete associate-class structure of the infinite monoid.
1379,1801/243,1,1801/243,1,mixed_fraction,This is a bounded computational sample. It does not prove the complete associate-class structure of the infinite monoid.
1380,1807/243,1,1807/243,1,mixed_fraction,This is a bounded computational sample. It does not prove the complete associate-class structure of the infinite monoid.
1381,1811/243,1,1811/243,1,mixed_fraction,This is a bounded computational sample. It does not prove the complete associate-class structure of the infinite monoid.
1382,1819/243,1,1819/243,1,mixed_fraction,This is a bounded computational sample. It does not prove the complete associate-class structure of the infinite monoid.
1383,1823/243,1,1823/243,1,mixed_fraction,This is a bounded computational sample. It does not prove the complete associate-class structure of the infinite monoid.
1384,1835/243,1,1835/243,1,mixed_fraction,This is a bounded computational sample. It does not prove the complete associate-class structure of the infinite monoid.
1385,1843/243,1,1843/243,1,mixed_fraction,This is a bounded computational sample. It does not prove the complete associate-class structure of the infinite monoid.
1386,1855/243,1,1855/243,1,mixed_fraction,This is a bounded computational sample. It does not prove the complete associate-class structure of the infinite monoid.
1387,1859/243,1,1859/243,1,mixed_fraction,This is a bounded computational sample. It does not prove the complete associate-class structure of the infinite monoid.
1388,1867/243,1,1867/243,1,mixed_fraction,This is a bounded computational sample. It does not prove the complete associate-class structure of the infinite monoid.
1389,1883/243,1,1883/243,1,mixed_fraction,This is a bounded computational sample. It does not prove the complete associate-class structure of the infinite monoid.
1390,1891/243,1,1891/243,1,mixed_fraction,This is a bounded computational sample. It does not prove the complete associate-class structure of the infinite monoid.
1391,1915/243,1,1915/243,1,mixed_fraction,This is a bounded computational sample. It does not prove the complete associate-class structure of the infinite monoid.
1392,1931/243,1,1931/243,1,mixed_fraction,This is a bounded computational sample. It does not prove the complete associate-class structure of the infinite monoid.
1393,1963/243,1,1963/243,1,mixed_fraction,This is a bounded computational sample. It does not prove the complete associate-class structure of the infinite monoid.
