class_id,representative,class_size,elements,units_used,theoretical_case,notes
1,1,1,1,1,mixed_fraction,This is a bounded computational sample. It does not prove the complete associate-class structure of the infinite monoid.
2,2,1,2,1,mixed_fraction,This is a bounded computational sample. It does not prove the complete associate-class structure of the infinite monoid.
3,3,1,3,1,mixed_fraction,This is a bounded computational sample. It does not prove the complete associate-class structure of the infinite monoid.
4,3/2,1,3/2,1,mixed_fraction,This is a bounded computational sample. It does not prove the complete associate-class structure of the infinite monoid.
5,4,1,4,1,mixed_fraction,This is a bounded computational sample. It does not prove the complete associate-class structure of the infinite monoid.
6,5,1,5,1,mixed_fraction,This is a bounded computational sample. It does not prove the complete associate-class structure of the infinite monoid.
7,5/2,1,5/2,1,mixed_fraction,This is a bounded computational sample. It does not prove the complete associate-class structure of the infinite monoid.
8,6,1,6,1,mixed_fraction,This is a bounded computational sample. It does not prove the complete associate-class structure of the infinite monoid.
9,7,1,7,1,mixed_fraction,This is a bounded computational sample. It does not prove the complete associate-class structure of the infinite monoid.
10,7/2,1,7/2,1,mixed_fraction,This is a bounded computational sample. It does not prove the complete associate-class structure of the infinite monoid.
11,8,1,8,1,mixed_fraction,This is a bounded computational sample. It does not prove the complete associate-class structure of the infinite monoid.
12,9,1,9,1,mixed_fraction,This is a bounded computational sample. It does not prove the complete associate-class structure of the infinite monoid.
13,9/2,1,9/2,1,mixed_fraction,This is a bounded computational sample. It does not prove the complete associate-class structure of the infinite monoid.
14,9/4,1,9/4,1,mixed_fraction,This is a bounded computational sample. It does not prove the complete associate-class structure of the infinite monoid.
15,10,1,10,1,mixed_fraction,This is a bounded computational sample. It does not prove the complete associate-class structure of the infinite monoid.
16,11,1,11,1,mixed_fraction,This is a bounded computational sample. It does not prove the complete associate-class structure of the infinite monoid.
17,11/2,1,11/2,1,mixed_fraction,This is a bounded computational sample. It does not prove the complete associate-class structure of the infinite monoid.
18,12,1,12,1,mixed_fraction,This is a bounded computational sample. It does not prove the complete associate-class structure of the infinite monoid.
19,13,1,13,1,mixed_fraction,This is a bounded computational sample. It does not prove the complete associate-class structure of the infinite monoid.
20,13/2,1,13/2,1,mixed_fraction,This is a bounded computational sample. It does not prove the complete associate-class structure of the infinite monoid.
21,13/4,1,13/4,1,mixed_fraction,This is a bounded computational sample. It does not prove the complete associate-class structure of the infinite monoid.
22,14,1,14,1,mixed_fraction,This is a bounded computational sample. It does not prove the complete associate-class structure of the infinite monoid.
23,15,1,15,1,mixed_fraction,This is a bounded computational sample. It does not prove the complete associate-class structure of the infinite monoid.
24,15/2,1,15/2,1,mixed_fraction,This is a bounded computational sample. It does not prove the complete associate-class structure of the infinite monoid.
25,15/4,1,15/4,1,mixed_fraction,This is a bounded computational sample. It does not prove the complete associate-class structure of the infinite monoid.
26,16,1,16,1,mixed_fraction,This is a bounded computational sample. It does not prove the complete associate-class structure of the infinite monoid.
27,17,1,17,1,mixed_fraction,This is a bounded computational sample. It does not prove the complete associate-class structure of the infinite monoid.
28,17/2,1,17/2,1,mixed_fraction,This is a bounded computational sample. It does not prove the complete associate-class structure of the infinite monoid.
29,17/4,1,17/4,1,mixed_fraction,This is a bounded computational sample. It does not prove the complete associate-class structure of the infinite monoid.
30,18,1,18,1,mixed_fraction,This is a bounded computational sample. It does not prove the complete associate-class structure of the infinite monoid.
31,19,1,19,1,mixed_fraction,This is a bounded computational sample. It does not prove the complete associate-class structure of the infinite monoid.
32,19/2,1,19/2,1,mixed_fraction,This is a bounded computational sample. It does not prove the complete associate-class structure of the infinite monoid.
33,19/4,1,19/4,1,mixed_fraction,This is a bounded computational sample. It does not prove the complete associate-class structure of the infinite monoid.
34,20,1,20,1,mixed_fraction,This is a bounded computational sample. It does not prove the complete associate-class structure of the infinite monoid.
35,21,1,21,1,mixed_fraction,This is a bounded computational sample. It does not prove the complete associate-class structure of the infinite monoid.
36,21/2,1,21/2,1,mixed_fraction,This is a bounded computational sample. It does not prove the complete associate-class structure of the infinite monoid.
37,21/4,1,21/4,1,mixed_fraction,This is a bounded computational sample. It does not prove the complete associate-class structure of the infinite monoid.
38,22,1,22,1,mixed_fraction,This is a bounded computational sample. It does not prove the complete associate-class structure of the infinite monoid.
39,23,1,23,1,mixed_fraction,This is a bounded computational sample. It does not prove the complete associate-class structure of the infinite monoid.
40,23/2,1,23/2,1,mixed_fraction,This is a bounded computational sample. It does not prove the complete associate-class structure of the infinite monoid.
41,23/4,1,23/4,1,mixed_fraction,This is a bounded computational sample. It does not prove the complete associate-class structure of the infinite monoid.
42,24,1,24,1,mixed_fraction,This is a bounded computational sample. It does not prove the complete associate-class structure of the infinite monoid.
43,25,1,25,1,mixed_fraction,This is a bounded computational sample. It does not prove the complete associate-class structure of the infinite monoid.
44,25/2,1,25/2,1,mixed_fraction,This is a bounded computational sample. It does not prove the complete associate-class structure of the infinite monoid.
45,25/4,1,25/4,1,mixed_fraction,This is a bounded computational sample. It does not prove the complete associate-class structure of the infinite monoid.
46,26,1,26,1,mixed_fraction,This is a bounded computational sample. It does not prove the complete associate-class structure of the infinite monoid.
47,27,1,27,1,mixed_fraction,This is a bounded computational sample. It does not prove the complete associate-class structure of the infinite monoid.
48,27/2,1,27/2,1,mixed_fraction,This is a bounded computational sample. It does not prove the complete associate-class structure of the infinite monoid.
49,27/4,1,27/4,1,mixed_fraction,This is a bounded computational sample. It does not prove the complete associate-class structure of the infinite monoid.
50,27/8,1,27/8,1,mixed_fraction,This is a bounded computational sample. It does not prove the complete associate-class structure of the infinite monoid.
51,28,1,28,1,mixed_fraction,This is a bounded computational sample. It does not prove the complete associate-class structure of the infinite monoid.
52,29,1,29,1,mixed_fraction,This is a bounded computational sample. It does not prove the complete associate-class structure of the infinite monoid.
53,29/2,1,29/2,1,mixed_fraction,This is a bounded computational sample. It does not prove the complete associate-class structure of the infinite monoid.
54,29/4,1,29/4,1,mixed_fraction,This is a bounded computational sample. It does not prove the complete associate-class structure of the infinite monoid.
55,30,1,30,1,mixed_fraction,This is a bounded computational sample. It does not prove the complete associate-class structure of the infinite monoid.
56,31,1,31,1,mixed_fraction,This is a bounded computational sample. It does not prove the complete associate-class structure of the infinite monoid.
57,31/2,1,31/2,1,mixed_fraction,This is a bounded computational sample. It does not prove the complete associate-class structure of the infinite monoid.
58,31/4,1,31/4,1,mixed_fraction,This is a bounded computational sample. It does not prove the complete associate-class structure of the infinite monoid.
59,32,1,32,1,mixed_fraction,This is a bounded computational sample. It does not prove the complete associate-class structure of the infinite monoid.
60,33,1,33,1,mixed_fraction,This is a bounded computational sample. It does not prove the complete associate-class structure of the infinite monoid.
61,33/2,1,33/2,1,mixed_fraction,This is a bounded computational sample. It does not prove the complete associate-class structure of the infinite monoid.
62,33/4,1,33/4,1,mixed_fraction,This is a bounded computational sample. It does not prove the complete associate-class structure of the infinite monoid.
63,34,1,34,1,mixed_fraction,This is a bounded computational sample. It does not prove the complete associate-class structure of the infinite monoid.
64,35,1,35,1,mixed_fraction,This is a bounded computational sample. It does not prove the complete associate-class structure of the infinite monoid.
65,35/2,1,35/2,1,mixed_fraction,This is a bounded computational sample. It does not prove the complete associate-class structure of the infinite monoid.
66,35/4,1,35/4,1,mixed_fraction,This is a bounded computational sample. It does not prove the complete associate-class structure of the infinite monoid.
67,35/8,1,35/8,1,mixed_fraction,This is a bounded computational sample. It does not prove the complete associate-class structure of the infinite monoid.
68,36,1,36,1,mixed_fraction,This is a bounded computational sample. It does not prove the complete associate-class structure of the infinite monoid.
69,37,1,37,1,mixed_fraction,This is a bounded computational sample. It does not prove the complete associate-class structure of the infinite monoid.
70,37/2,1,37/2,1,mixed_fraction,This is a bounded computational sample. It does not prove the complete associate-class structure of the infinite monoid.
71,37/4,1,37/4,1,mixed_fraction,This is a bounded computational sample. It does not prove the complete associate-class structure of the infinite monoid.
72,38,1,38,1,mixed_fraction,This is a bounded computational sample. It does not prove the complete associate-class structure of the infinite monoid.
73,39,1,39,1,mixed_fraction,This is a bounded computational sample. It does not prove the complete associate-class structure of the infinite monoid.
74,39/2,1,39/2,1,mixed_fraction,This is a bounded computational sample. It does not prove the complete associate-class structure of the infinite monoid.
75,39/4,1,39/4,1,mixed_fraction,This is a bounded computational sample. It does not prove the complete associate-class structure of the infinite monoid.
76,39/8,1,39/8,1,mixed_fraction,This is a bounded computational sample. It does not prove the complete associate-class structure of the infinite monoid.
77,40,1,40,1,mixed_fraction,This is a bounded computational sample. It does not prove the complete associate-class structure of the infinite monoid.
78,41,1,41,1,mixed_fraction,This is a bounded computational sample. It does not prove the complete associate-class structure of the infinite monoid.
79,41/2,1,41/2,1,mixed_fraction,This is a bounded computational sample. It does not prove the complete associate-class structure of the infinite monoid.
80,41/4,1,41/4,1,mixed_fraction,This is a bounded computational sample. It does not prove the complete associate-class structure of the infinite monoid.
81,42,1,42,1,mixed_fraction,This is a bounded computational sample. It does not prove the complete associate-class structure of the infinite monoid.
82,43,1,43,1,mixed_fraction,This is a bounded computational sample. It does not prove the complete associate-class structure of the infinite monoid.
83,43/2,1,43/2,1,mixed_fraction,This is a bounded computational sample. It does not prove the complete associate-class structure of the infinite monoid.
84,43/4,1,43/4,1,mixed_fraction,This is a bounded computational sample. It does not prove the complete associate-class structure of the infinite monoid.
85,43/8,1,43/8,1,mixed_fraction,This is a bounded computational sample. It does not prove the complete associate-class structure of the infinite monoid.
86,44,1,44,1,mixed_fraction,This is a bounded computational sample. It does not prove the complete associate-class structure of the infinite monoid.
87,45,1,45,1,mixed_fraction,This is a bounded computational sample. It does not prove the complete associate-class structure of the infinite monoid.
88,45/2,1,45/2,1,mixed_fraction,This is a bounded computational sample. It does not prove the complete associate-class structure of the infinite monoid.
89,45/4,1,45/4,1,mixed_fraction,This is a bounded computational sample. It does not prove the complete associate-class structure of the infinite monoid.
90,45/8,1,45/8,1,mixed_fraction,This is a bounded computational sample. It does not prove the complete associate-class structure of the infinite monoid.
91,46,1,46,1,mixed_fraction,This is a bounded computational sample. It does not prove the complete associate-class structure of the infinite monoid.
92,47,1,47,1,mixed_fraction,This is a bounded computational sample. It does not prove the complete associate-class structure of the infinite monoid.
93,47/2,1,47/2,1,mixed_fraction,This is a bounded computational sample. It does not prove the complete associate-class structure of the infinite monoid.
94,47/4,1,47/4,1,mixed_fraction,This is a bounded computational sample. It does not prove the complete associate-class structure of the infinite monoid.
95,47/8,1,47/8,1,mixed_fraction,This is a bounded computational sample. It does not prove the complete associate-class structure of the infinite monoid.
96,48,1,48,1,mixed_fraction,This is a bounded computational sample. It does not prove the complete associate-class structure of the infinite monoid.
97,49,1,49,1,mixed_fraction,This is a bounded computational sample. It does not prove the complete associate-class structure of the infinite monoid.
98,49/2,1,49/2,1,mixed_fraction,This is a bounded computational sample. It does not prove the complete associate-class structure of the infinite monoid.
99,49/4,1,49/4,1,mixed_fraction,This is a bounded computational sample. It does not prove the complete associate-class structure of the infinite monoid.
100,50,1,50,1,mixed_fraction,This is a bounded computational sample. It does not prove the complete associate-class structure of the infinite monoid.
101,51,1,51,1,mixed_fraction,This is a bounded computational sample. It does not prove the complete associate-class structure of the infinite monoid.
102,51/2,1,51/2,1,mixed_fraction,This is a bounded computational sample. It does not prove the complete associate-class structure of the infinite monoid.
103,51/4,1,51/4,1,mixed_fraction,This is a bounded computational sample. It does not prove the complete associate-class structure of the infinite monoid.
104,51/8,1,51/8,1,mixed_fraction,This is a bounded computational sample. It does not prove the complete associate-class structure of the infinite monoid.
105,53/2,1,53/2,1,mixed_fraction,This is a bounded computational sample. It does not prove the complete associate-class structure of the infinite monoid.
106,53/4,1,53/4,1,mixed_fraction,This is a bounded computational sample. It does not prove the complete associate-class structure of the infinite monoid.
107,53/8,1,53/8,1,mixed_fraction,This is a bounded computational sample. It does not prove the complete associate-class structure of the infinite monoid.
108,55/2,1,55/2,1,mixed_fraction,This is a bounded computational sample. It does not prove the complete associate-class structure of the infinite monoid.
109,55/4,1,55/4,1,mixed_fraction,This is a bounded computational sample. It does not prove the complete associate-class structure of the infinite monoid.
110,55/8,1,55/8,1,mixed_fraction,This is a bounded computational sample. It does not prove the complete associate-class structure of the infinite monoid.
111,57/2,1,57/2,1,mixed_fraction,This is a bounded computational sample. It does not prove the complete associate-class structure of the infinite monoid.
112,57/4,1,57/4,1,mixed_fraction,This is a bounded computational sample. It does not prove the complete associate-class structure of the infinite monoid.
113,57/8,1,57/8,1,mixed_fraction,This is a bounded computational sample. It does not prove the complete associate-class structure of the infinite monoid.
114,59/2,1,59/2,1,mixed_fraction,This is a bounded computational sample. It does not prove the complete associate-class structure of the infinite monoid.
115,59/4,1,59/4,1,mixed_fraction,This is a bounded computational sample. It does not prove the complete associate-class structure of the infinite monoid.
116,59/8,1,59/8,1,mixed_fraction,This is a bounded computational sample. It does not prove the complete associate-class structure of the infinite monoid.
117,61/2,1,61/2,1,mixed_fraction,This is a bounded computational sample. It does not prove the complete associate-class structure of the infinite monoid.
118,61/4,1,61/4,1,mixed_fraction,This is a bounded computational sample. It does not prove the complete associate-class structure of the infinite monoid.
119,61/8,1,61/8,1,mixed_fraction,This is a bounded computational sample. It does not prove the complete associate-class structure of the infinite monoid.
120,63/2,1,63/2,1,mixed_fraction,This is a bounded computational sample. It does not prove the complete associate-class structure of the infinite monoid.
121,63/4,1,63/4,1,mixed_fraction,This is a bounded computational sample. It does not prove the complete associate-class structure of the infinite monoid.
122,63/8,1,63/8,1,mixed_fraction,This is a bounded computational sample. It does not prove the complete associate-class structure of the infinite monoid.
123,65/2,1,65/2,1,mixed_fraction,This is a bounded computational sample. It does not prove the complete associate-class structure of the infinite monoid.
124,65/4,1,65/4,1,mixed_fraction,This is a bounded computational sample. It does not prove the complete associate-class structure of the infinite monoid.
125,65/8,1,65/8,1,mixed_fraction,This is a bounded computational sample. It does not prove the complete associate-class structure of the infinite monoid.
126,67/2,1,67/2,1,mixed_fraction,This is a bounded computational sample. It does not prove the complete associate-class structure of the infinite monoid.
127,67/4,1,67/4,1,mixed_fraction,This is a bounded computational sample. It does not prove the complete associate-class structure of the infinite monoid.
128,67/8,1,67/8,1,mixed_fraction,This is a bounded computational sample. It does not prove the complete associate-class structure of the infinite monoid.
129,69/2,1,69/2,1,mixed_fraction,This is a bounded computational sample. It does not prove the complete associate-class structure of the infinite monoid.
130,69/4,1,69/4,1,mixed_fraction,This is a bounded computational sample. It does not prove the complete associate-class structure of the infinite monoid.
131,69/8,1,69/8,1,mixed_fraction,This is a bounded computational sample. It does not prove the complete associate-class structure of the infinite monoid.
132,71/2,1,71/2,1,mixed_fraction,This is a bounded computational sample. It does not prove the complete associate-class structure of the infinite monoid.
133,71/4,1,71/4,1,mixed_fraction,This is a bounded computational sample. It does not prove the complete associate-class structure of the infinite monoid.
134,71/8,1,71/8,1,mixed_fraction,This is a bounded computational sample. It does not prove the complete associate-class structure of the infinite monoid.
135,73/2,1,73/2,1,mixed_fraction,This is a bounded computational sample. It does not prove the complete associate-class structure of the infinite monoid.
136,73/4,1,73/4,1,mixed_fraction,This is a bounded computational sample. It does not prove the complete associate-class structure of the infinite monoid.
137,73/8,1,73/8,1,mixed_fraction,This is a bounded computational sample. It does not prove the complete associate-class structure of the infinite monoid.
138,75/2,1,75/2,1,mixed_fraction,This is a bounded computational sample. It does not prove the complete associate-class structure of the infinite monoid.
139,75/4,1,75/4,1,mixed_fraction,This is a bounded computational sample. It does not prove the complete associate-class structure of the infinite monoid.
140,75/8,1,75/8,1,mixed_fraction,This is a bounded computational sample. It does not prove the complete associate-class structure of the infinite monoid.
141,77/2,1,77/2,1,mixed_fraction,This is a bounded computational sample. It does not prove the complete associate-class structure of the infinite monoid.
142,77/4,1,77/4,1,mixed_fraction,This is a bounded computational sample. It does not prove the complete associate-class structure of the infinite monoid.
143,77/8,1,77/8,1,mixed_fraction,This is a bounded computational sample. It does not prove the complete associate-class structure of the infinite monoid.
144,79/2,1,79/2,1,mixed_fraction,This is a bounded computational sample. It does not prove the complete associate-class structure of the infinite monoid.
145,79/4,1,79/4,1,mixed_fraction,This is a bounded computational sample. It does not prove the complete associate-class structure of the infinite monoid.
146,79/8,1,79/8,1,mixed_fraction,This is a bounded computational sample. It does not prove the complete associate-class structure of the infinite monoid.
147,81/2,1,81/2,1,mixed_fraction,This is a bounded computational sample. It does not prove the complete associate-class structure of the infinite monoid.
148,81/4,1,81/4,1,mixed_fraction,This is a bounded computational sample. It does not prove the complete associate-class structure of the infinite monoid.
149,81/8,1,81/8,1,mixed_fraction,This is a bounded computational sample. It does not prove the complete associate-class structure of the infinite monoid.
150,81/16,1,81/16,1,mixed_fraction,This is a bounded computational sample. It does not prove the complete associate-class structure of the infinite monoid.
151,83/2,1,83/2,1,mixed_fraction,This is a bounded computational sample. It does not prove the complete associate-class structure of the infinite monoid.
152,83/4,1,83/4,1,mixed_fraction,This is a bounded computational sample. It does not prove the complete associate-class structure of the infinite monoid.
153,83/8,1,83/8,1,mixed_fraction,This is a bounded computational sample. It does not prove the complete associate-class structure of the infinite monoid.
154,85/2,1,85/2,1,mixed_fraction,This is a bounded computational sample. It does not prove the complete associate-class structure of the infinite monoid.
155,85/4,1,85/4,1,mixed_fraction,This is a bounded computational sample. It does not prove the complete associate-class structure of the infinite monoid.
156,85/8,1,85/8,1,mixed_fraction,This is a bounded computational sample. It does not prove the complete associate-class structure of the infinite monoid.
157,87/2,1,87/2,1,mixed_fraction,This is a bounded computational sample. It does not prove the complete associate-class structure of the infinite monoid.
158,87/4,1,87/4,1,mixed_fraction,This is a bounded computational sample. It does not prove the complete associate-class structure of the infinite monoid.
159,87/8,1,87/8,1,mixed_fraction,This is a bounded computational sample. It does not prove the complete associate-class structure of the infinite monoid.
160,89/2,1,89/2,1,mixed_fraction,This is a bounded computational sample. It does not prove the complete associate-class structure of the infinite monoid.
161,89/4,1,89/4,1,mixed_fraction,This is a bounded computational sample. It does not prove the complete associate-class structure of the infinite monoid.
162,89/8,1,89/8,1,mixed_fraction,This is a bounded computational sample. It does not prove the complete associate-class structure of the infinite monoid.
163,91/2,1,91/2,1,mixed_fraction,This is a bounded computational sample. It does not prove the complete associate-class structure of the infinite monoid.
164,91/4,1,91/4,1,mixed_fraction,This is a bounded computational sample. It does not prove the complete associate-class structure of the infinite monoid.
165,91/8,1,91/8,1,mixed_fraction,This is a bounded computational sample. It does not prove the complete associate-class structure of the infinite monoid.
166,93/2,1,93/2,1,mixed_fraction,This is a bounded computational sample. It does not prove the complete associate-class structure of the infinite monoid.
167,93/4,1,93/4,1,mixed_fraction,This is a bounded computational sample. It does not prove the complete associate-class structure of the infinite monoid.
168,93/8,1,93/8,1,mixed_fraction,This is a bounded computational sample. It does not prove the complete associate-class structure of the infinite monoid.
169,95/2,1,95/2,1,mixed_fraction,This is a bounded computational sample. It does not prove the complete associate-class structure of the infinite monoid.
170,95/4,1,95/4,1,mixed_fraction,This is a bounded computational sample. It does not prove the complete associate-class structure of the infinite monoid.
171,95/8,1,95/8,1,mixed_fraction,This is a bounded computational sample. It does not prove the complete associate-class structure of the infinite monoid.
172,97/2,1,97/2,1,mixed_fraction,This is a bounded computational sample. It does not prove the complete associate-class structure of the infinite monoid.
173,97/4,1,97/4,1,mixed_fraction,This is a bounded computational sample. It does not prove the complete associate-class structure of the infinite monoid.
174,97/8,1,97/8,1,mixed_fraction,This is a bounded computational sample. It does not prove the complete associate-class structure of the infinite monoid.
175,97/16,1,97/16,1,mixed_fraction,This is a bounded computational sample. It does not prove the complete associate-class structure of the infinite monoid.
176,99/2,1,99/2,1,mixed_fraction,This is a bounded computational sample. It does not prove the complete associate-class structure of the infinite monoid.
177,99/4,1,99/4,1,mixed_fraction,This is a bounded computational sample. It does not prove the complete associate-class structure of the infinite monoid.
178,99/8,1,99/8,1,mixed_fraction,This is a bounded computational sample. It does not prove the complete associate-class structure of the infinite monoid.
179,101/2,1,101/2,1,mixed_fraction,This is a bounded computational sample. It does not prove the complete associate-class structure of the infinite monoid.
180,101/4,1,101/4,1,mixed_fraction,This is a bounded computational sample. It does not prove the complete associate-class structure of the infinite monoid.
181,101/8,1,101/8,1,mixed_fraction,This is a bounded computational sample. It does not prove the complete associate-class structure of the infinite monoid.
182,103/2,1,103/2,1,mixed_fraction,This is a bounded computational sample. It does not prove the complete associate-class structure of the infinite monoid.
183,103/4,1,103/4,1,mixed_fraction,This is a bounded computational sample. It does not prove the complete associate-class structure of the infinite monoid.
184,103/8,1,103/8,1,mixed_fraction,This is a bounded computational sample. It does not prove the complete associate-class structure of the infinite monoid.
185,105/2,1,105/2,1,mixed_fraction,This is a bounded computational sample. It does not prove the complete associate-class structure of the infinite monoid.
186,105/4,1,105/4,1,mixed_fraction,This is a bounded computational sample. It does not prove the complete associate-class structure of the infinite monoid.
187,105/8,1,105/8,1,mixed_fraction,This is a bounded computational sample. It does not prove the complete associate-class structure of the infinite monoid.
188,105/16,1,105/16,1,mixed_fraction,This is a bounded computational sample. It does not prove the complete associate-class structure of the infinite monoid.
189,107/4,1,107/4,1,mixed_fraction,This is a bounded computational sample. It does not prove the complete associate-class structure of the infinite monoid.
190,107/8,1,107/8,1,mixed_fraction,This is a bounded computational sample. It does not prove the complete associate-class structure of the infinite monoid.
191,109/4,1,109/4,1,mixed_fraction,This is a bounded computational sample. It does not prove the complete associate-class structure of the infinite monoid.
192,109/8,1,109/8,1,mixed_fraction,This is a bounded computational sample. It does not prove the complete associate-class structure of the infinite monoid.
193,111/4,1,111/4,1,mixed_fraction,This is a bounded computational sample. It does not prove the complete associate-class structure of the infinite monoid.
194,111/8,1,111/8,1,mixed_fraction,This is a bounded computational sample. It does not prove the complete associate-class structure of the infinite monoid.
195,113/4,1,113/4,1,mixed_fraction,This is a bounded computational sample. It does not prove the complete associate-class structure of the infinite monoid.
196,113/8,1,113/8,1,mixed_fraction,This is a bounded computational sample. It does not prove the complete associate-class structure of the infinite monoid.
197,113/16,1,113/16,1,mixed_fraction,This is a bounded computational sample. It does not prove the complete associate-class structure of the infinite monoid.
198,115/4,1,115/4,1,mixed_fraction,This is a bounded computational sample. It does not prove the complete associate-class structure of the infinite monoid.
199,115/8,1,115/8,1,mixed_fraction,This is a bounded computational sample. It does not prove the complete associate-class structure of the infinite monoid.
200,117/4,1,117/4,1,mixed_fraction,This is a bounded computational sample. It does not prove the complete associate-class structure of the infinite monoid.
201,117/8,1,117/8,1,mixed_fraction,This is a bounded computational sample. It does not prove the complete associate-class structure of the infinite monoid.
202,117/16,1,117/16,1,mixed_fraction,This is a bounded computational sample. It does not prove the complete associate-class structure of the infinite monoid.
203,119/4,1,119/4,1,mixed_fraction,This is a bounded computational sample. It does not prove the complete associate-class structure of the infinite monoid.
204,119/8,1,119/8,1,mixed_fraction,This is a bounded computational sample. It does not prove the complete associate-class structure of the infinite monoid.
205,121/4,1,121/4,1,mixed_fraction,This is a bounded computational sample. It does not prove the complete associate-class structure of the infinite monoid.
206,121/8,1,121/8,1,mixed_fraction,This is a bounded computational sample. It does not prove the complete associate-class structure of the infinite monoid.
207,121/16,1,121/16,1,mixed_fraction,This is a bounded computational sample. It does not prove the complete associate-class structure of the infinite monoid.
208,123/4,1,123/4,1,mixed_fraction,This is a bounded computational sample. It does not prove the complete associate-class structure of the infinite monoid.
209,123/8,1,123/8,1,mixed_fraction,This is a bounded computational sample. It does not prove the complete associate-class structure of the infinite monoid.
210,125/4,1,125/4,1,mixed_fraction,This is a bounded computational sample. It does not prove the complete associate-class structure of the infinite monoid.
211,125/8,1,125/8,1,mixed_fraction,This is a bounded computational sample. It does not prove the complete associate-class structure of the infinite monoid.
212,127/4,1,127/4,1,mixed_fraction,This is a bounded computational sample. It does not prove the complete associate-class structure of the infinite monoid.
213,127/8,1,127/8,1,mixed_fraction,This is a bounded computational sample. It does not prove the complete associate-class structure of the infinite monoid.
214,129/4,1,129/4,1,mixed_fraction,This is a bounded computational sample. It does not prove the complete associate-class structure of the infinite monoid.
215,129/8,1,129/8,1,mixed_fraction,This is a bounded computational sample. It does not prove the complete associate-class structure of the infinite monoid.
216,129/16,1,129/16,1,mixed_fraction,This is a bounded computational sample. It does not prove the complete associate-class structure of the infinite monoid.
217,131/4,1,131/4,1,mixed_fraction,This is a bounded computational sample. It does not prove the complete associate-class structure of the infinite monoid.
218,131/8,1,131/8,1,mixed_fraction,This is a bounded computational sample. It does not prove the complete associate-class structure of the infinite monoid.
219,133/4,1,133/4,1,mixed_fraction,This is a bounded computational sample. It does not prove the complete associate-class structure of the infinite monoid.
220,133/8,1,133/8,1,mixed_fraction,This is a bounded computational sample. It does not prove the complete associate-class structure of the infinite monoid.
221,133/16,1,133/16,1,mixed_fraction,This is a bounded computational sample. It does not prove the complete associate-class structure of the infinite monoid.
222,135/4,1,135/4,1,mixed_fraction,This is a bounded computational sample. It does not prove the complete associate-class structure of the infinite monoid.
223,135/8,1,135/8,1,mixed_fraction,This is a bounded computational sample. It does not prove the complete associate-class structure of the infinite monoid.
224,135/16,1,135/16,1,mixed_fraction,This is a bounded computational sample. It does not prove the complete associate-class structure of the infinite monoid.
225,137/4,1,137/4,1,mixed_fraction,This is a bounded computational sample. It does not prove the complete associate-class structure of the infinite monoid.
226,137/8,1,137/8,1,mixed_fraction,This is a bounded computational sample. It does not prove the complete associate-class structure of the infinite monoid.
227,137/16,1,137/16,1,mixed_fraction,This is a bounded computational sample. It does not prove the complete associate-class structure of the infinite monoid.
228,139/4,1,139/4,1,mixed_fraction,This is a bounded computational sample. It does not prove the complete associate-class structure of the infinite monoid.
229,139/8,1,139/8,1,mixed_fraction,This is a bounded computational sample. It does not prove the complete associate-class structure of the infinite monoid.
230,141/4,1,141/4,1,mixed_fraction,This is a bounded computational sample. It does not prove the complete associate-class structure of the infinite monoid.
231,141/8,1,141/8,1,mixed_fraction,This is a bounded computational sample. It does not prove the complete associate-class structure of the infinite monoid.
232,141/16,1,141/16,1,mixed_fraction,This is a bounded computational sample. It does not prove the complete associate-class structure of the infinite monoid.
233,143/4,1,143/4,1,mixed_fraction,This is a bounded computational sample. It does not prove the complete associate-class structure of the infinite monoid.
234,143/8,1,143/8,1,mixed_fraction,This is a bounded computational sample. It does not prove the complete associate-class structure of the infinite monoid.
235,145/4,1,145/4,1,mixed_fraction,This is a bounded computational sample. It does not prove the complete associate-class structure of the infinite monoid.
236,145/8,1,145/8,1,mixed_fraction,This is a bounded computational sample. It does not prove the complete associate-class structure of the infinite monoid.
237,145/16,1,145/16,1,mixed_fraction,This is a bounded computational sample. It does not prove the complete associate-class structure of the infinite monoid.
238,147/4,1,147/4,1,mixed_fraction,This is a bounded computational sample. It does not prove the complete associate-class structure of the infinite monoid.
239,147/8,1,147/8,1,mixed_fraction,This is a bounded computational sample. It does not prove the complete associate-class structure of the infinite monoid.
240,149/4,1,149/4,1,mixed_fraction,This is a bounded computational sample. It does not prove the complete associate-class structure of the infinite monoid.
241,149/8,1,149/8,1,mixed_fraction,This is a bounded computational sample. It does not prove the complete associate-class structure of the infinite monoid.
242,149/16,1,149/16,1,mixed_fraction,This is a bounded computational sample. It does not prove the complete associate-class structure of the infinite monoid.
243,151/4,1,151/4,1,mixed_fraction,This is a bounded computational sample. It does not prove the complete associate-class structure of the infinite monoid.
244,151/8,1,151/8,1,mixed_fraction,This is a bounded computational sample. It does not prove the complete associate-class structure of the infinite monoid.
245,151/16,1,151/16,1,mixed_fraction,This is a bounded computational sample. It does not prove the complete associate-class structure of the infinite monoid.
246,153/4,1,153/4,1,mixed_fraction,This is a bounded computational sample. It does not prove the complete associate-class structure of the infinite monoid.
247,153/8,1,153/8,1,mixed_fraction,This is a bounded computational sample. It does not prove the complete associate-class structure of the infinite monoid.
248,153/16,1,153/16,1,mixed_fraction,This is a bounded computational sample. It does not prove the complete associate-class structure of the infinite monoid.
249,155/4,1,155/4,1,mixed_fraction,This is a bounded computational sample. It does not prove the complete associate-class structure of the infinite monoid.
250,155/8,1,155/8,1,mixed_fraction,This is a bounded computational sample. It does not prove the complete associate-class structure of the infinite monoid.
251,157/4,1,157/4,1,mixed_fraction,This is a bounded computational sample. It does not prove the complete associate-class structure of the infinite monoid.
252,157/8,1,157/8,1,mixed_fraction,This is a bounded computational sample. It does not prove the complete associate-class structure of the infinite monoid.
253,157/16,1,157/16,1,mixed_fraction,This is a bounded computational sample. It does not prove the complete associate-class structure of the infinite monoid.
254,159/4,1,159/4,1,mixed_fraction,This is a bounded computational sample. It does not prove the complete associate-class structure of the infinite monoid.
255,159/8,1,159/8,1,mixed_fraction,This is a bounded computational sample. It does not prove the complete associate-class structure of the infinite monoid.
256,159/16,1,159/16,1,mixed_fraction,This is a bounded computational sample. It does not prove the complete associate-class structure of the infinite monoid.
257,161/4,1,161/4,1,mixed_fraction,This is a bounded computational sample. It does not prove the complete associate-class structure of the infinite monoid.
258,161/8,1,161/8,1,mixed_fraction,This is a bounded computational sample. It does not prove the complete associate-class structure of the infinite monoid.
259,161/16,1,161/16,1,mixed_fraction,This is a bounded computational sample. It does not prove the complete associate-class structure of the infinite monoid.
260,163/4,1,163/4,1,mixed_fraction,This is a bounded computational sample. It does not prove the complete associate-class structure of the infinite monoid.
261,163/8,1,163/8,1,mixed_fraction,This is a bounded computational sample. It does not prove the complete associate-class structure of the infinite monoid.
262,165/4,1,165/4,1,mixed_fraction,This is a bounded computational sample. It does not prove the complete associate-class structure of the infinite monoid.
263,165/8,1,165/8,1,mixed_fraction,This is a bounded computational sample. It does not prove the complete associate-class structure of the infinite monoid.
264,165/16,1,165/16,1,mixed_fraction,This is a bounded computational sample. It does not prove the complete associate-class structure of the infinite monoid.
265,167/4,1,167/4,1,mixed_fraction,This is a bounded computational sample. It does not prove the complete associate-class structure of the infinite monoid.
266,167/8,1,167/8,1,mixed_fraction,This is a bounded computational sample. It does not prove the complete associate-class structure of the infinite monoid.
267,167/16,1,167/16,1,mixed_fraction,This is a bounded computational sample. It does not prove the complete associate-class structure of the infinite monoid.
268,169/4,1,169/4,1,mixed_fraction,This is a bounded computational sample. It does not prove the complete associate-class structure of the infinite monoid.
269,169/8,1,169/8,1,mixed_fraction,This is a bounded computational sample. It does not prove the complete associate-class structure of the infinite monoid.
270,169/16,1,169/16,1,mixed_fraction,This is a bounded computational sample. It does not prove the complete associate-class structure of the infinite monoid.
271,171/4,1,171/4,1,mixed_fraction,This is a bounded computational sample. It does not prove the complete associate-class structure of the infinite monoid.
272,171/8,1,171/8,1,mixed_fraction,This is a bounded computational sample. It does not prove the complete associate-class structure of the infinite monoid.
273,171/16,1,171/16,1,mixed_fraction,This is a bounded computational sample. It does not prove the complete associate-class structure of the infinite monoid.
274,173/4,1,173/4,1,mixed_fraction,This is a bounded computational sample. It does not prove the complete associate-class structure of the infinite monoid.
275,173/8,1,173/8,1,mixed_fraction,This is a bounded computational sample. It does not prove the complete associate-class structure of the infinite monoid.
276,173/16,1,173/16,1,mixed_fraction,This is a bounded computational sample. It does not prove the complete associate-class structure of the infinite monoid.
277,175/4,1,175/4,1,mixed_fraction,This is a bounded computational sample. It does not prove the complete associate-class structure of the infinite monoid.
278,175/8,1,175/8,1,mixed_fraction,This is a bounded computational sample. It does not prove the complete associate-class structure of the infinite monoid.
279,175/16,1,175/16,1,mixed_fraction,This is a bounded computational sample. It does not prove the complete associate-class structure of the infinite monoid.
280,177/4,1,177/4,1,mixed_fraction,This is a bounded computational sample. It does not prove the complete associate-class structure of the infinite monoid.
281,177/8,1,177/8,1,mixed_fraction,This is a bounded computational sample. It does not prove the complete associate-class structure of the infinite monoid.
282,177/16,1,177/16,1,mixed_fraction,This is a bounded computational sample. It does not prove the complete associate-class structure of the infinite monoid.
283,179/4,1,179/4,1,mixed_fraction,This is a bounded computational sample. It does not prove the complete associate-class structure of the infinite monoid.
284,179/8,1,179/8,1,mixed_fraction,This is a bounded computational sample. It does not prove the complete associate-class structure of the infinite monoid.
285,181/4,1,181/4,1,mixed_fraction,This is a bounded computational sample. It does not prove the complete associate-class structure of the infinite monoid.
286,181/8,1,181/8,1,mixed_fraction,This is a bounded computational sample. It does not prove the complete associate-class structure of the infinite monoid.
287,181/16,1,181/16,1,mixed_fraction,This is a bounded computational sample. It does not prove the complete associate-class structure of the infinite monoid.
288,183/4,1,183/4,1,mixed_fraction,This is a bounded computational sample. It does not prove the complete associate-class structure of the infinite monoid.
289,183/8,1,183/8,1,mixed_fraction,This is a bounded computational sample. It does not prove the complete associate-class structure of the infinite monoid.
290,183/16,1,183/16,1,mixed_fraction,This is a bounded computational sample. It does not prove the complete associate-class structure of the infinite monoid.
291,185/4,1,185/4,1,mixed_fraction,This is a bounded computational sample. It does not prove the complete associate-class structure of the infinite monoid.
292,185/8,1,185/8,1,mixed_fraction,This is a bounded computational sample. It does not prove the complete associate-class structure of the infinite monoid.
293,185/16,1,185/16,1,mixed_fraction,This is a bounded computational sample. It does not prove the complete associate-class structure of the infinite monoid.
294,187/4,1,187/4,1,mixed_fraction,This is a bounded computational sample. It does not prove the complete associate-class structure of the infinite monoid.
295,187/8,1,187/8,1,mixed_fraction,This is a bounded computational sample. It does not prove the complete associate-class structure of the infinite monoid.
296,187/16,1,187/16,1,mixed_fraction,This is a bounded computational sample. It does not prove the complete associate-class structure of the infinite monoid.
297,189/4,1,189/4,1,mixed_fraction,This is a bounded computational sample. It does not prove the complete associate-class structure of the infinite monoid.
298,189/8,1,189/8,1,mixed_fraction,This is a bounded computational sample. It does not prove the complete associate-class structure of the infinite monoid.
299,189/16,1,189/16,1,mixed_fraction,This is a bounded computational sample. It does not prove the complete associate-class structure of the infinite monoid.
300,191/4,1,191/4,1,mixed_fraction,This is a bounded computational sample. It does not prove the complete associate-class structure of the infinite monoid.
301,191/8,1,191/8,1,mixed_fraction,This is a bounded computational sample. It does not prove the complete associate-class structure of the infinite monoid.
302,191/16,1,191/16,1,mixed_fraction,This is a bounded computational sample. It does not prove the complete associate-class structure of the infinite monoid.
303,193/4,1,193/4,1,mixed_fraction,This is a bounded computational sample. It does not prove the complete associate-class structure of the infinite monoid.
304,193/8,1,193/8,1,mixed_fraction,This is a bounded computational sample. It does not prove the complete associate-class structure of the infinite monoid.
305,193/16,1,193/16,1,mixed_fraction,This is a bounded computational sample. It does not prove the complete associate-class structure of the infinite monoid.
306,195/4,1,195/4,1,mixed_fraction,This is a bounded computational sample. It does not prove the complete associate-class structure of the infinite monoid.
307,195/8,1,195/8,1,mixed_fraction,This is a bounded computational sample. It does not prove the complete associate-class structure of the infinite monoid.
308,195/16,1,195/16,1,mixed_fraction,This is a bounded computational sample. It does not prove the complete associate-class structure of the infinite monoid.
309,197/4,1,197/4,1,mixed_fraction,This is a bounded computational sample. It does not prove the complete associate-class structure of the infinite monoid.
310,197/8,1,197/8,1,mixed_fraction,This is a bounded computational sample. It does not prove the complete associate-class structure of the infinite monoid.
311,197/16,1,197/16,1,mixed_fraction,This is a bounded computational sample. It does not prove the complete associate-class structure of the infinite monoid.
312,199/4,1,199/4,1,mixed_fraction,This is a bounded computational sample. It does not prove the complete associate-class structure of the infinite monoid.
313,199/8,1,199/8,1,mixed_fraction,This is a bounded computational sample. It does not prove the complete associate-class structure of the infinite monoid.
314,199/16,1,199/16,1,mixed_fraction,This is a bounded computational sample. It does not prove the complete associate-class structure of the infinite monoid.
315,201/4,1,201/4,1,mixed_fraction,This is a bounded computational sample. It does not prove the complete associate-class structure of the infinite monoid.
316,201/8,1,201/8,1,mixed_fraction,This is a bounded computational sample. It does not prove the complete associate-class structure of the infinite monoid.
317,201/16,1,201/16,1,mixed_fraction,This is a bounded computational sample. It does not prove the complete associate-class structure of the infinite monoid.
318,203/4,1,203/4,1,mixed_fraction,This is a bounded computational sample. It does not prove the complete associate-class structure of the infinite monoid.
319,203/8,1,203/8,1,mixed_fraction,This is a bounded computational sample. It does not prove the complete associate-class structure of the infinite monoid.
320,203/16,1,203/16,1,mixed_fraction,This is a bounded computational sample. It does not prove the complete associate-class structure of the infinite monoid.
321,205/4,1,205/4,1,mixed_fraction,This is a bounded computational sample. It does not prove the complete associate-class structure of the infinite monoid.
322,205/8,1,205/8,1,mixed_fraction,This is a bounded computational sample. It does not prove the complete associate-class structure of the infinite monoid.
323,205/16,1,205/16,1,mixed_fraction,This is a bounded computational sample. It does not prove the complete associate-class structure of the infinite monoid.
324,207/4,1,207/4,1,mixed_fraction,This is a bounded computational sample. It does not prove the complete associate-class structure of the infinite monoid.
325,207/8,1,207/8,1,mixed_fraction,This is a bounded computational sample. It does not prove the complete associate-class structure of the infinite monoid.
326,207/16,1,207/16,1,mixed_fraction,This is a bounded computational sample. It does not prove the complete associate-class structure of the infinite monoid.
327,209/4,1,209/4,1,mixed_fraction,This is a bounded computational sample. It does not prove the complete associate-class structure of the infinite monoid.
328,209/8,1,209/8,1,mixed_fraction,This is a bounded computational sample. It does not prove the complete associate-class structure of the infinite monoid.
329,209/16,1,209/16,1,mixed_fraction,This is a bounded computational sample. It does not prove the complete associate-class structure of the infinite monoid.
330,211/4,1,211/4,1,mixed_fraction,This is a bounded computational sample. It does not prove the complete associate-class structure of the infinite monoid.
331,211/8,1,211/8,1,mixed_fraction,This is a bounded computational sample. It does not prove the complete associate-class structure of the infinite monoid.
332,211/16,1,211/16,1,mixed_fraction,This is a bounded computational sample. It does not prove the complete associate-class structure of the infinite monoid.
333,213/4,1,213/4,1,mixed_fraction,This is a bounded computational sample. It does not prove the complete associate-class structure of the infinite monoid.
334,213/8,1,213/8,1,mixed_fraction,This is a bounded computational sample. It does not prove the complete associate-class structure of the infinite monoid.
335,213/16,1,213/16,1,mixed_fraction,This is a bounded computational sample. It does not prove the complete associate-class structure of the infinite monoid.
336,215/4,1,215/4,1,mixed_fraction,This is a bounded computational sample. It does not prove the complete associate-class structure of the infinite monoid.
337,215/8,1,215/8,1,mixed_fraction,This is a bounded computational sample. It does not prove the complete associate-class structure of the infinite monoid.
338,215/16,1,215/16,1,mixed_fraction,This is a bounded computational sample. It does not prove the complete associate-class structure of the infinite monoid.
339,217/8,1,217/8,1,mixed_fraction,This is a bounded computational sample. It does not prove the complete associate-class structure of the infinite monoid.
340,217/16,1,217/16,1,mixed_fraction,This is a bounded computational sample. It does not prove the complete associate-class structure of the infinite monoid.
341,219/4,1,219/4,1,mixed_fraction,This is a bounded computational sample. It does not prove the complete associate-class structure of the infinite monoid.
342,219/8,1,219/8,1,mixed_fraction,This is a bounded computational sample. It does not prove the complete associate-class structure of the infinite monoid.
343,219/16,1,219/16,1,mixed_fraction,This is a bounded computational sample. It does not prove the complete associate-class structure of the infinite monoid.
344,221/8,1,221/8,1,mixed_fraction,This is a bounded computational sample. It does not prove the complete associate-class structure of the infinite monoid.
345,221/16,1,221/16,1,mixed_fraction,This is a bounded computational sample. It does not prove the complete associate-class structure of the infinite monoid.
346,223/8,1,223/8,1,mixed_fraction,This is a bounded computational sample. It does not prove the complete associate-class structure of the infinite monoid.
347,223/16,1,223/16,1,mixed_fraction,This is a bounded computational sample. It does not prove the complete associate-class structure of the infinite monoid.
348,225/8,1,225/8,1,mixed_fraction,This is a bounded computational sample. It does not prove the complete associate-class structure of the infinite monoid.
349,225/16,1,225/16,1,mixed_fraction,This is a bounded computational sample. It does not prove the complete associate-class structure of the infinite monoid.
350,227/8,1,227/8,1,mixed_fraction,This is a bounded computational sample. It does not prove the complete associate-class structure of the infinite monoid.
351,227/16,1,227/16,1,mixed_fraction,This is a bounded computational sample. It does not prove the complete associate-class structure of the infinite monoid.
352,229/8,1,229/8,1,mixed_fraction,This is a bounded computational sample. It does not prove the complete associate-class structure of the infinite monoid.
353,229/16,1,229/16,1,mixed_fraction,This is a bounded computational sample. It does not prove the complete associate-class structure of the infinite monoid.
354,231/8,1,231/8,1,mixed_fraction,This is a bounded computational sample. It does not prove the complete associate-class structure of the infinite monoid.
355,231/16,1,231/16,1,mixed_fraction,This is a bounded computational sample. It does not prove the complete associate-class structure of the infinite monoid.
356,233/8,1,233/8,1,mixed_fraction,This is a bounded computational sample. It does not prove the complete associate-class structure of the infinite monoid.
357,233/16,1,233/16,1,mixed_fraction,This is a bounded computational sample. It does not prove the complete associate-class structure of the infinite monoid.
358,235/8,1,235/8,1,mixed_fraction,This is a bounded computational sample. It does not prove the complete associate-class structure of the infinite monoid.
359,235/16,1,235/16,1,mixed_fraction,This is a bounded computational sample. It does not prove the complete associate-class structure of the infinite monoid.
360,237/8,1,237/8,1,mixed_fraction,This is a bounded computational sample. It does not prove the complete associate-class structure of the infinite monoid.
361,237/16,1,237/16,1,mixed_fraction,This is a bounded computational sample. It does not prove the complete associate-class structure of the infinite monoid.
362,239/8,1,239/8,1,mixed_fraction,This is a bounded computational sample. It does not prove the complete associate-class structure of the infinite monoid.
363,239/16,1,239/16,1,mixed_fraction,This is a bounded computational sample. It does not prove the complete associate-class structure of the infinite monoid.
364,241/8,1,241/8,1,mixed_fraction,This is a bounded computational sample. It does not prove the complete associate-class structure of the infinite monoid.
365,241/16,1,241/16,1,mixed_fraction,This is a bounded computational sample. It does not prove the complete associate-class structure of the infinite monoid.
366,243/8,1,243/8,1,mixed_fraction,This is a bounded computational sample. It does not prove the complete associate-class structure of the infinite monoid.
367,243/16,1,243/16,1,mixed_fraction,This is a bounded computational sample. It does not prove the complete associate-class structure of the infinite monoid.
368,243/32,1,243/32,1,mixed_fraction,This is a bounded computational sample. It does not prove the complete associate-class structure of the infinite monoid.
369,245/8,1,245/8,1,mixed_fraction,This is a bounded computational sample. It does not prove the complete associate-class structure of the infinite monoid.
370,245/16,1,245/16,1,mixed_fraction,This is a bounded computational sample. It does not prove the complete associate-class structure of the infinite monoid.
371,247/8,1,247/8,1,mixed_fraction,This is a bounded computational sample. It does not prove the complete associate-class structure of the infinite monoid.
372,247/16,1,247/16,1,mixed_fraction,This is a bounded computational sample. It does not prove the complete associate-class structure of the infinite monoid.
373,249/8,1,249/8,1,mixed_fraction,This is a bounded computational sample. It does not prove the complete associate-class structure of the infinite monoid.
374,249/16,1,249/16,1,mixed_fraction,This is a bounded computational sample. It does not prove the complete associate-class structure of the infinite monoid.
375,251/8,1,251/8,1,mixed_fraction,This is a bounded computational sample. It does not prove the complete associate-class structure of the infinite monoid.
376,251/16,1,251/16,1,mixed_fraction,This is a bounded computational sample. It does not prove the complete associate-class structure of the infinite monoid.
377,253/8,1,253/8,1,mixed_fraction,This is a bounded computational sample. It does not prove the complete associate-class structure of the infinite monoid.
378,253/16,1,253/16,1,mixed_fraction,This is a bounded computational sample. It does not prove the complete associate-class structure of the infinite monoid.
379,255/8,1,255/8,1,mixed_fraction,This is a bounded computational sample. It does not prove the complete associate-class structure of the infinite monoid.
380,255/16,1,255/16,1,mixed_fraction,This is a bounded computational sample. It does not prove the complete associate-class structure of the infinite monoid.
381,257/8,1,257/8,1,mixed_fraction,This is a bounded computational sample. It does not prove the complete associate-class structure of the infinite monoid.
382,257/16,1,257/16,1,mixed_fraction,This is a bounded computational sample. It does not prove the complete associate-class structure of the infinite monoid.
383,259/8,1,259/8,1,mixed_fraction,This is a bounded computational sample. It does not prove the complete associate-class structure of the infinite monoid.
384,259/16,1,259/16,1,mixed_fraction,This is a bounded computational sample. It does not prove the complete associate-class structure of the infinite monoid.
385,261/8,1,261/8,1,mixed_fraction,This is a bounded computational sample. It does not prove the complete associate-class structure of the infinite monoid.
386,261/16,1,261/16,1,mixed_fraction,This is a bounded computational sample. It does not prove the complete associate-class structure of the infinite monoid.
387,263/8,1,263/8,1,mixed_fraction,This is a bounded computational sample. It does not prove the complete associate-class structure of the infinite monoid.
388,263/16,1,263/16,1,mixed_fraction,This is a bounded computational sample. It does not prove the complete associate-class structure of the infinite monoid.
389,265/8,1,265/8,1,mixed_fraction,This is a bounded computational sample. It does not prove the complete associate-class structure of the infinite monoid.
390,265/16,1,265/16,1,mixed_fraction,This is a bounded computational sample. It does not prove the complete associate-class structure of the infinite monoid.
391,267/8,1,267/8,1,mixed_fraction,This is a bounded computational sample. It does not prove the complete associate-class structure of the infinite monoid.
392,267/16,1,267/16,1,mixed_fraction,This is a bounded computational sample. It does not prove the complete associate-class structure of the infinite monoid.
393,269/8,1,269/8,1,mixed_fraction,This is a bounded computational sample. It does not prove the complete associate-class structure of the infinite monoid.
394,269/16,1,269/16,1,mixed_fraction,This is a bounded computational sample. It does not prove the complete associate-class structure of the infinite monoid.
395,271/8,1,271/8,1,mixed_fraction,This is a bounded computational sample. It does not prove the complete associate-class structure of the infinite monoid.
396,271/16,1,271/16,1,mixed_fraction,This is a bounded computational sample. It does not prove the complete associate-class structure of the infinite monoid.
397,273/8,1,273/8,1,mixed_fraction,This is a bounded computational sample. It does not prove the complete associate-class structure of the infinite monoid.
398,273/16,1,273/16,1,mixed_fraction,This is a bounded computational sample. It does not prove the complete associate-class structure of the infinite monoid.
399,275/8,1,275/8,1,mixed_fraction,This is a bounded computational sample. It does not prove the complete associate-class structure of the infinite monoid.
400,275/16,1,275/16,1,mixed_fraction,This is a bounded computational sample. It does not prove the complete associate-class structure of the infinite monoid.
401,275/32,1,275/32,1,mixed_fraction,This is a bounded computational sample. It does not prove the complete associate-class structure of the infinite monoid.
402,277/8,1,277/8,1,mixed_fraction,This is a bounded computational sample. It does not prove the complete associate-class structure of the infinite monoid.
403,277/16,1,277/16,1,mixed_fraction,This is a bounded computational sample. It does not prove the complete associate-class structure of the infinite monoid.
404,279/8,1,279/8,1,mixed_fraction,This is a bounded computational sample. It does not prove the complete associate-class structure of the infinite monoid.
405,279/16,1,279/16,1,mixed_fraction,This is a bounded computational sample. It does not prove the complete associate-class structure of the infinite monoid.
406,281/8,1,281/8,1,mixed_fraction,This is a bounded computational sample. It does not prove the complete associate-class structure of the infinite monoid.
407,281/16,1,281/16,1,mixed_fraction,This is a bounded computational sample. It does not prove the complete associate-class structure of the infinite monoid.
408,283/8,1,283/8,1,mixed_fraction,This is a bounded computational sample. It does not prove the complete associate-class structure of the infinite monoid.
409,283/16,1,283/16,1,mixed_fraction,This is a bounded computational sample. It does not prove the complete associate-class structure of the infinite monoid.
410,285/8,1,285/8,1,mixed_fraction,This is a bounded computational sample. It does not prove the complete associate-class structure of the infinite monoid.
411,285/16,1,285/16,1,mixed_fraction,This is a bounded computational sample. It does not prove the complete associate-class structure of the infinite monoid.
412,287/8,1,287/8,1,mixed_fraction,This is a bounded computational sample. It does not prove the complete associate-class structure of the infinite monoid.
413,287/16,1,287/16,1,mixed_fraction,This is a bounded computational sample. It does not prove the complete associate-class structure of the infinite monoid.
414,289/8,1,289/8,1,mixed_fraction,This is a bounded computational sample. It does not prove the complete associate-class structure of the infinite monoid.
415,289/16,1,289/16,1,mixed_fraction,This is a bounded computational sample. It does not prove the complete associate-class structure of the infinite monoid.
416,291/8,1,291/8,1,mixed_fraction,This is a bounded computational sample. It does not prove the complete associate-class structure of the infinite monoid.
417,291/16,1,291/16,1,mixed_fraction,This is a bounded computational sample. It does not prove the complete associate-class structure of the infinite monoid.
418,291/32,1,291/32,1,mixed_fraction,This is a bounded computational sample. It does not prove the complete associate-class structure of the infinite monoid.
419,293/8,1,293/8,1,mixed_fraction,This is a bounded computational sample. It does not prove the complete associate-class structure of the infinite monoid.
420,293/16,1,293/16,1,mixed_fraction,This is a bounded computational sample. It does not prove the complete associate-class structure of the infinite monoid.
421,295/8,1,295/8,1,mixed_fraction,This is a bounded computational sample. It does not prove the complete associate-class structure of the infinite monoid.
422,295/16,1,295/16,1,mixed_fraction,This is a bounded computational sample. It does not prove the complete associate-class structure of the infinite monoid.
423,297/8,1,297/8,1,mixed_fraction,This is a bounded computational sample. It does not prove the complete associate-class structure of the infinite monoid.
424,297/16,1,297/16,1,mixed_fraction,This is a bounded computational sample. It does not prove the complete associate-class structure of the infinite monoid.
425,299/8,1,299/8,1,mixed_fraction,This is a bounded computational sample. It does not prove the complete associate-class structure of the infinite monoid.
426,299/16,1,299/16,1,mixed_fraction,This is a bounded computational sample. It does not prove the complete associate-class structure of the infinite monoid.
427,301/8,1,301/8,1,mixed_fraction,This is a bounded computational sample. It does not prove the complete associate-class structure of the infinite monoid.
428,301/16,1,301/16,1,mixed_fraction,This is a bounded computational sample. It does not prove the complete associate-class structure of the infinite monoid.
429,303/8,1,303/8,1,mixed_fraction,This is a bounded computational sample. It does not prove the complete associate-class structure of the infinite monoid.
430,303/16,1,303/16,1,mixed_fraction,This is a bounded computational sample. It does not prove the complete associate-class structure of the infinite monoid.
431,305/8,1,305/8,1,mixed_fraction,This is a bounded computational sample. It does not prove the complete associate-class structure of the infinite monoid.
432,305/16,1,305/16,1,mixed_fraction,This is a bounded computational sample. It does not prove the complete associate-class structure of the infinite monoid.
433,307/8,1,307/8,1,mixed_fraction,This is a bounded computational sample. It does not prove the complete associate-class structure of the infinite monoid.
434,307/16,1,307/16,1,mixed_fraction,This is a bounded computational sample. It does not prove the complete associate-class structure of the infinite monoid.
435,307/32,1,307/32,1,mixed_fraction,This is a bounded computational sample. It does not prove the complete associate-class structure of the infinite monoid.
436,309/8,1,309/8,1,mixed_fraction,This is a bounded computational sample. It does not prove the complete associate-class structure of the infinite monoid.
437,309/16,1,309/16,1,mixed_fraction,This is a bounded computational sample. It does not prove the complete associate-class structure of the infinite monoid.
438,311/8,1,311/8,1,mixed_fraction,This is a bounded computational sample. It does not prove the complete associate-class structure of the infinite monoid.
439,311/16,1,311/16,1,mixed_fraction,This is a bounded computational sample. It does not prove the complete associate-class structure of the infinite monoid.
440,313/8,1,313/8,1,mixed_fraction,This is a bounded computational sample. It does not prove the complete associate-class structure of the infinite monoid.
441,313/16,1,313/16,1,mixed_fraction,This is a bounded computational sample. It does not prove the complete associate-class structure of the infinite monoid.
442,315/8,1,315/8,1,mixed_fraction,This is a bounded computational sample. It does not prove the complete associate-class structure of the infinite monoid.
443,315/16,1,315/16,1,mixed_fraction,This is a bounded computational sample. It does not prove the complete associate-class structure of the infinite monoid.
444,315/32,1,315/32,1,mixed_fraction,This is a bounded computational sample. It does not prove the complete associate-class structure of the infinite monoid.
445,317/8,1,317/8,1,mixed_fraction,This is a bounded computational sample. It does not prove the complete associate-class structure of the infinite monoid.
446,317/16,1,317/16,1,mixed_fraction,This is a bounded computational sample. It does not prove the complete associate-class structure of the infinite monoid.
447,319/8,1,319/8,1,mixed_fraction,This is a bounded computational sample. It does not prove the complete associate-class structure of the infinite monoid.
448,319/16,1,319/16,1,mixed_fraction,This is a bounded computational sample. It does not prove the complete associate-class structure of the infinite monoid.
449,321/8,1,321/8,1,mixed_fraction,This is a bounded computational sample. It does not prove the complete associate-class structure of the infinite monoid.
450,321/16,1,321/16,1,mixed_fraction,This is a bounded computational sample. It does not prove the complete associate-class structure of the infinite monoid.
451,323/8,1,323/8,1,mixed_fraction,This is a bounded computational sample. It does not prove the complete associate-class structure of the infinite monoid.
452,323/16,1,323/16,1,mixed_fraction,This is a bounded computational sample. It does not prove the complete associate-class structure of the infinite monoid.
453,323/32,1,323/32,1,mixed_fraction,This is a bounded computational sample. It does not prove the complete associate-class structure of the infinite monoid.
454,325/8,1,325/8,1,mixed_fraction,This is a bounded computational sample. It does not prove the complete associate-class structure of the infinite monoid.
455,325/16,1,325/16,1,mixed_fraction,This is a bounded computational sample. It does not prove the complete associate-class structure of the infinite monoid.
456,327/8,1,327/8,1,mixed_fraction,This is a bounded computational sample. It does not prove the complete associate-class structure of the infinite monoid.
457,327/16,1,327/16,1,mixed_fraction,This is a bounded computational sample. It does not prove the complete associate-class structure of the infinite monoid.
458,329/8,1,329/8,1,mixed_fraction,This is a bounded computational sample. It does not prove the complete associate-class structure of the infinite monoid.
459,329/16,1,329/16,1,mixed_fraction,This is a bounded computational sample. It does not prove the complete associate-class structure of the infinite monoid.
460,331/8,1,331/8,1,mixed_fraction,This is a bounded computational sample. It does not prove the complete associate-class structure of the infinite monoid.
461,331/16,1,331/16,1,mixed_fraction,This is a bounded computational sample. It does not prove the complete associate-class structure of the infinite monoid.
462,333/8,1,333/8,1,mixed_fraction,This is a bounded computational sample. It does not prove the complete associate-class structure of the infinite monoid.
463,333/16,1,333/16,1,mixed_fraction,This is a bounded computational sample. It does not prove the complete associate-class structure of the infinite monoid.
464,335/8,1,335/8,1,mixed_fraction,This is a bounded computational sample. It does not prove the complete associate-class structure of the infinite monoid.
465,335/16,1,335/16,1,mixed_fraction,This is a bounded computational sample. It does not prove the complete associate-class structure of the infinite monoid.
466,337/8,1,337/8,1,mixed_fraction,This is a bounded computational sample. It does not prove the complete associate-class structure of the infinite monoid.
467,337/16,1,337/16,1,mixed_fraction,This is a bounded computational sample. It does not prove the complete associate-class structure of the infinite monoid.
468,339/8,1,339/8,1,mixed_fraction,This is a bounded computational sample. It does not prove the complete associate-class structure of the infinite monoid.
469,339/16,1,339/16,1,mixed_fraction,This is a bounded computational sample. It does not prove the complete associate-class structure of the infinite monoid.
470,339/32,1,339/32,1,mixed_fraction,This is a bounded computational sample. It does not prove the complete associate-class structure of the infinite monoid.
471,341/8,1,341/8,1,mixed_fraction,This is a bounded computational sample. It does not prove the complete associate-class structure of the infinite monoid.
472,341/16,1,341/16,1,mixed_fraction,This is a bounded computational sample. It does not prove the complete associate-class structure of the infinite monoid.
473,343/8,1,343/8,1,mixed_fraction,This is a bounded computational sample. It does not prove the complete associate-class structure of the infinite monoid.
474,343/16,1,343/16,1,mixed_fraction,This is a bounded computational sample. It does not prove the complete associate-class structure of the infinite monoid.
475,345/8,1,345/8,1,mixed_fraction,This is a bounded computational sample. It does not prove the complete associate-class structure of the infinite monoid.
476,345/16,1,345/16,1,mixed_fraction,This is a bounded computational sample. It does not prove the complete associate-class structure of the infinite monoid.
477,347/8,1,347/8,1,mixed_fraction,This is a bounded computational sample. It does not prove the complete associate-class structure of the infinite monoid.
478,347/16,1,347/16,1,mixed_fraction,This is a bounded computational sample. It does not prove the complete associate-class structure of the infinite monoid.
479,347/32,1,347/32,1,mixed_fraction,This is a bounded computational sample. It does not prove the complete associate-class structure of the infinite monoid.
480,349/8,1,349/8,1,mixed_fraction,This is a bounded computational sample. It does not prove the complete associate-class structure of the infinite monoid.
481,349/16,1,349/16,1,mixed_fraction,This is a bounded computational sample. It does not prove the complete associate-class structure of the infinite monoid.
482,351/8,1,351/8,1,mixed_fraction,This is a bounded computational sample. It does not prove the complete associate-class structure of the infinite monoid.
483,351/16,1,351/16,1,mixed_fraction,This is a bounded computational sample. It does not prove the complete associate-class structure of the infinite monoid.
484,351/32,1,351/32,1,mixed_fraction,This is a bounded computational sample. It does not prove the complete associate-class structure of the infinite monoid.
485,353/8,1,353/8,1,mixed_fraction,This is a bounded computational sample. It does not prove the complete associate-class structure of the infinite monoid.
486,353/16,1,353/16,1,mixed_fraction,This is a bounded computational sample. It does not prove the complete associate-class structure of the infinite monoid.
487,355/8,1,355/8,1,mixed_fraction,This is a bounded computational sample. It does not prove the complete associate-class structure of the infinite monoid.
488,355/16,1,355/16,1,mixed_fraction,This is a bounded computational sample. It does not prove the complete associate-class structure of the infinite monoid.
489,355/32,1,355/32,1,mixed_fraction,This is a bounded computational sample. It does not prove the complete associate-class structure of the infinite monoid.
490,357/8,1,357/8,1,mixed_fraction,This is a bounded computational sample. It does not prove the complete associate-class structure of the infinite monoid.
491,357/16,1,357/16,1,mixed_fraction,This is a bounded computational sample. It does not prove the complete associate-class structure of the infinite monoid.
492,359/8,1,359/8,1,mixed_fraction,This is a bounded computational sample. It does not prove the complete associate-class structure of the infinite monoid.
493,359/16,1,359/16,1,mixed_fraction,This is a bounded computational sample. It does not prove the complete associate-class structure of the infinite monoid.
494,361/8,1,361/8,1,mixed_fraction,This is a bounded computational sample. It does not prove the complete associate-class structure of the infinite monoid.
495,361/16,1,361/16,1,mixed_fraction,This is a bounded computational sample. It does not prove the complete associate-class structure of the infinite monoid.
496,363/8,1,363/8,1,mixed_fraction,This is a bounded computational sample. It does not prove the complete associate-class structure of the infinite monoid.
497,363/16,1,363/16,1,mixed_fraction,This is a bounded computational sample. It does not prove the complete associate-class structure of the infinite monoid.
498,363/32,1,363/32,1,mixed_fraction,This is a bounded computational sample. It does not prove the complete associate-class structure of the infinite monoid.
499,365/8,1,365/8,1,mixed_fraction,This is a bounded computational sample. It does not prove the complete associate-class structure of the infinite monoid.
500,365/16,1,365/16,1,mixed_fraction,This is a bounded computational sample. It does not prove the complete associate-class structure of the infinite monoid.
501,367/8,1,367/8,1,mixed_fraction,This is a bounded computational sample. It does not prove the complete associate-class structure of the infinite monoid.
502,367/16,1,367/16,1,mixed_fraction,This is a bounded computational sample. It does not prove the complete associate-class structure of the infinite monoid.
503,369/8,1,369/8,1,mixed_fraction,This is a bounded computational sample. It does not prove the complete associate-class structure of the infinite monoid.
504,369/16,1,369/16,1,mixed_fraction,This is a bounded computational sample. It does not prove the complete associate-class structure of the infinite monoid.
505,371/8,1,371/8,1,mixed_fraction,This is a bounded computational sample. It does not prove the complete associate-class structure of the infinite monoid.
506,371/16,1,371/16,1,mixed_fraction,This is a bounded computational sample. It does not prove the complete associate-class structure of the infinite monoid.
507,371/32,1,371/32,1,mixed_fraction,This is a bounded computational sample. It does not prove the complete associate-class structure of the infinite monoid.
508,373/8,1,373/8,1,mixed_fraction,This is a bounded computational sample. It does not prove the complete associate-class structure of the infinite monoid.
509,373/16,1,373/16,1,mixed_fraction,This is a bounded computational sample. It does not prove the complete associate-class structure of the infinite monoid.
510,375/8,1,375/8,1,mixed_fraction,This is a bounded computational sample. It does not prove the complete associate-class structure of the infinite monoid.
511,375/16,1,375/16,1,mixed_fraction,This is a bounded computational sample. It does not prove the complete associate-class structure of the infinite monoid.
512,377/8,1,377/8,1,mixed_fraction,This is a bounded computational sample. It does not prove the complete associate-class structure of the infinite monoid.
513,377/16,1,377/16,1,mixed_fraction,This is a bounded computational sample. It does not prove the complete associate-class structure of the infinite monoid.
514,379/8,1,379/8,1,mixed_fraction,This is a bounded computational sample. It does not prove the complete associate-class structure of the infinite monoid.
515,379/16,1,379/16,1,mixed_fraction,This is a bounded computational sample. It does not prove the complete associate-class structure of the infinite monoid.
516,379/32,1,379/32,1,mixed_fraction,This is a bounded computational sample. It does not prove the complete associate-class structure of the infinite monoid.
517,381/8,1,381/8,1,mixed_fraction,This is a bounded computational sample. It does not prove the complete associate-class structure of the infinite monoid.
518,381/16,1,381/16,1,mixed_fraction,This is a bounded computational sample. It does not prove the complete associate-class structure of the infinite monoid.
519,383/8,1,383/8,1,mixed_fraction,This is a bounded computational sample. It does not prove the complete associate-class structure of the infinite monoid.
520,383/16,1,383/16,1,mixed_fraction,This is a bounded computational sample. It does not prove the complete associate-class structure of the infinite monoid.
521,383/32,1,383/32,1,mixed_fraction,This is a bounded computational sample. It does not prove the complete associate-class structure of the infinite monoid.
522,385/8,1,385/8,1,mixed_fraction,This is a bounded computational sample. It does not prove the complete associate-class structure of the infinite monoid.
523,385/16,1,385/16,1,mixed_fraction,This is a bounded computational sample. It does not prove the complete associate-class structure of the infinite monoid.
524,387/8,1,387/8,1,mixed_fraction,This is a bounded computational sample. It does not prove the complete associate-class structure of the infinite monoid.
525,387/16,1,387/16,1,mixed_fraction,This is a bounded computational sample. It does not prove the complete associate-class structure of the infinite monoid.
526,387/32,1,387/32,1,mixed_fraction,This is a bounded computational sample. It does not prove the complete associate-class structure of the infinite monoid.
527,389/16,1,389/16,1,mixed_fraction,This is a bounded computational sample. It does not prove the complete associate-class structure of the infinite monoid.
528,391/8,1,391/8,1,mixed_fraction,This is a bounded computational sample. It does not prove the complete associate-class structure of the infinite monoid.
529,391/16,1,391/16,1,mixed_fraction,This is a bounded computational sample. It does not prove the complete associate-class structure of the infinite monoid.
530,393/8,1,393/8,1,mixed_fraction,This is a bounded computational sample. It does not prove the complete associate-class structure of the infinite monoid.
531,393/16,1,393/16,1,mixed_fraction,This is a bounded computational sample. It does not prove the complete associate-class structure of the infinite monoid.
532,395/8,1,395/8,1,mixed_fraction,This is a bounded computational sample. It does not prove the complete associate-class structure of the infinite monoid.
533,395/16,1,395/16,1,mixed_fraction,This is a bounded computational sample. It does not prove the complete associate-class structure of the infinite monoid.
534,395/32,1,395/32,1,mixed_fraction,This is a bounded computational sample. It does not prove the complete associate-class structure of the infinite monoid.
535,397/16,1,397/16,1,mixed_fraction,This is a bounded computational sample. It does not prove the complete associate-class structure of the infinite monoid.
536,399/8,1,399/8,1,mixed_fraction,This is a bounded computational sample. It does not prove the complete associate-class structure of the infinite monoid.
537,399/16,1,399/16,1,mixed_fraction,This is a bounded computational sample. It does not prove the complete associate-class structure of the infinite monoid.
538,399/32,1,399/32,1,mixed_fraction,This is a bounded computational sample. It does not prove the complete associate-class structure of the infinite monoid.
539,401/16,1,401/16,1,mixed_fraction,This is a bounded computational sample. It does not prove the complete associate-class structure of the infinite monoid.
540,403/8,1,403/8,1,mixed_fraction,This is a bounded computational sample. It does not prove the complete associate-class structure of the infinite monoid.
541,403/16,1,403/16,1,mixed_fraction,This is a bounded computational sample. It does not prove the complete associate-class structure of the infinite monoid.
542,403/32,1,403/32,1,mixed_fraction,This is a bounded computational sample. It does not prove the complete associate-class structure of the infinite monoid.
543,405/16,1,405/16,1,mixed_fraction,This is a bounded computational sample. It does not prove the complete associate-class structure of the infinite monoid.
544,405/32,1,405/32,1,mixed_fraction,This is a bounded computational sample. It does not prove the complete associate-class structure of the infinite monoid.
545,407/16,1,407/16,1,mixed_fraction,This is a bounded computational sample. It does not prove the complete associate-class structure of the infinite monoid.
546,409/16,1,409/16,1,mixed_fraction,This is a bounded computational sample. It does not prove the complete associate-class structure of the infinite monoid.
547,411/8,1,411/8,1,mixed_fraction,This is a bounded computational sample. It does not prove the complete associate-class structure of the infinite monoid.
548,411/16,1,411/16,1,mixed_fraction,This is a bounded computational sample. It does not prove the complete associate-class structure of the infinite monoid.
549,411/32,1,411/32,1,mixed_fraction,This is a bounded computational sample. It does not prove the complete associate-class structure of the infinite monoid.
550,413/16,1,413/16,1,mixed_fraction,This is a bounded computational sample. It does not prove the complete associate-class structure of the infinite monoid.
551,415/16,1,415/16,1,mixed_fraction,This is a bounded computational sample. It does not prove the complete associate-class structure of the infinite monoid.
552,415/32,1,415/32,1,mixed_fraction,This is a bounded computational sample. It does not prove the complete associate-class structure of the infinite monoid.
553,417/16,1,417/16,1,mixed_fraction,This is a bounded computational sample. It does not prove the complete associate-class structure of the infinite monoid.
554,419/16,1,419/16,1,mixed_fraction,This is a bounded computational sample. It does not prove the complete associate-class structure of the infinite monoid.
555,419/32,1,419/32,1,mixed_fraction,This is a bounded computational sample. It does not prove the complete associate-class structure of the infinite monoid.
556,421/16,1,421/16,1,mixed_fraction,This is a bounded computational sample. It does not prove the complete associate-class structure of the infinite monoid.
557,423/16,1,423/16,1,mixed_fraction,This is a bounded computational sample. It does not prove the complete associate-class structure of the infinite monoid.
558,423/32,1,423/32,1,mixed_fraction,This is a bounded computational sample. It does not prove the complete associate-class structure of the infinite monoid.
559,425/16,1,425/16,1,mixed_fraction,This is a bounded computational sample. It does not prove the complete associate-class structure of the infinite monoid.
560,427/16,1,427/16,1,mixed_fraction,This is a bounded computational sample. It does not prove the complete associate-class structure of the infinite monoid.
561,427/32,1,427/32,1,mixed_fraction,This is a bounded computational sample. It does not prove the complete associate-class structure of the infinite monoid.
562,429/16,1,429/16,1,mixed_fraction,This is a bounded computational sample. It does not prove the complete associate-class structure of the infinite monoid.
563,431/16,1,431/16,1,mixed_fraction,This is a bounded computational sample. It does not prove the complete associate-class structure of the infinite monoid.
564,431/32,1,431/32,1,mixed_fraction,This is a bounded computational sample. It does not prove the complete associate-class structure of the infinite monoid.
565,433/16,1,433/16,1,mixed_fraction,This is a bounded computational sample. It does not prove the complete associate-class structure of the infinite monoid.
566,435/16,1,435/16,1,mixed_fraction,This is a bounded computational sample. It does not prove the complete associate-class structure of the infinite monoid.
567,435/32,1,435/32,1,mixed_fraction,This is a bounded computational sample. It does not prove the complete associate-class structure of the infinite monoid.
568,437/16,1,437/16,1,mixed_fraction,This is a bounded computational sample. It does not prove the complete associate-class structure of the infinite monoid.
569,437/32,1,437/32,1,mixed_fraction,This is a bounded computational sample. It does not prove the complete associate-class structure of the infinite monoid.
570,439/16,1,439/16,1,mixed_fraction,This is a bounded computational sample. It does not prove the complete associate-class structure of the infinite monoid.
571,441/16,1,441/16,1,mixed_fraction,This is a bounded computational sample. It does not prove the complete associate-class structure of the infinite monoid.
572,443/16,1,443/16,1,mixed_fraction,This is a bounded computational sample. It does not prove the complete associate-class structure of the infinite monoid.
573,443/32,1,443/32,1,mixed_fraction,This is a bounded computational sample. It does not prove the complete associate-class structure of the infinite monoid.
574,445/16,1,445/16,1,mixed_fraction,This is a bounded computational sample. It does not prove the complete associate-class structure of the infinite monoid.
575,447/16,1,447/16,1,mixed_fraction,This is a bounded computational sample. It does not prove the complete associate-class structure of the infinite monoid.
576,447/32,1,447/32,1,mixed_fraction,This is a bounded computational sample. It does not prove the complete associate-class structure of the infinite monoid.
577,449/16,1,449/16,1,mixed_fraction,This is a bounded computational sample. It does not prove the complete associate-class structure of the infinite monoid.
578,451/16,1,451/16,1,mixed_fraction,This is a bounded computational sample. It does not prove the complete associate-class structure of the infinite monoid.
579,451/32,1,451/32,1,mixed_fraction,This is a bounded computational sample. It does not prove the complete associate-class structure of the infinite monoid.
580,453/16,1,453/16,1,mixed_fraction,This is a bounded computational sample. It does not prove the complete associate-class structure of the infinite monoid.
581,453/32,1,453/32,1,mixed_fraction,This is a bounded computational sample. It does not prove the complete associate-class structure of the infinite monoid.
582,455/16,1,455/16,1,mixed_fraction,This is a bounded computational sample. It does not prove the complete associate-class structure of the infinite monoid.
583,455/32,1,455/32,1,mixed_fraction,This is a bounded computational sample. It does not prove the complete associate-class structure of the infinite monoid.
584,457/16,1,457/16,1,mixed_fraction,This is a bounded computational sample. It does not prove the complete associate-class structure of the infinite monoid.
585,459/16,1,459/16,1,mixed_fraction,This is a bounded computational sample. It does not prove the complete associate-class structure of the infinite monoid.
586,459/32,1,459/32,1,mixed_fraction,This is a bounded computational sample. It does not prove the complete associate-class structure of the infinite monoid.
587,461/16,1,461/16,1,mixed_fraction,This is a bounded computational sample. It does not prove the complete associate-class structure of the infinite monoid.
588,463/16,1,463/16,1,mixed_fraction,This is a bounded computational sample. It does not prove the complete associate-class structure of the infinite monoid.
589,463/32,1,463/32,1,mixed_fraction,This is a bounded computational sample. It does not prove the complete associate-class structure of the infinite monoid.
590,465/16,1,465/16,1,mixed_fraction,This is a bounded computational sample. It does not prove the complete associate-class structure of the infinite monoid.
591,467/16,1,467/16,1,mixed_fraction,This is a bounded computational sample. It does not prove the complete associate-class structure of the infinite monoid.
592,467/32,1,467/32,1,mixed_fraction,This is a bounded computational sample. It does not prove the complete associate-class structure of the infinite monoid.
593,469/16,1,469/16,1,mixed_fraction,This is a bounded computational sample. It does not prove the complete associate-class structure of the infinite monoid.
594,469/32,1,469/32,1,mixed_fraction,This is a bounded computational sample. It does not prove the complete associate-class structure of the infinite monoid.
595,471/16,1,471/16,1,mixed_fraction,This is a bounded computational sample. It does not prove the complete associate-class structure of the infinite monoid.
596,471/32,1,471/32,1,mixed_fraction,This is a bounded computational sample. It does not prove the complete associate-class structure of the infinite monoid.
597,473/16,1,473/16,1,mixed_fraction,This is a bounded computational sample. It does not prove the complete associate-class structure of the infinite monoid.
598,475/16,1,475/16,1,mixed_fraction,This is a bounded computational sample. It does not prove the complete associate-class structure of the infinite monoid.
599,475/32,1,475/32,1,mixed_fraction,This is a bounded computational sample. It does not prove the complete associate-class structure of the infinite monoid.
600,477/16,1,477/16,1,mixed_fraction,This is a bounded computational sample. It does not prove the complete associate-class structure of the infinite monoid.
601,477/32,1,477/32,1,mixed_fraction,This is a bounded computational sample. It does not prove the complete associate-class structure of the infinite monoid.
602,479/16,1,479/16,1,mixed_fraction,This is a bounded computational sample. It does not prove the complete associate-class structure of the infinite monoid.
603,479/32,1,479/32,1,mixed_fraction,This is a bounded computational sample. It does not prove the complete associate-class structure of the infinite monoid.
604,481/16,1,481/16,1,mixed_fraction,This is a bounded computational sample. It does not prove the complete associate-class structure of the infinite monoid.
605,483/16,1,483/16,1,mixed_fraction,This is a bounded computational sample. It does not prove the complete associate-class structure of the infinite monoid.
606,483/32,1,483/32,1,mixed_fraction,This is a bounded computational sample. It does not prove the complete associate-class structure of the infinite monoid.
607,485/16,1,485/16,1,mixed_fraction,This is a bounded computational sample. It does not prove the complete associate-class structure of the infinite monoid.
608,485/32,1,485/32,1,mixed_fraction,This is a bounded computational sample. It does not prove the complete associate-class structure of the infinite monoid.
609,487/16,1,487/16,1,mixed_fraction,This is a bounded computational sample. It does not prove the complete associate-class structure of the infinite monoid.
610,487/32,1,487/32,1,mixed_fraction,This is a bounded computational sample. It does not prove the complete associate-class structure of the infinite monoid.
611,489/16,1,489/16,1,mixed_fraction,This is a bounded computational sample. It does not prove the complete associate-class structure of the infinite monoid.
612,491/16,1,491/16,1,mixed_fraction,This is a bounded computational sample. It does not prove the complete associate-class structure of the infinite monoid.
613,491/32,1,491/32,1,mixed_fraction,This is a bounded computational sample. It does not prove the complete associate-class structure of the infinite monoid.
614,493/16,1,493/16,1,mixed_fraction,This is a bounded computational sample. It does not prove the complete associate-class structure of the infinite monoid.
615,495/16,1,495/16,1,mixed_fraction,This is a bounded computational sample. It does not prove the complete associate-class structure of the infinite monoid.
616,495/32,1,495/32,1,mixed_fraction,This is a bounded computational sample. It does not prove the complete associate-class structure of the infinite monoid.
617,497/16,1,497/16,1,mixed_fraction,This is a bounded computational sample. It does not prove the complete associate-class structure of the infinite monoid.
618,499/16,1,499/16,1,mixed_fraction,This is a bounded computational sample. It does not prove the complete associate-class structure of the infinite monoid.
619,499/32,1,499/32,1,mixed_fraction,This is a bounded computational sample. It does not prove the complete associate-class structure of the infinite monoid.
620,501/16,1,501/16,1,mixed_fraction,This is a bounded computational sample. It does not prove the complete associate-class structure of the infinite monoid.
621,501/32,1,501/32,1,mixed_fraction,This is a bounded computational sample. It does not prove the complete associate-class structure of the infinite monoid.
622,503/16,1,503/16,1,mixed_fraction,This is a bounded computational sample. It does not prove the complete associate-class structure of the infinite monoid.
623,503/32,1,503/32,1,mixed_fraction,This is a bounded computational sample. It does not prove the complete associate-class structure of the infinite monoid.
624,505/16,1,505/16,1,mixed_fraction,This is a bounded computational sample. It does not prove the complete associate-class structure of the infinite monoid.
625,507/16,1,507/16,1,mixed_fraction,This is a bounded computational sample. It does not prove the complete associate-class structure of the infinite monoid.
626,507/32,1,507/32,1,mixed_fraction,This is a bounded computational sample. It does not prove the complete associate-class structure of the infinite monoid.
627,509/16,1,509/16,1,mixed_fraction,This is a bounded computational sample. It does not prove the complete associate-class structure of the infinite monoid.
628,509/32,1,509/32,1,mixed_fraction,This is a bounded computational sample. It does not prove the complete associate-class structure of the infinite monoid.
629,511/16,1,511/16,1,mixed_fraction,This is a bounded computational sample. It does not prove the complete associate-class structure of the infinite monoid.
630,511/32,1,511/32,1,mixed_fraction,This is a bounded computational sample. It does not prove the complete associate-class structure of the infinite monoid.
631,513/16,1,513/16,1,mixed_fraction,This is a bounded computational sample. It does not prove the complete associate-class structure of the infinite monoid.
632,513/32,1,513/32,1,mixed_fraction,This is a bounded computational sample. It does not prove the complete associate-class structure of the infinite monoid.
633,515/16,1,515/16,1,mixed_fraction,This is a bounded computational sample. It does not prove the complete associate-class structure of the infinite monoid.
634,515/32,1,515/32,1,mixed_fraction,This is a bounded computational sample. It does not prove the complete associate-class structure of the infinite monoid.
635,517/16,1,517/16,1,mixed_fraction,This is a bounded computational sample. It does not prove the complete associate-class structure of the infinite monoid.
636,517/32,1,517/32,1,mixed_fraction,This is a bounded computational sample. It does not prove the complete associate-class structure of the infinite monoid.
637,519/16,1,519/16,1,mixed_fraction,This is a bounded computational sample. It does not prove the complete associate-class structure of the infinite monoid.
638,519/32,1,519/32,1,mixed_fraction,This is a bounded computational sample. It does not prove the complete associate-class structure of the infinite monoid.
639,521/16,1,521/16,1,mixed_fraction,This is a bounded computational sample. It does not prove the complete associate-class structure of the infinite monoid.
640,523/16,1,523/16,1,mixed_fraction,This is a bounded computational sample. It does not prove the complete associate-class structure of the infinite monoid.
641,523/32,1,523/32,1,mixed_fraction,This is a bounded computational sample. It does not prove the complete associate-class structure of the infinite monoid.
642,525/16,1,525/16,1,mixed_fraction,This is a bounded computational sample. It does not prove the complete associate-class structure of the infinite monoid.
643,525/32,1,525/32,1,mixed_fraction,This is a bounded computational sample. It does not prove the complete associate-class structure of the infinite monoid.
644,527/16,1,527/16,1,mixed_fraction,This is a bounded computational sample. It does not prove the complete associate-class structure of the infinite monoid.
645,527/32,1,527/32,1,mixed_fraction,This is a bounded computational sample. It does not prove the complete associate-class structure of the infinite monoid.
646,529/16,1,529/16,1,mixed_fraction,This is a bounded computational sample. It does not prove the complete associate-class structure of the infinite monoid.
647,531/16,1,531/16,1,mixed_fraction,This is a bounded computational sample. It does not prove the complete associate-class structure of the infinite monoid.
648,531/32,1,531/32,1,mixed_fraction,This is a bounded computational sample. It does not prove the complete associate-class structure of the infinite monoid.
649,533/16,1,533/16,1,mixed_fraction,This is a bounded computational sample. It does not prove the complete associate-class structure of the infinite monoid.
650,533/32,1,533/32,1,mixed_fraction,This is a bounded computational sample. It does not prove the complete associate-class structure of the infinite monoid.
651,535/16,1,535/16,1,mixed_fraction,This is a bounded computational sample. It does not prove the complete associate-class structure of the infinite monoid.
652,535/32,1,535/32,1,mixed_fraction,This is a bounded computational sample. It does not prove the complete associate-class structure of the infinite monoid.
653,537/16,1,537/16,1,mixed_fraction,This is a bounded computational sample. It does not prove the complete associate-class structure of the infinite monoid.
654,539/16,1,539/16,1,mixed_fraction,This is a bounded computational sample. It does not prove the complete associate-class structure of the infinite monoid.
655,539/32,1,539/32,1,mixed_fraction,This is a bounded computational sample. It does not prove the complete associate-class structure of the infinite monoid.
656,541/16,1,541/16,1,mixed_fraction,This is a bounded computational sample. It does not prove the complete associate-class structure of the infinite monoid.
657,541/32,1,541/32,1,mixed_fraction,This is a bounded computational sample. It does not prove the complete associate-class structure of the infinite monoid.
658,543/16,1,543/16,1,mixed_fraction,This is a bounded computational sample. It does not prove the complete associate-class structure of the infinite monoid.
659,543/32,1,543/32,1,mixed_fraction,This is a bounded computational sample. It does not prove the complete associate-class structure of the infinite monoid.
660,545/16,1,545/16,1,mixed_fraction,This is a bounded computational sample. It does not prove the complete associate-class structure of the infinite monoid.
661,545/32,1,545/32,1,mixed_fraction,This is a bounded computational sample. It does not prove the complete associate-class structure of the infinite monoid.
662,547/16,1,547/16,1,mixed_fraction,This is a bounded computational sample. It does not prove the complete associate-class structure of the infinite monoid.
663,547/32,1,547/32,1,mixed_fraction,This is a bounded computational sample. It does not prove the complete associate-class structure of the infinite monoid.
664,549/16,1,549/16,1,mixed_fraction,This is a bounded computational sample. It does not prove the complete associate-class structure of the infinite monoid.
665,549/32,1,549/32,1,mixed_fraction,This is a bounded computational sample. It does not prove the complete associate-class structure of the infinite monoid.
666,551/16,1,551/16,1,mixed_fraction,This is a bounded computational sample. It does not prove the complete associate-class structure of the infinite monoid.
667,551/32,1,551/32,1,mixed_fraction,This is a bounded computational sample. It does not prove the complete associate-class structure of the infinite monoid.
668,553/16,1,553/16,1,mixed_fraction,This is a bounded computational sample. It does not prove the complete associate-class structure of the infinite monoid.
669,555/16,1,555/16,1,mixed_fraction,This is a bounded computational sample. It does not prove the complete associate-class structure of the infinite monoid.
670,555/32,1,555/32,1,mixed_fraction,This is a bounded computational sample. It does not prove the complete associate-class structure of the infinite monoid.
671,557/16,1,557/16,1,mixed_fraction,This is a bounded computational sample. It does not prove the complete associate-class structure of the infinite monoid.
672,557/32,1,557/32,1,mixed_fraction,This is a bounded computational sample. It does not prove the complete associate-class structure of the infinite monoid.
673,559/16,1,559/16,1,mixed_fraction,This is a bounded computational sample. It does not prove the complete associate-class structure of the infinite monoid.
674,559/32,1,559/32,1,mixed_fraction,This is a bounded computational sample. It does not prove the complete associate-class structure of the infinite monoid.
675,561/16,1,561/16,1,mixed_fraction,This is a bounded computational sample. It does not prove the complete associate-class structure of the infinite monoid.
676,561/32,1,561/32,1,mixed_fraction,This is a bounded computational sample. It does not prove the complete associate-class structure of the infinite monoid.
677,563/16,1,563/16,1,mixed_fraction,This is a bounded computational sample. It does not prove the complete associate-class structure of the infinite monoid.
678,563/32,1,563/32,1,mixed_fraction,This is a bounded computational sample. It does not prove the complete associate-class structure of the infinite monoid.
679,565/16,1,565/16,1,mixed_fraction,This is a bounded computational sample. It does not prove the complete associate-class structure of the infinite monoid.
680,565/32,1,565/32,1,mixed_fraction,This is a bounded computational sample. It does not prove the complete associate-class structure of the infinite monoid.
681,567/16,1,567/16,1,mixed_fraction,This is a bounded computational sample. It does not prove the complete associate-class structure of the infinite monoid.
682,567/32,1,567/32,1,mixed_fraction,This is a bounded computational sample. It does not prove the complete associate-class structure of the infinite monoid.
683,569/16,1,569/16,1,mixed_fraction,This is a bounded computational sample. It does not prove the complete associate-class structure of the infinite monoid.
684,571/16,1,571/16,1,mixed_fraction,This is a bounded computational sample. It does not prove the complete associate-class structure of the infinite monoid.
685,571/32,1,571/32,1,mixed_fraction,This is a bounded computational sample. It does not prove the complete associate-class structure of the infinite monoid.
686,573/16,1,573/16,1,mixed_fraction,This is a bounded computational sample. It does not prove the complete associate-class structure of the infinite monoid.
687,573/32,1,573/32,1,mixed_fraction,This is a bounded computational sample. It does not prove the complete associate-class structure of the infinite monoid.
688,575/16,1,575/16,1,mixed_fraction,This is a bounded computational sample. It does not prove the complete associate-class structure of the infinite monoid.
689,575/32,1,575/32,1,mixed_fraction,This is a bounded computational sample. It does not prove the complete associate-class structure of the infinite monoid.
690,577/16,1,577/16,1,mixed_fraction,This is a bounded computational sample. It does not prove the complete associate-class structure of the infinite monoid.
691,577/32,1,577/32,1,mixed_fraction,This is a bounded computational sample. It does not prove the complete associate-class structure of the infinite monoid.
692,579/16,1,579/16,1,mixed_fraction,This is a bounded computational sample. It does not prove the complete associate-class structure of the infinite monoid.
693,579/32,1,579/32,1,mixed_fraction,This is a bounded computational sample. It does not prove the complete associate-class structure of the infinite monoid.
694,581/16,1,581/16,1,mixed_fraction,This is a bounded computational sample. It does not prove the complete associate-class structure of the infinite monoid.
695,581/32,1,581/32,1,mixed_fraction,This is a bounded computational sample. It does not prove the complete associate-class structure of the infinite monoid.
696,583/16,1,583/16,1,mixed_fraction,This is a bounded computational sample. It does not prove the complete associate-class structure of the infinite monoid.
697,583/32,1,583/32,1,mixed_fraction,This is a bounded computational sample. It does not prove the complete associate-class structure of the infinite monoid.
698,585/16,1,585/16,1,mixed_fraction,This is a bounded computational sample. It does not prove the complete associate-class structure of the infinite monoid.
699,585/32,1,585/32,1,mixed_fraction,This is a bounded computational sample. It does not prove the complete associate-class structure of the infinite monoid.
700,587/16,1,587/16,1,mixed_fraction,This is a bounded computational sample. It does not prove the complete associate-class structure of the infinite monoid.
701,587/32,1,587/32,1,mixed_fraction,This is a bounded computational sample. It does not prove the complete associate-class structure of the infinite monoid.
702,589/16,1,589/16,1,mixed_fraction,This is a bounded computational sample. It does not prove the complete associate-class structure of the infinite monoid.
703,589/32,1,589/32,1,mixed_fraction,This is a bounded computational sample. It does not prove the complete associate-class structure of the infinite monoid.
704,591/16,1,591/16,1,mixed_fraction,This is a bounded computational sample. It does not prove the complete associate-class structure of the infinite monoid.
705,591/32,1,591/32,1,mixed_fraction,This is a bounded computational sample. It does not prove the complete associate-class structure of the infinite monoid.
706,593/16,1,593/16,1,mixed_fraction,This is a bounded computational sample. It does not prove the complete associate-class structure of the infinite monoid.
707,593/32,1,593/32,1,mixed_fraction,This is a bounded computational sample. It does not prove the complete associate-class structure of the infinite monoid.
708,595/16,1,595/16,1,mixed_fraction,This is a bounded computational sample. It does not prove the complete associate-class structure of the infinite monoid.
709,595/32,1,595/32,1,mixed_fraction,This is a bounded computational sample. It does not prove the complete associate-class structure of the infinite monoid.
710,597/16,1,597/16,1,mixed_fraction,This is a bounded computational sample. It does not prove the complete associate-class structure of the infinite monoid.
711,597/32,1,597/32,1,mixed_fraction,This is a bounded computational sample. It does not prove the complete associate-class structure of the infinite monoid.
712,599/16,1,599/16,1,mixed_fraction,This is a bounded computational sample. It does not prove the complete associate-class structure of the infinite monoid.
713,599/32,1,599/32,1,mixed_fraction,This is a bounded computational sample. It does not prove the complete associate-class structure of the infinite monoid.
714,601/16,1,601/16,1,mixed_fraction,This is a bounded computational sample. It does not prove the complete associate-class structure of the infinite monoid.
715,603/16,1,603/16,1,mixed_fraction,This is a bounded computational sample. It does not prove the complete associate-class structure of the infinite monoid.
716,603/32,1,603/32,1,mixed_fraction,This is a bounded computational sample. It does not prove the complete associate-class structure of the infinite monoid.
717,605/16,1,605/16,1,mixed_fraction,This is a bounded computational sample. It does not prove the complete associate-class structure of the infinite monoid.
718,605/32,1,605/32,1,mixed_fraction,This is a bounded computational sample. It does not prove the complete associate-class structure of the infinite monoid.
719,607/16,1,607/16,1,mixed_fraction,This is a bounded computational sample. It does not prove the complete associate-class structure of the infinite monoid.
720,607/32,1,607/32,1,mixed_fraction,This is a bounded computational sample. It does not prove the complete associate-class structure of the infinite monoid.
721,609/16,1,609/16,1,mixed_fraction,This is a bounded computational sample. It does not prove the complete associate-class structure of the infinite monoid.
722,609/32,1,609/32,1,mixed_fraction,This is a bounded computational sample. It does not prove the complete associate-class structure of the infinite monoid.
723,611/16,1,611/16,1,mixed_fraction,This is a bounded computational sample. It does not prove the complete associate-class structure of the infinite monoid.
724,611/32,1,611/32,1,mixed_fraction,This is a bounded computational sample. It does not prove the complete associate-class structure of the infinite monoid.
725,613/16,1,613/16,1,mixed_fraction,This is a bounded computational sample. It does not prove the complete associate-class structure of the infinite monoid.
726,613/32,1,613/32,1,mixed_fraction,This is a bounded computational sample. It does not prove the complete associate-class structure of the infinite monoid.
727,615/16,1,615/16,1,mixed_fraction,This is a bounded computational sample. It does not prove the complete associate-class structure of the infinite monoid.
728,615/32,1,615/32,1,mixed_fraction,This is a bounded computational sample. It does not prove the complete associate-class structure of the infinite monoid.
729,617/16,1,617/16,1,mixed_fraction,This is a bounded computational sample. It does not prove the complete associate-class structure of the infinite monoid.
730,617/32,1,617/32,1,mixed_fraction,This is a bounded computational sample. It does not prove the complete associate-class structure of the infinite monoid.
731,619/16,1,619/16,1,mixed_fraction,This is a bounded computational sample. It does not prove the complete associate-class structure of the infinite monoid.
732,619/32,1,619/32,1,mixed_fraction,This is a bounded computational sample. It does not prove the complete associate-class structure of the infinite monoid.
733,621/16,1,621/16,1,mixed_fraction,This is a bounded computational sample. It does not prove the complete associate-class structure of the infinite monoid.
734,621/32,1,621/32,1,mixed_fraction,This is a bounded computational sample. It does not prove the complete associate-class structure of the infinite monoid.
735,623/16,1,623/16,1,mixed_fraction,This is a bounded computational sample. It does not prove the complete associate-class structure of the infinite monoid.
736,623/32,1,623/32,1,mixed_fraction,This is a bounded computational sample. It does not prove the complete associate-class structure of the infinite monoid.
737,625/16,1,625/16,1,mixed_fraction,This is a bounded computational sample. It does not prove the complete associate-class structure of the infinite monoid.
738,625/32,1,625/32,1,mixed_fraction,This is a bounded computational sample. It does not prove the complete associate-class structure of the infinite monoid.
739,627/16,1,627/16,1,mixed_fraction,This is a bounded computational sample. It does not prove the complete associate-class structure of the infinite monoid.
740,627/32,1,627/32,1,mixed_fraction,This is a bounded computational sample. It does not prove the complete associate-class structure of the infinite monoid.
741,629/16,1,629/16,1,mixed_fraction,This is a bounded computational sample. It does not prove the complete associate-class structure of the infinite monoid.
742,629/32,1,629/32,1,mixed_fraction,This is a bounded computational sample. It does not prove the complete associate-class structure of the infinite monoid.
743,631/16,1,631/16,1,mixed_fraction,This is a bounded computational sample. It does not prove the complete associate-class structure of the infinite monoid.
744,631/32,1,631/32,1,mixed_fraction,This is a bounded computational sample. It does not prove the complete associate-class structure of the infinite monoid.
745,633/16,1,633/16,1,mixed_fraction,This is a bounded computational sample. It does not prove the complete associate-class structure of the infinite monoid.
746,633/32,1,633/32,1,mixed_fraction,This is a bounded computational sample. It does not prove the complete associate-class structure of the infinite monoid.
747,635/16,1,635/16,1,mixed_fraction,This is a bounded computational sample. It does not prove the complete associate-class structure of the infinite monoid.
748,635/32,1,635/32,1,mixed_fraction,This is a bounded computational sample. It does not prove the complete associate-class structure of the infinite monoid.
749,637/16,1,637/16,1,mixed_fraction,This is a bounded computational sample. It does not prove the complete associate-class structure of the infinite monoid.
750,637/32,1,637/32,1,mixed_fraction,This is a bounded computational sample. It does not prove the complete associate-class structure of the infinite monoid.
751,639/16,1,639/16,1,mixed_fraction,This is a bounded computational sample. It does not prove the complete associate-class structure of the infinite monoid.
752,639/32,1,639/32,1,mixed_fraction,This is a bounded computational sample. It does not prove the complete associate-class structure of the infinite monoid.
753,641/16,1,641/16,1,mixed_fraction,This is a bounded computational sample. It does not prove the complete associate-class structure of the infinite monoid.
754,641/32,1,641/32,1,mixed_fraction,This is a bounded computational sample. It does not prove the complete associate-class structure of the infinite monoid.
755,643/16,1,643/16,1,mixed_fraction,This is a bounded computational sample. It does not prove the complete associate-class structure of the infinite monoid.
756,643/32,1,643/32,1,mixed_fraction,This is a bounded computational sample. It does not prove the complete associate-class structure of the infinite monoid.
757,645/16,1,645/16,1,mixed_fraction,This is a bounded computational sample. It does not prove the complete associate-class structure of the infinite monoid.
758,645/32,1,645/32,1,mixed_fraction,This is a bounded computational sample. It does not prove the complete associate-class structure of the infinite monoid.
759,647/16,1,647/16,1,mixed_fraction,This is a bounded computational sample. It does not prove the complete associate-class structure of the infinite monoid.
760,647/32,1,647/32,1,mixed_fraction,This is a bounded computational sample. It does not prove the complete associate-class structure of the infinite monoid.
761,649/16,1,649/16,1,mixed_fraction,This is a bounded computational sample. It does not prove the complete associate-class structure of the infinite monoid.
762,649/32,1,649/32,1,mixed_fraction,This is a bounded computational sample. It does not prove the complete associate-class structure of the infinite monoid.
763,651/16,1,651/16,1,mixed_fraction,This is a bounded computational sample. It does not prove the complete associate-class structure of the infinite monoid.
764,651/32,1,651/32,1,mixed_fraction,This is a bounded computational sample. It does not prove the complete associate-class structure of the infinite monoid.
765,653/16,1,653/16,1,mixed_fraction,This is a bounded computational sample. It does not prove the complete associate-class structure of the infinite monoid.
766,653/32,1,653/32,1,mixed_fraction,This is a bounded computational sample. It does not prove the complete associate-class structure of the infinite monoid.
767,655/16,1,655/16,1,mixed_fraction,This is a bounded computational sample. It does not prove the complete associate-class structure of the infinite monoid.
768,655/32,1,655/32,1,mixed_fraction,This is a bounded computational sample. It does not prove the complete associate-class structure of the infinite monoid.
769,657/16,1,657/16,1,mixed_fraction,This is a bounded computational sample. It does not prove the complete associate-class structure of the infinite monoid.
770,657/32,1,657/32,1,mixed_fraction,This is a bounded computational sample. It does not prove the complete associate-class structure of the infinite monoid.
771,659/16,1,659/16,1,mixed_fraction,This is a bounded computational sample. It does not prove the complete associate-class structure of the infinite monoid.
772,659/32,1,659/32,1,mixed_fraction,This is a bounded computational sample. It does not prove the complete associate-class structure of the infinite monoid.
773,661/16,1,661/16,1,mixed_fraction,This is a bounded computational sample. It does not prove the complete associate-class structure of the infinite monoid.
774,661/32,1,661/32,1,mixed_fraction,This is a bounded computational sample. It does not prove the complete associate-class structure of the infinite monoid.
775,663/16,1,663/16,1,mixed_fraction,This is a bounded computational sample. It does not prove the complete associate-class structure of the infinite monoid.
776,663/32,1,663/32,1,mixed_fraction,This is a bounded computational sample. It does not prove the complete associate-class structure of the infinite monoid.
777,665/16,1,665/16,1,mixed_fraction,This is a bounded computational sample. It does not prove the complete associate-class structure of the infinite monoid.
778,665/32,1,665/32,1,mixed_fraction,This is a bounded computational sample. It does not prove the complete associate-class structure of the infinite monoid.
779,667/16,1,667/16,1,mixed_fraction,This is a bounded computational sample. It does not prove the complete associate-class structure of the infinite monoid.
780,667/32,1,667/32,1,mixed_fraction,This is a bounded computational sample. It does not prove the complete associate-class structure of the infinite monoid.
781,669/16,1,669/16,1,mixed_fraction,This is a bounded computational sample. It does not prove the complete associate-class structure of the infinite monoid.
782,669/32,1,669/32,1,mixed_fraction,This is a bounded computational sample. It does not prove the complete associate-class structure of the infinite monoid.
783,671/16,1,671/16,1,mixed_fraction,This is a bounded computational sample. It does not prove the complete associate-class structure of the infinite monoid.
784,671/32,1,671/32,1,mixed_fraction,This is a bounded computational sample. It does not prove the complete associate-class structure of the infinite monoid.
785,673/16,1,673/16,1,mixed_fraction,This is a bounded computational sample. It does not prove the complete associate-class structure of the infinite monoid.
786,673/32,1,673/32,1,mixed_fraction,This is a bounded computational sample. It does not prove the complete associate-class structure of the infinite monoid.
787,675/16,1,675/16,1,mixed_fraction,This is a bounded computational sample. It does not prove the complete associate-class structure of the infinite monoid.
788,675/32,1,675/32,1,mixed_fraction,This is a bounded computational sample. It does not prove the complete associate-class structure of the infinite monoid.
789,677/16,1,677/16,1,mixed_fraction,This is a bounded computational sample. It does not prove the complete associate-class structure of the infinite monoid.
790,677/32,1,677/32,1,mixed_fraction,This is a bounded computational sample. It does not prove the complete associate-class structure of the infinite monoid.
791,679/16,1,679/16,1,mixed_fraction,This is a bounded computational sample. It does not prove the complete associate-class structure of the infinite monoid.
792,679/32,1,679/32,1,mixed_fraction,This is a bounded computational sample. It does not prove the complete associate-class structure of the infinite monoid.
793,681/16,1,681/16,1,mixed_fraction,This is a bounded computational sample. It does not prove the complete associate-class structure of the infinite monoid.
794,681/32,1,681/32,1,mixed_fraction,This is a bounded computational sample. It does not prove the complete associate-class structure of the infinite monoid.
795,683/16,1,683/16,1,mixed_fraction,This is a bounded computational sample. It does not prove the complete associate-class structure of the infinite monoid.
796,683/32,1,683/32,1,mixed_fraction,This is a bounded computational sample. It does not prove the complete associate-class structure of the infinite monoid.
797,685/16,1,685/16,1,mixed_fraction,This is a bounded computational sample. It does not prove the complete associate-class structure of the infinite monoid.
798,685/32,1,685/32,1,mixed_fraction,This is a bounded computational sample. It does not prove the complete associate-class structure of the infinite monoid.
799,687/16,1,687/16,1,mixed_fraction,This is a bounded computational sample. It does not prove the complete associate-class structure of the infinite monoid.
800,687/32,1,687/32,1,mixed_fraction,This is a bounded computational sample. It does not prove the complete associate-class structure of the infinite monoid.
801,689/16,1,689/16,1,mixed_fraction,This is a bounded computational sample. It does not prove the complete associate-class structure of the infinite monoid.
802,689/32,1,689/32,1,mixed_fraction,This is a bounded computational sample. It does not prove the complete associate-class structure of the infinite monoid.
803,691/16,1,691/16,1,mixed_fraction,This is a bounded computational sample. It does not prove the complete associate-class structure of the infinite monoid.
804,691/32,1,691/32,1,mixed_fraction,This is a bounded computational sample. It does not prove the complete associate-class structure of the infinite monoid.
805,693/16,1,693/16,1,mixed_fraction,This is a bounded computational sample. It does not prove the complete associate-class structure of the infinite monoid.
806,693/32,1,693/32,1,mixed_fraction,This is a bounded computational sample. It does not prove the complete associate-class structure of the infinite monoid.
807,695/16,1,695/16,1,mixed_fraction,This is a bounded computational sample. It does not prove the complete associate-class structure of the infinite monoid.
808,695/32,1,695/32,1,mixed_fraction,This is a bounded computational sample. It does not prove the complete associate-class structure of the infinite monoid.
809,697/32,1,697/32,1,mixed_fraction,This is a bounded computational sample. It does not prove the complete associate-class structure of the infinite monoid.
810,699/16,1,699/16,1,mixed_fraction,This is a bounded computational sample. It does not prove the complete associate-class structure of the infinite monoid.
811,699/32,1,699/32,1,mixed_fraction,This is a bounded computational sample. It does not prove the complete associate-class structure of the infinite monoid.
812,701/16,1,701/16,1,mixed_fraction,This is a bounded computational sample. It does not prove the complete associate-class structure of the infinite monoid.
813,701/32,1,701/32,1,mixed_fraction,This is a bounded computational sample. It does not prove the complete associate-class structure of the infinite monoid.
814,703/16,1,703/16,1,mixed_fraction,This is a bounded computational sample. It does not prove the complete associate-class structure of the infinite monoid.
815,703/32,1,703/32,1,mixed_fraction,This is a bounded computational sample. It does not prove the complete associate-class structure of the infinite monoid.
816,705/16,1,705/16,1,mixed_fraction,This is a bounded computational sample. It does not prove the complete associate-class structure of the infinite monoid.
817,705/32,1,705/32,1,mixed_fraction,This is a bounded computational sample. It does not prove the complete associate-class structure of the infinite monoid.
818,707/16,1,707/16,1,mixed_fraction,This is a bounded computational sample. It does not prove the complete associate-class structure of the infinite monoid.
819,707/32,1,707/32,1,mixed_fraction,This is a bounded computational sample. It does not prove the complete associate-class structure of the infinite monoid.
820,709/16,1,709/16,1,mixed_fraction,This is a bounded computational sample. It does not prove the complete associate-class structure of the infinite monoid.
821,709/32,1,709/32,1,mixed_fraction,This is a bounded computational sample. It does not prove the complete associate-class structure of the infinite monoid.
822,711/16,1,711/16,1,mixed_fraction,This is a bounded computational sample. It does not prove the complete associate-class structure of the infinite monoid.
823,711/32,1,711/32,1,mixed_fraction,This is a bounded computational sample. It does not prove the complete associate-class structure of the infinite monoid.
824,713/32,1,713/32,1,mixed_fraction,This is a bounded computational sample. It does not prove the complete associate-class structure of the infinite monoid.
825,715/16,1,715/16,1,mixed_fraction,This is a bounded computational sample. It does not prove the complete associate-class structure of the infinite monoid.
826,715/32,1,715/32,1,mixed_fraction,This is a bounded computational sample. It does not prove the complete associate-class structure of the infinite monoid.
827,717/16,1,717/16,1,mixed_fraction,This is a bounded computational sample. It does not prove the complete associate-class structure of the infinite monoid.
828,717/32,1,717/32,1,mixed_fraction,This is a bounded computational sample. It does not prove the complete associate-class structure of the infinite monoid.
829,719/16,1,719/16,1,mixed_fraction,This is a bounded computational sample. It does not prove the complete associate-class structure of the infinite monoid.
830,719/32,1,719/32,1,mixed_fraction,This is a bounded computational sample. It does not prove the complete associate-class structure of the infinite monoid.
831,721/32,1,721/32,1,mixed_fraction,This is a bounded computational sample. It does not prove the complete associate-class structure of the infinite monoid.
832,723/16,1,723/16,1,mixed_fraction,This is a bounded computational sample. It does not prove the complete associate-class structure of the infinite monoid.
833,723/32,1,723/32,1,mixed_fraction,This is a bounded computational sample. It does not prove the complete associate-class structure of the infinite monoid.
834,725/16,1,725/16,1,mixed_fraction,This is a bounded computational sample. It does not prove the complete associate-class structure of the infinite monoid.
835,725/32,1,725/32,1,mixed_fraction,This is a bounded computational sample. It does not prove the complete associate-class structure of the infinite monoid.
836,727/16,1,727/16,1,mixed_fraction,This is a bounded computational sample. It does not prove the complete associate-class structure of the infinite monoid.
837,727/32,1,727/32,1,mixed_fraction,This is a bounded computational sample. It does not prove the complete associate-class structure of the infinite monoid.
838,729/32,1,729/32,1,mixed_fraction,This is a bounded computational sample. It does not prove the complete associate-class structure of the infinite monoid.
839,731/16,1,731/16,1,mixed_fraction,This is a bounded computational sample. It does not prove the complete associate-class structure of the infinite monoid.
840,731/32,1,731/32,1,mixed_fraction,This is a bounded computational sample. It does not prove the complete associate-class structure of the infinite monoid.
841,733/32,1,733/32,1,mixed_fraction,This is a bounded computational sample. It does not prove the complete associate-class structure of the infinite monoid.
842,735/16,1,735/16,1,mixed_fraction,This is a bounded computational sample. It does not prove the complete associate-class structure of the infinite monoid.
843,735/32,1,735/32,1,mixed_fraction,This is a bounded computational sample. It does not prove the complete associate-class structure of the infinite monoid.
844,737/32,1,737/32,1,mixed_fraction,This is a bounded computational sample. It does not prove the complete associate-class structure of the infinite monoid.
845,739/16,1,739/16,1,mixed_fraction,This is a bounded computational sample. It does not prove the complete associate-class structure of the infinite monoid.
846,739/32,1,739/32,1,mixed_fraction,This is a bounded computational sample. It does not prove the complete associate-class structure of the infinite monoid.
847,741/16,1,741/16,1,mixed_fraction,This is a bounded computational sample. It does not prove the complete associate-class structure of the infinite monoid.
848,741/32,1,741/32,1,mixed_fraction,This is a bounded computational sample. It does not prove the complete associate-class structure of the infinite monoid.
849,743/16,1,743/16,1,mixed_fraction,This is a bounded computational sample. It does not prove the complete associate-class structure of the infinite monoid.
850,743/32,1,743/32,1,mixed_fraction,This is a bounded computational sample. It does not prove the complete associate-class structure of the infinite monoid.
851,745/32,1,745/32,1,mixed_fraction,This is a bounded computational sample. It does not prove the complete associate-class structure of the infinite monoid.
852,747/16,1,747/16,1,mixed_fraction,This is a bounded computational sample. It does not prove the complete associate-class structure of the infinite monoid.
853,747/32,1,747/32,1,mixed_fraction,This is a bounded computational sample. It does not prove the complete associate-class structure of the infinite monoid.
854,749/32,1,749/32,1,mixed_fraction,This is a bounded computational sample. It does not prove the complete associate-class structure of the infinite monoid.
855,751/32,1,751/32,1,mixed_fraction,This is a bounded computational sample. It does not prove the complete associate-class structure of the infinite monoid.
856,753/32,1,753/32,1,mixed_fraction,This is a bounded computational sample. It does not prove the complete associate-class structure of the infinite monoid.
857,755/16,1,755/16,1,mixed_fraction,This is a bounded computational sample. It does not prove the complete associate-class structure of the infinite monoid.
858,755/32,1,755/32,1,mixed_fraction,This is a bounded computational sample. It does not prove the complete associate-class structure of the infinite monoid.
859,757/32,1,757/32,1,mixed_fraction,This is a bounded computational sample. It does not prove the complete associate-class structure of the infinite monoid.
860,759/16,1,759/16,1,mixed_fraction,This is a bounded computational sample. It does not prove the complete associate-class structure of the infinite monoid.
861,759/32,1,759/32,1,mixed_fraction,This is a bounded computational sample. It does not prove the complete associate-class structure of the infinite monoid.
862,761/32,1,761/32,1,mixed_fraction,This is a bounded computational sample. It does not prove the complete associate-class structure of the infinite monoid.
863,763/16,1,763/16,1,mixed_fraction,This is a bounded computational sample. It does not prove the complete associate-class structure of the infinite monoid.
864,763/32,1,763/32,1,mixed_fraction,This is a bounded computational sample. It does not prove the complete associate-class structure of the infinite monoid.
865,765/32,1,765/32,1,mixed_fraction,This is a bounded computational sample. It does not prove the complete associate-class structure of the infinite monoid.
866,767/32,1,767/32,1,mixed_fraction,This is a bounded computational sample. It does not prove the complete associate-class structure of the infinite monoid.
867,769/32,1,769/32,1,mixed_fraction,This is a bounded computational sample. It does not prove the complete associate-class structure of the infinite monoid.
868,771/16,1,771/16,1,mixed_fraction,This is a bounded computational sample. It does not prove the complete associate-class structure of the infinite monoid.
869,771/32,1,771/32,1,mixed_fraction,This is a bounded computational sample. It does not prove the complete associate-class structure of the infinite monoid.
870,773/32,1,773/32,1,mixed_fraction,This is a bounded computational sample. It does not prove the complete associate-class structure of the infinite monoid.
871,775/32,1,775/32,1,mixed_fraction,This is a bounded computational sample. It does not prove the complete associate-class structure of the infinite monoid.
872,777/32,1,777/32,1,mixed_fraction,This is a bounded computational sample. It does not prove the complete associate-class structure of the infinite monoid.
873,779/16,1,779/16,1,mixed_fraction,This is a bounded computational sample. It does not prove the complete associate-class structure of the infinite monoid.
874,779/32,1,779/32,1,mixed_fraction,This is a bounded computational sample. It does not prove the complete associate-class structure of the infinite monoid.
875,781/32,1,781/32,1,mixed_fraction,This is a bounded computational sample. It does not prove the complete associate-class structure of the infinite monoid.
876,783/32,1,783/32,1,mixed_fraction,This is a bounded computational sample. It does not prove the complete associate-class structure of the infinite monoid.
877,785/32,1,785/32,1,mixed_fraction,This is a bounded computational sample. It does not prove the complete associate-class structure of the infinite monoid.
878,787/32,1,787/32,1,mixed_fraction,This is a bounded computational sample. It does not prove the complete associate-class structure of the infinite monoid.
879,789/32,1,789/32,1,mixed_fraction,This is a bounded computational sample. It does not prove the complete associate-class structure of the infinite monoid.
880,791/32,1,791/32,1,mixed_fraction,This is a bounded computational sample. It does not prove the complete associate-class structure of the infinite monoid.
881,793/32,1,793/32,1,mixed_fraction,This is a bounded computational sample. It does not prove the complete associate-class structure of the infinite monoid.
882,795/16,1,795/16,1,mixed_fraction,This is a bounded computational sample. It does not prove the complete associate-class structure of the infinite monoid.
883,795/32,1,795/32,1,mixed_fraction,This is a bounded computational sample. It does not prove the complete associate-class structure of the infinite monoid.
884,797/32,1,797/32,1,mixed_fraction,This is a bounded computational sample. It does not prove the complete associate-class structure of the infinite monoid.
885,799/32,1,799/32,1,mixed_fraction,This is a bounded computational sample. It does not prove the complete associate-class structure of the infinite monoid.
886,801/32,1,801/32,1,mixed_fraction,This is a bounded computational sample. It does not prove the complete associate-class structure of the infinite monoid.
887,803/32,1,803/32,1,mixed_fraction,This is a bounded computational sample. It does not prove the complete associate-class structure of the infinite monoid.
888,805/32,1,805/32,1,mixed_fraction,This is a bounded computational sample. It does not prove the complete associate-class structure of the infinite monoid.
889,807/32,1,807/32,1,mixed_fraction,This is a bounded computational sample. It does not prove the complete associate-class structure of the infinite monoid.
890,809/32,1,809/32,1,mixed_fraction,This is a bounded computational sample. It does not prove the complete associate-class structure of the infinite monoid.
891,811/32,1,811/32,1,mixed_fraction,This is a bounded computational sample. It does not prove the complete associate-class structure of the infinite monoid.
892,813/32,1,813/32,1,mixed_fraction,This is a bounded computational sample. It does not prove the complete associate-class structure of the infinite monoid.
893,815/32,1,815/32,1,mixed_fraction,This is a bounded computational sample. It does not prove the complete associate-class structure of the infinite monoid.
894,817/32,1,817/32,1,mixed_fraction,This is a bounded computational sample. It does not prove the complete associate-class structure of the infinite monoid.
895,819/32,1,819/32,1,mixed_fraction,This is a bounded computational sample. It does not prove the complete associate-class structure of the infinite monoid.
896,821/32,1,821/32,1,mixed_fraction,This is a bounded computational sample. It does not prove the complete associate-class structure of the infinite monoid.
897,823/32,1,823/32,1,mixed_fraction,This is a bounded computational sample. It does not prove the complete associate-class structure of the infinite monoid.
898,825/32,1,825/32,1,mixed_fraction,This is a bounded computational sample. It does not prove the complete associate-class structure of the infinite monoid.
899,827/32,1,827/32,1,mixed_fraction,This is a bounded computational sample. It does not prove the complete associate-class structure of the infinite monoid.
900,829/32,1,829/32,1,mixed_fraction,This is a bounded computational sample. It does not prove the complete associate-class structure of the infinite monoid.
901,831/32,1,831/32,1,mixed_fraction,This is a bounded computational sample. It does not prove the complete associate-class structure of the infinite monoid.
902,833/32,1,833/32,1,mixed_fraction,This is a bounded computational sample. It does not prove the complete associate-class structure of the infinite monoid.
903,835/32,1,835/32,1,mixed_fraction,This is a bounded computational sample. It does not prove the complete associate-class structure of the infinite monoid.
904,837/32,1,837/32,1,mixed_fraction,This is a bounded computational sample. It does not prove the complete associate-class structure of the infinite monoid.
905,839/32,1,839/32,1,mixed_fraction,This is a bounded computational sample. It does not prove the complete associate-class structure of the infinite monoid.
906,841/32,1,841/32,1,mixed_fraction,This is a bounded computational sample. It does not prove the complete associate-class structure of the infinite monoid.
907,843/32,1,843/32,1,mixed_fraction,This is a bounded computational sample. It does not prove the complete associate-class structure of the infinite monoid.
908,845/32,1,845/32,1,mixed_fraction,This is a bounded computational sample. It does not prove the complete associate-class structure of the infinite monoid.
909,847/32,1,847/32,1,mixed_fraction,This is a bounded computational sample. It does not prove the complete associate-class structure of the infinite monoid.
910,849/32,1,849/32,1,mixed_fraction,This is a bounded computational sample. It does not prove the complete associate-class structure of the infinite monoid.
911,851/32,1,851/32,1,mixed_fraction,This is a bounded computational sample. It does not prove the complete associate-class structure of the infinite monoid.
912,853/32,1,853/32,1,mixed_fraction,This is a bounded computational sample. It does not prove the complete associate-class structure of the infinite monoid.
913,855/32,1,855/32,1,mixed_fraction,This is a bounded computational sample. It does not prove the complete associate-class structure of the infinite monoid.
914,857/32,1,857/32,1,mixed_fraction,This is a bounded computational sample. It does not prove the complete associate-class structure of the infinite monoid.
915,859/32,1,859/32,1,mixed_fraction,This is a bounded computational sample. It does not prove the complete associate-class structure of the infinite monoid.
916,861/32,1,861/32,1,mixed_fraction,This is a bounded computational sample. It does not prove the complete associate-class structure of the infinite monoid.
917,863/32,1,863/32,1,mixed_fraction,This is a bounded computational sample. It does not prove the complete associate-class structure of the infinite monoid.
918,865/32,1,865/32,1,mixed_fraction,This is a bounded computational sample. It does not prove the complete associate-class structure of the infinite monoid.
919,867/32,1,867/32,1,mixed_fraction,This is a bounded computational sample. It does not prove the complete associate-class structure of the infinite monoid.
920,869/32,1,869/32,1,mixed_fraction,This is a bounded computational sample. It does not prove the complete associate-class structure of the infinite monoid.
921,871/32,1,871/32,1,mixed_fraction,This is a bounded computational sample. It does not prove the complete associate-class structure of the infinite monoid.
922,873/32,1,873/32,1,mixed_fraction,This is a bounded computational sample. It does not prove the complete associate-class structure of the infinite monoid.
923,875/32,1,875/32,1,mixed_fraction,This is a bounded computational sample. It does not prove the complete associate-class structure of the infinite monoid.
924,877/32,1,877/32,1,mixed_fraction,This is a bounded computational sample. It does not prove the complete associate-class structure of the infinite monoid.
925,879/32,1,879/32,1,mixed_fraction,This is a bounded computational sample. It does not prove the complete associate-class structure of the infinite monoid.
926,881/32,1,881/32,1,mixed_fraction,This is a bounded computational sample. It does not prove the complete associate-class structure of the infinite monoid.
927,883/32,1,883/32,1,mixed_fraction,This is a bounded computational sample. It does not prove the complete associate-class structure of the infinite monoid.
928,885/32,1,885/32,1,mixed_fraction,This is a bounded computational sample. It does not prove the complete associate-class structure of the infinite monoid.
929,887/32,1,887/32,1,mixed_fraction,This is a bounded computational sample. It does not prove the complete associate-class structure of the infinite monoid.
930,889/32,1,889/32,1,mixed_fraction,This is a bounded computational sample. It does not prove the complete associate-class structure of the infinite monoid.
931,891/32,1,891/32,1,mixed_fraction,This is a bounded computational sample. It does not prove the complete associate-class structure of the infinite monoid.
932,893/32,1,893/32,1,mixed_fraction,This is a bounded computational sample. It does not prove the complete associate-class structure of the infinite monoid.
933,895/32,1,895/32,1,mixed_fraction,This is a bounded computational sample. It does not prove the complete associate-class structure of the infinite monoid.
934,897/32,1,897/32,1,mixed_fraction,This is a bounded computational sample. It does not prove the complete associate-class structure of the infinite monoid.
935,899/32,1,899/32,1,mixed_fraction,This is a bounded computational sample. It does not prove the complete associate-class structure of the infinite monoid.
936,901/32,1,901/32,1,mixed_fraction,This is a bounded computational sample. It does not prove the complete associate-class structure of the infinite monoid.
937,903/32,1,903/32,1,mixed_fraction,This is a bounded computational sample. It does not prove the complete associate-class structure of the infinite monoid.
938,905/32,1,905/32,1,mixed_fraction,This is a bounded computational sample. It does not prove the complete associate-class structure of the infinite monoid.
939,907/32,1,907/32,1,mixed_fraction,This is a bounded computational sample. It does not prove the complete associate-class structure of the infinite monoid.
940,909/32,1,909/32,1,mixed_fraction,This is a bounded computational sample. It does not prove the complete associate-class structure of the infinite monoid.
941,911/32,1,911/32,1,mixed_fraction,This is a bounded computational sample. It does not prove the complete associate-class structure of the infinite monoid.
942,913/32,1,913/32,1,mixed_fraction,This is a bounded computational sample. It does not prove the complete associate-class structure of the infinite monoid.
943,915/32,1,915/32,1,mixed_fraction,This is a bounded computational sample. It does not prove the complete associate-class structure of the infinite monoid.
944,917/32,1,917/32,1,mixed_fraction,This is a bounded computational sample. It does not prove the complete associate-class structure of the infinite monoid.
945,919/32,1,919/32,1,mixed_fraction,This is a bounded computational sample. It does not prove the complete associate-class structure of the infinite monoid.
946,921/32,1,921/32,1,mixed_fraction,This is a bounded computational sample. It does not prove the complete associate-class structure of the infinite monoid.
947,923/32,1,923/32,1,mixed_fraction,This is a bounded computational sample. It does not prove the complete associate-class structure of the infinite monoid.
948,925/32,1,925/32,1,mixed_fraction,This is a bounded computational sample. It does not prove the complete associate-class structure of the infinite monoid.
949,927/32,1,927/32,1,mixed_fraction,This is a bounded computational sample. It does not prove the complete associate-class structure of the infinite monoid.
950,929/32,1,929/32,1,mixed_fraction,This is a bounded computational sample. It does not prove the complete associate-class structure of the infinite monoid.
951,931/32,1,931/32,1,mixed_fraction,This is a bounded computational sample. It does not prove the complete associate-class structure of the infinite monoid.
952,933/32,1,933/32,1,mixed_fraction,This is a bounded computational sample. It does not prove the complete associate-class structure of the infinite monoid.
953,935/32,1,935/32,1,mixed_fraction,This is a bounded computational sample. It does not prove the complete associate-class structure of the infinite monoid.
954,937/32,1,937/32,1,mixed_fraction,This is a bounded computational sample. It does not prove the complete associate-class structure of the infinite monoid.
955,939/32,1,939/32,1,mixed_fraction,This is a bounded computational sample. It does not prove the complete associate-class structure of the infinite monoid.
956,941/32,1,941/32,1,mixed_fraction,This is a bounded computational sample. It does not prove the complete associate-class structure of the infinite monoid.
957,943/32,1,943/32,1,mixed_fraction,This is a bounded computational sample. It does not prove the complete associate-class structure of the infinite monoid.
958,945/32,1,945/32,1,mixed_fraction,This is a bounded computational sample. It does not prove the complete associate-class structure of the infinite monoid.
959,947/32,1,947/32,1,mixed_fraction,This is a bounded computational sample. It does not prove the complete associate-class structure of the infinite monoid.
960,949/32,1,949/32,1,mixed_fraction,This is a bounded computational sample. It does not prove the complete associate-class structure of the infinite monoid.
961,951/32,1,951/32,1,mixed_fraction,This is a bounded computational sample. It does not prove the complete associate-class structure of the infinite monoid.
962,953/32,1,953/32,1,mixed_fraction,This is a bounded computational sample. It does not prove the complete associate-class structure of the infinite monoid.
963,955/32,1,955/32,1,mixed_fraction,This is a bounded computational sample. It does not prove the complete associate-class structure of the infinite monoid.
964,957/32,1,957/32,1,mixed_fraction,This is a bounded computational sample. It does not prove the complete associate-class structure of the infinite monoid.
965,959/32,1,959/32,1,mixed_fraction,This is a bounded computational sample. It does not prove the complete associate-class structure of the infinite monoid.
966,961/32,1,961/32,1,mixed_fraction,This is a bounded computational sample. It does not prove the complete associate-class structure of the infinite monoid.
967,963/32,1,963/32,1,mixed_fraction,This is a bounded computational sample. It does not prove the complete associate-class structure of the infinite monoid.
968,965/32,1,965/32,1,mixed_fraction,This is a bounded computational sample. It does not prove the complete associate-class structure of the infinite monoid.
969,967/32,1,967/32,1,mixed_fraction,This is a bounded computational sample. It does not prove the complete associate-class structure of the infinite monoid.
970,969/32,1,969/32,1,mixed_fraction,This is a bounded computational sample. It does not prove the complete associate-class structure of the infinite monoid.
971,971/32,1,971/32,1,mixed_fraction,This is a bounded computational sample. It does not prove the complete associate-class structure of the infinite monoid.
972,973/32,1,973/32,1,mixed_fraction,This is a bounded computational sample. It does not prove the complete associate-class structure of the infinite monoid.
973,975/32,1,975/32,1,mixed_fraction,This is a bounded computational sample. It does not prove the complete associate-class structure of the infinite monoid.
974,977/32,1,977/32,1,mixed_fraction,This is a bounded computational sample. It does not prove the complete associate-class structure of the infinite monoid.
975,979/32,1,979/32,1,mixed_fraction,This is a bounded computational sample. It does not prove the complete associate-class structure of the infinite monoid.
976,981/32,1,981/32,1,mixed_fraction,This is a bounded computational sample. It does not prove the complete associate-class structure of the infinite monoid.
977,983/32,1,983/32,1,mixed_fraction,This is a bounded computational sample. It does not prove the complete associate-class structure of the infinite monoid.
978,985/32,1,985/32,1,mixed_fraction,This is a bounded computational sample. It does not prove the complete associate-class structure of the infinite monoid.
979,987/32,1,987/32,1,mixed_fraction,This is a bounded computational sample. It does not prove the complete associate-class structure of the infinite monoid.
980,989/32,1,989/32,1,mixed_fraction,This is a bounded computational sample. It does not prove the complete associate-class structure of the infinite monoid.
981,991/32,1,991/32,1,mixed_fraction,This is a bounded computational sample. It does not prove the complete associate-class structure of the infinite monoid.
982,993/32,1,993/32,1,mixed_fraction,This is a bounded computational sample. It does not prove the complete associate-class structure of the infinite monoid.
983,995/32,1,995/32,1,mixed_fraction,This is a bounded computational sample. It does not prove the complete associate-class structure of the infinite monoid.
984,997/32,1,997/32,1,mixed_fraction,This is a bounded computational sample. It does not prove the complete associate-class structure of the infinite monoid.
985,999/32,1,999/32,1,mixed_fraction,This is a bounded computational sample. It does not prove the complete associate-class structure of the infinite monoid.
986,1001/32,1,1001/32,1,mixed_fraction,This is a bounded computational sample. It does not prove the complete associate-class structure of the infinite monoid.
987,1003/32,1,1003/32,1,mixed_fraction,This is a bounded computational sample. It does not prove the complete associate-class structure of the infinite monoid.
988,1005/32,1,1005/32,1,mixed_fraction,This is a bounded computational sample. It does not prove the complete associate-class structure of the infinite monoid.
989,1007/32,1,1007/32,1,mixed_fraction,This is a bounded computational sample. It does not prove the complete associate-class structure of the infinite monoid.
990,1009/32,1,1009/32,1,mixed_fraction,This is a bounded computational sample. It does not prove the complete associate-class structure of the infinite monoid.
991,1011/32,1,1011/32,1,mixed_fraction,This is a bounded computational sample. It does not prove the complete associate-class structure of the infinite monoid.
992,1013/32,1,1013/32,1,mixed_fraction,This is a bounded computational sample. It does not prove the complete associate-class structure of the infinite monoid.
993,1015/32,1,1015/32,1,mixed_fraction,This is a bounded computational sample. It does not prove the complete associate-class structure of the infinite monoid.
994,1017/32,1,1017/32,1,mixed_fraction,This is a bounded computational sample. It does not prove the complete associate-class structure of the infinite monoid.
995,1019/32,1,1019/32,1,mixed_fraction,This is a bounded computational sample. It does not prove the complete associate-class structure of the infinite monoid.
996,1021/32,1,1021/32,1,mixed_fraction,This is a bounded computational sample. It does not prove the complete associate-class structure of the infinite monoid.
997,1023/32,1,1023/32,1,mixed_fraction,This is a bounded computational sample. It does not prove the complete associate-class structure of the infinite monoid.
998,1025/32,1,1025/32,1,mixed_fraction,This is a bounded computational sample. It does not prove the complete associate-class structure of the infinite monoid.
999,1027/32,1,1027/32,1,mixed_fraction,This is a bounded computational sample. It does not prove the complete associate-class structure of the infinite monoid.
1000,1029/32,1,1029/32,1,mixed_fraction,This is a bounded computational sample. It does not prove the complete associate-class structure of the infinite monoid.
1001,1031/32,1,1031/32,1,mixed_fraction,This is a bounded computational sample. It does not prove the complete associate-class structure of the infinite monoid.
1002,1033/32,1,1033/32,1,mixed_fraction,This is a bounded computational sample. It does not prove the complete associate-class structure of the infinite monoid.
1003,1035/32,1,1035/32,1,mixed_fraction,This is a bounded computational sample. It does not prove the complete associate-class structure of the infinite monoid.
1004,1037/32,1,1037/32,1,mixed_fraction,This is a bounded computational sample. It does not prove the complete associate-class structure of the infinite monoid.
1005,1039/32,1,1039/32,1,mixed_fraction,This is a bounded computational sample. It does not prove the complete associate-class structure of the infinite monoid.
1006,1041/32,1,1041/32,1,mixed_fraction,This is a bounded computational sample. It does not prove the complete associate-class structure of the infinite monoid.
1007,1043/32,1,1043/32,1,mixed_fraction,This is a bounded computational sample. It does not prove the complete associate-class structure of the infinite monoid.
1008,1045/32,1,1045/32,1,mixed_fraction,This is a bounded computational sample. It does not prove the complete associate-class structure of the infinite monoid.
1009,1047/32,1,1047/32,1,mixed_fraction,This is a bounded computational sample. It does not prove the complete associate-class structure of the infinite monoid.
1010,1049/32,1,1049/32,1,mixed_fraction,This is a bounded computational sample. It does not prove the complete associate-class structure of the infinite monoid.
1011,1051/32,1,1051/32,1,mixed_fraction,This is a bounded computational sample. It does not prove the complete associate-class structure of the infinite monoid.
1012,1053/32,1,1053/32,1,mixed_fraction,This is a bounded computational sample. It does not prove the complete associate-class structure of the infinite monoid.
1013,1055/32,1,1055/32,1,mixed_fraction,This is a bounded computational sample. It does not prove the complete associate-class structure of the infinite monoid.
1014,1057/32,1,1057/32,1,mixed_fraction,This is a bounded computational sample. It does not prove the complete associate-class structure of the infinite monoid.
1015,1059/32,1,1059/32,1,mixed_fraction,This is a bounded computational sample. It does not prove the complete associate-class structure of the infinite monoid.
1016,1061/32,1,1061/32,1,mixed_fraction,This is a bounded computational sample. It does not prove the complete associate-class structure of the infinite monoid.
1017,1063/32,1,1063/32,1,mixed_fraction,This is a bounded computational sample. It does not prove the complete associate-class structure of the infinite monoid.
1018,1065/32,1,1065/32,1,mixed_fraction,This is a bounded computational sample. It does not prove the complete associate-class structure of the infinite monoid.
1019,1067/32,1,1067/32,1,mixed_fraction,This is a bounded computational sample. It does not prove the complete associate-class structure of the infinite monoid.
1020,1069/32,1,1069/32,1,mixed_fraction,This is a bounded computational sample. It does not prove the complete associate-class structure of the infinite monoid.
1021,1071/32,1,1071/32,1,mixed_fraction,This is a bounded computational sample. It does not prove the complete associate-class structure of the infinite monoid.
1022,1073/32,1,1073/32,1,mixed_fraction,This is a bounded computational sample. It does not prove the complete associate-class structure of the infinite monoid.
1023,1075/32,1,1075/32,1,mixed_fraction,This is a bounded computational sample. It does not prove the complete associate-class structure of the infinite monoid.
1024,1077/32,1,1077/32,1,mixed_fraction,This is a bounded computational sample. It does not prove the complete associate-class structure of the infinite monoid.
1025,1079/32,1,1079/32,1,mixed_fraction,This is a bounded computational sample. It does not prove the complete associate-class structure of the infinite monoid.
1026,1081/32,1,1081/32,1,mixed_fraction,This is a bounded computational sample. It does not prove the complete associate-class structure of the infinite monoid.
1027,1083/32,1,1083/32,1,mixed_fraction,This is a bounded computational sample. It does not prove the complete associate-class structure of the infinite monoid.
1028,1085/32,1,1085/32,1,mixed_fraction,This is a bounded computational sample. It does not prove the complete associate-class structure of the infinite monoid.
1029,1087/32,1,1087/32,1,mixed_fraction,This is a bounded computational sample. It does not prove the complete associate-class structure of the infinite monoid.
1030,1089/32,1,1089/32,1,mixed_fraction,This is a bounded computational sample. It does not prove the complete associate-class structure of the infinite monoid.
1031,1091/32,1,1091/32,1,mixed_fraction,This is a bounded computational sample. It does not prove the complete associate-class structure of the infinite monoid.
1032,1093/32,1,1093/32,1,mixed_fraction,This is a bounded computational sample. It does not prove the complete associate-class structure of the infinite monoid.
1033,1095/32,1,1095/32,1,mixed_fraction,This is a bounded computational sample. It does not prove the complete associate-class structure of the infinite monoid.
1034,1097/32,1,1097/32,1,mixed_fraction,This is a bounded computational sample. It does not prove the complete associate-class structure of the infinite monoid.
1035,1099/32,1,1099/32,1,mixed_fraction,This is a bounded computational sample. It does not prove the complete associate-class structure of the infinite monoid.
1036,1101/32,1,1101/32,1,mixed_fraction,This is a bounded computational sample. It does not prove the complete associate-class structure of the infinite monoid.
1037,1103/32,1,1103/32,1,mixed_fraction,This is a bounded computational sample. It does not prove the complete associate-class structure of the infinite monoid.
1038,1105/32,1,1105/32,1,mixed_fraction,This is a bounded computational sample. It does not prove the complete associate-class structure of the infinite monoid.
1039,1107/32,1,1107/32,1,mixed_fraction,This is a bounded computational sample. It does not prove the complete associate-class structure of the infinite monoid.
1040,1109/32,1,1109/32,1,mixed_fraction,This is a bounded computational sample. It does not prove the complete associate-class structure of the infinite monoid.
1041,1111/32,1,1111/32,1,mixed_fraction,This is a bounded computational sample. It does not prove the complete associate-class structure of the infinite monoid.
1042,1113/32,1,1113/32,1,mixed_fraction,This is a bounded computational sample. It does not prove the complete associate-class structure of the infinite monoid.
1043,1115/32,1,1115/32,1,mixed_fraction,This is a bounded computational sample. It does not prove the complete associate-class structure of the infinite monoid.
1044,1117/32,1,1117/32,1,mixed_fraction,This is a bounded computational sample. It does not prove the complete associate-class structure of the infinite monoid.
1045,1119/32,1,1119/32,1,mixed_fraction,This is a bounded computational sample. It does not prove the complete associate-class structure of the infinite monoid.
1046,1121/32,1,1121/32,1,mixed_fraction,This is a bounded computational sample. It does not prove the complete associate-class structure of the infinite monoid.
1047,1123/32,1,1123/32,1,mixed_fraction,This is a bounded computational sample. It does not prove the complete associate-class structure of the infinite monoid.
1048,1125/32,1,1125/32,1,mixed_fraction,This is a bounded computational sample. It does not prove the complete associate-class structure of the infinite monoid.
1049,1127/32,1,1127/32,1,mixed_fraction,This is a bounded computational sample. It does not prove the complete associate-class structure of the infinite monoid.
1050,1129/32,1,1129/32,1,mixed_fraction,This is a bounded computational sample. It does not prove the complete associate-class structure of the infinite monoid.
1051,1131/32,1,1131/32,1,mixed_fraction,This is a bounded computational sample. It does not prove the complete associate-class structure of the infinite monoid.
1052,1133/32,1,1133/32,1,mixed_fraction,This is a bounded computational sample. It does not prove the complete associate-class structure of the infinite monoid.
1053,1135/32,1,1135/32,1,mixed_fraction,This is a bounded computational sample. It does not prove the complete associate-class structure of the infinite monoid.
1054,1137/32,1,1137/32,1,mixed_fraction,This is a bounded computational sample. It does not prove the complete associate-class structure of the infinite monoid.
1055,1139/32,1,1139/32,1,mixed_fraction,This is a bounded computational sample. It does not prove the complete associate-class structure of the infinite monoid.
1056,1141/32,1,1141/32,1,mixed_fraction,This is a bounded computational sample. It does not prove the complete associate-class structure of the infinite monoid.
1057,1143/32,1,1143/32,1,mixed_fraction,This is a bounded computational sample. It does not prove the complete associate-class structure of the infinite monoid.
1058,1145/32,1,1145/32,1,mixed_fraction,This is a bounded computational sample. It does not prove the complete associate-class structure of the infinite monoid.
1059,1147/32,1,1147/32,1,mixed_fraction,This is a bounded computational sample. It does not prove the complete associate-class structure of the infinite monoid.
1060,1149/32,1,1149/32,1,mixed_fraction,This is a bounded computational sample. It does not prove the complete associate-class structure of the infinite monoid.
1061,1151/32,1,1151/32,1,mixed_fraction,This is a bounded computational sample. It does not prove the complete associate-class structure of the infinite monoid.
1062,1153/32,1,1153/32,1,mixed_fraction,This is a bounded computational sample. It does not prove the complete associate-class structure of the infinite monoid.
1063,1155/32,1,1155/32,1,mixed_fraction,This is a bounded computational sample. It does not prove the complete associate-class structure of the infinite monoid.
1064,1157/32,1,1157/32,1,mixed_fraction,This is a bounded computational sample. It does not prove the complete associate-class structure of the infinite monoid.
1065,1159/32,1,1159/32,1,mixed_fraction,This is a bounded computational sample. It does not prove the complete associate-class structure of the infinite monoid.
1066,1161/32,1,1161/32,1,mixed_fraction,This is a bounded computational sample. It does not prove the complete associate-class structure of the infinite monoid.
1067,1163/32,1,1163/32,1,mixed_fraction,This is a bounded computational sample. It does not prove the complete associate-class structure of the infinite monoid.
1068,1165/32,1,1165/32,1,mixed_fraction,This is a bounded computational sample. It does not prove the complete associate-class structure of the infinite monoid.
1069,1167/32,1,1167/32,1,mixed_fraction,This is a bounded computational sample. It does not prove the complete associate-class structure of the infinite monoid.
1070,1169/32,1,1169/32,1,mixed_fraction,This is a bounded computational sample. It does not prove the complete associate-class structure of the infinite monoid.
1071,1171/32,1,1171/32,1,mixed_fraction,This is a bounded computational sample. It does not prove the complete associate-class structure of the infinite monoid.
1072,1173/32,1,1173/32,1,mixed_fraction,This is a bounded computational sample. It does not prove the complete associate-class structure of the infinite monoid.
1073,1175/32,1,1175/32,1,mixed_fraction,This is a bounded computational sample. It does not prove the complete associate-class structure of the infinite monoid.
1074,1177/32,1,1177/32,1,mixed_fraction,This is a bounded computational sample. It does not prove the complete associate-class structure of the infinite monoid.
1075,1179/32,1,1179/32,1,mixed_fraction,This is a bounded computational sample. It does not prove the complete associate-class structure of the infinite monoid.
1076,1181/32,1,1181/32,1,mixed_fraction,This is a bounded computational sample. It does not prove the complete associate-class structure of the infinite monoid.
1077,1183/32,1,1183/32,1,mixed_fraction,This is a bounded computational sample. It does not prove the complete associate-class structure of the infinite monoid.
1078,1185/32,1,1185/32,1,mixed_fraction,This is a bounded computational sample. It does not prove the complete associate-class structure of the infinite monoid.
1079,1187/32,1,1187/32,1,mixed_fraction,This is a bounded computational sample. It does not prove the complete associate-class structure of the infinite monoid.
1080,1189/32,1,1189/32,1,mixed_fraction,This is a bounded computational sample. It does not prove the complete associate-class structure of the infinite monoid.
1081,1191/32,1,1191/32,1,mixed_fraction,This is a bounded computational sample. It does not prove the complete associate-class structure of the infinite monoid.
1082,1193/32,1,1193/32,1,mixed_fraction,This is a bounded computational sample. It does not prove the complete associate-class structure of the infinite monoid.
1083,1195/32,1,1195/32,1,mixed_fraction,This is a bounded computational sample. It does not prove the complete associate-class structure of the infinite monoid.
1084,1197/32,1,1197/32,1,mixed_fraction,This is a bounded computational sample. It does not prove the complete associate-class structure of the infinite monoid.
1085,1199/32,1,1199/32,1,mixed_fraction,This is a bounded computational sample. It does not prove the complete associate-class structure of the infinite monoid.
1086,1201/32,1,1201/32,1,mixed_fraction,This is a bounded computational sample. It does not prove the complete associate-class structure of the infinite monoid.
1087,1203/32,1,1203/32,1,mixed_fraction,This is a bounded computational sample. It does not prove the complete associate-class structure of the infinite monoid.
1088,1205/32,1,1205/32,1,mixed_fraction,This is a bounded computational sample. It does not prove the complete associate-class structure of the infinite monoid.
1089,1207/32,1,1207/32,1,mixed_fraction,This is a bounded computational sample. It does not prove the complete associate-class structure of the infinite monoid.
1090,1209/32,1,1209/32,1,mixed_fraction,This is a bounded computational sample. It does not prove the complete associate-class structure of the infinite monoid.
1091,1211/32,1,1211/32,1,mixed_fraction,This is a bounded computational sample. It does not prove the complete associate-class structure of the infinite monoid.
1092,1213/32,1,1213/32,1,mixed_fraction,This is a bounded computational sample. It does not prove the complete associate-class structure of the infinite monoid.
1093,1215/32,1,1215/32,1,mixed_fraction,This is a bounded computational sample. It does not prove the complete associate-class structure of the infinite monoid.
1094,1217/32,1,1217/32,1,mixed_fraction,This is a bounded computational sample. It does not prove the complete associate-class structure of the infinite monoid.
1095,1219/32,1,1219/32,1,mixed_fraction,This is a bounded computational sample. It does not prove the complete associate-class structure of the infinite monoid.
1096,1221/32,1,1221/32,1,mixed_fraction,This is a bounded computational sample. It does not prove the complete associate-class structure of the infinite monoid.
1097,1223/32,1,1223/32,1,mixed_fraction,This is a bounded computational sample. It does not prove the complete associate-class structure of the infinite monoid.
1098,1225/32,1,1225/32,1,mixed_fraction,This is a bounded computational sample. It does not prove the complete associate-class structure of the infinite monoid.
1099,1227/32,1,1227/32,1,mixed_fraction,This is a bounded computational sample. It does not prove the complete associate-class structure of the infinite monoid.
1100,1229/32,1,1229/32,1,mixed_fraction,This is a bounded computational sample. It does not prove the complete associate-class structure of the infinite monoid.
1101,1231/32,1,1231/32,1,mixed_fraction,This is a bounded computational sample. It does not prove the complete associate-class structure of the infinite monoid.
1102,1233/32,1,1233/32,1,mixed_fraction,This is a bounded computational sample. It does not prove the complete associate-class structure of the infinite monoid.
1103,1235/32,1,1235/32,1,mixed_fraction,This is a bounded computational sample. It does not prove the complete associate-class structure of the infinite monoid.
1104,1237/32,1,1237/32,1,mixed_fraction,This is a bounded computational sample. It does not prove the complete associate-class structure of the infinite monoid.
1105,1239/32,1,1239/32,1,mixed_fraction,This is a bounded computational sample. It does not prove the complete associate-class structure of the infinite monoid.
1106,1241/32,1,1241/32,1,mixed_fraction,This is a bounded computational sample. It does not prove the complete associate-class structure of the infinite monoid.
1107,1243/32,1,1243/32,1,mixed_fraction,This is a bounded computational sample. It does not prove the complete associate-class structure of the infinite monoid.
1108,1245/32,1,1245/32,1,mixed_fraction,This is a bounded computational sample. It does not prove the complete associate-class structure of the infinite monoid.
1109,1247/32,1,1247/32,1,mixed_fraction,This is a bounded computational sample. It does not prove the complete associate-class structure of the infinite monoid.
1110,1249/32,1,1249/32,1,mixed_fraction,This is a bounded computational sample. It does not prove the complete associate-class structure of the infinite monoid.
1111,1251/32,1,1251/32,1,mixed_fraction,This is a bounded computational sample. It does not prove the complete associate-class structure of the infinite monoid.
1112,1253/32,1,1253/32,1,mixed_fraction,This is a bounded computational sample. It does not prove the complete associate-class structure of the infinite monoid.
1113,1255/32,1,1255/32,1,mixed_fraction,This is a bounded computational sample. It does not prove the complete associate-class structure of the infinite monoid.
1114,1257/32,1,1257/32,1,mixed_fraction,This is a bounded computational sample. It does not prove the complete associate-class structure of the infinite monoid.
1115,1259/32,1,1259/32,1,mixed_fraction,This is a bounded computational sample. It does not prove the complete associate-class structure of the infinite monoid.
1116,1261/32,1,1261/32,1,mixed_fraction,This is a bounded computational sample. It does not prove the complete associate-class structure of the infinite monoid.
1117,1263/32,1,1263/32,1,mixed_fraction,This is a bounded computational sample. It does not prove the complete associate-class structure of the infinite monoid.
1118,1265/32,1,1265/32,1,mixed_fraction,This is a bounded computational sample. It does not prove the complete associate-class structure of the infinite monoid.
1119,1267/32,1,1267/32,1,mixed_fraction,This is a bounded computational sample. It does not prove the complete associate-class structure of the infinite monoid.
1120,1269/32,1,1269/32,1,mixed_fraction,This is a bounded computational sample. It does not prove the complete associate-class structure of the infinite monoid.
1121,1271/32,1,1271/32,1,mixed_fraction,This is a bounded computational sample. It does not prove the complete associate-class structure of the infinite monoid.
1122,1273/32,1,1273/32,1,mixed_fraction,This is a bounded computational sample. It does not prove the complete associate-class structure of the infinite monoid.
1123,1275/32,1,1275/32,1,mixed_fraction,This is a bounded computational sample. It does not prove the complete associate-class structure of the infinite monoid.
1124,1277/32,1,1277/32,1,mixed_fraction,This is a bounded computational sample. It does not prove the complete associate-class structure of the infinite monoid.
1125,1279/32,1,1279/32,1,mixed_fraction,This is a bounded computational sample. It does not prove the complete associate-class structure of the infinite monoid.
1126,1281/32,1,1281/32,1,mixed_fraction,This is a bounded computational sample. It does not prove the complete associate-class structure of the infinite monoid.
1127,1283/32,1,1283/32,1,mixed_fraction,This is a bounded computational sample. It does not prove the complete associate-class structure of the infinite monoid.
1128,1285/32,1,1285/32,1,mixed_fraction,This is a bounded computational sample. It does not prove the complete associate-class structure of the infinite monoid.
1129,1287/32,1,1287/32,1,mixed_fraction,This is a bounded computational sample. It does not prove the complete associate-class structure of the infinite monoid.
1130,1289/32,1,1289/32,1,mixed_fraction,This is a bounded computational sample. It does not prove the complete associate-class structure of the infinite monoid.
1131,1291/32,1,1291/32,1,mixed_fraction,This is a bounded computational sample. It does not prove the complete associate-class structure of the infinite monoid.
1132,1293/32,1,1293/32,1,mixed_fraction,This is a bounded computational sample. It does not prove the complete associate-class structure of the infinite monoid.
1133,1295/32,1,1295/32,1,mixed_fraction,This is a bounded computational sample. It does not prove the complete associate-class structure of the infinite monoid.
1134,1297/32,1,1297/32,1,mixed_fraction,This is a bounded computational sample. It does not prove the complete associate-class structure of the infinite monoid.
1135,1299/32,1,1299/32,1,mixed_fraction,This is a bounded computational sample. It does not prove the complete associate-class structure of the infinite monoid.
1136,1301/32,1,1301/32,1,mixed_fraction,This is a bounded computational sample. It does not prove the complete associate-class structure of the infinite monoid.
1137,1303/32,1,1303/32,1,mixed_fraction,This is a bounded computational sample. It does not prove the complete associate-class structure of the infinite monoid.
1138,1305/32,1,1305/32,1,mixed_fraction,This is a bounded computational sample. It does not prove the complete associate-class structure of the infinite monoid.
1139,1307/32,1,1307/32,1,mixed_fraction,This is a bounded computational sample. It does not prove the complete associate-class structure of the infinite monoid.
1140,1309/32,1,1309/32,1,mixed_fraction,This is a bounded computational sample. It does not prove the complete associate-class structure of the infinite monoid.
1141,1311/32,1,1311/32,1,mixed_fraction,This is a bounded computational sample. It does not prove the complete associate-class structure of the infinite monoid.
1142,1313/32,1,1313/32,1,mixed_fraction,This is a bounded computational sample. It does not prove the complete associate-class structure of the infinite monoid.
1143,1315/32,1,1315/32,1,mixed_fraction,This is a bounded computational sample. It does not prove the complete associate-class structure of the infinite monoid.
1144,1317/32,1,1317/32,1,mixed_fraction,This is a bounded computational sample. It does not prove the complete associate-class structure of the infinite monoid.
1145,1319/32,1,1319/32,1,mixed_fraction,This is a bounded computational sample. It does not prove the complete associate-class structure of the infinite monoid.
1146,1321/32,1,1321/32,1,mixed_fraction,This is a bounded computational sample. It does not prove the complete associate-class structure of the infinite monoid.
1147,1323/32,1,1323/32,1,mixed_fraction,This is a bounded computational sample. It does not prove the complete associate-class structure of the infinite monoid.
1148,1325/32,1,1325/32,1,mixed_fraction,This is a bounded computational sample. It does not prove the complete associate-class structure of the infinite monoid.
1149,1327/32,1,1327/32,1,mixed_fraction,This is a bounded computational sample. It does not prove the complete associate-class structure of the infinite monoid.
1150,1329/32,1,1329/32,1,mixed_fraction,This is a bounded computational sample. It does not prove the complete associate-class structure of the infinite monoid.
1151,1331/32,1,1331/32,1,mixed_fraction,This is a bounded computational sample. It does not prove the complete associate-class structure of the infinite monoid.
1152,1333/32,1,1333/32,1,mixed_fraction,This is a bounded computational sample. It does not prove the complete associate-class structure of the infinite monoid.
1153,1335/32,1,1335/32,1,mixed_fraction,This is a bounded computational sample. It does not prove the complete associate-class structure of the infinite monoid.
1154,1337/32,1,1337/32,1,mixed_fraction,This is a bounded computational sample. It does not prove the complete associate-class structure of the infinite monoid.
1155,1339/32,1,1339/32,1,mixed_fraction,This is a bounded computational sample. It does not prove the complete associate-class structure of the infinite monoid.
1156,1341/32,1,1341/32,1,mixed_fraction,This is a bounded computational sample. It does not prove the complete associate-class structure of the infinite monoid.
1157,1343/32,1,1343/32,1,mixed_fraction,This is a bounded computational sample. It does not prove the complete associate-class structure of the infinite monoid.
1158,1345/32,1,1345/32,1,mixed_fraction,This is a bounded computational sample. It does not prove the complete associate-class structure of the infinite monoid.
1159,1347/32,1,1347/32,1,mixed_fraction,This is a bounded computational sample. It does not prove the complete associate-class structure of the infinite monoid.
1160,1349/32,1,1349/32,1,mixed_fraction,This is a bounded computational sample. It does not prove the complete associate-class structure of the infinite monoid.
1161,1351/32,1,1351/32,1,mixed_fraction,This is a bounded computational sample. It does not prove the complete associate-class structure of the infinite monoid.
1162,1353/32,1,1353/32,1,mixed_fraction,This is a bounded computational sample. It does not prove the complete associate-class structure of the infinite monoid.
1163,1355/32,1,1355/32,1,mixed_fraction,This is a bounded computational sample. It does not prove the complete associate-class structure of the infinite monoid.
1164,1357/32,1,1357/32,1,mixed_fraction,This is a bounded computational sample. It does not prove the complete associate-class structure of the infinite monoid.
1165,1359/32,1,1359/32,1,mixed_fraction,This is a bounded computational sample. It does not prove the complete associate-class structure of the infinite monoid.
1166,1361/32,1,1361/32,1,mixed_fraction,This is a bounded computational sample. It does not prove the complete associate-class structure of the infinite monoid.
1167,1363/32,1,1363/32,1,mixed_fraction,This is a bounded computational sample. It does not prove the complete associate-class structure of the infinite monoid.
1168,1365/32,1,1365/32,1,mixed_fraction,This is a bounded computational sample. It does not prove the complete associate-class structure of the infinite monoid.
1169,1367/32,1,1367/32,1,mixed_fraction,This is a bounded computational sample. It does not prove the complete associate-class structure of the infinite monoid.
1170,1369/32,1,1369/32,1,mixed_fraction,This is a bounded computational sample. It does not prove the complete associate-class structure of the infinite monoid.
1171,1371/32,1,1371/32,1,mixed_fraction,This is a bounded computational sample. It does not prove the complete associate-class structure of the infinite monoid.
1172,1373/32,1,1373/32,1,mixed_fraction,This is a bounded computational sample. It does not prove the complete associate-class structure of the infinite monoid.
1173,1375/32,1,1375/32,1,mixed_fraction,This is a bounded computational sample. It does not prove the complete associate-class structure of the infinite monoid.
1174,1377/32,1,1377/32,1,mixed_fraction,This is a bounded computational sample. It does not prove the complete associate-class structure of the infinite monoid.
1175,1379/32,1,1379/32,1,mixed_fraction,This is a bounded computational sample. It does not prove the complete associate-class structure of the infinite monoid.
1176,1381/32,1,1381/32,1,mixed_fraction,This is a bounded computational sample. It does not prove the complete associate-class structure of the infinite monoid.
1177,1383/32,1,1383/32,1,mixed_fraction,This is a bounded computational sample. It does not prove the complete associate-class structure of the infinite monoid.
1178,1385/32,1,1385/32,1,mixed_fraction,This is a bounded computational sample. It does not prove the complete associate-class structure of the infinite monoid.
1179,1387/32,1,1387/32,1,mixed_fraction,This is a bounded computational sample. It does not prove the complete associate-class structure of the infinite monoid.
1180,1389/32,1,1389/32,1,mixed_fraction,This is a bounded computational sample. It does not prove the complete associate-class structure of the infinite monoid.
1181,1391/32,1,1391/32,1,mixed_fraction,This is a bounded computational sample. It does not prove the complete associate-class structure of the infinite monoid.
1182,1393/32,1,1393/32,1,mixed_fraction,This is a bounded computational sample. It does not prove the complete associate-class structure of the infinite monoid.
1183,1395/32,1,1395/32,1,mixed_fraction,This is a bounded computational sample. It does not prove the complete associate-class structure of the infinite monoid.
1184,1397/32,1,1397/32,1,mixed_fraction,This is a bounded computational sample. It does not prove the complete associate-class structure of the infinite monoid.
1185,1399/32,1,1399/32,1,mixed_fraction,This is a bounded computational sample. It does not prove the complete associate-class structure of the infinite monoid.
1186,1401/32,1,1401/32,1,mixed_fraction,This is a bounded computational sample. It does not prove the complete associate-class structure of the infinite monoid.
1187,1403/32,1,1403/32,1,mixed_fraction,This is a bounded computational sample. It does not prove the complete associate-class structure of the infinite monoid.
1188,1405/32,1,1405/32,1,mixed_fraction,This is a bounded computational sample. It does not prove the complete associate-class structure of the infinite monoid.
1189,1407/32,1,1407/32,1,mixed_fraction,This is a bounded computational sample. It does not prove the complete associate-class structure of the infinite monoid.
1190,1409/32,1,1409/32,1,mixed_fraction,This is a bounded computational sample. It does not prove the complete associate-class structure of the infinite monoid.
1191,1411/32,1,1411/32,1,mixed_fraction,This is a bounded computational sample. It does not prove the complete associate-class structure of the infinite monoid.
1192,1413/32,1,1413/32,1,mixed_fraction,This is a bounded computational sample. It does not prove the complete associate-class structure of the infinite monoid.
1193,1415/32,1,1415/32,1,mixed_fraction,This is a bounded computational sample. It does not prove the complete associate-class structure of the infinite monoid.
1194,1417/32,1,1417/32,1,mixed_fraction,This is a bounded computational sample. It does not prove the complete associate-class structure of the infinite monoid.
1195,1419/32,1,1419/32,1,mixed_fraction,This is a bounded computational sample. It does not prove the complete associate-class structure of the infinite monoid.
1196,1421/32,1,1421/32,1,mixed_fraction,This is a bounded computational sample. It does not prove the complete associate-class structure of the infinite monoid.
1197,1423/32,1,1423/32,1,mixed_fraction,This is a bounded computational sample. It does not prove the complete associate-class structure of the infinite monoid.
1198,1425/32,1,1425/32,1,mixed_fraction,This is a bounded computational sample. It does not prove the complete associate-class structure of the infinite monoid.
1199,1427/32,1,1427/32,1,mixed_fraction,This is a bounded computational sample. It does not prove the complete associate-class structure of the infinite monoid.
1200,1429/32,1,1429/32,1,mixed_fraction,This is a bounded computational sample. It does not prove the complete associate-class structure of the infinite monoid.
1201,1431/32,1,1431/32,1,mixed_fraction,This is a bounded computational sample. It does not prove the complete associate-class structure of the infinite monoid.
1202,1433/32,1,1433/32,1,mixed_fraction,This is a bounded computational sample. It does not prove the complete associate-class structure of the infinite monoid.
1203,1435/32,1,1435/32,1,mixed_fraction,This is a bounded computational sample. It does not prove the complete associate-class structure of the infinite monoid.
1204,1437/32,1,1437/32,1,mixed_fraction,This is a bounded computational sample. It does not prove the complete associate-class structure of the infinite monoid.
1205,1439/32,1,1439/32,1,mixed_fraction,This is a bounded computational sample. It does not prove the complete associate-class structure of the infinite monoid.
1206,1441/32,1,1441/32,1,mixed_fraction,This is a bounded computational sample. It does not prove the complete associate-class structure of the infinite monoid.
1207,1443/32,1,1443/32,1,mixed_fraction,This is a bounded computational sample. It does not prove the complete associate-class structure of the infinite monoid.
1208,1445/32,1,1445/32,1,mixed_fraction,This is a bounded computational sample. It does not prove the complete associate-class structure of the infinite monoid.
1209,1447/32,1,1447/32,1,mixed_fraction,This is a bounded computational sample. It does not prove the complete associate-class structure of the infinite monoid.
1210,1449/32,1,1449/32,1,mixed_fraction,This is a bounded computational sample. It does not prove the complete associate-class structure of the infinite monoid.
1211,1451/32,1,1451/32,1,mixed_fraction,This is a bounded computational sample. It does not prove the complete associate-class structure of the infinite monoid.
1212,1453/32,1,1453/32,1,mixed_fraction,This is a bounded computational sample. It does not prove the complete associate-class structure of the infinite monoid.
1213,1455/32,1,1455/32,1,mixed_fraction,This is a bounded computational sample. It does not prove the complete associate-class structure of the infinite monoid.
1214,1457/32,1,1457/32,1,mixed_fraction,This is a bounded computational sample. It does not prove the complete associate-class structure of the infinite monoid.
1215,1459/32,1,1459/32,1,mixed_fraction,This is a bounded computational sample. It does not prove the complete associate-class structure of the infinite monoid.
1216,1461/32,1,1461/32,1,mixed_fraction,This is a bounded computational sample. It does not prove the complete associate-class structure of the infinite monoid.
1217,1463/32,1,1463/32,1,mixed_fraction,This is a bounded computational sample. It does not prove the complete associate-class structure of the infinite monoid.
1218,1465/32,1,1465/32,1,mixed_fraction,This is a bounded computational sample. It does not prove the complete associate-class structure of the infinite monoid.
1219,1467/32,1,1467/32,1,mixed_fraction,This is a bounded computational sample. It does not prove the complete associate-class structure of the infinite monoid.
1220,1469/32,1,1469/32,1,mixed_fraction,This is a bounded computational sample. It does not prove the complete associate-class structure of the infinite monoid.
1221,1471/32,1,1471/32,1,mixed_fraction,This is a bounded computational sample. It does not prove the complete associate-class structure of the infinite monoid.
1222,1473/32,1,1473/32,1,mixed_fraction,This is a bounded computational sample. It does not prove the complete associate-class structure of the infinite monoid.
1223,1475/32,1,1475/32,1,mixed_fraction,This is a bounded computational sample. It does not prove the complete associate-class structure of the infinite monoid.
1224,1477/32,1,1477/32,1,mixed_fraction,This is a bounded computational sample. It does not prove the complete associate-class structure of the infinite monoid.
1225,1479/32,1,1479/32,1,mixed_fraction,This is a bounded computational sample. It does not prove the complete associate-class structure of the infinite monoid.
1226,1481/32,1,1481/32,1,mixed_fraction,This is a bounded computational sample. It does not prove the complete associate-class structure of the infinite monoid.
1227,1483/32,1,1483/32,1,mixed_fraction,This is a bounded computational sample. It does not prove the complete associate-class structure of the infinite monoid.
1228,1485/32,1,1485/32,1,mixed_fraction,This is a bounded computational sample. It does not prove the complete associate-class structure of the infinite monoid.
1229,1487/32,1,1487/32,1,mixed_fraction,This is a bounded computational sample. It does not prove the complete associate-class structure of the infinite monoid.
1230,1489/32,1,1489/32,1,mixed_fraction,This is a bounded computational sample. It does not prove the complete associate-class structure of the infinite monoid.
1231,1491/32,1,1491/32,1,mixed_fraction,This is a bounded computational sample. It does not prove the complete associate-class structure of the infinite monoid.
1232,1493/32,1,1493/32,1,mixed_fraction,This is a bounded computational sample. It does not prove the complete associate-class structure of the infinite monoid.
1233,1495/32,1,1495/32,1,mixed_fraction,This is a bounded computational sample. It does not prove the complete associate-class structure of the infinite monoid.
1234,1497/32,1,1497/32,1,mixed_fraction,This is a bounded computational sample. It does not prove the complete associate-class structure of the infinite monoid.
1235,1499/32,1,1499/32,1,mixed_fraction,This is a bounded computational sample. It does not prove the complete associate-class structure of the infinite monoid.
1236,1501/32,1,1501/32,1,mixed_fraction,This is a bounded computational sample. It does not prove the complete associate-class structure of the infinite monoid.
1237,1503/32,1,1503/32,1,mixed_fraction,This is a bounded computational sample. It does not prove the complete associate-class structure of the infinite monoid.
1238,1505/32,1,1505/32,1,mixed_fraction,This is a bounded computational sample. It does not prove the complete associate-class structure of the infinite monoid.
1239,1507/32,1,1507/32,1,mixed_fraction,This is a bounded computational sample. It does not prove the complete associate-class structure of the infinite monoid.
1240,1509/32,1,1509/32,1,mixed_fraction,This is a bounded computational sample. It does not prove the complete associate-class structure of the infinite monoid.
1241,1511/32,1,1511/32,1,mixed_fraction,This is a bounded computational sample. It does not prove the complete associate-class structure of the infinite monoid.
1242,1513/32,1,1513/32,1,mixed_fraction,This is a bounded computational sample. It does not prove the complete associate-class structure of the infinite monoid.
1243,1515/32,1,1515/32,1,mixed_fraction,This is a bounded computational sample. It does not prove the complete associate-class structure of the infinite monoid.
1244,1517/32,1,1517/32,1,mixed_fraction,This is a bounded computational sample. It does not prove the complete associate-class structure of the infinite monoid.
1245,1519/32,1,1519/32,1,mixed_fraction,This is a bounded computational sample. It does not prove the complete associate-class structure of the infinite monoid.
1246,1521/32,1,1521/32,1,mixed_fraction,This is a bounded computational sample. It does not prove the complete associate-class structure of the infinite monoid.
1247,1523/32,1,1523/32,1,mixed_fraction,This is a bounded computational sample. It does not prove the complete associate-class structure of the infinite monoid.
1248,1525/32,1,1525/32,1,mixed_fraction,This is a bounded computational sample. It does not prove the complete associate-class structure of the infinite monoid.
1249,1527/32,1,1527/32,1,mixed_fraction,This is a bounded computational sample. It does not prove the complete associate-class structure of the infinite monoid.
1250,1529/32,1,1529/32,1,mixed_fraction,This is a bounded computational sample. It does not prove the complete associate-class structure of the infinite monoid.
1251,1531/32,1,1531/32,1,mixed_fraction,This is a bounded computational sample. It does not prove the complete associate-class structure of the infinite monoid.
1252,1533/32,1,1533/32,1,mixed_fraction,This is a bounded computational sample. It does not prove the complete associate-class structure of the infinite monoid.
1253,1535/32,1,1535/32,1,mixed_fraction,This is a bounded computational sample. It does not prove the complete associate-class structure of the infinite monoid.
1254,1537/32,1,1537/32,1,mixed_fraction,This is a bounded computational sample. It does not prove the complete associate-class structure of the infinite monoid.
1255,1539/32,1,1539/32,1,mixed_fraction,This is a bounded computational sample. It does not prove the complete associate-class structure of the infinite monoid.
1256,1541/32,1,1541/32,1,mixed_fraction,This is a bounded computational sample. It does not prove the complete associate-class structure of the infinite monoid.
1257,1543/32,1,1543/32,1,mixed_fraction,This is a bounded computational sample. It does not prove the complete associate-class structure of the infinite monoid.
1258,1545/32,1,1545/32,1,mixed_fraction,This is a bounded computational sample. It does not prove the complete associate-class structure of the infinite monoid.
1259,1547/32,1,1547/32,1,mixed_fraction,This is a bounded computational sample. It does not prove the complete associate-class structure of the infinite monoid.
1260,1549/32,1,1549/32,1,mixed_fraction,This is a bounded computational sample. It does not prove the complete associate-class structure of the infinite monoid.
1261,1551/32,1,1551/32,1,mixed_fraction,This is a bounded computational sample. It does not prove the complete associate-class structure of the infinite monoid.
1262,1553/32,1,1553/32,1,mixed_fraction,This is a bounded computational sample. It does not prove the complete associate-class structure of the infinite monoid.
1263,1555/32,1,1555/32,1,mixed_fraction,This is a bounded computational sample. It does not prove the complete associate-class structure of the infinite monoid.
1264,1557/32,1,1557/32,1,mixed_fraction,This is a bounded computational sample. It does not prove the complete associate-class structure of the infinite monoid.
1265,1559/32,1,1559/32,1,mixed_fraction,This is a bounded computational sample. It does not prove the complete associate-class structure of the infinite monoid.
1266,1561/32,1,1561/32,1,mixed_fraction,This is a bounded computational sample. It does not prove the complete associate-class structure of the infinite monoid.
1267,1563/32,1,1563/32,1,mixed_fraction,This is a bounded computational sample. It does not prove the complete associate-class structure of the infinite monoid.
1268,1565/32,1,1565/32,1,mixed_fraction,This is a bounded computational sample. It does not prove the complete associate-class structure of the infinite monoid.
1269,1567/32,1,1567/32,1,mixed_fraction,This is a bounded computational sample. It does not prove the complete associate-class structure of the infinite monoid.
1270,1569/32,1,1569/32,1,mixed_fraction,This is a bounded computational sample. It does not prove the complete associate-class structure of the infinite monoid.
1271,1571/32,1,1571/32,1,mixed_fraction,This is a bounded computational sample. It does not prove the complete associate-class structure of the infinite monoid.
1272,1573/32,1,1573/32,1,mixed_fraction,This is a bounded computational sample. It does not prove the complete associate-class structure of the infinite monoid.
1273,1575/32,1,1575/32,1,mixed_fraction,This is a bounded computational sample. It does not prove the complete associate-class structure of the infinite monoid.
1274,1577/32,1,1577/32,1,mixed_fraction,This is a bounded computational sample. It does not prove the complete associate-class structure of the infinite monoid.
1275,1579/32,1,1579/32,1,mixed_fraction,This is a bounded computational sample. It does not prove the complete associate-class structure of the infinite monoid.
1276,1581/32,1,1581/32,1,mixed_fraction,This is a bounded computational sample. It does not prove the complete associate-class structure of the infinite monoid.
1277,1583/32,1,1583/32,1,mixed_fraction,This is a bounded computational sample. It does not prove the complete associate-class structure of the infinite monoid.
1278,1585/32,1,1585/32,1,mixed_fraction,This is a bounded computational sample. It does not prove the complete associate-class structure of the infinite monoid.
1279,1587/32,1,1587/32,1,mixed_fraction,This is a bounded computational sample. It does not prove the complete associate-class structure of the infinite monoid.
1280,1589/32,1,1589/32,1,mixed_fraction,This is a bounded computational sample. It does not prove the complete associate-class structure of the infinite monoid.
1281,1591/32,1,1591/32,1,mixed_fraction,This is a bounded computational sample. It does not prove the complete associate-class structure of the infinite monoid.
1282,1593/32,1,1593/32,1,mixed_fraction,This is a bounded computational sample. It does not prove the complete associate-class structure of the infinite monoid.
1283,1595/32,1,1595/32,1,mixed_fraction,This is a bounded computational sample. It does not prove the complete associate-class structure of the infinite monoid.
1284,1597/32,1,1597/32,1,mixed_fraction,This is a bounded computational sample. It does not prove the complete associate-class structure of the infinite monoid.
1285,1599/32,1,1599/32,1,mixed_fraction,This is a bounded computational sample. It does not prove the complete associate-class structure of the infinite monoid.
1286,1601/32,1,1601/32,1,mixed_fraction,This is a bounded computational sample. It does not prove the complete associate-class structure of the infinite monoid.
1287,1603/32,1,1603/32,1,mixed_fraction,This is a bounded computational sample. It does not prove the complete associate-class structure of the infinite monoid.
1288,1605/32,1,1605/32,1,mixed_fraction,This is a bounded computational sample. It does not prove the complete associate-class structure of the infinite monoid.
1289,1607/32,1,1607/32,1,mixed_fraction,This is a bounded computational sample. It does not prove the complete associate-class structure of the infinite monoid.
1290,1609/32,1,1609/32,1,mixed_fraction,This is a bounded computational sample. It does not prove the complete associate-class structure of the infinite monoid.
1291,1611/32,1,1611/32,1,mixed_fraction,This is a bounded computational sample. It does not prove the complete associate-class structure of the infinite monoid.
1292,1613/32,1,1613/32,1,mixed_fraction,This is a bounded computational sample. It does not prove the complete associate-class structure of the infinite monoid.
1293,1615/32,1,1615/32,1,mixed_fraction,This is a bounded computational sample. It does not prove the complete associate-class structure of the infinite monoid.
1294,1617/32,1,1617/32,1,mixed_fraction,This is a bounded computational sample. It does not prove the complete associate-class structure of the infinite monoid.
1295,1619/32,1,1619/32,1,mixed_fraction,This is a bounded computational sample. It does not prove the complete associate-class structure of the infinite monoid.
1296,1621/32,1,1621/32,1,mixed_fraction,This is a bounded computational sample. It does not prove the complete associate-class structure of the infinite monoid.
1297,1623/32,1,1623/32,1,mixed_fraction,This is a bounded computational sample. It does not prove the complete associate-class structure of the infinite monoid.
1298,1625/32,1,1625/32,1,mixed_fraction,This is a bounded computational sample. It does not prove the complete associate-class structure of the infinite monoid.
1299,1627/32,1,1627/32,1,mixed_fraction,This is a bounded computational sample. It does not prove the complete associate-class structure of the infinite monoid.
1300,1629/32,1,1629/32,1,mixed_fraction,This is a bounded computational sample. It does not prove the complete associate-class structure of the infinite monoid.
1301,1631/32,1,1631/32,1,mixed_fraction,This is a bounded computational sample. It does not prove the complete associate-class structure of the infinite monoid.
1302,1633/32,1,1633/32,1,mixed_fraction,This is a bounded computational sample. It does not prove the complete associate-class structure of the infinite monoid.
1303,1635/32,1,1635/32,1,mixed_fraction,This is a bounded computational sample. It does not prove the complete associate-class structure of the infinite monoid.
1304,1639/32,1,1639/32,1,mixed_fraction,This is a bounded computational sample. It does not prove the complete associate-class structure of the infinite monoid.
1305,1641/32,1,1641/32,1,mixed_fraction,This is a bounded computational sample. It does not prove the complete associate-class structure of the infinite monoid.
1306,1643/32,1,1643/32,1,mixed_fraction,This is a bounded computational sample. It does not prove the complete associate-class structure of the infinite monoid.
1307,1645/32,1,1645/32,1,mixed_fraction,This is a bounded computational sample. It does not prove the complete associate-class structure of the infinite monoid.
1308,1647/32,1,1647/32,1,mixed_fraction,This is a bounded computational sample. It does not prove the complete associate-class structure of the infinite monoid.
1309,1649/32,1,1649/32,1,mixed_fraction,This is a bounded computational sample. It does not prove the complete associate-class structure of the infinite monoid.
1310,1651/32,1,1651/32,1,mixed_fraction,This is a bounded computational sample. It does not prove the complete associate-class structure of the infinite monoid.
1311,1653/32,1,1653/32,1,mixed_fraction,This is a bounded computational sample. It does not prove the complete associate-class structure of the infinite monoid.
1312,1655/32,1,1655/32,1,mixed_fraction,This is a bounded computational sample. It does not prove the complete associate-class structure of the infinite monoid.
1313,1657/32,1,1657/32,1,mixed_fraction,This is a bounded computational sample. It does not prove the complete associate-class structure of the infinite monoid.
1314,1659/32,1,1659/32,1,mixed_fraction,This is a bounded computational sample. It does not prove the complete associate-class structure of the infinite monoid.
1315,1661/32,1,1661/32,1,mixed_fraction,This is a bounded computational sample. It does not prove the complete associate-class structure of the infinite monoid.
1316,1663/32,1,1663/32,1,mixed_fraction,This is a bounded computational sample. It does not prove the complete associate-class structure of the infinite monoid.
1317,1665/32,1,1665/32,1,mixed_fraction,This is a bounded computational sample. It does not prove the complete associate-class structure of the infinite monoid.
1318,1667/32,1,1667/32,1,mixed_fraction,This is a bounded computational sample. It does not prove the complete associate-class structure of the infinite monoid.
1319,1671/32,1,1671/32,1,mixed_fraction,This is a bounded computational sample. It does not prove the complete associate-class structure of the infinite monoid.
1320,1673/32,1,1673/32,1,mixed_fraction,This is a bounded computational sample. It does not prove the complete associate-class structure of the infinite monoid.
1321,1675/32,1,1675/32,1,mixed_fraction,This is a bounded computational sample. It does not prove the complete associate-class structure of the infinite monoid.
1322,1677/32,1,1677/32,1,mixed_fraction,This is a bounded computational sample. It does not prove the complete associate-class structure of the infinite monoid.
1323,1679/32,1,1679/32,1,mixed_fraction,This is a bounded computational sample. It does not prove the complete associate-class structure of the infinite monoid.
1324,1681/32,1,1681/32,1,mixed_fraction,This is a bounded computational sample. It does not prove the complete associate-class structure of the infinite monoid.
1325,1683/32,1,1683/32,1,mixed_fraction,This is a bounded computational sample. It does not prove the complete associate-class structure of the infinite monoid.
1326,1687/32,1,1687/32,1,mixed_fraction,This is a bounded computational sample. It does not prove the complete associate-class structure of the infinite monoid.
1327,1689/32,1,1689/32,1,mixed_fraction,This is a bounded computational sample. It does not prove the complete associate-class structure of the infinite monoid.
1328,1691/32,1,1691/32,1,mixed_fraction,This is a bounded computational sample. It does not prove the complete associate-class structure of the infinite monoid.
1329,1693/32,1,1693/32,1,mixed_fraction,This is a bounded computational sample. It does not prove the complete associate-class structure of the infinite monoid.
1330,1695/32,1,1695/32,1,mixed_fraction,This is a bounded computational sample. It does not prove the complete associate-class structure of the infinite monoid.
1331,1697/32,1,1697/32,1,mixed_fraction,This is a bounded computational sample. It does not prove the complete associate-class structure of the infinite monoid.
1332,1699/32,1,1699/32,1,mixed_fraction,This is a bounded computational sample. It does not prove the complete associate-class structure of the infinite monoid.
1333,1703/32,1,1703/32,1,mixed_fraction,This is a bounded computational sample. It does not prove the complete associate-class structure of the infinite monoid.
1334,1705/32,1,1705/32,1,mixed_fraction,This is a bounded computational sample. It does not prove the complete associate-class structure of the infinite monoid.
1335,1707/32,1,1707/32,1,mixed_fraction,This is a bounded computational sample. It does not prove the complete associate-class structure of the infinite monoid.
1336,1711/32,1,1711/32,1,mixed_fraction,This is a bounded computational sample. It does not prove the complete associate-class structure of the infinite monoid.
1337,1713/32,1,1713/32,1,mixed_fraction,This is a bounded computational sample. It does not prove the complete associate-class structure of the infinite monoid.
1338,1715/32,1,1715/32,1,mixed_fraction,This is a bounded computational sample. It does not prove the complete associate-class structure of the infinite monoid.
1339,1719/32,1,1719/32,1,mixed_fraction,This is a bounded computational sample. It does not prove the complete associate-class structure of the infinite monoid.
1340,1721/32,1,1721/32,1,mixed_fraction,This is a bounded computational sample. It does not prove the complete associate-class structure of the infinite monoid.
1341,1723/32,1,1723/32,1,mixed_fraction,This is a bounded computational sample. It does not prove the complete associate-class structure of the infinite monoid.
1342,1725/32,1,1725/32,1,mixed_fraction,This is a bounded computational sample. It does not prove the complete associate-class structure of the infinite monoid.
1343,1727/32,1,1727/32,1,mixed_fraction,This is a bounded computational sample. It does not prove the complete associate-class structure of the infinite monoid.
1344,1729/32,1,1729/32,1,mixed_fraction,This is a bounded computational sample. It does not prove the complete associate-class structure of the infinite monoid.
1345,1731/32,1,1731/32,1,mixed_fraction,This is a bounded computational sample. It does not prove the complete associate-class structure of the infinite monoid.
1346,1735/32,1,1735/32,1,mixed_fraction,This is a bounded computational sample. It does not prove the complete associate-class structure of the infinite monoid.
1347,1737/32,1,1737/32,1,mixed_fraction,This is a bounded computational sample. It does not prove the complete associate-class structure of the infinite monoid.
1348,1739/32,1,1739/32,1,mixed_fraction,This is a bounded computational sample. It does not prove the complete associate-class structure of the infinite monoid.
1349,1743/32,1,1743/32,1,mixed_fraction,This is a bounded computational sample. It does not prove the complete associate-class structure of the infinite monoid.
1350,1747/32,1,1747/32,1,mixed_fraction,This is a bounded computational sample. It does not prove the complete associate-class structure of the infinite monoid.
1351,1751/32,1,1751/32,1,mixed_fraction,This is a bounded computational sample. It does not prove the complete associate-class structure of the infinite monoid.
1352,1753/32,1,1753/32,1,mixed_fraction,This is a bounded computational sample. It does not prove the complete associate-class structure of the infinite monoid.
1353,1755/32,1,1755/32,1,mixed_fraction,This is a bounded computational sample. It does not prove the complete associate-class structure of the infinite monoid.
1354,1759/32,1,1759/32,1,mixed_fraction,This is a bounded computational sample. It does not prove the complete associate-class structure of the infinite monoid.
1355,1761/32,1,1761/32,1,mixed_fraction,This is a bounded computational sample. It does not prove the complete associate-class structure of the infinite monoid.
1356,1763/32,1,1763/32,1,mixed_fraction,This is a bounded computational sample. It does not prove the complete associate-class structure of the infinite monoid.
1357,1767/32,1,1767/32,1,mixed_fraction,This is a bounded computational sample. It does not prove the complete associate-class structure of the infinite monoid.
1358,1769/32,1,1769/32,1,mixed_fraction,This is a bounded computational sample. It does not prove the complete associate-class structure of the infinite monoid.
1359,1771/32,1,1771/32,1,mixed_fraction,This is a bounded computational sample. It does not prove the complete associate-class structure of the infinite monoid.
1360,1775/32,1,1775/32,1,mixed_fraction,This is a bounded computational sample. It does not prove the complete associate-class structure of the infinite monoid.
1361,1779/32,1,1779/32,1,mixed_fraction,This is a bounded computational sample. It does not prove the complete associate-class structure of the infinite monoid.
1362,1783/32,1,1783/32,1,mixed_fraction,This is a bounded computational sample. It does not prove the complete associate-class structure of the infinite monoid.
1363,1785/32,1,1785/32,1,mixed_fraction,This is a bounded computational sample. It does not prove the complete associate-class structure of the infinite monoid.
1364,1787/32,1,1787/32,1,mixed_fraction,This is a bounded computational sample. It does not prove the complete associate-class structure of the infinite monoid.
1365,1791/32,1,1791/32,1,mixed_fraction,This is a bounded computational sample. It does not prove the complete associate-class structure of the infinite monoid.
1366,1795/32,1,1795/32,1,mixed_fraction,This is a bounded computational sample. It does not prove the complete associate-class structure of the infinite monoid.
1367,1801/32,1,1801/32,1,mixed_fraction,This is a bounded computational sample. It does not prove the complete associate-class structure of the infinite monoid.
1368,1803/32,1,1803/32,1,mixed_fraction,This is a bounded computational sample. It does not prove the complete associate-class structure of the infinite monoid.
1369,1807/32,1,1807/32,1,mixed_fraction,This is a bounded computational sample. It does not prove the complete associate-class structure of the infinite monoid.
1370,1811/32,1,1811/32,1,mixed_fraction,This is a bounded computational sample. It does not prove the complete associate-class structure of the infinite monoid.
1371,1815/32,1,1815/32,1,mixed_fraction,This is a bounded computational sample. It does not prove the complete associate-class structure of the infinite monoid.
1372,1819/32,1,1819/32,1,mixed_fraction,This is a bounded computational sample. It does not prove the complete associate-class structure of the infinite monoid.
1373,1823/32,1,1823/32,1,mixed_fraction,This is a bounded computational sample. It does not prove the complete associate-class structure of the infinite monoid.
1374,1827/32,1,1827/32,1,mixed_fraction,This is a bounded computational sample. It does not prove the complete associate-class structure of the infinite monoid.
1375,1833/32,1,1833/32,1,mixed_fraction,This is a bounded computational sample. It does not prove the complete associate-class structure of the infinite monoid.
1376,1835/32,1,1835/32,1,mixed_fraction,This is a bounded computational sample. It does not prove the complete associate-class structure of the infinite monoid.
1377,1839/32,1,1839/32,1,mixed_fraction,This is a bounded computational sample. It does not prove the complete associate-class structure of the infinite monoid.
1378,1843/32,1,1843/32,1,mixed_fraction,This is a bounded computational sample. It does not prove the complete associate-class structure of the infinite monoid.
1379,1851/32,1,1851/32,1,mixed_fraction,This is a bounded computational sample. It does not prove the complete associate-class structure of the infinite monoid.
1380,1855/32,1,1855/32,1,mixed_fraction,This is a bounded computational sample. It does not prove the complete associate-class structure of the infinite monoid.
1381,1859/32,1,1859/32,1,mixed_fraction,This is a bounded computational sample. It does not prove the complete associate-class structure of the infinite monoid.
1382,1867/32,1,1867/32,1,mixed_fraction,This is a bounded computational sample. It does not prove the complete associate-class structure of the infinite monoid.
1383,1875/32,1,1875/32,1,mixed_fraction,This is a bounded computational sample. It does not prove the complete associate-class structure of the infinite monoid.
1384,1883/32,1,1883/32,1,mixed_fraction,This is a bounded computational sample. It does not prove the complete associate-class structure of the infinite monoid.
1385,1887/32,1,1887/32,1,mixed_fraction,This is a bounded computational sample. It does not prove the complete associate-class structure of the infinite monoid.
1386,1891/32,1,1891/32,1,mixed_fraction,This is a bounded computational sample. It does not prove the complete associate-class structure of the infinite monoid.
1387,1899/32,1,1899/32,1,mixed_fraction,This is a bounded computational sample. It does not prove the complete associate-class structure of the infinite monoid.
1388,1915/32,1,1915/32,1,mixed_fraction,This is a bounded computational sample. It does not prove the complete associate-class structure of the infinite monoid.
1389,1923/32,1,1923/32,1,mixed_fraction,This is a bounded computational sample. It does not prove the complete associate-class structure of the infinite monoid.
1390,1931/32,1,1931/32,1,mixed_fraction,This is a bounded computational sample. It does not prove the complete associate-class structure of the infinite monoid.
1391,1947/32,1,1947/32,1,mixed_fraction,This is a bounded computational sample. It does not prove the complete associate-class structure of the infinite monoid.
1392,1963/32,1,1963/32,1,mixed_fraction,This is a bounded computational sample. It does not prove the complete associate-class structure of the infinite monoid.
1393,1995/32,1,1995/32,1,mixed_fraction,This is a bounded computational sample. It does not prove the complete associate-class structure of the infinite monoid.
