class_id,representative,class_size,elements,units_used,theoretical_case,notes
1,1,41,1; 1/2; 1/3; 1/4; 1/6; 1/12; 1/16; 1/18; 1/24; 1/27; 1/36; 1/72; 1/96; 1/108; 1/144; 1/162; 1/216; 1/432; 1/648; 1/864; 1/972; 1/1296; 1/2592; 1/3888; 1/7776; 2; 2/9; 3; 3/2; 3/8; 3/32; 4/3; 4/243; 8/81; 9/4; 9/16; 16/27; 16/243; 27/8; 32/9; 32/81,1/2; 1/3; 1/4; 1/6; 1/12; 1/16; 1/18; 1/24; 1/27; 1/36; 1/72; 1/96; 1/108; 1/144; 1/162; 1/216; 1/432; 1/648; 1/864; 1/972; 1/1296; 1/2592; 1/3888; 1/7776; 2; 2/9; 3; 3/2; 3/8; 3/32; 4/3; 4/243; 8/81; 9/4; 9/16; 16/27; 16/243; 27/8; 32/9; 32/81,reciprocal_integer,This is a bounded computational sample. It does not prove the complete associate-class structure of the infinite monoid. Non-singleton class: elements are associates within the sample.
2,1,42,1; 1/2; 1/3; 1/4; 1/6; 1/12; 1/16; 1/18; 1/24; 1/27; 1/36; 1/72; 1/96; 1/108; 1/144; 1/162; 1/216; 1/432; 1/648; 1/864; 1/972; 1/1296; 1/2592; 1/3888; 1/7776; 2; 2/9; 3; 3/2; 3/8; 3/32; 4/3; 4/243; 8/81; 9/4; 9/16; 16/27; 16/243; 27/8; 32/9; 32/81; 64/27,1/2; 1/3; 1/4; 1/6; 1/12; 1/16; 1/18; 1/24; 1/27; 1/36; 1/72; 1/96; 1/108; 1/144; 1/162; 1/216; 1/432; 1/648; 1/864; 1/972; 1/1296; 1/2592; 1/3888; 1/7776; 2; 2/9; 3; 3/2; 3/8; 3/32; 4/3; 4/243; 8/81; 9/4; 9/16; 16/27; 16/243; 27/8; 32/9; 32/81,reciprocal_integer,This is a bounded computational sample. It does not prove the complete associate-class structure of the infinite monoid. Non-singleton class: elements are associates within the sample.
3,5/2,14,5/2; 5/4; 5/9; 5/12; 5/24; 5/54; 5/72; 5/144; 5/324; 5/432; 5/864; 5/1944; 5/2592; 10/3,1/2; 1/6; 1/12; 1/27; 1/36; 1/72; 1/162; 1/216; 1/432; 1/972; 1/1296; 2; 2/9; 4/3,reciprocal_integer,This is a bounded computational sample. It does not prove the complete associate-class structure of the infinite monoid. Non-singleton class: elements are associates within the sample.
4,5/2,16,5/2; 5/4; 5/9; 5/12; 5/24; 5/54; 5/72; 5/81; 5/144; 5/324; 5/432; 5/486; 5/864; 5/1944; 5/2592; 10/3,1/2; 1/6; 1/12; 1/27; 1/36; 1/72; 1/162; 1/216; 1/432; 1/972; 1/1296; 2; 2/9; 4/3,reciprocal_integer,This is a bounded computational sample. It does not prove the complete associate-class structure of the infinite monoid. Non-singleton class: elements are associates within the sample.
5,5/2,17,5/2; 5/4; 5/9; 5/12; 5/24; 5/54; 5/72; 5/81; 5/144; 5/324; 5/432; 5/486; 5/864; 5/1944; 5/2592; 10/3; 10/27,1/2; 1/6; 1/12; 1/27; 1/36; 1/72; 1/162; 1/216; 1/432; 1/972; 1/1296; 2; 2/9; 4/3,reciprocal_integer,This is a bounded computational sample. It does not prove the complete associate-class structure of the infinite monoid. Non-singleton class: elements are associates within the sample.
6,5/2,18,5/2; 5/4; 5/9; 5/12; 5/24; 5/54; 5/72; 5/81; 5/144; 5/324; 5/432; 5/486; 5/864; 5/1944; 5/2592; 10/3; 10/27; 20/9,1/2; 1/6; 1/12; 1/27; 1/36; 1/72; 1/162; 1/216; 1/432; 1/972; 1/1296; 2; 2/9; 4/3,reciprocal_integer,This is a bounded computational sample. It does not prove the complete associate-class structure of the infinite monoid. Non-singleton class: elements are associates within the sample.
7,7/2,19,7/2; 7/3; 7/6; 7/12; 7/18; 7/27; 7/36; 7/72; 7/108; 7/162; 7/216; 7/432; 7/648; 7/972; 7/1296; 7/2592; 7/3888; 7/7776; 14/9,1/3; 1/6; 1/18; 1/36; 1/108; 1/216; 1/648; 1/1296; 1/3888; 3; 3/2; 9/4,reciprocal_integer,This is a bounded computational sample. It does not prove the complete associate-class structure of the infinite monoid. Non-singleton class: elements are associates within the sample.
8,7/2,20,7/2; 7/3; 7/6; 7/12; 7/18; 7/27; 7/36; 7/72; 7/108; 7/162; 7/216; 7/243; 7/432; 7/648; 7/972; 7/1296; 7/2592; 7/3888; 7/7776; 14/9,1/3; 1/6; 1/18; 1/36; 1/108; 1/216; 1/648; 1/1296; 1/3888; 3; 3/2; 9/4,reciprocal_integer,This is a bounded computational sample. It does not prove the complete associate-class structure of the infinite monoid. Non-singleton class: elements are associates within the sample.
9,7/2,21,7/2; 7/3; 7/6; 7/12; 7/18; 7/27; 7/36; 7/72; 7/108; 7/162; 7/216; 7/243; 7/432; 7/648; 7/972; 7/1296; 7/2592; 7/3888; 7/7776; 14/9; 14/81,1/3; 1/6; 1/18; 1/36; 1/108; 1/216; 1/648; 1/1296; 1/3888; 3; 3/2; 9/4,reciprocal_integer,This is a bounded computational sample. It does not prove the complete associate-class structure of the infinite monoid. Non-singleton class: elements are associates within the sample.
10,7/2,22,7/2; 7/3; 7/6; 7/12; 7/18; 7/27; 7/36; 7/72; 7/108; 7/162; 7/216; 7/243; 7/432; 7/648; 7/972; 7/1296; 7/2592; 7/3888; 7/7776; 14/9; 14/81; 28/27,1/3; 1/6; 1/18; 1/36; 1/108; 1/216; 1/648; 1/1296; 1/3888; 3; 3/2; 9/4; 27/8,reciprocal_integer,This is a bounded computational sample. It does not prove the complete associate-class structure of the infinite monoid. Non-singleton class: elements are associates within the sample.
11,11/8,12,11/8; 11/9; 11/32; 11/48; 11/54; 11/288; 11/324; 11/1944; 22/243; 33/16; 44/81; 99/32,1/4; 1/6; 1/36; 3/2; 9/4; 16/243; 32/81,reciprocal_integer,This is a bounded computational sample. It does not prove the complete associate-class structure of the infinite monoid. Non-singleton class: elements are associates within the sample.
12,11/9,7,11/9; 11/54; 11/324; 11/1944; 22/243; 44/81; 88/27,1/6; 1/36; 1/216; 3/8; 9/4,reciprocal_integer,This is a bounded computational sample. It does not prove the complete associate-class structure of the infinite monoid. Non-singleton class: elements are associates within the sample.
13,11/9,7,11/9; 11/54; 11/324; 11/1944; 22/243; 44/81; 88/243,1/6; 1/36; 1/216; 9/4; 27/8,reciprocal_integer,This is a bounded computational sample. It does not prove the complete associate-class structure of the infinite monoid. Non-singleton class: elements are associates within the sample.
14,11/9,9,11/9; 11/54; 11/324; 11/1944; 22/243; 44/81; 88/27; 88/243; 176/81,1/6; 1/36; 1/216; 3/8; 9/4; 9/16; 27/8,reciprocal_integer,This is a bounded computational sample. It does not prove the complete associate-class structure of the infinite monoid. Non-singleton class: elements are associates within the sample.
15,13/4,13,13/4; 13/6; 13/12; 13/24; 13/36; 13/72; 13/144; 13/216; 13/432; 13/864; 13/1296; 13/2592; 13/7776,1/3; 1/6; 1/18; 1/36; 1/108; 1/216; 1/648; 3; 3/2,reciprocal_integer,This is a bounded computational sample. It does not prove the complete associate-class structure of the infinite monoid. Non-singleton class: elements are associates within the sample.
16,17/12,4,17/12; 17/72; 17/432; 17/2592,1/6; 1/36; 1/216,reciprocal_integer,This is a bounded computational sample. It does not prove the complete associate-class structure of the infinite monoid. Non-singleton class: elements are associates within the sample.
17,17/12,7,17/12; 17/16; 17/72; 17/96; 17/432; 17/2592; 51/32,1/6; 1/36; 1/216; 4/3,reciprocal_integer,This is a bounded computational sample. It does not prove the complete associate-class structure of the infinite monoid. Non-singleton class: elements are associates within the sample.
18,17/81,2,17/81; 17/486,1/6,reciprocal_integer,This is a bounded computational sample. It does not prove the complete associate-class structure of the infinite monoid. Non-singleton class: elements are associates within the sample.
19,17/81,3,17/81; 17/486; 34/27,1/6,reciprocal_integer,This is a bounded computational sample. It does not prove the complete associate-class structure of the infinite monoid. Non-singleton class: elements are associates within the sample.
20,17/81,4,17/81; 17/486; 34/27; 544/243,1/6; 3/32,reciprocal_integer,This is a bounded computational sample. It does not prove the complete associate-class structure of the infinite monoid. Non-singleton class: elements are associates within the sample.
21,19/6,19,19/6; 19/8; 19/12; 19/18; 19/32; 19/36; 19/48; 19/72; 19/108; 19/216; 19/288; 19/432; 19/648; 19/1296; 19/2592; 19/3888; 19/7776; 57/16; 304/243,1/2; 1/3; 1/6; 1/12; 1/18; 1/36; 1/72; 1/108; 1/216; 1/432; 1/648; 1/1296; 2; 3; 4/3; 32/81,reciprocal_integer,This is a bounded computational sample. It does not prove the complete associate-class structure of the infinite monoid. Non-singleton class: elements are associates within the sample.
22,23/9,4,23/9; 23/54; 23/324; 23/1944,1/6; 1/36; 1/216,reciprocal_integer,This is a bounded computational sample. It does not prove the complete associate-class structure of the infinite monoid. Non-singleton class: elements are associates within the sample.
23,25/12,14,25/12; 25/16; 25/18; 25/24; 25/72; 25/96; 25/108; 25/144; 25/432; 25/648; 25/864; 25/2592; 25/3888; 75/32,1/2; 1/6; 1/12; 1/36; 1/72; 1/216; 2; 3/2; 4/3,reciprocal_integer,This is a bounded computational sample. It does not prove the complete associate-class structure of the infinite monoid. Non-singleton class: elements are associates within the sample.
24,29/9,13,29/9; 29/12; 29/24; 29/54; 29/72; 29/144; 29/324; 29/432; 29/864; 29/1944; 29/2592; 58/243; 116/81,1/6; 1/16; 1/36; 1/96; 1/216; 3/8; 4/3; 9/4,reciprocal_integer,This is a bounded computational sample. It does not prove the complete associate-class structure of the infinite monoid. Non-singleton class: elements are associates within the sample.
25,31/12,4,31/12; 31/72; 31/432; 31/2592,1/6; 1/36; 1/216,reciprocal_integer,This is a bounded computational sample. It does not prove the complete associate-class structure of the infinite monoid. Non-singleton class: elements are associates within the sample.
26,35/32,3,35/32; 35/81; 35/486,16/243; 32/81,reciprocal_integer,This is a bounded computational sample. It does not prove the complete associate-class structure of the infinite monoid. Non-singleton class: elements are associates within the sample.
27,35/81,3,35/81; 35/486; 70/27,1/6,reciprocal_integer,This is a bounded computational sample. It does not prove the complete associate-class structure of the infinite monoid. Non-singleton class: elements are associates within the sample.
28,37/12,18,37/12; 37/18; 37/24; 37/27; 37/36; 37/72; 37/108; 37/144; 37/162; 37/216; 37/432; 37/648; 37/864; 37/972; 37/1296; 37/2592; 37/3888; 37/7776,1/2; 1/3; 1/6; 1/12; 1/18; 1/36; 1/72; 1/108; 1/216; 1/648; 2; 3; 3/2; 9/4,reciprocal_integer,This is a bounded computational sample. It does not prove the complete associate-class structure of the infinite monoid. Non-singleton class: elements are associates within the sample.
29,41/12,8,41/12; 41/72; 41/81; 41/432; 41/486; 41/2592; 82/27; 328/243,1/6; 1/36; 1/216; 32/81,reciprocal_integer,This is a bounded computational sample. It does not prove the complete associate-class structure of the infinite monoid. Non-singleton class: elements are associates within the sample.
30,41/12,10,41/12; 41/16; 41/72; 41/81; 41/96; 41/432; 41/486; 41/2592; 82/27; 328/243,1/6; 1/36; 1/216; 4/3; 32/81,reciprocal_integer,This is a bounded computational sample. It does not prove the complete associate-class structure of the infinite monoid. Non-singleton class: elements are associates within the sample.
31,43/12,16,43/12; 43/18; 43/27; 43/32; 43/36; 43/72; 43/108; 43/162; 43/216; 43/432; 43/648; 43/972; 43/1296; 43/2592; 43/3888; 43/7776,1/3; 1/6; 1/18; 1/36; 1/108; 1/216; 1/648; 3; 3/2; 3/8; 9/4,reciprocal_integer,This is a bounded computational sample. It does not prove the complete associate-class structure of the infinite monoid. Non-singleton class: elements are associates within the sample.
32,43/12,17,43/12; 43/18; 43/27; 43/32; 43/36; 43/72; 43/108; 43/162; 43/216; 43/243; 43/432; 43/648; 43/972; 43/1296; 43/2592; 43/3888; 43/7776,1/3; 1/6; 1/18; 1/36; 1/108; 1/216; 1/648; 3; 3/2; 3/8; 9/4,reciprocal_integer,This is a bounded computational sample. It does not prove the complete associate-class structure of the infinite monoid. Non-singleton class: elements are associates within the sample.
33,43/12,18,43/12; 43/18; 43/27; 43/32; 43/36; 43/72; 43/108; 43/162; 43/216; 43/243; 43/432; 43/648; 43/972; 43/1296; 43/2592; 43/3888; 43/7776; 86/81,1/3; 1/6; 1/18; 1/36; 1/108; 1/216; 1/648; 3; 3/2; 3/8; 9/4; 27/8,reciprocal_integer,This is a bounded computational sample. It does not prove the complete associate-class structure of the infinite monoid. Non-singleton class: elements are associates within the sample.
34,49/16,4,49/16; 49/96; 49/243; 98/81,1/6; 16/243; 32/81,reciprocal_integer,This is a bounded computational sample. It does not prove the complete associate-class structure of the infinite monoid. Non-singleton class: elements are associates within the sample.
35,49/16,7,49/16; 49/24; 49/96; 49/144; 49/243; 49/864; 98/81,1/6; 3/2; 16/243; 32/81,reciprocal_integer,This is a bounded computational sample. It does not prove the complete associate-class structure of the infinite monoid. Non-singleton class: elements are associates within the sample.
36,49/16,11,49/16; 49/24; 49/36; 49/96; 49/144; 49/216; 49/243; 49/864; 49/1296; 49/7776; 98/81,1/6; 3/2; 9/4; 16/243; 32/81,reciprocal_integer,This is a bounded computational sample. It does not prove the complete associate-class structure of the infinite monoid. Non-singleton class: elements are associates within the sample.
37,53/24,3,53/24; 53/144; 53/864,1/6; 1/36,reciprocal_integer,This is a bounded computational sample. It does not prove the complete associate-class structure of the infinite monoid. Non-singleton class: elements are associates within the sample.
38,55/18,11,55/18; 55/27; 55/36; 55/108; 55/162; 55/216; 55/648; 55/972; 55/1296; 55/3888; 55/7776,1/2; 1/6; 1/12; 1/36; 1/72; 1/216; 1/432; 2; 3/2,reciprocal_integer,This is a bounded computational sample. It does not prove the complete associate-class structure of the infinite monoid. Non-singleton class: elements are associates within the sample.
39,59/48,2,59/48; 59/288,1/6,reciprocal_integer,This is a bounded computational sample. It does not prove the complete associate-class structure of the infinite monoid. Non-singleton class: elements are associates within the sample.
40,59/54,3,59/54; 59/324; 59/1944,1/6; 1/36,reciprocal_integer,This is a bounded computational sample. It does not prove the complete associate-class structure of the infinite monoid. Non-singleton class: elements are associates within the sample.
41,61/18,4,61/18; 61/108; 61/648; 61/3888,1/6; 1/36; 1/216,reciprocal_integer,This is a bounded computational sample. It does not prove the complete associate-class structure of the infinite monoid. Non-singleton class: elements are associates within the sample.
42,61/18,12,61/18; 61/24; 61/27; 61/108; 61/144; 61/162; 61/243; 61/648; 61/864; 61/972; 61/3888; 122/81,1/6; 1/36; 1/216; 3/2; 4/3; 9/4,reciprocal_integer,This is a bounded computational sample. It does not prove the complete associate-class structure of the infinite monoid. Non-singleton class: elements are associates within the sample.
43,65/54,3,65/54; 65/324; 65/1944,1/6; 1/36,reciprocal_integer,This is a bounded computational sample. It does not prove the complete associate-class structure of the infinite monoid. Non-singleton class: elements are associates within the sample.
44,65/54,4,65/54; 65/324; 65/1944; 130/243,1/6; 1/36; 9/4,reciprocal_integer,This is a bounded computational sample. It does not prove the complete associate-class structure of the infinite monoid. Non-singleton class: elements are associates within the sample.
45,65/54,5,65/54; 65/324; 65/1944; 130/243; 260/81,1/6; 1/36; 3/8; 9/4,reciprocal_integer,This is a bounded computational sample. It does not prove the complete associate-class structure of the infinite monoid. Non-singleton class: elements are associates within the sample.
46,67/32,1,67/32,1,reciprocal_integer,This is a bounded computational sample. It does not prove the complete associate-class structure of the infinite monoid.
47,67/32,3,67/32; 67/48; 67/288,3/2,reciprocal_integer,This is a bounded computational sample. It does not prove the complete associate-class structure of the infinite monoid. Non-singleton class: elements are associates within the sample.
48,73/24,11,73/24; 73/36; 73/72; 73/144; 73/216; 73/432; 73/864; 73/1296; 73/2592; 73/7776; 292/243,1/3; 1/6; 1/18; 1/36; 1/108; 3; 3/2; 32/81,reciprocal_integer,This is a bounded computational sample. It does not prove the complete associate-class structure of the infinite monoid. Non-singleton class: elements are associates within the sample.
49,77/24,9,77/24; 77/54; 77/72; 77/144; 77/324; 77/432; 77/864; 77/1944; 77/2592,1/3; 1/6; 1/18; 1/36; 1/108; 3; 9/4,reciprocal_integer,This is a bounded computational sample. It does not prove the complete associate-class structure of the infinite monoid. Non-singleton class: elements are associates within the sample.
50,77/24,10,77/24; 77/54; 77/72; 77/144; 77/324; 77/432; 77/864; 77/1944; 77/2592; 616/243,1/3; 1/6; 1/18; 1/36; 1/108; 3; 9/4,reciprocal_integer,This is a bounded computational sample. It does not prove the complete associate-class structure of the infinite monoid. Non-singleton class: elements are associates within the sample.
51,79/36,7,79/36; 79/72; 79/216; 79/432; 79/1296; 79/2592; 79/7776,1/2; 1/6; 1/12; 1/36; 1/72; 1/216; 2,reciprocal_integer,This is a bounded computational sample. It does not prove the complete associate-class structure of the infinite monoid. Non-singleton class: elements are associates within the sample.
52,83/32,4,83/32; 83/54; 83/324; 83/1944,4/243; 8/81; 16/27,reciprocal_integer,This is a bounded computational sample. It does not prove the complete associate-class structure of the infinite monoid. Non-singleton class: elements are associates within the sample.
53,85/24,13,85/24; 85/36; 85/72; 85/144; 85/216; 85/243; 85/432; 85/864; 85/1296; 85/2592; 85/7776; 170/81; 340/243,1/3; 1/6; 1/18; 1/36; 1/108; 3; 3/2; 8/81; 16/27; 32/81,reciprocal_integer,This is a bounded computational sample. It does not prove the complete associate-class structure of the infinite monoid. Non-singleton class: elements are associates within the sample.
54,89/72,3,89/72; 89/432; 89/2592,1/6; 1/36,reciprocal_integer,This is a bounded computational sample. It does not prove the complete associate-class structure of the infinite monoid. Non-singleton class: elements are associates within the sample.
55,89/81,2,89/81; 89/486,1/6,reciprocal_integer,This is a bounded computational sample. It does not prove the complete associate-class structure of the infinite monoid. Non-singleton class: elements are associates within the sample.
56,91/27,10,91/27; 91/36; 91/72; 91/162; 91/216; 91/432; 91/972; 91/1296; 91/2592; 91/7776,1/6; 1/16; 1/36; 1/96; 3/8; 4/3,reciprocal_integer,This is a bounded computational sample. It does not prove the complete associate-class structure of the infinite monoid. Non-singleton class: elements are associates within the sample.
57,95/81,2,95/81; 95/486,1/6,reciprocal_integer,This is a bounded computational sample. It does not prove the complete associate-class structure of the infinite monoid. Non-singleton class: elements are associates within the sample.
58,97/27,6,97/27; 97/72; 97/162; 97/432; 97/972; 97/2592,1/6; 1/16; 1/36; 1/96; 3/8,reciprocal_integer,This is a bounded computational sample. It does not prove the complete associate-class structure of the infinite monoid. Non-singleton class: elements are associates within the sample.
59,97/27,8,97/27; 97/72; 97/96; 97/162; 97/243; 97/432; 97/972; 97/2592,1/6; 1/16; 1/36; 1/96; 3/8; 32/9,reciprocal_integer,This is a bounded computational sample. It does not prove the complete associate-class structure of the infinite monoid. Non-singleton class: elements are associates within the sample.
60,97/27,8,97/27; 97/72; 97/162; 97/243; 97/432; 97/972; 97/2592; 194/81,1/6; 1/16; 1/36; 1/96; 3/2; 3/8,reciprocal_integer,This is a bounded computational sample. It does not prove the complete associate-class structure of the infinite monoid. Non-singleton class: elements are associates within the sample.
61,101/72,3,101/72; 101/432; 101/2592,1/6; 1/36,reciprocal_integer,This is a bounded computational sample. It does not prove the complete associate-class structure of the infinite monoid. Non-singleton class: elements are associates within the sample.
62,103/72,3,103/72; 103/432; 103/2592,1/6; 1/36,reciprocal_integer,This is a bounded computational sample. It does not prove the complete associate-class structure of the infinite monoid. Non-singleton class: elements are associates within the sample.
63,103/72,4,103/72; 103/243; 103/432; 103/2592,1/6; 1/36; 27/8,reciprocal_integer,This is a bounded computational sample. It does not prove the complete associate-class structure of the infinite monoid. Non-singleton class: elements are associates within the sample.
64,103/72,5,103/72; 103/243; 103/432; 103/2592; 206/81,1/6; 1/36; 9/16; 27/8,reciprocal_integer,This is a bounded computational sample. It does not prove the complete associate-class structure of the infinite monoid. Non-singleton class: elements are associates within the sample.
65,107/32,1,107/32,1,reciprocal_integer,This is a bounded computational sample. It does not prove the complete associate-class structure of the infinite monoid.
66,107/32,3,107/32; 107/48; 107/288,3/2,reciprocal_integer,This is a bounded computational sample. It does not prove the complete associate-class structure of the infinite monoid. Non-singleton class: elements are associates within the sample.
67,109/36,10,109/36; 109/72; 109/108; 109/216; 109/432; 109/648; 109/1296; 109/2592; 109/3888; 109/7776,1/2; 1/3; 1/6; 1/12; 1/18; 1/36; 1/72; 1/108; 1/216; 2; 3,reciprocal_integer,This is a bounded computational sample. It does not prove the complete associate-class structure of the infinite monoid. Non-singleton class: elements are associates within the sample.
68,113/54,7,113/54; 113/72; 113/96; 113/324; 113/432; 113/1944; 113/2592,1/6; 1/36; 4/3; 9/16,reciprocal_integer,This is a bounded computational sample. It does not prove the complete associate-class structure of the infinite monoid. Non-singleton class: elements are associates within the sample.
69,113/54,9,113/54; 113/72; 113/81; 113/96; 113/324; 113/432; 113/486; 113/1944; 113/2592,1/6; 1/36; 3/2; 4/3; 9/16,reciprocal_integer,This is a bounded computational sample. It does not prove the complete associate-class structure of the infinite monoid. Non-singleton class: elements are associates within the sample.
70,115/32,1,115/32,1,reciprocal_integer,This is a bounded computational sample. It does not prove the complete associate-class structure of the infinite monoid.
71,115/32,13,115/32; 115/36; 115/48; 115/72; 115/108; 115/216; 115/288; 115/432; 115/648; 115/1296; 115/2592; 115/3888; 115/7776,3/2; 9/4; 27/8,reciprocal_integer,This is a bounded computational sample. It does not prove the complete associate-class structure of the infinite monoid. Non-singleton class: elements are associates within the sample.
72,119/54,3,119/54; 119/324; 119/1944,1/6; 1/36,reciprocal_integer,This is a bounded computational sample. It does not prove the complete associate-class structure of the infinite monoid. Non-singleton class: elements are associates within the sample.
73,121/36,5,121/36; 121/96; 121/216; 121/1296; 121/7776,1/6; 1/36; 1/216; 3/8,reciprocal_integer,This is a bounded computational sample. It does not prove the complete associate-class structure of the infinite monoid. Non-singleton class: elements are associates within the sample.
74,124/243,1,124/243,1,reciprocal_integer,This is a bounded computational sample. It does not prove the complete associate-class structure of the infinite monoid.
75,124/243,2,124/243; 248/81,1/6,reciprocal_integer,This is a bounded computational sample. It does not prove the complete associate-class structure of the infinite monoid. Non-singleton class: elements are associates within the sample.
76,125/81,2,125/81; 125/486,1/6,reciprocal_integer,This is a bounded computational sample. It does not prove the complete associate-class structure of the infinite monoid. Non-singleton class: elements are associates within the sample.
77,125/81,3,125/81; 125/486; 250/243,1/6; 3/2,reciprocal_integer,This is a bounded computational sample. It does not prove the complete associate-class structure of the infinite monoid. Non-singleton class: elements are associates within the sample.
78,127/36,8,127/36; 127/108; 127/216; 127/648; 127/1296; 127/3888; 127/7776; 508/243,1/3; 1/6; 1/18; 1/36; 1/108; 1/216; 3; 16/27,reciprocal_integer,This is a bounded computational sample. It does not prove the complete associate-class structure of the infinite monoid. Non-singleton class: elements are associates within the sample.
79,131/54,3,131/54; 131/324; 131/1944,1/6; 1/36,reciprocal_integer,This is a bounded computational sample. It does not prove the complete associate-class structure of the infinite monoid. Non-singleton class: elements are associates within the sample.
80,133/108,3,133/108; 133/648; 133/3888,1/6; 1/36,reciprocal_integer,This is a bounded computational sample. It does not prove the complete associate-class structure of the infinite monoid. Non-singleton class: elements are associates within the sample.
81,137/54,4,137/54; 137/96; 137/324; 137/1944,1/6; 1/36; 9/16,reciprocal_integer,This is a bounded computational sample. It does not prove the complete associate-class structure of the infinite monoid. Non-singleton class: elements are associates within the sample.
82,139/243,1,139/243,1,reciprocal_integer,This is a bounded computational sample. It does not prove the complete associate-class structure of the infinite monoid.
83,139/243,2,139/243; 278/81,1/6,reciprocal_integer,This is a bounded computational sample. It does not prove the complete associate-class structure of the infinite monoid. Non-singleton class: elements are associates within the sample.
84,142/243,1,142/243,1,reciprocal_integer,This is a bounded computational sample. It does not prove the complete associate-class structure of the infinite monoid.
85,142/243,2,142/243; 284/81,1/6,reciprocal_integer,This is a bounded computational sample. It does not prove the complete associate-class structure of the infinite monoid. Non-singleton class: elements are associates within the sample.
86,145/72,9,145/72; 145/96; 145/108; 145/144; 145/432; 145/648; 145/864; 145/2592; 145/3888,1/2; 1/6; 1/12; 1/36; 2; 3/2; 4/3,reciprocal_integer,This is a bounded computational sample. It does not prove the complete associate-class structure of the infinite monoid. Non-singleton class: elements are associates within the sample.
87,149/72,5,149/72; 149/144; 149/432; 149/864; 149/2592,1/2; 1/6; 1/12; 1/36; 2,reciprocal_integer,This is a bounded computational sample. It does not prove the complete associate-class structure of the infinite monoid. Non-singleton class: elements are associates within the sample.
88,151/72,3,151/72; 151/432; 151/2592,1/6; 1/36,reciprocal_integer,This is a bounded computational sample. It does not prove the complete associate-class structure of the infinite monoid. Non-singleton class: elements are associates within the sample.
89,151/72,6,151/72; 151/108; 151/432; 151/648; 151/2592; 151/3888,1/6; 1/36; 3/2,reciprocal_integer,This is a bounded computational sample. It does not prove the complete associate-class structure of the infinite monoid. Non-singleton class: elements are associates within the sample.
90,155/48,2,155/48; 155/288,1/6,reciprocal_integer,This is a bounded computational sample. It does not prove the complete associate-class structure of the infinite monoid. Non-singleton class: elements are associates within the sample.
91,157/72,5,157/72; 157/144; 157/432; 157/864; 157/2592,1/2; 1/6; 1/12; 1/36; 2,reciprocal_integer,This is a bounded computational sample. It does not prove the complete associate-class structure of the infinite monoid. Non-singleton class: elements are associates within the sample.
92,161/72,3,161/72; 161/432; 161/2592,1/6; 1/36,reciprocal_integer,This is a bounded computational sample. It does not prove the complete associate-class structure of the infinite monoid. Non-singleton class: elements are associates within the sample.
93,163/48,2,163/48; 163/288,1/6,reciprocal_integer,This is a bounded computational sample. It does not prove the complete associate-class structure of the infinite monoid. Non-singleton class: elements are associates within the sample.
94,163/48,5,163/48; 163/72; 163/288; 163/432; 163/2592,1/6; 3/2,reciprocal_integer,This is a bounded computational sample. It does not prove the complete associate-class structure of the infinite monoid. Non-singleton class: elements are associates within the sample.
95,163/48,8,163/48; 163/72; 163/108; 163/288; 163/432; 163/648; 163/2592; 163/3888,1/6; 3/2; 9/4,reciprocal_integer,This is a bounded computational sample. It does not prove the complete associate-class structure of the infinite monoid. Non-singleton class: elements are associates within the sample.
96,163/48,10,163/48; 163/72; 163/108; 163/162; 163/288; 163/432; 163/648; 163/972; 163/2592; 163/3888,1/6; 3/2; 9/4; 27/8,reciprocal_integer,This is a bounded computational sample. It does not prove the complete associate-class structure of the infinite monoid. Non-singleton class: elements are associates within the sample.
97,167/54,3,167/54; 167/324; 167/1944,1/6; 1/36,reciprocal_integer,This is a bounded computational sample. It does not prove the complete associate-class structure of the infinite monoid. Non-singleton class: elements are associates within the sample.
98,167/54,5,167/54; 167/81; 167/324; 167/486; 167/1944,1/6; 1/36; 3/2,reciprocal_integer,This is a bounded computational sample. It does not prove the complete associate-class structure of the infinite monoid. Non-singleton class: elements are associates within the sample.
99,169/72,8,169/72; 169/108; 169/144; 169/432; 169/648; 169/864; 169/2592; 169/3888,1/2; 1/6; 1/12; 1/36; 2; 3/2,reciprocal_integer,This is a bounded computational sample. It does not prove the complete associate-class structure of the infinite monoid. Non-singleton class: elements are associates within the sample.
100,169/72,10,169/72; 169/108; 169/144; 169/162; 169/432; 169/648; 169/864; 169/972; 169/2592; 169/3888,1/2; 1/6; 1/12; 1/36; 2; 3/2; 9/4,reciprocal_integer,This is a bounded computational sample. It does not prove the complete associate-class structure of the infinite monoid. Non-singleton class: elements are associates within the sample.
101,173/54,9,173/54; 173/72; 173/144; 173/324; 173/432; 173/864; 173/1944; 173/2592; 346/243,1/6; 1/16; 1/36; 3/8; 4/3; 9/4,reciprocal_integer,This is a bounded computational sample. It does not prove the complete associate-class structure of the infinite monoid. Non-singleton class: elements are associates within the sample.
102,175/72,3,175/72; 175/432; 175/2592,1/6; 1/36,reciprocal_integer,This is a bounded computational sample. It does not prove the complete associate-class structure of the infinite monoid. Non-singleton class: elements are associates within the sample.
103,179/81,2,179/81; 179/486,1/6,reciprocal_integer,This is a bounded computational sample. It does not prove the complete associate-class structure of the infinite monoid. Non-singleton class: elements are associates within the sample.
104,181/72,5,181/72; 181/144; 181/432; 181/864; 181/2592,1/2; 1/6; 1/12; 1/36; 2,reciprocal_integer,This is a bounded computational sample. It does not prove the complete associate-class structure of the infinite monoid. Non-singleton class: elements are associates within the sample.
105,185/54,3,185/54; 185/324; 185/1944,1/6; 1/36,reciprocal_integer,This is a bounded computational sample. It does not prove the complete associate-class structure of the infinite monoid. Non-singleton class: elements are associates within the sample.
106,185/54,6,185/54; 185/72; 185/324; 185/432; 185/1944; 185/2592,1/6; 1/36; 4/3,reciprocal_integer,This is a bounded computational sample. It does not prove the complete associate-class structure of the infinite monoid. Non-singleton class: elements are associates within the sample.
107,187/72,3,187/72; 187/432; 187/2592,1/6; 1/36,reciprocal_integer,This is a bounded computational sample. It does not prove the complete associate-class structure of the infinite monoid. Non-singleton class: elements are associates within the sample.
108,191/54,3,191/54; 191/324; 191/1944,1/6; 1/36,reciprocal_integer,This is a bounded computational sample. It does not prove the complete associate-class structure of the infinite monoid. Non-singleton class: elements are associates within the sample.
109,191/54,4,191/54; 191/324; 191/1944; 382/243,1/6; 1/36; 9/4,reciprocal_integer,This is a bounded computational sample. It does not prove the complete associate-class structure of the infinite monoid. Non-singleton class: elements are associates within the sample.
110,193/96,1,193/96,1,reciprocal_integer,This is a bounded computational sample. It does not prove the complete associate-class structure of the infinite monoid.
111,193/96,3,193/96; 193/144; 193/864,3/2,reciprocal_integer,This is a bounded computational sample. It does not prove the complete associate-class structure of the infinite monoid. Non-singleton class: elements are associates within the sample.
112,197/81,4,197/81; 197/144; 197/486; 197/864,1/6; 3/32; 9/16,reciprocal_integer,This is a bounded computational sample. It does not prove the complete associate-class structure of the infinite monoid. Non-singleton class: elements are associates within the sample.
113,199/162,2,199/162; 199/972,1/6,reciprocal_integer,This is a bounded computational sample. It does not prove the complete associate-class structure of the infinite monoid. Non-singleton class: elements are associates within the sample.
114,203/81,2,203/81; 203/486,1/6,reciprocal_integer,This is a bounded computational sample. It does not prove the complete associate-class structure of the infinite monoid. Non-singleton class: elements are associates within the sample.
115,205/144,2,205/144; 205/864,1/6,reciprocal_integer,This is a bounded computational sample. It does not prove the complete associate-class structure of the infinite monoid. Non-singleton class: elements are associates within the sample.
116,205/162,2,205/162; 205/972,1/6,reciprocal_integer,This is a bounded computational sample. It does not prove the complete associate-class structure of the infinite monoid. Non-singleton class: elements are associates within the sample.
117,209/96,1,209/96,1,reciprocal_integer,This is a bounded computational sample. It does not prove the complete associate-class structure of the infinite monoid.
118,217/72,15,217/72; 217/96; 217/108; 217/144; 217/162; 217/216; 217/432; 217/648; 217/864; 217/972; 217/1296; 217/2592; 217/3888; 217/7776; 868/243,1/2; 1/3; 1/6; 1/12; 1/18; 1/36; 1/108; 2; 3; 3/2; 4/3; 9/4,reciprocal_integer,This is a bounded computational sample. It does not prove the complete associate-class structure of the infinite monoid. Non-singleton class: elements are associates within the sample.
119,221/72,5,221/72; 221/144; 221/432; 221/864; 221/2592,1/2; 1/6; 1/12; 1/36; 2,reciprocal_integer,This is a bounded computational sample. It does not prove the complete associate-class structure of the infinite monoid. Non-singleton class: elements are associates within the sample.
120,223/72,11,223/72; 223/108; 223/162; 223/216; 223/432; 223/648; 223/972; 223/1296; 223/2592; 223/3888; 223/7776,1/3; 1/6; 1/18; 1/36; 1/108; 3; 3/2; 9/4,reciprocal_integer,This is a bounded computational sample. It does not prove the complete associate-class structure of the infinite monoid. Non-singleton class: elements are associates within the sample.
121,229/72,8,229/72; 229/144; 229/216; 229/432; 229/864; 229/1296; 229/2592; 229/7776,1/2; 1/3; 1/6; 1/12; 1/18; 1/36; 1/108; 2; 3,reciprocal_integer,This is a bounded computational sample. It does not prove the complete associate-class structure of the infinite monoid. Non-singleton class: elements are associates within the sample.
122,233/72,3,233/72; 233/432; 233/2592,1/6; 1/36,reciprocal_integer,This is a bounded computational sample. It does not prove the complete associate-class structure of the infinite monoid. Non-singleton class: elements are associates within the sample.
123,233/72,4,233/72; 233/96; 233/432; 233/2592,1/6; 1/36; 4/3,reciprocal_integer,This is a bounded computational sample. It does not prove the complete associate-class structure of the infinite monoid. Non-singleton class: elements are associates within the sample.
124,235/72,9,235/72; 235/108; 235/216; 235/432; 235/648; 235/1296; 235/2592; 235/3888; 235/7776,1/3; 1/6; 1/18; 1/36; 1/108; 3; 3/2,reciprocal_integer,This is a bounded computational sample. It does not prove the complete associate-class structure of the infinite monoid. Non-singleton class: elements are associates within the sample.
125,241/72,3,241/72; 241/432; 241/2592,1/6; 1/36,reciprocal_integer,This is a bounded computational sample. It does not prove the complete associate-class structure of the infinite monoid. Non-singleton class: elements are associates within the sample.
126,241/72,4,241/72; 241/96; 241/432; 241/2592,1/6; 1/36; 4/3,reciprocal_integer,This is a bounded computational sample. It does not prove the complete associate-class structure of the infinite monoid. Non-singleton class: elements are associates within the sample.
127,241/72,6,241/72; 241/108; 241/432; 241/648; 241/2592; 241/3888,1/6; 1/36; 3/2,reciprocal_integer,This is a bounded computational sample. It does not prove the complete associate-class structure of the infinite monoid. Non-singleton class: elements are associates within the sample.
128,245/72,4,245/72; 245/432; 245/2592; 490/243,1/6; 1/36; 16/27,reciprocal_integer,This is a bounded computational sample. It does not prove the complete associate-class structure of the infinite monoid. Non-singleton class: elements are associates within the sample.
129,247/72,3,247/72; 247/432; 247/2592,1/6; 1/36,reciprocal_integer,This is a bounded computational sample. It does not prove the complete associate-class structure of the infinite monoid. Non-singleton class: elements are associates within the sample.
130,247/72,4,247/72; 247/243; 247/432; 247/2592,1/6; 1/36; 27/8,reciprocal_integer,This is a bounded computational sample. It does not prove the complete associate-class structure of the infinite monoid. Non-singleton class: elements are associates within the sample.
131,251/81,2,251/81; 251/486,1/6,reciprocal_integer,This is a bounded computational sample. It does not prove the complete associate-class structure of the infinite monoid. Non-singleton class: elements are associates within the sample.
132,251/81,3,251/81; 251/486; 502/243,1/6; 3/2,reciprocal_integer,This is a bounded computational sample. It does not prove the complete associate-class structure of the infinite monoid. Non-singleton class: elements are associates within the sample.
133,253/72,11,253/72; 253/108; 253/162; 253/216; 253/432; 253/648; 253/972; 253/1296; 253/2592; 253/3888; 253/7776,1/3; 1/6; 1/18; 1/36; 1/108; 3; 3/2; 9/4,reciprocal_integer,This is a bounded computational sample. It does not prove the complete associate-class structure of the infinite monoid. Non-singleton class: elements are associates within the sample.
134,257/72,3,257/72; 257/432; 257/2592,1/6; 1/36,reciprocal_integer,This is a bounded computational sample. It does not prove the complete associate-class structure of the infinite monoid. Non-singleton class: elements are associates within the sample.
135,257/81,2,257/81; 257/486,1/6,reciprocal_integer,This is a bounded computational sample. It does not prove the complete associate-class structure of the infinite monoid. Non-singleton class: elements are associates within the sample.
136,259/72,11,259/72; 259/108; 259/162; 259/216; 259/432; 259/648; 259/972; 259/1296; 259/2592; 259/3888; 259/7776,1/3; 1/6; 1/18; 1/36; 1/108; 3; 3/2; 9/4,reciprocal_integer,This is a bounded computational sample. It does not prove the complete associate-class structure of the infinite monoid. Non-singleton class: elements are associates within the sample.
137,259/72,12,259/72; 259/108; 259/162; 259/216; 259/243; 259/432; 259/648; 259/972; 259/1296; 259/2592; 259/3888; 259/7776,1/3; 1/6; 1/18; 1/36; 1/108; 3; 3/2; 9/4; 27/8,reciprocal_integer,This is a bounded computational sample. It does not prove the complete associate-class structure of the infinite monoid. Non-singleton class: elements are associates within the sample.
138,265/216,3,265/216; 265/1296; 265/7776,1/6; 1/36,reciprocal_integer,This is a bounded computational sample. It does not prove the complete associate-class structure of the infinite monoid. Non-singleton class: elements are associates within the sample.
139,265/243,1,265/243,1,reciprocal_integer,This is a bounded computational sample. It does not prove the complete associate-class structure of the infinite monoid.
140,271/108,6,271/108; 271/216; 271/648; 271/1296; 271/3888; 271/7776,1/2; 1/6; 1/12; 1/36; 1/72; 2,reciprocal_integer,This is a bounded computational sample. It does not prove the complete associate-class structure of the infinite monoid. Non-singleton class: elements are associates within the sample.
141,275/81,2,275/81; 275/486,1/6,reciprocal_integer,This is a bounded computational sample. It does not prove the complete associate-class structure of the infinite monoid. Non-singleton class: elements are associates within the sample.
142,277/108,3,277/108; 277/648; 277/3888,1/6; 1/36,reciprocal_integer,This is a bounded computational sample. It does not prove the complete associate-class structure of the infinite monoid. Non-singleton class: elements are associates within the sample.
143,286/243,1,286/243,1,reciprocal_integer,This is a bounded computational sample. It does not prove the complete associate-class structure of the infinite monoid.
144,287/81,2,287/81; 287/486,1/6,reciprocal_integer,This is a bounded computational sample. It does not prove the complete associate-class structure of the infinite monoid. Non-singleton class: elements are associates within the sample.
145,287/81,3,287/81; 287/486; 574/243,1/6; 3/2,reciprocal_integer,This is a bounded computational sample. It does not prove the complete associate-class structure of the infinite monoid. Non-singleton class: elements are associates within the sample.
146,289/96,1,289/96,1,reciprocal_integer,This is a bounded computational sample. It does not prove the complete associate-class structure of the infinite monoid.
147,289/96,3,289/96; 289/144; 289/864,3/2,reciprocal_integer,This is a bounded computational sample. It does not prove the complete associate-class structure of the infinite monoid. Non-singleton class: elements are associates within the sample.
148,289/96,6,289/96; 289/144; 289/216; 289/864; 289/1296; 289/7776,3/2; 9/4,reciprocal_integer,This is a bounded computational sample. It does not prove the complete associate-class structure of the infinite monoid. Non-singleton class: elements are associates within the sample.
149,293/144,2,293/144; 293/864,1/6,reciprocal_integer,This is a bounded computational sample. It does not prove the complete associate-class structure of the infinite monoid. Non-singleton class: elements are associates within the sample.
150,295/216,3,295/216; 295/1296; 295/7776,1/6; 1/36,reciprocal_integer,This is a bounded computational sample. It does not prove the complete associate-class structure of the infinite monoid. Non-singleton class: elements are associates within the sample.
151,299/288,1,299/288,1,reciprocal_integer,This is a bounded computational sample. It does not prove the complete associate-class structure of the infinite monoid.
152,301/144,3,301/144; 301/243; 301/864,1/6; 16/27,reciprocal_integer,This is a bounded computational sample. It does not prove the complete associate-class structure of the infinite monoid. Non-singleton class: elements are associates within the sample.
153,301/144,6,301/144; 301/216; 301/243; 301/864; 301/1296; 301/7776,1/6; 3/2; 16/27,reciprocal_integer,This is a bounded computational sample. It does not prove the complete associate-class structure of the infinite monoid. Non-singleton class: elements are associates within the sample.
154,305/96,1,305/96,1,reciprocal_integer,This is a bounded computational sample. It does not prove the complete associate-class structure of the infinite monoid.
155,307/216,3,307/216; 307/1296; 307/7776,1/6; 1/36,reciprocal_integer,This is a bounded computational sample. It does not prove the complete associate-class structure of the infinite monoid. Non-singleton class: elements are associates within the sample.
156,307/216,4,307/216; 307/288; 307/1296; 307/7776,1/6; 1/36; 4/3,reciprocal_integer,This is a bounded computational sample. It does not prove the complete associate-class structure of the infinite monoid. Non-singleton class: elements are associates within the sample.
157,313/96,1,313/96,1,reciprocal_integer,This is a bounded computational sample. It does not prove the complete associate-class structure of the infinite monoid.
158,313/96,3,313/96; 313/144; 313/864,3/2,reciprocal_integer,This is a bounded computational sample. It does not prove the complete associate-class structure of the infinite monoid. Non-singleton class: elements are associates within the sample.
159,317/144,2,317/144; 317/864,1/6,reciprocal_integer,This is a bounded computational sample. It does not prove the complete associate-class structure of the infinite monoid. Non-singleton class: elements are associates within the sample.
160,325/108,10,325/108; 325/144; 325/162; 325/216; 325/648; 325/864; 325/972; 325/1296; 325/3888; 325/7776,1/2; 1/6; 1/12; 1/36; 1/72; 2; 3/2; 4/3,reciprocal_integer,This is a bounded computational sample. It does not prove the complete associate-class structure of the infinite monoid. Non-singleton class: elements are associates within the sample.
161,329/96,1,329/96,1,reciprocal_integer,This is a bounded computational sample. It does not prove the complete associate-class structure of the infinite monoid.
162,329/96,3,329/96; 329/324; 329/1944,27/8,reciprocal_integer,This is a bounded computational sample. It does not prove the complete associate-class structure of the infinite monoid. Non-singleton class: elements are associates within the sample.
163,331/108,8,331/108; 331/162; 331/216; 331/648; 331/972; 331/1296; 331/3888; 331/7776,1/2; 1/6; 1/12; 1/36; 1/72; 2; 3/2,reciprocal_integer,This is a bounded computational sample. It does not prove the complete associate-class structure of the infinite monoid. Non-singleton class: elements are associates within the sample.
164,331/108,9,331/108; 331/162; 331/216; 331/243; 331/648; 331/972; 331/1296; 331/3888; 331/7776,1/2; 1/6; 1/12; 1/36; 1/72; 2; 3/2; 9/4,reciprocal_integer,This is a bounded computational sample. It does not prove the complete associate-class structure of the infinite monoid. Non-singleton class: elements are associates within the sample.
165,335/324,2,335/324; 335/1944,1/6,reciprocal_integer,This is a bounded computational sample. It does not prove the complete associate-class structure of the infinite monoid. Non-singleton class: elements are associates within the sample.
166,337/96,1,337/96,1,reciprocal_integer,This is a bounded computational sample. It does not prove the complete associate-class structure of the infinite monoid.
167,337/96,3,337/96; 337/144; 337/864,3/2,reciprocal_integer,This is a bounded computational sample. It does not prove the complete associate-class structure of the infinite monoid. Non-singleton class: elements are associates within the sample.
168,337/96,6,337/96; 337/144; 337/216; 337/864; 337/1296; 337/7776,3/2; 9/4,reciprocal_integer,This is a bounded computational sample. It does not prove the complete associate-class structure of the infinite monoid. Non-singleton class: elements are associates within the sample.
169,341/144,2,341/144; 341/864,1/6,reciprocal_integer,This is a bounded computational sample. It does not prove the complete associate-class structure of the infinite monoid. Non-singleton class: elements are associates within the sample.
170,343/108,6,343/108; 343/216; 343/648; 343/1296; 343/3888; 343/7776,1/2; 1/6; 1/12; 1/36; 1/72; 2,reciprocal_integer,This is a bounded computational sample. It does not prove the complete associate-class structure of the infinite monoid. Non-singleton class: elements are associates within the sample.
171,347/288,1,347/288,1,reciprocal_integer,This is a bounded computational sample. It does not prove the complete associate-class structure of the infinite monoid.
172,347/324,2,347/324; 347/1944,1/6,reciprocal_integer,This is a bounded computational sample. It does not prove the complete associate-class structure of the infinite monoid. Non-singleton class: elements are associates within the sample.
173,349/108,3,349/108; 349/648; 349/3888,1/6; 1/36,reciprocal_integer,This is a bounded computational sample. It does not prove the complete associate-class structure of the infinite monoid. Non-singleton class: elements are associates within the sample.
174,349/108,5,349/108; 349/144; 349/648; 349/864; 349/3888,1/6; 1/36; 4/3,reciprocal_integer,This is a bounded computational sample. It does not prove the complete associate-class structure of the infinite monoid. Non-singleton class: elements are associates within the sample.
175,353/324,2,353/324; 353/1944,1/6,reciprocal_integer,This is a bounded computational sample. It does not prove the complete associate-class structure of the infinite monoid. Non-singleton class: elements are associates within the sample.
176,355/288,1,355/288,1,reciprocal_integer,This is a bounded computational sample. It does not prove the complete associate-class structure of the infinite monoid.
177,361/108,3,361/108; 361/648; 361/3888,1/6; 1/36,reciprocal_integer,This is a bounded computational sample. It does not prove the complete associate-class structure of the infinite monoid. Non-singleton class: elements are associates within the sample.
178,361/108,5,361/108; 361/144; 361/648; 361/864; 361/3888,1/6; 1/36; 4/3,reciprocal_integer,This is a bounded computational sample. It does not prove the complete associate-class structure of the infinite monoid. Non-singleton class: elements are associates within the sample.
179,361/108,5,361/108; 361/162; 361/648; 361/972; 361/3888,1/6; 1/36; 3/2,reciprocal_integer,This is a bounded computational sample. It does not prove the complete associate-class structure of the infinite monoid. Non-singleton class: elements are associates within the sample.
180,365/144,2,365/144; 365/864,1/6,reciprocal_integer,This is a bounded computational sample. It does not prove the complete associate-class structure of the infinite monoid. Non-singleton class: elements are associates within the sample.
181,367/108,3,367/108; 367/648; 367/3888,1/6; 1/36,reciprocal_integer,This is a bounded computational sample. It does not prove the complete associate-class structure of the infinite monoid. Non-singleton class: elements are associates within the sample.
182,367/108,5,367/108; 367/162; 367/648; 367/972; 367/3888,1/6; 1/36; 3/2,reciprocal_integer,This is a bounded computational sample. It does not prove the complete associate-class structure of the infinite monoid. Non-singleton class: elements are associates within the sample.
183,367/108,6,367/108; 367/162; 367/243; 367/648; 367/972; 367/3888,1/6; 1/36; 3/2; 9/4,reciprocal_integer,This is a bounded computational sample. It does not prove the complete associate-class structure of the infinite monoid. Non-singleton class: elements are associates within the sample.
184,373/144,3,373/144; 373/243; 373/864,1/6; 16/27,reciprocal_integer,This is a bounded computational sample. It does not prove the complete associate-class structure of the infinite monoid. Non-singleton class: elements are associates within the sample.
185,379/108,3,379/108; 379/648; 379/3888,1/6; 1/36,reciprocal_integer,This is a bounded computational sample. It does not prove the complete associate-class structure of the infinite monoid. Non-singleton class: elements are associates within the sample.
186,379/108,5,379/108; 379/162; 379/648; 379/972; 379/3888,1/6; 1/36; 3/2,reciprocal_integer,This is a bounded computational sample. It does not prove the complete associate-class structure of the infinite monoid. Non-singleton class: elements are associates within the sample.
187,383/324,2,383/324; 383/1944,1/6,reciprocal_integer,This is a bounded computational sample. It does not prove the complete associate-class structure of the infinite monoid. Non-singleton class: elements are associates within the sample.
188,385/108,3,385/108; 385/648; 385/3888,1/6; 1/36,reciprocal_integer,This is a bounded computational sample. It does not prove the complete associate-class structure of the infinite monoid. Non-singleton class: elements are associates within the sample.
189,385/108,5,385/108; 385/162; 385/648; 385/972; 385/3888,1/6; 1/36; 3/2,reciprocal_integer,This is a bounded computational sample. It does not prove the complete associate-class structure of the infinite monoid. Non-singleton class: elements are associates within the sample.
190,385/108,6,385/108; 385/162; 385/243; 385/648; 385/972; 385/3888,1/6; 1/36; 3/2; 9/4,reciprocal_integer,This is a bounded computational sample. It does not prove the complete associate-class structure of the infinite monoid. Non-singleton class: elements are associates within the sample.
191,389/324,2,389/324; 389/1944,1/6,reciprocal_integer,This is a bounded computational sample. It does not prove the complete associate-class structure of the infinite monoid. Non-singleton class: elements are associates within the sample.
192,389/324,3,389/324; 389/1944; 778/243,1/6; 3/8,reciprocal_integer,This is a bounded computational sample. It does not prove the complete associate-class structure of the infinite monoid. Non-singleton class: elements are associates within the sample.
193,395/288,1,395/288,1,reciprocal_integer,This is a bounded computational sample. It does not prove the complete associate-class structure of the infinite monoid.
194,401/324,2,401/324; 401/1944,1/6,reciprocal_integer,This is a bounded computational sample. It does not prove the complete associate-class structure of the infinite monoid. Non-singleton class: elements are associates within the sample.
195,403/288,1,403/288,1,reciprocal_integer,This is a bounded computational sample. It does not prove the complete associate-class structure of the infinite monoid.
196,407/324,2,407/324; 407/1944,1/6,reciprocal_integer,This is a bounded computational sample. It does not prove the complete associate-class structure of the infinite monoid. Non-singleton class: elements are associates within the sample.
197,407/324,3,407/324; 407/1944; 814/243,1/6; 3/8,reciprocal_integer,This is a bounded computational sample. It does not prove the complete associate-class structure of the infinite monoid. Non-singleton class: elements are associates within the sample.
198,415/162,2,415/162; 415/972,1/6,reciprocal_integer,This is a bounded computational sample. It does not prove the complete associate-class structure of the infinite monoid. Non-singleton class: elements are associates within the sample.
199,421/162,2,421/162; 421/972,1/6,reciprocal_integer,This is a bounded computational sample. It does not prove the complete associate-class structure of the infinite monoid. Non-singleton class: elements are associates within the sample.
200,433/144,7,433/144; 433/216; 433/432; 433/864; 433/1296; 433/2592; 433/7776,1/3; 1/6; 1/18; 3; 3/2,reciprocal_integer,This is a bounded computational sample. It does not prove the complete associate-class structure of the infinite monoid. Non-singleton class: elements are associates within the sample.
201,437/144,6,437/144; 437/324; 437/432; 437/864; 437/1944; 437/2592,1/3; 1/6; 1/18; 3; 9/4,reciprocal_integer,This is a bounded computational sample. It does not prove the complete associate-class structure of the infinite monoid. Non-singleton class: elements are associates within the sample.
202,439/216,5,439/216; 439/432; 439/1296; 439/2592; 439/7776,1/2; 1/6; 1/12; 1/36; 2,reciprocal_integer,This is a bounded computational sample. It does not prove the complete associate-class structure of the infinite monoid. Non-singleton class: elements are associates within the sample.
203,443/288,1,443/288,1,reciprocal_integer,This is a bounded computational sample. It does not prove the complete associate-class structure of the infinite monoid.
204,443/324,2,443/324; 443/1944,1/6,reciprocal_integer,This is a bounded computational sample. It does not prove the complete associate-class structure of the infinite monoid. Non-singleton class: elements are associates within the sample.
205,445/144,7,445/144; 445/216; 445/432; 445/864; 445/1296; 445/2592; 445/7776,1/3; 1/6; 1/18; 3; 3/2,reciprocal_integer,This is a bounded computational sample. It does not prove the complete associate-class structure of the infinite monoid. Non-singleton class: elements are associates within the sample.
206,449/432,2,449/432; 449/2592,1/6,reciprocal_integer,This is a bounded computational sample. It does not prove the complete associate-class structure of the infinite monoid. Non-singleton class: elements are associates within the sample.
207,451/216,6,451/216; 451/288; 451/432; 451/1296; 451/2592; 451/7776,1/2; 1/6; 1/12; 1/36; 2; 4/3,reciprocal_integer,This is a bounded computational sample. It does not prove the complete associate-class structure of the infinite monoid. Non-singleton class: elements are associates within the sample.
208,455/324,2,455/324; 455/1944,1/6,reciprocal_integer,This is a bounded computational sample. It does not prove the complete associate-class structure of the infinite monoid. Non-singleton class: elements are associates within the sample.
209,457/144,4,457/144; 457/432; 457/864; 457/2592,1/3; 1/6; 1/18; 3,reciprocal_integer,This is a bounded computational sample. It does not prove the complete associate-class structure of the infinite monoid. Non-singleton class: elements are associates within the sample.
210,461/144,6,461/144; 461/324; 461/432; 461/864; 461/1944; 461/2592,1/3; 1/6; 1/18; 3; 9/4,reciprocal_integer,This is a bounded computational sample. It does not prove the complete associate-class structure of the infinite monoid. Non-singleton class: elements are associates within the sample.
211,463/432,2,463/432; 463/2592,1/6,reciprocal_integer,This is a bounded computational sample. It does not prove the complete associate-class structure of the infinite monoid. Non-singleton class: elements are associates within the sample.
212,469/144,7,469/144; 469/216; 469/432; 469/864; 469/1296; 469/2592; 469/7776,1/3; 1/6; 1/18; 3; 3/2,reciprocal_integer,This is a bounded computational sample. It does not prove the complete associate-class structure of the infinite monoid. Non-singleton class: elements are associates within the sample.
213,473/432,2,473/432; 473/2592,1/6,reciprocal_integer,This is a bounded computational sample. It does not prove the complete associate-class structure of the infinite monoid. Non-singleton class: elements are associates within the sample.
214,475/216,5,475/216; 475/432; 475/1296; 475/2592; 475/7776,1/2; 1/6; 1/12; 1/36; 2,reciprocal_integer,This is a bounded computational sample. It does not prove the complete associate-class structure of the infinite monoid. Non-singleton class: elements are associates within the sample.
215,481/144,2,481/144; 481/864,1/6,reciprocal_integer,This is a bounded computational sample. It does not prove the complete associate-class structure of the infinite monoid. Non-singleton class: elements are associates within the sample.
216,481/144,5,481/144; 481/216; 481/864; 481/1296; 481/7776,1/6; 3/2,reciprocal_integer,This is a bounded computational sample. It does not prove the complete associate-class structure of the infinite monoid. Non-singleton class: elements are associates within the sample.
217,485/144,2,485/144; 485/864,1/6,reciprocal_integer,This is a bounded computational sample. It does not prove the complete associate-class structure of the infinite monoid. Non-singleton class: elements are associates within the sample.
218,487/162,2,487/162; 487/972,1/6,reciprocal_integer,This is a bounded computational sample. It does not prove the complete associate-class structure of the infinite monoid. Non-singleton class: elements are associates within the sample.
219,487/162,5,487/162; 487/216; 487/972; 487/1296; 487/7776,1/6; 4/3,reciprocal_integer,This is a bounded computational sample. It does not prove the complete associate-class structure of the infinite monoid. Non-singleton class: elements are associates within the sample.
220,491/324,2,491/324; 491/1944,1/6,reciprocal_integer,This is a bounded computational sample. It does not prove the complete associate-class structure of the infinite monoid. Non-singleton class: elements are associates within the sample.
221,491/324,3,491/324; 491/486; 491/1944,1/6; 3/2,reciprocal_integer,This is a bounded computational sample. It does not prove the complete associate-class structure of the infinite monoid. Non-singleton class: elements are associates within the sample.
222,493/144,5,493/144; 493/162; 493/243; 493/864; 493/972,1/6; 16/27,reciprocal_integer,This is a bounded computational sample. It does not prove the complete associate-class structure of the infinite monoid. Non-singleton class: elements are associates within the sample.
223,497/324,2,497/324; 497/1944,1/6,reciprocal_integer,This is a bounded computational sample. It does not prove the complete associate-class structure of the infinite monoid. Non-singleton class: elements are associates within the sample.
224,503/486,1,503/486,1,reciprocal_integer,This is a bounded computational sample. It does not prove the complete associate-class structure of the infinite monoid.
225,505/144,7,505/144; 505/216; 505/432; 505/864; 505/1296; 505/2592; 505/7776,1/3; 1/6; 1/18; 3; 3/2,reciprocal_integer,This is a bounded computational sample. It does not prove the complete associate-class structure of the infinite monoid. Non-singleton class: elements are associates within the sample.
226,509/144,6,509/144; 509/324; 509/432; 509/864; 509/1944; 509/2592,1/3; 1/6; 1/18; 3; 9/4,reciprocal_integer,This is a bounded computational sample. It does not prove the complete associate-class structure of the infinite monoid. Non-singleton class: elements are associates within the sample.
227,511/216,5,511/216; 511/432; 511/1296; 511/2592; 511/7776,1/2; 1/6; 1/12; 1/36; 2,reciprocal_integer,This is a bounded computational sample. It does not prove the complete associate-class structure of the infinite monoid. Non-singleton class: elements are associates within the sample.
228,515/324,2,515/324; 515/1944,1/6,reciprocal_integer,This is a bounded computational sample. It does not prove the complete associate-class structure of the infinite monoid. Non-singleton class: elements are associates within the sample.
229,517/144,7,517/144; 517/216; 517/432; 517/864; 517/1296; 517/2592; 517/7776,1/3; 1/6; 1/18; 3; 3/2,reciprocal_integer,This is a bounded computational sample. It does not prove the complete associate-class structure of the infinite monoid. Non-singleton class: elements are associates within the sample.
230,521/432,2,521/432; 521/2592,1/6,reciprocal_integer,This is a bounded computational sample. It does not prove the complete associate-class structure of the infinite monoid. Non-singleton class: elements are associates within the sample.
231,521/486,1,521/486,1,reciprocal_integer,This is a bounded computational sample. It does not prove the complete associate-class structure of the infinite monoid.
232,523/162,7,523/162; 523/216; 523/432; 523/972; 523/1296; 523/2592; 523/7776,1/6; 1/16; 3/8; 4/3,reciprocal_integer,This is a bounded computational sample. It does not prove the complete associate-class structure of the infinite monoid. Non-singleton class: elements are associates within the sample.
233,527/486,1,527/486,1,reciprocal_integer,This is a bounded computational sample. It does not prove the complete associate-class structure of the infinite monoid.
234,529/162,4,529/162; 529/432; 529/972; 529/2592,1/6; 1/16; 3/8,reciprocal_integer,This is a bounded computational sample. It does not prove the complete associate-class structure of the infinite monoid. Non-singleton class: elements are associates within the sample.
235,529/162,5,529/162; 529/243; 529/432; 529/972; 529/2592,1/6; 1/16; 3/2; 3/8,reciprocal_integer,This is a bounded computational sample. It does not prove the complete associate-class structure of the infinite monoid. Non-singleton class: elements are associates within the sample.
236,533/432,2,533/432; 533/2592,1/6,reciprocal_integer,This is a bounded computational sample. It does not prove the complete associate-class structure of the infinite monoid. Non-singleton class: elements are associates within the sample.
237,535/243,3,535/243; 535/432; 535/2592,3/32; 9/16,reciprocal_integer,This is a bounded computational sample. It does not prove the complete associate-class structure of the infinite monoid. Non-singleton class: elements are associates within the sample.
238,541/162,7,541/162; 541/216; 541/432; 541/972; 541/1296; 541/2592; 541/7776,1/6; 1/16; 3/8; 4/3,reciprocal_integer,This is a bounded computational sample. It does not prove the complete associate-class structure of the infinite monoid. Non-singleton class: elements are associates within the sample.
239,545/432,2,545/432; 545/2592,1/6,reciprocal_integer,This is a bounded computational sample. It does not prove the complete associate-class structure of the infinite monoid. Non-singleton class: elements are associates within the sample.
240,547/162,7,547/162; 547/216; 547/432; 547/972; 547/1296; 547/2592; 547/7776,1/6; 1/16; 3/8; 4/3,reciprocal_integer,This is a bounded computational sample. It does not prove the complete associate-class structure of the infinite monoid. Non-singleton class: elements are associates within the sample.
241,547/162,8,547/162; 547/216; 547/243; 547/432; 547/972; 547/1296; 547/2592; 547/7776,1/6; 1/16; 3/2; 3/8; 4/3,reciprocal_integer,This is a bounded computational sample. It does not prove the complete associate-class structure of the infinite monoid. Non-singleton class: elements are associates within the sample.
242,553/216,3,553/216; 553/1296; 553/7776,1/6; 1/36,reciprocal_integer,This is a bounded computational sample. It does not prove the complete associate-class structure of the infinite monoid. Non-singleton class: elements are associates within the sample.
243,559/216,3,559/216; 559/1296; 559/7776,1/6; 1/36,reciprocal_integer,This is a bounded computational sample. It does not prove the complete associate-class structure of the infinite monoid. Non-singleton class: elements are associates within the sample.
244,571/243,1,571/243,1,reciprocal_integer,This is a bounded computational sample. It does not prove the complete associate-class structure of the infinite monoid.
245,575/486,1,575/486,1,reciprocal_integer,This is a bounded computational sample. It does not prove the complete associate-class structure of the infinite monoid.
246,577/162,4,577/162; 577/432; 577/972; 577/2592,1/6; 1/16; 3/8,reciprocal_integer,This is a bounded computational sample. It does not prove the complete associate-class structure of the infinite monoid. Non-singleton class: elements are associates within the sample.
247,581/432,2,581/432; 581/2592,1/6,reciprocal_integer,This is a bounded computational sample. It does not prove the complete associate-class structure of the infinite monoid. Non-singleton class: elements are associates within the sample.
248,581/486,1,581/486,1,reciprocal_integer,This is a bounded computational sample. It does not prove the complete associate-class structure of the infinite monoid.
249,583/162,4,583/162; 583/432; 583/972; 583/2592,1/6; 1/16; 3/8,reciprocal_integer,This is a bounded computational sample. It does not prove the complete associate-class structure of the infinite monoid. Non-singleton class: elements are associates within the sample.
250,583/162,5,583/162; 583/243; 583/432; 583/972; 583/2592,1/6; 1/16; 3/2; 3/8,reciprocal_integer,This is a bounded computational sample. It does not prove the complete associate-class structure of the infinite monoid. Non-singleton class: elements are associates within the sample.
251,587/288,1,587/288,1,reciprocal_integer,This is a bounded computational sample. It does not prove the complete associate-class structure of the infinite monoid.
252,589/243,3,589/243; 589/432; 589/2592,3/32; 9/16,reciprocal_integer,This is a bounded computational sample. It does not prove the complete associate-class structure of the infinite monoid. Non-singleton class: elements are associates within the sample.
253,593/432,2,593/432; 593/2592,1/6,reciprocal_integer,This is a bounded computational sample. It does not prove the complete associate-class structure of the infinite monoid. Non-singleton class: elements are associates within the sample.
254,595/288,1,595/288,1,reciprocal_integer,This is a bounded computational sample. It does not prove the complete associate-class structure of the infinite monoid.
255,595/288,3,595/288; 595/432; 595/2592,3/2,reciprocal_integer,This is a bounded computational sample. It does not prove the complete associate-class structure of the infinite monoid. Non-singleton class: elements are associates within the sample.
256,599/486,1,599/486,1,reciprocal_integer,This is a bounded computational sample. It does not prove the complete associate-class structure of the infinite monoid.
257,601/432,2,601/432; 601/2592,1/6,reciprocal_integer,This is a bounded computational sample. It does not prove the complete associate-class structure of the infinite monoid. Non-singleton class: elements are associates within the sample.
258,605/432,2,605/432; 605/2592,1/6,reciprocal_integer,This is a bounded computational sample. It does not prove the complete associate-class structure of the infinite monoid. Non-singleton class: elements are associates within the sample.
259,607/432,2,607/432; 607/2592,1/6,reciprocal_integer,This is a bounded computational sample. It does not prove the complete associate-class structure of the infinite monoid. Non-singleton class: elements are associates within the sample.
260,610/243,1,610/243,1,reciprocal_integer,This is a bounded computational sample. It does not prove the complete associate-class structure of the infinite monoid.
261,611/486,1,611/486,1,reciprocal_integer,This is a bounded computational sample. It does not prove the complete associate-class structure of the infinite monoid.
262,613/432,2,613/432; 613/2592,1/6,reciprocal_integer,This is a bounded computational sample. It does not prove the complete associate-class structure of the infinite monoid. Non-singleton class: elements are associates within the sample.
263,617/432,2,617/432; 617/2592,1/6,reciprocal_integer,This is a bounded computational sample. It does not prove the complete associate-class structure of the infinite monoid. Non-singleton class: elements are associates within the sample.
264,619/432,2,619/432; 619/2592,1/6,reciprocal_integer,This is a bounded computational sample. It does not prove the complete associate-class structure of the infinite monoid. Non-singleton class: elements are associates within the sample.
265,625/243,1,625/243,1,reciprocal_integer,This is a bounded computational sample. It does not prove the complete associate-class structure of the infinite monoid.
266,628/243,1,628/243,1,reciprocal_integer,This is a bounded computational sample. It does not prove the complete associate-class structure of the infinite monoid.
267,635/288,1,635/288,1,reciprocal_integer,This is a bounded computational sample. It does not prove the complete associate-class structure of the infinite monoid.
268,643/288,1,643/288,1,reciprocal_integer,This is a bounded computational sample. It does not prove the complete associate-class structure of the infinite monoid.
269,649/216,7,649/216; 649/432; 649/648; 649/1296; 649/2592; 649/3888; 649/7776,1/2; 1/3; 1/6; 1/12; 1/18; 1/36; 2; 3,reciprocal_integer,This is a bounded computational sample. It does not prove the complete associate-class structure of the infinite monoid. Non-singleton class: elements are associates within the sample.
270,653/324,2,653/324; 653/1944,1/6,reciprocal_integer,This is a bounded computational sample. It does not prove the complete associate-class structure of the infinite monoid. Non-singleton class: elements are associates within the sample.
271,653/324,4,653/324; 653/432; 653/1944; 653/2592,1/6; 4/3,reciprocal_integer,This is a bounded computational sample. It does not prove the complete associate-class structure of the infinite monoid. Non-singleton class: elements are associates within the sample.
272,653/324,3,653/324; 653/486; 653/1944,1/6; 3/2,reciprocal_integer,This is a bounded computational sample. It does not prove the complete associate-class structure of the infinite monoid. Non-singleton class: elements are associates within the sample.
273,655/216,7,655/216; 655/432; 655/648; 655/1296; 655/2592; 655/3888; 655/7776,1/2; 1/3; 1/6; 1/12; 1/18; 1/36; 2; 3,reciprocal_integer,This is a bounded computational sample. It does not prove the complete associate-class structure of the infinite monoid. Non-singleton class: elements are associates within the sample.
274,659/324,2,659/324; 659/1944,1/6,reciprocal_integer,This is a bounded computational sample. It does not prove the complete associate-class structure of the infinite monoid. Non-singleton class: elements are associates within the sample.
275,661/216,5,661/216; 661/432; 661/1296; 661/2592; 661/7776,1/2; 1/6; 1/12; 1/36; 2,reciprocal_integer,This is a bounded computational sample. It does not prove the complete associate-class structure of the infinite monoid. Non-singleton class: elements are associates within the sample.
276,665/432,2,665/432; 665/2592,1/6,reciprocal_integer,This is a bounded computational sample. It does not prove the complete associate-class structure of the infinite monoid. Non-singleton class: elements are associates within the sample.
277,665/486,1,665/486,1,reciprocal_integer,This is a bounded computational sample. It does not prove the complete associate-class structure of the infinite monoid.
278,667/216,7,667/216; 667/432; 667/648; 667/1296; 667/2592; 667/3888; 667/7776,1/2; 1/3; 1/6; 1/12; 1/18; 1/36; 2; 3,reciprocal_integer,This is a bounded computational sample. It does not prove the complete associate-class structure of the infinite monoid. Non-singleton class: elements are associates within the sample.
279,671/324,2,671/324; 671/1944,1/6,reciprocal_integer,This is a bounded computational sample. It does not prove the complete associate-class structure of the infinite monoid. Non-singleton class: elements are associates within the sample.
280,673/432,2,673/432; 673/2592,1/6,reciprocal_integer,This is a bounded computational sample. It does not prove the complete associate-class structure of the infinite monoid. Non-singleton class: elements are associates within the sample.
281,673/432,4,673/432; 673/648; 673/2592; 673/3888,1/6; 3/2,reciprocal_integer,This is a bounded computational sample. It does not prove the complete associate-class structure of the infinite monoid. Non-singleton class: elements are associates within the sample.
282,677/324,2,677/324; 677/1944,1/6,reciprocal_integer,This is a bounded computational sample. It does not prove the complete associate-class structure of the infinite monoid. Non-singleton class: elements are associates within the sample.
283,677/324,4,677/324; 677/432; 677/1944; 677/2592,1/6; 4/3,reciprocal_integer,This is a bounded computational sample. It does not prove the complete associate-class structure of the infinite monoid. Non-singleton class: elements are associates within the sample.
284,679/432,2,679/432; 679/2592,1/6,reciprocal_integer,This is a bounded computational sample. It does not prove the complete associate-class structure of the infinite monoid. Non-singleton class: elements are associates within the sample.
285,683/288,2,683/288; 683/486,16/27,reciprocal_integer,This is a bounded computational sample. It does not prove the complete associate-class structure of the infinite monoid. Non-singleton class: elements are associates within the sample.
286,685/216,7,685/216; 685/432; 685/648; 685/1296; 685/2592; 685/3888; 685/7776,1/2; 1/3; 1/6; 1/12; 1/18; 1/36; 2; 3,reciprocal_integer,This is a bounded computational sample. It does not prove the complete associate-class structure of the infinite monoid. Non-singleton class: elements are associates within the sample.
287,689/432,2,689/432; 689/2592,1/6,reciprocal_integer,This is a bounded computational sample. It does not prove the complete associate-class structure of the infinite monoid. Non-singleton class: elements are associates within the sample.
288,689/486,1,689/486,1,reciprocal_integer,This is a bounded computational sample. It does not prove the complete associate-class structure of the infinite monoid.
289,691/216,8,691/216; 691/288; 691/432; 691/648; 691/1296; 691/2592; 691/3888; 691/7776,1/2; 1/3; 1/6; 1/12; 1/18; 1/36; 2; 3; 4/3,reciprocal_integer,This is a bounded computational sample. It does not prove the complete associate-class structure of the infinite monoid. Non-singleton class: elements are associates within the sample.
290,697/216,3,697/216; 697/1296; 697/7776,1/6; 1/36,reciprocal_integer,This is a bounded computational sample. It does not prove the complete associate-class structure of the infinite monoid. Non-singleton class: elements are associates within the sample.
291,703/216,5,703/216; 703/648; 703/1296; 703/3888; 703/7776,1/3; 1/6; 1/18; 1/36; 3,reciprocal_integer,This is a bounded computational sample. It does not prove the complete associate-class structure of the infinite monoid. Non-singleton class: elements are associates within the sample.
292,707/324,2,707/324; 707/1944,1/6,reciprocal_integer,This is a bounded computational sample. It does not prove the complete associate-class structure of the infinite monoid. Non-singleton class: elements are associates within the sample.
293,709/648,2,709/648; 709/3888,1/6,reciprocal_integer,This is a bounded computational sample. It does not prove the complete associate-class structure of the infinite monoid. Non-singleton class: elements are associates within the sample.
294,713/324,2,713/324; 713/1944,1/6,reciprocal_integer,This is a bounded computational sample. It does not prove the complete associate-class structure of the infinite monoid. Non-singleton class: elements are associates within the sample.
295,721/216,3,721/216; 721/1296; 721/7776,1/6; 1/36,reciprocal_integer,This is a bounded computational sample. It does not prove the complete associate-class structure of the infinite monoid. Non-singleton class: elements are associates within the sample.
296,725/324,2,725/324; 725/1944,1/6,reciprocal_integer,This is a bounded computational sample. It does not prove the complete associate-class structure of the infinite monoid. Non-singleton class: elements are associates within the sample.
297,727/216,3,727/216; 727/1296; 727/7776,1/6; 1/36,reciprocal_integer,This is a bounded computational sample. It does not prove the complete associate-class structure of the infinite monoid. Non-singleton class: elements are associates within the sample.
298,731/288,1,731/288,1,reciprocal_integer,This is a bounded computational sample. It does not prove the complete associate-class structure of the infinite monoid.
299,731/324,2,731/324; 731/1944,1/6,reciprocal_integer,This is a bounded computational sample. It does not prove the complete associate-class structure of the infinite monoid. Non-singleton class: elements are associates within the sample.
300,733/216,3,733/216; 733/1296; 733/7776,1/6; 1/36,reciprocal_integer,This is a bounded computational sample. It does not prove the complete associate-class structure of the infinite monoid. Non-singleton class: elements are associates within the sample.
301,733/243,1,733/243,1,reciprocal_integer,This is a bounded computational sample. It does not prove the complete associate-class structure of the infinite monoid.
302,736/243,1,736/243,1,reciprocal_integer,This is a bounded computational sample. It does not prove the complete associate-class structure of the infinite monoid.
303,737/486,1,737/486,1,reciprocal_integer,This is a bounded computational sample. It does not prove the complete associate-class structure of the infinite monoid.
304,739/216,3,739/216; 739/1296; 739/7776,1/6; 1/36,reciprocal_integer,This is a bounded computational sample. It does not prove the complete associate-class structure of the infinite monoid. Non-singleton class: elements are associates within the sample.
305,739/216,4,739/216; 739/288; 739/1296; 739/7776,1/6; 1/36; 4/3,reciprocal_integer,This is a bounded computational sample. It does not prove the complete associate-class structure of the infinite monoid. Non-singleton class: elements are associates within the sample.
306,743/486,1,743/486,1,reciprocal_integer,This is a bounded computational sample. It does not prove the complete associate-class structure of the infinite monoid.
307,745/243,1,745/243,1,reciprocal_integer,This is a bounded computational sample. It does not prove the complete associate-class structure of the infinite monoid.
308,751/243,1,751/243,1,reciprocal_integer,This is a bounded computational sample. It does not prove the complete associate-class structure of the infinite monoid.
309,757/216,5,757/216; 757/648; 757/1296; 757/3888; 757/7776,1/3; 1/6; 1/18; 1/36; 3,reciprocal_integer,This is a bounded computational sample. It does not prove the complete associate-class structure of the infinite monoid. Non-singleton class: elements are associates within the sample.
310,761/324,2,761/324; 761/1944,1/6,reciprocal_integer,This is a bounded computational sample. It does not prove the complete associate-class structure of the infinite monoid. Non-singleton class: elements are associates within the sample.
311,761/324,3,761/324; 761/486; 761/1944,1/6; 3/2,reciprocal_integer,This is a bounded computational sample. It does not prove the complete associate-class structure of the infinite monoid. Non-singleton class: elements are associates within the sample.
312,763/216,5,763/216; 763/648; 763/1296; 763/3888; 763/7776,1/3; 1/6; 1/18; 1/36; 3,reciprocal_integer,This is a bounded computational sample. It does not prove the complete associate-class structure of the infinite monoid. Non-singleton class: elements are associates within the sample.
313,767/324,2,767/324; 767/1944,1/6,reciprocal_integer,This is a bounded computational sample. It does not prove the complete associate-class structure of the infinite monoid. Non-singleton class: elements are associates within the sample.
314,769/216,3,769/216; 769/1296; 769/7776,1/6; 1/36,reciprocal_integer,This is a bounded computational sample. It does not prove the complete associate-class structure of the infinite monoid. Non-singleton class: elements are associates within the sample.
315,772/243,1,772/243,1,reciprocal_integer,This is a bounded computational sample. It does not prove the complete associate-class structure of the infinite monoid.
316,773/486,1,773/486,1,reciprocal_integer,This is a bounded computational sample. It does not prove the complete associate-class structure of the infinite monoid.
317,775/216,5,775/216; 775/648; 775/1296; 775/3888; 775/7776,1/3; 1/6; 1/18; 1/36; 3,reciprocal_integer,This is a bounded computational sample. It does not prove the complete associate-class structure of the infinite monoid. Non-singleton class: elements are associates within the sample.
318,779/324,2,779/324; 779/1944,1/6,reciprocal_integer,This is a bounded computational sample. It does not prove the complete associate-class structure of the infinite monoid. Non-singleton class: elements are associates within the sample.
319,781/648,2,781/648; 781/3888,1/6,reciprocal_integer,This is a bounded computational sample. It does not prove the complete associate-class structure of the infinite monoid. Non-singleton class: elements are associates within the sample.
320,785/324,2,785/324; 785/1944,1/6,reciprocal_integer,This is a bounded computational sample. It does not prove the complete associate-class structure of the infinite monoid. Non-singleton class: elements are associates within the sample.
321,787/243,1,787/243,1,reciprocal_integer,This is a bounded computational sample. It does not prove the complete associate-class structure of the infinite monoid.
322,790/243,1,790/243,1,reciprocal_integer,This is a bounded computational sample. It does not prove the complete associate-class structure of the infinite monoid.
323,793/648,2,793/648; 793/3888,1/6,reciprocal_integer,This is a bounded computational sample. It does not prove the complete associate-class structure of the infinite monoid. Non-singleton class: elements are associates within the sample.
324,799/648,2,799/648; 799/3888,1/6,reciprocal_integer,This is a bounded computational sample. It does not prove the complete associate-class structure of the infinite monoid. Non-singleton class: elements are associates within the sample.
325,811/648,2,811/648; 811/3888,1/6,reciprocal_integer,This is a bounded computational sample. It does not prove the complete associate-class structure of the infinite monoid. Non-singleton class: elements are associates within the sample.
326,815/324,2,815/324; 815/1944,1/6,reciprocal_integer,This is a bounded computational sample. It does not prove the complete associate-class structure of the infinite monoid. Non-singleton class: elements are associates within the sample.
327,817/243,3,817/243; 817/648; 817/3888,1/16; 3/8,reciprocal_integer,This is a bounded computational sample. It does not prove the complete associate-class structure of the infinite monoid. Non-singleton class: elements are associates within the sample.
328,821/324,2,821/324; 821/1944,1/6,reciprocal_integer,This is a bounded computational sample. It does not prove the complete associate-class structure of the infinite monoid. Non-singleton class: elements are associates within the sample.
329,826/243,1,826/243,1,reciprocal_integer,This is a bounded computational sample. It does not prove the complete associate-class structure of the infinite monoid.
330,832/243,1,832/243,1,reciprocal_integer,This is a bounded computational sample. It does not prove the complete associate-class structure of the infinite monoid.
331,833/324,2,833/324; 833/1944,1/6,reciprocal_integer,This is a bounded computational sample. It does not prove the complete associate-class structure of the infinite monoid. Non-singleton class: elements are associates within the sample.
332,839/324,2,839/324; 839/1944,1/6,reciprocal_integer,This is a bounded computational sample. It does not prove the complete associate-class structure of the infinite monoid. Non-singleton class: elements are associates within the sample.
333,853/243,1,853/243,1,reciprocal_integer,This is a bounded computational sample. It does not prove the complete associate-class structure of the infinite monoid.
334,859/243,1,859/243,1,reciprocal_integer,This is a bounded computational sample. It does not prove the complete associate-class structure of the infinite monoid.
335,865/432,5,865/432; 865/648; 865/864; 865/2592; 865/3888,1/2; 1/6; 2; 3/2,reciprocal_integer,This is a bounded computational sample. It does not prove the complete associate-class structure of the infinite monoid. Non-singleton class: elements are associates within the sample.
336,869/432,3,869/432; 869/864; 869/2592,1/2; 1/6; 2,reciprocal_integer,This is a bounded computational sample. It does not prove the complete associate-class structure of the infinite monoid. Non-singleton class: elements are associates within the sample.
337,871/243,5,871/243; 871/432; 871/648; 871/2592; 871/3888,1/16; 3/8; 3/32; 9/16,reciprocal_integer,This is a bounded computational sample. It does not prove the complete associate-class structure of the infinite monoid. Non-singleton class: elements are associates within the sample.
338,875/288,1,875/288,1,reciprocal_integer,This is a bounded computational sample. It does not prove the complete associate-class structure of the infinite monoid.
339,877/432,3,877/432; 877/864; 877/2592,1/2; 1/6; 2,reciprocal_integer,This is a bounded computational sample. It does not prove the complete associate-class structure of the infinite monoid. Non-singleton class: elements are associates within the sample.
340,881/432,2,881/432; 881/2592,1/6,reciprocal_integer,This is a bounded computational sample. It does not prove the complete associate-class structure of the infinite monoid. Non-singleton class: elements are associates within the sample.
341,883/288,1,883/288,1,reciprocal_integer,This is a bounded computational sample. It does not prove the complete associate-class structure of the infinite monoid.
342,883/288,3,883/288; 883/432; 883/2592,3/2,reciprocal_integer,This is a bounded computational sample. It does not prove the complete associate-class structure of the infinite monoid. Non-singleton class: elements are associates within the sample.
343,883/288,5,883/288; 883/432; 883/648; 883/2592; 883/3888,3/2; 9/4,reciprocal_integer,This is a bounded computational sample. It does not prove the complete associate-class structure of the infinite monoid. Non-singleton class: elements are associates within the sample.
344,889/432,5,889/432; 889/648; 889/864; 889/2592; 889/3888,1/2; 1/6; 2; 3/2,reciprocal_integer,This is a bounded computational sample. It does not prove the complete associate-class structure of the infinite monoid. Non-singleton class: elements are associates within the sample.
345,893/432,3,893/432; 893/864; 893/2592,1/2; 1/6; 2,reciprocal_integer,This is a bounded computational sample. It does not prove the complete associate-class structure of the infinite monoid. Non-singleton class: elements are associates within the sample.
346,895/432,2,895/432; 895/2592,1/6,reciprocal_integer,This is a bounded computational sample. It does not prove the complete associate-class structure of the infinite monoid. Non-singleton class: elements are associates within the sample.
347,901/432,5,901/432; 901/648; 901/864; 901/2592; 901/3888,1/2; 1/6; 2; 3/2,reciprocal_integer,This is a bounded computational sample. It does not prove the complete associate-class structure of the infinite monoid. Non-singleton class: elements are associates within the sample.
348,905/432,2,905/432; 905/2592,1/6,reciprocal_integer,This is a bounded computational sample. It does not prove the complete associate-class structure of the infinite monoid. Non-singleton class: elements are associates within the sample.
349,907/432,2,907/432; 907/2592,1/6,reciprocal_integer,This is a bounded computational sample. It does not prove the complete associate-class structure of the infinite monoid. Non-singleton class: elements are associates within the sample.
350,907/432,4,907/432; 907/648; 907/2592; 907/3888,1/6; 3/2,reciprocal_integer,This is a bounded computational sample. It does not prove the complete associate-class structure of the infinite monoid. Non-singleton class: elements are associates within the sample.
351,913/864,1,913/864,1,reciprocal_integer,This is a bounded computational sample. It does not prove the complete associate-class structure of the infinite monoid.
352,917/864,1,917/864,1,reciprocal_integer,This is a bounded computational sample. It does not prove the complete associate-class structure of the infinite monoid.
353,919/648,2,919/648; 919/3888,1/6,reciprocal_integer,This is a bounded computational sample. It does not prove the complete associate-class structure of the infinite monoid. Non-singleton class: elements are associates within the sample.
354,923/288,1,923/288,1,reciprocal_integer,This is a bounded computational sample. It does not prove the complete associate-class structure of the infinite monoid.
355,925/648,2,925/648; 925/3888,1/6,reciprocal_integer,This is a bounded computational sample. It does not prove the complete associate-class structure of the infinite monoid. Non-singleton class: elements are associates within the sample.
356,925/648,3,925/648; 925/864; 925/3888,1/6; 4/3,reciprocal_integer,This is a bounded computational sample. It does not prove the complete associate-class structure of the infinite monoid. Non-singleton class: elements are associates within the sample.
357,931/288,1,931/288,1,reciprocal_integer,This is a bounded computational sample. It does not prove the complete associate-class structure of the infinite monoid.
358,937/432,3,937/432; 937/864; 937/2592,1/2; 1/6; 2,reciprocal_integer,This is a bounded computational sample. It does not prove the complete associate-class structure of the infinite monoid. Non-singleton class: elements are associates within the sample.
359,941/432,3,941/432; 941/864; 941/2592,1/2; 1/6; 2,reciprocal_integer,This is a bounded computational sample. It does not prove the complete associate-class structure of the infinite monoid. Non-singleton class: elements are associates within the sample.
360,943/432,2,943/432; 943/2592,1/6,reciprocal_integer,This is a bounded computational sample. It does not prove the complete associate-class structure of the infinite monoid. Non-singleton class: elements are associates within the sample.
361,949/432,3,949/432; 949/864; 949/2592,1/2; 1/6; 2,reciprocal_integer,This is a bounded computational sample. It does not prove the complete associate-class structure of the infinite monoid. Non-singleton class: elements are associates within the sample.
362,953/432,2,953/432; 953/2592,1/6,reciprocal_integer,This is a bounded computational sample. It does not prove the complete associate-class structure of the infinite monoid. Non-singleton class: elements are associates within the sample.
363,955/432,2,955/432; 955/2592,1/6,reciprocal_integer,This is a bounded computational sample. It does not prove the complete associate-class structure of the infinite monoid. Non-singleton class: elements are associates within the sample.
364,961/432,2,961/432; 961/2592,1/6,reciprocal_integer,This is a bounded computational sample. It does not prove the complete associate-class structure of the infinite monoid. Non-singleton class: elements are associates within the sample.
365,965/432,2,965/432; 965/2592,1/6,reciprocal_integer,This is a bounded computational sample. It does not prove the complete associate-class structure of the infinite monoid. Non-singleton class: elements are associates within the sample.
366,967/432,2,967/432; 967/2592,1/6,reciprocal_integer,This is a bounded computational sample. It does not prove the complete associate-class structure of the infinite monoid. Non-singleton class: elements are associates within the sample.
367,971/288,1,971/288,1,reciprocal_integer,This is a bounded computational sample. It does not prove the complete associate-class structure of the infinite monoid.
368,973/432,2,973/432; 973/2592,1/6,reciprocal_integer,This is a bounded computational sample. It does not prove the complete associate-class structure of the infinite monoid. Non-singleton class: elements are associates within the sample.
369,973/432,4,973/432; 973/648; 973/2592; 973/3888,1/6; 3/2,reciprocal_integer,This is a bounded computational sample. It does not prove the complete associate-class structure of the infinite monoid. Non-singleton class: elements are associates within the sample.
370,973/432,5,973/432; 973/648; 973/972; 973/2592; 973/3888,1/6; 3/2; 9/4,reciprocal_integer,This is a bounded computational sample. It does not prove the complete associate-class structure of the infinite monoid. Non-singleton class: elements are associates within the sample.
371,977/324,2,977/324; 977/1944,1/6,reciprocal_integer,This is a bounded computational sample. It does not prove the complete associate-class structure of the infinite monoid. Non-singleton class: elements are associates within the sample.
372,977/324,4,977/324; 977/432; 977/1944; 977/2592,1/6; 4/3,reciprocal_integer,This is a bounded computational sample. It does not prove the complete associate-class structure of the infinite monoid. Non-singleton class: elements are associates within the sample.
373,977/324,3,977/324; 977/486; 977/1944,1/6; 3/2,reciprocal_integer,This is a bounded computational sample. It does not prove the complete associate-class structure of the infinite monoid. Non-singleton class: elements are associates within the sample.
374,979/288,1,979/288,1,reciprocal_integer,This is a bounded computational sample. It does not prove the complete associate-class structure of the infinite monoid.
375,979/288,3,979/288; 979/432; 979/2592,3/2,reciprocal_integer,This is a bounded computational sample. It does not prove the complete associate-class structure of the infinite monoid. Non-singleton class: elements are associates within the sample.
376,979/288,5,979/288; 979/432; 979/648; 979/2592; 979/3888,3/2; 9/4,reciprocal_integer,This is a bounded computational sample. It does not prove the complete associate-class structure of the infinite monoid. Non-singleton class: elements are associates within the sample.
377,979/288,6,979/288; 979/432; 979/648; 979/972; 979/2592; 979/3888,3/2; 9/4; 27/8,reciprocal_integer,This is a bounded computational sample. It does not prove the complete associate-class structure of the infinite monoid. Non-singleton class: elements are associates within the sample.
378,983/324,2,983/324; 983/1944,1/6,reciprocal_integer,This is a bounded computational sample. It does not prove the complete associate-class structure of the infinite monoid. Non-singleton class: elements are associates within the sample.
379,989/486,1,989/486,1,reciprocal_integer,This is a bounded computational sample. It does not prove the complete associate-class structure of the infinite monoid.
380,991/648,2,991/648; 991/3888,1/6,reciprocal_integer,This is a bounded computational sample. It does not prove the complete associate-class structure of the infinite monoid. Non-singleton class: elements are associates within the sample.
381,995/324,2,995/324; 995/1944,1/6,reciprocal_integer,This is a bounded computational sample. It does not prove the complete associate-class structure of the infinite monoid. Non-singleton class: elements are associates within the sample.
382,997/648,2,997/648; 997/3888,1/6,reciprocal_integer,This is a bounded computational sample. It does not prove the complete associate-class structure of the infinite monoid. Non-singleton class: elements are associates within the sample.
383,1001/324,2,1001/324; 1001/1944,1/6,reciprocal_integer,This is a bounded computational sample. It does not prove the complete associate-class structure of the infinite monoid. Non-singleton class: elements are associates within the sample.
384,1007/486,1,1007/486,1,reciprocal_integer,This is a bounded computational sample. It does not prove the complete associate-class structure of the infinite monoid.
385,1009/432,5,1009/432; 1009/648; 1009/864; 1009/2592; 1009/3888,1/2; 1/6; 2; 3/2,reciprocal_integer,This is a bounded computational sample. It does not prove the complete associate-class structure of the infinite monoid. Non-singleton class: elements are associates within the sample.
386,1009/432,6,1009/432; 1009/648; 1009/864; 1009/972; 1009/2592; 1009/3888,1/2; 1/6; 2; 3/2; 9/4,reciprocal_integer,This is a bounded computational sample. It does not prove the complete associate-class structure of the infinite monoid. Non-singleton class: elements are associates within the sample.
387,1013/432,3,1013/432; 1013/864; 1013/2592,1/2; 1/6; 2,reciprocal_integer,This is a bounded computational sample. It does not prove the complete associate-class structure of the infinite monoid. Non-singleton class: elements are associates within the sample.
388,1013/432,4,1013/432; 1013/486; 1013/864; 1013/2592,1/2; 1/6; 2,reciprocal_integer,This is a bounded computational sample. It does not prove the complete associate-class structure of the infinite monoid. Non-singleton class: elements are associates within the sample.
389,1015/432,2,1015/432; 1015/2592,1/6,reciprocal_integer,This is a bounded computational sample. It does not prove the complete associate-class structure of the infinite monoid. Non-singleton class: elements are associates within the sample.
390,1015/432,4,1015/432; 1015/648; 1015/2592; 1015/3888,1/6; 3/2,reciprocal_integer,This is a bounded computational sample. It does not prove the complete associate-class structure of the infinite monoid. Non-singleton class: elements are associates within the sample.
391,1015/432,5,1015/432; 1015/648; 1015/972; 1015/2592; 1015/3888,1/6; 3/2; 9/4,reciprocal_integer,This is a bounded computational sample. It does not prove the complete associate-class structure of the infinite monoid. Non-singleton class: elements are associates within the sample.
392,1019/288,1,1019/288,1,reciprocal_integer,This is a bounded computational sample. It does not prove the complete associate-class structure of the infinite monoid.
393,1021/432,3,1021/432; 1021/864; 1021/2592,1/2; 1/6; 2,reciprocal_integer,This is a bounded computational sample. It does not prove the complete associate-class structure of the infinite monoid. Non-singleton class: elements are associates within the sample.
394,1025/432,2,1025/432; 1025/2592,1/6,reciprocal_integer,This is a bounded computational sample. It does not prove the complete associate-class structure of the infinite monoid. Non-singleton class: elements are associates within the sample.
395,1027/288,1,1027/288,1,reciprocal_integer,This is a bounded computational sample. It does not prove the complete associate-class structure of the infinite monoid.
396,1027/288,3,1027/288; 1027/432; 1027/2592,3/2,reciprocal_integer,This is a bounded computational sample. It does not prove the complete associate-class structure of the infinite monoid. Non-singleton class: elements are associates within the sample.
397,1027/288,5,1027/288; 1027/432; 1027/648; 1027/2592; 1027/3888,3/2; 9/4,reciprocal_integer,This is a bounded computational sample. It does not prove the complete associate-class structure of the infinite monoid. Non-singleton class: elements are associates within the sample.
398,1027/288,6,1027/288; 1027/432; 1027/648; 1027/972; 1027/2592; 1027/3888,3/2; 9/4; 27/8,reciprocal_integer,This is a bounded computational sample. It does not prove the complete associate-class structure of the infinite monoid. Non-singleton class: elements are associates within the sample.
399,1031/324,2,1031/324; 1031/1944,1/6,reciprocal_integer,This is a bounded computational sample. It does not prove the complete associate-class structure of the infinite monoid. Non-singleton class: elements are associates within the sample.
400,1033/432,5,1033/432; 1033/648; 1033/864; 1033/2592; 1033/3888,1/2; 1/6; 2; 3/2,reciprocal_integer,This is a bounded computational sample. It does not prove the complete associate-class structure of the infinite monoid. Non-singleton class: elements are associates within the sample.
401,1033/432,6,1033/432; 1033/648; 1033/864; 1033/972; 1033/2592; 1033/3888,1/2; 1/6; 2; 3/2; 9/4,reciprocal_integer,This is a bounded computational sample. It does not prove the complete associate-class structure of the infinite monoid. Non-singleton class: elements are associates within the sample.
402,1037/324,5,1037/324; 1037/432; 1037/864; 1037/1944; 1037/2592,1/6; 3/8; 4/3,reciprocal_integer,This is a bounded computational sample. It does not prove the complete associate-class structure of the infinite monoid. Non-singleton class: elements are associates within the sample.
403,1039/432,2,1039/432; 1039/2592,1/6,reciprocal_integer,This is a bounded computational sample. It does not prove the complete associate-class structure of the infinite monoid. Non-singleton class: elements are associates within the sample.
404,1045/432,3,1045/432; 1045/864; 1045/2592,1/2; 1/6; 2,reciprocal_integer,This is a bounded computational sample. It does not prove the complete associate-class structure of the infinite monoid. Non-singleton class: elements are associates within the sample.
405,1049/324,2,1049/324; 1049/1944,1/6,reciprocal_integer,This is a bounded computational sample. It does not prove the complete associate-class structure of the infinite monoid. Non-singleton class: elements are associates within the sample.
406,1049/324,4,1049/324; 1049/432; 1049/1944; 1049/2592,1/6; 4/3,reciprocal_integer,This is a bounded computational sample. It does not prove the complete associate-class structure of the infinite monoid. Non-singleton class: elements are associates within the sample.
407,1051/432,2,1051/432; 1051/2592,1/6,reciprocal_integer,This is a bounded computational sample. It does not prove the complete associate-class structure of the infinite monoid. Non-singleton class: elements are associates within the sample.
408,1055/324,2,1055/324; 1055/1944,1/6,reciprocal_integer,This is a bounded computational sample. It does not prove the complete associate-class structure of the infinite monoid. Non-singleton class: elements are associates within the sample.
409,1057/864,1,1057/864,1,reciprocal_integer,This is a bounded computational sample. It does not prove the complete associate-class structure of the infinite monoid.
410,1061/486,2,1061/486; 1061/864,9/16,reciprocal_integer,This is a bounded computational sample. It does not prove the complete associate-class structure of the infinite monoid. Non-singleton class: elements are associates within the sample.
411,1063/972,1,1063/972,1,reciprocal_integer,This is a bounded computational sample. It does not prove the complete associate-class structure of the infinite monoid.
412,1067/486,1,1067/486,1,reciprocal_integer,This is a bounded computational sample. It does not prove the complete associate-class structure of the infinite monoid.
413,1069/864,1,1069/864,1,reciprocal_integer,This is a bounded computational sample. It does not prove the complete associate-class structure of the infinite monoid.
414,1069/972,1,1069/972,1,reciprocal_integer,This is a bounded computational sample. It does not prove the complete associate-class structure of the infinite monoid.
415,1081/432,3,1081/432; 1081/864; 1081/2592,1/2; 1/6; 2,reciprocal_integer,This is a bounded computational sample. It does not prove the complete associate-class structure of the infinite monoid. Non-singleton class: elements are associates within the sample.
416,1085/324,5,1085/324; 1085/432; 1085/864; 1085/1944; 1085/2592,1/6; 3/8; 4/3,reciprocal_integer,This is a bounded computational sample. It does not prove the complete associate-class structure of the infinite monoid. Non-singleton class: elements are associates within the sample.
417,1085/324,6,1085/324; 1085/432; 1085/486; 1085/864; 1085/1944; 1085/2592,1/6; 3/2; 3/8; 4/3,reciprocal_integer,This is a bounded computational sample. It does not prove the complete associate-class structure of the infinite monoid. Non-singleton class: elements are associates within the sample.
418,1087/432,2,1087/432; 1087/2592,1/6,reciprocal_integer,This is a bounded computational sample. It does not prove the complete associate-class structure of the infinite monoid. Non-singleton class: elements are associates within the sample.
419,1091/324,2,1091/324; 1091/1944,1/6,reciprocal_integer,This is a bounded computational sample. It does not prove the complete associate-class structure of the infinite monoid. Non-singleton class: elements are associates within the sample.
420,1093/432,3,1093/432; 1093/864; 1093/2592,1/2; 1/6; 2,reciprocal_integer,This is a bounded computational sample. It does not prove the complete associate-class structure of the infinite monoid. Non-singleton class: elements are associates within the sample.
421,1097/432,2,1097/432; 1097/2592,1/6,reciprocal_integer,This is a bounded computational sample. It does not prove the complete associate-class structure of the infinite monoid. Non-singleton class: elements are associates within the sample.
422,1097/486,1,1097/486,1,reciprocal_integer,This is a bounded computational sample. It does not prove the complete associate-class structure of the infinite monoid.
423,1099/432,2,1099/432; 1099/2592,1/6,reciprocal_integer,This is a bounded computational sample. It does not prove the complete associate-class structure of the infinite monoid. Non-singleton class: elements are associates within the sample.
424,1103/324,2,1103/324; 1103/1944,1/6,reciprocal_integer,This is a bounded computational sample. It does not prove the complete associate-class structure of the infinite monoid. Non-singleton class: elements are associates within the sample.
425,1105/432,2,1105/432; 1105/2592,1/6,reciprocal_integer,This is a bounded computational sample. It does not prove the complete associate-class structure of the infinite monoid. Non-singleton class: elements are associates within the sample.
426,1109/324,2,1109/324; 1109/1944,1/6,reciprocal_integer,This is a bounded computational sample. It does not prove the complete associate-class structure of the infinite monoid. Non-singleton class: elements are associates within the sample.
427,1109/324,4,1109/324; 1109/432; 1109/1944; 1109/2592,1/6; 4/3,reciprocal_integer,This is a bounded computational sample. It does not prove the complete associate-class structure of the infinite monoid. Non-singleton class: elements are associates within the sample.
428,1111/432,2,1111/432; 1111/2592,1/6,reciprocal_integer,This is a bounded computational sample. It does not prove the complete associate-class structure of the infinite monoid. Non-singleton class: elements are associates within the sample.
429,1117/432,2,1117/432; 1117/2592,1/6,reciprocal_integer,This is a bounded computational sample. It does not prove the complete associate-class structure of the infinite monoid. Non-singleton class: elements are associates within the sample.
430,1121/432,2,1121/432; 1121/2592,1/6,reciprocal_integer,This is a bounded computational sample. It does not prove the complete associate-class structure of the infinite monoid. Non-singleton class: elements are associates within the sample.
431,1123/432,2,1123/432; 1123/2592,1/6,reciprocal_integer,This is a bounded computational sample. It does not prove the complete associate-class structure of the infinite monoid. Non-singleton class: elements are associates within the sample.
432,1135/972,1,1135/972,1,reciprocal_integer,This is a bounded computational sample. It does not prove the complete associate-class structure of the infinite monoid.
433,1139/324,2,1139/324; 1139/1944,1/6,reciprocal_integer,This is a bounded computational sample. It does not prove the complete associate-class structure of the infinite monoid. Non-singleton class: elements are associates within the sample.
434,1139/324,3,1139/324; 1139/486; 1139/1944,1/6; 3/2,reciprocal_integer,This is a bounded computational sample. It does not prove the complete associate-class structure of the infinite monoid. Non-singleton class: elements are associates within the sample.
435,1141/972,1,1141/972,1,reciprocal_integer,This is a bounded computational sample. It does not prove the complete associate-class structure of the infinite monoid.
436,1145/324,2,1145/324; 1145/1944,1/6,reciprocal_integer,This is a bounded computational sample. It does not prove the complete associate-class structure of the infinite monoid. Non-singleton class: elements are associates within the sample.
437,1151/486,1,1151/486,1,reciprocal_integer,This is a bounded computational sample. It does not prove the complete associate-class structure of the infinite monoid.
438,1153/864,1,1153/864,1,reciprocal_integer,This is a bounded computational sample. It does not prove the complete associate-class structure of the infinite monoid.
439,1157/324,3,1157/324; 1157/864; 1157/1944,1/6; 3/8,reciprocal_integer,This is a bounded computational sample. It does not prove the complete associate-class structure of the infinite monoid. Non-singleton class: elements are associates within the sample.
440,1163/324,2,1163/324; 1163/1944,1/6,reciprocal_integer,This is a bounded computational sample. It does not prove the complete associate-class structure of the infinite monoid. Non-singleton class: elements are associates within the sample.
441,1165/864,1,1165/864,1,reciprocal_integer,This is a bounded computational sample. It does not prove the complete associate-class structure of the infinite monoid.
442,1169/486,1,1169/486,1,reciprocal_integer,This is a bounded computational sample. It does not prove the complete associate-class structure of the infinite monoid.
443,1171/972,1,1171/972,1,reciprocal_integer,This is a bounded computational sample. It does not prove the complete associate-class structure of the infinite monoid.
444,1175/486,1,1175/486,1,reciprocal_integer,This is a bounded computational sample. It does not prove the complete associate-class structure of the infinite monoid.
445,1177/864,1,1177/864,1,reciprocal_integer,This is a bounded computational sample. It does not prove the complete associate-class structure of the infinite monoid.
446,1177/972,1,1177/972,1,reciprocal_integer,This is a bounded computational sample. It does not prove the complete associate-class structure of the infinite monoid.
447,1181/864,1,1181/864,1,reciprocal_integer,This is a bounded computational sample. It does not prove the complete associate-class structure of the infinite monoid.
448,1189/864,1,1189/864,1,reciprocal_integer,This is a bounded computational sample. It does not prove the complete associate-class structure of the infinite monoid.
449,1189/972,1,1189/972,1,reciprocal_integer,This is a bounded computational sample. It does not prove the complete associate-class structure of the infinite monoid.
450,1195/972,1,1195/972,1,reciprocal_integer,This is a bounded computational sample. It does not prove the complete associate-class structure of the infinite monoid.
451,1201/864,1,1201/864,1,reciprocal_integer,This is a bounded computational sample. It does not prove the complete associate-class structure of the infinite monoid.
452,1205/864,1,1205/864,1,reciprocal_integer,This is a bounded computational sample. It does not prove the complete associate-class structure of the infinite monoid.
453,1213/864,1,1213/864,1,reciprocal_integer,This is a bounded computational sample. It does not prove the complete associate-class structure of the infinite monoid.
454,1223/486,1,1223/486,1,reciprocal_integer,This is a bounded computational sample. It does not prove the complete associate-class structure of the infinite monoid.
455,1225/864,1,1225/864,1,reciprocal_integer,This is a bounded computational sample. It does not prove the complete associate-class structure of the infinite monoid.
456,1225/972,1,1225/972,1,reciprocal_integer,This is a bounded computational sample. It does not prove the complete associate-class structure of the infinite monoid.
457,1229/486,2,1229/486; 1229/864,9/16,reciprocal_integer,This is a bounded computational sample. It does not prove the complete associate-class structure of the infinite monoid. Non-singleton class: elements are associates within the sample.
458,1231/972,1,1231/972,1,reciprocal_integer,This is a bounded computational sample. It does not prove the complete associate-class structure of the infinite monoid.
459,1237/864,1,1237/864,1,reciprocal_integer,This is a bounded computational sample. It does not prove the complete associate-class structure of the infinite monoid.
460,1247/486,1,1247/486,1,reciprocal_integer,This is a bounded computational sample. It does not prove the complete associate-class structure of the infinite monoid.
461,1259/486,1,1259/486,1,reciprocal_integer,This is a bounded computational sample. It does not prove the complete associate-class structure of the infinite monoid.
462,1297/432,8,1297/432; 1297/648; 1297/864; 1297/972; 1297/1296; 1297/2592; 1297/3888; 1297/7776,1/2; 1/3; 1/6; 1/18; 2; 3; 3/2; 9/4,reciprocal_integer,This is a bounded computational sample. It does not prove the complete associate-class structure of the infinite monoid. Non-singleton class: elements are associates within the sample.
463,1301/432,3,1301/432; 1301/864; 1301/2592,1/2; 1/6; 2,reciprocal_integer,This is a bounded computational sample. It does not prove the complete associate-class structure of the infinite monoid. Non-singleton class: elements are associates within the sample.
464,1303/432,7,1303/432; 1303/648; 1303/972; 1303/1296; 1303/2592; 1303/3888; 1303/7776,1/3; 1/6; 1/18; 3; 3/2; 9/4,reciprocal_integer,This is a bounded computational sample. It does not prove the complete associate-class structure of the infinite monoid. Non-singleton class: elements are associates within the sample.
465,1309/432,5,1309/432; 1309/864; 1309/1296; 1309/2592; 1309/7776,1/2; 1/3; 1/6; 1/18; 2; 3,reciprocal_integer,This is a bounded computational sample. It does not prove the complete associate-class structure of the infinite monoid. Non-singleton class: elements are associates within the sample.
466,1313/432,2,1313/432; 1313/2592,1/6,reciprocal_integer,This is a bounded computational sample. It does not prove the complete associate-class structure of the infinite monoid. Non-singleton class: elements are associates within the sample.
467,1315/432,6,1315/432; 1315/648; 1315/1296; 1315/2592; 1315/3888; 1315/7776,1/3; 1/6; 1/18; 3; 3/2,reciprocal_integer,This is a bounded computational sample. It does not prove the complete associate-class structure of the infinite monoid. Non-singleton class: elements are associates within the sample.
468,1321/432,5,1321/432; 1321/648; 1321/864; 1321/2592; 1321/3888,1/2; 1/6; 2; 3/2,reciprocal_integer,This is a bounded computational sample. It does not prove the complete associate-class structure of the infinite monoid. Non-singleton class: elements are associates within the sample.
469,1325/432,3,1325/432; 1325/864; 1325/2592,1/2; 1/6; 2,reciprocal_integer,This is a bounded computational sample. It does not prove the complete associate-class structure of the infinite monoid. Non-singleton class: elements are associates within the sample.
470,1327/432,2,1327/432; 1327/2592,1/6,reciprocal_integer,This is a bounded computational sample. It does not prove the complete associate-class structure of the infinite monoid. Non-singleton class: elements are associates within the sample.
471,1333/432,8,1333/432; 1333/648; 1333/864; 1333/972; 1333/1296; 1333/2592; 1333/3888; 1333/7776,1/2; 1/3; 1/6; 1/18; 2; 3; 3/2; 9/4,reciprocal_integer,This is a bounded computational sample. It does not prove the complete associate-class structure of the infinite monoid. Non-singleton class: elements are associates within the sample.
472,1337/432,2,1337/432; 1337/2592,1/6,reciprocal_integer,This is a bounded computational sample. It does not prove the complete associate-class structure of the infinite monoid. Non-singleton class: elements are associates within the sample.
473,1339/432,7,1339/432; 1339/648; 1339/972; 1339/1296; 1339/2592; 1339/3888; 1339/7776,1/3; 1/6; 1/18; 3; 3/2; 9/4,reciprocal_integer,This is a bounded computational sample. It does not prove the complete associate-class structure of the infinite monoid. Non-singleton class: elements are associates within the sample.
474,1345/864,1,1345/864,1,reciprocal_integer,This is a bounded computational sample. It does not prove the complete associate-class structure of the infinite monoid.
475,1345/864,3,1345/864; 1345/1296; 1345/7776,3/2,reciprocal_integer,This is a bounded computational sample. It does not prove the complete associate-class structure of the infinite monoid. Non-singleton class: elements are associates within the sample.
476,1349/864,1,1349/864,1,reciprocal_integer,This is a bounded computational sample. It does not prove the complete associate-class structure of the infinite monoid.
477,1351/648,5,1351/648; 1351/972; 1351/1296; 1351/3888; 1351/7776,1/2; 1/6; 1/12; 2; 3/2,reciprocal_integer,This is a bounded computational sample. It does not prove the complete associate-class structure of the infinite monoid. Non-singleton class: elements are associates within the sample.
478,1357/648,2,1357/648; 1357/3888,1/6,reciprocal_integer,This is a bounded computational sample. It does not prove the complete associate-class structure of the infinite monoid. Non-singleton class: elements are associates within the sample.
479,1357/648,3,1357/648; 1357/864; 1357/3888,1/6; 4/3,reciprocal_integer,This is a bounded computational sample. It does not prove the complete associate-class structure of the infinite monoid. Non-singleton class: elements are associates within the sample.
480,1357/648,3,1357/648; 1357/972; 1357/3888,1/6; 3/2,reciprocal_integer,This is a bounded computational sample. It does not prove the complete associate-class structure of the infinite monoid. Non-singleton class: elements are associates within the sample.
481,1369/432,5,1369/432; 1369/864; 1369/1296; 1369/2592; 1369/7776,1/2; 1/3; 1/6; 1/18; 2; 3,reciprocal_integer,This is a bounded computational sample. It does not prove the complete associate-class structure of the infinite monoid. Non-singleton class: elements are associates within the sample.
482,1373/432,3,1373/432; 1373/864; 1373/2592,1/2; 1/6; 2,reciprocal_integer,This is a bounded computational sample. It does not prove the complete associate-class structure of the infinite monoid. Non-singleton class: elements are associates within the sample.
483,1375/432,4,1375/432; 1375/1296; 1375/2592; 1375/7776,1/3; 1/6; 1/18; 3,reciprocal_integer,This is a bounded computational sample. It does not prove the complete associate-class structure of the infinite monoid. Non-singleton class: elements are associates within the sample.
484,1381/432,5,1381/432; 1381/864; 1381/1296; 1381/2592; 1381/7776,1/2; 1/3; 1/6; 1/18; 2; 3,reciprocal_integer,This is a bounded computational sample. It does not prove the complete associate-class structure of the infinite monoid. Non-singleton class: elements are associates within the sample.
485,1385/432,2,1385/432; 1385/2592,1/6,reciprocal_integer,This is a bounded computational sample. It does not prove the complete associate-class structure of the infinite monoid. Non-singleton class: elements are associates within the sample.
486,1387/432,5,1387/432; 1387/972; 1387/1296; 1387/2592; 1387/7776,1/3; 1/6; 1/18; 3; 9/4,reciprocal_integer,This is a bounded computational sample. It does not prove the complete associate-class structure of the infinite monoid. Non-singleton class: elements are associates within the sample.
487,1393/432,2,1393/432; 1393/2592,1/6,reciprocal_integer,This is a bounded computational sample. It does not prove the complete associate-class structure of the infinite monoid. Non-singleton class: elements are associates within the sample.
488,1393/432,3,1393/432; 1393/972; 1393/2592,1/6; 9/4,reciprocal_integer,This is a bounded computational sample. It does not prove the complete associate-class structure of the infinite monoid. Non-singleton class: elements are associates within the sample.
489,1397/432,2,1397/432; 1397/2592,1/6,reciprocal_integer,This is a bounded computational sample. It does not prove the complete associate-class structure of the infinite monoid. Non-singleton class: elements are associates within the sample.
490,1399/432,2,1399/432; 1399/2592,1/6,reciprocal_integer,This is a bounded computational sample. It does not prove the complete associate-class structure of the infinite monoid. Non-singleton class: elements are associates within the sample.
491,1405/432,6,1405/432; 1405/648; 1405/1296; 1405/2592; 1405/3888; 1405/7776,1/3; 1/6; 1/18; 3; 3/2,reciprocal_integer,This is a bounded computational sample. It does not prove the complete associate-class structure of the infinite monoid. Non-singleton class: elements are associates within the sample.
492,1409/432,2,1409/432; 1409/2592,1/6,reciprocal_integer,This is a bounded computational sample. It does not prove the complete associate-class structure of the infinite monoid. Non-singleton class: elements are associates within the sample.
493,1411/432,6,1411/432; 1411/648; 1411/1296; 1411/2592; 1411/3888; 1411/7776,1/3; 1/6; 1/18; 3; 3/2,reciprocal_integer,This is a bounded computational sample. It does not prove the complete associate-class structure of the infinite monoid. Non-singleton class: elements are associates within the sample.
494,1417/1296,2,1417/1296; 1417/7776,1/6,reciprocal_integer,This is a bounded computational sample. It does not prove the complete associate-class structure of the infinite monoid. Non-singleton class: elements are associates within the sample.
495,1423/648,4,1423/648; 1423/1296; 1423/3888; 1423/7776,1/2; 1/6; 1/12; 2,reciprocal_integer,This is a bounded computational sample. It does not prove the complete associate-class structure of the infinite monoid. Non-singleton class: elements are associates within the sample.
496,1429/648,2,1429/648; 1429/3888,1/6,reciprocal_integer,This is a bounded computational sample. It does not prove the complete associate-class structure of the infinite monoid. Non-singleton class: elements are associates within the sample.
497,1441/432,2,1441/432; 1441/2592,1/6,reciprocal_integer,This is a bounded computational sample. It does not prove the complete associate-class structure of the infinite monoid. Non-singleton class: elements are associates within the sample.
498,1441/432,4,1441/432; 1441/648; 1441/2592; 1441/3888,1/6; 3/2,reciprocal_integer,This is a bounded computational sample. It does not prove the complete associate-class structure of the infinite monoid. Non-singleton class: elements are associates within the sample.
499,1445/432,2,1445/432; 1445/2592,1/6,reciprocal_integer,This is a bounded computational sample. It does not prove the complete associate-class structure of the infinite monoid. Non-singleton class: elements are associates within the sample.
500,1447/432,2,1447/432; 1447/2592,1/6,reciprocal_integer,This is a bounded computational sample. It does not prove the complete associate-class structure of the infinite monoid. Non-singleton class: elements are associates within the sample.
501,1447/432,4,1447/432; 1447/648; 1447/2592; 1447/3888,1/6; 3/2,reciprocal_integer,This is a bounded computational sample. It does not prove the complete associate-class structure of the infinite monoid. Non-singleton class: elements are associates within the sample.
502,1453/432,2,1453/432; 1453/2592,1/6,reciprocal_integer,This is a bounded computational sample. It does not prove the complete associate-class structure of the infinite monoid. Non-singleton class: elements are associates within the sample.
503,1457/432,2,1457/432; 1457/2592,1/6,reciprocal_integer,This is a bounded computational sample. It does not prove the complete associate-class structure of the infinite monoid. Non-singleton class: elements are associates within the sample.
504,1459/432,2,1459/432; 1459/2592,1/6,reciprocal_integer,This is a bounded computational sample. It does not prove the complete associate-class structure of the infinite monoid. Non-singleton class: elements are associates within the sample.
505,1459/432,4,1459/432; 1459/648; 1459/2592; 1459/3888,1/6; 3/2,reciprocal_integer,This is a bounded computational sample. It does not prove the complete associate-class structure of the infinite monoid. Non-singleton class: elements are associates within the sample.
506,1459/432,5,1459/432; 1459/648; 1459/972; 1459/2592; 1459/3888,1/6; 3/2; 9/4,reciprocal_integer,This is a bounded computational sample. It does not prove the complete associate-class structure of the infinite monoid. Non-singleton class: elements are associates within the sample.
507,1463/486,1,1463/486,1,reciprocal_integer,This is a bounded computational sample. It does not prove the complete associate-class structure of the infinite monoid.
508,1465/432,2,1465/432; 1465/2592,1/6,reciprocal_integer,This is a bounded computational sample. It does not prove the complete associate-class structure of the infinite monoid. Non-singleton class: elements are associates within the sample.
509,1465/432,4,1465/432; 1465/648; 1465/2592; 1465/3888,1/6; 3/2,reciprocal_integer,This is a bounded computational sample. It does not prove the complete associate-class structure of the infinite monoid. Non-singleton class: elements are associates within the sample.
510,1465/432,5,1465/432; 1465/648; 1465/972; 1465/2592; 1465/3888,1/6; 3/2; 9/4,reciprocal_integer,This is a bounded computational sample. It does not prove the complete associate-class structure of the infinite monoid. Non-singleton class: elements are associates within the sample.
511,1469/432,2,1469/432; 1469/2592,1/6,reciprocal_integer,This is a bounded computational sample. It does not prove the complete associate-class structure of the infinite monoid. Non-singleton class: elements are associates within the sample.
512,1471/432,2,1471/432; 1471/2592,1/6,reciprocal_integer,This is a bounded computational sample. It does not prove the complete associate-class structure of the infinite monoid. Non-singleton class: elements are associates within the sample.
513,1475/486,1,1475/486,1,reciprocal_integer,This is a bounded computational sample. It does not prove the complete associate-class structure of the infinite monoid.
514,1477/432,2,1477/432; 1477/2592,1/6,reciprocal_integer,This is a bounded computational sample. It does not prove the complete associate-class structure of the infinite monoid. Non-singleton class: elements are associates within the sample.
515,1481/432,2,1481/432; 1481/2592,1/6,reciprocal_integer,This is a bounded computational sample. It does not prove the complete associate-class structure of the infinite monoid. Non-singleton class: elements are associates within the sample.
516,1483/432,2,1483/432; 1483/2592,1/6,reciprocal_integer,This is a bounded computational sample. It does not prove the complete associate-class structure of the infinite monoid. Non-singleton class: elements are associates within the sample.
517,1493/486,1,1493/486,1,reciprocal_integer,This is a bounded computational sample. It does not prove the complete associate-class structure of the infinite monoid.
518,1495/972,1,1495/972,1,reciprocal_integer,This is a bounded computational sample. It does not prove the complete associate-class structure of the infinite monoid.
519,1499/486,1,1499/486,1,reciprocal_integer,This is a bounded computational sample. It does not prove the complete associate-class structure of the infinite monoid.
520,1501/972,1,1501/972,1,reciprocal_integer,This is a bounded computational sample. It does not prove the complete associate-class structure of the infinite monoid.
521,1513/432,7,1513/432; 1513/648; 1513/972; 1513/1296; 1513/2592; 1513/3888; 1513/7776,1/3; 1/6; 1/18; 3; 3/2; 9/4,reciprocal_integer,This is a bounded computational sample. It does not prove the complete associate-class structure of the infinite monoid. Non-singleton class: elements are associates within the sample.
522,1517/432,2,1517/432; 1517/2592,1/6,reciprocal_integer,This is a bounded computational sample. It does not prove the complete associate-class structure of the infinite monoid. Non-singleton class: elements are associates within the sample.
523,1519/432,7,1519/432; 1519/648; 1519/972; 1519/1296; 1519/2592; 1519/3888; 1519/7776,1/3; 1/6; 1/18; 3; 3/2; 9/4,reciprocal_integer,This is a bounded computational sample. It does not prove the complete associate-class structure of the infinite monoid. Non-singleton class: elements are associates within the sample.
524,1525/432,4,1525/432; 1525/1296; 1525/2592; 1525/7776,1/3; 1/6; 1/18; 3,reciprocal_integer,This is a bounded computational sample. It does not prove the complete associate-class structure of the infinite monoid. Non-singleton class: elements are associates within the sample.
525,1529/432,2,1529/432; 1529/2592,1/6,reciprocal_integer,This is a bounded computational sample. It does not prove the complete associate-class structure of the infinite monoid. Non-singleton class: elements are associates within the sample.
526,1531/432,6,1531/432; 1531/648; 1531/1296; 1531/2592; 1531/3888; 1531/7776,1/3; 1/6; 1/18; 3; 3/2,reciprocal_integer,This is a bounded computational sample. It does not prove the complete associate-class structure of the infinite monoid. Non-singleton class: elements are associates within the sample.
527,1537/432,2,1537/432; 1537/2592,1/6,reciprocal_integer,This is a bounded computational sample. It does not prove the complete associate-class structure of the infinite monoid. Non-singleton class: elements are associates within the sample.
528,1537/432,4,1537/432; 1537/648; 1537/2592; 1537/3888,1/6; 3/2,reciprocal_integer,This is a bounded computational sample. It does not prove the complete associate-class structure of the infinite monoid. Non-singleton class: elements are associates within the sample.
529,1541/432,2,1541/432; 1541/2592,1/6,reciprocal_integer,This is a bounded computational sample. It does not prove the complete associate-class structure of the infinite monoid. Non-singleton class: elements are associates within the sample.
530,1543/432,2,1543/432; 1543/2592,1/6,reciprocal_integer,This is a bounded computational sample. It does not prove the complete associate-class structure of the infinite monoid. Non-singleton class: elements are associates within the sample.
531,1547/486,1,1547/486,1,reciprocal_integer,This is a bounded computational sample. It does not prove the complete associate-class structure of the infinite monoid.
532,1549/432,7,1549/432; 1549/648; 1549/972; 1549/1296; 1549/2592; 1549/3888; 1549/7776,1/3; 1/6; 1/18; 3; 3/2; 9/4,reciprocal_integer,This is a bounded computational sample. It does not prove the complete associate-class structure of the infinite monoid. Non-singleton class: elements are associates within the sample.
533,1553/432,2,1553/432; 1553/2592,1/6,reciprocal_integer,This is a bounded computational sample. It does not prove the complete associate-class structure of the infinite monoid. Non-singleton class: elements are associates within the sample.
534,1553/486,1,1553/486,1,reciprocal_integer,This is a bounded computational sample. It does not prove the complete associate-class structure of the infinite monoid.
535,1555/432,7,1555/432; 1555/648; 1555/972; 1555/1296; 1555/2592; 1555/3888; 1555/7776,1/3; 1/6; 1/18; 3; 3/2; 9/4,reciprocal_integer,This is a bounded computational sample. It does not prove the complete associate-class structure of the infinite monoid. Non-singleton class: elements are associates within the sample.
536,1561/1296,2,1561/1296; 1561/7776,1/6,reciprocal_integer,This is a bounded computational sample. It does not prove the complete associate-class structure of the infinite monoid. Non-singleton class: elements are associates within the sample.
537,1567/648,4,1567/648; 1567/1296; 1567/3888; 1567/7776,1/2; 1/6; 1/12; 2,reciprocal_integer,This is a bounded computational sample. It does not prove the complete associate-class structure of the infinite monoid. Non-singleton class: elements are associates within the sample.
538,1571/486,1,1571/486,1,reciprocal_integer,This is a bounded computational sample. It does not prove the complete associate-class structure of the infinite monoid.
539,1573/648,2,1573/648; 1573/3888,1/6,reciprocal_integer,This is a bounded computational sample. It does not prove the complete associate-class structure of the infinite monoid. Non-singleton class: elements are associates within the sample.
540,1583/486,1,1583/486,1,reciprocal_integer,This is a bounded computational sample. It does not prove the complete associate-class structure of the infinite monoid.
541,1585/1296,2,1585/1296; 1585/7776,1/6,reciprocal_integer,This is a bounded computational sample. It does not prove the complete associate-class structure of the infinite monoid. Non-singleton class: elements are associates within the sample.
542,1591/1296,2,1591/1296; 1591/7776,1/6,reciprocal_integer,This is a bounded computational sample. It does not prove the complete associate-class structure of the infinite monoid. Non-singleton class: elements are associates within the sample.
543,1597/1296,2,1597/1296; 1597/7776,1/6,reciprocal_integer,This is a bounded computational sample. It does not prove the complete associate-class structure of the infinite monoid. Non-singleton class: elements are associates within the sample.
544,1603/1296,2,1603/1296; 1603/7776,1/6,reciprocal_integer,This is a bounded computational sample. It does not prove the complete associate-class structure of the infinite monoid. Non-singleton class: elements are associates within the sample.
545,1621/648,4,1621/648; 1621/1296; 1621/3888; 1621/7776,1/2; 1/6; 1/12; 2,reciprocal_integer,This is a bounded computational sample. It does not prove the complete associate-class structure of the infinite monoid. Non-singleton class: elements are associates within the sample.
546,1625/486,1,1625/486,1,reciprocal_integer,This is a bounded computational sample. It does not prove the complete associate-class structure of the infinite monoid.
547,1627/648,4,1627/648; 1627/1296; 1627/3888; 1627/7776,1/2; 1/6; 1/12; 2,reciprocal_integer,This is a bounded computational sample. It does not prove the complete associate-class structure of the infinite monoid. Non-singleton class: elements are associates within the sample.
548,1633/1296,2,1633/1296; 1633/7776,1/6,reciprocal_integer,This is a bounded computational sample. It does not prove the complete associate-class structure of the infinite monoid. Non-singleton class: elements are associates within the sample.
549,1637/486,1,1637/486,1,reciprocal_integer,This is a bounded computational sample. It does not prove the complete associate-class structure of the infinite monoid.
550,1639/648,4,1639/648; 1639/1296; 1639/3888; 1639/7776,1/2; 1/6; 1/12; 2,reciprocal_integer,This is a bounded computational sample. It does not prove the complete associate-class structure of the infinite monoid. Non-singleton class: elements are associates within the sample.
551,1645/648,2,1645/648; 1645/3888,1/6,reciprocal_integer,This is a bounded computational sample. It does not prove the complete associate-class structure of the infinite monoid. Non-singleton class: elements are associates within the sample.
552,1655/486,1,1655/486,1,reciprocal_integer,This is a bounded computational sample. It does not prove the complete associate-class structure of the infinite monoid.
553,1657/648,2,1657/648; 1657/3888,1/6,reciprocal_integer,This is a bounded computational sample. It does not prove the complete associate-class structure of the infinite monoid. Non-singleton class: elements are associates within the sample.
554,1661/486,1,1661/486,1,reciprocal_integer,This is a bounded computational sample. It does not prove the complete associate-class structure of the infinite monoid.
555,1663/648,2,1663/648; 1663/3888,1/6,reciprocal_integer,This is a bounded computational sample. It does not prove the complete associate-class structure of the infinite monoid. Non-singleton class: elements are associates within the sample.
556,1675/648,2,1675/648; 1675/3888,1/6,reciprocal_integer,This is a bounded computational sample. It does not prove the complete associate-class structure of the infinite monoid. Non-singleton class: elements are associates within the sample.
557,1681/648,2,1681/648; 1681/3888,1/6,reciprocal_integer,This is a bounded computational sample. It does not prove the complete associate-class structure of the infinite monoid. Non-singleton class: elements are associates within the sample.
558,1709/486,1,1709/486,1,reciprocal_integer,This is a bounded computational sample. It does not prove the complete associate-class structure of the infinite monoid.
559,1715/486,1,1715/486,1,reciprocal_integer,This is a bounded computational sample. It does not prove the complete associate-class structure of the infinite monoid.
560,1729/864,1,1729/864,1,reciprocal_integer,This is a bounded computational sample. It does not prove the complete associate-class structure of the infinite monoid.
561,1729/864,3,1729/864; 1729/1296; 1729/7776,3/2,reciprocal_integer,This is a bounded computational sample. It does not prove the complete associate-class structure of the infinite monoid. Non-singleton class: elements are associates within the sample.
562,1733/486,2,1733/486; 1733/864,9/16,reciprocal_integer,This is a bounded computational sample. It does not prove the complete associate-class structure of the infinite monoid. Non-singleton class: elements are associates within the sample.
563,1735/1296,2,1735/1296; 1735/7776,1/6,reciprocal_integer,This is a bounded computational sample. It does not prove the complete associate-class structure of the infinite monoid. Non-singleton class: elements are associates within the sample.
564,1741/864,1,1741/864,1,reciprocal_integer,This is a bounded computational sample. It does not prove the complete associate-class structure of the infinite monoid.
565,1741/864,3,1741/864; 1741/1296; 1741/7776,3/2,reciprocal_integer,This is a bounded computational sample. It does not prove the complete associate-class structure of the infinite monoid. Non-singleton class: elements are associates within the sample.
566,1745/486,1,1745/486,1,reciprocal_integer,This is a bounded computational sample. It does not prove the complete associate-class structure of the infinite monoid.
567,1747/1296,2,1747/1296; 1747/7776,1/6,reciprocal_integer,This is a bounded computational sample. It does not prove the complete associate-class structure of the infinite monoid. Non-singleton class: elements are associates within the sample.
568,1753/864,1,1753/864,1,reciprocal_integer,This is a bounded computational sample. It does not prove the complete associate-class structure of the infinite monoid.
569,1757/864,1,1757/864,1,reciprocal_integer,This is a bounded computational sample. It does not prove the complete associate-class structure of the infinite monoid.
570,1765/864,1,1765/864,1,reciprocal_integer,This is a bounded computational sample. It does not prove the complete associate-class structure of the infinite monoid.
571,1765/864,3,1765/864; 1765/1296; 1765/7776,3/2,reciprocal_integer,This is a bounded computational sample. It does not prove the complete associate-class structure of the infinite monoid. Non-singleton class: elements are associates within the sample.
572,1771/1296,2,1771/1296; 1771/7776,1/6,reciprocal_integer,This is a bounded computational sample. It does not prove the complete associate-class structure of the infinite monoid. Non-singleton class: elements are associates within the sample.
573,1777/864,1,1777/864,1,reciprocal_integer,This is a bounded computational sample. It does not prove the complete associate-class structure of the infinite monoid.
574,1777/864,3,1777/864; 1777/1296; 1777/7776,3/2,reciprocal_integer,This is a bounded computational sample. It does not prove the complete associate-class structure of the infinite monoid. Non-singleton class: elements are associates within the sample.
575,1781/864,1,1781/864,1,reciprocal_integer,This is a bounded computational sample. It does not prove the complete associate-class structure of the infinite monoid.
576,1783/1296,2,1783/1296; 1783/7776,1/6,reciprocal_integer,This is a bounded computational sample. It does not prove the complete associate-class structure of the infinite monoid. Non-singleton class: elements are associates within the sample.
577,1789/864,1,1789/864,1,reciprocal_integer,This is a bounded computational sample. It does not prove the complete associate-class structure of the infinite monoid.
578,1801/864,1,1801/864,1,reciprocal_integer,This is a bounded computational sample. It does not prove the complete associate-class structure of the infinite monoid.
579,1801/864,3,1801/864; 1801/1296; 1801/7776,3/2,reciprocal_integer,This is a bounded computational sample. It does not prove the complete associate-class structure of the infinite monoid. Non-singleton class: elements are associates within the sample.
580,1805/864,1,1805/864,1,reciprocal_integer,This is a bounded computational sample. It does not prove the complete associate-class structure of the infinite monoid.
581,1807/1296,2,1807/1296; 1807/7776,1/6,reciprocal_integer,This is a bounded computational sample. It does not prove the complete associate-class structure of the infinite monoid. Non-singleton class: elements are associates within the sample.
582,1813/864,1,1813/864,1,reciprocal_integer,This is a bounded computational sample. It does not prove the complete associate-class structure of the infinite monoid.
583,1813/864,3,1813/864; 1813/1296; 1813/7776,3/2,reciprocal_integer,This is a bounded computational sample. It does not prove the complete associate-class structure of the infinite monoid. Non-singleton class: elements are associates within the sample.
584,1819/1296,2,1819/1296; 1819/7776,1/6,reciprocal_integer,This is a bounded computational sample. It does not prove the complete associate-class structure of the infinite monoid. Non-singleton class: elements are associates within the sample.
585,1837/1296,2,1837/1296; 1837/7776,1/6,reciprocal_integer,This is a bounded computational sample. It does not prove the complete associate-class structure of the infinite monoid. Non-singleton class: elements are associates within the sample.
586,1843/1296,2,1843/1296; 1843/7776,1/6,reciprocal_integer,This is a bounded computational sample. It does not prove the complete associate-class structure of the infinite monoid. Non-singleton class: elements are associates within the sample.
587,1849/1296,2,1849/1296; 1849/7776,1/6,reciprocal_integer,This is a bounded computational sample. It does not prove the complete associate-class structure of the infinite monoid. Non-singleton class: elements are associates within the sample.
588,1855/1296,2,1855/1296; 1855/7776,1/6,reciprocal_integer,This is a bounded computational sample. It does not prove the complete associate-class structure of the infinite monoid. Non-singleton class: elements are associates within the sample.
589,1873/864,1,1873/864,1,reciprocal_integer,This is a bounded computational sample. It does not prove the complete associate-class structure of the infinite monoid.
590,1877/864,1,1877/864,1,reciprocal_integer,This is a bounded computational sample. It does not prove the complete associate-class structure of the infinite monoid.
591,1885/864,1,1885/864,1,reciprocal_integer,This is a bounded computational sample. It does not prove the complete associate-class structure of the infinite monoid.
592,1897/864,1,1897/864,1,reciprocal_integer,This is a bounded computational sample. It does not prove the complete associate-class structure of the infinite monoid.
593,1901/864,1,1901/864,1,reciprocal_integer,This is a bounded computational sample. It does not prove the complete associate-class structure of the infinite monoid.
594,1909/864,1,1909/864,1,reciprocal_integer,This is a bounded computational sample. It does not prove the complete associate-class structure of the infinite monoid.
595,1921/864,1,1921/864,1,reciprocal_integer,This is a bounded computational sample. It does not prove the complete associate-class structure of the infinite monoid.
596,1925/864,1,1925/864,1,reciprocal_integer,This is a bounded computational sample. It does not prove the complete associate-class structure of the infinite monoid.
597,1933/864,1,1933/864,1,reciprocal_integer,This is a bounded computational sample. It does not prove the complete associate-class structure of the infinite monoid.
598,1945/648,6,1945/648; 1945/864; 1945/972; 1945/1296; 1945/3888; 1945/7776,1/2; 1/6; 1/12; 2; 3/2; 4/3,reciprocal_integer,This is a bounded computational sample. It does not prove the complete associate-class structure of the infinite monoid. Non-singleton class: elements are associates within the sample.
599,1949/864,1,1949/864,1,reciprocal_integer,This is a bounded computational sample. It does not prove the complete associate-class structure of the infinite monoid.
600,1949/864,2,1949/864; 1949/1944,9/4,reciprocal_integer,This is a bounded computational sample. It does not prove the complete associate-class structure of the infinite monoid. Non-singleton class: elements are associates within the sample.
601,1951/648,5,1951/648; 1951/972; 1951/1296; 1951/3888; 1951/7776,1/2; 1/6; 1/12; 2; 3/2,reciprocal_integer,This is a bounded computational sample. It does not prove the complete associate-class structure of the infinite monoid. Non-singleton class: elements are associates within the sample.
602,1955/1944,1,1955/1944,1,reciprocal_integer,This is a bounded computational sample. It does not prove the complete associate-class structure of the infinite monoid.
603,1957/864,1,1957/864,1,reciprocal_integer,This is a bounded computational sample. It does not prove the complete associate-class structure of the infinite monoid.
604,1957/864,3,1957/864; 1957/1296; 1957/7776,3/2,reciprocal_integer,This is a bounded computational sample. It does not prove the complete associate-class structure of the infinite monoid. Non-singleton class: elements are associates within the sample.
605,1963/648,4,1963/648; 1963/1296; 1963/3888; 1963/7776,1/2; 1/6; 1/12; 2,reciprocal_integer,This is a bounded computational sample. It does not prove the complete associate-class structure of the infinite monoid. Non-singleton class: elements are associates within the sample.
606,1967/1944,1,1967/1944,1,reciprocal_integer,This is a bounded computational sample. It does not prove the complete associate-class structure of the infinite monoid.
607,1969/648,2,1969/648; 1969/3888,1/6,reciprocal_integer,This is a bounded computational sample. It does not prove the complete associate-class structure of the infinite monoid. Non-singleton class: elements are associates within the sample.
608,1973/1944,1,1973/1944,1,reciprocal_integer,This is a bounded computational sample. It does not prove the complete associate-class structure of the infinite monoid.
609,1981/648,5,1981/648; 1981/972; 1981/1296; 1981/3888; 1981/7776,1/2; 1/6; 1/12; 2; 3/2,reciprocal_integer,This is a bounded computational sample. It does not prove the complete associate-class structure of the infinite monoid. Non-singleton class: elements are associates within the sample.
610,1987/648,5,1987/648; 1987/972; 1987/1296; 1987/3888; 1987/7776,1/2; 1/6; 1/12; 2; 3/2,reciprocal_integer,This is a bounded computational sample. It does not prove the complete associate-class structure of the infinite monoid. Non-singleton class: elements are associates within the sample.
611,1993/1296,2,1993/1296; 1993/7776,1/6,reciprocal_integer,This is a bounded computational sample. It does not prove the complete associate-class structure of the infinite monoid. Non-singleton class: elements are associates within the sample.
612,1999/648,5,1999/648; 1999/972; 1999/1296; 1999/3888; 1999/7776,1/2; 1/6; 1/12; 2; 3/2,reciprocal_integer,This is a bounded computational sample. It does not prove the complete associate-class structure of the infinite monoid. Non-singleton class: elements are associates within the sample.
613,2003/1944,1,2003/1944,1,reciprocal_integer,This is a bounded computational sample. It does not prove the complete associate-class structure of the infinite monoid.
614,2005/648,2,2005/648; 2005/3888,1/6,reciprocal_integer,This is a bounded computational sample. It does not prove the complete associate-class structure of the infinite monoid. Non-singleton class: elements are associates within the sample.
615,2005/648,3,2005/648; 2005/972; 2005/3888,1/6; 3/2,reciprocal_integer,This is a bounded computational sample. It does not prove the complete associate-class structure of the infinite monoid. Non-singleton class: elements are associates within the sample.
616,2009/1944,1,2009/1944,1,reciprocal_integer,This is a bounded computational sample. It does not prove the complete associate-class structure of the infinite monoid.
617,2017/864,1,2017/864,1,reciprocal_integer,This is a bounded computational sample. It does not prove the complete associate-class structure of the infinite monoid.
618,2017/864,3,2017/864; 2017/1296; 2017/7776,3/2,reciprocal_integer,This is a bounded computational sample. It does not prove the complete associate-class structure of the infinite monoid. Non-singleton class: elements are associates within the sample.
619,2021/864,1,2021/864,1,reciprocal_integer,This is a bounded computational sample. It does not prove the complete associate-class structure of the infinite monoid.
620,2021/864,2,2021/864; 2021/1944,9/4,reciprocal_integer,This is a bounded computational sample. It does not prove the complete associate-class structure of the infinite monoid. Non-singleton class: elements are associates within the sample.
621,2023/1296,2,2023/1296; 2023/7776,1/6,reciprocal_integer,This is a bounded computational sample. It does not prove the complete associate-class structure of the infinite monoid. Non-singleton class: elements are associates within the sample.
622,2027/1944,1,2027/1944,1,reciprocal_integer,This is a bounded computational sample. It does not prove the complete associate-class structure of the infinite monoid.
623,2029/864,1,2029/864,1,reciprocal_integer,This is a bounded computational sample. It does not prove the complete associate-class structure of the infinite monoid.
624,2029/864,3,2029/864; 2029/1296; 2029/7776,3/2,reciprocal_integer,This is a bounded computational sample. It does not prove the complete associate-class structure of the infinite monoid. Non-singleton class: elements are associates within the sample.
625,2035/972,1,2035/972,1,reciprocal_integer,This is a bounded computational sample. It does not prove the complete associate-class structure of the infinite monoid.
626,2035/972,3,2035/972; 2035/1296; 2035/7776,4/3,reciprocal_integer,This is a bounded computational sample. It does not prove the complete associate-class structure of the infinite monoid. Non-singleton class: elements are associates within the sample.
627,2041/864,1,2041/864,1,reciprocal_integer,This is a bounded computational sample. It does not prove the complete associate-class structure of the infinite monoid.
628,2041/972,1,2041/972,1,reciprocal_integer,This is a bounded computational sample. It does not prove the complete associate-class structure of the infinite monoid.
629,2045/864,1,2045/864,1,reciprocal_integer,This is a bounded computational sample. It does not prove the complete associate-class structure of the infinite monoid.
630,2053/648,5,2053/648; 2053/864; 2053/1296; 2053/3888; 2053/7776,1/2; 1/6; 1/12; 2; 4/3,reciprocal_integer,This is a bounded computational sample. It does not prove the complete associate-class structure of the infinite monoid. Non-singleton class: elements are associates within the sample.
631,2057/1944,1,2057/1944,1,reciprocal_integer,This is a bounded computational sample. It does not prove the complete associate-class structure of the infinite monoid.
632,2059/648,4,2059/648; 2059/1296; 2059/3888; 2059/7776,1/2; 1/6; 1/12; 2,reciprocal_integer,This is a bounded computational sample. It does not prove the complete associate-class structure of the infinite monoid. Non-singleton class: elements are associates within the sample.
633,2063/1944,1,2063/1944,1,reciprocal_integer,This is a bounded computational sample. It does not prove the complete associate-class structure of the infinite monoid.
634,2065/864,1,2065/864,1,reciprocal_integer,This is a bounded computational sample. It does not prove the complete associate-class structure of the infinite monoid.
635,2065/864,3,2065/864; 2065/1296; 2065/7776,3/2,reciprocal_integer,This is a bounded computational sample. It does not prove the complete associate-class structure of the infinite monoid. Non-singleton class: elements are associates within the sample.
636,2069/864,1,2069/864,1,reciprocal_integer,This is a bounded computational sample. It does not prove the complete associate-class structure of the infinite monoid.
637,2071/648,4,2071/648; 2071/1296; 2071/3888; 2071/7776,1/2; 1/6; 1/12; 2,reciprocal_integer,This is a bounded computational sample. It does not prove the complete associate-class structure of the infinite monoid. Non-singleton class: elements are associates within the sample.
638,2075/1944,1,2075/1944,1,reciprocal_integer,This is a bounded computational sample. It does not prove the complete associate-class structure of the infinite monoid.
639,2077/648,2,2077/648; 2077/3888,1/6,reciprocal_integer,This is a bounded computational sample. It does not prove the complete associate-class structure of the infinite monoid. Non-singleton class: elements are associates within the sample.
640,2077/648,3,2077/648; 2077/864; 2077/3888,1/6; 4/3,reciprocal_integer,This is a bounded computational sample. It does not prove the complete associate-class structure of the infinite monoid. Non-singleton class: elements are associates within the sample.
641,2081/1944,1,2081/1944,1,reciprocal_integer,This is a bounded computational sample. It does not prove the complete associate-class structure of the infinite monoid.
642,2089/648,2,2089/648; 2089/3888,1/6,reciprocal_integer,This is a bounded computational sample. It does not prove the complete associate-class structure of the infinite monoid. Non-singleton class: elements are associates within the sample.
643,2089/648,3,2089/648; 2089/864; 2089/3888,1/6; 4/3,reciprocal_integer,This is a bounded computational sample. It does not prove the complete associate-class structure of the infinite monoid. Non-singleton class: elements are associates within the sample.
644,2093/864,1,2093/864,1,reciprocal_integer,This is a bounded computational sample. It does not prove the complete associate-class structure of the infinite monoid.
645,2095/648,2,2095/648; 2095/3888,1/6,reciprocal_integer,This is a bounded computational sample. It does not prove the complete associate-class structure of the infinite monoid. Non-singleton class: elements are associates within the sample.
646,2101/864,1,2101/864,1,reciprocal_integer,This is a bounded computational sample. It does not prove the complete associate-class structure of the infinite monoid.
647,2107/648,2,2107/648; 2107/3888,1/6,reciprocal_integer,This is a bounded computational sample. It does not prove the complete associate-class structure of the infinite monoid. Non-singleton class: elements are associates within the sample.
648,2107/648,3,2107/648; 2107/972; 2107/3888,1/6; 3/2,reciprocal_integer,This is a bounded computational sample. It does not prove the complete associate-class structure of the infinite monoid. Non-singleton class: elements are associates within the sample.
649,2111/1944,1,2111/1944,1,reciprocal_integer,This is a bounded computational sample. It does not prove the complete associate-class structure of the infinite monoid.
650,2113/648,2,2113/648; 2113/3888,1/6,reciprocal_integer,This is a bounded computational sample. It does not prove the complete associate-class structure of the infinite monoid. Non-singleton class: elements are associates within the sample.
651,2113/648,3,2113/648; 2113/972; 2113/3888,1/6; 3/2,reciprocal_integer,This is a bounded computational sample. It does not prove the complete associate-class structure of the infinite monoid. Non-singleton class: elements are associates within the sample.
652,2117/1944,1,2117/1944,1,reciprocal_integer,This is a bounded computational sample. It does not prove the complete associate-class structure of the infinite monoid.
653,2129/1944,1,2129/1944,1,reciprocal_integer,This is a bounded computational sample. It does not prove the complete associate-class structure of the infinite monoid.
654,2135/1944,1,2135/1944,1,reciprocal_integer,This is a bounded computational sample. It does not prove the complete associate-class structure of the infinite monoid.
655,2143/972,1,2143/972,1,reciprocal_integer,This is a bounded computational sample. It does not prove the complete associate-class structure of the infinite monoid.
656,2149/972,1,2149/972,1,reciprocal_integer,This is a bounded computational sample. It does not prove the complete associate-class structure of the infinite monoid.
657,2161/648,2,2161/648; 2161/3888,1/6,reciprocal_integer,This is a bounded computational sample. It does not prove the complete associate-class structure of the infinite monoid. Non-singleton class: elements are associates within the sample.
658,2161/648,3,2161/648; 2161/864; 2161/3888,1/6; 4/3,reciprocal_integer,This is a bounded computational sample. It does not prove the complete associate-class structure of the infinite monoid. Non-singleton class: elements are associates within the sample.
659,2161/648,3,2161/648; 2161/972; 2161/3888,1/6; 3/2,reciprocal_integer,This is a bounded computational sample. It does not prove the complete associate-class structure of the infinite monoid. Non-singleton class: elements are associates within the sample.
660,2165/864,1,2165/864,1,reciprocal_integer,This is a bounded computational sample. It does not prove the complete associate-class structure of the infinite monoid.
661,2167/648,2,2167/648; 2167/3888,1/6,reciprocal_integer,This is a bounded computational sample. It does not prove the complete associate-class structure of the infinite monoid. Non-singleton class: elements are associates within the sample.
662,2167/648,3,2167/648; 2167/972; 2167/3888,1/6; 3/2,reciprocal_integer,This is a bounded computational sample. It does not prove the complete associate-class structure of the infinite monoid. Non-singleton class: elements are associates within the sample.
663,2173/864,1,2173/864,1,reciprocal_integer,This is a bounded computational sample. It does not prove the complete associate-class structure of the infinite monoid.
664,2179/648,2,2179/648; 2179/3888,1/6,reciprocal_integer,This is a bounded computational sample. It does not prove the complete associate-class structure of the infinite monoid. Non-singleton class: elements are associates within the sample.
665,2185/648,2,2185/648; 2185/3888,1/6,reciprocal_integer,This is a bounded computational sample. It does not prove the complete associate-class structure of the infinite monoid. Non-singleton class: elements are associates within the sample.
666,2185/648,3,2185/648; 2185/864; 2185/3888,1/6; 4/3,reciprocal_integer,This is a bounded computational sample. It does not prove the complete associate-class structure of the infinite monoid. Non-singleton class: elements are associates within the sample.
667,2189/864,1,2189/864,1,reciprocal_integer,This is a bounded computational sample. It does not prove the complete associate-class structure of the infinite monoid.
668,2197/648,2,2197/648; 2197/3888,1/6,reciprocal_integer,This is a bounded computational sample. It does not prove the complete associate-class structure of the infinite monoid. Non-singleton class: elements are associates within the sample.
669,2197/648,3,2197/648; 2197/864; 2197/3888,1/6; 4/3,reciprocal_integer,This is a bounded computational sample. It does not prove the complete associate-class structure of the infinite monoid. Non-singleton class: elements are associates within the sample.
670,2197/648,3,2197/648; 2197/972; 2197/3888,1/6; 3/2,reciprocal_integer,This is a bounded computational sample. It does not prove the complete associate-class structure of the infinite monoid. Non-singleton class: elements are associates within the sample.
671,2203/648,2,2203/648; 2203/3888,1/6,reciprocal_integer,This is a bounded computational sample. It does not prove the complete associate-class structure of the infinite monoid. Non-singleton class: elements are associates within the sample.
672,2203/648,3,2203/648; 2203/972; 2203/3888,1/6; 3/2,reciprocal_integer,This is a bounded computational sample. It does not prove the complete associate-class structure of the infinite monoid. Non-singleton class: elements are associates within the sample.
673,2209/864,1,2209/864,1,reciprocal_integer,This is a bounded computational sample. It does not prove the complete associate-class structure of the infinite monoid.
674,2213/864,1,2213/864,1,reciprocal_integer,This is a bounded computational sample. It does not prove the complete associate-class structure of the infinite monoid.
675,2215/648,2,2215/648; 2215/3888,1/6,reciprocal_integer,This is a bounded computational sample. It does not prove the complete associate-class structure of the infinite monoid. Non-singleton class: elements are associates within the sample.
676,2221/648,2,2221/648; 2221/3888,1/6,reciprocal_integer,This is a bounded computational sample. It does not prove the complete associate-class structure of the infinite monoid. Non-singleton class: elements are associates within the sample.
677,2221/648,3,2221/648; 2221/864; 2221/3888,1/6; 4/3,reciprocal_integer,This is a bounded computational sample. It does not prove the complete associate-class structure of the infinite monoid. Non-singleton class: elements are associates within the sample.
678,2233/864,1,2233/864,1,reciprocal_integer,This is a bounded computational sample. It does not prove the complete associate-class structure of the infinite monoid.
679,2237/864,1,2237/864,1,reciprocal_integer,This is a bounded computational sample. It does not prove the complete associate-class structure of the infinite monoid.
680,2245/864,1,2245/864,1,reciprocal_integer,This is a bounded computational sample. It does not prove the complete associate-class structure of the infinite monoid.
681,2269/648,2,2269/648; 2269/3888,1/6,reciprocal_integer,This is a bounded computational sample. It does not prove the complete associate-class structure of the infinite monoid. Non-singleton class: elements are associates within the sample.
682,2269/648,3,2269/648; 2269/972; 2269/3888,1/6; 3/2,reciprocal_integer,This is a bounded computational sample. It does not prove the complete associate-class structure of the infinite monoid. Non-singleton class: elements are associates within the sample.
683,2273/1944,1,2273/1944,1,reciprocal_integer,This is a bounded computational sample. It does not prove the complete associate-class structure of the infinite monoid.
684,2275/648,2,2275/648; 2275/3888,1/6,reciprocal_integer,This is a bounded computational sample. It does not prove the complete associate-class structure of the infinite monoid. Non-singleton class: elements are associates within the sample.
685,2275/648,3,2275/648; 2275/972; 2275/3888,1/6; 3/2,reciprocal_integer,This is a bounded computational sample. It does not prove the complete associate-class structure of the infinite monoid. Non-singleton class: elements are associates within the sample.
686,2279/1944,1,2279/1944,1,reciprocal_integer,This is a bounded computational sample. It does not prove the complete associate-class structure of the infinite monoid.
687,2287/648,2,2287/648; 2287/3888,1/6,reciprocal_integer,This is a bounded computational sample. It does not prove the complete associate-class structure of the infinite monoid. Non-singleton class: elements are associates within the sample.
688,2291/1944,1,2291/1944,1,reciprocal_integer,This is a bounded computational sample. It does not prove the complete associate-class structure of the infinite monoid.
689,2293/648,2,2293/648; 2293/3888,1/6,reciprocal_integer,This is a bounded computational sample. It does not prove the complete associate-class structure of the infinite monoid. Non-singleton class: elements are associates within the sample.
690,2297/1944,1,2297/1944,1,reciprocal_integer,This is a bounded computational sample. It does not prove the complete associate-class structure of the infinite monoid.
691,2305/648,2,2305/648; 2305/3888,1/6,reciprocal_integer,This is a bounded computational sample. It does not prove the complete associate-class structure of the infinite monoid. Non-singleton class: elements are associates within the sample.
692,2305/648,3,2305/648; 2305/972; 2305/3888,1/6; 3/2,reciprocal_integer,This is a bounded computational sample. It does not prove the complete associate-class structure of the infinite monoid. Non-singleton class: elements are associates within the sample.
693,2311/648,2,2311/648; 2311/3888,1/6,reciprocal_integer,This is a bounded computational sample. It does not prove the complete associate-class structure of the infinite monoid. Non-singleton class: elements are associates within the sample.
694,2311/648,3,2311/648; 2311/972; 2311/3888,1/6; 3/2,reciprocal_integer,This is a bounded computational sample. It does not prove the complete associate-class structure of the infinite monoid. Non-singleton class: elements are associates within the sample.
695,2323/648,2,2323/648; 2323/3888,1/6,reciprocal_integer,This is a bounded computational sample. It does not prove the complete associate-class structure of the infinite monoid. Non-singleton class: elements are associates within the sample.
696,2323/648,3,2323/648; 2323/972; 2323/3888,1/6; 3/2,reciprocal_integer,This is a bounded computational sample. It does not prove the complete associate-class structure of the infinite monoid. Non-singleton class: elements are associates within the sample.
697,2327/1944,1,2327/1944,1,reciprocal_integer,This is a bounded computational sample. It does not prove the complete associate-class structure of the infinite monoid.
698,2329/648,2,2329/648; 2329/3888,1/6,reciprocal_integer,This is a bounded computational sample. It does not prove the complete associate-class structure of the infinite monoid. Non-singleton class: elements are associates within the sample.
699,2329/648,3,2329/648; 2329/972; 2329/3888,1/6; 3/2,reciprocal_integer,This is a bounded computational sample. It does not prove the complete associate-class structure of the infinite monoid. Non-singleton class: elements are associates within the sample.
700,2333/1944,1,2333/1944,1,reciprocal_integer,This is a bounded computational sample. It does not prove the complete associate-class structure of the infinite monoid.
701,2345/1944,1,2345/1944,1,reciprocal_integer,This is a bounded computational sample. It does not prove the complete associate-class structure of the infinite monoid.
702,2351/1944,1,2351/1944,1,reciprocal_integer,This is a bounded computational sample. It does not prove the complete associate-class structure of the infinite monoid.
703,2359/972,1,2359/972,1,reciprocal_integer,This is a bounded computational sample. It does not prove the complete associate-class structure of the infinite monoid.
704,2365/972,1,2365/972,1,reciprocal_integer,This is a bounded computational sample. It does not prove the complete associate-class structure of the infinite monoid.
705,2381/1944,1,2381/1944,1,reciprocal_integer,This is a bounded computational sample. It does not prove the complete associate-class structure of the infinite monoid.
706,2387/1944,1,2387/1944,1,reciprocal_integer,This is a bounded computational sample. It does not prove the complete associate-class structure of the infinite monoid.
707,2399/1944,1,2399/1944,1,reciprocal_integer,This is a bounded computational sample. It does not prove the complete associate-class structure of the infinite monoid.
708,2405/1944,1,2405/1944,1,reciprocal_integer,This is a bounded computational sample. It does not prove the complete associate-class structure of the infinite monoid.
709,2431/972,1,2431/972,1,reciprocal_integer,This is a bounded computational sample. It does not prove the complete associate-class structure of the infinite monoid.
710,2435/1944,1,2435/1944,1,reciprocal_integer,This is a bounded computational sample. It does not prove the complete associate-class structure of the infinite monoid.
711,2437/972,1,2437/972,1,reciprocal_integer,This is a bounded computational sample. It does not prove the complete associate-class structure of the infinite monoid.
712,2441/1944,1,2441/1944,1,reciprocal_integer,This is a bounded computational sample. It does not prove the complete associate-class structure of the infinite monoid.
713,2453/1944,1,2453/1944,1,reciprocal_integer,This is a bounded computational sample. It does not prove the complete associate-class structure of the infinite monoid.
714,2459/1944,1,2459/1944,1,reciprocal_integer,This is a bounded computational sample. It does not prove the complete associate-class structure of the infinite monoid.
715,2467/972,1,2467/972,1,reciprocal_integer,This is a bounded computational sample. It does not prove the complete associate-class structure of the infinite monoid.
716,2473/972,1,2473/972,1,reciprocal_integer,This is a bounded computational sample. It does not prove the complete associate-class structure of the infinite monoid.
717,2485/972,1,2485/972,1,reciprocal_integer,This is a bounded computational sample. It does not prove the complete associate-class structure of the infinite monoid.
718,2491/972,1,2491/972,1,reciprocal_integer,This is a bounded computational sample. It does not prove the complete associate-class structure of the infinite monoid.
719,2521/972,1,2521/972,1,reciprocal_integer,This is a bounded computational sample. It does not prove the complete associate-class structure of the infinite monoid.
720,2527/972,1,2527/972,1,reciprocal_integer,This is a bounded computational sample. It does not prove the complete associate-class structure of the infinite monoid.
721,2593/864,4,2593/864; 2593/1296; 2593/2592; 2593/7776,1/3; 3; 3/2,reciprocal_integer,This is a bounded computational sample. It does not prove the complete associate-class structure of the infinite monoid. Non-singleton class: elements are associates within the sample.
722,2597/864,3,2597/864; 2597/1944; 2597/2592,1/3; 3; 9/4,reciprocal_integer,This is a bounded computational sample. It does not prove the complete associate-class structure of the infinite monoid. Non-singleton class: elements are associates within the sample.
723,2599/1296,3,2599/1296; 2599/2592; 2599/7776,1/2; 1/6; 2,reciprocal_integer,This is a bounded computational sample. It does not prove the complete associate-class structure of the infinite monoid. Non-singleton class: elements are associates within the sample.
724,2603/1944,1,2603/1944,1,reciprocal_integer,This is a bounded computational sample. It does not prove the complete associate-class structure of the infinite monoid.
725,2605/864,4,2605/864; 2605/1296; 2605/2592; 2605/7776,1/3; 3; 3/2,reciprocal_integer,This is a bounded computational sample. It does not prove the complete associate-class structure of the infinite monoid. Non-singleton class: elements are associates within the sample.
726,2609/2592,1,2609/2592,1,reciprocal_integer,This is a bounded computational sample. It does not prove the complete associate-class structure of the infinite monoid.
727,2611/1296,3,2611/1296; 2611/2592; 2611/7776,1/2; 1/6; 2,reciprocal_integer,This is a bounded computational sample. It does not prove the complete associate-class structure of the infinite monoid. Non-singleton class: elements are associates within the sample.
728,2615/1944,1,2615/1944,1,reciprocal_integer,This is a bounded computational sample. It does not prove the complete associate-class structure of the infinite monoid.
729,2617/864,2,2617/864; 2617/2592,1/3; 3,reciprocal_integer,This is a bounded computational sample. It does not prove the complete associate-class structure of the infinite monoid. Non-singleton class: elements are associates within the sample.
730,2621/864,3,2621/864; 2621/1944; 2621/2592,1/3; 3; 9/4,reciprocal_integer,This is a bounded computational sample. It does not prove the complete associate-class structure of the infinite monoid. Non-singleton class: elements are associates within the sample.
731,2623/2592,1,2623/2592,1,reciprocal_integer,This is a bounded computational sample. It does not prove the complete associate-class structure of the infinite monoid.
732,2629/864,4,2629/864; 2629/1296; 2629/2592; 2629/7776,1/3; 3; 3/2,reciprocal_integer,This is a bounded computational sample. It does not prove the complete associate-class structure of the infinite monoid. Non-singleton class: elements are associates within the sample.
733,2633/2592,1,2633/2592,1,reciprocal_integer,This is a bounded computational sample. It does not prove the complete associate-class structure of the infinite monoid.
734,2635/1296,3,2635/1296; 2635/2592; 2635/7776,1/2; 1/6; 2,reciprocal_integer,This is a bounded computational sample. It does not prove the complete associate-class structure of the infinite monoid. Non-singleton class: elements are associates within the sample.
735,2641/864,1,2641/864,1,reciprocal_integer,This is a bounded computational sample. It does not prove the complete associate-class structure of the infinite monoid.
736,2641/864,3,2641/864; 2641/1296; 2641/7776,3/2,reciprocal_integer,This is a bounded computational sample. It does not prove the complete associate-class structure of the infinite monoid. Non-singleton class: elements are associates within the sample.
737,2645/864,1,2645/864,1,reciprocal_integer,This is a bounded computational sample. It does not prove the complete associate-class structure of the infinite monoid.
738,2647/1296,2,2647/1296; 2647/7776,1/6,reciprocal_integer,This is a bounded computational sample. It does not prove the complete associate-class structure of the infinite monoid. Non-singleton class: elements are associates within the sample.
739,2651/1944,1,2651/1944,1,reciprocal_integer,This is a bounded computational sample. It does not prove the complete associate-class structure of the infinite monoid.
740,2653/864,1,2653/864,1,reciprocal_integer,This is a bounded computational sample. It does not prove the complete associate-class structure of the infinite monoid.
741,2657/1944,1,2657/1944,1,reciprocal_integer,This is a bounded computational sample. It does not prove the complete associate-class structure of the infinite monoid.
742,2665/864,4,2665/864; 2665/1296; 2665/2592; 2665/7776,1/3; 3; 3/2,reciprocal_integer,This is a bounded computational sample. It does not prove the complete associate-class structure of the infinite monoid. Non-singleton class: elements are associates within the sample.
743,2669/864,3,2669/864; 2669/1944; 2669/2592,1/3; 3; 9/4,reciprocal_integer,This is a bounded computational sample. It does not prove the complete associate-class structure of the infinite monoid. Non-singleton class: elements are associates within the sample.
744,2671/1296,3,2671/1296; 2671/2592; 2671/7776,1/2; 1/6; 2,reciprocal_integer,This is a bounded computational sample. It does not prove the complete associate-class structure of the infinite monoid. Non-singleton class: elements are associates within the sample.
745,2675/1944,1,2675/1944,1,reciprocal_integer,This is a bounded computational sample. It does not prove the complete associate-class structure of the infinite monoid.
746,2677/864,4,2677/864; 2677/1296; 2677/2592; 2677/7776,1/3; 3; 3/2,reciprocal_integer,This is a bounded computational sample. It does not prove the complete associate-class structure of the infinite monoid. Non-singleton class: elements are associates within the sample.
747,2681/2592,1,2681/2592,1,reciprocal_integer,This is a bounded computational sample. It does not prove the complete associate-class structure of the infinite monoid.
748,2683/1296,3,2683/1296; 2683/2592; 2683/7776,1/2; 1/6; 2,reciprocal_integer,This is a bounded computational sample. It does not prove the complete associate-class structure of the infinite monoid. Non-singleton class: elements are associates within the sample.
749,2689/2592,1,2689/2592,1,reciprocal_integer,This is a bounded computational sample. It does not prove the complete associate-class structure of the infinite monoid.
750,2693/2592,1,2693/2592,1,reciprocal_integer,This is a bounded computational sample. It does not prove the complete associate-class structure of the infinite monoid.
751,2695/2592,1,2695/2592,1,reciprocal_integer,This is a bounded computational sample. It does not prove the complete associate-class structure of the infinite monoid.
752,2701/1296,3,2701/1296; 2701/2592; 2701/7776,1/2; 1/6; 2,reciprocal_integer,This is a bounded computational sample. It does not prove the complete associate-class structure of the infinite monoid. Non-singleton class: elements are associates within the sample.
753,2705/1944,1,2705/1944,1,reciprocal_integer,This is a bounded computational sample. It does not prove the complete associate-class structure of the infinite monoid.
754,2705/1944,2,2705/1944; 2705/2592,4/3,reciprocal_integer,This is a bounded computational sample. It does not prove the complete associate-class structure of the infinite monoid. Non-singleton class: elements are associates within the sample.
755,2707/1296,3,2707/1296; 2707/2592; 2707/7776,1/2; 1/6; 2,reciprocal_integer,This is a bounded computational sample. It does not prove the complete associate-class structure of the infinite monoid. Non-singleton class: elements are associates within the sample.
756,2711/1944,1,2711/1944,1,reciprocal_integer,This is a bounded computational sample. It does not prove the complete associate-class structure of the infinite monoid.
757,2713/1296,2,2713/1296; 2713/7776,1/6,reciprocal_integer,This is a bounded computational sample. It does not prove the complete associate-class structure of the infinite monoid. Non-singleton class: elements are associates within the sample.
758,2719/1296,2,2719/1296; 2719/7776,1/6,reciprocal_integer,This is a bounded computational sample. It does not prove the complete associate-class structure of the infinite monoid. Non-singleton class: elements are associates within the sample.
759,2723/1944,1,2723/1944,1,reciprocal_integer,This is a bounded computational sample. It does not prove the complete associate-class structure of the infinite monoid.
760,2729/1944,1,2729/1944,1,reciprocal_integer,This is a bounded computational sample. It does not prove the complete associate-class structure of the infinite monoid.
761,2737/864,2,2737/864; 2737/2592,1/3; 3,reciprocal_integer,This is a bounded computational sample. It does not prove the complete associate-class structure of the infinite monoid. Non-singleton class: elements are associates within the sample.
762,2741/864,2,2741/864; 2741/2592,1/3; 3,reciprocal_integer,This is a bounded computational sample. It does not prove the complete associate-class structure of the infinite monoid. Non-singleton class: elements are associates within the sample.
763,2743/2592,1,2743/2592,1,reciprocal_integer,This is a bounded computational sample. It does not prove the complete associate-class structure of the infinite monoid.
764,2749/864,2,2749/864; 2749/2592,1/3; 3,reciprocal_integer,This is a bounded computational sample. It does not prove the complete associate-class structure of the infinite monoid. Non-singleton class: elements are associates within the sample.
765,2753/2592,1,2753/2592,1,reciprocal_integer,This is a bounded computational sample. It does not prove the complete associate-class structure of the infinite monoid.
766,2755/2592,1,2755/2592,1,reciprocal_integer,This is a bounded computational sample. It does not prove the complete associate-class structure of the infinite monoid.
767,2759/1944,1,2759/1944,1,reciprocal_integer,This is a bounded computational sample. It does not prove the complete associate-class structure of the infinite monoid.
768,2761/864,2,2761/864; 2761/2592,1/3; 3,reciprocal_integer,This is a bounded computational sample. It does not prove the complete associate-class structure of the infinite monoid. Non-singleton class: elements are associates within the sample.
769,2765/864,3,2765/864; 2765/1944; 2765/2592,1/3; 3; 9/4,reciprocal_integer,This is a bounded computational sample. It does not prove the complete associate-class structure of the infinite monoid. Non-singleton class: elements are associates within the sample.
770,2767/2592,1,2767/2592,1,reciprocal_integer,This is a bounded computational sample. It does not prove the complete associate-class structure of the infinite monoid.
771,2773/864,2,2773/864; 2773/2592,1/3; 3,reciprocal_integer,This is a bounded computational sample. It does not prove the complete associate-class structure of the infinite monoid. Non-singleton class: elements are associates within the sample.
772,2777/1944,1,2777/1944,1,reciprocal_integer,This is a bounded computational sample. It does not prove the complete associate-class structure of the infinite monoid.
773,2777/1944,2,2777/1944; 2777/2592,4/3,reciprocal_integer,This is a bounded computational sample. It does not prove the complete associate-class structure of the infinite monoid. Non-singleton class: elements are associates within the sample.
774,2779/2592,1,2779/2592,1,reciprocal_integer,This is a bounded computational sample. It does not prove the complete associate-class structure of the infinite monoid.
775,2783/1944,1,2783/1944,1,reciprocal_integer,This is a bounded computational sample. It does not prove the complete associate-class structure of the infinite monoid.
776,2785/864,1,2785/864,1,reciprocal_integer,This is a bounded computational sample. It does not prove the complete associate-class structure of the infinite monoid.
777,2789/864,1,2789/864,1,reciprocal_integer,This is a bounded computational sample. It does not prove the complete associate-class structure of the infinite monoid.
778,2797/864,1,2797/864,1,reciprocal_integer,This is a bounded computational sample. It does not prove the complete associate-class structure of the infinite monoid.
779,2809/864,4,2809/864; 2809/1296; 2809/2592; 2809/7776,1/3; 3; 3/2,reciprocal_integer,This is a bounded computational sample. It does not prove the complete associate-class structure of the infinite monoid. Non-singleton class: elements are associates within the sample.
780,2813/864,2,2813/864; 2813/2592,1/3; 3,reciprocal_integer,This is a bounded computational sample. It does not prove the complete associate-class structure of the infinite monoid. Non-singleton class: elements are associates within the sample.
781,2815/1296,3,2815/1296; 2815/2592; 2815/7776,1/2; 1/6; 2,reciprocal_integer,This is a bounded computational sample. It does not prove the complete associate-class structure of the infinite monoid. Non-singleton class: elements are associates within the sample.
782,2821/864,4,2821/864; 2821/1296; 2821/2592; 2821/7776,1/3; 3; 3/2,reciprocal_integer,This is a bounded computational sample. It does not prove the complete associate-class structure of the infinite monoid. Non-singleton class: elements are associates within the sample.
783,2825/2592,1,2825/2592,1,reciprocal_integer,This is a bounded computational sample. It does not prove the complete associate-class structure of the infinite monoid.
784,2827/1296,3,2827/1296; 2827/2592; 2827/7776,1/2; 1/6; 2,reciprocal_integer,This is a bounded computational sample. It does not prove the complete associate-class structure of the infinite monoid. Non-singleton class: elements are associates within the sample.
785,2833/2592,1,2833/2592,1,reciprocal_integer,This is a bounded computational sample. It does not prove the complete associate-class structure of the infinite monoid.
786,2837/2592,1,2837/2592,1,reciprocal_integer,This is a bounded computational sample. It does not prove the complete associate-class structure of the infinite monoid.
787,2839/2592,1,2839/2592,1,reciprocal_integer,This is a bounded computational sample. It does not prove the complete associate-class structure of the infinite monoid.
788,2845/1296,3,2845/1296; 2845/2592; 2845/7776,1/2; 1/6; 2,reciprocal_integer,This is a bounded computational sample. It does not prove the complete associate-class structure of the infinite monoid. Non-singleton class: elements are associates within the sample.
789,2849/2592,1,2849/2592,1,reciprocal_integer,This is a bounded computational sample. It does not prove the complete associate-class structure of the infinite monoid.
790,2851/1296,3,2851/1296; 2851/2592; 2851/7776,1/2; 1/6; 2,reciprocal_integer,This is a bounded computational sample. It does not prove the complete associate-class structure of the infinite monoid. Non-singleton class: elements are associates within the sample.
791,2857/1296,2,2857/1296; 2857/7776,1/6,reciprocal_integer,This is a bounded computational sample. It does not prove the complete associate-class structure of the infinite monoid. Non-singleton class: elements are associates within the sample.
792,2863/1296,2,2863/1296; 2863/7776,1/6,reciprocal_integer,This is a bounded computational sample. It does not prove the complete associate-class structure of the infinite monoid. Non-singleton class: elements are associates within the sample.
793,2881/864,1,2881/864,1,reciprocal_integer,This is a bounded computational sample. It does not prove the complete associate-class structure of the infinite monoid.
794,2881/864,3,2881/864; 2881/1296; 2881/7776,3/2,reciprocal_integer,This is a bounded computational sample. It does not prove the complete associate-class structure of the infinite monoid. Non-singleton class: elements are associates within the sample.
795,2885/864,1,2885/864,1,reciprocal_integer,This is a bounded computational sample. It does not prove the complete associate-class structure of the infinite monoid.
796,2887/1296,2,2887/1296; 2887/7776,1/6,reciprocal_integer,This is a bounded computational sample. It does not prove the complete associate-class structure of the infinite monoid. Non-singleton class: elements are associates within the sample.
797,2893/864,1,2893/864,1,reciprocal_integer,This is a bounded computational sample. It does not prove the complete associate-class structure of the infinite monoid.
798,2893/864,3,2893/864; 2893/1296; 2893/7776,3/2,reciprocal_integer,This is a bounded computational sample. It does not prove the complete associate-class structure of the infinite monoid. Non-singleton class: elements are associates within the sample.
799,2899/1296,2,2899/1296; 2899/7776,1/6,reciprocal_integer,This is a bounded computational sample. It does not prove the complete associate-class structure of the infinite monoid. Non-singleton class: elements are associates within the sample.
800,2905/864,1,2905/864,1,reciprocal_integer,This is a bounded computational sample. It does not prove the complete associate-class structure of the infinite monoid.
801,2909/864,1,2909/864,1,reciprocal_integer,This is a bounded computational sample. It does not prove the complete associate-class structure of the infinite monoid.
802,2917/864,1,2917/864,1,reciprocal_integer,This is a bounded computational sample. It does not prove the complete associate-class structure of the infinite monoid.
803,2917/864,4,2917/864; 2917/972; 2917/1296; 2917/7776,3/2,reciprocal_integer,This is a bounded computational sample. It does not prove the complete associate-class structure of the infinite monoid. Non-singleton class: elements are associates within the sample.
804,2917/972,1,2917/972,1,reciprocal_integer,This is a bounded computational sample. It does not prove the complete associate-class structure of the infinite monoid.
805,2921/1944,1,2921/1944,1,reciprocal_integer,This is a bounded computational sample. It does not prove the complete associate-class structure of the infinite monoid.
806,2923/972,1,2923/972,1,reciprocal_integer,This is a bounded computational sample. It does not prove the complete associate-class structure of the infinite monoid.
807,2923/972,3,2923/972; 2923/1296; 2923/7776,4/3,reciprocal_integer,This is a bounded computational sample. It does not prove the complete associate-class structure of the infinite monoid. Non-singleton class: elements are associates within the sample.
808,2927/1944,1,2927/1944,1,reciprocal_integer,This is a bounded computational sample. It does not prove the complete associate-class structure of the infinite monoid.
809,2929/864,1,2929/864,1,reciprocal_integer,This is a bounded computational sample. It does not prove the complete associate-class structure of the infinite monoid.
810,2929/864,3,2929/864; 2929/1296; 2929/7776,3/2,reciprocal_integer,This is a bounded computational sample. It does not prove the complete associate-class structure of the infinite monoid. Non-singleton class: elements are associates within the sample.
811,2933/864,1,2933/864,1,reciprocal_integer,This is a bounded computational sample. It does not prove the complete associate-class structure of the infinite monoid.
812,2935/1296,2,2935/1296; 2935/7776,1/6,reciprocal_integer,This is a bounded computational sample. It does not prove the complete associate-class structure of the infinite monoid. Non-singleton class: elements are associates within the sample.
813,2939/1944,1,2939/1944,1,reciprocal_integer,This is a bounded computational sample. It does not prove the complete associate-class structure of the infinite monoid.
814,2941/864,1,2941/864,1,reciprocal_integer,This is a bounded computational sample. It does not prove the complete associate-class structure of the infinite monoid.
815,2945/1944,1,2945/1944,1,reciprocal_integer,This is a bounded computational sample. It does not prove the complete associate-class structure of the infinite monoid.
816,2953/864,1,2953/864,1,reciprocal_integer,This is a bounded computational sample. It does not prove the complete associate-class structure of the infinite monoid.
817,2953/972,1,2953/972,1,reciprocal_integer,This is a bounded computational sample. It does not prove the complete associate-class structure of the infinite monoid.
818,2957/864,1,2957/864,1,reciprocal_integer,This is a bounded computational sample. It does not prove the complete associate-class structure of the infinite monoid.
819,2959/972,1,2959/972,1,reciprocal_integer,This is a bounded computational sample. It does not prove the complete associate-class structure of the infinite monoid.
820,2965/864,1,2965/864,1,reciprocal_integer,This is a bounded computational sample. It does not prove the complete associate-class structure of the infinite monoid.
821,2971/972,1,2971/972,1,reciprocal_integer,This is a bounded computational sample. It does not prove the complete associate-class structure of the infinite monoid.
822,2975/1944,1,2975/1944,1,reciprocal_integer,This is a bounded computational sample. It does not prove the complete associate-class structure of the infinite monoid.
823,2977/972,1,2977/972,1,reciprocal_integer,This is a bounded computational sample. It does not prove the complete associate-class structure of the infinite monoid.
824,2981/1944,1,2981/1944,1,reciprocal_integer,This is a bounded computational sample. It does not prove the complete associate-class structure of the infinite monoid.
825,2993/1944,1,2993/1944,1,reciprocal_integer,This is a bounded computational sample. It does not prove the complete associate-class structure of the infinite monoid.
826,2999/1944,1,2999/1944,1,reciprocal_integer,This is a bounded computational sample. It does not prove the complete associate-class structure of the infinite monoid.
827,3007/972,1,3007/972,1,reciprocal_integer,This is a bounded computational sample. It does not prove the complete associate-class structure of the infinite monoid.
828,3013/972,1,3013/972,1,reciprocal_integer,This is a bounded computational sample. It does not prove the complete associate-class structure of the infinite monoid.
829,3025/864,4,3025/864; 3025/1296; 3025/2592; 3025/7776,1/3; 3; 3/2,reciprocal_integer,This is a bounded computational sample. It does not prove the complete associate-class structure of the infinite monoid. Non-singleton class: elements are associates within the sample.
830,3029/864,3,3029/864; 3029/1944; 3029/2592,1/3; 3; 9/4,reciprocal_integer,This is a bounded computational sample. It does not prove the complete associate-class structure of the infinite monoid. Non-singleton class: elements are associates within the sample.
831,3031/1296,3,3031/1296; 3031/2592; 3031/7776,1/2; 1/6; 2,reciprocal_integer,This is a bounded computational sample. It does not prove the complete associate-class structure of the infinite monoid. Non-singleton class: elements are associates within the sample.
832,3035/1944,1,3035/1944,1,reciprocal_integer,This is a bounded computational sample. It does not prove the complete associate-class structure of the infinite monoid.
833,3037/864,4,3037/864; 3037/1296; 3037/2592; 3037/7776,1/3; 3; 3/2,reciprocal_integer,This is a bounded computational sample. It does not prove the complete associate-class structure of the infinite monoid. Non-singleton class: elements are associates within the sample.
834,3041/2592,1,3041/2592,1,reciprocal_integer,This is a bounded computational sample. It does not prove the complete associate-class structure of the infinite monoid.
835,3043/1296,3,3043/1296; 3043/2592; 3043/7776,1/2; 1/6; 2,reciprocal_integer,This is a bounded computational sample. It does not prove the complete associate-class structure of the infinite monoid. Non-singleton class: elements are associates within the sample.
836,3047/1944,1,3047/1944,1,reciprocal_integer,This is a bounded computational sample. It does not prove the complete associate-class structure of the infinite monoid.
837,3049/864,2,3049/864; 3049/2592,1/3; 3,reciprocal_integer,This is a bounded computational sample. It does not prove the complete associate-class structure of the infinite monoid. Non-singleton class: elements are associates within the sample.
838,3053/864,3,3053/864; 3053/1944; 3053/2592,1/3; 3; 9/4,reciprocal_integer,This is a bounded computational sample. It does not prove the complete associate-class structure of the infinite monoid. Non-singleton class: elements are associates within the sample.
839,3055/2592,1,3055/2592,1,reciprocal_integer,This is a bounded computational sample. It does not prove the complete associate-class structure of the infinite monoid.
840,3061/864,4,3061/864; 3061/1296; 3061/2592; 3061/7776,1/3; 3; 3/2,reciprocal_integer,This is a bounded computational sample. It does not prove the complete associate-class structure of the infinite monoid. Non-singleton class: elements are associates within the sample.
841,3065/2592,1,3065/2592,1,reciprocal_integer,This is a bounded computational sample. It does not prove the complete associate-class structure of the infinite monoid.
842,3067/1296,3,3067/1296; 3067/2592; 3067/7776,1/2; 1/6; 2,reciprocal_integer,This is a bounded computational sample. It does not prove the complete associate-class structure of the infinite monoid. Non-singleton class: elements are associates within the sample.
843,3073/864,1,3073/864,1,reciprocal_integer,This is a bounded computational sample. It does not prove the complete associate-class structure of the infinite monoid.
844,3073/864,3,3073/864; 3073/1296; 3073/7776,3/2,reciprocal_integer,This is a bounded computational sample. It does not prove the complete associate-class structure of the infinite monoid. Non-singleton class: elements are associates within the sample.
845,3077/864,1,3077/864,1,reciprocal_integer,This is a bounded computational sample. It does not prove the complete associate-class structure of the infinite monoid.
846,3079/972,1,3079/972,1,reciprocal_integer,This is a bounded computational sample. It does not prove the complete associate-class structure of the infinite monoid.
847,3079/972,3,3079/972; 3079/1296; 3079/7776,4/3,reciprocal_integer,This is a bounded computational sample. It does not prove the complete associate-class structure of the infinite monoid. Non-singleton class: elements are associates within the sample.
848,3083/1944,1,3083/1944,1,reciprocal_integer,This is a bounded computational sample. It does not prove the complete associate-class structure of the infinite monoid.
849,3085/864,1,3085/864,1,reciprocal_integer,This is a bounded computational sample. It does not prove the complete associate-class structure of the infinite monoid.
850,3085/972,1,3085/972,1,reciprocal_integer,This is a bounded computational sample. It does not prove the complete associate-class structure of the infinite monoid.
851,3089/1944,1,3089/1944,1,reciprocal_integer,This is a bounded computational sample. It does not prove the complete associate-class structure of the infinite monoid.
852,3097/864,4,3097/864; 3097/1296; 3097/2592; 3097/7776,1/3; 3; 3/2,reciprocal_integer,This is a bounded computational sample. It does not prove the complete associate-class structure of the infinite monoid. Non-singleton class: elements are associates within the sample.
853,3101/864,3,3101/864; 3101/1944; 3101/2592,1/3; 3; 9/4,reciprocal_integer,This is a bounded computational sample. It does not prove the complete associate-class structure of the infinite monoid. Non-singleton class: elements are associates within the sample.
854,3103/1296,3,3103/1296; 3103/2592; 3103/7776,1/2; 1/6; 2,reciprocal_integer,This is a bounded computational sample. It does not prove the complete associate-class structure of the infinite monoid. Non-singleton class: elements are associates within the sample.
855,3107/1944,1,3107/1944,1,reciprocal_integer,This is a bounded computational sample. It does not prove the complete associate-class structure of the infinite monoid.
856,3109/864,4,3109/864; 3109/1296; 3109/2592; 3109/7776,1/3; 3; 3/2,reciprocal_integer,This is a bounded computational sample. It does not prove the complete associate-class structure of the infinite monoid. Non-singleton class: elements are associates within the sample.
857,3113/2592,1,3113/2592,1,reciprocal_integer,This is a bounded computational sample. It does not prove the complete associate-class structure of the infinite monoid.
858,3115/972,4,3115/972; 3115/1296; 3115/2592; 3115/7776,3/8; 4/3,reciprocal_integer,This is a bounded computational sample. It does not prove the complete associate-class structure of the infinite monoid. Non-singleton class: elements are associates within the sample.
859,3121/972,2,3121/972; 3121/2592,3/8,reciprocal_integer,This is a bounded computational sample. It does not prove the complete associate-class structure of the infinite monoid. Non-singleton class: elements are associates within the sample.
860,3125/2592,1,3125/2592,1,reciprocal_integer,This is a bounded computational sample. It does not prove the complete associate-class structure of the infinite monoid.
861,3127/2592,1,3127/2592,1,reciprocal_integer,This is a bounded computational sample. It does not prove the complete associate-class structure of the infinite monoid.
862,3133/972,4,3133/972; 3133/1296; 3133/2592; 3133/7776,3/8; 4/3,reciprocal_integer,This is a bounded computational sample. It does not prove the complete associate-class structure of the infinite monoid. Non-singleton class: elements are associates within the sample.
863,3137/2592,1,3137/2592,1,reciprocal_integer,This is a bounded computational sample. It does not prove the complete associate-class structure of the infinite monoid.
864,3139/972,4,3139/972; 3139/1296; 3139/2592; 3139/7776,3/8; 4/3,reciprocal_integer,This is a bounded computational sample. It does not prove the complete associate-class structure of the infinite monoid. Non-singleton class: elements are associates within the sample.
865,3145/1296,2,3145/1296; 3145/7776,1/6,reciprocal_integer,This is a bounded computational sample. It does not prove the complete associate-class structure of the infinite monoid. Non-singleton class: elements are associates within the sample.
866,3151/1296,2,3151/1296; 3151/7776,1/6,reciprocal_integer,This is a bounded computational sample. It does not prove the complete associate-class structure of the infinite monoid. Non-singleton class: elements are associates within the sample.
867,3169/972,2,3169/972; 3169/2592,3/8,reciprocal_integer,This is a bounded computational sample. It does not prove the complete associate-class structure of the infinite monoid. Non-singleton class: elements are associates within the sample.
868,3173/2592,1,3173/2592,1,reciprocal_integer,This is a bounded computational sample. It does not prove the complete associate-class structure of the infinite monoid.
869,3175/972,2,3175/972; 3175/2592,3/8,reciprocal_integer,This is a bounded computational sample. It does not prove the complete associate-class structure of the infinite monoid. Non-singleton class: elements are associates within the sample.
870,3181/2592,1,3181/2592,1,reciprocal_integer,This is a bounded computational sample. It does not prove the complete associate-class structure of the infinite monoid.
871,3185/2592,1,3185/2592,1,reciprocal_integer,This is a bounded computational sample. It does not prove the complete associate-class structure of the infinite monoid.
872,3187/2592,1,3187/2592,1,reciprocal_integer,This is a bounded computational sample. It does not prove the complete associate-class structure of the infinite monoid.
873,3193/2592,1,3193/2592,1,reciprocal_integer,This is a bounded computational sample. It does not prove the complete associate-class structure of the infinite monoid.
874,3197/2592,1,3197/2592,1,reciprocal_integer,This is a bounded computational sample. It does not prove the complete associate-class structure of the infinite monoid.
875,3199/2592,1,3199/2592,1,reciprocal_integer,This is a bounded computational sample. It does not prove the complete associate-class structure of the infinite monoid.
876,3205/2592,1,3205/2592,1,reciprocal_integer,This is a bounded computational sample. It does not prove the complete associate-class structure of the infinite monoid.
877,3209/2592,1,3209/2592,1,reciprocal_integer,This is a bounded computational sample. It does not prove the complete associate-class structure of the infinite monoid.
878,3211/2592,1,3211/2592,1,reciprocal_integer,This is a bounded computational sample. It does not prove the complete associate-class structure of the infinite monoid.
879,3241/972,4,3241/972; 3241/1296; 3241/2592; 3241/7776,3/8; 4/3,reciprocal_integer,This is a bounded computational sample. It does not prove the complete associate-class structure of the infinite monoid. Non-singleton class: elements are associates within the sample.
880,3245/2592,1,3245/2592,1,reciprocal_integer,This is a bounded computational sample. It does not prove the complete associate-class structure of the infinite monoid.
881,3247/972,4,3247/972; 3247/1296; 3247/2592; 3247/7776,3/8; 4/3,reciprocal_integer,This is a bounded computational sample. It does not prove the complete associate-class structure of the infinite monoid. Non-singleton class: elements are associates within the sample.
882,3253/1296,3,3253/1296; 3253/2592; 3253/7776,1/2; 1/6; 2,reciprocal_integer,This is a bounded computational sample. It does not prove the complete associate-class structure of the infinite monoid. Non-singleton class: elements are associates within the sample.
883,3257/2592,1,3257/2592,1,reciprocal_integer,This is a bounded computational sample. It does not prove the complete associate-class structure of the infinite monoid.
884,3259/1296,3,3259/1296; 3259/2592; 3259/7776,1/2; 1/6; 2,reciprocal_integer,This is a bounded computational sample. It does not prove the complete associate-class structure of the infinite monoid. Non-singleton class: elements are associates within the sample.
885,3265/2592,1,3265/2592,1,reciprocal_integer,This is a bounded computational sample. It does not prove the complete associate-class structure of the infinite monoid.
886,3269/2592,1,3269/2592,1,reciprocal_integer,This is a bounded computational sample. It does not prove the complete associate-class structure of the infinite monoid.
887,3271/2592,1,3271/2592,1,reciprocal_integer,This is a bounded computational sample. It does not prove the complete associate-class structure of the infinite monoid.
888,3277/972,4,3277/972; 3277/1296; 3277/2592; 3277/7776,3/8; 4/3,reciprocal_integer,This is a bounded computational sample. It does not prove the complete associate-class structure of the infinite monoid. Non-singleton class: elements are associates within the sample.
889,3281/2592,1,3281/2592,1,reciprocal_integer,This is a bounded computational sample. It does not prove the complete associate-class structure of the infinite monoid.
890,3283/972,4,3283/972; 3283/1296; 3283/2592; 3283/7776,3/8; 4/3,reciprocal_integer,This is a bounded computational sample. It does not prove the complete associate-class structure of the infinite monoid. Non-singleton class: elements are associates within the sample.
891,3289/1296,2,3289/1296; 3289/7776,1/6,reciprocal_integer,This is a bounded computational sample. It does not prove the complete associate-class structure of the infinite monoid. Non-singleton class: elements are associates within the sample.
892,3295/972,1,3295/972,1,reciprocal_integer,This is a bounded computational sample. It does not prove the complete associate-class structure of the infinite monoid.
893,3295/972,3,3295/972; 3295/1296; 3295/7776,4/3,reciprocal_integer,This is a bounded computational sample. It does not prove the complete associate-class structure of the infinite monoid. Non-singleton class: elements are associates within the sample.
894,3301/972,1,3301/972,1,reciprocal_integer,This is a bounded computational sample. It does not prove the complete associate-class structure of the infinite monoid.
895,3313/1296,2,3313/1296; 3313/7776,1/6,reciprocal_integer,This is a bounded computational sample. It does not prove the complete associate-class structure of the infinite monoid. Non-singleton class: elements are associates within the sample.
896,3319/1296,2,3319/1296; 3319/7776,1/6,reciprocal_integer,This is a bounded computational sample. It does not prove the complete associate-class structure of the infinite monoid. Non-singleton class: elements are associates within the sample.
897,3325/1296,2,3325/1296; 3325/7776,1/6,reciprocal_integer,This is a bounded computational sample. It does not prove the complete associate-class structure of the infinite monoid. Non-singleton class: elements are associates within the sample.
898,3331/972,1,3331/972,1,reciprocal_integer,This is a bounded computational sample. It does not prove the complete associate-class structure of the infinite monoid.
899,3331/972,3,3331/972; 3331/1296; 3331/7776,4/3,reciprocal_integer,This is a bounded computational sample. It does not prove the complete associate-class structure of the infinite monoid. Non-singleton class: elements are associates within the sample.
900,3337/972,1,3337/972,1,reciprocal_integer,This is a bounded computational sample. It does not prove the complete associate-class structure of the infinite monoid.
901,3349/1296,2,3349/1296; 3349/7776,1/6,reciprocal_integer,This is a bounded computational sample. It does not prove the complete associate-class structure of the infinite monoid. Non-singleton class: elements are associates within the sample.
902,3355/1296,2,3355/1296; 3355/7776,1/6,reciprocal_integer,This is a bounded computational sample. It does not prove the complete associate-class structure of the infinite monoid. Non-singleton class: elements are associates within the sample.
903,3361/1296,2,3361/1296; 3361/7776,1/6,reciprocal_integer,This is a bounded computational sample. It does not prove the complete associate-class structure of the infinite monoid. Non-singleton class: elements are associates within the sample.
904,3367/1296,2,3367/1296; 3367/7776,1/6,reciprocal_integer,This is a bounded computational sample. It does not prove the complete associate-class structure of the infinite monoid. Non-singleton class: elements are associates within the sample.
905,3403/972,1,3403/972,1,reciprocal_integer,This is a bounded computational sample. It does not prove the complete associate-class structure of the infinite monoid.
906,3409/972,1,3409/972,1,reciprocal_integer,This is a bounded computational sample. It does not prove the complete associate-class structure of the infinite monoid.
907,3439/972,1,3439/972,1,reciprocal_integer,This is a bounded computational sample. It does not prove the complete associate-class structure of the infinite monoid.
908,3445/972,1,3445/972,1,reciprocal_integer,This is a bounded computational sample. It does not prove the complete associate-class structure of the infinite monoid.
909,3457/972,2,3457/972; 3457/2592,3/8,reciprocal_integer,This is a bounded computational sample. It does not prove the complete associate-class structure of the infinite monoid. Non-singleton class: elements are associates within the sample.
910,3461/2592,1,3461/2592,1,reciprocal_integer,This is a bounded computational sample. It does not prove the complete associate-class structure of the infinite monoid.
911,3463/972,2,3463/972; 3463/2592,3/8,reciprocal_integer,This is a bounded computational sample. It does not prove the complete associate-class structure of the infinite monoid. Non-singleton class: elements are associates within the sample.
912,3469/2592,1,3469/2592,1,reciprocal_integer,This is a bounded computational sample. It does not prove the complete associate-class structure of the infinite monoid.
913,3473/2592,1,3473/2592,1,reciprocal_integer,This is a bounded computational sample. It does not prove the complete associate-class structure of the infinite monoid.
914,3475/2592,1,3475/2592,1,reciprocal_integer,This is a bounded computational sample. It does not prove the complete associate-class structure of the infinite monoid.
915,3481/2592,1,3481/2592,1,reciprocal_integer,This is a bounded computational sample. It does not prove the complete associate-class structure of the infinite monoid.
916,3485/2592,1,3485/2592,1,reciprocal_integer,This is a bounded computational sample. It does not prove the complete associate-class structure of the infinite monoid.
917,3487/2592,1,3487/2592,1,reciprocal_integer,This is a bounded computational sample. It does not prove the complete associate-class structure of the infinite monoid.
918,3493/972,2,3493/972; 3493/2592,3/8,reciprocal_integer,This is a bounded computational sample. It does not prove the complete associate-class structure of the infinite monoid. Non-singleton class: elements are associates within the sample.
919,3497/2592,1,3497/2592,1,reciprocal_integer,This is a bounded computational sample. It does not prove the complete associate-class structure of the infinite monoid.
920,3499/972,2,3499/972; 3499/2592,3/8,reciprocal_integer,This is a bounded computational sample. It does not prove the complete associate-class structure of the infinite monoid. Non-singleton class: elements are associates within the sample.
921,3529/2592,1,3529/2592,1,reciprocal_integer,This is a bounded computational sample. It does not prove the complete associate-class structure of the infinite monoid.
922,3533/2592,1,3533/2592,1,reciprocal_integer,This is a bounded computational sample. It does not prove the complete associate-class structure of the infinite monoid.
923,3535/2592,1,3535/2592,1,reciprocal_integer,This is a bounded computational sample. It does not prove the complete associate-class structure of the infinite monoid.
924,3541/2592,1,3541/2592,1,reciprocal_integer,This is a bounded computational sample. It does not prove the complete associate-class structure of the infinite monoid.
925,3545/2592,1,3545/2592,1,reciprocal_integer,This is a bounded computational sample. It does not prove the complete associate-class structure of the infinite monoid.
926,3547/2592,1,3547/2592,1,reciprocal_integer,This is a bounded computational sample. It does not prove the complete associate-class structure of the infinite monoid.
927,3553/2592,1,3553/2592,1,reciprocal_integer,This is a bounded computational sample. It does not prove the complete associate-class structure of the infinite monoid.
928,3557/2592,1,3557/2592,1,reciprocal_integer,This is a bounded computational sample. It does not prove the complete associate-class structure of the infinite monoid.
929,3559/2592,1,3559/2592,1,reciprocal_integer,This is a bounded computational sample. It does not prove the complete associate-class structure of the infinite monoid.
930,3565/2592,1,3565/2592,1,reciprocal_integer,This is a bounded computational sample. It does not prove the complete associate-class structure of the infinite monoid.
931,3569/2592,1,3569/2592,1,reciprocal_integer,This is a bounded computational sample. It does not prove the complete associate-class structure of the infinite monoid.
932,3571/2592,1,3571/2592,1,reciprocal_integer,This is a bounded computational sample. It does not prove the complete associate-class structure of the infinite monoid.
933,3601/2592,1,3601/2592,1,reciprocal_integer,This is a bounded computational sample. It does not prove the complete associate-class structure of the infinite monoid.
934,3605/2592,1,3605/2592,1,reciprocal_integer,This is a bounded computational sample. It does not prove the complete associate-class structure of the infinite monoid.
935,3607/2592,1,3607/2592,1,reciprocal_integer,This is a bounded computational sample. It does not prove the complete associate-class structure of the infinite monoid.
936,3613/2592,1,3613/2592,1,reciprocal_integer,This is a bounded computational sample. It does not prove the complete associate-class structure of the infinite monoid.
937,3617/2592,1,3617/2592,1,reciprocal_integer,This is a bounded computational sample. It does not prove the complete associate-class structure of the infinite monoid.
938,3619/2592,1,3619/2592,1,reciprocal_integer,This is a bounded computational sample. It does not prove the complete associate-class structure of the infinite monoid.
939,3625/2592,1,3625/2592,1,reciprocal_integer,This is a bounded computational sample. It does not prove the complete associate-class structure of the infinite monoid.
940,3629/2592,1,3629/2592,1,reciprocal_integer,This is a bounded computational sample. It does not prove the complete associate-class structure of the infinite monoid.
941,3631/2592,1,3631/2592,1,reciprocal_integer,This is a bounded computational sample. It does not prove the complete associate-class structure of the infinite monoid.
942,3637/2592,1,3637/2592,1,reciprocal_integer,This is a bounded computational sample. It does not prove the complete associate-class structure of the infinite monoid.
943,3641/2592,1,3641/2592,1,reciprocal_integer,This is a bounded computational sample. It does not prove the complete associate-class structure of the infinite monoid.
944,3643/2592,1,3643/2592,1,reciprocal_integer,This is a bounded computational sample. It does not prove the complete associate-class structure of the infinite monoid.
945,3673/2592,1,3673/2592,1,reciprocal_integer,This is a bounded computational sample. It does not prove the complete associate-class structure of the infinite monoid.
946,3677/2592,1,3677/2592,1,reciprocal_integer,This is a bounded computational sample. It does not prove the complete associate-class structure of the infinite monoid.
947,3679/2592,1,3679/2592,1,reciprocal_integer,This is a bounded computational sample. It does not prove the complete associate-class structure of the infinite monoid.
948,3685/2592,1,3685/2592,1,reciprocal_integer,This is a bounded computational sample. It does not prove the complete associate-class structure of the infinite monoid.
949,3689/2592,1,3689/2592,1,reciprocal_integer,This is a bounded computational sample. It does not prove the complete associate-class structure of the infinite monoid.
950,3691/2592,1,3691/2592,1,reciprocal_integer,This is a bounded computational sample. It does not prove the complete associate-class structure of the infinite monoid.
951,3697/2592,1,3697/2592,1,reciprocal_integer,This is a bounded computational sample. It does not prove the complete associate-class structure of the infinite monoid.
952,3701/2592,1,3701/2592,1,reciprocal_integer,This is a bounded computational sample. It does not prove the complete associate-class structure of the infinite monoid.
953,3703/2592,1,3703/2592,1,reciprocal_integer,This is a bounded computational sample. It does not prove the complete associate-class structure of the infinite monoid.
954,3709/2592,1,3709/2592,1,reciprocal_integer,This is a bounded computational sample. It does not prove the complete associate-class structure of the infinite monoid.
955,3713/2592,1,3713/2592,1,reciprocal_integer,This is a bounded computational sample. It does not prove the complete associate-class structure of the infinite monoid.
956,3715/2592,1,3715/2592,1,reciprocal_integer,This is a bounded computational sample. It does not prove the complete associate-class structure of the infinite monoid.
957,3889/1296,4,3889/1296; 3889/2592; 3889/3888; 3889/7776,1/2; 1/3; 1/6; 2; 3,reciprocal_integer,This is a bounded computational sample. It does not prove the complete associate-class structure of the infinite monoid. Non-singleton class: elements are associates within the sample.
958,3893/1944,1,3893/1944,1,reciprocal_integer,This is a bounded computational sample. It does not prove the complete associate-class structure of the infinite monoid.
959,3893/1944,2,3893/1944; 3893/2592,4/3,reciprocal_integer,This is a bounded computational sample. It does not prove the complete associate-class structure of the infinite monoid. Non-singleton class: elements are associates within the sample.
960,3895/1296,4,3895/1296; 3895/2592; 3895/3888; 3895/7776,1/2; 1/3; 1/6; 2; 3,reciprocal_integer,This is a bounded computational sample. It does not prove the complete associate-class structure of the infinite monoid. Non-singleton class: elements are associates within the sample.
961,3899/1944,1,3899/1944,1,reciprocal_integer,This is a bounded computational sample. It does not prove the complete associate-class structure of the infinite monoid.
962,3901/1296,3,3901/1296; 3901/2592; 3901/7776,1/2; 1/6; 2,reciprocal_integer,This is a bounded computational sample. It does not prove the complete associate-class structure of the infinite monoid. Non-singleton class: elements are associates within the sample.
963,3905/2592,1,3905/2592,1,reciprocal_integer,This is a bounded computational sample. It does not prove the complete associate-class structure of the infinite monoid.
964,3907/1296,4,3907/1296; 3907/2592; 3907/3888; 3907/7776,1/2; 1/3; 1/6; 2; 3,reciprocal_integer,This is a bounded computational sample. It does not prove the complete associate-class structure of the infinite monoid. Non-singleton class: elements are associates within the sample.
965,3911/1944,1,3911/1944,1,reciprocal_integer,This is a bounded computational sample. It does not prove the complete associate-class structure of the infinite monoid.
966,3913/2592,1,3913/2592,1,reciprocal_integer,This is a bounded computational sample. It does not prove the complete associate-class structure of the infinite monoid.
967,3913/2592,2,3913/2592; 3913/3888,3/2,reciprocal_integer,This is a bounded computational sample. It does not prove the complete associate-class structure of the infinite monoid. Non-singleton class: elements are associates within the sample.
968,3917/1944,1,3917/1944,1,reciprocal_integer,This is a bounded computational sample. It does not prove the complete associate-class structure of the infinite monoid.
969,3917/1944,2,3917/1944; 3917/2592,4/3,reciprocal_integer,This is a bounded computational sample. It does not prove the complete associate-class structure of the infinite monoid. Non-singleton class: elements are associates within the sample.
970,3919/2592,1,3919/2592,1,reciprocal_integer,This is a bounded computational sample. It does not prove the complete associate-class structure of the infinite monoid.
971,3925/1296,4,3925/1296; 3925/2592; 3925/3888; 3925/7776,1/2; 1/3; 1/6; 2; 3,reciprocal_integer,This is a bounded computational sample. It does not prove the complete associate-class structure of the infinite monoid. Non-singleton class: elements are associates within the sample.
972,3929/2592,1,3929/2592,1,reciprocal_integer,This is a bounded computational sample. It does not prove the complete associate-class structure of the infinite monoid.
973,3931/1296,4,3931/1296; 3931/2592; 3931/3888; 3931/7776,1/2; 1/3; 1/6; 2; 3,reciprocal_integer,This is a bounded computational sample. It does not prove the complete associate-class structure of the infinite monoid. Non-singleton class: elements are associates within the sample.
974,3937/1296,2,3937/1296; 3937/7776,1/6,reciprocal_integer,This is a bounded computational sample. It does not prove the complete associate-class structure of the infinite monoid. Non-singleton class: elements are associates within the sample.
975,3943/1296,3,3943/1296; 3943/3888; 3943/7776,1/3; 1/6; 3,reciprocal_integer,This is a bounded computational sample. It does not prove the complete associate-class structure of the infinite monoid. Non-singleton class: elements are associates within the sample.
976,3947/1944,1,3947/1944,1,reciprocal_integer,This is a bounded computational sample. It does not prove the complete associate-class structure of the infinite monoid.
977,3949/3888,1,3949/3888,1,reciprocal_integer,This is a bounded computational sample. It does not prove the complete associate-class structure of the infinite monoid.
978,3953/1944,1,3953/1944,1,reciprocal_integer,This is a bounded computational sample. It does not prove the complete associate-class structure of the infinite monoid.
979,3961/1296,3,3961/1296; 3961/2592; 3961/7776,1/2; 1/6; 2,reciprocal_integer,This is a bounded computational sample. It does not prove the complete associate-class structure of the infinite monoid. Non-singleton class: elements are associates within the sample.
980,3965/1944,1,3965/1944,1,reciprocal_integer,This is a bounded computational sample. It does not prove the complete associate-class structure of the infinite monoid.
981,3965/1944,2,3965/1944; 3965/2592,4/3,reciprocal_integer,This is a bounded computational sample. It does not prove the complete associate-class structure of the infinite monoid. Non-singleton class: elements are associates within the sample.
982,3967/1296,3,3967/1296; 3967/2592; 3967/7776,1/2; 1/6; 2,reciprocal_integer,This is a bounded computational sample. It does not prove the complete associate-class structure of the infinite monoid. Non-singleton class: elements are associates within the sample.
983,3971/1944,1,3971/1944,1,reciprocal_integer,This is a bounded computational sample. It does not prove the complete associate-class structure of the infinite monoid.
984,3973/1296,3,3973/1296; 3973/2592; 3973/7776,1/2; 1/6; 2,reciprocal_integer,This is a bounded computational sample. It does not prove the complete associate-class structure of the infinite monoid. Non-singleton class: elements are associates within the sample.
985,3977/2592,1,3977/2592,1,reciprocal_integer,This is a bounded computational sample. It does not prove the complete associate-class structure of the infinite monoid.
986,3979/1296,3,3979/1296; 3979/2592; 3979/7776,1/2; 1/6; 2,reciprocal_integer,This is a bounded computational sample. It does not prove the complete associate-class structure of the infinite monoid. Non-singleton class: elements are associates within the sample.
987,3985/2592,1,3985/2592,1,reciprocal_integer,This is a bounded computational sample. It does not prove the complete associate-class structure of the infinite monoid.
988,3989/2592,1,3989/2592,1,reciprocal_integer,This is a bounded computational sample. It does not prove the complete associate-class structure of the infinite monoid.
989,3991/2592,1,3991/2592,1,reciprocal_integer,This is a bounded computational sample. It does not prove the complete associate-class structure of the infinite monoid.
990,3997/1296,4,3997/1296; 3997/2592; 3997/3888; 3997/7776,1/2; 1/3; 1/6; 2; 3,reciprocal_integer,This is a bounded computational sample. It does not prove the complete associate-class structure of the infinite monoid. Non-singleton class: elements are associates within the sample.
991,4001/1944,1,4001/1944,1,reciprocal_integer,This is a bounded computational sample. It does not prove the complete associate-class structure of the infinite monoid.
992,4001/1944,2,4001/1944; 4001/2592,4/3,reciprocal_integer,This is a bounded computational sample. It does not prove the complete associate-class structure of the infinite monoid. Non-singleton class: elements are associates within the sample.
993,4003/1296,4,4003/1296; 4003/2592; 4003/3888; 4003/7776,1/2; 1/3; 1/6; 2; 3,reciprocal_integer,This is a bounded computational sample. It does not prove the complete associate-class structure of the infinite monoid. Non-singleton class: elements are associates within the sample.
994,4007/1944,1,4007/1944,1,reciprocal_integer,This is a bounded computational sample. It does not prove the complete associate-class structure of the infinite monoid.
995,4009/1296,2,4009/1296; 4009/7776,1/6,reciprocal_integer,This is a bounded computational sample. It does not prove the complete associate-class structure of the infinite monoid. Non-singleton class: elements are associates within the sample.
996,4015/1296,3,4015/1296; 4015/3888; 4015/7776,1/3; 1/6; 3,reciprocal_integer,This is a bounded computational sample. It does not prove the complete associate-class structure of the infinite monoid. Non-singleton class: elements are associates within the sample.
997,4019/1944,1,4019/1944,1,reciprocal_integer,This is a bounded computational sample. It does not prove the complete associate-class structure of the infinite monoid.
998,4021/3888,1,4021/3888,1,reciprocal_integer,This is a bounded computational sample. It does not prove the complete associate-class structure of the infinite monoid.
999,4025/1944,1,4025/1944,1,reciprocal_integer,This is a bounded computational sample. It does not prove the complete associate-class structure of the infinite monoid.
1000,4033/2592,1,4033/2592,1,reciprocal_integer,This is a bounded computational sample. It does not prove the complete associate-class structure of the infinite monoid.
1001,4033/2592,2,4033/2592; 4033/3888,3/2,reciprocal_integer,This is a bounded computational sample. It does not prove the complete associate-class structure of the infinite monoid. Non-singleton class: elements are associates within the sample.
1002,4037/2592,1,4037/2592,1,reciprocal_integer,This is a bounded computational sample. It does not prove the complete associate-class structure of the infinite monoid.
1003,4039/2592,1,4039/2592,1,reciprocal_integer,This is a bounded computational sample. It does not prove the complete associate-class structure of the infinite monoid.
1004,4039/2592,2,4039/2592; 4039/3888,3/2,reciprocal_integer,This is a bounded computational sample. It does not prove the complete associate-class structure of the infinite monoid. Non-singleton class: elements are associates within the sample.
1005,4045/2592,1,4045/2592,1,reciprocal_integer,This is a bounded computational sample. It does not prove the complete associate-class structure of the infinite monoid.
1006,4049/2592,1,4049/2592,1,reciprocal_integer,This is a bounded computational sample. It does not prove the complete associate-class structure of the infinite monoid.
1007,4051/2592,1,4051/2592,1,reciprocal_integer,This is a bounded computational sample. It does not prove the complete associate-class structure of the infinite monoid.
1008,4051/2592,2,4051/2592; 4051/3888,3/2,reciprocal_integer,This is a bounded computational sample. It does not prove the complete associate-class structure of the infinite monoid. Non-singleton class: elements are associates within the sample.
1009,4055/1944,1,4055/1944,1,reciprocal_integer,This is a bounded computational sample. It does not prove the complete associate-class structure of the infinite monoid.
1010,4057/2592,1,4057/2592,1,reciprocal_integer,This is a bounded computational sample. It does not prove the complete associate-class structure of the infinite monoid.
1011,4057/2592,2,4057/2592; 4057/3888,3/2,reciprocal_integer,This is a bounded computational sample. It does not prove the complete associate-class structure of the infinite monoid. Non-singleton class: elements are associates within the sample.
1012,4061/1944,1,4061/1944,1,reciprocal_integer,This is a bounded computational sample. It does not prove the complete associate-class structure of the infinite monoid.
1013,4061/1944,2,4061/1944; 4061/2592,4/3,reciprocal_integer,This is a bounded computational sample. It does not prove the complete associate-class structure of the infinite monoid. Non-singleton class: elements are associates within the sample.
1014,4063/2592,1,4063/2592,1,reciprocal_integer,This is a bounded computational sample. It does not prove the complete associate-class structure of the infinite monoid.
1015,4069/2592,1,4069/2592,1,reciprocal_integer,This is a bounded computational sample. It does not prove the complete associate-class structure of the infinite monoid.
1016,4073/1944,1,4073/1944,1,reciprocal_integer,This is a bounded computational sample. It does not prove the complete associate-class structure of the infinite monoid.
1017,4073/1944,2,4073/1944; 4073/2592,4/3,reciprocal_integer,This is a bounded computational sample. It does not prove the complete associate-class structure of the infinite monoid. Non-singleton class: elements are associates within the sample.
1018,4075/2592,1,4075/2592,1,reciprocal_integer,This is a bounded computational sample. It does not prove the complete associate-class structure of the infinite monoid.
1019,4079/1944,1,4079/1944,1,reciprocal_integer,This is a bounded computational sample. It does not prove the complete associate-class structure of the infinite monoid.
1020,4105/1296,4,4105/1296; 4105/2592; 4105/3888; 4105/7776,1/2; 1/3; 1/6; 2; 3,reciprocal_integer,This is a bounded computational sample. It does not prove the complete associate-class structure of the infinite monoid. Non-singleton class: elements are associates within the sample.
1021,4109/2592,1,4109/2592,1,reciprocal_integer,This is a bounded computational sample. It does not prove the complete associate-class structure of the infinite monoid.
1022,4111/1296,4,4111/1296; 4111/2592; 4111/3888; 4111/7776,1/2; 1/3; 1/6; 2; 3,reciprocal_integer,This is a bounded computational sample. It does not prove the complete associate-class structure of the infinite monoid. Non-singleton class: elements are associates within the sample.
1023,4117/1296,3,4117/1296; 4117/2592; 4117/7776,1/2; 1/6; 2,reciprocal_integer,This is a bounded computational sample. It does not prove the complete associate-class structure of the infinite monoid. Non-singleton class: elements are associates within the sample.
1024,4121/2592,1,4121/2592,1,reciprocal_integer,This is a bounded computational sample. It does not prove the complete associate-class structure of the infinite monoid.
1025,4123/1296,4,4123/1296; 4123/2592; 4123/3888; 4123/7776,1/2; 1/3; 1/6; 2; 3,reciprocal_integer,This is a bounded computational sample. It does not prove the complete associate-class structure of the infinite monoid. Non-singleton class: elements are associates within the sample.
1026,4129/2592,1,4129/2592,1,reciprocal_integer,This is a bounded computational sample. It does not prove the complete associate-class structure of the infinite monoid.
1027,4129/2592,2,4129/2592; 4129/3888,3/2,reciprocal_integer,This is a bounded computational sample. It does not prove the complete associate-class structure of the infinite monoid. Non-singleton class: elements are associates within the sample.
1028,4133/2592,1,4133/2592,1,reciprocal_integer,This is a bounded computational sample. It does not prove the complete associate-class structure of the infinite monoid.
1029,4135/2592,1,4135/2592,1,reciprocal_integer,This is a bounded computational sample. It does not prove the complete associate-class structure of the infinite monoid.
1030,4141/1296,4,4141/1296; 4141/2592; 4141/3888; 4141/7776,1/2; 1/3; 1/6; 2; 3,reciprocal_integer,This is a bounded computational sample. It does not prove the complete associate-class structure of the infinite monoid. Non-singleton class: elements are associates within the sample.
1031,4145/2592,1,4145/2592,1,reciprocal_integer,This is a bounded computational sample. It does not prove the complete associate-class structure of the infinite monoid.
1032,4147/1296,4,4147/1296; 4147/2592; 4147/3888; 4147/7776,1/2; 1/3; 1/6; 2; 3,reciprocal_integer,This is a bounded computational sample. It does not prove the complete associate-class structure of the infinite monoid. Non-singleton class: elements are associates within the sample.
1033,4153/1296,2,4153/1296; 4153/7776,1/6,reciprocal_integer,This is a bounded computational sample. It does not prove the complete associate-class structure of the infinite monoid. Non-singleton class: elements are associates within the sample.
1034,4159/1296,3,4159/1296; 4159/3888; 4159/7776,1/3; 1/6; 3,reciprocal_integer,This is a bounded computational sample. It does not prove the complete associate-class structure of the infinite monoid. Non-singleton class: elements are associates within the sample.
1035,4165/3888,1,4165/3888,1,reciprocal_integer,This is a bounded computational sample. It does not prove the complete associate-class structure of the infinite monoid.
1036,4177/1296,2,4177/1296; 4177/7776,1/6,reciprocal_integer,This is a bounded computational sample. It does not prove the complete associate-class structure of the infinite monoid. Non-singleton class: elements are associates within the sample.
1037,4183/1296,2,4183/1296; 4183/7776,1/6,reciprocal_integer,This is a bounded computational sample. It does not prove the complete associate-class structure of the infinite monoid. Non-singleton class: elements are associates within the sample.
1038,4189/1296,2,4189/1296; 4189/7776,1/6,reciprocal_integer,This is a bounded computational sample. It does not prove the complete associate-class structure of the infinite monoid. Non-singleton class: elements are associates within the sample.
1039,4195/1296,2,4195/1296; 4195/7776,1/6,reciprocal_integer,This is a bounded computational sample. It does not prove the complete associate-class structure of the infinite monoid. Non-singleton class: elements are associates within the sample.
1040,4213/1296,3,4213/1296; 4213/3888; 4213/7776,1/3; 1/6; 3,reciprocal_integer,This is a bounded computational sample. It does not prove the complete associate-class structure of the infinite monoid. Non-singleton class: elements are associates within the sample.
1041,4217/1944,1,4217/1944,1,reciprocal_integer,This is a bounded computational sample. It does not prove the complete associate-class structure of the infinite monoid.
1042,4219/1296,3,4219/1296; 4219/3888; 4219/7776,1/3; 1/6; 3,reciprocal_integer,This is a bounded computational sample. It does not prove the complete associate-class structure of the infinite monoid. Non-singleton class: elements are associates within the sample.
1043,4223/1944,1,4223/1944,1,reciprocal_integer,This is a bounded computational sample. It does not prove the complete associate-class structure of the infinite monoid.
1044,4225/1296,2,4225/1296; 4225/7776,1/6,reciprocal_integer,This is a bounded computational sample. It does not prove the complete associate-class structure of the infinite monoid. Non-singleton class: elements are associates within the sample.
1045,4231/1296,3,4231/1296; 4231/3888; 4231/7776,1/3; 1/6; 3,reciprocal_integer,This is a bounded computational sample. It does not prove the complete associate-class structure of the infinite monoid. Non-singleton class: elements are associates within the sample.
1046,4235/1944,1,4235/1944,1,reciprocal_integer,This is a bounded computational sample. It does not prove the complete associate-class structure of the infinite monoid.
1047,4237/3888,1,4237/3888,1,reciprocal_integer,This is a bounded computational sample. It does not prove the complete associate-class structure of the infinite monoid.
1048,4241/1944,1,4241/1944,1,reciprocal_integer,This is a bounded computational sample. It does not prove the complete associate-class structure of the infinite monoid.
1049,4249/3888,1,4249/3888,1,reciprocal_integer,This is a bounded computational sample. It does not prove the complete associate-class structure of the infinite monoid.
1050,4255/3888,1,4255/3888,1,reciprocal_integer,This is a bounded computational sample. It does not prove the complete associate-class structure of the infinite monoid.
1051,4267/3888,1,4267/3888,1,reciprocal_integer,This is a bounded computational sample. It does not prove the complete associate-class structure of the infinite monoid.
1052,4271/1944,1,4271/1944,1,reciprocal_integer,This is a bounded computational sample. It does not prove the complete associate-class structure of the infinite monoid.
1053,4273/3888,1,4273/3888,1,reciprocal_integer,This is a bounded computational sample. It does not prove the complete associate-class structure of the infinite monoid.
1054,4277/1944,1,4277/1944,1,reciprocal_integer,This is a bounded computational sample. It does not prove the complete associate-class structure of the infinite monoid.
1055,4289/1944,1,4289/1944,1,reciprocal_integer,This is a bounded computational sample. It does not prove the complete associate-class structure of the infinite monoid.
1056,4295/1944,1,4295/1944,1,reciprocal_integer,This is a bounded computational sample. It does not prove the complete associate-class structure of the infinite monoid.
1057,4321/1296,2,4321/1296; 4321/7776,1/6,reciprocal_integer,This is a bounded computational sample. It does not prove the complete associate-class structure of the infinite monoid. Non-singleton class: elements are associates within the sample.
1058,4325/1944,1,4325/1944,1,reciprocal_integer,This is a bounded computational sample. It does not prove the complete associate-class structure of the infinite monoid.
1059,4327/1296,2,4327/1296; 4327/7776,1/6,reciprocal_integer,This is a bounded computational sample. It does not prove the complete associate-class structure of the infinite monoid. Non-singleton class: elements are associates within the sample.
1060,4331/1944,1,4331/1944,1,reciprocal_integer,This is a bounded computational sample. It does not prove the complete associate-class structure of the infinite monoid.
1061,4333/1296,2,4333/1296; 4333/7776,1/6,reciprocal_integer,This is a bounded computational sample. It does not prove the complete associate-class structure of the infinite monoid. Non-singleton class: elements are associates within the sample.
1062,4339/1296,2,4339/1296; 4339/7776,1/6,reciprocal_integer,This is a bounded computational sample. It does not prove the complete associate-class structure of the infinite monoid. Non-singleton class: elements are associates within the sample.
1063,4343/1944,1,4343/1944,1,reciprocal_integer,This is a bounded computational sample. It does not prove the complete associate-class structure of the infinite monoid.
1064,4349/1944,1,4349/1944,1,reciprocal_integer,This is a bounded computational sample. It does not prove the complete associate-class structure of the infinite monoid.
1065,4357/1296,2,4357/1296; 4357/7776,1/6,reciprocal_integer,This is a bounded computational sample. It does not prove the complete associate-class structure of the infinite monoid. Non-singleton class: elements are associates within the sample.
1066,4363/1296,2,4363/1296; 4363/7776,1/6,reciprocal_integer,This is a bounded computational sample. It does not prove the complete associate-class structure of the infinite monoid. Non-singleton class: elements are associates within the sample.
1067,4369/1296,2,4369/1296; 4369/7776,1/6,reciprocal_integer,This is a bounded computational sample. It does not prove the complete associate-class structure of the infinite monoid. Non-singleton class: elements are associates within the sample.
1068,4375/1296,2,4375/1296; 4375/7776,1/6,reciprocal_integer,This is a bounded computational sample. It does not prove the complete associate-class structure of the infinite monoid. Non-singleton class: elements are associates within the sample.
1069,4379/1944,1,4379/1944,1,reciprocal_integer,This is a bounded computational sample. It does not prove the complete associate-class structure of the infinite monoid.
1070,4385/1944,1,4385/1944,1,reciprocal_integer,This is a bounded computational sample. It does not prove the complete associate-class structure of the infinite monoid.
1071,4393/1296,2,4393/1296; 4393/7776,1/6,reciprocal_integer,This is a bounded computational sample. It does not prove the complete associate-class structure of the infinite monoid. Non-singleton class: elements are associates within the sample.
1072,4397/1944,1,4397/1944,1,reciprocal_integer,This is a bounded computational sample. It does not prove the complete associate-class structure of the infinite monoid.
1073,4399/1296,2,4399/1296; 4399/7776,1/6,reciprocal_integer,This is a bounded computational sample. It does not prove the complete associate-class structure of the infinite monoid. Non-singleton class: elements are associates within the sample.
1074,4403/1944,1,4403/1944,1,reciprocal_integer,This is a bounded computational sample. It does not prove the complete associate-class structure of the infinite monoid.
1075,4405/1296,2,4405/1296; 4405/7776,1/6,reciprocal_integer,This is a bounded computational sample. It does not prove the complete associate-class structure of the infinite monoid. Non-singleton class: elements are associates within the sample.
1076,4411/1296,2,4411/1296; 4411/7776,1/6,reciprocal_integer,This is a bounded computational sample. It does not prove the complete associate-class structure of the infinite monoid. Non-singleton class: elements are associates within the sample.
1077,4429/1296,2,4429/1296; 4429/7776,1/6,reciprocal_integer,This is a bounded computational sample. It does not prove the complete associate-class structure of the infinite monoid. Non-singleton class: elements are associates within the sample.
1078,4435/1296,2,4435/1296; 4435/7776,1/6,reciprocal_integer,This is a bounded computational sample. It does not prove the complete associate-class structure of the infinite monoid. Non-singleton class: elements are associates within the sample.
1079,4441/1296,2,4441/1296; 4441/7776,1/6,reciprocal_integer,This is a bounded computational sample. It does not prove the complete associate-class structure of the infinite monoid. Non-singleton class: elements are associates within the sample.
1080,4447/1296,2,4447/1296; 4447/7776,1/6,reciprocal_integer,This is a bounded computational sample. It does not prove the complete associate-class structure of the infinite monoid. Non-singleton class: elements are associates within the sample.
1081,4537/1296,3,4537/1296; 4537/3888; 4537/7776,1/3; 1/6; 3,reciprocal_integer,This is a bounded computational sample. It does not prove the complete associate-class structure of the infinite monoid. Non-singleton class: elements are associates within the sample.
1082,4541/1944,1,4541/1944,1,reciprocal_integer,This is a bounded computational sample. It does not prove the complete associate-class structure of the infinite monoid.
1083,4543/1296,3,4543/1296; 4543/3888; 4543/7776,1/3; 1/6; 3,reciprocal_integer,This is a bounded computational sample. It does not prove the complete associate-class structure of the infinite monoid. Non-singleton class: elements are associates within the sample.
1084,4547/1944,1,4547/1944,1,reciprocal_integer,This is a bounded computational sample. It does not prove the complete associate-class structure of the infinite monoid.
1085,4549/1296,2,4549/1296; 4549/7776,1/6,reciprocal_integer,This is a bounded computational sample. It does not prove the complete associate-class structure of the infinite monoid. Non-singleton class: elements are associates within the sample.
1086,4555/1296,3,4555/1296; 4555/3888; 4555/7776,1/3; 1/6; 3,reciprocal_integer,This is a bounded computational sample. It does not prove the complete associate-class structure of the infinite monoid. Non-singleton class: elements are associates within the sample.
1087,4559/1944,1,4559/1944,1,reciprocal_integer,This is a bounded computational sample. It does not prove the complete associate-class structure of the infinite monoid.
1088,4561/3888,1,4561/3888,1,reciprocal_integer,This is a bounded computational sample. It does not prove the complete associate-class structure of the infinite monoid.
1089,4565/1944,1,4565/1944,1,reciprocal_integer,This is a bounded computational sample. It does not prove the complete associate-class structure of the infinite monoid.
1090,4573/1296,3,4573/1296; 4573/3888; 4573/7776,1/3; 1/6; 3,reciprocal_integer,This is a bounded computational sample. It does not prove the complete associate-class structure of the infinite monoid. Non-singleton class: elements are associates within the sample.
1091,4579/1296,3,4579/1296; 4579/3888; 4579/7776,1/3; 1/6; 3,reciprocal_integer,This is a bounded computational sample. It does not prove the complete associate-class structure of the infinite monoid. Non-singleton class: elements are associates within the sample.
1092,4585/1296,2,4585/1296; 4585/7776,1/6,reciprocal_integer,This is a bounded computational sample. It does not prove the complete associate-class structure of the infinite monoid. Non-singleton class: elements are associates within the sample.
1093,4591/1296,3,4591/1296; 4591/3888; 4591/7776,1/3; 1/6; 3,reciprocal_integer,This is a bounded computational sample. It does not prove the complete associate-class structure of the infinite monoid. Non-singleton class: elements are associates within the sample.
1094,4595/1944,1,4595/1944,1,reciprocal_integer,This is a bounded computational sample. It does not prove the complete associate-class structure of the infinite monoid.
1095,4597/3888,1,4597/3888,1,reciprocal_integer,This is a bounded computational sample. It does not prove the complete associate-class structure of the infinite monoid.
1096,4601/1944,1,4601/1944,1,reciprocal_integer,This is a bounded computational sample. It does not prove the complete associate-class structure of the infinite monoid.
1097,4609/1296,2,4609/1296; 4609/7776,1/6,reciprocal_integer,This is a bounded computational sample. It does not prove the complete associate-class structure of the infinite monoid. Non-singleton class: elements are associates within the sample.
1098,4613/1944,1,4613/1944,1,reciprocal_integer,This is a bounded computational sample. It does not prove the complete associate-class structure of the infinite monoid.
1099,4615/1296,2,4615/1296; 4615/7776,1/6,reciprocal_integer,This is a bounded computational sample. It does not prove the complete associate-class structure of the infinite monoid. Non-singleton class: elements are associates within the sample.
1100,4619/1944,1,4619/1944,1,reciprocal_integer,This is a bounded computational sample. It does not prove the complete associate-class structure of the infinite monoid.
1101,4621/1296,2,4621/1296; 4621/7776,1/6,reciprocal_integer,This is a bounded computational sample. It does not prove the complete associate-class structure of the infinite monoid. Non-singleton class: elements are associates within the sample.
1102,4627/1296,2,4627/1296; 4627/7776,1/6,reciprocal_integer,This is a bounded computational sample. It does not prove the complete associate-class structure of the infinite monoid. Non-singleton class: elements are associates within the sample.
1103,4645/1296,3,4645/1296; 4645/3888; 4645/7776,1/3; 1/6; 3,reciprocal_integer,This is a bounded computational sample. It does not prove the complete associate-class structure of the infinite monoid. Non-singleton class: elements are associates within the sample.
1104,4649/1944,1,4649/1944,1,reciprocal_integer,This is a bounded computational sample. It does not prove the complete associate-class structure of the infinite monoid.
1105,4651/1296,3,4651/1296; 4651/3888; 4651/7776,1/3; 1/6; 3,reciprocal_integer,This is a bounded computational sample. It does not prove the complete associate-class structure of the infinite monoid. Non-singleton class: elements are associates within the sample.
1106,4655/1944,1,4655/1944,1,reciprocal_integer,This is a bounded computational sample. It does not prove the complete associate-class structure of the infinite monoid.
1107,4657/1296,2,4657/1296; 4657/7776,1/6,reciprocal_integer,This is a bounded computational sample. It does not prove the complete associate-class structure of the infinite monoid. Non-singleton class: elements are associates within the sample.
1108,4663/1296,3,4663/1296; 4663/3888; 4663/7776,1/3; 1/6; 3,reciprocal_integer,This is a bounded computational sample. It does not prove the complete associate-class structure of the infinite monoid. Non-singleton class: elements are associates within the sample.
1109,4667/1944,1,4667/1944,1,reciprocal_integer,This is a bounded computational sample. It does not prove the complete associate-class structure of the infinite monoid.
1110,4669/3888,1,4669/3888,1,reciprocal_integer,This is a bounded computational sample. It does not prove the complete associate-class structure of the infinite monoid.
1111,4673/1944,1,4673/1944,1,reciprocal_integer,This is a bounded computational sample. It does not prove the complete associate-class structure of the infinite monoid.
1112,4681/3888,1,4681/3888,1,reciprocal_integer,This is a bounded computational sample. It does not prove the complete associate-class structure of the infinite monoid.
1113,4687/3888,1,4687/3888,1,reciprocal_integer,This is a bounded computational sample. It does not prove the complete associate-class structure of the infinite monoid.
1114,4699/3888,1,4699/3888,1,reciprocal_integer,This is a bounded computational sample. It does not prove the complete associate-class structure of the infinite monoid.
1115,4703/1944,1,4703/1944,1,reciprocal_integer,This is a bounded computational sample. It does not prove the complete associate-class structure of the infinite monoid.
1116,4705/3888,1,4705/3888,1,reciprocal_integer,This is a bounded computational sample. It does not prove the complete associate-class structure of the infinite monoid.
1117,4709/1944,1,4709/1944,1,reciprocal_integer,This is a bounded computational sample. It does not prove the complete associate-class structure of the infinite monoid.
1118,4721/1944,1,4721/1944,1,reciprocal_integer,This is a bounded computational sample. It does not prove the complete associate-class structure of the infinite monoid.
1119,4727/1944,1,4727/1944,1,reciprocal_integer,This is a bounded computational sample. It does not prove the complete associate-class structure of the infinite monoid.
1120,4753/3888,1,4753/3888,1,reciprocal_integer,This is a bounded computational sample. It does not prove the complete associate-class structure of the infinite monoid.
1121,4759/3888,1,4759/3888,1,reciprocal_integer,This is a bounded computational sample. It does not prove the complete associate-class structure of the infinite monoid.
1122,4771/3888,1,4771/3888,1,reciprocal_integer,This is a bounded computational sample. It does not prove the complete associate-class structure of the infinite monoid.
1123,4777/3888,1,4777/3888,1,reciprocal_integer,This is a bounded computational sample. It does not prove the complete associate-class structure of the infinite monoid.
1124,4789/3888,1,4789/3888,1,reciprocal_integer,This is a bounded computational sample. It does not prove the complete associate-class structure of the infinite monoid.
1125,4795/3888,1,4795/3888,1,reciprocal_integer,This is a bounded computational sample. It does not prove the complete associate-class structure of the infinite monoid.
1126,4807/3888,1,4807/3888,1,reciprocal_integer,This is a bounded computational sample. It does not prove the complete associate-class structure of the infinite monoid.
1127,4813/3888,1,4813/3888,1,reciprocal_integer,This is a bounded computational sample. It does not prove the complete associate-class structure of the infinite monoid.
1128,4861/3888,1,4861/3888,1,reciprocal_integer,This is a bounded computational sample. It does not prove the complete associate-class structure of the infinite monoid.
1129,4865/1944,1,4865/1944,1,reciprocal_integer,This is a bounded computational sample. It does not prove the complete associate-class structure of the infinite monoid.
1130,4867/3888,1,4867/3888,1,reciprocal_integer,This is a bounded computational sample. It does not prove the complete associate-class structure of the infinite monoid.
1131,4871/1944,1,4871/1944,1,reciprocal_integer,This is a bounded computational sample. It does not prove the complete associate-class structure of the infinite monoid.
1132,4879/3888,1,4879/3888,1,reciprocal_integer,This is a bounded computational sample. It does not prove the complete associate-class structure of the infinite monoid.
1133,4883/1944,1,4883/1944,1,reciprocal_integer,This is a bounded computational sample. It does not prove the complete associate-class structure of the infinite monoid.
1134,4885/3888,1,4885/3888,1,reciprocal_integer,This is a bounded computational sample. It does not prove the complete associate-class structure of the infinite monoid.
1135,4889/1944,1,4889/1944,1,reciprocal_integer,This is a bounded computational sample. It does not prove the complete associate-class structure of the infinite monoid.
1136,4897/3888,1,4897/3888,1,reciprocal_integer,This is a bounded computational sample. It does not prove the complete associate-class structure of the infinite monoid.
1137,4903/3888,1,4903/3888,1,reciprocal_integer,This is a bounded computational sample. It does not prove the complete associate-class structure of the infinite monoid.
1138,4915/3888,1,4915/3888,1,reciprocal_integer,This is a bounded computational sample. It does not prove the complete associate-class structure of the infinite monoid.
1139,4919/1944,1,4919/1944,1,reciprocal_integer,This is a bounded computational sample. It does not prove the complete associate-class structure of the infinite monoid.
1140,4921/3888,1,4921/3888,1,reciprocal_integer,This is a bounded computational sample. It does not prove the complete associate-class structure of the infinite monoid.
1141,4925/1944,1,4925/1944,1,reciprocal_integer,This is a bounded computational sample. It does not prove the complete associate-class structure of the infinite monoid.
1142,4937/1944,1,4937/1944,1,reciprocal_integer,This is a bounded computational sample. It does not prove the complete associate-class structure of the infinite monoid.
1143,4943/1944,1,4943/1944,1,reciprocal_integer,This is a bounded computational sample. It does not prove the complete associate-class structure of the infinite monoid.
1144,4973/1944,1,4973/1944,1,reciprocal_integer,This is a bounded computational sample. It does not prove the complete associate-class structure of the infinite monoid.
1145,4979/1944,1,4979/1944,1,reciprocal_integer,This is a bounded computational sample. It does not prove the complete associate-class structure of the infinite monoid.
1146,4991/1944,1,4991/1944,1,reciprocal_integer,This is a bounded computational sample. It does not prove the complete associate-class structure of the infinite monoid.
1147,4997/1944,1,4997/1944,1,reciprocal_integer,This is a bounded computational sample. It does not prove the complete associate-class structure of the infinite monoid.
1148,5027/1944,1,5027/1944,1,reciprocal_integer,This is a bounded computational sample. It does not prove the complete associate-class structure of the infinite monoid.
1149,5033/1944,1,5033/1944,1,reciprocal_integer,This is a bounded computational sample. It does not prove the complete associate-class structure of the infinite monoid.
1150,5045/1944,1,5045/1944,1,reciprocal_integer,This is a bounded computational sample. It does not prove the complete associate-class structure of the infinite monoid.
1151,5051/1944,1,5051/1944,1,reciprocal_integer,This is a bounded computational sample. It does not prove the complete associate-class structure of the infinite monoid.
1152,5185/2592,1,5185/2592,1,reciprocal_integer,This is a bounded computational sample. It does not prove the complete associate-class structure of the infinite monoid.
1153,5185/2592,2,5185/2592; 5185/3888,3/2,reciprocal_integer,This is a bounded computational sample. It does not prove the complete associate-class structure of the infinite monoid. Non-singleton class: elements are associates within the sample.
1154,5189/2592,1,5189/2592,1,reciprocal_integer,This is a bounded computational sample. It does not prove the complete associate-class structure of the infinite monoid.
1155,5191/2592,1,5191/2592,1,reciprocal_integer,This is a bounded computational sample. It does not prove the complete associate-class structure of the infinite monoid.
1156,5191/2592,2,5191/2592; 5191/3888,3/2,reciprocal_integer,This is a bounded computational sample. It does not prove the complete associate-class structure of the infinite monoid. Non-singleton class: elements are associates within the sample.
1157,5197/2592,1,5197/2592,1,reciprocal_integer,This is a bounded computational sample. It does not prove the complete associate-class structure of the infinite monoid.
1158,5201/2592,1,5201/2592,1,reciprocal_integer,This is a bounded computational sample. It does not prove the complete associate-class structure of the infinite monoid.
1159,5203/2592,1,5203/2592,1,reciprocal_integer,This is a bounded computational sample. It does not prove the complete associate-class structure of the infinite monoid.
1160,5203/2592,2,5203/2592; 5203/3888,3/2,reciprocal_integer,This is a bounded computational sample. It does not prove the complete associate-class structure of the infinite monoid. Non-singleton class: elements are associates within the sample.
1161,5209/2592,1,5209/2592,1,reciprocal_integer,This is a bounded computational sample. It does not prove the complete associate-class structure of the infinite monoid.
1162,5209/2592,2,5209/2592; 5209/3888,3/2,reciprocal_integer,This is a bounded computational sample. It does not prove the complete associate-class structure of the infinite monoid. Non-singleton class: elements are associates within the sample.
1163,5213/2592,1,5213/2592,1,reciprocal_integer,This is a bounded computational sample. It does not prove the complete associate-class structure of the infinite monoid.
1164,5215/2592,1,5215/2592,1,reciprocal_integer,This is a bounded computational sample. It does not prove the complete associate-class structure of the infinite monoid.
1165,5221/2592,1,5221/2592,1,reciprocal_integer,This is a bounded computational sample. It does not prove the complete associate-class structure of the infinite monoid.
1166,5221/2592,2,5221/2592; 5221/3888,3/2,reciprocal_integer,This is a bounded computational sample. It does not prove the complete associate-class structure of the infinite monoid. Non-singleton class: elements are associates within the sample.
1167,5225/2592,1,5225/2592,1,reciprocal_integer,This is a bounded computational sample. It does not prove the complete associate-class structure of the infinite monoid.
1168,5227/2592,1,5227/2592,1,reciprocal_integer,This is a bounded computational sample. It does not prove the complete associate-class structure of the infinite monoid.
1169,5227/2592,2,5227/2592; 5227/3888,3/2,reciprocal_integer,This is a bounded computational sample. It does not prove the complete associate-class structure of the infinite monoid. Non-singleton class: elements are associates within the sample.
1170,5239/3888,1,5239/3888,1,reciprocal_integer,This is a bounded computational sample. It does not prove the complete associate-class structure of the infinite monoid.
1171,5245/3888,1,5245/3888,1,reciprocal_integer,This is a bounded computational sample. It does not prove the complete associate-class structure of the infinite monoid.
1172,5257/2592,1,5257/2592,1,reciprocal_integer,This is a bounded computational sample. It does not prove the complete associate-class structure of the infinite monoid.
1173,5261/2592,1,5261/2592,1,reciprocal_integer,This is a bounded computational sample. It does not prove the complete associate-class structure of the infinite monoid.
1174,5263/2592,1,5263/2592,1,reciprocal_integer,This is a bounded computational sample. It does not prove the complete associate-class structure of the infinite monoid.
1175,5269/2592,1,5269/2592,1,reciprocal_integer,This is a bounded computational sample. It does not prove the complete associate-class structure of the infinite monoid.
1176,5273/2592,1,5273/2592,1,reciprocal_integer,This is a bounded computational sample. It does not prove the complete associate-class structure of the infinite monoid.
1177,5275/2592,1,5275/2592,1,reciprocal_integer,This is a bounded computational sample. It does not prove the complete associate-class structure of the infinite monoid.
1178,5281/2592,1,5281/2592,1,reciprocal_integer,This is a bounded computational sample. It does not prove the complete associate-class structure of the infinite monoid.
1179,5285/2592,1,5285/2592,1,reciprocal_integer,This is a bounded computational sample. It does not prove the complete associate-class structure of the infinite monoid.
1180,5287/2592,1,5287/2592,1,reciprocal_integer,This is a bounded computational sample. It does not prove the complete associate-class structure of the infinite monoid.
1181,5293/2592,1,5293/2592,1,reciprocal_integer,This is a bounded computational sample. It does not prove the complete associate-class structure of the infinite monoid.
1182,5293/2592,2,5293/2592; 5293/3888,3/2,reciprocal_integer,This is a bounded computational sample. It does not prove the complete associate-class structure of the infinite monoid. Non-singleton class: elements are associates within the sample.
1183,5297/2592,1,5297/2592,1,reciprocal_integer,This is a bounded computational sample. It does not prove the complete associate-class structure of the infinite monoid.
1184,5299/2592,1,5299/2592,1,reciprocal_integer,This is a bounded computational sample. It does not prove the complete associate-class structure of the infinite monoid.
1185,5299/2592,2,5299/2592; 5299/3888,3/2,reciprocal_integer,This is a bounded computational sample. It does not prove the complete associate-class structure of the infinite monoid. Non-singleton class: elements are associates within the sample.
1186,5311/3888,1,5311/3888,1,reciprocal_integer,This is a bounded computational sample. It does not prove the complete associate-class structure of the infinite monoid.
1187,5317/3888,1,5317/3888,1,reciprocal_integer,This is a bounded computational sample. It does not prove the complete associate-class structure of the infinite monoid.
1188,5329/2592,1,5329/2592,1,reciprocal_integer,This is a bounded computational sample. It does not prove the complete associate-class structure of the infinite monoid.
1189,5329/2592,2,5329/2592; 5329/3888,3/2,reciprocal_integer,This is a bounded computational sample. It does not prove the complete associate-class structure of the infinite monoid. Non-singleton class: elements are associates within the sample.
1190,5333/2592,1,5333/2592,1,reciprocal_integer,This is a bounded computational sample. It does not prove the complete associate-class structure of the infinite monoid.
1191,5335/2592,1,5335/2592,1,reciprocal_integer,This is a bounded computational sample. It does not prove the complete associate-class structure of the infinite monoid.
1192,5335/2592,2,5335/2592; 5335/3888,3/2,reciprocal_integer,This is a bounded computational sample. It does not prove the complete associate-class structure of the infinite monoid. Non-singleton class: elements are associates within the sample.
1193,5341/2592,1,5341/2592,1,reciprocal_integer,This is a bounded computational sample. It does not prove the complete associate-class structure of the infinite monoid.
1194,5345/2592,1,5345/2592,1,reciprocal_integer,This is a bounded computational sample. It does not prove the complete associate-class structure of the infinite monoid.
1195,5347/2592,1,5347/2592,1,reciprocal_integer,This is a bounded computational sample. It does not prove the complete associate-class structure of the infinite monoid.
1196,5347/2592,2,5347/2592; 5347/3888,3/2,reciprocal_integer,This is a bounded computational sample. It does not prove the complete associate-class structure of the infinite monoid. Non-singleton class: elements are associates within the sample.
1197,5353/2592,1,5353/2592,1,reciprocal_integer,This is a bounded computational sample. It does not prove the complete associate-class structure of the infinite monoid.
1198,5353/2592,2,5353/2592; 5353/3888,3/2,reciprocal_integer,This is a bounded computational sample. It does not prove the complete associate-class structure of the infinite monoid. Non-singleton class: elements are associates within the sample.
1199,5357/2592,1,5357/2592,1,reciprocal_integer,This is a bounded computational sample. It does not prove the complete associate-class structure of the infinite monoid.
1200,5359/2592,1,5359/2592,1,reciprocal_integer,This is a bounded computational sample. It does not prove the complete associate-class structure of the infinite monoid.
1201,5365/2592,1,5365/2592,1,reciprocal_integer,This is a bounded computational sample. It does not prove the complete associate-class structure of the infinite monoid.
1202,5369/2592,1,5369/2592,1,reciprocal_integer,This is a bounded computational sample. It does not prove the complete associate-class structure of the infinite monoid.
1203,5371/2592,1,5371/2592,1,reciprocal_integer,This is a bounded computational sample. It does not prove the complete associate-class structure of the infinite monoid.
1204,5401/2592,1,5401/2592,1,reciprocal_integer,This is a bounded computational sample. It does not prove the complete associate-class structure of the infinite monoid.
1205,5401/2592,2,5401/2592; 5401/3888,3/2,reciprocal_integer,This is a bounded computational sample. It does not prove the complete associate-class structure of the infinite monoid. Non-singleton class: elements are associates within the sample.
1206,5405/2592,1,5405/2592,1,reciprocal_integer,This is a bounded computational sample. It does not prove the complete associate-class structure of the infinite monoid.
1207,5407/2592,1,5407/2592,1,reciprocal_integer,This is a bounded computational sample. It does not prove the complete associate-class structure of the infinite monoid.
1208,5407/2592,2,5407/2592; 5407/3888,3/2,reciprocal_integer,This is a bounded computational sample. It does not prove the complete associate-class structure of the infinite monoid. Non-singleton class: elements are associates within the sample.
1209,5413/2592,1,5413/2592,1,reciprocal_integer,This is a bounded computational sample. It does not prove the complete associate-class structure of the infinite monoid.
1210,5417/2592,1,5417/2592,1,reciprocal_integer,This is a bounded computational sample. It does not prove the complete associate-class structure of the infinite monoid.
1211,5419/2592,1,5419/2592,1,reciprocal_integer,This is a bounded computational sample. It does not prove the complete associate-class structure of the infinite monoid.
1212,5419/2592,2,5419/2592; 5419/3888,3/2,reciprocal_integer,This is a bounded computational sample. It does not prove the complete associate-class structure of the infinite monoid. Non-singleton class: elements are associates within the sample.
1213,5425/2592,1,5425/2592,1,reciprocal_integer,This is a bounded computational sample. It does not prove the complete associate-class structure of the infinite monoid.
1214,5425/2592,2,5425/2592; 5425/3888,3/2,reciprocal_integer,This is a bounded computational sample. It does not prove the complete associate-class structure of the infinite monoid. Non-singleton class: elements are associates within the sample.
1215,5429/2592,1,5429/2592,1,reciprocal_integer,This is a bounded computational sample. It does not prove the complete associate-class structure of the infinite monoid.
1216,5431/2592,1,5431/2592,1,reciprocal_integer,This is a bounded computational sample. It does not prove the complete associate-class structure of the infinite monoid.
1217,5437/2592,1,5437/2592,1,reciprocal_integer,This is a bounded computational sample. It does not prove the complete associate-class structure of the infinite monoid.
1218,5437/2592,2,5437/2592; 5437/3888,3/2,reciprocal_integer,This is a bounded computational sample. It does not prove the complete associate-class structure of the infinite monoid. Non-singleton class: elements are associates within the sample.
1219,5441/2592,1,5441/2592,1,reciprocal_integer,This is a bounded computational sample. It does not prove the complete associate-class structure of the infinite monoid.
1220,5443/2592,1,5443/2592,1,reciprocal_integer,This is a bounded computational sample. It does not prove the complete associate-class structure of the infinite monoid.
1221,5443/2592,2,5443/2592; 5443/3888,3/2,reciprocal_integer,This is a bounded computational sample. It does not prove the complete associate-class structure of the infinite monoid. Non-singleton class: elements are associates within the sample.
1222,5455/3888,1,5455/3888,1,reciprocal_integer,This is a bounded computational sample. It does not prove the complete associate-class structure of the infinite monoid.
1223,5461/3888,1,5461/3888,1,reciprocal_integer,This is a bounded computational sample. It does not prove the complete associate-class structure of the infinite monoid.
1224,5509/3888,1,5509/3888,1,reciprocal_integer,This is a bounded computational sample. It does not prove the complete associate-class structure of the infinite monoid.
1225,5515/3888,1,5515/3888,1,reciprocal_integer,This is a bounded computational sample. It does not prove the complete associate-class structure of the infinite monoid.
1226,5527/3888,1,5527/3888,1,reciprocal_integer,This is a bounded computational sample. It does not prove the complete associate-class structure of the infinite monoid.
1227,5533/3888,1,5533/3888,1,reciprocal_integer,This is a bounded computational sample. It does not prove the complete associate-class structure of the infinite monoid.
1228,5545/3888,1,5545/3888,1,reciprocal_integer,This is a bounded computational sample. It does not prove the complete associate-class structure of the infinite monoid.
1229,5551/3888,1,5551/3888,1,reciprocal_integer,This is a bounded computational sample. It does not prove the complete associate-class structure of the infinite monoid.
1230,5563/3888,1,5563/3888,1,reciprocal_integer,This is a bounded computational sample. It does not prove the complete associate-class structure of the infinite monoid.
1231,5569/3888,1,5569/3888,1,reciprocal_integer,This is a bounded computational sample. It does not prove the complete associate-class structure of the infinite monoid.
1232,5617/2592,1,5617/2592,1,reciprocal_integer,This is a bounded computational sample. It does not prove the complete associate-class structure of the infinite monoid.
1233,5621/2592,1,5621/2592,1,reciprocal_integer,This is a bounded computational sample. It does not prove the complete associate-class structure of the infinite monoid.
1234,5623/2592,1,5623/2592,1,reciprocal_integer,This is a bounded computational sample. It does not prove the complete associate-class structure of the infinite monoid.
1235,5629/2592,1,5629/2592,1,reciprocal_integer,This is a bounded computational sample. It does not prove the complete associate-class structure of the infinite monoid.
1236,5633/2592,1,5633/2592,1,reciprocal_integer,This is a bounded computational sample. It does not prove the complete associate-class structure of the infinite monoid.
1237,5635/2592,1,5635/2592,1,reciprocal_integer,This is a bounded computational sample. It does not prove the complete associate-class structure of the infinite monoid.
1238,5641/2592,1,5641/2592,1,reciprocal_integer,This is a bounded computational sample. It does not prove the complete associate-class structure of the infinite monoid.
1239,5645/2592,1,5645/2592,1,reciprocal_integer,This is a bounded computational sample. It does not prove the complete associate-class structure of the infinite monoid.
1240,5647/2592,1,5647/2592,1,reciprocal_integer,This is a bounded computational sample. It does not prove the complete associate-class structure of the infinite monoid.
1241,5653/2592,1,5653/2592,1,reciprocal_integer,This is a bounded computational sample. It does not prove the complete associate-class structure of the infinite monoid.
1242,5657/2592,1,5657/2592,1,reciprocal_integer,This is a bounded computational sample. It does not prove the complete associate-class structure of the infinite monoid.
1243,5659/2592,1,5659/2592,1,reciprocal_integer,This is a bounded computational sample. It does not prove the complete associate-class structure of the infinite monoid.
1244,5689/2592,1,5689/2592,1,reciprocal_integer,This is a bounded computational sample. It does not prove the complete associate-class structure of the infinite monoid.
1245,5693/2592,1,5693/2592,1,reciprocal_integer,This is a bounded computational sample. It does not prove the complete associate-class structure of the infinite monoid.
1246,5695/2592,1,5695/2592,1,reciprocal_integer,This is a bounded computational sample. It does not prove the complete associate-class structure of the infinite monoid.
1247,5701/2592,1,5701/2592,1,reciprocal_integer,This is a bounded computational sample. It does not prove the complete associate-class structure of the infinite monoid.
1248,5705/2592,1,5705/2592,1,reciprocal_integer,This is a bounded computational sample. It does not prove the complete associate-class structure of the infinite monoid.
1249,5707/2592,1,5707/2592,1,reciprocal_integer,This is a bounded computational sample. It does not prove the complete associate-class structure of the infinite monoid.
1250,5713/2592,1,5713/2592,1,reciprocal_integer,This is a bounded computational sample. It does not prove the complete associate-class structure of the infinite monoid.
1251,5717/2592,1,5717/2592,1,reciprocal_integer,This is a bounded computational sample. It does not prove the complete associate-class structure of the infinite monoid.
1252,5719/2592,1,5719/2592,1,reciprocal_integer,This is a bounded computational sample. It does not prove the complete associate-class structure of the infinite monoid.
1253,5725/2592,1,5725/2592,1,reciprocal_integer,This is a bounded computational sample. It does not prove the complete associate-class structure of the infinite monoid.
1254,5729/2592,1,5729/2592,1,reciprocal_integer,This is a bounded computational sample. It does not prove the complete associate-class structure of the infinite monoid.
1255,5731/2592,1,5731/2592,1,reciprocal_integer,This is a bounded computational sample. It does not prove the complete associate-class structure of the infinite monoid.
1256,5761/2592,1,5761/2592,1,reciprocal_integer,This is a bounded computational sample. It does not prove the complete associate-class structure of the infinite monoid.
1257,5765/2592,1,5765/2592,1,reciprocal_integer,This is a bounded computational sample. It does not prove the complete associate-class structure of the infinite monoid.
1258,5767/2592,1,5767/2592,1,reciprocal_integer,This is a bounded computational sample. It does not prove the complete associate-class structure of the infinite monoid.
1259,5773/2592,1,5773/2592,1,reciprocal_integer,This is a bounded computational sample. It does not prove the complete associate-class structure of the infinite monoid.
1260,5777/2592,1,5777/2592,1,reciprocal_integer,This is a bounded computational sample. It does not prove the complete associate-class structure of the infinite monoid.
1261,5779/2592,1,5779/2592,1,reciprocal_integer,This is a bounded computational sample. It does not prove the complete associate-class structure of the infinite monoid.
1262,5785/2592,1,5785/2592,1,reciprocal_integer,This is a bounded computational sample. It does not prove the complete associate-class structure of the infinite monoid.
1263,5789/2592,1,5789/2592,1,reciprocal_integer,This is a bounded computational sample. It does not prove the complete associate-class structure of the infinite monoid.
1264,5791/2592,1,5791/2592,1,reciprocal_integer,This is a bounded computational sample. It does not prove the complete associate-class structure of the infinite monoid.
1265,5797/2592,1,5797/2592,1,reciprocal_integer,This is a bounded computational sample. It does not prove the complete associate-class structure of the infinite monoid.
1266,5801/2592,1,5801/2592,1,reciprocal_integer,This is a bounded computational sample. It does not prove the complete associate-class structure of the infinite monoid.
1267,5803/2592,1,5803/2592,1,reciprocal_integer,This is a bounded computational sample. It does not prove the complete associate-class structure of the infinite monoid.
1268,5833/2592,1,5833/2592,1,reciprocal_integer,This is a bounded computational sample. It does not prove the complete associate-class structure of the infinite monoid.
1269,5833/2592,2,5833/2592; 5833/3888,3/2,reciprocal_integer,This is a bounded computational sample. It does not prove the complete associate-class structure of the infinite monoid. Non-singleton class: elements are associates within the sample.
1270,5837/1944,1,5837/1944,1,reciprocal_integer,This is a bounded computational sample. It does not prove the complete associate-class structure of the infinite monoid.
1271,5837/1944,2,5837/1944; 5837/2592,4/3,reciprocal_integer,This is a bounded computational sample. It does not prove the complete associate-class structure of the infinite monoid. Non-singleton class: elements are associates within the sample.
1272,5839/2592,1,5839/2592,1,reciprocal_integer,This is a bounded computational sample. It does not prove the complete associate-class structure of the infinite monoid.
1273,5839/2592,2,5839/2592; 5839/3888,3/2,reciprocal_integer,This is a bounded computational sample. It does not prove the complete associate-class structure of the infinite monoid. Non-singleton class: elements are associates within the sample.
1274,5843/1944,1,5843/1944,1,reciprocal_integer,This is a bounded computational sample. It does not prove the complete associate-class structure of the infinite monoid.
1275,5845/2592,1,5845/2592,1,reciprocal_integer,This is a bounded computational sample. It does not prove the complete associate-class structure of the infinite monoid.
1276,5849/2592,1,5849/2592,1,reciprocal_integer,This is a bounded computational sample. It does not prove the complete associate-class structure of the infinite monoid.
1277,5851/2592,1,5851/2592,1,reciprocal_integer,This is a bounded computational sample. It does not prove the complete associate-class structure of the infinite monoid.
1278,5851/2592,2,5851/2592; 5851/3888,3/2,reciprocal_integer,This is a bounded computational sample. It does not prove the complete associate-class structure of the infinite monoid. Non-singleton class: elements are associates within the sample.
1279,5855/1944,1,5855/1944,1,reciprocal_integer,This is a bounded computational sample. It does not prove the complete associate-class structure of the infinite monoid.
1280,5857/2592,1,5857/2592,1,reciprocal_integer,This is a bounded computational sample. It does not prove the complete associate-class structure of the infinite monoid.
1281,5857/2592,2,5857/2592; 5857/3888,3/2,reciprocal_integer,This is a bounded computational sample. It does not prove the complete associate-class structure of the infinite monoid. Non-singleton class: elements are associates within the sample.
1282,5861/1944,1,5861/1944,1,reciprocal_integer,This is a bounded computational sample. It does not prove the complete associate-class structure of the infinite monoid.
1283,5861/1944,2,5861/1944; 5861/2592,4/3,reciprocal_integer,This is a bounded computational sample. It does not prove the complete associate-class structure of the infinite monoid. Non-singleton class: elements are associates within the sample.
1284,5863/2592,1,5863/2592,1,reciprocal_integer,This is a bounded computational sample. It does not prove the complete associate-class structure of the infinite monoid.
1285,5869/2592,1,5869/2592,1,reciprocal_integer,This is a bounded computational sample. It does not prove the complete associate-class structure of the infinite monoid.
1286,5869/2592,2,5869/2592; 5869/3888,3/2,reciprocal_integer,This is a bounded computational sample. It does not prove the complete associate-class structure of the infinite monoid. Non-singleton class: elements are associates within the sample.
1287,5873/2592,1,5873/2592,1,reciprocal_integer,This is a bounded computational sample. It does not prove the complete associate-class structure of the infinite monoid.
1288,5875/2592,1,5875/2592,1,reciprocal_integer,This is a bounded computational sample. It does not prove the complete associate-class structure of the infinite monoid.
1289,5875/2592,2,5875/2592; 5875/3888,3/2,reciprocal_integer,This is a bounded computational sample. It does not prove the complete associate-class structure of the infinite monoid. Non-singleton class: elements are associates within the sample.
1290,5887/3888,1,5887/3888,1,reciprocal_integer,This is a bounded computational sample. It does not prove the complete associate-class structure of the infinite monoid.
1291,5891/1944,1,5891/1944,1,reciprocal_integer,This is a bounded computational sample. It does not prove the complete associate-class structure of the infinite monoid.
1292,5893/3888,1,5893/3888,1,reciprocal_integer,This is a bounded computational sample. It does not prove the complete associate-class structure of the infinite monoid.
1293,5897/1944,1,5897/1944,1,reciprocal_integer,This is a bounded computational sample. It does not prove the complete associate-class structure of the infinite monoid.
1294,5909/1944,1,5909/1944,1,reciprocal_integer,This is a bounded computational sample. It does not prove the complete associate-class structure of the infinite monoid.
1295,5915/1944,1,5915/1944,1,reciprocal_integer,This is a bounded computational sample. It does not prove the complete associate-class structure of the infinite monoid.
1296,5941/3888,1,5941/3888,1,reciprocal_integer,This is a bounded computational sample. It does not prove the complete associate-class structure of the infinite monoid.
1297,5945/1944,1,5945/1944,1,reciprocal_integer,This is a bounded computational sample. It does not prove the complete associate-class structure of the infinite monoid.
1298,5947/3888,1,5947/3888,1,reciprocal_integer,This is a bounded computational sample. It does not prove the complete associate-class structure of the infinite monoid.
1299,5951/1944,1,5951/1944,1,reciprocal_integer,This is a bounded computational sample. It does not prove the complete associate-class structure of the infinite monoid.
1300,5959/3888,1,5959/3888,1,reciprocal_integer,This is a bounded computational sample. It does not prove the complete associate-class structure of the infinite monoid.
1301,5963/1944,1,5963/1944,1,reciprocal_integer,This is a bounded computational sample. It does not prove the complete associate-class structure of the infinite monoid.
1302,5965/3888,1,5965/3888,1,reciprocal_integer,This is a bounded computational sample. It does not prove the complete associate-class structure of the infinite monoid.
1303,5969/1944,1,5969/1944,1,reciprocal_integer,This is a bounded computational sample. It does not prove the complete associate-class structure of the infinite monoid.
1304,5977/3888,1,5977/3888,1,reciprocal_integer,This is a bounded computational sample. It does not prove the complete associate-class structure of the infinite monoid.
1305,5983/3888,1,5983/3888,1,reciprocal_integer,This is a bounded computational sample. It does not prove the complete associate-class structure of the infinite monoid.
1306,5995/3888,1,5995/3888,1,reciprocal_integer,This is a bounded computational sample. It does not prove the complete associate-class structure of the infinite monoid.
1307,5999/1944,1,5999/1944,1,reciprocal_integer,This is a bounded computational sample. It does not prove the complete associate-class structure of the infinite monoid.
1308,6001/3888,1,6001/3888,1,reciprocal_integer,This is a bounded computational sample. It does not prove the complete associate-class structure of the infinite monoid.
1309,6005/1944,1,6005/1944,1,reciprocal_integer,This is a bounded computational sample. It does not prove the complete associate-class structure of the infinite monoid.
1310,6017/1944,1,6017/1944,1,reciprocal_integer,This is a bounded computational sample. It does not prove the complete associate-class structure of the infinite monoid.
1311,6023/1944,1,6023/1944,1,reciprocal_integer,This is a bounded computational sample. It does not prove the complete associate-class structure of the infinite monoid.
1312,6049/2592,1,6049/2592,1,reciprocal_integer,This is a bounded computational sample. It does not prove the complete associate-class structure of the infinite monoid.
1313,6049/2592,2,6049/2592; 6049/3888,3/2,reciprocal_integer,This is a bounded computational sample. It does not prove the complete associate-class structure of the infinite monoid. Non-singleton class: elements are associates within the sample.
1314,6053/2592,1,6053/2592,1,reciprocal_integer,This is a bounded computational sample. It does not prove the complete associate-class structure of the infinite monoid.
1315,6055/2592,1,6055/2592,1,reciprocal_integer,This is a bounded computational sample. It does not prove the complete associate-class structure of the infinite monoid.
1316,6055/2592,2,6055/2592; 6055/3888,3/2,reciprocal_integer,This is a bounded computational sample. It does not prove the complete associate-class structure of the infinite monoid. Non-singleton class: elements are associates within the sample.
1317,6061/2592,1,6061/2592,1,reciprocal_integer,This is a bounded computational sample. It does not prove the complete associate-class structure of the infinite monoid.
1318,6065/2592,1,6065/2592,1,reciprocal_integer,This is a bounded computational sample. It does not prove the complete associate-class structure of the infinite monoid.
1319,6067/2592,1,6067/2592,1,reciprocal_integer,This is a bounded computational sample. It does not prove the complete associate-class structure of the infinite monoid.
1320,6067/2592,2,6067/2592; 6067/3888,3/2,reciprocal_integer,This is a bounded computational sample. It does not prove the complete associate-class structure of the infinite monoid. Non-singleton class: elements are associates within the sample.
1321,6073/2592,1,6073/2592,1,reciprocal_integer,This is a bounded computational sample. It does not prove the complete associate-class structure of the infinite monoid.
1322,6073/2592,2,6073/2592; 6073/3888,3/2,reciprocal_integer,This is a bounded computational sample. It does not prove the complete associate-class structure of the infinite monoid. Non-singleton class: elements are associates within the sample.
1323,6077/2592,1,6077/2592,1,reciprocal_integer,This is a bounded computational sample. It does not prove the complete associate-class structure of the infinite monoid.
1324,6079/2592,1,6079/2592,1,reciprocal_integer,This is a bounded computational sample. It does not prove the complete associate-class structure of the infinite monoid.
1325,6085/2592,1,6085/2592,1,reciprocal_integer,This is a bounded computational sample. It does not prove the complete associate-class structure of the infinite monoid.
1326,6085/2592,2,6085/2592; 6085/3888,3/2,reciprocal_integer,This is a bounded computational sample. It does not prove the complete associate-class structure of the infinite monoid. Non-singleton class: elements are associates within the sample.
1327,6089/2592,1,6089/2592,1,reciprocal_integer,This is a bounded computational sample. It does not prove the complete associate-class structure of the infinite monoid.
1328,6091/2592,1,6091/2592,1,reciprocal_integer,This is a bounded computational sample. It does not prove the complete associate-class structure of the infinite monoid.
1329,6091/2592,2,6091/2592; 6091/3888,3/2,reciprocal_integer,This is a bounded computational sample. It does not prove the complete associate-class structure of the infinite monoid. Non-singleton class: elements are associates within the sample.
1330,6103/3888,1,6103/3888,1,reciprocal_integer,This is a bounded computational sample. It does not prove the complete associate-class structure of the infinite monoid.
1331,6109/3888,1,6109/3888,1,reciprocal_integer,This is a bounded computational sample. It does not prove the complete associate-class structure of the infinite monoid.
1332,6121/2592,1,6121/2592,1,reciprocal_integer,This is a bounded computational sample. It does not prove the complete associate-class structure of the infinite monoid.
1333,6125/2592,1,6125/2592,1,reciprocal_integer,This is a bounded computational sample. It does not prove the complete associate-class structure of the infinite monoid.
1334,6127/2592,1,6127/2592,1,reciprocal_integer,This is a bounded computational sample. It does not prove the complete associate-class structure of the infinite monoid.
1335,6133/2592,1,6133/2592,1,reciprocal_integer,This is a bounded computational sample. It does not prove the complete associate-class structure of the infinite monoid.
1336,6137/2592,1,6137/2592,1,reciprocal_integer,This is a bounded computational sample. It does not prove the complete associate-class structure of the infinite monoid.
1337,6139/2592,1,6139/2592,1,reciprocal_integer,This is a bounded computational sample. It does not prove the complete associate-class structure of the infinite monoid.
1338,6145/2592,1,6145/2592,1,reciprocal_integer,This is a bounded computational sample. It does not prove the complete associate-class structure of the infinite monoid.
1339,6149/2592,1,6149/2592,1,reciprocal_integer,This is a bounded computational sample. It does not prove the complete associate-class structure of the infinite monoid.
1340,6151/2592,1,6151/2592,1,reciprocal_integer,This is a bounded computational sample. It does not prove the complete associate-class structure of the infinite monoid.
1341,6157/2592,1,6157/2592,1,reciprocal_integer,This is a bounded computational sample. It does not prove the complete associate-class structure of the infinite monoid.
1342,6157/2592,2,6157/2592; 6157/3888,3/2,reciprocal_integer,This is a bounded computational sample. It does not prove the complete associate-class structure of the infinite monoid. Non-singleton class: elements are associates within the sample.
1343,6161/1944,1,6161/1944,1,reciprocal_integer,This is a bounded computational sample. It does not prove the complete associate-class structure of the infinite monoid.
1344,6161/1944,2,6161/1944; 6161/2592,4/3,reciprocal_integer,This is a bounded computational sample. It does not prove the complete associate-class structure of the infinite monoid. Non-singleton class: elements are associates within the sample.
1345,6163/2592,1,6163/2592,1,reciprocal_integer,This is a bounded computational sample. It does not prove the complete associate-class structure of the infinite monoid.
1346,6163/2592,2,6163/2592; 6163/3888,3/2,reciprocal_integer,This is a bounded computational sample. It does not prove the complete associate-class structure of the infinite monoid. Non-singleton class: elements are associates within the sample.
1347,6167/1944,1,6167/1944,1,reciprocal_integer,This is a bounded computational sample. It does not prove the complete associate-class structure of the infinite monoid.
1348,6175/3888,1,6175/3888,1,reciprocal_integer,This is a bounded computational sample. It does not prove the complete associate-class structure of the infinite monoid.
1349,6179/1944,1,6179/1944,1,reciprocal_integer,This is a bounded computational sample. It does not prove the complete associate-class structure of the infinite monoid.
1350,6181/3888,1,6181/3888,1,reciprocal_integer,This is a bounded computational sample. It does not prove the complete associate-class structure of the infinite monoid.
1351,6185/1944,1,6185/1944,1,reciprocal_integer,This is a bounded computational sample. It does not prove the complete associate-class structure of the infinite monoid.
1352,6193/2592,1,6193/2592,1,reciprocal_integer,This is a bounded computational sample. It does not prove the complete associate-class structure of the infinite monoid.
1353,6193/2592,2,6193/2592; 6193/3888,3/2,reciprocal_integer,This is a bounded computational sample. It does not prove the complete associate-class structure of the infinite monoid. Non-singleton class: elements are associates within the sample.
1354,6197/2592,1,6197/2592,1,reciprocal_integer,This is a bounded computational sample. It does not prove the complete associate-class structure of the infinite monoid.
1355,6199/2592,1,6199/2592,1,reciprocal_integer,This is a bounded computational sample. It does not prove the complete associate-class structure of the infinite monoid.
1356,6199/2592,2,6199/2592; 6199/3888,3/2,reciprocal_integer,This is a bounded computational sample. It does not prove the complete associate-class structure of the infinite monoid. Non-singleton class: elements are associates within the sample.
1357,6205/2592,1,6205/2592,1,reciprocal_integer,This is a bounded computational sample. It does not prove the complete associate-class structure of the infinite monoid.
1358,6209/2592,1,6209/2592,1,reciprocal_integer,This is a bounded computational sample. It does not prove the complete associate-class structure of the infinite monoid.
1359,6211/2592,1,6211/2592,1,reciprocal_integer,This is a bounded computational sample. It does not prove the complete associate-class structure of the infinite monoid.
1360,6211/2592,2,6211/2592; 6211/3888,3/2,reciprocal_integer,This is a bounded computational sample. It does not prove the complete associate-class structure of the infinite monoid. Non-singleton class: elements are associates within the sample.
1361,6215/1944,1,6215/1944,1,reciprocal_integer,This is a bounded computational sample. It does not prove the complete associate-class structure of the infinite monoid.
1362,6217/2592,1,6217/2592,1,reciprocal_integer,This is a bounded computational sample. It does not prove the complete associate-class structure of the infinite monoid.
1363,6217/2592,2,6217/2592; 6217/3888,3/2,reciprocal_integer,This is a bounded computational sample. It does not prove the complete associate-class structure of the infinite monoid. Non-singleton class: elements are associates within the sample.
1364,6221/1944,1,6221/1944,1,reciprocal_integer,This is a bounded computational sample. It does not prove the complete associate-class structure of the infinite monoid.
1365,6221/1944,2,6221/1944; 6221/2592,4/3,reciprocal_integer,This is a bounded computational sample. It does not prove the complete associate-class structure of the infinite monoid. Non-singleton class: elements are associates within the sample.
1366,6223/2592,1,6223/2592,1,reciprocal_integer,This is a bounded computational sample. It does not prove the complete associate-class structure of the infinite monoid.
1367,6229/2592,1,6229/2592,1,reciprocal_integer,This is a bounded computational sample. It does not prove the complete associate-class structure of the infinite monoid.
1368,6233/1944,1,6233/1944,1,reciprocal_integer,This is a bounded computational sample. It does not prove the complete associate-class structure of the infinite monoid.
1369,6233/1944,2,6233/1944; 6233/2592,4/3,reciprocal_integer,This is a bounded computational sample. It does not prove the complete associate-class structure of the infinite monoid. Non-singleton class: elements are associates within the sample.
1370,6235/2592,1,6235/2592,1,reciprocal_integer,This is a bounded computational sample. It does not prove the complete associate-class structure of the infinite monoid.
1371,6239/1944,1,6239/1944,1,reciprocal_integer,This is a bounded computational sample. It does not prove the complete associate-class structure of the infinite monoid.
1372,6265/2592,1,6265/2592,1,reciprocal_integer,This is a bounded computational sample. It does not prove the complete associate-class structure of the infinite monoid.
1373,6269/1944,1,6269/1944,1,reciprocal_integer,This is a bounded computational sample. It does not prove the complete associate-class structure of the infinite monoid.
1374,6269/1944,2,6269/1944; 6269/2592,4/3,reciprocal_integer,This is a bounded computational sample. It does not prove the complete associate-class structure of the infinite monoid. Non-singleton class: elements are associates within the sample.
1375,6271/2592,1,6271/2592,1,reciprocal_integer,This is a bounded computational sample. It does not prove the complete associate-class structure of the infinite monoid.
1376,6275/1944,1,6275/1944,1,reciprocal_integer,This is a bounded computational sample. It does not prove the complete associate-class structure of the infinite monoid.
1377,6277/2592,1,6277/2592,1,reciprocal_integer,This is a bounded computational sample. It does not prove the complete associate-class structure of the infinite monoid.
1378,6281/2592,1,6281/2592,1,reciprocal_integer,This is a bounded computational sample. It does not prove the complete associate-class structure of the infinite monoid.
1379,6283/2592,1,6283/2592,1,reciprocal_integer,This is a bounded computational sample. It does not prove the complete associate-class structure of the infinite monoid.
1380,6287/1944,1,6287/1944,1,reciprocal_integer,This is a bounded computational sample. It does not prove the complete associate-class structure of the infinite monoid.
1381,6289/2592,1,6289/2592,1,reciprocal_integer,This is a bounded computational sample. It does not prove the complete associate-class structure of the infinite monoid.
1382,6293/1944,1,6293/1944,1,reciprocal_integer,This is a bounded computational sample. It does not prove the complete associate-class structure of the infinite monoid.
1383,6293/1944,2,6293/1944; 6293/2592,4/3,reciprocal_integer,This is a bounded computational sample. It does not prove the complete associate-class structure of the infinite monoid. Non-singleton class: elements are associates within the sample.
1384,6295/2592,1,6295/2592,1,reciprocal_integer,This is a bounded computational sample. It does not prove the complete associate-class structure of the infinite monoid.
1385,6301/2592,1,6301/2592,1,reciprocal_integer,This is a bounded computational sample. It does not prove the complete associate-class structure of the infinite monoid.
1386,6305/2592,1,6305/2592,1,reciprocal_integer,This is a bounded computational sample. It does not prove the complete associate-class structure of the infinite monoid.
1387,6307/2592,1,6307/2592,1,reciprocal_integer,This is a bounded computational sample. It does not prove the complete associate-class structure of the infinite monoid.
1388,6323/1944,1,6323/1944,1,reciprocal_integer,This is a bounded computational sample. It does not prove the complete associate-class structure of the infinite monoid.
1389,6329/1944,1,6329/1944,1,reciprocal_integer,This is a bounded computational sample. It does not prove the complete associate-class structure of the infinite monoid.
1390,6341/1944,1,6341/1944,1,reciprocal_integer,This is a bounded computational sample. It does not prove the complete associate-class structure of the infinite monoid.
1391,6347/1944,1,6347/1944,1,reciprocal_integer,This is a bounded computational sample. It does not prove the complete associate-class structure of the infinite monoid.
1392,6481/2592,1,6481/2592,1,reciprocal_integer,This is a bounded computational sample. It does not prove the complete associate-class structure of the infinite monoid.
1393,6485/1944,1,6485/1944,1,reciprocal_integer,This is a bounded computational sample. It does not prove the complete associate-class structure of the infinite monoid.
1394,6485/1944,2,6485/1944; 6485/2592,4/3,reciprocal_integer,This is a bounded computational sample. It does not prove the complete associate-class structure of the infinite monoid. Non-singleton class: elements are associates within the sample.
1395,6487/2592,1,6487/2592,1,reciprocal_integer,This is a bounded computational sample. It does not prove the complete associate-class structure of the infinite monoid.
1396,6491/1944,1,6491/1944,1,reciprocal_integer,This is a bounded computational sample. It does not prove the complete associate-class structure of the infinite monoid.
1397,6493/2592,1,6493/2592,1,reciprocal_integer,This is a bounded computational sample. It does not prove the complete associate-class structure of the infinite monoid.
1398,6497/2592,1,6497/2592,1,reciprocal_integer,This is a bounded computational sample. It does not prove the complete associate-class structure of the infinite monoid.
1399,6499/2592,1,6499/2592,1,reciprocal_integer,This is a bounded computational sample. It does not prove the complete associate-class structure of the infinite monoid.
1400,6503/1944,1,6503/1944,1,reciprocal_integer,This is a bounded computational sample. It does not prove the complete associate-class structure of the infinite monoid.
1401,6505/2592,1,6505/2592,1,reciprocal_integer,This is a bounded computational sample. It does not prove the complete associate-class structure of the infinite monoid.
1402,6509/1944,1,6509/1944,1,reciprocal_integer,This is a bounded computational sample. It does not prove the complete associate-class structure of the infinite monoid.
1403,6509/1944,2,6509/1944; 6509/2592,4/3,reciprocal_integer,This is a bounded computational sample. It does not prove the complete associate-class structure of the infinite monoid. Non-singleton class: elements are associates within the sample.
1404,6511/2592,1,6511/2592,1,reciprocal_integer,This is a bounded computational sample. It does not prove the complete associate-class structure of the infinite monoid.
1405,6517/2592,1,6517/2592,1,reciprocal_integer,This is a bounded computational sample. It does not prove the complete associate-class structure of the infinite monoid.
1406,6521/2592,1,6521/2592,1,reciprocal_integer,This is a bounded computational sample. It does not prove the complete associate-class structure of the infinite monoid.
1407,6523/2592,1,6523/2592,1,reciprocal_integer,This is a bounded computational sample. It does not prove the complete associate-class structure of the infinite monoid.
1408,6539/1944,1,6539/1944,1,reciprocal_integer,This is a bounded computational sample. It does not prove the complete associate-class structure of the infinite monoid.
1409,6545/1944,1,6545/1944,1,reciprocal_integer,This is a bounded computational sample. It does not prove the complete associate-class structure of the infinite monoid.
1410,6553/2592,1,6553/2592,1,reciprocal_integer,This is a bounded computational sample. It does not prove the complete associate-class structure of the infinite monoid.
1411,6557/1944,1,6557/1944,1,reciprocal_integer,This is a bounded computational sample. It does not prove the complete associate-class structure of the infinite monoid.
1412,6557/1944,2,6557/1944; 6557/2592,4/3,reciprocal_integer,This is a bounded computational sample. It does not prove the complete associate-class structure of the infinite monoid. Non-singleton class: elements are associates within the sample.
1413,6559/2592,1,6559/2592,1,reciprocal_integer,This is a bounded computational sample. It does not prove the complete associate-class structure of the infinite monoid.
1414,6563/1944,1,6563/1944,1,reciprocal_integer,This is a bounded computational sample. It does not prove the complete associate-class structure of the infinite monoid.
1415,6565/2592,1,6565/2592,1,reciprocal_integer,This is a bounded computational sample. It does not prove the complete associate-class structure of the infinite monoid.
1416,6569/2592,1,6569/2592,1,reciprocal_integer,This is a bounded computational sample. It does not prove the complete associate-class structure of the infinite monoid.
1417,6571/2592,1,6571/2592,1,reciprocal_integer,This is a bounded computational sample. It does not prove the complete associate-class structure of the infinite monoid.
1418,6577/2592,1,6577/2592,1,reciprocal_integer,This is a bounded computational sample. It does not prove the complete associate-class structure of the infinite monoid.
1419,6581/2592,1,6581/2592,1,reciprocal_integer,This is a bounded computational sample. It does not prove the complete associate-class structure of the infinite monoid.
1420,6583/2592,1,6583/2592,1,reciprocal_integer,This is a bounded computational sample. It does not prove the complete associate-class structure of the infinite monoid.
1421,6589/2592,1,6589/2592,1,reciprocal_integer,This is a bounded computational sample. It does not prove the complete associate-class structure of the infinite monoid.
1422,6593/1944,1,6593/1944,1,reciprocal_integer,This is a bounded computational sample. It does not prove the complete associate-class structure of the infinite monoid.
1423,6593/1944,2,6593/1944; 6593/2592,4/3,reciprocal_integer,This is a bounded computational sample. It does not prove the complete associate-class structure of the infinite monoid. Non-singleton class: elements are associates within the sample.
1424,6595/2592,1,6595/2592,1,reciprocal_integer,This is a bounded computational sample. It does not prove the complete associate-class structure of the infinite monoid.
1425,6599/1944,1,6599/1944,1,reciprocal_integer,This is a bounded computational sample. It does not prove the complete associate-class structure of the infinite monoid.
1426,6611/1944,1,6611/1944,1,reciprocal_integer,This is a bounded computational sample. It does not prove the complete associate-class structure of the infinite monoid.
1427,6617/1944,1,6617/1944,1,reciprocal_integer,This is a bounded computational sample. It does not prove the complete associate-class structure of the infinite monoid.
1428,6625/2592,1,6625/2592,1,reciprocal_integer,This is a bounded computational sample. It does not prove the complete associate-class structure of the infinite monoid.
1429,6629/2592,1,6629/2592,1,reciprocal_integer,This is a bounded computational sample. It does not prove the complete associate-class structure of the infinite monoid.
1430,6631/2592,1,6631/2592,1,reciprocal_integer,This is a bounded computational sample. It does not prove the complete associate-class structure of the infinite monoid.
1431,6637/2592,1,6637/2592,1,reciprocal_integer,This is a bounded computational sample. It does not prove the complete associate-class structure of the infinite monoid.
1432,6641/2592,1,6641/2592,1,reciprocal_integer,This is a bounded computational sample. It does not prove the complete associate-class structure of the infinite monoid.
1433,6643/2592,1,6643/2592,1,reciprocal_integer,This is a bounded computational sample. It does not prove the complete associate-class structure of the infinite monoid.
1434,6647/1944,1,6647/1944,1,reciprocal_integer,This is a bounded computational sample. It does not prove the complete associate-class structure of the infinite monoid.
1435,6649/2592,1,6649/2592,1,reciprocal_integer,This is a bounded computational sample. It does not prove the complete associate-class structure of the infinite monoid.
1436,6653/1944,1,6653/1944,1,reciprocal_integer,This is a bounded computational sample. It does not prove the complete associate-class structure of the infinite monoid.
1437,6653/1944,2,6653/1944; 6653/2592,4/3,reciprocal_integer,This is a bounded computational sample. It does not prove the complete associate-class structure of the infinite monoid. Non-singleton class: elements are associates within the sample.
1438,6655/2592,1,6655/2592,1,reciprocal_integer,This is a bounded computational sample. It does not prove the complete associate-class structure of the infinite monoid.
1439,6661/2592,1,6661/2592,1,reciprocal_integer,This is a bounded computational sample. It does not prove the complete associate-class structure of the infinite monoid.
1440,6665/1944,1,6665/1944,1,reciprocal_integer,This is a bounded computational sample. It does not prove the complete associate-class structure of the infinite monoid.
1441,6665/1944,2,6665/1944; 6665/2592,4/3,reciprocal_integer,This is a bounded computational sample. It does not prove the complete associate-class structure of the infinite monoid. Non-singleton class: elements are associates within the sample.
1442,6667/2592,1,6667/2592,1,reciprocal_integer,This is a bounded computational sample. It does not prove the complete associate-class structure of the infinite monoid.
1443,6671/1944,1,6671/1944,1,reciprocal_integer,This is a bounded computational sample. It does not prove the complete associate-class structure of the infinite monoid.
1444,6697/2592,1,6697/2592,1,reciprocal_integer,This is a bounded computational sample. It does not prove the complete associate-class structure of the infinite monoid.
1445,6701/2592,1,6701/2592,1,reciprocal_integer,This is a bounded computational sample. It does not prove the complete associate-class structure of the infinite monoid.
1446,6703/2592,1,6703/2592,1,reciprocal_integer,This is a bounded computational sample. It does not prove the complete associate-class structure of the infinite monoid.
1447,6709/2592,1,6709/2592,1,reciprocal_integer,This is a bounded computational sample. It does not prove the complete associate-class structure of the infinite monoid.
1448,6713/2592,1,6713/2592,1,reciprocal_integer,This is a bounded computational sample. It does not prove the complete associate-class structure of the infinite monoid.
1449,6715/2592,1,6715/2592,1,reciprocal_integer,This is a bounded computational sample. It does not prove the complete associate-class structure of the infinite monoid.
1450,6721/2592,1,6721/2592,1,reciprocal_integer,This is a bounded computational sample. It does not prove the complete associate-class structure of the infinite monoid.
1451,6725/2592,1,6725/2592,1,reciprocal_integer,This is a bounded computational sample. It does not prove the complete associate-class structure of the infinite monoid.
1452,6727/2592,1,6727/2592,1,reciprocal_integer,This is a bounded computational sample. It does not prove the complete associate-class structure of the infinite monoid.
1453,6733/2592,1,6733/2592,1,reciprocal_integer,This is a bounded computational sample. It does not prove the complete associate-class structure of the infinite monoid.
1454,6737/2592,1,6737/2592,1,reciprocal_integer,This is a bounded computational sample. It does not prove the complete associate-class structure of the infinite monoid.
1455,6739/2592,1,6739/2592,1,reciprocal_integer,This is a bounded computational sample. It does not prove the complete associate-class structure of the infinite monoid.
1456,6809/1944,1,6809/1944,1,reciprocal_integer,This is a bounded computational sample. It does not prove the complete associate-class structure of the infinite monoid.
1457,6815/1944,1,6815/1944,1,reciprocal_integer,This is a bounded computational sample. It does not prove the complete associate-class structure of the infinite monoid.
1458,6827/1944,1,6827/1944,1,reciprocal_integer,This is a bounded computational sample. It does not prove the complete associate-class structure of the infinite monoid.
1459,6833/1944,1,6833/1944,1,reciprocal_integer,This is a bounded computational sample. It does not prove the complete associate-class structure of the infinite monoid.
1460,6863/1944,1,6863/1944,1,reciprocal_integer,This is a bounded computational sample. It does not prove the complete associate-class structure of the infinite monoid.
1461,6869/1944,1,6869/1944,1,reciprocal_integer,This is a bounded computational sample. It does not prove the complete associate-class structure of the infinite monoid.
1462,6881/1944,1,6881/1944,1,reciprocal_integer,This is a bounded computational sample. It does not prove the complete associate-class structure of the infinite monoid.
1463,6887/1944,1,6887/1944,1,reciprocal_integer,This is a bounded computational sample. It does not prove the complete associate-class structure of the infinite monoid.
1464,6917/1944,1,6917/1944,1,reciprocal_integer,This is a bounded computational sample. It does not prove the complete associate-class structure of the infinite monoid.
1465,6923/1944,1,6923/1944,1,reciprocal_integer,This is a bounded computational sample. It does not prove the complete associate-class structure of the infinite monoid.
1466,6935/1944,1,6935/1944,1,reciprocal_integer,This is a bounded computational sample. It does not prove the complete associate-class structure of the infinite monoid.
1467,6941/1944,1,6941/1944,1,reciprocal_integer,This is a bounded computational sample. It does not prove the complete associate-class structure of the infinite monoid.
1468,6971/1944,1,6971/1944,1,reciprocal_integer,This is a bounded computational sample. It does not prove the complete associate-class structure of the infinite monoid.
1469,6977/1944,1,6977/1944,1,reciprocal_integer,This is a bounded computational sample. It does not prove the complete associate-class structure of the infinite monoid.
1470,6989/1944,1,6989/1944,1,reciprocal_integer,This is a bounded computational sample. It does not prove the complete associate-class structure of the infinite monoid.
1471,6995/1944,1,6995/1944,1,reciprocal_integer,This is a bounded computational sample. It does not prove the complete associate-class structure of the infinite monoid.
1472,7777/2592,3,7777/2592; 7777/3888; 7777/7776,1/3; 3; 3/2,reciprocal_integer,This is a bounded computational sample. It does not prove the complete associate-class structure of the infinite monoid. Non-singleton class: elements are associates within the sample.
1473,7781/2592,1,7781/2592,1,reciprocal_integer,This is a bounded computational sample. It does not prove the complete associate-class structure of the infinite monoid.
1474,7783/2592,3,7783/2592; 7783/3888; 7783/7776,1/3; 3; 3/2,reciprocal_integer,This is a bounded computational sample. It does not prove the complete associate-class structure of the infinite monoid. Non-singleton class: elements are associates within the sample.
1475,7789/2592,2,7789/2592; 7789/7776,1/3; 3,reciprocal_integer,This is a bounded computational sample. It does not prove the complete associate-class structure of the infinite monoid. Non-singleton class: elements are associates within the sample.
1476,7793/2592,1,7793/2592,1,reciprocal_integer,This is a bounded computational sample. It does not prove the complete associate-class structure of the infinite monoid.
1477,7795/2592,3,7795/2592; 7795/3888; 7795/7776,1/3; 3; 3/2,reciprocal_integer,This is a bounded computational sample. It does not prove the complete associate-class structure of the infinite monoid. Non-singleton class: elements are associates within the sample.
1478,7801/2592,1,7801/2592,1,reciprocal_integer,This is a bounded computational sample. It does not prove the complete associate-class structure of the infinite monoid.
1479,7801/2592,2,7801/2592; 7801/3888,3/2,reciprocal_integer,This is a bounded computational sample. It does not prove the complete associate-class structure of the infinite monoid. Non-singleton class: elements are associates within the sample.
1480,7805/2592,1,7805/2592,1,reciprocal_integer,This is a bounded computational sample. It does not prove the complete associate-class structure of the infinite monoid.
1481,7807/2592,1,7807/2592,1,reciprocal_integer,This is a bounded computational sample. It does not prove the complete associate-class structure of the infinite monoid.
1482,7813/2592,3,7813/2592; 7813/3888; 7813/7776,1/3; 3; 3/2,reciprocal_integer,This is a bounded computational sample. It does not prove the complete associate-class structure of the infinite monoid. Non-singleton class: elements are associates within the sample.
1483,7817/2592,1,7817/2592,1,reciprocal_integer,This is a bounded computational sample. It does not prove the complete associate-class structure of the infinite monoid.
1484,7819/2592,3,7819/2592; 7819/3888; 7819/7776,1/3; 3; 3/2,reciprocal_integer,This is a bounded computational sample. It does not prove the complete associate-class structure of the infinite monoid. Non-singleton class: elements are associates within the sample.
1485,7825/7776,1,7825/7776,1,reciprocal_integer,This is a bounded computational sample. It does not prove the complete associate-class structure of the infinite monoid.
1486,7831/3888,2,7831/3888; 7831/7776,1/2; 2,reciprocal_integer,This is a bounded computational sample. It does not prove the complete associate-class structure of the infinite monoid. Non-singleton class: elements are associates within the sample.
1487,7837/3888,1,7837/3888,1,reciprocal_integer,This is a bounded computational sample. It does not prove the complete associate-class structure of the infinite monoid.
1488,7849/2592,2,7849/2592; 7849/7776,1/3; 3,reciprocal_integer,This is a bounded computational sample. It does not prove the complete associate-class structure of the infinite monoid. Non-singleton class: elements are associates within the sample.
1489,7853/2592,1,7853/2592,1,reciprocal_integer,This is a bounded computational sample. It does not prove the complete associate-class structure of the infinite monoid.
1490,7855/2592,2,7855/2592; 7855/7776,1/3; 3,reciprocal_integer,This is a bounded computational sample. It does not prove the complete associate-class structure of the infinite monoid. Non-singleton class: elements are associates within the sample.
1491,7861/2592,2,7861/2592; 7861/7776,1/3; 3,reciprocal_integer,This is a bounded computational sample. It does not prove the complete associate-class structure of the infinite monoid. Non-singleton class: elements are associates within the sample.
1492,7865/2592,1,7865/2592,1,reciprocal_integer,This is a bounded computational sample. It does not prove the complete associate-class structure of the infinite monoid.
1493,7867/2592,2,7867/2592; 7867/7776,1/3; 3,reciprocal_integer,This is a bounded computational sample. It does not prove the complete associate-class structure of the infinite monoid. Non-singleton class: elements are associates within the sample.
1494,7873/2592,1,7873/2592,1,reciprocal_integer,This is a bounded computational sample. It does not prove the complete associate-class structure of the infinite monoid.
1495,7877/2592,1,7877/2592,1,reciprocal_integer,This is a bounded computational sample. It does not prove the complete associate-class structure of the infinite monoid.
1496,7879/2592,1,7879/2592,1,reciprocal_integer,This is a bounded computational sample. It does not prove the complete associate-class structure of the infinite monoid.
1497,7885/2592,3,7885/2592; 7885/3888; 7885/7776,1/3; 3; 3/2,reciprocal_integer,This is a bounded computational sample. It does not prove the complete associate-class structure of the infinite monoid. Non-singleton class: elements are associates within the sample.
1498,7889/2592,1,7889/2592,1,reciprocal_integer,This is a bounded computational sample. It does not prove the complete associate-class structure of the infinite monoid.
1499,7891/2592,3,7891/2592; 7891/3888; 7891/7776,1/3; 3; 3/2,reciprocal_integer,This is a bounded computational sample. It does not prove the complete associate-class structure of the infinite monoid. Non-singleton class: elements are associates within the sample.
1500,7897/7776,1,7897/7776,1,reciprocal_integer,This is a bounded computational sample. It does not prove the complete associate-class structure of the infinite monoid.
1501,7903/3888,2,7903/3888; 7903/7776,1/2; 2,reciprocal_integer,This is a bounded computational sample. It does not prove the complete associate-class structure of the infinite monoid. Non-singleton class: elements are associates within the sample.
1502,7909/3888,1,7909/3888,1,reciprocal_integer,This is a bounded computational sample. It does not prove the complete associate-class structure of the infinite monoid.
1503,7921/2592,1,7921/2592,1,reciprocal_integer,This is a bounded computational sample. It does not prove the complete associate-class structure of the infinite monoid.
1504,7921/2592,2,7921/2592; 7921/3888,3/2,reciprocal_integer,This is a bounded computational sample. It does not prove the complete associate-class structure of the infinite monoid. Non-singleton class: elements are associates within the sample.
1505,7925/2592,1,7925/2592,1,reciprocal_integer,This is a bounded computational sample. It does not prove the complete associate-class structure of the infinite monoid.
1506,7927/2592,1,7927/2592,1,reciprocal_integer,This is a bounded computational sample. It does not prove the complete associate-class structure of the infinite monoid.
1507,7927/2592,2,7927/2592; 7927/3888,3/2,reciprocal_integer,This is a bounded computational sample. It does not prove the complete associate-class structure of the infinite monoid. Non-singleton class: elements are associates within the sample.
1508,7933/2592,1,7933/2592,1,reciprocal_integer,This is a bounded computational sample. It does not prove the complete associate-class structure of the infinite monoid.
1509,7937/2592,1,7937/2592,1,reciprocal_integer,This is a bounded computational sample. It does not prove the complete associate-class structure of the infinite monoid.
1510,7939/2592,1,7939/2592,1,reciprocal_integer,This is a bounded computational sample. It does not prove the complete associate-class structure of the infinite monoid.
1511,7939/2592,2,7939/2592; 7939/3888,3/2,reciprocal_integer,This is a bounded computational sample. It does not prove the complete associate-class structure of the infinite monoid. Non-singleton class: elements are associates within the sample.
1512,7945/2592,1,7945/2592,1,reciprocal_integer,This is a bounded computational sample. It does not prove the complete associate-class structure of the infinite monoid.
1513,7945/2592,2,7945/2592; 7945/3888,3/2,reciprocal_integer,This is a bounded computational sample. It does not prove the complete associate-class structure of the infinite monoid. Non-singleton class: elements are associates within the sample.
1514,7949/2592,1,7949/2592,1,reciprocal_integer,This is a bounded computational sample. It does not prove the complete associate-class structure of the infinite monoid.
1515,7951/2592,1,7951/2592,1,reciprocal_integer,This is a bounded computational sample. It does not prove the complete associate-class structure of the infinite monoid.
1516,7957/2592,1,7957/2592,1,reciprocal_integer,This is a bounded computational sample. It does not prove the complete associate-class structure of the infinite monoid.
1517,7961/2592,1,7961/2592,1,reciprocal_integer,This is a bounded computational sample. It does not prove the complete associate-class structure of the infinite monoid.
1518,7963/2592,1,7963/2592,1,reciprocal_integer,This is a bounded computational sample. It does not prove the complete associate-class structure of the infinite monoid.
1519,7993/2592,3,7993/2592; 7993/3888; 7993/7776,1/3; 3; 3/2,reciprocal_integer,This is a bounded computational sample. It does not prove the complete associate-class structure of the infinite monoid. Non-singleton class: elements are associates within the sample.
1520,7997/2592,1,7997/2592,1,reciprocal_integer,This is a bounded computational sample. It does not prove the complete associate-class structure of the infinite monoid.
1521,7999/2592,3,7999/2592; 7999/3888; 7999/7776,1/3; 3; 3/2,reciprocal_integer,This is a bounded computational sample. It does not prove the complete associate-class structure of the infinite monoid. Non-singleton class: elements are associates within the sample.
1522,8005/2592,2,8005/2592; 8005/7776,1/3; 3,reciprocal_integer,This is a bounded computational sample. It does not prove the complete associate-class structure of the infinite monoid. Non-singleton class: elements are associates within the sample.
1523,8009/2592,1,8009/2592,1,reciprocal_integer,This is a bounded computational sample. It does not prove the complete associate-class structure of the infinite monoid.
1524,8011/2592,3,8011/2592; 8011/3888; 8011/7776,1/3; 3; 3/2,reciprocal_integer,This is a bounded computational sample. It does not prove the complete associate-class structure of the infinite monoid. Non-singleton class: elements are associates within the sample.
1525,8017/2592,1,8017/2592,1,reciprocal_integer,This is a bounded computational sample. It does not prove the complete associate-class structure of the infinite monoid.
1526,8017/2592,2,8017/2592; 8017/3888,3/2,reciprocal_integer,This is a bounded computational sample. It does not prove the complete associate-class structure of the infinite monoid. Non-singleton class: elements are associates within the sample.
1527,8021/2592,1,8021/2592,1,reciprocal_integer,This is a bounded computational sample. It does not prove the complete associate-class structure of the infinite monoid.
1528,8023/2592,1,8023/2592,1,reciprocal_integer,This is a bounded computational sample. It does not prove the complete associate-class structure of the infinite monoid.
1529,8029/2592,3,8029/2592; 8029/3888; 8029/7776,1/3; 3; 3/2,reciprocal_integer,This is a bounded computational sample. It does not prove the complete associate-class structure of the infinite monoid. Non-singleton class: elements are associates within the sample.
1530,8033/2592,1,8033/2592,1,reciprocal_integer,This is a bounded computational sample. It does not prove the complete associate-class structure of the infinite monoid.
1531,8035/2592,3,8035/2592; 8035/3888; 8035/7776,1/3; 3; 3/2,reciprocal_integer,This is a bounded computational sample. It does not prove the complete associate-class structure of the infinite monoid. Non-singleton class: elements are associates within the sample.
1532,8041/7776,1,8041/7776,1,reciprocal_integer,This is a bounded computational sample. It does not prove the complete associate-class structure of the infinite monoid.
1533,8047/3888,2,8047/3888; 8047/7776,1/2; 2,reciprocal_integer,This is a bounded computational sample. It does not prove the complete associate-class structure of the infinite monoid. Non-singleton class: elements are associates within the sample.
1534,8053/3888,1,8053/3888,1,reciprocal_integer,This is a bounded computational sample. It does not prove the complete associate-class structure of the infinite monoid.
1535,8065/7776,1,8065/7776,1,reciprocal_integer,This is a bounded computational sample. It does not prove the complete associate-class structure of the infinite monoid.
1536,8071/7776,1,8071/7776,1,reciprocal_integer,This is a bounded computational sample. It does not prove the complete associate-class structure of the infinite monoid.
1537,8077/7776,1,8077/7776,1,reciprocal_integer,This is a bounded computational sample. It does not prove the complete associate-class structure of the infinite monoid.
1538,8083/7776,1,8083/7776,1,reciprocal_integer,This is a bounded computational sample. It does not prove the complete associate-class structure of the infinite monoid.
1539,8101/3888,2,8101/3888; 8101/7776,1/2; 2,reciprocal_integer,This is a bounded computational sample. It does not prove the complete associate-class structure of the infinite monoid. Non-singleton class: elements are associates within the sample.
1540,8107/3888,2,8107/3888; 8107/7776,1/2; 2,reciprocal_integer,This is a bounded computational sample. It does not prove the complete associate-class structure of the infinite monoid. Non-singleton class: elements are associates within the sample.
1541,8113/7776,1,8113/7776,1,reciprocal_integer,This is a bounded computational sample. It does not prove the complete associate-class structure of the infinite monoid.
1542,8119/3888,2,8119/3888; 8119/7776,1/2; 2,reciprocal_integer,This is a bounded computational sample. It does not prove the complete associate-class structure of the infinite monoid. Non-singleton class: elements are associates within the sample.
1543,8125/3888,1,8125/3888,1,reciprocal_integer,This is a bounded computational sample. It does not prove the complete associate-class structure of the infinite monoid.
1544,8137/3888,1,8137/3888,1,reciprocal_integer,This is a bounded computational sample. It does not prove the complete associate-class structure of the infinite monoid.
1545,8143/3888,1,8143/3888,1,reciprocal_integer,This is a bounded computational sample. It does not prove the complete associate-class structure of the infinite monoid.
1546,8155/3888,1,8155/3888,1,reciprocal_integer,This is a bounded computational sample. It does not prove the complete associate-class structure of the infinite monoid.
1547,8161/3888,1,8161/3888,1,reciprocal_integer,This is a bounded computational sample. It does not prove the complete associate-class structure of the infinite monoid.
1548,8209/2592,2,8209/2592; 8209/7776,1/3; 3,reciprocal_integer,This is a bounded computational sample. It does not prove the complete associate-class structure of the infinite monoid. Non-singleton class: elements are associates within the sample.
1549,8213/2592,1,8213/2592,1,reciprocal_integer,This is a bounded computational sample. It does not prove the complete associate-class structure of the infinite monoid.
1550,8215/2592,2,8215/2592; 8215/7776,1/3; 3,reciprocal_integer,This is a bounded computational sample. It does not prove the complete associate-class structure of the infinite monoid. Non-singleton class: elements are associates within the sample.
1551,8221/2592,2,8221/2592; 8221/7776,1/3; 3,reciprocal_integer,This is a bounded computational sample. It does not prove the complete associate-class structure of the infinite monoid. Non-singleton class: elements are associates within the sample.
1552,8225/2592,1,8225/2592,1,reciprocal_integer,This is a bounded computational sample. It does not prove the complete associate-class structure of the infinite monoid.
1553,8227/2592,2,8227/2592; 8227/7776,1/3; 3,reciprocal_integer,This is a bounded computational sample. It does not prove the complete associate-class structure of the infinite monoid. Non-singleton class: elements are associates within the sample.
1554,8233/2592,1,8233/2592,1,reciprocal_integer,This is a bounded computational sample. It does not prove the complete associate-class structure of the infinite monoid.
1555,8237/2592,1,8237/2592,1,reciprocal_integer,This is a bounded computational sample. It does not prove the complete associate-class structure of the infinite monoid.
1556,8239/2592,1,8239/2592,1,reciprocal_integer,This is a bounded computational sample. It does not prove the complete associate-class structure of the infinite monoid.
1557,8245/2592,2,8245/2592; 8245/7776,1/3; 3,reciprocal_integer,This is a bounded computational sample. It does not prove the complete associate-class structure of the infinite monoid. Non-singleton class: elements are associates within the sample.
1558,8249/2592,1,8249/2592,1,reciprocal_integer,This is a bounded computational sample. It does not prove the complete associate-class structure of the infinite monoid.
1559,8251/2592,2,8251/2592; 8251/7776,1/3; 3,reciprocal_integer,This is a bounded computational sample. It does not prove the complete associate-class structure of the infinite monoid. Non-singleton class: elements are associates within the sample.
1560,8257/7776,1,8257/7776,1,reciprocal_integer,This is a bounded computational sample. It does not prove the complete associate-class structure of the infinite monoid.
1561,8263/7776,1,8263/7776,1,reciprocal_integer,This is a bounded computational sample. It does not prove the complete associate-class structure of the infinite monoid.
1562,8281/2592,2,8281/2592; 8281/7776,1/3; 3,reciprocal_integer,This is a bounded computational sample. It does not prove the complete associate-class structure of the infinite monoid. Non-singleton class: elements are associates within the sample.
1563,8285/2592,1,8285/2592,1,reciprocal_integer,This is a bounded computational sample. It does not prove the complete associate-class structure of the infinite monoid.
1564,8287/2592,2,8287/2592; 8287/7776,1/3; 3,reciprocal_integer,This is a bounded computational sample. It does not prove the complete associate-class structure of the infinite monoid. Non-singleton class: elements are associates within the sample.
1565,8293/2592,2,8293/2592; 8293/7776,1/3; 3,reciprocal_integer,This is a bounded computational sample. It does not prove the complete associate-class structure of the infinite monoid. Non-singleton class: elements are associates within the sample.
1566,8297/2592,1,8297/2592,1,reciprocal_integer,This is a bounded computational sample. It does not prove the complete associate-class structure of the infinite monoid.
1567,8299/2592,2,8299/2592; 8299/7776,1/3; 3,reciprocal_integer,This is a bounded computational sample. It does not prove the complete associate-class structure of the infinite monoid. Non-singleton class: elements are associates within the sample.
1568,8305/2592,1,8305/2592,1,reciprocal_integer,This is a bounded computational sample. It does not prove the complete associate-class structure of the infinite monoid.
1569,8309/2592,1,8309/2592,1,reciprocal_integer,This is a bounded computational sample. It does not prove the complete associate-class structure of the infinite monoid.
1570,8311/2592,1,8311/2592,1,reciprocal_integer,This is a bounded computational sample. It does not prove the complete associate-class structure of the infinite monoid.
1571,8317/2592,2,8317/2592; 8317/7776,1/3; 3,reciprocal_integer,This is a bounded computational sample. It does not prove the complete associate-class structure of the infinite monoid. Non-singleton class: elements are associates within the sample.
1572,8321/2592,1,8321/2592,1,reciprocal_integer,This is a bounded computational sample. It does not prove the complete associate-class structure of the infinite monoid.
1573,8323/2592,2,8323/2592; 8323/7776,1/3; 3,reciprocal_integer,This is a bounded computational sample. It does not prove the complete associate-class structure of the infinite monoid. Non-singleton class: elements are associates within the sample.
1574,8329/7776,1,8329/7776,1,reciprocal_integer,This is a bounded computational sample. It does not prove the complete associate-class structure of the infinite monoid.
1575,8335/7776,1,8335/7776,1,reciprocal_integer,This is a bounded computational sample. It does not prove the complete associate-class structure of the infinite monoid.
1576,8353/2592,1,8353/2592,1,reciprocal_integer,This is a bounded computational sample. It does not prove the complete associate-class structure of the infinite monoid.
1577,8357/2592,1,8357/2592,1,reciprocal_integer,This is a bounded computational sample. It does not prove the complete associate-class structure of the infinite monoid.
1578,8359/2592,1,8359/2592,1,reciprocal_integer,This is a bounded computational sample. It does not prove the complete associate-class structure of the infinite monoid.
1579,8365/2592,1,8365/2592,1,reciprocal_integer,This is a bounded computational sample. It does not prove the complete associate-class structure of the infinite monoid.
1580,8369/2592,1,8369/2592,1,reciprocal_integer,This is a bounded computational sample. It does not prove the complete associate-class structure of the infinite monoid.
1581,8371/2592,1,8371/2592,1,reciprocal_integer,This is a bounded computational sample. It does not prove the complete associate-class structure of the infinite monoid.
1582,8377/2592,1,8377/2592,1,reciprocal_integer,This is a bounded computational sample. It does not prove the complete associate-class structure of the infinite monoid.
1583,8381/2592,1,8381/2592,1,reciprocal_integer,This is a bounded computational sample. It does not prove the complete associate-class structure of the infinite monoid.
1584,8383/2592,1,8383/2592,1,reciprocal_integer,This is a bounded computational sample. It does not prove the complete associate-class structure of the infinite monoid.
1585,8389/2592,1,8389/2592,1,reciprocal_integer,This is a bounded computational sample. It does not prove the complete associate-class structure of the infinite monoid.
1586,8393/2592,1,8393/2592,1,reciprocal_integer,This is a bounded computational sample. It does not prove the complete associate-class structure of the infinite monoid.
1587,8395/2592,1,8395/2592,1,reciprocal_integer,This is a bounded computational sample. It does not prove the complete associate-class structure of the infinite monoid.
1588,8425/2592,3,8425/2592; 8425/3888; 8425/7776,1/3; 3; 3/2,reciprocal_integer,This is a bounded computational sample. It does not prove the complete associate-class structure of the infinite monoid. Non-singleton class: elements are associates within the sample.
1589,8429/2592,1,8429/2592,1,reciprocal_integer,This is a bounded computational sample. It does not prove the complete associate-class structure of the infinite monoid.
1590,8431/2592,3,8431/2592; 8431/3888; 8431/7776,1/3; 3; 3/2,reciprocal_integer,This is a bounded computational sample. It does not prove the complete associate-class structure of the infinite monoid. Non-singleton class: elements are associates within the sample.
1591,8437/2592,2,8437/2592; 8437/7776,1/3; 3,reciprocal_integer,This is a bounded computational sample. It does not prove the complete associate-class structure of the infinite monoid. Non-singleton class: elements are associates within the sample.
1592,8441/2592,1,8441/2592,1,reciprocal_integer,This is a bounded computational sample. It does not prove the complete associate-class structure of the infinite monoid.
1593,8443/2592,3,8443/2592; 8443/3888; 8443/7776,1/3; 3; 3/2,reciprocal_integer,This is a bounded computational sample. It does not prove the complete associate-class structure of the infinite monoid. Non-singleton class: elements are associates within the sample.
1594,8449/2592,1,8449/2592,1,reciprocal_integer,This is a bounded computational sample. It does not prove the complete associate-class structure of the infinite monoid.
1595,8449/2592,2,8449/2592; 8449/3888,3/2,reciprocal_integer,This is a bounded computational sample. It does not prove the complete associate-class structure of the infinite monoid. Non-singleton class: elements are associates within the sample.
1596,8453/2592,1,8453/2592,1,reciprocal_integer,This is a bounded computational sample. It does not prove the complete associate-class structure of the infinite monoid.
1597,8455/2592,1,8455/2592,1,reciprocal_integer,This is a bounded computational sample. It does not prove the complete associate-class structure of the infinite monoid.
1598,8461/2592,3,8461/2592; 8461/3888; 8461/7776,1/3; 3; 3/2,reciprocal_integer,This is a bounded computational sample. It does not prove the complete associate-class structure of the infinite monoid. Non-singleton class: elements are associates within the sample.
1599,8465/2592,1,8465/2592,1,reciprocal_integer,This is a bounded computational sample. It does not prove the complete associate-class structure of the infinite monoid.
1600,8467/2592,3,8467/2592; 8467/3888; 8467/7776,1/3; 3; 3/2,reciprocal_integer,This is a bounded computational sample. It does not prove the complete associate-class structure of the infinite monoid. Non-singleton class: elements are associates within the sample.
1601,8473/7776,1,8473/7776,1,reciprocal_integer,This is a bounded computational sample. It does not prove the complete associate-class structure of the infinite monoid.
1602,8479/3888,2,8479/3888; 8479/7776,1/2; 2,reciprocal_integer,This is a bounded computational sample. It does not prove the complete associate-class structure of the infinite monoid. Non-singleton class: elements are associates within the sample.
1603,8485/3888,1,8485/3888,1,reciprocal_integer,This is a bounded computational sample. It does not prove the complete associate-class structure of the infinite monoid.
1604,8497/7776,1,8497/7776,1,reciprocal_integer,This is a bounded computational sample. It does not prove the complete associate-class structure of the infinite monoid.
1605,8503/7776,1,8503/7776,1,reciprocal_integer,This is a bounded computational sample. It does not prove the complete associate-class structure of the infinite monoid.
1606,8509/7776,1,8509/7776,1,reciprocal_integer,This is a bounded computational sample. It does not prove the complete associate-class structure of the infinite monoid.
1607,8515/7776,1,8515/7776,1,reciprocal_integer,This is a bounded computational sample. It does not prove the complete associate-class structure of the infinite monoid.
1608,8533/3888,2,8533/3888; 8533/7776,1/2; 2,reciprocal_integer,This is a bounded computational sample. It does not prove the complete associate-class structure of the infinite monoid. Non-singleton class: elements are associates within the sample.
1609,8539/3888,2,8539/3888; 8539/7776,1/2; 2,reciprocal_integer,This is a bounded computational sample. It does not prove the complete associate-class structure of the infinite monoid. Non-singleton class: elements are associates within the sample.
1610,8545/7776,1,8545/7776,1,reciprocal_integer,This is a bounded computational sample. It does not prove the complete associate-class structure of the infinite monoid.
1611,8551/3888,2,8551/3888; 8551/7776,1/2; 2,reciprocal_integer,This is a bounded computational sample. It does not prove the complete associate-class structure of the infinite monoid. Non-singleton class: elements are associates within the sample.
1612,8557/3888,1,8557/3888,1,reciprocal_integer,This is a bounded computational sample. It does not prove the complete associate-class structure of the infinite monoid.
1613,8569/3888,1,8569/3888,1,reciprocal_integer,This is a bounded computational sample. It does not prove the complete associate-class structure of the infinite monoid.
1614,8575/3888,1,8575/3888,1,reciprocal_integer,This is a bounded computational sample. It does not prove the complete associate-class structure of the infinite monoid.
1615,8587/3888,1,8587/3888,1,reciprocal_integer,This is a bounded computational sample. It does not prove the complete associate-class structure of the infinite monoid.
1616,8593/3888,1,8593/3888,1,reciprocal_integer,This is a bounded computational sample. It does not prove the complete associate-class structure of the infinite monoid.
1617,8641/2592,1,8641/2592,1,reciprocal_integer,This is a bounded computational sample. It does not prove the complete associate-class structure of the infinite monoid.
1618,8641/2592,2,8641/2592; 8641/3888,3/2,reciprocal_integer,This is a bounded computational sample. It does not prove the complete associate-class structure of the infinite monoid. Non-singleton class: elements are associates within the sample.
1619,8645/2592,1,8645/2592,1,reciprocal_integer,This is a bounded computational sample. It does not prove the complete associate-class structure of the infinite monoid.
1620,8647/2592,1,8647/2592,1,reciprocal_integer,This is a bounded computational sample. It does not prove the complete associate-class structure of the infinite monoid.
1621,8647/2592,2,8647/2592; 8647/3888,3/2,reciprocal_integer,This is a bounded computational sample. It does not prove the complete associate-class structure of the infinite monoid. Non-singleton class: elements are associates within the sample.
1622,8653/2592,1,8653/2592,1,reciprocal_integer,This is a bounded computational sample. It does not prove the complete associate-class structure of the infinite monoid.
1623,8657/2592,1,8657/2592,1,reciprocal_integer,This is a bounded computational sample. It does not prove the complete associate-class structure of the infinite monoid.
1624,8659/2592,1,8659/2592,1,reciprocal_integer,This is a bounded computational sample. It does not prove the complete associate-class structure of the infinite monoid.
1625,8659/2592,2,8659/2592; 8659/3888,3/2,reciprocal_integer,This is a bounded computational sample. It does not prove the complete associate-class structure of the infinite monoid. Non-singleton class: elements are associates within the sample.
1626,8665/2592,1,8665/2592,1,reciprocal_integer,This is a bounded computational sample. It does not prove the complete associate-class structure of the infinite monoid.
1627,8665/2592,2,8665/2592; 8665/3888,3/2,reciprocal_integer,This is a bounded computational sample. It does not prove the complete associate-class structure of the infinite monoid. Non-singleton class: elements are associates within the sample.
1628,8669/2592,1,8669/2592,1,reciprocal_integer,This is a bounded computational sample. It does not prove the complete associate-class structure of the infinite monoid.
1629,8671/2592,1,8671/2592,1,reciprocal_integer,This is a bounded computational sample. It does not prove the complete associate-class structure of the infinite monoid.
1630,8677/2592,1,8677/2592,1,reciprocal_integer,This is a bounded computational sample. It does not prove the complete associate-class structure of the infinite monoid.
1631,8677/2592,2,8677/2592; 8677/3888,3/2,reciprocal_integer,This is a bounded computational sample. It does not prove the complete associate-class structure of the infinite monoid. Non-singleton class: elements are associates within the sample.
1632,8681/2592,1,8681/2592,1,reciprocal_integer,This is a bounded computational sample. It does not prove the complete associate-class structure of the infinite monoid.
1633,8683/2592,1,8683/2592,1,reciprocal_integer,This is a bounded computational sample. It does not prove the complete associate-class structure of the infinite monoid.
1634,8683/2592,2,8683/2592; 8683/3888,3/2,reciprocal_integer,This is a bounded computational sample. It does not prove the complete associate-class structure of the infinite monoid. Non-singleton class: elements are associates within the sample.
1635,8695/3888,1,8695/3888,1,reciprocal_integer,This is a bounded computational sample. It does not prove the complete associate-class structure of the infinite monoid.
1636,8701/3888,1,8701/3888,1,reciprocal_integer,This is a bounded computational sample. It does not prove the complete associate-class structure of the infinite monoid.
1637,8713/2592,1,8713/2592,1,reciprocal_integer,This is a bounded computational sample. It does not prove the complete associate-class structure of the infinite monoid.
1638,8717/2592,1,8717/2592,1,reciprocal_integer,This is a bounded computational sample. It does not prove the complete associate-class structure of the infinite monoid.
1639,8719/2592,1,8719/2592,1,reciprocal_integer,This is a bounded computational sample. It does not prove the complete associate-class structure of the infinite monoid.
1640,8725/2592,1,8725/2592,1,reciprocal_integer,This is a bounded computational sample. It does not prove the complete associate-class structure of the infinite monoid.
1641,8729/2592,1,8729/2592,1,reciprocal_integer,This is a bounded computational sample. It does not prove the complete associate-class structure of the infinite monoid.
1642,8731/2592,1,8731/2592,1,reciprocal_integer,This is a bounded computational sample. It does not prove the complete associate-class structure of the infinite monoid.
1643,8737/2592,1,8737/2592,1,reciprocal_integer,This is a bounded computational sample. It does not prove the complete associate-class structure of the infinite monoid.
1644,8741/2592,1,8741/2592,1,reciprocal_integer,This is a bounded computational sample. It does not prove the complete associate-class structure of the infinite monoid.
1645,8743/2592,1,8743/2592,1,reciprocal_integer,This is a bounded computational sample. It does not prove the complete associate-class structure of the infinite monoid.
1646,8749/2592,1,8749/2592,1,reciprocal_integer,This is a bounded computational sample. It does not prove the complete associate-class structure of the infinite monoid.
1647,8749/2592,2,8749/2592; 8749/3888,3/2,reciprocal_integer,This is a bounded computational sample. It does not prove the complete associate-class structure of the infinite monoid. Non-singleton class: elements are associates within the sample.
1648,8753/2592,1,8753/2592,1,reciprocal_integer,This is a bounded computational sample. It does not prove the complete associate-class structure of the infinite monoid.
1649,8755/2592,1,8755/2592,1,reciprocal_integer,This is a bounded computational sample. It does not prove the complete associate-class structure of the infinite monoid.
1650,8755/2592,2,8755/2592; 8755/3888,3/2,reciprocal_integer,This is a bounded computational sample. It does not prove the complete associate-class structure of the infinite monoid. Non-singleton class: elements are associates within the sample.
1651,8767/3888,1,8767/3888,1,reciprocal_integer,This is a bounded computational sample. It does not prove the complete associate-class structure of the infinite monoid.
1652,8773/3888,1,8773/3888,1,reciprocal_integer,This is a bounded computational sample. It does not prove the complete associate-class structure of the infinite monoid.
1653,8785/2592,1,8785/2592,1,reciprocal_integer,This is a bounded computational sample. It does not prove the complete associate-class structure of the infinite monoid.
1654,8785/2592,2,8785/2592; 8785/3888,3/2,reciprocal_integer,This is a bounded computational sample. It does not prove the complete associate-class structure of the infinite monoid. Non-singleton class: elements are associates within the sample.
1655,8789/2592,1,8789/2592,1,reciprocal_integer,This is a bounded computational sample. It does not prove the complete associate-class structure of the infinite monoid.
1656,8791/2592,1,8791/2592,1,reciprocal_integer,This is a bounded computational sample. It does not prove the complete associate-class structure of the infinite monoid.
1657,8791/2592,2,8791/2592; 8791/3888,3/2,reciprocal_integer,This is a bounded computational sample. It does not prove the complete associate-class structure of the infinite monoid. Non-singleton class: elements are associates within the sample.
1658,8797/2592,1,8797/2592,1,reciprocal_integer,This is a bounded computational sample. It does not prove the complete associate-class structure of the infinite monoid.
1659,8801/2592,1,8801/2592,1,reciprocal_integer,This is a bounded computational sample. It does not prove the complete associate-class structure of the infinite monoid.
1660,8803/2592,1,8803/2592,1,reciprocal_integer,This is a bounded computational sample. It does not prove the complete associate-class structure of the infinite monoid.
1661,8803/2592,2,8803/2592; 8803/3888,3/2,reciprocal_integer,This is a bounded computational sample. It does not prove the complete associate-class structure of the infinite monoid. Non-singleton class: elements are associates within the sample.
1662,8809/2592,1,8809/2592,1,reciprocal_integer,This is a bounded computational sample. It does not prove the complete associate-class structure of the infinite monoid.
1663,8809/2592,2,8809/2592; 8809/3888,3/2,reciprocal_integer,This is a bounded computational sample. It does not prove the complete associate-class structure of the infinite monoid. Non-singleton class: elements are associates within the sample.
1664,8813/2592,1,8813/2592,1,reciprocal_integer,This is a bounded computational sample. It does not prove the complete associate-class structure of the infinite monoid.
1665,8815/2592,1,8815/2592,1,reciprocal_integer,This is a bounded computational sample. It does not prove the complete associate-class structure of the infinite monoid.
1666,8821/2592,1,8821/2592,1,reciprocal_integer,This is a bounded computational sample. It does not prove the complete associate-class structure of the infinite monoid.
1667,8825/2592,1,8825/2592,1,reciprocal_integer,This is a bounded computational sample. It does not prove the complete associate-class structure of the infinite monoid.
1668,8827/2592,1,8827/2592,1,reciprocal_integer,This is a bounded computational sample. It does not prove the complete associate-class structure of the infinite monoid.
1669,8857/2592,1,8857/2592,1,reciprocal_integer,This is a bounded computational sample. It does not prove the complete associate-class structure of the infinite monoid.
1670,8861/2592,1,8861/2592,1,reciprocal_integer,This is a bounded computational sample. It does not prove the complete associate-class structure of the infinite monoid.
1671,8863/2592,1,8863/2592,1,reciprocal_integer,This is a bounded computational sample. It does not prove the complete associate-class structure of the infinite monoid.
1672,8869/2592,1,8869/2592,1,reciprocal_integer,This is a bounded computational sample. It does not prove the complete associate-class structure of the infinite monoid.
1673,8873/2592,1,8873/2592,1,reciprocal_integer,This is a bounded computational sample. It does not prove the complete associate-class structure of the infinite monoid.
1674,8875/2592,1,8875/2592,1,reciprocal_integer,This is a bounded computational sample. It does not prove the complete associate-class structure of the infinite monoid.
1675,8881/2592,1,8881/2592,1,reciprocal_integer,This is a bounded computational sample. It does not prove the complete associate-class structure of the infinite monoid.
1676,8885/2592,1,8885/2592,1,reciprocal_integer,This is a bounded computational sample. It does not prove the complete associate-class structure of the infinite monoid.
1677,8887/2592,1,8887/2592,1,reciprocal_integer,This is a bounded computational sample. It does not prove the complete associate-class structure of the infinite monoid.
1678,8893/2592,1,8893/2592,1,reciprocal_integer,This is a bounded computational sample. It does not prove the complete associate-class structure of the infinite monoid.
1679,8897/2592,1,8897/2592,1,reciprocal_integer,This is a bounded computational sample. It does not prove the complete associate-class structure of the infinite monoid.
1680,8899/2592,1,8899/2592,1,reciprocal_integer,This is a bounded computational sample. It does not prove the complete associate-class structure of the infinite monoid.
1681,9073/2592,3,9073/2592; 9073/3888; 9073/7776,1/3; 3; 3/2,reciprocal_integer,This is a bounded computational sample. It does not prove the complete associate-class structure of the infinite monoid. Non-singleton class: elements are associates within the sample.
1682,9077/2592,1,9077/2592,1,reciprocal_integer,This is a bounded computational sample. It does not prove the complete associate-class structure of the infinite monoid.
1683,9079/2592,3,9079/2592; 9079/3888; 9079/7776,1/3; 3; 3/2,reciprocal_integer,This is a bounded computational sample. It does not prove the complete associate-class structure of the infinite monoid. Non-singleton class: elements are associates within the sample.
1684,9085/2592,2,9085/2592; 9085/7776,1/3; 3,reciprocal_integer,This is a bounded computational sample. It does not prove the complete associate-class structure of the infinite monoid. Non-singleton class: elements are associates within the sample.
1685,9089/2592,1,9089/2592,1,reciprocal_integer,This is a bounded computational sample. It does not prove the complete associate-class structure of the infinite monoid.
1686,9091/2592,3,9091/2592; 9091/3888; 9091/7776,1/3; 3; 3/2,reciprocal_integer,This is a bounded computational sample. It does not prove the complete associate-class structure of the infinite monoid. Non-singleton class: elements are associates within the sample.
1687,9097/2592,1,9097/2592,1,reciprocal_integer,This is a bounded computational sample. It does not prove the complete associate-class structure of the infinite monoid.
1688,9097/2592,2,9097/2592; 9097/3888,3/2,reciprocal_integer,This is a bounded computational sample. It does not prove the complete associate-class structure of the infinite monoid. Non-singleton class: elements are associates within the sample.
1689,9101/2592,1,9101/2592,1,reciprocal_integer,This is a bounded computational sample. It does not prove the complete associate-class structure of the infinite monoid.
1690,9103/2592,1,9103/2592,1,reciprocal_integer,This is a bounded computational sample. It does not prove the complete associate-class structure of the infinite monoid.
1691,9109/2592,3,9109/2592; 9109/3888; 9109/7776,1/3; 3; 3/2,reciprocal_integer,This is a bounded computational sample. It does not prove the complete associate-class structure of the infinite monoid. Non-singleton class: elements are associates within the sample.
1692,9113/2592,1,9113/2592,1,reciprocal_integer,This is a bounded computational sample. It does not prove the complete associate-class structure of the infinite monoid.
1693,9115/2592,3,9115/2592; 9115/3888; 9115/7776,1/3; 3; 3/2,reciprocal_integer,This is a bounded computational sample. It does not prove the complete associate-class structure of the infinite monoid. Non-singleton class: elements are associates within the sample.
1694,9121/7776,1,9121/7776,1,reciprocal_integer,This is a bounded computational sample. It does not prove the complete associate-class structure of the infinite monoid.
1695,9127/3888,2,9127/3888; 9127/7776,1/2; 2,reciprocal_integer,This is a bounded computational sample. It does not prove the complete associate-class structure of the infinite monoid. Non-singleton class: elements are associates within the sample.
1696,9133/3888,1,9133/3888,1,reciprocal_integer,This is a bounded computational sample. It does not prove the complete associate-class structure of the infinite monoid.
1697,9145/2592,2,9145/2592; 9145/7776,1/3; 3,reciprocal_integer,This is a bounded computational sample. It does not prove the complete associate-class structure of the infinite monoid. Non-singleton class: elements are associates within the sample.
1698,9149/2592,1,9149/2592,1,reciprocal_integer,This is a bounded computational sample. It does not prove the complete associate-class structure of the infinite monoid.
1699,9151/2592,2,9151/2592; 9151/7776,1/3; 3,reciprocal_integer,This is a bounded computational sample. It does not prove the complete associate-class structure of the infinite monoid. Non-singleton class: elements are associates within the sample.
1700,9157/2592,2,9157/2592; 9157/7776,1/3; 3,reciprocal_integer,This is a bounded computational sample. It does not prove the complete associate-class structure of the infinite monoid. Non-singleton class: elements are associates within the sample.
1701,9161/2592,1,9161/2592,1,reciprocal_integer,This is a bounded computational sample. It does not prove the complete associate-class structure of the infinite monoid.
1702,9163/2592,2,9163/2592; 9163/7776,1/3; 3,reciprocal_integer,This is a bounded computational sample. It does not prove the complete associate-class structure of the infinite monoid. Non-singleton class: elements are associates within the sample.
1703,9169/2592,1,9169/2592,1,reciprocal_integer,This is a bounded computational sample. It does not prove the complete associate-class structure of the infinite monoid.
1704,9173/2592,1,9173/2592,1,reciprocal_integer,This is a bounded computational sample. It does not prove the complete associate-class structure of the infinite monoid.
1705,9175/2592,1,9175/2592,1,reciprocal_integer,This is a bounded computational sample. It does not prove the complete associate-class structure of the infinite monoid.
1706,9181/2592,3,9181/2592; 9181/3888; 9181/7776,1/3; 3; 3/2,reciprocal_integer,This is a bounded computational sample. It does not prove the complete associate-class structure of the infinite monoid. Non-singleton class: elements are associates within the sample.
1707,9185/2592,1,9185/2592,1,reciprocal_integer,This is a bounded computational sample. It does not prove the complete associate-class structure of the infinite monoid.
1708,9187/2592,3,9187/2592; 9187/3888; 9187/7776,1/3; 3; 3/2,reciprocal_integer,This is a bounded computational sample. It does not prove the complete associate-class structure of the infinite monoid. Non-singleton class: elements are associates within the sample.
1709,9193/7776,1,9193/7776,1,reciprocal_integer,This is a bounded computational sample. It does not prove the complete associate-class structure of the infinite monoid.
1710,9199/3888,2,9199/3888; 9199/7776,1/2; 2,reciprocal_integer,This is a bounded computational sample. It does not prove the complete associate-class structure of the infinite monoid. Non-singleton class: elements are associates within the sample.
1711,9205/3888,1,9205/3888,1,reciprocal_integer,This is a bounded computational sample. It does not prove the complete associate-class structure of the infinite monoid.
1712,9217/2592,1,9217/2592,1,reciprocal_integer,This is a bounded computational sample. It does not prove the complete associate-class structure of the infinite monoid.
1713,9217/2592,2,9217/2592; 9217/3888,3/2,reciprocal_integer,This is a bounded computational sample. It does not prove the complete associate-class structure of the infinite monoid. Non-singleton class: elements are associates within the sample.
1714,9221/2592,1,9221/2592,1,reciprocal_integer,This is a bounded computational sample. It does not prove the complete associate-class structure of the infinite monoid.
1715,9223/2592,1,9223/2592,1,reciprocal_integer,This is a bounded computational sample. It does not prove the complete associate-class structure of the infinite monoid.
1716,9223/2592,2,9223/2592; 9223/3888,3/2,reciprocal_integer,This is a bounded computational sample. It does not prove the complete associate-class structure of the infinite monoid. Non-singleton class: elements are associates within the sample.
1717,9229/2592,1,9229/2592,1,reciprocal_integer,This is a bounded computational sample. It does not prove the complete associate-class structure of the infinite monoid.
1718,9233/2592,1,9233/2592,1,reciprocal_integer,This is a bounded computational sample. It does not prove the complete associate-class structure of the infinite monoid.
1719,9235/2592,1,9235/2592,1,reciprocal_integer,This is a bounded computational sample. It does not prove the complete associate-class structure of the infinite monoid.
1720,9235/2592,2,9235/2592; 9235/3888,3/2,reciprocal_integer,This is a bounded computational sample. It does not prove the complete associate-class structure of the infinite monoid. Non-singleton class: elements are associates within the sample.
1721,9241/2592,1,9241/2592,1,reciprocal_integer,This is a bounded computational sample. It does not prove the complete associate-class structure of the infinite monoid.
1722,9241/2592,2,9241/2592; 9241/3888,3/2,reciprocal_integer,This is a bounded computational sample. It does not prove the complete associate-class structure of the infinite monoid. Non-singleton class: elements are associates within the sample.
1723,9245/2592,1,9245/2592,1,reciprocal_integer,This is a bounded computational sample. It does not prove the complete associate-class structure of the infinite monoid.
1724,9247/2592,1,9247/2592,1,reciprocal_integer,This is a bounded computational sample. It does not prove the complete associate-class structure of the infinite monoid.
1725,9253/2592,1,9253/2592,1,reciprocal_integer,This is a bounded computational sample. It does not prove the complete associate-class structure of the infinite monoid.
1726,9257/2592,1,9257/2592,1,reciprocal_integer,This is a bounded computational sample. It does not prove the complete associate-class structure of the infinite monoid.
1727,9259/2592,1,9259/2592,1,reciprocal_integer,This is a bounded computational sample. It does not prove the complete associate-class structure of the infinite monoid.
1728,9289/2592,3,9289/2592; 9289/3888; 9289/7776,1/3; 3; 3/2,reciprocal_integer,This is a bounded computational sample. It does not prove the complete associate-class structure of the infinite monoid. Non-singleton class: elements are associates within the sample.
1729,9293/2592,1,9293/2592,1,reciprocal_integer,This is a bounded computational sample. It does not prove the complete associate-class structure of the infinite monoid.
1730,9295/2592,3,9295/2592; 9295/3888; 9295/7776,1/3; 3; 3/2,reciprocal_integer,This is a bounded computational sample. It does not prove the complete associate-class structure of the infinite monoid. Non-singleton class: elements are associates within the sample.
1731,9301/2592,2,9301/2592; 9301/7776,1/3; 3,reciprocal_integer,This is a bounded computational sample. It does not prove the complete associate-class structure of the infinite monoid. Non-singleton class: elements are associates within the sample.
1732,9305/2592,1,9305/2592,1,reciprocal_integer,This is a bounded computational sample. It does not prove the complete associate-class structure of the infinite monoid.
1733,9307/2592,3,9307/2592; 9307/3888; 9307/7776,1/3; 3; 3/2,reciprocal_integer,This is a bounded computational sample. It does not prove the complete associate-class structure of the infinite monoid. Non-singleton class: elements are associates within the sample.
1734,9313/2592,1,9313/2592,1,reciprocal_integer,This is a bounded computational sample. It does not prove the complete associate-class structure of the infinite monoid.
1735,9313/2592,2,9313/2592; 9313/3888,3/2,reciprocal_integer,This is a bounded computational sample. It does not prove the complete associate-class structure of the infinite monoid. Non-singleton class: elements are associates within the sample.
1736,9317/2592,1,9317/2592,1,reciprocal_integer,This is a bounded computational sample. It does not prove the complete associate-class structure of the infinite monoid.
1737,9319/2592,1,9319/2592,1,reciprocal_integer,This is a bounded computational sample. It does not prove the complete associate-class structure of the infinite monoid.
1738,9325/2592,3,9325/2592; 9325/3888; 9325/7776,1/3; 3; 3/2,reciprocal_integer,This is a bounded computational sample. It does not prove the complete associate-class structure of the infinite monoid. Non-singleton class: elements are associates within the sample.
1739,9329/2592,1,9329/2592,1,reciprocal_integer,This is a bounded computational sample. It does not prove the complete associate-class structure of the infinite monoid.
1740,9331/2592,3,9331/2592; 9331/3888; 9331/7776,1/3; 3; 3/2,reciprocal_integer,This is a bounded computational sample. It does not prove the complete associate-class structure of the infinite monoid. Non-singleton class: elements are associates within the sample.
1741,9337/7776,1,9337/7776,1,reciprocal_integer,This is a bounded computational sample. It does not prove the complete associate-class structure of the infinite monoid.
1742,9343/3888,2,9343/3888; 9343/7776,1/2; 2,reciprocal_integer,This is a bounded computational sample. It does not prove the complete associate-class structure of the infinite monoid. Non-singleton class: elements are associates within the sample.
1743,9349/3888,1,9349/3888,1,reciprocal_integer,This is a bounded computational sample. It does not prove the complete associate-class structure of the infinite monoid.
1744,9361/7776,1,9361/7776,1,reciprocal_integer,This is a bounded computational sample. It does not prove the complete associate-class structure of the infinite monoid.
1745,9367/7776,1,9367/7776,1,reciprocal_integer,This is a bounded computational sample. It does not prove the complete associate-class structure of the infinite monoid.
1746,9373/7776,1,9373/7776,1,reciprocal_integer,This is a bounded computational sample. It does not prove the complete associate-class structure of the infinite monoid.
1747,9379/7776,1,9379/7776,1,reciprocal_integer,This is a bounded computational sample. It does not prove the complete associate-class structure of the infinite monoid.
1748,9397/3888,2,9397/3888; 9397/7776,1/2; 2,reciprocal_integer,This is a bounded computational sample. It does not prove the complete associate-class structure of the infinite monoid. Non-singleton class: elements are associates within the sample.
1749,9403/3888,2,9403/3888; 9403/7776,1/2; 2,reciprocal_integer,This is a bounded computational sample. It does not prove the complete associate-class structure of the infinite monoid. Non-singleton class: elements are associates within the sample.
1750,9409/7776,1,9409/7776,1,reciprocal_integer,This is a bounded computational sample. It does not prove the complete associate-class structure of the infinite monoid.
1751,9415/3888,2,9415/3888; 9415/7776,1/2; 2,reciprocal_integer,This is a bounded computational sample. It does not prove the complete associate-class structure of the infinite monoid. Non-singleton class: elements are associates within the sample.
1752,9421/3888,1,9421/3888,1,reciprocal_integer,This is a bounded computational sample. It does not prove the complete associate-class structure of the infinite monoid.
1753,9433/3888,1,9433/3888,1,reciprocal_integer,This is a bounded computational sample. It does not prove the complete associate-class structure of the infinite monoid.
1754,9439/3888,1,9439/3888,1,reciprocal_integer,This is a bounded computational sample. It does not prove the complete associate-class structure of the infinite monoid.
1755,9451/3888,1,9451/3888,1,reciprocal_integer,This is a bounded computational sample. It does not prove the complete associate-class structure of the infinite monoid.
1756,9457/3888,1,9457/3888,1,reciprocal_integer,This is a bounded computational sample. It does not prove the complete associate-class structure of the infinite monoid.
1757,9505/7776,1,9505/7776,1,reciprocal_integer,This is a bounded computational sample. It does not prove the complete associate-class structure of the infinite monoid.
1758,9511/7776,1,9511/7776,1,reciprocal_integer,This is a bounded computational sample. It does not prove the complete associate-class structure of the infinite monoid.
1759,9517/7776,1,9517/7776,1,reciprocal_integer,This is a bounded computational sample. It does not prove the complete associate-class structure of the infinite monoid.
1760,9523/7776,1,9523/7776,1,reciprocal_integer,This is a bounded computational sample. It does not prove the complete associate-class structure of the infinite monoid.
1761,9541/7776,1,9541/7776,1,reciprocal_integer,This is a bounded computational sample. It does not prove the complete associate-class structure of the infinite monoid.
1762,9547/7776,1,9547/7776,1,reciprocal_integer,This is a bounded computational sample. It does not prove the complete associate-class structure of the infinite monoid.
1763,9553/7776,1,9553/7776,1,reciprocal_integer,This is a bounded computational sample. It does not prove the complete associate-class structure of the infinite monoid.
1764,9559/7776,1,9559/7776,1,reciprocal_integer,This is a bounded computational sample. It does not prove the complete associate-class structure of the infinite monoid.
1765,9577/7776,1,9577/7776,1,reciprocal_integer,This is a bounded computational sample. It does not prove the complete associate-class structure of the infinite monoid.
1766,9583/7776,1,9583/7776,1,reciprocal_integer,This is a bounded computational sample. It does not prove the complete associate-class structure of the infinite monoid.
1767,9589/7776,1,9589/7776,1,reciprocal_integer,This is a bounded computational sample. It does not prove the complete associate-class structure of the infinite monoid.
1768,9595/7776,1,9595/7776,1,reciprocal_integer,This is a bounded computational sample. It does not prove the complete associate-class structure of the infinite monoid.
1769,9613/7776,1,9613/7776,1,reciprocal_integer,This is a bounded computational sample. It does not prove the complete associate-class structure of the infinite monoid.
1770,9619/7776,1,9619/7776,1,reciprocal_integer,This is a bounded computational sample. It does not prove the complete associate-class structure of the infinite monoid.
1771,9625/7776,1,9625/7776,1,reciprocal_integer,This is a bounded computational sample. It does not prove the complete associate-class structure of the infinite monoid.
1772,9631/7776,1,9631/7776,1,reciprocal_integer,This is a bounded computational sample. It does not prove the complete associate-class structure of the infinite monoid.
1773,9721/3888,2,9721/3888; 9721/7776,1/2; 2,reciprocal_integer,This is a bounded computational sample. It does not prove the complete associate-class structure of the infinite monoid. Non-singleton class: elements are associates within the sample.
1774,9727/3888,2,9727/3888; 9727/7776,1/2; 2,reciprocal_integer,This is a bounded computational sample. It does not prove the complete associate-class structure of the infinite monoid. Non-singleton class: elements are associates within the sample.
1775,9733/7776,1,9733/7776,1,reciprocal_integer,This is a bounded computational sample. It does not prove the complete associate-class structure of the infinite monoid.
1776,9739/3888,2,9739/3888; 9739/7776,1/2; 2,reciprocal_integer,This is a bounded computational sample. It does not prove the complete associate-class structure of the infinite monoid. Non-singleton class: elements are associates within the sample.
1777,9745/3888,1,9745/3888,1,reciprocal_integer,This is a bounded computational sample. It does not prove the complete associate-class structure of the infinite monoid.
1778,9757/3888,2,9757/3888; 9757/7776,1/2; 2,reciprocal_integer,This is a bounded computational sample. It does not prove the complete associate-class structure of the infinite monoid. Non-singleton class: elements are associates within the sample.
1779,9763/3888,2,9763/3888; 9763/7776,1/2; 2,reciprocal_integer,This is a bounded computational sample. It does not prove the complete associate-class structure of the infinite monoid. Non-singleton class: elements are associates within the sample.
1780,9769/7776,1,9769/7776,1,reciprocal_integer,This is a bounded computational sample. It does not prove the complete associate-class structure of the infinite monoid.
1781,9775/3888,2,9775/3888; 9775/7776,1/2; 2,reciprocal_integer,This is a bounded computational sample. It does not prove the complete associate-class structure of the infinite monoid. Non-singleton class: elements are associates within the sample.
1782,9781/3888,1,9781/3888,1,reciprocal_integer,This is a bounded computational sample. It does not prove the complete associate-class structure of the infinite monoid.
1783,9793/7776,1,9793/7776,1,reciprocal_integer,This is a bounded computational sample. It does not prove the complete associate-class structure of the infinite monoid.
1784,9799/7776,1,9799/7776,1,reciprocal_integer,This is a bounded computational sample. It does not prove the complete associate-class structure of the infinite monoid.
1785,9805/7776,1,9805/7776,1,reciprocal_integer,This is a bounded computational sample. It does not prove the complete associate-class structure of the infinite monoid.
1786,9811/7776,1,9811/7776,1,reciprocal_integer,This is a bounded computational sample. It does not prove the complete associate-class structure of the infinite monoid.
1787,9829/3888,2,9829/3888; 9829/7776,1/2; 2,reciprocal_integer,This is a bounded computational sample. It does not prove the complete associate-class structure of the infinite monoid. Non-singleton class: elements are associates within the sample.
1788,9835/3888,2,9835/3888; 9835/7776,1/2; 2,reciprocal_integer,This is a bounded computational sample. It does not prove the complete associate-class structure of the infinite monoid. Non-singleton class: elements are associates within the sample.
1789,9841/7776,1,9841/7776,1,reciprocal_integer,This is a bounded computational sample. It does not prove the complete associate-class structure of the infinite monoid.
1790,9847/3888,2,9847/3888; 9847/7776,1/2; 2,reciprocal_integer,This is a bounded computational sample. It does not prove the complete associate-class structure of the infinite monoid. Non-singleton class: elements are associates within the sample.
1791,9853/3888,1,9853/3888,1,reciprocal_integer,This is a bounded computational sample. It does not prove the complete associate-class structure of the infinite monoid.
1792,9865/3888,1,9865/3888,1,reciprocal_integer,This is a bounded computational sample. It does not prove the complete associate-class structure of the infinite monoid.
1793,9871/3888,1,9871/3888,1,reciprocal_integer,This is a bounded computational sample. It does not prove the complete associate-class structure of the infinite monoid.
1794,9883/3888,1,9883/3888,1,reciprocal_integer,This is a bounded computational sample. It does not prove the complete associate-class structure of the infinite monoid.
1795,9889/3888,1,9889/3888,1,reciprocal_integer,This is a bounded computational sample. It does not prove the complete associate-class structure of the infinite monoid.
1796,9937/3888,1,9937/3888,1,reciprocal_integer,This is a bounded computational sample. It does not prove the complete associate-class structure of the infinite monoid.
1797,9943/3888,1,9943/3888,1,reciprocal_integer,This is a bounded computational sample. It does not prove the complete associate-class structure of the infinite monoid.
1798,9955/3888,1,9955/3888,1,reciprocal_integer,This is a bounded computational sample. It does not prove the complete associate-class structure of the infinite monoid.
1799,9961/3888,1,9961/3888,1,reciprocal_integer,This is a bounded computational sample. It does not prove the complete associate-class structure of the infinite monoid.
1800,9973/3888,1,9973/3888,1,reciprocal_integer,This is a bounded computational sample. It does not prove the complete associate-class structure of the infinite monoid.
1801,9979/3888,1,9979/3888,1,reciprocal_integer,This is a bounded computational sample. It does not prove the complete associate-class structure of the infinite monoid.
1802,9991/3888,1,9991/3888,1,reciprocal_integer,This is a bounded computational sample. It does not prove the complete associate-class structure of the infinite monoid.
1803,9997/3888,1,9997/3888,1,reciprocal_integer,This is a bounded computational sample. It does not prove the complete associate-class structure of the infinite monoid.
1804,10045/3888,1,10045/3888,1,reciprocal_integer,This is a bounded computational sample. It does not prove the complete associate-class structure of the infinite monoid.
1805,10051/3888,1,10051/3888,1,reciprocal_integer,This is a bounded computational sample. It does not prove the complete associate-class structure of the infinite monoid.
1806,10063/3888,1,10063/3888,1,reciprocal_integer,This is a bounded computational sample. It does not prove the complete associate-class structure of the infinite monoid.
1807,10069/3888,1,10069/3888,1,reciprocal_integer,This is a bounded computational sample. It does not prove the complete associate-class structure of the infinite monoid.
1808,10081/3888,1,10081/3888,1,reciprocal_integer,This is a bounded computational sample. It does not prove the complete associate-class structure of the infinite monoid.
1809,10087/3888,1,10087/3888,1,reciprocal_integer,This is a bounded computational sample. It does not prove the complete associate-class structure of the infinite monoid.
1810,10099/3888,1,10099/3888,1,reciprocal_integer,This is a bounded computational sample. It does not prove the complete associate-class structure of the infinite monoid.
1811,10105/3888,1,10105/3888,1,reciprocal_integer,This is a bounded computational sample. It does not prove the complete associate-class structure of the infinite monoid.
1812,10369/7776,1,10369/7776,1,reciprocal_integer,This is a bounded computational sample. It does not prove the complete associate-class structure of the infinite monoid.
1813,10375/7776,1,10375/7776,1,reciprocal_integer,This is a bounded computational sample. It does not prove the complete associate-class structure of the infinite monoid.
1814,10381/7776,1,10381/7776,1,reciprocal_integer,This is a bounded computational sample. It does not prove the complete associate-class structure of the infinite monoid.
1815,10387/7776,1,10387/7776,1,reciprocal_integer,This is a bounded computational sample. It does not prove the complete associate-class structure of the infinite monoid.
1816,10405/7776,1,10405/7776,1,reciprocal_integer,This is a bounded computational sample. It does not prove the complete associate-class structure of the infinite monoid.
1817,10411/7776,1,10411/7776,1,reciprocal_integer,This is a bounded computational sample. It does not prove the complete associate-class structure of the infinite monoid.
1818,10417/7776,1,10417/7776,1,reciprocal_integer,This is a bounded computational sample. It does not prove the complete associate-class structure of the infinite monoid.
1819,10423/7776,1,10423/7776,1,reciprocal_integer,This is a bounded computational sample. It does not prove the complete associate-class structure of the infinite monoid.
1820,10441/7776,1,10441/7776,1,reciprocal_integer,This is a bounded computational sample. It does not prove the complete associate-class structure of the infinite monoid.
1821,10447/7776,1,10447/7776,1,reciprocal_integer,This is a bounded computational sample. It does not prove the complete associate-class structure of the infinite monoid.
1822,10453/7776,1,10453/7776,1,reciprocal_integer,This is a bounded computational sample. It does not prove the complete associate-class structure of the infinite monoid.
1823,10459/7776,1,10459/7776,1,reciprocal_integer,This is a bounded computational sample. It does not prove the complete associate-class structure of the infinite monoid.
1824,10477/7776,1,10477/7776,1,reciprocal_integer,This is a bounded computational sample. It does not prove the complete associate-class structure of the infinite monoid.
1825,10483/7776,1,10483/7776,1,reciprocal_integer,This is a bounded computational sample. It does not prove the complete associate-class structure of the infinite monoid.
1826,10489/7776,1,10489/7776,1,reciprocal_integer,This is a bounded computational sample. It does not prove the complete associate-class structure of the infinite monoid.
1827,10495/7776,1,10495/7776,1,reciprocal_integer,This is a bounded computational sample. It does not prove the complete associate-class structure of the infinite monoid.
1828,10585/7776,1,10585/7776,1,reciprocal_integer,This is a bounded computational sample. It does not prove the complete associate-class structure of the infinite monoid.
1829,10591/7776,1,10591/7776,1,reciprocal_integer,This is a bounded computational sample. It does not prove the complete associate-class structure of the infinite monoid.
1830,10597/7776,1,10597/7776,1,reciprocal_integer,This is a bounded computational sample. It does not prove the complete associate-class structure of the infinite monoid.
1831,10603/7776,1,10603/7776,1,reciprocal_integer,This is a bounded computational sample. It does not prove the complete associate-class structure of the infinite monoid.
1832,10621/7776,1,10621/7776,1,reciprocal_integer,This is a bounded computational sample. It does not prove the complete associate-class structure of the infinite monoid.
1833,10627/7776,1,10627/7776,1,reciprocal_integer,This is a bounded computational sample. It does not prove the complete associate-class structure of the infinite monoid.
1834,10633/7776,1,10633/7776,1,reciprocal_integer,This is a bounded computational sample. It does not prove the complete associate-class structure of the infinite monoid.
1835,10639/7776,1,10639/7776,1,reciprocal_integer,This is a bounded computational sample. It does not prove the complete associate-class structure of the infinite monoid.
1836,10657/7776,1,10657/7776,1,reciprocal_integer,This is a bounded computational sample. It does not prove the complete associate-class structure of the infinite monoid.
1837,10663/7776,1,10663/7776,1,reciprocal_integer,This is a bounded computational sample. It does not prove the complete associate-class structure of the infinite monoid.
1838,10669/7776,1,10669/7776,1,reciprocal_integer,This is a bounded computational sample. It does not prove the complete associate-class structure of the infinite monoid.
1839,10675/7776,1,10675/7776,1,reciprocal_integer,This is a bounded computational sample. It does not prove the complete associate-class structure of the infinite monoid.
1840,10693/7776,1,10693/7776,1,reciprocal_integer,This is a bounded computational sample. It does not prove the complete associate-class structure of the infinite monoid.
1841,10699/7776,1,10699/7776,1,reciprocal_integer,This is a bounded computational sample. It does not prove the complete associate-class structure of the infinite monoid.
1842,10705/7776,1,10705/7776,1,reciprocal_integer,This is a bounded computational sample. It does not prove the complete associate-class structure of the infinite monoid.
1843,10711/7776,1,10711/7776,1,reciprocal_integer,This is a bounded computational sample. It does not prove the complete associate-class structure of the infinite monoid.
1844,10801/7776,1,10801/7776,1,reciprocal_integer,This is a bounded computational sample. It does not prove the complete associate-class structure of the infinite monoid.
1845,10807/7776,1,10807/7776,1,reciprocal_integer,This is a bounded computational sample. It does not prove the complete associate-class structure of the infinite monoid.
1846,10813/7776,1,10813/7776,1,reciprocal_integer,This is a bounded computational sample. It does not prove the complete associate-class structure of the infinite monoid.
1847,10819/7776,1,10819/7776,1,reciprocal_integer,This is a bounded computational sample. It does not prove the complete associate-class structure of the infinite monoid.
1848,10837/7776,1,10837/7776,1,reciprocal_integer,This is a bounded computational sample. It does not prove the complete associate-class structure of the infinite monoid.
1849,10843/7776,1,10843/7776,1,reciprocal_integer,This is a bounded computational sample. It does not prove the complete associate-class structure of the infinite monoid.
1850,10849/7776,1,10849/7776,1,reciprocal_integer,This is a bounded computational sample. It does not prove the complete associate-class structure of the infinite monoid.
1851,10855/7776,1,10855/7776,1,reciprocal_integer,This is a bounded computational sample. It does not prove the complete associate-class structure of the infinite monoid.
1852,10873/7776,1,10873/7776,1,reciprocal_integer,This is a bounded computational sample. It does not prove the complete associate-class structure of the infinite monoid.
1853,10879/7776,1,10879/7776,1,reciprocal_integer,This is a bounded computational sample. It does not prove the complete associate-class structure of the infinite monoid.
1854,10885/7776,1,10885/7776,1,reciprocal_integer,This is a bounded computational sample. It does not prove the complete associate-class structure of the infinite monoid.
1855,10891/7776,1,10891/7776,1,reciprocal_integer,This is a bounded computational sample. It does not prove the complete associate-class structure of the infinite monoid.
1856,10909/7776,1,10909/7776,1,reciprocal_integer,This is a bounded computational sample. It does not prove the complete associate-class structure of the infinite monoid.
1857,10915/7776,1,10915/7776,1,reciprocal_integer,This is a bounded computational sample. It does not prove the complete associate-class structure of the infinite monoid.
1858,10921/7776,1,10921/7776,1,reciprocal_integer,This is a bounded computational sample. It does not prove the complete associate-class structure of the infinite monoid.
1859,10927/7776,1,10927/7776,1,reciprocal_integer,This is a bounded computational sample. It does not prove the complete associate-class structure of the infinite monoid.
1860,11017/7776,1,11017/7776,1,reciprocal_integer,This is a bounded computational sample. It does not prove the complete associate-class structure of the infinite monoid.
1861,11023/7776,1,11023/7776,1,reciprocal_integer,This is a bounded computational sample. It does not prove the complete associate-class structure of the infinite monoid.
1862,11029/7776,1,11029/7776,1,reciprocal_integer,This is a bounded computational sample. It does not prove the complete associate-class structure of the infinite monoid.
1863,11035/7776,1,11035/7776,1,reciprocal_integer,This is a bounded computational sample. It does not prove the complete associate-class structure of the infinite monoid.
1864,11053/7776,1,11053/7776,1,reciprocal_integer,This is a bounded computational sample. It does not prove the complete associate-class structure of the infinite monoid.
1865,11059/7776,1,11059/7776,1,reciprocal_integer,This is a bounded computational sample. It does not prove the complete associate-class structure of the infinite monoid.
1866,11065/7776,1,11065/7776,1,reciprocal_integer,This is a bounded computational sample. It does not prove the complete associate-class structure of the infinite monoid.
1867,11071/7776,1,11071/7776,1,reciprocal_integer,This is a bounded computational sample. It does not prove the complete associate-class structure of the infinite monoid.
1868,11089/7776,1,11089/7776,1,reciprocal_integer,This is a bounded computational sample. It does not prove the complete associate-class structure of the infinite monoid.
1869,11095/7776,1,11095/7776,1,reciprocal_integer,This is a bounded computational sample. It does not prove the complete associate-class structure of the infinite monoid.
1870,11101/7776,1,11101/7776,1,reciprocal_integer,This is a bounded computational sample. It does not prove the complete associate-class structure of the infinite monoid.
1871,11107/7776,1,11107/7776,1,reciprocal_integer,This is a bounded computational sample. It does not prove the complete associate-class structure of the infinite monoid.
1872,11125/7776,1,11125/7776,1,reciprocal_integer,This is a bounded computational sample. It does not prove the complete associate-class structure of the infinite monoid.
1873,11131/7776,1,11131/7776,1,reciprocal_integer,This is a bounded computational sample. It does not prove the complete associate-class structure of the infinite monoid.
1874,11137/7776,1,11137/7776,1,reciprocal_integer,This is a bounded computational sample. It does not prove the complete associate-class structure of the infinite monoid.
1875,11143/7776,1,11143/7776,1,reciprocal_integer,This is a bounded computational sample. It does not prove the complete associate-class structure of the infinite monoid.
1876,11665/3888,2,11665/3888; 11665/7776,1/2; 2,reciprocal_integer,This is a bounded computational sample. It does not prove the complete associate-class structure of the infinite monoid. Non-singleton class: elements are associates within the sample.
1877,11671/3888,2,11671/3888; 11671/7776,1/2; 2,reciprocal_integer,This is a bounded computational sample. It does not prove the complete associate-class structure of the infinite monoid. Non-singleton class: elements are associates within the sample.
1878,11677/7776,1,11677/7776,1,reciprocal_integer,This is a bounded computational sample. It does not prove the complete associate-class structure of the infinite monoid.
1879,11683/3888,2,11683/3888; 11683/7776,1/2; 2,reciprocal_integer,This is a bounded computational sample. It does not prove the complete associate-class structure of the infinite monoid. Non-singleton class: elements are associates within the sample.
1880,11689/3888,1,11689/3888,1,reciprocal_integer,This is a bounded computational sample. It does not prove the complete associate-class structure of the infinite monoid.
1881,11701/3888,2,11701/3888; 11701/7776,1/2; 2,reciprocal_integer,This is a bounded computational sample. It does not prove the complete associate-class structure of the infinite monoid. Non-singleton class: elements are associates within the sample.
1882,11707/3888,2,11707/3888; 11707/7776,1/2; 2,reciprocal_integer,This is a bounded computational sample. It does not prove the complete associate-class structure of the infinite monoid. Non-singleton class: elements are associates within the sample.
1883,11713/7776,1,11713/7776,1,reciprocal_integer,This is a bounded computational sample. It does not prove the complete associate-class structure of the infinite monoid.
1884,11719/3888,2,11719/3888; 11719/7776,1/2; 2,reciprocal_integer,This is a bounded computational sample. It does not prove the complete associate-class structure of the infinite monoid. Non-singleton class: elements are associates within the sample.
1885,11725/3888,1,11725/3888,1,reciprocal_integer,This is a bounded computational sample. It does not prove the complete associate-class structure of the infinite monoid.
1886,11737/7776,1,11737/7776,1,reciprocal_integer,This is a bounded computational sample. It does not prove the complete associate-class structure of the infinite monoid.
1887,11743/7776,1,11743/7776,1,reciprocal_integer,This is a bounded computational sample. It does not prove the complete associate-class structure of the infinite monoid.
1888,11749/7776,1,11749/7776,1,reciprocal_integer,This is a bounded computational sample. It does not prove the complete associate-class structure of the infinite monoid.
1889,11755/7776,1,11755/7776,1,reciprocal_integer,This is a bounded computational sample. It does not prove the complete associate-class structure of the infinite monoid.
1890,11773/3888,2,11773/3888; 11773/7776,1/2; 2,reciprocal_integer,This is a bounded computational sample. It does not prove the complete associate-class structure of the infinite monoid. Non-singleton class: elements are associates within the sample.
1891,11779/3888,2,11779/3888; 11779/7776,1/2; 2,reciprocal_integer,This is a bounded computational sample. It does not prove the complete associate-class structure of the infinite monoid. Non-singleton class: elements are associates within the sample.
1892,11785/7776,1,11785/7776,1,reciprocal_integer,This is a bounded computational sample. It does not prove the complete associate-class structure of the infinite monoid.
1893,11791/3888,2,11791/3888; 11791/7776,1/2; 2,reciprocal_integer,This is a bounded computational sample. It does not prove the complete associate-class structure of the infinite monoid. Non-singleton class: elements are associates within the sample.
1894,11797/3888,1,11797/3888,1,reciprocal_integer,This is a bounded computational sample. It does not prove the complete associate-class structure of the infinite monoid.
1895,11809/3888,1,11809/3888,1,reciprocal_integer,This is a bounded computational sample. It does not prove the complete associate-class structure of the infinite monoid.
1896,11815/3888,1,11815/3888,1,reciprocal_integer,This is a bounded computational sample. It does not prove the complete associate-class structure of the infinite monoid.
1897,11827/3888,1,11827/3888,1,reciprocal_integer,This is a bounded computational sample. It does not prove the complete associate-class structure of the infinite monoid.
1898,11833/3888,1,11833/3888,1,reciprocal_integer,This is a bounded computational sample. It does not prove the complete associate-class structure of the infinite monoid.
1899,11881/3888,2,11881/3888; 11881/7776,1/2; 2,reciprocal_integer,This is a bounded computational sample. It does not prove the complete associate-class structure of the infinite monoid. Non-singleton class: elements are associates within the sample.
1900,11887/3888,2,11887/3888; 11887/7776,1/2; 2,reciprocal_integer,This is a bounded computational sample. It does not prove the complete associate-class structure of the infinite monoid. Non-singleton class: elements are associates within the sample.
1901,11893/7776,1,11893/7776,1,reciprocal_integer,This is a bounded computational sample. It does not prove the complete associate-class structure of the infinite monoid.
1902,11899/3888,2,11899/3888; 11899/7776,1/2; 2,reciprocal_integer,This is a bounded computational sample. It does not prove the complete associate-class structure of the infinite monoid. Non-singleton class: elements are associates within the sample.
1903,11905/3888,1,11905/3888,1,reciprocal_integer,This is a bounded computational sample. It does not prove the complete associate-class structure of the infinite monoid.
1904,11917/3888,2,11917/3888; 11917/7776,1/2; 2,reciprocal_integer,This is a bounded computational sample. It does not prove the complete associate-class structure of the infinite monoid. Non-singleton class: elements are associates within the sample.
1905,11923/3888,2,11923/3888; 11923/7776,1/2; 2,reciprocal_integer,This is a bounded computational sample. It does not prove the complete associate-class structure of the infinite monoid. Non-singleton class: elements are associates within the sample.
1906,11929/7776,1,11929/7776,1,reciprocal_integer,This is a bounded computational sample. It does not prove the complete associate-class structure of the infinite monoid.
1907,11935/3888,2,11935/3888; 11935/7776,1/2; 2,reciprocal_integer,This is a bounded computational sample. It does not prove the complete associate-class structure of the infinite monoid. Non-singleton class: elements are associates within the sample.
1908,11941/3888,1,11941/3888,1,reciprocal_integer,This is a bounded computational sample. It does not prove the complete associate-class structure of the infinite monoid.
1909,11953/7776,1,11953/7776,1,reciprocal_integer,This is a bounded computational sample. It does not prove the complete associate-class structure of the infinite monoid.
1910,11959/7776,1,11959/7776,1,reciprocal_integer,This is a bounded computational sample. It does not prove the complete associate-class structure of the infinite monoid.
1911,11965/7776,1,11965/7776,1,reciprocal_integer,This is a bounded computational sample. It does not prove the complete associate-class structure of the infinite monoid.
1912,11971/7776,1,11971/7776,1,reciprocal_integer,This is a bounded computational sample. It does not prove the complete associate-class structure of the infinite monoid.
1913,11989/3888,2,11989/3888; 11989/7776,1/2; 2,reciprocal_integer,This is a bounded computational sample. It does not prove the complete associate-class structure of the infinite monoid. Non-singleton class: elements are associates within the sample.
1914,11995/3888,2,11995/3888; 11995/7776,1/2; 2,reciprocal_integer,This is a bounded computational sample. It does not prove the complete associate-class structure of the infinite monoid. Non-singleton class: elements are associates within the sample.
1915,12001/7776,1,12001/7776,1,reciprocal_integer,This is a bounded computational sample. It does not prove the complete associate-class structure of the infinite monoid.
1916,12007/3888,2,12007/3888; 12007/7776,1/2; 2,reciprocal_integer,This is a bounded computational sample. It does not prove the complete associate-class structure of the infinite monoid. Non-singleton class: elements are associates within the sample.
1917,12013/3888,1,12013/3888,1,reciprocal_integer,This is a bounded computational sample. It does not prove the complete associate-class structure of the infinite monoid.
1918,12025/3888,1,12025/3888,1,reciprocal_integer,This is a bounded computational sample. It does not prove the complete associate-class structure of the infinite monoid.
1919,12031/3888,1,12031/3888,1,reciprocal_integer,This is a bounded computational sample. It does not prove the complete associate-class structure of the infinite monoid.
1920,12043/3888,1,12043/3888,1,reciprocal_integer,This is a bounded computational sample. It does not prove the complete associate-class structure of the infinite monoid.
1921,12049/3888,1,12049/3888,1,reciprocal_integer,This is a bounded computational sample. It does not prove the complete associate-class structure of the infinite monoid.
1922,12097/7776,1,12097/7776,1,reciprocal_integer,This is a bounded computational sample. It does not prove the complete associate-class structure of the infinite monoid.
1923,12103/7776,1,12103/7776,1,reciprocal_integer,This is a bounded computational sample. It does not prove the complete associate-class structure of the infinite monoid.
1924,12109/7776,1,12109/7776,1,reciprocal_integer,This is a bounded computational sample. It does not prove the complete associate-class structure of the infinite monoid.
1925,12115/7776,1,12115/7776,1,reciprocal_integer,This is a bounded computational sample. It does not prove the complete associate-class structure of the infinite monoid.
1926,12133/7776,1,12133/7776,1,reciprocal_integer,This is a bounded computational sample. It does not prove the complete associate-class structure of the infinite monoid.
1927,12139/7776,1,12139/7776,1,reciprocal_integer,This is a bounded computational sample. It does not prove the complete associate-class structure of the infinite monoid.
1928,12145/7776,1,12145/7776,1,reciprocal_integer,This is a bounded computational sample. It does not prove the complete associate-class structure of the infinite monoid.
1929,12151/7776,1,12151/7776,1,reciprocal_integer,This is a bounded computational sample. It does not prove the complete associate-class structure of the infinite monoid.
1930,12169/7776,1,12169/7776,1,reciprocal_integer,This is a bounded computational sample. It does not prove the complete associate-class structure of the infinite monoid.
1931,12175/7776,1,12175/7776,1,reciprocal_integer,This is a bounded computational sample. It does not prove the complete associate-class structure of the infinite monoid.
1932,12181/7776,1,12181/7776,1,reciprocal_integer,This is a bounded computational sample. It does not prove the complete associate-class structure of the infinite monoid.
1933,12187/7776,1,12187/7776,1,reciprocal_integer,This is a bounded computational sample. It does not prove the complete associate-class structure of the infinite monoid.
1934,12205/7776,1,12205/7776,1,reciprocal_integer,This is a bounded computational sample. It does not prove the complete associate-class structure of the infinite monoid.
1935,12211/7776,1,12211/7776,1,reciprocal_integer,This is a bounded computational sample. It does not prove the complete associate-class structure of the infinite monoid.
1936,12217/7776,1,12217/7776,1,reciprocal_integer,This is a bounded computational sample. It does not prove the complete associate-class structure of the infinite monoid.
1937,12223/7776,1,12223/7776,1,reciprocal_integer,This is a bounded computational sample. It does not prove the complete associate-class structure of the infinite monoid.
1938,12313/3888,2,12313/3888; 12313/7776,1/2; 2,reciprocal_integer,This is a bounded computational sample. It does not prove the complete associate-class structure of the infinite monoid. Non-singleton class: elements are associates within the sample.
1939,12319/3888,2,12319/3888; 12319/7776,1/2; 2,reciprocal_integer,This is a bounded computational sample. It does not prove the complete associate-class structure of the infinite monoid. Non-singleton class: elements are associates within the sample.
1940,12325/7776,1,12325/7776,1,reciprocal_integer,This is a bounded computational sample. It does not prove the complete associate-class structure of the infinite monoid.
1941,12331/3888,2,12331/3888; 12331/7776,1/2; 2,reciprocal_integer,This is a bounded computational sample. It does not prove the complete associate-class structure of the infinite monoid. Non-singleton class: elements are associates within the sample.
1942,12337/3888,1,12337/3888,1,reciprocal_integer,This is a bounded computational sample. It does not prove the complete associate-class structure of the infinite monoid.
1943,12349/3888,2,12349/3888; 12349/7776,1/2; 2,reciprocal_integer,This is a bounded computational sample. It does not prove the complete associate-class structure of the infinite monoid. Non-singleton class: elements are associates within the sample.
1944,12355/3888,2,12355/3888; 12355/7776,1/2; 2,reciprocal_integer,This is a bounded computational sample. It does not prove the complete associate-class structure of the infinite monoid. Non-singleton class: elements are associates within the sample.
1945,12361/7776,1,12361/7776,1,reciprocal_integer,This is a bounded computational sample. It does not prove the complete associate-class structure of the infinite monoid.
1946,12367/3888,2,12367/3888; 12367/7776,1/2; 2,reciprocal_integer,This is a bounded computational sample. It does not prove the complete associate-class structure of the infinite monoid. Non-singleton class: elements are associates within the sample.
1947,12373/3888,1,12373/3888,1,reciprocal_integer,This is a bounded computational sample. It does not prove the complete associate-class structure of the infinite monoid.
1948,12385/7776,1,12385/7776,1,reciprocal_integer,This is a bounded computational sample. It does not prove the complete associate-class structure of the infinite monoid.
1949,12391/7776,1,12391/7776,1,reciprocal_integer,This is a bounded computational sample. It does not prove the complete associate-class structure of the infinite monoid.
1950,12397/7776,1,12397/7776,1,reciprocal_integer,This is a bounded computational sample. It does not prove the complete associate-class structure of the infinite monoid.
1951,12403/7776,1,12403/7776,1,reciprocal_integer,This is a bounded computational sample. It does not prove the complete associate-class structure of the infinite monoid.
1952,12421/3888,2,12421/3888; 12421/7776,1/2; 2,reciprocal_integer,This is a bounded computational sample. It does not prove the complete associate-class structure of the infinite monoid. Non-singleton class: elements are associates within the sample.
1953,12427/3888,2,12427/3888; 12427/7776,1/2; 2,reciprocal_integer,This is a bounded computational sample. It does not prove the complete associate-class structure of the infinite monoid. Non-singleton class: elements are associates within the sample.
1954,12433/7776,1,12433/7776,1,reciprocal_integer,This is a bounded computational sample. It does not prove the complete associate-class structure of the infinite monoid.
1955,12439/3888,2,12439/3888; 12439/7776,1/2; 2,reciprocal_integer,This is a bounded computational sample. It does not prove the complete associate-class structure of the infinite monoid. Non-singleton class: elements are associates within the sample.
1956,12445/3888,1,12445/3888,1,reciprocal_integer,This is a bounded computational sample. It does not prove the complete associate-class structure of the infinite monoid.
1957,12457/3888,1,12457/3888,1,reciprocal_integer,This is a bounded computational sample. It does not prove the complete associate-class structure of the infinite monoid.
1958,12463/3888,1,12463/3888,1,reciprocal_integer,This is a bounded computational sample. It does not prove the complete associate-class structure of the infinite monoid.
1959,12475/3888,1,12475/3888,1,reciprocal_integer,This is a bounded computational sample. It does not prove the complete associate-class structure of the infinite monoid.
1960,12481/3888,1,12481/3888,1,reciprocal_integer,This is a bounded computational sample. It does not prove the complete associate-class structure of the infinite monoid.
1961,12529/3888,1,12529/3888,1,reciprocal_integer,This is a bounded computational sample. It does not prove the complete associate-class structure of the infinite monoid.
1962,12535/3888,1,12535/3888,1,reciprocal_integer,This is a bounded computational sample. It does not prove the complete associate-class structure of the infinite monoid.
1963,12547/3888,1,12547/3888,1,reciprocal_integer,This is a bounded computational sample. It does not prove the complete associate-class structure of the infinite monoid.
1964,12553/3888,1,12553/3888,1,reciprocal_integer,This is a bounded computational sample. It does not prove the complete associate-class structure of the infinite monoid.
1965,12565/3888,1,12565/3888,1,reciprocal_integer,This is a bounded computational sample. It does not prove the complete associate-class structure of the infinite monoid.
1966,12571/3888,1,12571/3888,1,reciprocal_integer,This is a bounded computational sample. It does not prove the complete associate-class structure of the infinite monoid.
1967,12583/3888,1,12583/3888,1,reciprocal_integer,This is a bounded computational sample. It does not prove the complete associate-class structure of the infinite monoid.
1968,12589/3888,1,12589/3888,1,reciprocal_integer,This is a bounded computational sample. It does not prove the complete associate-class structure of the infinite monoid.
1969,12637/3888,1,12637/3888,1,reciprocal_integer,This is a bounded computational sample. It does not prove the complete associate-class structure of the infinite monoid.
1970,12643/3888,1,12643/3888,1,reciprocal_integer,This is a bounded computational sample. It does not prove the complete associate-class structure of the infinite monoid.
1971,12655/3888,1,12655/3888,1,reciprocal_integer,This is a bounded computational sample. It does not prove the complete associate-class structure of the infinite monoid.
1972,12661/3888,1,12661/3888,1,reciprocal_integer,This is a bounded computational sample. It does not prove the complete associate-class structure of the infinite monoid.
1973,12673/3888,1,12673/3888,1,reciprocal_integer,This is a bounded computational sample. It does not prove the complete associate-class structure of the infinite monoid.
1974,12679/3888,1,12679/3888,1,reciprocal_integer,This is a bounded computational sample. It does not prove the complete associate-class structure of the infinite monoid.
1975,12691/3888,1,12691/3888,1,reciprocal_integer,This is a bounded computational sample. It does not prove the complete associate-class structure of the infinite monoid.
1976,12697/3888,1,12697/3888,1,reciprocal_integer,This is a bounded computational sample. It does not prove the complete associate-class structure of the infinite monoid.
1977,12961/3888,1,12961/3888,1,reciprocal_integer,This is a bounded computational sample. It does not prove the complete associate-class structure of the infinite monoid.
1978,12967/3888,1,12967/3888,1,reciprocal_integer,This is a bounded computational sample. It does not prove the complete associate-class structure of the infinite monoid.
1979,12979/3888,1,12979/3888,1,reciprocal_integer,This is a bounded computational sample. It does not prove the complete associate-class structure of the infinite monoid.
1980,12985/3888,1,12985/3888,1,reciprocal_integer,This is a bounded computational sample. It does not prove the complete associate-class structure of the infinite monoid.
1981,12997/3888,1,12997/3888,1,reciprocal_integer,This is a bounded computational sample. It does not prove the complete associate-class structure of the infinite monoid.
1982,13003/3888,1,13003/3888,1,reciprocal_integer,This is a bounded computational sample. It does not prove the complete associate-class structure of the infinite monoid.
1983,13015/3888,1,13015/3888,1,reciprocal_integer,This is a bounded computational sample. It does not prove the complete associate-class structure of the infinite monoid.
1984,13021/3888,1,13021/3888,1,reciprocal_integer,This is a bounded computational sample. It does not prove the complete associate-class structure of the infinite monoid.
1985,13069/3888,1,13069/3888,1,reciprocal_integer,This is a bounded computational sample. It does not prove the complete associate-class structure of the infinite monoid.
1986,13075/3888,1,13075/3888,1,reciprocal_integer,This is a bounded computational sample. It does not prove the complete associate-class structure of the infinite monoid.
1987,13087/3888,1,13087/3888,1,reciprocal_integer,This is a bounded computational sample. It does not prove the complete associate-class structure of the infinite monoid.
1988,13093/3888,1,13093/3888,1,reciprocal_integer,This is a bounded computational sample. It does not prove the complete associate-class structure of the infinite monoid.
1989,13105/3888,1,13105/3888,1,reciprocal_integer,This is a bounded computational sample. It does not prove the complete associate-class structure of the infinite monoid.
1990,13111/3888,1,13111/3888,1,reciprocal_integer,This is a bounded computational sample. It does not prove the complete associate-class structure of the infinite monoid.
1991,13123/3888,1,13123/3888,1,reciprocal_integer,This is a bounded computational sample. It does not prove the complete associate-class structure of the infinite monoid.
1992,13129/3888,1,13129/3888,1,reciprocal_integer,This is a bounded computational sample. It does not prove the complete associate-class structure of the infinite monoid.
1993,13177/3888,1,13177/3888,1,reciprocal_integer,This is a bounded computational sample. It does not prove the complete associate-class structure of the infinite monoid.
1994,13183/3888,1,13183/3888,1,reciprocal_integer,This is a bounded computational sample. It does not prove the complete associate-class structure of the infinite monoid.
1995,13195/3888,1,13195/3888,1,reciprocal_integer,This is a bounded computational sample. It does not prove the complete associate-class structure of the infinite monoid.
1996,13201/3888,1,13201/3888,1,reciprocal_integer,This is a bounded computational sample. It does not prove the complete associate-class structure of the infinite monoid.
1997,13213/3888,1,13213/3888,1,reciprocal_integer,This is a bounded computational sample. It does not prove the complete associate-class structure of the infinite monoid.
1998,13219/3888,1,13219/3888,1,reciprocal_integer,This is a bounded computational sample. It does not prove the complete associate-class structure of the infinite monoid.
1999,13231/3888,1,13231/3888,1,reciprocal_integer,This is a bounded computational sample. It does not prove the complete associate-class structure of the infinite monoid.
2000,13237/3888,1,13237/3888,1,reciprocal_integer,This is a bounded computational sample. It does not prove the complete associate-class structure of the infinite monoid.
2001,13285/3888,1,13285/3888,1,reciprocal_integer,This is a bounded computational sample. It does not prove the complete associate-class structure of the infinite monoid.
2002,13291/3888,1,13291/3888,1,reciprocal_integer,This is a bounded computational sample. It does not prove the complete associate-class structure of the infinite monoid.
2003,13303/3888,1,13303/3888,1,reciprocal_integer,This is a bounded computational sample. It does not prove the complete associate-class structure of the infinite monoid.
2004,13309/3888,1,13309/3888,1,reciprocal_integer,This is a bounded computational sample. It does not prove the complete associate-class structure of the infinite monoid.
2005,13321/3888,1,13321/3888,1,reciprocal_integer,This is a bounded computational sample. It does not prove the complete associate-class structure of the infinite monoid.
2006,13327/3888,1,13327/3888,1,reciprocal_integer,This is a bounded computational sample. It does not prove the complete associate-class structure of the infinite monoid.
2007,13339/3888,1,13339/3888,1,reciprocal_integer,This is a bounded computational sample. It does not prove the complete associate-class structure of the infinite monoid.
2008,13345/3888,1,13345/3888,1,reciprocal_integer,This is a bounded computational sample. It does not prove the complete associate-class structure of the infinite monoid.
2009,13609/3888,1,13609/3888,1,reciprocal_integer,This is a bounded computational sample. It does not prove the complete associate-class structure of the infinite monoid.
2010,13615/3888,1,13615/3888,1,reciprocal_integer,This is a bounded computational sample. It does not prove the complete associate-class structure of the infinite monoid.
2011,13627/3888,1,13627/3888,1,reciprocal_integer,This is a bounded computational sample. It does not prove the complete associate-class structure of the infinite monoid.
2012,13633/3888,1,13633/3888,1,reciprocal_integer,This is a bounded computational sample. It does not prove the complete associate-class structure of the infinite monoid.
2013,13645/3888,1,13645/3888,1,reciprocal_integer,This is a bounded computational sample. It does not prove the complete associate-class structure of the infinite monoid.
2014,13651/3888,1,13651/3888,1,reciprocal_integer,This is a bounded computational sample. It does not prove the complete associate-class structure of the infinite monoid.
2015,13663/3888,1,13663/3888,1,reciprocal_integer,This is a bounded computational sample. It does not prove the complete associate-class structure of the infinite monoid.
2016,13669/3888,1,13669/3888,1,reciprocal_integer,This is a bounded computational sample. It does not prove the complete associate-class structure of the infinite monoid.
2017,13717/3888,1,13717/3888,1,reciprocal_integer,This is a bounded computational sample. It does not prove the complete associate-class structure of the infinite monoid.
2018,13723/3888,1,13723/3888,1,reciprocal_integer,This is a bounded computational sample. It does not prove the complete associate-class structure of the infinite monoid.
2019,13735/3888,1,13735/3888,1,reciprocal_integer,This is a bounded computational sample. It does not prove the complete associate-class structure of the infinite monoid.
2020,13741/3888,1,13741/3888,1,reciprocal_integer,This is a bounded computational sample. It does not prove the complete associate-class structure of the infinite monoid.
2021,13753/3888,1,13753/3888,1,reciprocal_integer,This is a bounded computational sample. It does not prove the complete associate-class structure of the infinite monoid.
2022,13759/3888,1,13759/3888,1,reciprocal_integer,This is a bounded computational sample. It does not prove the complete associate-class structure of the infinite monoid.
2023,13771/3888,1,13771/3888,1,reciprocal_integer,This is a bounded computational sample. It does not prove the complete associate-class structure of the infinite monoid.
2024,13777/3888,1,13777/3888,1,reciprocal_integer,This is a bounded computational sample. It does not prove the complete associate-class structure of the infinite monoid.
2025,13825/3888,1,13825/3888,1,reciprocal_integer,This is a bounded computational sample. It does not prove the complete associate-class structure of the infinite monoid.
2026,13831/3888,1,13831/3888,1,reciprocal_integer,This is a bounded computational sample. It does not prove the complete associate-class structure of the infinite monoid.
2027,13843/3888,1,13843/3888,1,reciprocal_integer,This is a bounded computational sample. It does not prove the complete associate-class structure of the infinite monoid.
2028,13849/3888,1,13849/3888,1,reciprocal_integer,This is a bounded computational sample. It does not prove the complete associate-class structure of the infinite monoid.
2029,13861/3888,1,13861/3888,1,reciprocal_integer,This is a bounded computational sample. It does not prove the complete associate-class structure of the infinite monoid.
2030,13867/3888,1,13867/3888,1,reciprocal_integer,This is a bounded computational sample. It does not prove the complete associate-class structure of the infinite monoid.
2031,13879/3888,1,13879/3888,1,reciprocal_integer,This is a bounded computational sample. It does not prove the complete associate-class structure of the infinite monoid.
2032,13885/3888,1,13885/3888,1,reciprocal_integer,This is a bounded computational sample. It does not prove the complete associate-class structure of the infinite monoid.
2033,13933/3888,1,13933/3888,1,reciprocal_integer,This is a bounded computational sample. It does not prove the complete associate-class structure of the infinite monoid.
2034,13939/3888,1,13939/3888,1,reciprocal_integer,This is a bounded computational sample. It does not prove the complete associate-class structure of the infinite monoid.
2035,13951/3888,1,13951/3888,1,reciprocal_integer,This is a bounded computational sample. It does not prove the complete associate-class structure of the infinite monoid.
2036,13957/3888,1,13957/3888,1,reciprocal_integer,This is a bounded computational sample. It does not prove the complete associate-class structure of the infinite monoid.
2037,13969/3888,1,13969/3888,1,reciprocal_integer,This is a bounded computational sample. It does not prove the complete associate-class structure of the infinite monoid.
2038,13975/3888,1,13975/3888,1,reciprocal_integer,This is a bounded computational sample. It does not prove the complete associate-class structure of the infinite monoid.
2039,13987/3888,1,13987/3888,1,reciprocal_integer,This is a bounded computational sample. It does not prove the complete associate-class structure of the infinite monoid.
2040,13993/3888,1,13993/3888,1,reciprocal_integer,This is a bounded computational sample. It does not prove the complete associate-class structure of the infinite monoid.
2041,15553/7776,1,15553/7776,1,reciprocal_integer,This is a bounded computational sample. It does not prove the complete associate-class structure of the infinite monoid.
2042,15559/7776,1,15559/7776,1,reciprocal_integer,This is a bounded computational sample. It does not prove the complete associate-class structure of the infinite monoid.
2043,15565/7776,1,15565/7776,1,reciprocal_integer,This is a bounded computational sample. It does not prove the complete associate-class structure of the infinite monoid.
2044,15571/7776,1,15571/7776,1,reciprocal_integer,This is a bounded computational sample. It does not prove the complete associate-class structure of the infinite monoid.
2045,15589/7776,1,15589/7776,1,reciprocal_integer,This is a bounded computational sample. It does not prove the complete associate-class structure of the infinite monoid.
2046,15595/7776,1,15595/7776,1,reciprocal_integer,This is a bounded computational sample. It does not prove the complete associate-class structure of the infinite monoid.
2047,15601/7776,1,15601/7776,1,reciprocal_integer,This is a bounded computational sample. It does not prove the complete associate-class structure of the infinite monoid.
2048,15607/7776,1,15607/7776,1,reciprocal_integer,This is a bounded computational sample. It does not prove the complete associate-class structure of the infinite monoid.
2049,15625/7776,1,15625/7776,1,reciprocal_integer,This is a bounded computational sample. It does not prove the complete associate-class structure of the infinite monoid.
2050,15631/7776,1,15631/7776,1,reciprocal_integer,This is a bounded computational sample. It does not prove the complete associate-class structure of the infinite monoid.
2051,15637/7776,1,15637/7776,1,reciprocal_integer,This is a bounded computational sample. It does not prove the complete associate-class structure of the infinite monoid.
2052,15643/7776,1,15643/7776,1,reciprocal_integer,This is a bounded computational sample. It does not prove the complete associate-class structure of the infinite monoid.
2053,15661/7776,1,15661/7776,1,reciprocal_integer,This is a bounded computational sample. It does not prove the complete associate-class structure of the infinite monoid.
2054,15667/7776,1,15667/7776,1,reciprocal_integer,This is a bounded computational sample. It does not prove the complete associate-class structure of the infinite monoid.
2055,15673/7776,1,15673/7776,1,reciprocal_integer,This is a bounded computational sample. It does not prove the complete associate-class structure of the infinite monoid.
2056,15679/7776,1,15679/7776,1,reciprocal_integer,This is a bounded computational sample. It does not prove the complete associate-class structure of the infinite monoid.
2057,15769/7776,1,15769/7776,1,reciprocal_integer,This is a bounded computational sample. It does not prove the complete associate-class structure of the infinite monoid.
2058,15775/7776,1,15775/7776,1,reciprocal_integer,This is a bounded computational sample. It does not prove the complete associate-class structure of the infinite monoid.
2059,15781/7776,1,15781/7776,1,reciprocal_integer,This is a bounded computational sample. It does not prove the complete associate-class structure of the infinite monoid.
2060,15787/7776,1,15787/7776,1,reciprocal_integer,This is a bounded computational sample. It does not prove the complete associate-class structure of the infinite monoid.
2061,15805/7776,1,15805/7776,1,reciprocal_integer,This is a bounded computational sample. It does not prove the complete associate-class structure of the infinite monoid.
2062,15811/7776,1,15811/7776,1,reciprocal_integer,This is a bounded computational sample. It does not prove the complete associate-class structure of the infinite monoid.
2063,15817/7776,1,15817/7776,1,reciprocal_integer,This is a bounded computational sample. It does not prove the complete associate-class structure of the infinite monoid.
2064,15823/7776,1,15823/7776,1,reciprocal_integer,This is a bounded computational sample. It does not prove the complete associate-class structure of the infinite monoid.
2065,15841/7776,1,15841/7776,1,reciprocal_integer,This is a bounded computational sample. It does not prove the complete associate-class structure of the infinite monoid.
2066,15847/7776,1,15847/7776,1,reciprocal_integer,This is a bounded computational sample. It does not prove the complete associate-class structure of the infinite monoid.
2067,15853/7776,1,15853/7776,1,reciprocal_integer,This is a bounded computational sample. It does not prove the complete associate-class structure of the infinite monoid.
2068,15859/7776,1,15859/7776,1,reciprocal_integer,This is a bounded computational sample. It does not prove the complete associate-class structure of the infinite monoid.
2069,15877/7776,1,15877/7776,1,reciprocal_integer,This is a bounded computational sample. It does not prove the complete associate-class structure of the infinite monoid.
2070,15883/7776,1,15883/7776,1,reciprocal_integer,This is a bounded computational sample. It does not prove the complete associate-class structure of the infinite monoid.
2071,15889/7776,1,15889/7776,1,reciprocal_integer,This is a bounded computational sample. It does not prove the complete associate-class structure of the infinite monoid.
2072,15895/7776,1,15895/7776,1,reciprocal_integer,This is a bounded computational sample. It does not prove the complete associate-class structure of the infinite monoid.
2073,15985/7776,1,15985/7776,1,reciprocal_integer,This is a bounded computational sample. It does not prove the complete associate-class structure of the infinite monoid.
2074,15991/7776,1,15991/7776,1,reciprocal_integer,This is a bounded computational sample. It does not prove the complete associate-class structure of the infinite monoid.
2075,15997/7776,1,15997/7776,1,reciprocal_integer,This is a bounded computational sample. It does not prove the complete associate-class structure of the infinite monoid.
2076,16003/7776,1,16003/7776,1,reciprocal_integer,This is a bounded computational sample. It does not prove the complete associate-class structure of the infinite monoid.
2077,16021/7776,1,16021/7776,1,reciprocal_integer,This is a bounded computational sample. It does not prove the complete associate-class structure of the infinite monoid.
2078,16027/7776,1,16027/7776,1,reciprocal_integer,This is a bounded computational sample. It does not prove the complete associate-class structure of the infinite monoid.
2079,16033/7776,1,16033/7776,1,reciprocal_integer,This is a bounded computational sample. It does not prove the complete associate-class structure of the infinite monoid.
2080,16039/7776,1,16039/7776,1,reciprocal_integer,This is a bounded computational sample. It does not prove the complete associate-class structure of the infinite monoid.
2081,16057/7776,1,16057/7776,1,reciprocal_integer,This is a bounded computational sample. It does not prove the complete associate-class structure of the infinite monoid.
2082,16063/7776,1,16063/7776,1,reciprocal_integer,This is a bounded computational sample. It does not prove the complete associate-class structure of the infinite monoid.
2083,16069/7776,1,16069/7776,1,reciprocal_integer,This is a bounded computational sample. It does not prove the complete associate-class structure of the infinite monoid.
2084,16075/7776,1,16075/7776,1,reciprocal_integer,This is a bounded computational sample. It does not prove the complete associate-class structure of the infinite monoid.
2085,16093/7776,1,16093/7776,1,reciprocal_integer,This is a bounded computational sample. It does not prove the complete associate-class structure of the infinite monoid.
2086,16099/7776,1,16099/7776,1,reciprocal_integer,This is a bounded computational sample. It does not prove the complete associate-class structure of the infinite monoid.
2087,16105/7776,1,16105/7776,1,reciprocal_integer,This is a bounded computational sample. It does not prove the complete associate-class structure of the infinite monoid.
2088,16111/7776,1,16111/7776,1,reciprocal_integer,This is a bounded computational sample. It does not prove the complete associate-class structure of the infinite monoid.
2089,16201/7776,1,16201/7776,1,reciprocal_integer,This is a bounded computational sample. It does not prove the complete associate-class structure of the infinite monoid.
2090,16207/7776,1,16207/7776,1,reciprocal_integer,This is a bounded computational sample. It does not prove the complete associate-class structure of the infinite monoid.
2091,16213/7776,1,16213/7776,1,reciprocal_integer,This is a bounded computational sample. It does not prove the complete associate-class structure of the infinite monoid.
2092,16219/7776,1,16219/7776,1,reciprocal_integer,This is a bounded computational sample. It does not prove the complete associate-class structure of the infinite monoid.
2093,16237/7776,1,16237/7776,1,reciprocal_integer,This is a bounded computational sample. It does not prove the complete associate-class structure of the infinite monoid.
2094,16243/7776,1,16243/7776,1,reciprocal_integer,This is a bounded computational sample. It does not prove the complete associate-class structure of the infinite monoid.
2095,16249/7776,1,16249/7776,1,reciprocal_integer,This is a bounded computational sample. It does not prove the complete associate-class structure of the infinite monoid.
2096,16255/7776,1,16255/7776,1,reciprocal_integer,This is a bounded computational sample. It does not prove the complete associate-class structure of the infinite monoid.
2097,16273/7776,1,16273/7776,1,reciprocal_integer,This is a bounded computational sample. It does not prove the complete associate-class structure of the infinite monoid.
2098,16279/7776,1,16279/7776,1,reciprocal_integer,This is a bounded computational sample. It does not prove the complete associate-class structure of the infinite monoid.
2099,16285/7776,1,16285/7776,1,reciprocal_integer,This is a bounded computational sample. It does not prove the complete associate-class structure of the infinite monoid.
2100,16291/7776,1,16291/7776,1,reciprocal_integer,This is a bounded computational sample. It does not prove the complete associate-class structure of the infinite monoid.
2101,16309/7776,1,16309/7776,1,reciprocal_integer,This is a bounded computational sample. It does not prove the complete associate-class structure of the infinite monoid.
2102,16315/7776,1,16315/7776,1,reciprocal_integer,This is a bounded computational sample. It does not prove the complete associate-class structure of the infinite monoid.
2103,16321/7776,1,16321/7776,1,reciprocal_integer,This is a bounded computational sample. It does not prove the complete associate-class structure of the infinite monoid.
2104,16327/7776,1,16327/7776,1,reciprocal_integer,This is a bounded computational sample. It does not prove the complete associate-class structure of the infinite monoid.
2105,16849/7776,1,16849/7776,1,reciprocal_integer,This is a bounded computational sample. It does not prove the complete associate-class structure of the infinite monoid.
2106,16855/7776,1,16855/7776,1,reciprocal_integer,This is a bounded computational sample. It does not prove the complete associate-class structure of the infinite monoid.
2107,16861/7776,1,16861/7776,1,reciprocal_integer,This is a bounded computational sample. It does not prove the complete associate-class structure of the infinite monoid.
2108,16867/7776,1,16867/7776,1,reciprocal_integer,This is a bounded computational sample. It does not prove the complete associate-class structure of the infinite monoid.
2109,16885/7776,1,16885/7776,1,reciprocal_integer,This is a bounded computational sample. It does not prove the complete associate-class structure of the infinite monoid.
2110,16891/7776,1,16891/7776,1,reciprocal_integer,This is a bounded computational sample. It does not prove the complete associate-class structure of the infinite monoid.
2111,16897/7776,1,16897/7776,1,reciprocal_integer,This is a bounded computational sample. It does not prove the complete associate-class structure of the infinite monoid.
2112,16903/7776,1,16903/7776,1,reciprocal_integer,This is a bounded computational sample. It does not prove the complete associate-class structure of the infinite monoid.
2113,16921/7776,1,16921/7776,1,reciprocal_integer,This is a bounded computational sample. It does not prove the complete associate-class structure of the infinite monoid.
2114,16927/7776,1,16927/7776,1,reciprocal_integer,This is a bounded computational sample. It does not prove the complete associate-class structure of the infinite monoid.
2115,16933/7776,1,16933/7776,1,reciprocal_integer,This is a bounded computational sample. It does not prove the complete associate-class structure of the infinite monoid.
2116,16939/7776,1,16939/7776,1,reciprocal_integer,This is a bounded computational sample. It does not prove the complete associate-class structure of the infinite monoid.
2117,16957/7776,1,16957/7776,1,reciprocal_integer,This is a bounded computational sample. It does not prove the complete associate-class structure of the infinite monoid.
2118,16963/7776,1,16963/7776,1,reciprocal_integer,This is a bounded computational sample. It does not prove the complete associate-class structure of the infinite monoid.
2119,16969/7776,1,16969/7776,1,reciprocal_integer,This is a bounded computational sample. It does not prove the complete associate-class structure of the infinite monoid.
2120,16975/7776,1,16975/7776,1,reciprocal_integer,This is a bounded computational sample. It does not prove the complete associate-class structure of the infinite monoid.
2121,17065/7776,1,17065/7776,1,reciprocal_integer,This is a bounded computational sample. It does not prove the complete associate-class structure of the infinite monoid.
2122,17071/7776,1,17071/7776,1,reciprocal_integer,This is a bounded computational sample. It does not prove the complete associate-class structure of the infinite monoid.
2123,17077/7776,1,17077/7776,1,reciprocal_integer,This is a bounded computational sample. It does not prove the complete associate-class structure of the infinite monoid.
2124,17083/7776,1,17083/7776,1,reciprocal_integer,This is a bounded computational sample. It does not prove the complete associate-class structure of the infinite monoid.
2125,17101/7776,1,17101/7776,1,reciprocal_integer,This is a bounded computational sample. It does not prove the complete associate-class structure of the infinite monoid.
2126,17107/7776,1,17107/7776,1,reciprocal_integer,This is a bounded computational sample. It does not prove the complete associate-class structure of the infinite monoid.
2127,17113/7776,1,17113/7776,1,reciprocal_integer,This is a bounded computational sample. It does not prove the complete associate-class structure of the infinite monoid.
2128,17119/7776,1,17119/7776,1,reciprocal_integer,This is a bounded computational sample. It does not prove the complete associate-class structure of the infinite monoid.
2129,17137/7776,1,17137/7776,1,reciprocal_integer,This is a bounded computational sample. It does not prove the complete associate-class structure of the infinite monoid.
2130,17143/7776,1,17143/7776,1,reciprocal_integer,This is a bounded computational sample. It does not prove the complete associate-class structure of the infinite monoid.
2131,17149/7776,1,17149/7776,1,reciprocal_integer,This is a bounded computational sample. It does not prove the complete associate-class structure of the infinite monoid.
2132,17155/7776,1,17155/7776,1,reciprocal_integer,This is a bounded computational sample. It does not prove the complete associate-class structure of the infinite monoid.
2133,17173/7776,1,17173/7776,1,reciprocal_integer,This is a bounded computational sample. It does not prove the complete associate-class structure of the infinite monoid.
2134,17179/7776,1,17179/7776,1,reciprocal_integer,This is a bounded computational sample. It does not prove the complete associate-class structure of the infinite monoid.
2135,17185/7776,1,17185/7776,1,reciprocal_integer,This is a bounded computational sample. It does not prove the complete associate-class structure of the infinite monoid.
2136,17191/7776,1,17191/7776,1,reciprocal_integer,This is a bounded computational sample. It does not prove the complete associate-class structure of the infinite monoid.
2137,17281/7776,1,17281/7776,1,reciprocal_integer,This is a bounded computational sample. It does not prove the complete associate-class structure of the infinite monoid.
2138,17287/7776,1,17287/7776,1,reciprocal_integer,This is a bounded computational sample. It does not prove the complete associate-class structure of the infinite monoid.
2139,17293/7776,1,17293/7776,1,reciprocal_integer,This is a bounded computational sample. It does not prove the complete associate-class structure of the infinite monoid.
2140,17299/7776,1,17299/7776,1,reciprocal_integer,This is a bounded computational sample. It does not prove the complete associate-class structure of the infinite monoid.
2141,17317/7776,1,17317/7776,1,reciprocal_integer,This is a bounded computational sample. It does not prove the complete associate-class structure of the infinite monoid.
2142,17323/7776,1,17323/7776,1,reciprocal_integer,This is a bounded computational sample. It does not prove the complete associate-class structure of the infinite monoid.
2143,17329/7776,1,17329/7776,1,reciprocal_integer,This is a bounded computational sample. It does not prove the complete associate-class structure of the infinite monoid.
2144,17335/7776,1,17335/7776,1,reciprocal_integer,This is a bounded computational sample. It does not prove the complete associate-class structure of the infinite monoid.
2145,17353/7776,1,17353/7776,1,reciprocal_integer,This is a bounded computational sample. It does not prove the complete associate-class structure of the infinite monoid.
2146,17359/7776,1,17359/7776,1,reciprocal_integer,This is a bounded computational sample. It does not prove the complete associate-class structure of the infinite monoid.
2147,17365/7776,1,17365/7776,1,reciprocal_integer,This is a bounded computational sample. It does not prove the complete associate-class structure of the infinite monoid.
2148,17371/7776,1,17371/7776,1,reciprocal_integer,This is a bounded computational sample. It does not prove the complete associate-class structure of the infinite monoid.
2149,17389/7776,1,17389/7776,1,reciprocal_integer,This is a bounded computational sample. It does not prove the complete associate-class structure of the infinite monoid.
2150,17395/7776,1,17395/7776,1,reciprocal_integer,This is a bounded computational sample. It does not prove the complete associate-class structure of the infinite monoid.
2151,17401/7776,1,17401/7776,1,reciprocal_integer,This is a bounded computational sample. It does not prove the complete associate-class structure of the infinite monoid.
2152,17407/7776,1,17407/7776,1,reciprocal_integer,This is a bounded computational sample. It does not prove the complete associate-class structure of the infinite monoid.
2153,17497/7776,1,17497/7776,1,reciprocal_integer,This is a bounded computational sample. It does not prove the complete associate-class structure of the infinite monoid.
2154,17503/7776,1,17503/7776,1,reciprocal_integer,This is a bounded computational sample. It does not prove the complete associate-class structure of the infinite monoid.
2155,17509/7776,1,17509/7776,1,reciprocal_integer,This is a bounded computational sample. It does not prove the complete associate-class structure of the infinite monoid.
2156,17515/7776,1,17515/7776,1,reciprocal_integer,This is a bounded computational sample. It does not prove the complete associate-class structure of the infinite monoid.
2157,17533/7776,1,17533/7776,1,reciprocal_integer,This is a bounded computational sample. It does not prove the complete associate-class structure of the infinite monoid.
2158,17539/7776,1,17539/7776,1,reciprocal_integer,This is a bounded computational sample. It does not prove the complete associate-class structure of the infinite monoid.
2159,17545/7776,1,17545/7776,1,reciprocal_integer,This is a bounded computational sample. It does not prove the complete associate-class structure of the infinite monoid.
2160,17551/7776,1,17551/7776,1,reciprocal_integer,This is a bounded computational sample. It does not prove the complete associate-class structure of the infinite monoid.
2161,17569/7776,1,17569/7776,1,reciprocal_integer,This is a bounded computational sample. It does not prove the complete associate-class structure of the infinite monoid.
2162,17575/7776,1,17575/7776,1,reciprocal_integer,This is a bounded computational sample. It does not prove the complete associate-class structure of the infinite monoid.
2163,17581/7776,1,17581/7776,1,reciprocal_integer,This is a bounded computational sample. It does not prove the complete associate-class structure of the infinite monoid.
2164,17587/7776,1,17587/7776,1,reciprocal_integer,This is a bounded computational sample. It does not prove the complete associate-class structure of the infinite monoid.
2165,17605/7776,1,17605/7776,1,reciprocal_integer,This is a bounded computational sample. It does not prove the complete associate-class structure of the infinite monoid.
2166,17611/7776,1,17611/7776,1,reciprocal_integer,This is a bounded computational sample. It does not prove the complete associate-class structure of the infinite monoid.
2167,17617/7776,1,17617/7776,1,reciprocal_integer,This is a bounded computational sample. It does not prove the complete associate-class structure of the infinite monoid.
2168,17623/7776,1,17623/7776,1,reciprocal_integer,This is a bounded computational sample. It does not prove the complete associate-class structure of the infinite monoid.
2169,18145/7776,1,18145/7776,1,reciprocal_integer,This is a bounded computational sample. It does not prove the complete associate-class structure of the infinite monoid.
2170,18151/7776,1,18151/7776,1,reciprocal_integer,This is a bounded computational sample. It does not prove the complete associate-class structure of the infinite monoid.
2171,18157/7776,1,18157/7776,1,reciprocal_integer,This is a bounded computational sample. It does not prove the complete associate-class structure of the infinite monoid.
2172,18163/7776,1,18163/7776,1,reciprocal_integer,This is a bounded computational sample. It does not prove the complete associate-class structure of the infinite monoid.
2173,18181/7776,1,18181/7776,1,reciprocal_integer,This is a bounded computational sample. It does not prove the complete associate-class structure of the infinite monoid.
2174,18187/7776,1,18187/7776,1,reciprocal_integer,This is a bounded computational sample. It does not prove the complete associate-class structure of the infinite monoid.
2175,18193/7776,1,18193/7776,1,reciprocal_integer,This is a bounded computational sample. It does not prove the complete associate-class structure of the infinite monoid.
2176,18199/7776,1,18199/7776,1,reciprocal_integer,This is a bounded computational sample. It does not prove the complete associate-class structure of the infinite monoid.
2177,18217/7776,1,18217/7776,1,reciprocal_integer,This is a bounded computational sample. It does not prove the complete associate-class structure of the infinite monoid.
2178,18223/7776,1,18223/7776,1,reciprocal_integer,This is a bounded computational sample. It does not prove the complete associate-class structure of the infinite monoid.
2179,18229/7776,1,18229/7776,1,reciprocal_integer,This is a bounded computational sample. It does not prove the complete associate-class structure of the infinite monoid.
2180,18235/7776,1,18235/7776,1,reciprocal_integer,This is a bounded computational sample. It does not prove the complete associate-class structure of the infinite monoid.
2181,18253/7776,1,18253/7776,1,reciprocal_integer,This is a bounded computational sample. It does not prove the complete associate-class structure of the infinite monoid.
2182,18259/7776,1,18259/7776,1,reciprocal_integer,This is a bounded computational sample. It does not prove the complete associate-class structure of the infinite monoid.
2183,18265/7776,1,18265/7776,1,reciprocal_integer,This is a bounded computational sample. It does not prove the complete associate-class structure of the infinite monoid.
2184,18271/7776,1,18271/7776,1,reciprocal_integer,This is a bounded computational sample. It does not prove the complete associate-class structure of the infinite monoid.
2185,18361/7776,1,18361/7776,1,reciprocal_integer,This is a bounded computational sample. It does not prove the complete associate-class structure of the infinite monoid.
2186,18367/7776,1,18367/7776,1,reciprocal_integer,This is a bounded computational sample. It does not prove the complete associate-class structure of the infinite monoid.
2187,18373/7776,1,18373/7776,1,reciprocal_integer,This is a bounded computational sample. It does not prove the complete associate-class structure of the infinite monoid.
2188,18379/7776,1,18379/7776,1,reciprocal_integer,This is a bounded computational sample. It does not prove the complete associate-class structure of the infinite monoid.
2189,18397/7776,1,18397/7776,1,reciprocal_integer,This is a bounded computational sample. It does not prove the complete associate-class structure of the infinite monoid.
2190,18403/7776,1,18403/7776,1,reciprocal_integer,This is a bounded computational sample. It does not prove the complete associate-class structure of the infinite monoid.
2191,18409/7776,1,18409/7776,1,reciprocal_integer,This is a bounded computational sample. It does not prove the complete associate-class structure of the infinite monoid.
2192,18415/7776,1,18415/7776,1,reciprocal_integer,This is a bounded computational sample. It does not prove the complete associate-class structure of the infinite monoid.
2193,18433/7776,1,18433/7776,1,reciprocal_integer,This is a bounded computational sample. It does not prove the complete associate-class structure of the infinite monoid.
2194,18439/7776,1,18439/7776,1,reciprocal_integer,This is a bounded computational sample. It does not prove the complete associate-class structure of the infinite monoid.
2195,18445/7776,1,18445/7776,1,reciprocal_integer,This is a bounded computational sample. It does not prove the complete associate-class structure of the infinite monoid.
2196,18451/7776,1,18451/7776,1,reciprocal_integer,This is a bounded computational sample. It does not prove the complete associate-class structure of the infinite monoid.
2197,18469/7776,1,18469/7776,1,reciprocal_integer,This is a bounded computational sample. It does not prove the complete associate-class structure of the infinite monoid.
2198,18475/7776,1,18475/7776,1,reciprocal_integer,This is a bounded computational sample. It does not prove the complete associate-class structure of the infinite monoid.
2199,18481/7776,1,18481/7776,1,reciprocal_integer,This is a bounded computational sample. It does not prove the complete associate-class structure of the infinite monoid.
2200,18487/7776,1,18487/7776,1,reciprocal_integer,This is a bounded computational sample. It does not prove the complete associate-class structure of the infinite monoid.
2201,18577/7776,1,18577/7776,1,reciprocal_integer,This is a bounded computational sample. It does not prove the complete associate-class structure of the infinite monoid.
2202,18583/7776,1,18583/7776,1,reciprocal_integer,This is a bounded computational sample. It does not prove the complete associate-class structure of the infinite monoid.
2203,18589/7776,1,18589/7776,1,reciprocal_integer,This is a bounded computational sample. It does not prove the complete associate-class structure of the infinite monoid.
2204,18595/7776,1,18595/7776,1,reciprocal_integer,This is a bounded computational sample. It does not prove the complete associate-class structure of the infinite monoid.
2205,18613/7776,1,18613/7776,1,reciprocal_integer,This is a bounded computational sample. It does not prove the complete associate-class structure of the infinite monoid.
2206,18619/7776,1,18619/7776,1,reciprocal_integer,This is a bounded computational sample. It does not prove the complete associate-class structure of the infinite monoid.
2207,18625/7776,1,18625/7776,1,reciprocal_integer,This is a bounded computational sample. It does not prove the complete associate-class structure of the infinite monoid.
2208,18631/7776,1,18631/7776,1,reciprocal_integer,This is a bounded computational sample. It does not prove the complete associate-class structure of the infinite monoid.
2209,18649/7776,1,18649/7776,1,reciprocal_integer,This is a bounded computational sample. It does not prove the complete associate-class structure of the infinite monoid.
2210,18655/7776,1,18655/7776,1,reciprocal_integer,This is a bounded computational sample. It does not prove the complete associate-class structure of the infinite monoid.
2211,18661/7776,1,18661/7776,1,reciprocal_integer,This is a bounded computational sample. It does not prove the complete associate-class structure of the infinite monoid.
2212,18667/7776,1,18667/7776,1,reciprocal_integer,This is a bounded computational sample. It does not prove the complete associate-class structure of the infinite monoid.
2213,18685/7776,1,18685/7776,1,reciprocal_integer,This is a bounded computational sample. It does not prove the complete associate-class structure of the infinite monoid.
2214,18691/7776,1,18691/7776,1,reciprocal_integer,This is a bounded computational sample. It does not prove the complete associate-class structure of the infinite monoid.
2215,18697/7776,1,18697/7776,1,reciprocal_integer,This is a bounded computational sample. It does not prove the complete associate-class structure of the infinite monoid.
2216,18703/7776,1,18703/7776,1,reciprocal_integer,This is a bounded computational sample. It does not prove the complete associate-class structure of the infinite monoid.
2217,18793/7776,1,18793/7776,1,reciprocal_integer,This is a bounded computational sample. It does not prove the complete associate-class structure of the infinite monoid.
2218,18799/7776,1,18799/7776,1,reciprocal_integer,This is a bounded computational sample. It does not prove the complete associate-class structure of the infinite monoid.
2219,18805/7776,1,18805/7776,1,reciprocal_integer,This is a bounded computational sample. It does not prove the complete associate-class structure of the infinite monoid.
2220,18811/7776,1,18811/7776,1,reciprocal_integer,This is a bounded computational sample. It does not prove the complete associate-class structure of the infinite monoid.
2221,18829/7776,1,18829/7776,1,reciprocal_integer,This is a bounded computational sample. It does not prove the complete associate-class structure of the infinite monoid.
2222,18835/7776,1,18835/7776,1,reciprocal_integer,This is a bounded computational sample. It does not prove the complete associate-class structure of the infinite monoid.
2223,18841/7776,1,18841/7776,1,reciprocal_integer,This is a bounded computational sample. It does not prove the complete associate-class structure of the infinite monoid.
2224,18847/7776,1,18847/7776,1,reciprocal_integer,This is a bounded computational sample. It does not prove the complete associate-class structure of the infinite monoid.
2225,18865/7776,1,18865/7776,1,reciprocal_integer,This is a bounded computational sample. It does not prove the complete associate-class structure of the infinite monoid.
2226,18871/7776,1,18871/7776,1,reciprocal_integer,This is a bounded computational sample. It does not prove the complete associate-class structure of the infinite monoid.
2227,18877/7776,1,18877/7776,1,reciprocal_integer,This is a bounded computational sample. It does not prove the complete associate-class structure of the infinite monoid.
2228,18883/7776,1,18883/7776,1,reciprocal_integer,This is a bounded computational sample. It does not prove the complete associate-class structure of the infinite monoid.
2229,18901/7776,1,18901/7776,1,reciprocal_integer,This is a bounded computational sample. It does not prove the complete associate-class structure of the infinite monoid.
2230,18907/7776,1,18907/7776,1,reciprocal_integer,This is a bounded computational sample. It does not prove the complete associate-class structure of the infinite monoid.
2231,18913/7776,1,18913/7776,1,reciprocal_integer,This is a bounded computational sample. It does not prove the complete associate-class structure of the infinite monoid.
2232,18919/7776,1,18919/7776,1,reciprocal_integer,This is a bounded computational sample. It does not prove the complete associate-class structure of the infinite monoid.
2233,19441/7776,1,19441/7776,1,reciprocal_integer,This is a bounded computational sample. It does not prove the complete associate-class structure of the infinite monoid.
2234,19447/7776,1,19447/7776,1,reciprocal_integer,This is a bounded computational sample. It does not prove the complete associate-class structure of the infinite monoid.
2235,19453/7776,1,19453/7776,1,reciprocal_integer,This is a bounded computational sample. It does not prove the complete associate-class structure of the infinite monoid.
2236,19459/7776,1,19459/7776,1,reciprocal_integer,This is a bounded computational sample. It does not prove the complete associate-class structure of the infinite monoid.
2237,19477/7776,1,19477/7776,1,reciprocal_integer,This is a bounded computational sample. It does not prove the complete associate-class structure of the infinite monoid.
2238,19483/7776,1,19483/7776,1,reciprocal_integer,This is a bounded computational sample. It does not prove the complete associate-class structure of the infinite monoid.
2239,19489/7776,1,19489/7776,1,reciprocal_integer,This is a bounded computational sample. It does not prove the complete associate-class structure of the infinite monoid.
2240,19495/7776,1,19495/7776,1,reciprocal_integer,This is a bounded computational sample. It does not prove the complete associate-class structure of the infinite monoid.
2241,19513/7776,1,19513/7776,1,reciprocal_integer,This is a bounded computational sample. It does not prove the complete associate-class structure of the infinite monoid.
2242,19519/7776,1,19519/7776,1,reciprocal_integer,This is a bounded computational sample. It does not prove the complete associate-class structure of the infinite monoid.
2243,19525/7776,1,19525/7776,1,reciprocal_integer,This is a bounded computational sample. It does not prove the complete associate-class structure of the infinite monoid.
2244,19531/7776,1,19531/7776,1,reciprocal_integer,This is a bounded computational sample. It does not prove the complete associate-class structure of the infinite monoid.
2245,19549/7776,1,19549/7776,1,reciprocal_integer,This is a bounded computational sample. It does not prove the complete associate-class structure of the infinite monoid.
2246,19555/7776,1,19555/7776,1,reciprocal_integer,This is a bounded computational sample. It does not prove the complete associate-class structure of the infinite monoid.
2247,19561/7776,1,19561/7776,1,reciprocal_integer,This is a bounded computational sample. It does not prove the complete associate-class structure of the infinite monoid.
2248,19567/7776,1,19567/7776,1,reciprocal_integer,This is a bounded computational sample. It does not prove the complete associate-class structure of the infinite monoid.
2249,19657/7776,1,19657/7776,1,reciprocal_integer,This is a bounded computational sample. It does not prove the complete associate-class structure of the infinite monoid.
2250,19663/7776,1,19663/7776,1,reciprocal_integer,This is a bounded computational sample. It does not prove the complete associate-class structure of the infinite monoid.
2251,19669/7776,1,19669/7776,1,reciprocal_integer,This is a bounded computational sample. It does not prove the complete associate-class structure of the infinite monoid.
2252,19675/7776,1,19675/7776,1,reciprocal_integer,This is a bounded computational sample. It does not prove the complete associate-class structure of the infinite monoid.
2253,19693/7776,1,19693/7776,1,reciprocal_integer,This is a bounded computational sample. It does not prove the complete associate-class structure of the infinite monoid.
2254,19699/7776,1,19699/7776,1,reciprocal_integer,This is a bounded computational sample. It does not prove the complete associate-class structure of the infinite monoid.
2255,19705/7776,1,19705/7776,1,reciprocal_integer,This is a bounded computational sample. It does not prove the complete associate-class structure of the infinite monoid.
2256,19711/7776,1,19711/7776,1,reciprocal_integer,This is a bounded computational sample. It does not prove the complete associate-class structure of the infinite monoid.
2257,19729/7776,1,19729/7776,1,reciprocal_integer,This is a bounded computational sample. It does not prove the complete associate-class structure of the infinite monoid.
2258,19735/7776,1,19735/7776,1,reciprocal_integer,This is a bounded computational sample. It does not prove the complete associate-class structure of the infinite monoid.
2259,19741/7776,1,19741/7776,1,reciprocal_integer,This is a bounded computational sample. It does not prove the complete associate-class structure of the infinite monoid.
2260,19747/7776,1,19747/7776,1,reciprocal_integer,This is a bounded computational sample. It does not prove the complete associate-class structure of the infinite monoid.
2261,19765/7776,1,19765/7776,1,reciprocal_integer,This is a bounded computational sample. It does not prove the complete associate-class structure of the infinite monoid.
2262,19771/7776,1,19771/7776,1,reciprocal_integer,This is a bounded computational sample. It does not prove the complete associate-class structure of the infinite monoid.
2263,19777/7776,1,19777/7776,1,reciprocal_integer,This is a bounded computational sample. It does not prove the complete associate-class structure of the infinite monoid.
2264,19783/7776,1,19783/7776,1,reciprocal_integer,This is a bounded computational sample. It does not prove the complete associate-class structure of the infinite monoid.
2265,19873/7776,1,19873/7776,1,reciprocal_integer,This is a bounded computational sample. It does not prove the complete associate-class structure of the infinite monoid.
2266,19879/7776,1,19879/7776,1,reciprocal_integer,This is a bounded computational sample. It does not prove the complete associate-class structure of the infinite monoid.
2267,19885/7776,1,19885/7776,1,reciprocal_integer,This is a bounded computational sample. It does not prove the complete associate-class structure of the infinite monoid.
2268,19891/7776,1,19891/7776,1,reciprocal_integer,This is a bounded computational sample. It does not prove the complete associate-class structure of the infinite monoid.
2269,19909/7776,1,19909/7776,1,reciprocal_integer,This is a bounded computational sample. It does not prove the complete associate-class structure of the infinite monoid.
2270,19915/7776,1,19915/7776,1,reciprocal_integer,This is a bounded computational sample. It does not prove the complete associate-class structure of the infinite monoid.
2271,19921/7776,1,19921/7776,1,reciprocal_integer,This is a bounded computational sample. It does not prove the complete associate-class structure of the infinite monoid.
2272,19927/7776,1,19927/7776,1,reciprocal_integer,This is a bounded computational sample. It does not prove the complete associate-class structure of the infinite monoid.
2273,19945/7776,1,19945/7776,1,reciprocal_integer,This is a bounded computational sample. It does not prove the complete associate-class structure of the infinite monoid.
2274,19951/7776,1,19951/7776,1,reciprocal_integer,This is a bounded computational sample. It does not prove the complete associate-class structure of the infinite monoid.
2275,19957/7776,1,19957/7776,1,reciprocal_integer,This is a bounded computational sample. It does not prove the complete associate-class structure of the infinite monoid.
2276,19963/7776,1,19963/7776,1,reciprocal_integer,This is a bounded computational sample. It does not prove the complete associate-class structure of the infinite monoid.
2277,19981/7776,1,19981/7776,1,reciprocal_integer,This is a bounded computational sample. It does not prove the complete associate-class structure of the infinite monoid.
2278,19987/7776,1,19987/7776,1,reciprocal_integer,This is a bounded computational sample. It does not prove the complete associate-class structure of the infinite monoid.
2279,19993/7776,1,19993/7776,1,reciprocal_integer,This is a bounded computational sample. It does not prove the complete associate-class structure of the infinite monoid.
2280,19999/7776,1,19999/7776,1,reciprocal_integer,This is a bounded computational sample. It does not prove the complete associate-class structure of the infinite monoid.
2281,20089/7776,1,20089/7776,1,reciprocal_integer,This is a bounded computational sample. It does not prove the complete associate-class structure of the infinite monoid.
2282,20095/7776,1,20095/7776,1,reciprocal_integer,This is a bounded computational sample. It does not prove the complete associate-class structure of the infinite monoid.
2283,20101/7776,1,20101/7776,1,reciprocal_integer,This is a bounded computational sample. It does not prove the complete associate-class structure of the infinite monoid.
2284,20107/7776,1,20107/7776,1,reciprocal_integer,This is a bounded computational sample. It does not prove the complete associate-class structure of the infinite monoid.
2285,20125/7776,1,20125/7776,1,reciprocal_integer,This is a bounded computational sample. It does not prove the complete associate-class structure of the infinite monoid.
2286,20131/7776,1,20131/7776,1,reciprocal_integer,This is a bounded computational sample. It does not prove the complete associate-class structure of the infinite monoid.
2287,20137/7776,1,20137/7776,1,reciprocal_integer,This is a bounded computational sample. It does not prove the complete associate-class structure of the infinite monoid.
2288,20143/7776,1,20143/7776,1,reciprocal_integer,This is a bounded computational sample. It does not prove the complete associate-class structure of the infinite monoid.
2289,20161/7776,1,20161/7776,1,reciprocal_integer,This is a bounded computational sample. It does not prove the complete associate-class structure of the infinite monoid.
2290,20167/7776,1,20167/7776,1,reciprocal_integer,This is a bounded computational sample. It does not prove the complete associate-class structure of the infinite monoid.
2291,20173/7776,1,20173/7776,1,reciprocal_integer,This is a bounded computational sample. It does not prove the complete associate-class structure of the infinite monoid.
2292,20179/7776,1,20179/7776,1,reciprocal_integer,This is a bounded computational sample. It does not prove the complete associate-class structure of the infinite monoid.
2293,20197/7776,1,20197/7776,1,reciprocal_integer,This is a bounded computational sample. It does not prove the complete associate-class structure of the infinite monoid.
2294,20203/7776,1,20203/7776,1,reciprocal_integer,This is a bounded computational sample. It does not prove the complete associate-class structure of the infinite monoid.
2295,20209/7776,1,20209/7776,1,reciprocal_integer,This is a bounded computational sample. It does not prove the complete associate-class structure of the infinite monoid.
2296,20215/7776,1,20215/7776,1,reciprocal_integer,This is a bounded computational sample. It does not prove the complete associate-class structure of the infinite monoid.
2297,23329/7776,1,23329/7776,1,reciprocal_integer,This is a bounded computational sample. It does not prove the complete associate-class structure of the infinite monoid.
2298,23335/7776,1,23335/7776,1,reciprocal_integer,This is a bounded computational sample. It does not prove the complete associate-class structure of the infinite monoid.
2299,23341/7776,1,23341/7776,1,reciprocal_integer,This is a bounded computational sample. It does not prove the complete associate-class structure of the infinite monoid.
2300,23347/7776,1,23347/7776,1,reciprocal_integer,This is a bounded computational sample. It does not prove the complete associate-class structure of the infinite monoid.
2301,23365/7776,1,23365/7776,1,reciprocal_integer,This is a bounded computational sample. It does not prove the complete associate-class structure of the infinite monoid.
2302,23371/7776,1,23371/7776,1,reciprocal_integer,This is a bounded computational sample. It does not prove the complete associate-class structure of the infinite monoid.
2303,23377/7776,1,23377/7776,1,reciprocal_integer,This is a bounded computational sample. It does not prove the complete associate-class structure of the infinite monoid.
2304,23383/7776,1,23383/7776,1,reciprocal_integer,This is a bounded computational sample. It does not prove the complete associate-class structure of the infinite monoid.
2305,23401/7776,1,23401/7776,1,reciprocal_integer,This is a bounded computational sample. It does not prove the complete associate-class structure of the infinite monoid.
2306,23407/7776,1,23407/7776,1,reciprocal_integer,This is a bounded computational sample. It does not prove the complete associate-class structure of the infinite monoid.
2307,23413/7776,1,23413/7776,1,reciprocal_integer,This is a bounded computational sample. It does not prove the complete associate-class structure of the infinite monoid.
2308,23419/7776,1,23419/7776,1,reciprocal_integer,This is a bounded computational sample. It does not prove the complete associate-class structure of the infinite monoid.
2309,23437/7776,1,23437/7776,1,reciprocal_integer,This is a bounded computational sample. It does not prove the complete associate-class structure of the infinite monoid.
2310,23443/7776,1,23443/7776,1,reciprocal_integer,This is a bounded computational sample. It does not prove the complete associate-class structure of the infinite monoid.
2311,23449/7776,1,23449/7776,1,reciprocal_integer,This is a bounded computational sample. It does not prove the complete associate-class structure of the infinite monoid.
2312,23455/7776,1,23455/7776,1,reciprocal_integer,This is a bounded computational sample. It does not prove the complete associate-class structure of the infinite monoid.
2313,23545/7776,1,23545/7776,1,reciprocal_integer,This is a bounded computational sample. It does not prove the complete associate-class structure of the infinite monoid.
2314,23551/7776,1,23551/7776,1,reciprocal_integer,This is a bounded computational sample. It does not prove the complete associate-class structure of the infinite monoid.
2315,23557/7776,1,23557/7776,1,reciprocal_integer,This is a bounded computational sample. It does not prove the complete associate-class structure of the infinite monoid.
2316,23563/7776,1,23563/7776,1,reciprocal_integer,This is a bounded computational sample. It does not prove the complete associate-class structure of the infinite monoid.
2317,23581/7776,1,23581/7776,1,reciprocal_integer,This is a bounded computational sample. It does not prove the complete associate-class structure of the infinite monoid.
2318,23587/7776,1,23587/7776,1,reciprocal_integer,This is a bounded computational sample. It does not prove the complete associate-class structure of the infinite monoid.
2319,23593/7776,1,23593/7776,1,reciprocal_integer,This is a bounded computational sample. It does not prove the complete associate-class structure of the infinite monoid.
2320,23599/7776,1,23599/7776,1,reciprocal_integer,This is a bounded computational sample. It does not prove the complete associate-class structure of the infinite monoid.
2321,23617/7776,1,23617/7776,1,reciprocal_integer,This is a bounded computational sample. It does not prove the complete associate-class structure of the infinite monoid.
2322,23623/7776,1,23623/7776,1,reciprocal_integer,This is a bounded computational sample. It does not prove the complete associate-class structure of the infinite monoid.
2323,23629/7776,1,23629/7776,1,reciprocal_integer,This is a bounded computational sample. It does not prove the complete associate-class structure of the infinite monoid.
2324,23635/7776,1,23635/7776,1,reciprocal_integer,This is a bounded computational sample. It does not prove the complete associate-class structure of the infinite monoid.
2325,23653/7776,1,23653/7776,1,reciprocal_integer,This is a bounded computational sample. It does not prove the complete associate-class structure of the infinite monoid.
2326,23659/7776,1,23659/7776,1,reciprocal_integer,This is a bounded computational sample. It does not prove the complete associate-class structure of the infinite monoid.
2327,23665/7776,1,23665/7776,1,reciprocal_integer,This is a bounded computational sample. It does not prove the complete associate-class structure of the infinite monoid.
2328,23671/7776,1,23671/7776,1,reciprocal_integer,This is a bounded computational sample. It does not prove the complete associate-class structure of the infinite monoid.
2329,23761/7776,1,23761/7776,1,reciprocal_integer,This is a bounded computational sample. It does not prove the complete associate-class structure of the infinite monoid.
2330,23767/7776,1,23767/7776,1,reciprocal_integer,This is a bounded computational sample. It does not prove the complete associate-class structure of the infinite monoid.
2331,23773/7776,1,23773/7776,1,reciprocal_integer,This is a bounded computational sample. It does not prove the complete associate-class structure of the infinite monoid.
2332,23779/7776,1,23779/7776,1,reciprocal_integer,This is a bounded computational sample. It does not prove the complete associate-class structure of the infinite monoid.
2333,23797/7776,1,23797/7776,1,reciprocal_integer,This is a bounded computational sample. It does not prove the complete associate-class structure of the infinite monoid.
2334,23803/7776,1,23803/7776,1,reciprocal_integer,This is a bounded computational sample. It does not prove the complete associate-class structure of the infinite monoid.
2335,23809/7776,1,23809/7776,1,reciprocal_integer,This is a bounded computational sample. It does not prove the complete associate-class structure of the infinite monoid.
2336,23815/7776,1,23815/7776,1,reciprocal_integer,This is a bounded computational sample. It does not prove the complete associate-class structure of the infinite monoid.
2337,23833/7776,1,23833/7776,1,reciprocal_integer,This is a bounded computational sample. It does not prove the complete associate-class structure of the infinite monoid.
2338,23839/7776,1,23839/7776,1,reciprocal_integer,This is a bounded computational sample. It does not prove the complete associate-class structure of the infinite monoid.
2339,23845/7776,1,23845/7776,1,reciprocal_integer,This is a bounded computational sample. It does not prove the complete associate-class structure of the infinite monoid.
2340,23851/7776,1,23851/7776,1,reciprocal_integer,This is a bounded computational sample. It does not prove the complete associate-class structure of the infinite monoid.
2341,23869/7776,1,23869/7776,1,reciprocal_integer,This is a bounded computational sample. It does not prove the complete associate-class structure of the infinite monoid.
2342,23875/7776,1,23875/7776,1,reciprocal_integer,This is a bounded computational sample. It does not prove the complete associate-class structure of the infinite monoid.
2343,23881/7776,1,23881/7776,1,reciprocal_integer,This is a bounded computational sample. It does not prove the complete associate-class structure of the infinite monoid.
2344,23887/7776,1,23887/7776,1,reciprocal_integer,This is a bounded computational sample. It does not prove the complete associate-class structure of the infinite monoid.
2345,23977/7776,1,23977/7776,1,reciprocal_integer,This is a bounded computational sample. It does not prove the complete associate-class structure of the infinite monoid.
2346,23983/7776,1,23983/7776,1,reciprocal_integer,This is a bounded computational sample. It does not prove the complete associate-class structure of the infinite monoid.
2347,23989/7776,1,23989/7776,1,reciprocal_integer,This is a bounded computational sample. It does not prove the complete associate-class structure of the infinite monoid.
2348,23995/7776,1,23995/7776,1,reciprocal_integer,This is a bounded computational sample. It does not prove the complete associate-class structure of the infinite monoid.
2349,24013/7776,1,24013/7776,1,reciprocal_integer,This is a bounded computational sample. It does not prove the complete associate-class structure of the infinite monoid.
2350,24019/7776,1,24019/7776,1,reciprocal_integer,This is a bounded computational sample. It does not prove the complete associate-class structure of the infinite monoid.
2351,24025/7776,1,24025/7776,1,reciprocal_integer,This is a bounded computational sample. It does not prove the complete associate-class structure of the infinite monoid.
2352,24031/7776,1,24031/7776,1,reciprocal_integer,This is a bounded computational sample. It does not prove the complete associate-class structure of the infinite monoid.
2353,24049/7776,1,24049/7776,1,reciprocal_integer,This is a bounded computational sample. It does not prove the complete associate-class structure of the infinite monoid.
2354,24055/7776,1,24055/7776,1,reciprocal_integer,This is a bounded computational sample. It does not prove the complete associate-class structure of the infinite monoid.
2355,24061/7776,1,24061/7776,1,reciprocal_integer,This is a bounded computational sample. It does not prove the complete associate-class structure of the infinite monoid.
2356,24067/7776,1,24067/7776,1,reciprocal_integer,This is a bounded computational sample. It does not prove the complete associate-class structure of the infinite monoid.
2357,24085/7776,1,24085/7776,1,reciprocal_integer,This is a bounded computational sample. It does not prove the complete associate-class structure of the infinite monoid.
2358,24091/7776,1,24091/7776,1,reciprocal_integer,This is a bounded computational sample. It does not prove the complete associate-class structure of the infinite monoid.
2359,24097/7776,1,24097/7776,1,reciprocal_integer,This is a bounded computational sample. It does not prove the complete associate-class structure of the infinite monoid.
2360,24103/7776,1,24103/7776,1,reciprocal_integer,This is a bounded computational sample. It does not prove the complete associate-class structure of the infinite monoid.
2361,24625/7776,1,24625/7776,1,reciprocal_integer,This is a bounded computational sample. It does not prove the complete associate-class structure of the infinite monoid.
2362,24631/7776,1,24631/7776,1,reciprocal_integer,This is a bounded computational sample. It does not prove the complete associate-class structure of the infinite monoid.
2363,24637/7776,1,24637/7776,1,reciprocal_integer,This is a bounded computational sample. It does not prove the complete associate-class structure of the infinite monoid.
2364,24643/7776,1,24643/7776,1,reciprocal_integer,This is a bounded computational sample. It does not prove the complete associate-class structure of the infinite monoid.
2365,24661/7776,1,24661/7776,1,reciprocal_integer,This is a bounded computational sample. It does not prove the complete associate-class structure of the infinite monoid.
2366,24667/7776,1,24667/7776,1,reciprocal_integer,This is a bounded computational sample. It does not prove the complete associate-class structure of the infinite monoid.
2367,24673/7776,1,24673/7776,1,reciprocal_integer,This is a bounded computational sample. It does not prove the complete associate-class structure of the infinite monoid.
2368,24679/7776,1,24679/7776,1,reciprocal_integer,This is a bounded computational sample. It does not prove the complete associate-class structure of the infinite monoid.
2369,24697/7776,1,24697/7776,1,reciprocal_integer,This is a bounded computational sample. It does not prove the complete associate-class structure of the infinite monoid.
2370,24703/7776,1,24703/7776,1,reciprocal_integer,This is a bounded computational sample. It does not prove the complete associate-class structure of the infinite monoid.
2371,24709/7776,1,24709/7776,1,reciprocal_integer,This is a bounded computational sample. It does not prove the complete associate-class structure of the infinite monoid.
2372,24715/7776,1,24715/7776,1,reciprocal_integer,This is a bounded computational sample. It does not prove the complete associate-class structure of the infinite monoid.
2373,24733/7776,1,24733/7776,1,reciprocal_integer,This is a bounded computational sample. It does not prove the complete associate-class structure of the infinite monoid.
2374,24739/7776,1,24739/7776,1,reciprocal_integer,This is a bounded computational sample. It does not prove the complete associate-class structure of the infinite monoid.
2375,24745/7776,1,24745/7776,1,reciprocal_integer,This is a bounded computational sample. It does not prove the complete associate-class structure of the infinite monoid.
2376,24751/7776,1,24751/7776,1,reciprocal_integer,This is a bounded computational sample. It does not prove the complete associate-class structure of the infinite monoid.
2377,24841/7776,1,24841/7776,1,reciprocal_integer,This is a bounded computational sample. It does not prove the complete associate-class structure of the infinite monoid.
2378,24847/7776,1,24847/7776,1,reciprocal_integer,This is a bounded computational sample. It does not prove the complete associate-class structure of the infinite monoid.
2379,24853/7776,1,24853/7776,1,reciprocal_integer,This is a bounded computational sample. It does not prove the complete associate-class structure of the infinite monoid.
2380,24859/7776,1,24859/7776,1,reciprocal_integer,This is a bounded computational sample. It does not prove the complete associate-class structure of the infinite monoid.
2381,24877/7776,1,24877/7776,1,reciprocal_integer,This is a bounded computational sample. It does not prove the complete associate-class structure of the infinite monoid.
2382,24883/7776,1,24883/7776,1,reciprocal_integer,This is a bounded computational sample. It does not prove the complete associate-class structure of the infinite monoid.
2383,24889/7776,1,24889/7776,1,reciprocal_integer,This is a bounded computational sample. It does not prove the complete associate-class structure of the infinite monoid.
2384,24895/7776,1,24895/7776,1,reciprocal_integer,This is a bounded computational sample. It does not prove the complete associate-class structure of the infinite monoid.
2385,24913/7776,1,24913/7776,1,reciprocal_integer,This is a bounded computational sample. It does not prove the complete associate-class structure of the infinite monoid.
2386,24919/7776,1,24919/7776,1,reciprocal_integer,This is a bounded computational sample. It does not prove the complete associate-class structure of the infinite monoid.
2387,24925/7776,1,24925/7776,1,reciprocal_integer,This is a bounded computational sample. It does not prove the complete associate-class structure of the infinite monoid.
2388,24931/7776,1,24931/7776,1,reciprocal_integer,This is a bounded computational sample. It does not prove the complete associate-class structure of the infinite monoid.
2389,24949/7776,1,24949/7776,1,reciprocal_integer,This is a bounded computational sample. It does not prove the complete associate-class structure of the infinite monoid.
2390,24955/7776,1,24955/7776,1,reciprocal_integer,This is a bounded computational sample. It does not prove the complete associate-class structure of the infinite monoid.
2391,24961/7776,1,24961/7776,1,reciprocal_integer,This is a bounded computational sample. It does not prove the complete associate-class structure of the infinite monoid.
2392,24967/7776,1,24967/7776,1,reciprocal_integer,This is a bounded computational sample. It does not prove the complete associate-class structure of the infinite monoid.
2393,25057/7776,1,25057/7776,1,reciprocal_integer,This is a bounded computational sample. It does not prove the complete associate-class structure of the infinite monoid.
2394,25063/7776,1,25063/7776,1,reciprocal_integer,This is a bounded computational sample. It does not prove the complete associate-class structure of the infinite monoid.
2395,25069/7776,1,25069/7776,1,reciprocal_integer,This is a bounded computational sample. It does not prove the complete associate-class structure of the infinite monoid.
2396,25075/7776,1,25075/7776,1,reciprocal_integer,This is a bounded computational sample. It does not prove the complete associate-class structure of the infinite monoid.
2397,25093/7776,1,25093/7776,1,reciprocal_integer,This is a bounded computational sample. It does not prove the complete associate-class structure of the infinite monoid.
2398,25099/7776,1,25099/7776,1,reciprocal_integer,This is a bounded computational sample. It does not prove the complete associate-class structure of the infinite monoid.
2399,25105/7776,1,25105/7776,1,reciprocal_integer,This is a bounded computational sample. It does not prove the complete associate-class structure of the infinite monoid.
2400,25111/7776,1,25111/7776,1,reciprocal_integer,This is a bounded computational sample. It does not prove the complete associate-class structure of the infinite monoid.
2401,25129/7776,1,25129/7776,1,reciprocal_integer,This is a bounded computational sample. It does not prove the complete associate-class structure of the infinite monoid.
2402,25135/7776,1,25135/7776,1,reciprocal_integer,This is a bounded computational sample. It does not prove the complete associate-class structure of the infinite monoid.
2403,25141/7776,1,25141/7776,1,reciprocal_integer,This is a bounded computational sample. It does not prove the complete associate-class structure of the infinite monoid.
2404,25147/7776,1,25147/7776,1,reciprocal_integer,This is a bounded computational sample. It does not prove the complete associate-class structure of the infinite monoid.
2405,25165/7776,1,25165/7776,1,reciprocal_integer,This is a bounded computational sample. It does not prove the complete associate-class structure of the infinite monoid.
2406,25171/7776,1,25171/7776,1,reciprocal_integer,This is a bounded computational sample. It does not prove the complete associate-class structure of the infinite monoid.
2407,25177/7776,1,25177/7776,1,reciprocal_integer,This is a bounded computational sample. It does not prove the complete associate-class structure of the infinite monoid.
2408,25183/7776,1,25183/7776,1,reciprocal_integer,This is a bounded computational sample. It does not prove the complete associate-class structure of the infinite monoid.
2409,25273/7776,1,25273/7776,1,reciprocal_integer,This is a bounded computational sample. It does not prove the complete associate-class structure of the infinite monoid.
2410,25279/7776,1,25279/7776,1,reciprocal_integer,This is a bounded computational sample. It does not prove the complete associate-class structure of the infinite monoid.
2411,25285/7776,1,25285/7776,1,reciprocal_integer,This is a bounded computational sample. It does not prove the complete associate-class structure of the infinite monoid.
2412,25291/7776,1,25291/7776,1,reciprocal_integer,This is a bounded computational sample. It does not prove the complete associate-class structure of the infinite monoid.
2413,25309/7776,1,25309/7776,1,reciprocal_integer,This is a bounded computational sample. It does not prove the complete associate-class structure of the infinite monoid.
2414,25315/7776,1,25315/7776,1,reciprocal_integer,This is a bounded computational sample. It does not prove the complete associate-class structure of the infinite monoid.
2415,25321/7776,1,25321/7776,1,reciprocal_integer,This is a bounded computational sample. It does not prove the complete associate-class structure of the infinite monoid.
2416,25327/7776,1,25327/7776,1,reciprocal_integer,This is a bounded computational sample. It does not prove the complete associate-class structure of the infinite monoid.
2417,25345/7776,1,25345/7776,1,reciprocal_integer,This is a bounded computational sample. It does not prove the complete associate-class structure of the infinite monoid.
2418,25351/7776,1,25351/7776,1,reciprocal_integer,This is a bounded computational sample. It does not prove the complete associate-class structure of the infinite monoid.
2419,25357/7776,1,25357/7776,1,reciprocal_integer,This is a bounded computational sample. It does not prove the complete associate-class structure of the infinite monoid.
2420,25363/7776,1,25363/7776,1,reciprocal_integer,This is a bounded computational sample. It does not prove the complete associate-class structure of the infinite monoid.
2421,25381/7776,1,25381/7776,1,reciprocal_integer,This is a bounded computational sample. It does not prove the complete associate-class structure of the infinite monoid.
2422,25387/7776,1,25387/7776,1,reciprocal_integer,This is a bounded computational sample. It does not prove the complete associate-class structure of the infinite monoid.
2423,25393/7776,1,25393/7776,1,reciprocal_integer,This is a bounded computational sample. It does not prove the complete associate-class structure of the infinite monoid.
2424,25399/7776,1,25399/7776,1,reciprocal_integer,This is a bounded computational sample. It does not prove the complete associate-class structure of the infinite monoid.
2425,25921/7776,1,25921/7776,1,reciprocal_integer,This is a bounded computational sample. It does not prove the complete associate-class structure of the infinite monoid.
2426,25927/7776,1,25927/7776,1,reciprocal_integer,This is a bounded computational sample. It does not prove the complete associate-class structure of the infinite monoid.
2427,25933/7776,1,25933/7776,1,reciprocal_integer,This is a bounded computational sample. It does not prove the complete associate-class structure of the infinite monoid.
2428,25939/7776,1,25939/7776,1,reciprocal_integer,This is a bounded computational sample. It does not prove the complete associate-class structure of the infinite monoid.
2429,25957/7776,1,25957/7776,1,reciprocal_integer,This is a bounded computational sample. It does not prove the complete associate-class structure of the infinite monoid.
2430,25963/7776,1,25963/7776,1,reciprocal_integer,This is a bounded computational sample. It does not prove the complete associate-class structure of the infinite monoid.
2431,25969/7776,1,25969/7776,1,reciprocal_integer,This is a bounded computational sample. It does not prove the complete associate-class structure of the infinite monoid.
2432,25975/7776,1,25975/7776,1,reciprocal_integer,This is a bounded computational sample. It does not prove the complete associate-class structure of the infinite monoid.
2433,25993/7776,1,25993/7776,1,reciprocal_integer,This is a bounded computational sample. It does not prove the complete associate-class structure of the infinite monoid.
2434,25999/7776,1,25999/7776,1,reciprocal_integer,This is a bounded computational sample. It does not prove the complete associate-class structure of the infinite monoid.
2435,26005/7776,1,26005/7776,1,reciprocal_integer,This is a bounded computational sample. It does not prove the complete associate-class structure of the infinite monoid.
2436,26011/7776,1,26011/7776,1,reciprocal_integer,This is a bounded computational sample. It does not prove the complete associate-class structure of the infinite monoid.
2437,26029/7776,1,26029/7776,1,reciprocal_integer,This is a bounded computational sample. It does not prove the complete associate-class structure of the infinite monoid.
2438,26035/7776,1,26035/7776,1,reciprocal_integer,This is a bounded computational sample. It does not prove the complete associate-class structure of the infinite monoid.
2439,26041/7776,1,26041/7776,1,reciprocal_integer,This is a bounded computational sample. It does not prove the complete associate-class structure of the infinite monoid.
2440,26047/7776,1,26047/7776,1,reciprocal_integer,This is a bounded computational sample. It does not prove the complete associate-class structure of the infinite monoid.
2441,26137/7776,1,26137/7776,1,reciprocal_integer,This is a bounded computational sample. It does not prove the complete associate-class structure of the infinite monoid.
2442,26143/7776,1,26143/7776,1,reciprocal_integer,This is a bounded computational sample. It does not prove the complete associate-class structure of the infinite monoid.
2443,26149/7776,1,26149/7776,1,reciprocal_integer,This is a bounded computational sample. It does not prove the complete associate-class structure of the infinite monoid.
2444,26155/7776,1,26155/7776,1,reciprocal_integer,This is a bounded computational sample. It does not prove the complete associate-class structure of the infinite monoid.
2445,26173/7776,1,26173/7776,1,reciprocal_integer,This is a bounded computational sample. It does not prove the complete associate-class structure of the infinite monoid.
2446,26179/7776,1,26179/7776,1,reciprocal_integer,This is a bounded computational sample. It does not prove the complete associate-class structure of the infinite monoid.
2447,26185/7776,1,26185/7776,1,reciprocal_integer,This is a bounded computational sample. It does not prove the complete associate-class structure of the infinite monoid.
2448,26191/7776,1,26191/7776,1,reciprocal_integer,This is a bounded computational sample. It does not prove the complete associate-class structure of the infinite monoid.
2449,26209/7776,1,26209/7776,1,reciprocal_integer,This is a bounded computational sample. It does not prove the complete associate-class structure of the infinite monoid.
2450,26215/7776,1,26215/7776,1,reciprocal_integer,This is a bounded computational sample. It does not prove the complete associate-class structure of the infinite monoid.
2451,26221/7776,1,26221/7776,1,reciprocal_integer,This is a bounded computational sample. It does not prove the complete associate-class structure of the infinite monoid.
2452,26227/7776,1,26227/7776,1,reciprocal_integer,This is a bounded computational sample. It does not prove the complete associate-class structure of the infinite monoid.
2453,26245/7776,1,26245/7776,1,reciprocal_integer,This is a bounded computational sample. It does not prove the complete associate-class structure of the infinite monoid.
2454,26251/7776,1,26251/7776,1,reciprocal_integer,This is a bounded computational sample. It does not prove the complete associate-class structure of the infinite monoid.
2455,26257/7776,1,26257/7776,1,reciprocal_integer,This is a bounded computational sample. It does not prove the complete associate-class structure of the infinite monoid.
2456,26263/7776,1,26263/7776,1,reciprocal_integer,This is a bounded computational sample. It does not prove the complete associate-class structure of the infinite monoid.
2457,26353/7776,1,26353/7776,1,reciprocal_integer,This is a bounded computational sample. It does not prove the complete associate-class structure of the infinite monoid.
2458,26359/7776,1,26359/7776,1,reciprocal_integer,This is a bounded computational sample. It does not prove the complete associate-class structure of the infinite monoid.
2459,26365/7776,1,26365/7776,1,reciprocal_integer,This is a bounded computational sample. It does not prove the complete associate-class structure of the infinite monoid.
2460,26371/7776,1,26371/7776,1,reciprocal_integer,This is a bounded computational sample. It does not prove the complete associate-class structure of the infinite monoid.
2461,26389/7776,1,26389/7776,1,reciprocal_integer,This is a bounded computational sample. It does not prove the complete associate-class structure of the infinite monoid.
2462,26395/7776,1,26395/7776,1,reciprocal_integer,This is a bounded computational sample. It does not prove the complete associate-class structure of the infinite monoid.
2463,26401/7776,1,26401/7776,1,reciprocal_integer,This is a bounded computational sample. It does not prove the complete associate-class structure of the infinite monoid.
2464,26407/7776,1,26407/7776,1,reciprocal_integer,This is a bounded computational sample. It does not prove the complete associate-class structure of the infinite monoid.
2465,26425/7776,1,26425/7776,1,reciprocal_integer,This is a bounded computational sample. It does not prove the complete associate-class structure of the infinite monoid.
2466,26431/7776,1,26431/7776,1,reciprocal_integer,This is a bounded computational sample. It does not prove the complete associate-class structure of the infinite monoid.
2467,26437/7776,1,26437/7776,1,reciprocal_integer,This is a bounded computational sample. It does not prove the complete associate-class structure of the infinite monoid.
2468,26443/7776,1,26443/7776,1,reciprocal_integer,This is a bounded computational sample. It does not prove the complete associate-class structure of the infinite monoid.
2469,26461/7776,1,26461/7776,1,reciprocal_integer,This is a bounded computational sample. It does not prove the complete associate-class structure of the infinite monoid.
2470,26467/7776,1,26467/7776,1,reciprocal_integer,This is a bounded computational sample. It does not prove the complete associate-class structure of the infinite monoid.
2471,26473/7776,1,26473/7776,1,reciprocal_integer,This is a bounded computational sample. It does not prove the complete associate-class structure of the infinite monoid.
2472,26479/7776,1,26479/7776,1,reciprocal_integer,This is a bounded computational sample. It does not prove the complete associate-class structure of the infinite monoid.
2473,26569/7776,1,26569/7776,1,reciprocal_integer,This is a bounded computational sample. It does not prove the complete associate-class structure of the infinite monoid.
2474,26575/7776,1,26575/7776,1,reciprocal_integer,This is a bounded computational sample. It does not prove the complete associate-class structure of the infinite monoid.
2475,26581/7776,1,26581/7776,1,reciprocal_integer,This is a bounded computational sample. It does not prove the complete associate-class structure of the infinite monoid.
2476,26587/7776,1,26587/7776,1,reciprocal_integer,This is a bounded computational sample. It does not prove the complete associate-class structure of the infinite monoid.
2477,26605/7776,1,26605/7776,1,reciprocal_integer,This is a bounded computational sample. It does not prove the complete associate-class structure of the infinite monoid.
2478,26611/7776,1,26611/7776,1,reciprocal_integer,This is a bounded computational sample. It does not prove the complete associate-class structure of the infinite monoid.
2479,26617/7776,1,26617/7776,1,reciprocal_integer,This is a bounded computational sample. It does not prove the complete associate-class structure of the infinite monoid.
2480,26623/7776,1,26623/7776,1,reciprocal_integer,This is a bounded computational sample. It does not prove the complete associate-class structure of the infinite monoid.
2481,26641/7776,1,26641/7776,1,reciprocal_integer,This is a bounded computational sample. It does not prove the complete associate-class structure of the infinite monoid.
2482,26647/7776,1,26647/7776,1,reciprocal_integer,This is a bounded computational sample. It does not prove the complete associate-class structure of the infinite monoid.
2483,26653/7776,1,26653/7776,1,reciprocal_integer,This is a bounded computational sample. It does not prove the complete associate-class structure of the infinite monoid.
2484,26659/7776,1,26659/7776,1,reciprocal_integer,This is a bounded computational sample. It does not prove the complete associate-class structure of the infinite monoid.
2485,26677/7776,1,26677/7776,1,reciprocal_integer,This is a bounded computational sample. It does not prove the complete associate-class structure of the infinite monoid.
2486,26683/7776,1,26683/7776,1,reciprocal_integer,This is a bounded computational sample. It does not prove the complete associate-class structure of the infinite monoid.
2487,26689/7776,1,26689/7776,1,reciprocal_integer,This is a bounded computational sample. It does not prove the complete associate-class structure of the infinite monoid.
2488,26695/7776,1,26695/7776,1,reciprocal_integer,This is a bounded computational sample. It does not prove the complete associate-class structure of the infinite monoid.
2489,27217/7776,1,27217/7776,1,reciprocal_integer,This is a bounded computational sample. It does not prove the complete associate-class structure of the infinite monoid.
2490,27223/7776,1,27223/7776,1,reciprocal_integer,This is a bounded computational sample. It does not prove the complete associate-class structure of the infinite monoid.
2491,27229/7776,1,27229/7776,1,reciprocal_integer,This is a bounded computational sample. It does not prove the complete associate-class structure of the infinite monoid.
2492,27235/7776,1,27235/7776,1,reciprocal_integer,This is a bounded computational sample. It does not prove the complete associate-class structure of the infinite monoid.
2493,27253/7776,1,27253/7776,1,reciprocal_integer,This is a bounded computational sample. It does not prove the complete associate-class structure of the infinite monoid.
2494,27259/7776,1,27259/7776,1,reciprocal_integer,This is a bounded computational sample. It does not prove the complete associate-class structure of the infinite monoid.
2495,27265/7776,1,27265/7776,1,reciprocal_integer,This is a bounded computational sample. It does not prove the complete associate-class structure of the infinite monoid.
2496,27271/7776,1,27271/7776,1,reciprocal_integer,This is a bounded computational sample. It does not prove the complete associate-class structure of the infinite monoid.
2497,27289/7776,1,27289/7776,1,reciprocal_integer,This is a bounded computational sample. It does not prove the complete associate-class structure of the infinite monoid.
2498,27295/7776,1,27295/7776,1,reciprocal_integer,This is a bounded computational sample. It does not prove the complete associate-class structure of the infinite monoid.
2499,27301/7776,1,27301/7776,1,reciprocal_integer,This is a bounded computational sample. It does not prove the complete associate-class structure of the infinite monoid.
2500,27307/7776,1,27307/7776,1,reciprocal_integer,This is a bounded computational sample. It does not prove the complete associate-class structure of the infinite monoid.
2501,27325/7776,1,27325/7776,1,reciprocal_integer,This is a bounded computational sample. It does not prove the complete associate-class structure of the infinite monoid.
2502,27331/7776,1,27331/7776,1,reciprocal_integer,This is a bounded computational sample. It does not prove the complete associate-class structure of the infinite monoid.
2503,27337/7776,1,27337/7776,1,reciprocal_integer,This is a bounded computational sample. It does not prove the complete associate-class structure of the infinite monoid.
2504,27343/7776,1,27343/7776,1,reciprocal_integer,This is a bounded computational sample. It does not prove the complete associate-class structure of the infinite monoid.
2505,27433/7776,1,27433/7776,1,reciprocal_integer,This is a bounded computational sample. It does not prove the complete associate-class structure of the infinite monoid.
2506,27439/7776,1,27439/7776,1,reciprocal_integer,This is a bounded computational sample. It does not prove the complete associate-class structure of the infinite monoid.
2507,27445/7776,1,27445/7776,1,reciprocal_integer,This is a bounded computational sample. It does not prove the complete associate-class structure of the infinite monoid.
2508,27451/7776,1,27451/7776,1,reciprocal_integer,This is a bounded computational sample. It does not prove the complete associate-class structure of the infinite monoid.
2509,27469/7776,1,27469/7776,1,reciprocal_integer,This is a bounded computational sample. It does not prove the complete associate-class structure of the infinite monoid.
2510,27475/7776,1,27475/7776,1,reciprocal_integer,This is a bounded computational sample. It does not prove the complete associate-class structure of the infinite monoid.
2511,27481/7776,1,27481/7776,1,reciprocal_integer,This is a bounded computational sample. It does not prove the complete associate-class structure of the infinite monoid.
2512,27487/7776,1,27487/7776,1,reciprocal_integer,This is a bounded computational sample. It does not prove the complete associate-class structure of the infinite monoid.
2513,27505/7776,1,27505/7776,1,reciprocal_integer,This is a bounded computational sample. It does not prove the complete associate-class structure of the infinite monoid.
2514,27511/7776,1,27511/7776,1,reciprocal_integer,This is a bounded computational sample. It does not prove the complete associate-class structure of the infinite monoid.
2515,27517/7776,1,27517/7776,1,reciprocal_integer,This is a bounded computational sample. It does not prove the complete associate-class structure of the infinite monoid.
2516,27523/7776,1,27523/7776,1,reciprocal_integer,This is a bounded computational sample. It does not prove the complete associate-class structure of the infinite monoid.
2517,27541/7776,1,27541/7776,1,reciprocal_integer,This is a bounded computational sample. It does not prove the complete associate-class structure of the infinite monoid.
2518,27547/7776,1,27547/7776,1,reciprocal_integer,This is a bounded computational sample. It does not prove the complete associate-class structure of the infinite monoid.
2519,27553/7776,1,27553/7776,1,reciprocal_integer,This is a bounded computational sample. It does not prove the complete associate-class structure of the infinite monoid.
2520,27559/7776,1,27559/7776,1,reciprocal_integer,This is a bounded computational sample. It does not prove the complete associate-class structure of the infinite monoid.
2521,27649/7776,1,27649/7776,1,reciprocal_integer,This is a bounded computational sample. It does not prove the complete associate-class structure of the infinite monoid.
2522,27655/7776,1,27655/7776,1,reciprocal_integer,This is a bounded computational sample. It does not prove the complete associate-class structure of the infinite monoid.
2523,27661/7776,1,27661/7776,1,reciprocal_integer,This is a bounded computational sample. It does not prove the complete associate-class structure of the infinite monoid.
2524,27667/7776,1,27667/7776,1,reciprocal_integer,This is a bounded computational sample. It does not prove the complete associate-class structure of the infinite monoid.
2525,27685/7776,1,27685/7776,1,reciprocal_integer,This is a bounded computational sample. It does not prove the complete associate-class structure of the infinite monoid.
2526,27691/7776,1,27691/7776,1,reciprocal_integer,This is a bounded computational sample. It does not prove the complete associate-class structure of the infinite monoid.
2527,27697/7776,1,27697/7776,1,reciprocal_integer,This is a bounded computational sample. It does not prove the complete associate-class structure of the infinite monoid.
2528,27703/7776,1,27703/7776,1,reciprocal_integer,This is a bounded computational sample. It does not prove the complete associate-class structure of the infinite monoid.
2529,27721/7776,1,27721/7776,1,reciprocal_integer,This is a bounded computational sample. It does not prove the complete associate-class structure of the infinite monoid.
2530,27727/7776,1,27727/7776,1,reciprocal_integer,This is a bounded computational sample. It does not prove the complete associate-class structure of the infinite monoid.
2531,27733/7776,1,27733/7776,1,reciprocal_integer,This is a bounded computational sample. It does not prove the complete associate-class structure of the infinite monoid.
2532,27739/7776,1,27739/7776,1,reciprocal_integer,This is a bounded computational sample. It does not prove the complete associate-class structure of the infinite monoid.
2533,27757/7776,1,27757/7776,1,reciprocal_integer,This is a bounded computational sample. It does not prove the complete associate-class structure of the infinite monoid.
2534,27763/7776,1,27763/7776,1,reciprocal_integer,This is a bounded computational sample. It does not prove the complete associate-class structure of the infinite monoid.
2535,27769/7776,1,27769/7776,1,reciprocal_integer,This is a bounded computational sample. It does not prove the complete associate-class structure of the infinite monoid.
2536,27775/7776,1,27775/7776,1,reciprocal_integer,This is a bounded computational sample. It does not prove the complete associate-class structure of the infinite monoid.
2537,27865/7776,1,27865/7776,1,reciprocal_integer,This is a bounded computational sample. It does not prove the complete associate-class structure of the infinite monoid.
2538,27871/7776,1,27871/7776,1,reciprocal_integer,This is a bounded computational sample. It does not prove the complete associate-class structure of the infinite monoid.
2539,27877/7776,1,27877/7776,1,reciprocal_integer,This is a bounded computational sample. It does not prove the complete associate-class structure of the infinite monoid.
2540,27883/7776,1,27883/7776,1,reciprocal_integer,This is a bounded computational sample. It does not prove the complete associate-class structure of the infinite monoid.
2541,27901/7776,1,27901/7776,1,reciprocal_integer,This is a bounded computational sample. It does not prove the complete associate-class structure of the infinite monoid.
2542,27907/7776,1,27907/7776,1,reciprocal_integer,This is a bounded computational sample. It does not prove the complete associate-class structure of the infinite monoid.
2543,27913/7776,1,27913/7776,1,reciprocal_integer,This is a bounded computational sample. It does not prove the complete associate-class structure of the infinite monoid.
2544,27919/7776,1,27919/7776,1,reciprocal_integer,This is a bounded computational sample. It does not prove the complete associate-class structure of the infinite monoid.
2545,27937/7776,1,27937/7776,1,reciprocal_integer,This is a bounded computational sample. It does not prove the complete associate-class structure of the infinite monoid.
2546,27943/7776,1,27943/7776,1,reciprocal_integer,This is a bounded computational sample. It does not prove the complete associate-class structure of the infinite monoid.
2547,27949/7776,1,27949/7776,1,reciprocal_integer,This is a bounded computational sample. It does not prove the complete associate-class structure of the infinite monoid.
2548,27955/7776,1,27955/7776,1,reciprocal_integer,This is a bounded computational sample. It does not prove the complete associate-class structure of the infinite monoid.
2549,27973/7776,1,27973/7776,1,reciprocal_integer,This is a bounded computational sample. It does not prove the complete associate-class structure of the infinite monoid.
2550,27979/7776,1,27979/7776,1,reciprocal_integer,This is a bounded computational sample. It does not prove the complete associate-class structure of the infinite monoid.
2551,27985/7776,1,27985/7776,1,reciprocal_integer,This is a bounded computational sample. It does not prove the complete associate-class structure of the infinite monoid.
2552,27991/7776,1,27991/7776,1,reciprocal_integer,This is a bounded computational sample. It does not prove the complete associate-class structure of the infinite monoid.
