class_id,representative,class_size,elements,units_used,theoretical_case,notes
1,1,1,1,1,mixed_fraction,This is a bounded computational sample. It does not prove the complete associate-class structure of the infinite monoid.
2,2,1,2,1,mixed_fraction,This is a bounded computational sample. It does not prove the complete associate-class structure of the infinite monoid.
3,3,1,3,1,mixed_fraction,This is a bounded computational sample. It does not prove the complete associate-class structure of the infinite monoid.
4,4/3,1,4/3,1,mixed_fraction,This is a bounded computational sample. It does not prove the complete associate-class structure of the infinite monoid.
5,4/9,1,4/9,1,mixed_fraction,This is a bounded computational sample. It does not prove the complete associate-class structure of the infinite monoid.
6,7/3,1,7/3,1,mixed_fraction,This is a bounded computational sample. It does not prove the complete associate-class structure of the infinite monoid.
7,8/9,1,8/9,1,mixed_fraction,This is a bounded computational sample. It does not prove the complete associate-class structure of the infinite monoid.
8,10/3,1,10/3,1,mixed_fraction,This is a bounded computational sample. It does not prove the complete associate-class structure of the infinite monoid.
9,13/3,1,13/3,1,mixed_fraction,This is a bounded computational sample. It does not prove the complete associate-class structure of the infinite monoid.
10,13/9,1,13/9,1,mixed_fraction,This is a bounded computational sample. It does not prove the complete associate-class structure of the infinite monoid.
11,16/27,1,16/27,1,mixed_fraction,This is a bounded computational sample. It does not prove the complete associate-class structure of the infinite monoid.
12,16/81,1,16/81,1,mixed_fraction,This is a bounded computational sample. It does not prove the complete associate-class structure of the infinite monoid.
13,17/9,1,17/9,1,mixed_fraction,This is a bounded computational sample. It does not prove the complete associate-class structure of the infinite monoid.
14,22/9,1,22/9,1,mixed_fraction,This is a bounded computational sample. It does not prove the complete associate-class structure of the infinite monoid.
15,26/9,1,26/9,1,mixed_fraction,This is a bounded computational sample. It does not prove the complete associate-class structure of the infinite monoid.
16,28/27,1,28/27,1,mixed_fraction,This is a bounded computational sample. It does not prove the complete associate-class structure of the infinite monoid.
17,31/9,1,31/9,1,mixed_fraction,This is a bounded computational sample. It does not prove the complete associate-class structure of the infinite monoid.
18,32/81,1,32/81,1,mixed_fraction,This is a bounded computational sample. It does not prove the complete associate-class structure of the infinite monoid.
19,35/9,1,35/9,1,mixed_fraction,This is a bounded computational sample. It does not prove the complete associate-class structure of the infinite monoid.
20,40/27,1,40/27,1,mixed_fraction,This is a bounded computational sample. It does not prove the complete associate-class structure of the infinite monoid.
21,43/27,1,43/27,1,mixed_fraction,This is a bounded computational sample. It does not prove the complete associate-class structure of the infinite monoid.
22,52/27,1,52/27,1,mixed_fraction,This is a bounded computational sample. It does not prove the complete associate-class structure of the infinite monoid.
23,52/81,1,52/81,1,mixed_fraction,This is a bounded computational sample. It does not prove the complete associate-class structure of the infinite monoid.
24,55/27,1,55/27,1,mixed_fraction,This is a bounded computational sample. It does not prove the complete associate-class structure of the infinite monoid.
25,64/243,1,64/243,1,mixed_fraction,This is a bounded computational sample. It does not prove the complete associate-class structure of the infinite monoid.
26,64/729,1,64/729,1,mixed_fraction,This is a bounded computational sample. It does not prove the complete associate-class structure of the infinite monoid.
27,67/27,1,67/27,1,mixed_fraction,This is a bounded computational sample. It does not prove the complete associate-class structure of the infinite monoid.
28,68/81,1,68/81,1,mixed_fraction,This is a bounded computational sample. It does not prove the complete associate-class structure of the infinite monoid.
29,70/27,1,70/27,1,mixed_fraction,This is a bounded computational sample. It does not prove the complete associate-class structure of the infinite monoid.
30,79/27,1,79/27,1,mixed_fraction,This is a bounded computational sample. It does not prove the complete associate-class structure of the infinite monoid.
31,82/27,1,82/27,1,mixed_fraction,This is a bounded computational sample. It does not prove the complete associate-class structure of the infinite monoid.
32,88/81,1,88/81,1,mixed_fraction,This is a bounded computational sample. It does not prove the complete associate-class structure of the infinite monoid.
33,94/27,1,94/27,1,mixed_fraction,This is a bounded computational sample. It does not prove the complete associate-class structure of the infinite monoid.
34,97/27,1,97/27,1,mixed_fraction,This is a bounded computational sample. It does not prove the complete associate-class structure of the infinite monoid.
35,97/81,1,97/81,1,mixed_fraction,This is a bounded computational sample. It does not prove the complete associate-class structure of the infinite monoid.
36,104/81,1,104/81,1,mixed_fraction,This is a bounded computational sample. It does not prove the complete associate-class structure of the infinite monoid.
37,106/27,1,106/27,1,mixed_fraction,This is a bounded computational sample. It does not prove the complete associate-class structure of the infinite monoid.
38,109/27,1,109/27,1,mixed_fraction,This is a bounded computational sample. It does not prove the complete associate-class structure of the infinite monoid.
39,112/243,1,112/243,1,mixed_fraction,This is a bounded computational sample. It does not prove the complete associate-class structure of the infinite monoid.
40,113/81,1,113/81,1,mixed_fraction,This is a bounded computational sample. It does not prove the complete associate-class structure of the infinite monoid.
41,121/27,1,121/27,1,mixed_fraction,This is a bounded computational sample. It does not prove the complete associate-class structure of the infinite monoid.
42,124/81,1,124/81,1,mixed_fraction,This is a bounded computational sample. It does not prove the complete associate-class structure of the infinite monoid.
43,128/729,1,128/729,1,mixed_fraction,This is a bounded computational sample. It does not prove the complete associate-class structure of the infinite monoid.
44,133/27,1,133/27,1,mixed_fraction,This is a bounded computational sample. It does not prove the complete associate-class structure of the infinite monoid.
45,133/81,1,133/81,1,mixed_fraction,This is a bounded computational sample. It does not prove the complete associate-class structure of the infinite monoid.
46,140/81,1,140/81,1,mixed_fraction,This is a bounded computational sample. It does not prove the complete associate-class structure of the infinite monoid.
47,149/81,1,149/81,1,mixed_fraction,This is a bounded computational sample. It does not prove the complete associate-class structure of the infinite monoid.
48,160/243,1,160/243,1,mixed_fraction,This is a bounded computational sample. It does not prove the complete associate-class structure of the infinite monoid.
49,169/81,1,169/81,1,mixed_fraction,This is a bounded computational sample. It does not prove the complete associate-class structure of the infinite monoid.
50,172/243,1,172/243,1,mixed_fraction,This is a bounded computational sample. It does not prove the complete associate-class structure of the infinite monoid.
51,178/81,1,178/81,1,mixed_fraction,This is a bounded computational sample. It does not prove the complete associate-class structure of the infinite monoid.
52,185/81,1,185/81,1,mixed_fraction,This is a bounded computational sample. It does not prove the complete associate-class structure of the infinite monoid.
53,194/81,1,194/81,1,mixed_fraction,This is a bounded computational sample. It does not prove the complete associate-class structure of the infinite monoid.
54,205/81,1,205/81,1,mixed_fraction,This is a bounded computational sample. It does not prove the complete associate-class structure of the infinite monoid.
55,208/243,1,208/243,1,mixed_fraction,This is a bounded computational sample. It does not prove the complete associate-class structure of the infinite monoid.
56,208/729,1,208/729,1,mixed_fraction,This is a bounded computational sample. It does not prove the complete associate-class structure of the infinite monoid.
57,214/81,1,214/81,1,mixed_fraction,This is a bounded computational sample. It does not prove the complete associate-class structure of the infinite monoid.
58,220/243,1,220/243,1,mixed_fraction,This is a bounded computational sample. It does not prove the complete associate-class structure of the infinite monoid.
59,221/81,1,221/81,1,mixed_fraction,This is a bounded computational sample. It does not prove the complete associate-class structure of the infinite monoid.
60,230/81,1,230/81,1,mixed_fraction,This is a bounded computational sample. It does not prove the complete associate-class structure of the infinite monoid.
61,250/81,1,250/81,1,mixed_fraction,This is a bounded computational sample. It does not prove the complete associate-class structure of the infinite monoid.
62,256/2187,1,256/2187,1,mixed_fraction,This is a bounded computational sample. It does not prove the complete associate-class structure of the infinite monoid.
63,256/6561,1,256/6561,1,mixed_fraction,This is a bounded computational sample. It does not prove the complete associate-class structure of the infinite monoid.
64,259/81,1,259/81,1,mixed_fraction,This is a bounded computational sample. It does not prove the complete associate-class structure of the infinite monoid.
65,266/81,1,266/81,1,mixed_fraction,This is a bounded computational sample. It does not prove the complete associate-class structure of the infinite monoid.
66,268/243,1,268/243,1,mixed_fraction,This is a bounded computational sample. It does not prove the complete associate-class structure of the infinite monoid.
67,272/729,1,272/729,1,mixed_fraction,This is a bounded computational sample. It does not prove the complete associate-class structure of the infinite monoid.
68,275/81,1,275/81,1,mixed_fraction,This is a bounded computational sample. It does not prove the complete associate-class structure of the infinite monoid.
69,280/243,1,280/243,1,mixed_fraction,This is a bounded computational sample. It does not prove the complete associate-class structure of the infinite monoid.
70,286/81,1,286/81,1,mixed_fraction,This is a bounded computational sample. It does not prove the complete associate-class structure of the infinite monoid.
71,295/81,1,295/81,1,mixed_fraction,This is a bounded computational sample. It does not prove the complete associate-class structure of the infinite monoid.
72,302/81,1,302/81,1,mixed_fraction,This is a bounded computational sample. It does not prove the complete associate-class structure of the infinite monoid.
73,307/243,1,307/243,1,mixed_fraction,This is a bounded computational sample. It does not prove the complete associate-class structure of the infinite monoid.
74,311/81,1,311/81,1,mixed_fraction,This is a bounded computational sample. It does not prove the complete associate-class structure of the infinite monoid.
75,316/243,1,316/243,1,mixed_fraction,This is a bounded computational sample. It does not prove the complete associate-class structure of the infinite monoid.
76,328/243,1,328/243,1,mixed_fraction,This is a bounded computational sample. It does not prove the complete associate-class structure of the infinite monoid.
77,331/81,1,331/81,1,mixed_fraction,This is a bounded computational sample. It does not prove the complete associate-class structure of the infinite monoid.
78,347/81,1,347/81,1,mixed_fraction,This is a bounded computational sample. It does not prove the complete associate-class structure of the infinite monoid.
79,352/729,1,352/729,1,mixed_fraction,This is a bounded computational sample. It does not prove the complete associate-class structure of the infinite monoid.
80,355/243,1,355/243,1,mixed_fraction,This is a bounded computational sample. It does not prove the complete associate-class structure of the infinite monoid.
81,367/81,1,367/81,1,mixed_fraction,This is a bounded computational sample. It does not prove the complete associate-class structure of the infinite monoid.
82,376/243,1,376/243,1,mixed_fraction,This is a bounded computational sample. It does not prove the complete associate-class structure of the infinite monoid.
83,383/81,1,383/81,1,mixed_fraction,This is a bounded computational sample. It does not prove the complete associate-class structure of the infinite monoid.
84,388/243,1,388/243,1,mixed_fraction,This is a bounded computational sample. It does not prove the complete associate-class structure of the infinite monoid.
85,388/729,1,388/729,1,mixed_fraction,This is a bounded computational sample. It does not prove the complete associate-class structure of the infinite monoid.
86,403/243,1,403/243,1,mixed_fraction,This is a bounded computational sample. It does not prove the complete associate-class structure of the infinite monoid.
87,415/243,1,415/243,1,mixed_fraction,This is a bounded computational sample. It does not prove the complete associate-class structure of the infinite monoid.
88,416/729,1,416/729,1,mixed_fraction,This is a bounded computational sample. It does not prove the complete associate-class structure of the infinite monoid.
89,424/243,1,424/243,1,mixed_fraction,This is a bounded computational sample. It does not prove the complete associate-class structure of the infinite monoid.
90,436/243,1,436/243,1,mixed_fraction,This is a bounded computational sample. It does not prove the complete associate-class structure of the infinite monoid.
91,448/2187,1,448/2187,1,mixed_fraction,This is a bounded computational sample. It does not prove the complete associate-class structure of the infinite monoid.
92,451/243,1,451/243,1,mixed_fraction,This is a bounded computational sample. It does not prove the complete associate-class structure of the infinite monoid.
93,452/729,1,452/729,1,mixed_fraction,This is a bounded computational sample. It does not prove the complete associate-class structure of the infinite monoid.
94,463/243,1,463/243,1,mixed_fraction,This is a bounded computational sample. It does not prove the complete associate-class structure of the infinite monoid.
95,484/243,1,484/243,1,mixed_fraction,This is a bounded computational sample. It does not prove the complete associate-class structure of the infinite monoid.
96,496/729,1,496/729,1,mixed_fraction,This is a bounded computational sample. It does not prove the complete associate-class structure of the infinite monoid.
97,511/243,1,511/243,1,mixed_fraction,This is a bounded computational sample. It does not prove the complete associate-class structure of the infinite monoid.
98,512/6561,1,512/6561,1,mixed_fraction,This is a bounded computational sample. It does not prove the complete associate-class structure of the infinite monoid.
99,523/243,1,523/243,1,mixed_fraction,This is a bounded computational sample. It does not prove the complete associate-class structure of the infinite monoid.
100,532/243,1,532/243,1,mixed_fraction,This is a bounded computational sample. It does not prove the complete associate-class structure of the infinite monoid.
101,532/729,1,532/729,1,mixed_fraction,This is a bounded computational sample. It does not prove the complete associate-class structure of the infinite monoid.
102,550/243,1,550/243,1,mixed_fraction,This is a bounded computational sample. It does not prove the complete associate-class structure of the infinite monoid.
103,559/243,1,559/243,1,mixed_fraction,This is a bounded computational sample. It does not prove the complete associate-class structure of the infinite monoid.
104,560/729,1,560/729,1,mixed_fraction,This is a bounded computational sample. It does not prove the complete associate-class structure of the infinite monoid.
105,571/243,1,571/243,1,mixed_fraction,This is a bounded computational sample. It does not prove the complete associate-class structure of the infinite monoid.
106,596/729,1,596/729,1,mixed_fraction,This is a bounded computational sample. It does not prove the complete associate-class structure of the infinite monoid.
107,598/243,1,598/243,1,mixed_fraction,This is a bounded computational sample. It does not prove the complete associate-class structure of the infinite monoid.
108,619/243,1,619/243,1,mixed_fraction,This is a bounded computational sample. It does not prove the complete associate-class structure of the infinite monoid.
109,631/243,1,631/243,1,mixed_fraction,This is a bounded computational sample. It does not prove the complete associate-class structure of the infinite monoid.
110,640/2187,1,640/2187,1,mixed_fraction,This is a bounded computational sample. It does not prove the complete associate-class structure of the infinite monoid.
111,646/243,1,646/243,1,mixed_fraction,This is a bounded computational sample. It does not prove the complete associate-class structure of the infinite monoid.
112,658/243,1,658/243,1,mixed_fraction,This is a bounded computational sample. It does not prove the complete associate-class structure of the infinite monoid.
113,667/243,1,667/243,1,mixed_fraction,This is a bounded computational sample. It does not prove the complete associate-class structure of the infinite monoid.
114,676/729,1,676/729,1,mixed_fraction,This is a bounded computational sample. It does not prove the complete associate-class structure of the infinite monoid.
115,679/243,1,679/243,1,mixed_fraction,This is a bounded computational sample. It does not prove the complete associate-class structure of the infinite monoid.
116,688/2187,1,688/2187,1,mixed_fraction,This is a bounded computational sample. It does not prove the complete associate-class structure of the infinite monoid.
117,694/243,1,694/243,1,mixed_fraction,This is a bounded computational sample. It does not prove the complete associate-class structure of the infinite monoid.
118,706/243,1,706/243,1,mixed_fraction,This is a bounded computational sample. It does not prove the complete associate-class structure of the infinite monoid.
119,712/729,1,712/729,1,mixed_fraction,This is a bounded computational sample. It does not prove the complete associate-class structure of the infinite monoid.
120,727/243,1,727/243,1,mixed_fraction,This is a bounded computational sample. It does not prove the complete associate-class structure of the infinite monoid.
121,740/729,1,740/729,1,mixed_fraction,This is a bounded computational sample. It does not prove the complete associate-class structure of the infinite monoid.
122,754/243,1,754/243,1,mixed_fraction,This is a bounded computational sample. It does not prove the complete associate-class structure of the infinite monoid.
123,766/243,1,766/243,1,mixed_fraction,This is a bounded computational sample. It does not prove the complete associate-class structure of the infinite monoid.
124,775/243,1,775/243,1,mixed_fraction,This is a bounded computational sample. It does not prove the complete associate-class structure of the infinite monoid.
125,776/729,1,776/729,1,mixed_fraction,This is a bounded computational sample. It does not prove the complete associate-class structure of the infinite monoid.
126,793/243,1,793/243,1,mixed_fraction,This is a bounded computational sample. It does not prove the complete associate-class structure of the infinite monoid.
127,793/729,1,793/729,1,mixed_fraction,This is a bounded computational sample. It does not prove the complete associate-class structure of the infinite monoid.
128,802/243,1,802/243,1,mixed_fraction,This is a bounded computational sample. It does not prove the complete associate-class structure of the infinite monoid.
129,814/243,1,814/243,1,mixed_fraction,This is a bounded computational sample. It does not prove the complete associate-class structure of the infinite monoid.
130,820/729,1,820/729,1,mixed_fraction,This is a bounded computational sample. It does not prove the complete associate-class structure of the infinite monoid.
131,832/2187,1,832/2187,1,mixed_fraction,This is a bounded computational sample. It does not prove the complete associate-class structure of the infinite monoid.
132,832/6561,1,832/6561,1,mixed_fraction,This is a bounded computational sample. It does not prove the complete associate-class structure of the infinite monoid.
133,841/243,1,841/243,1,mixed_fraction,This is a bounded computational sample. It does not prove the complete associate-class structure of the infinite monoid.
134,856/729,1,856/729,1,mixed_fraction,This is a bounded computational sample. It does not prove the complete associate-class structure of the infinite monoid.
135,857/729,1,857/729,1,mixed_fraction,This is a bounded computational sample. It does not prove the complete associate-class structure of the infinite monoid.
136,862/243,1,862/243,1,mixed_fraction,This is a bounded computational sample. It does not prove the complete associate-class structure of the infinite monoid.
137,874/243,1,874/243,1,mixed_fraction,This is a bounded computational sample. It does not prove the complete associate-class structure of the infinite monoid.
138,880/2187,1,880/2187,1,mixed_fraction,This is a bounded computational sample. It does not prove the complete associate-class structure of the infinite monoid.
139,884/729,1,884/729,1,mixed_fraction,This is a bounded computational sample. It does not prove the complete associate-class structure of the infinite monoid.
140,889/243,1,889/243,1,mixed_fraction,This is a bounded computational sample. It does not prove the complete associate-class structure of the infinite monoid.
141,901/243,1,901/243,1,mixed_fraction,This is a bounded computational sample. It does not prove the complete associate-class structure of the infinite monoid.
142,910/243,1,910/243,1,mixed_fraction,This is a bounded computational sample. It does not prove the complete associate-class structure of the infinite monoid.
143,920/729,1,920/729,1,mixed_fraction,This is a bounded computational sample. It does not prove the complete associate-class structure of the infinite monoid.
144,922/243,1,922/243,1,mixed_fraction,This is a bounded computational sample. It does not prove the complete associate-class structure of the infinite monoid.
145,937/243,1,937/243,1,mixed_fraction,This is a bounded computational sample. It does not prove the complete associate-class structure of the infinite monoid.
146,937/729,1,937/729,1,mixed_fraction,This is a bounded computational sample. It does not prove the complete associate-class structure of the infinite monoid.
147,949/243,1,949/243,1,mixed_fraction,This is a bounded computational sample. It does not prove the complete associate-class structure of the infinite monoid.
148,970/243,1,970/243,1,mixed_fraction,This is a bounded computational sample. It does not prove the complete associate-class structure of the infinite monoid.
149,997/243,1,997/243,1,mixed_fraction,This is a bounded computational sample. It does not prove the complete associate-class structure of the infinite monoid.
150,1000/729,1,1000/729,1,mixed_fraction,This is a bounded computational sample. It does not prove the complete associate-class structure of the infinite monoid.
151,1001/729,1,1001/729,1,mixed_fraction,This is a bounded computational sample. It does not prove the complete associate-class structure of the infinite monoid.
152,1009/243,1,1009/243,1,mixed_fraction,This is a bounded computational sample. It does not prove the complete associate-class structure of the infinite monoid.
153,1018/243,1,1018/243,1,mixed_fraction,This is a bounded computational sample. It does not prove the complete associate-class structure of the infinite monoid.
154,1024/19683,1,1024/19683,1,mixed_fraction,This is a bounded computational sample. It does not prove the complete associate-class structure of the infinite monoid.
155,1024/59049,1,1024/59049,1,mixed_fraction,This is a bounded computational sample. It does not prove the complete associate-class structure of the infinite monoid.
156,1036/729,1,1036/729,1,mixed_fraction,This is a bounded computational sample. It does not prove the complete associate-class structure of the infinite monoid.
157,1045/243,1,1045/243,1,mixed_fraction,This is a bounded computational sample. It does not prove the complete associate-class structure of the infinite monoid.
158,1057/243,1,1057/243,1,mixed_fraction,This is a bounded computational sample. It does not prove the complete associate-class structure of the infinite monoid.
159,1064/729,1,1064/729,1,mixed_fraction,This is a bounded computational sample. It does not prove the complete associate-class structure of the infinite monoid.
160,1072/2187,1,1072/2187,1,mixed_fraction,This is a bounded computational sample. It does not prove the complete associate-class structure of the infinite monoid.
161,1081/729,1,1081/729,1,mixed_fraction,This is a bounded computational sample. It does not prove the complete associate-class structure of the infinite monoid.
162,1088/6561,1,1088/6561,1,mixed_fraction,This is a bounded computational sample. It does not prove the complete associate-class structure of the infinite monoid.
163,1100/729,1,1100/729,1,mixed_fraction,This is a bounded computational sample. It does not prove the complete associate-class structure of the infinite monoid.
164,1105/243,1,1105/243,1,mixed_fraction,This is a bounded computational sample. It does not prove the complete associate-class structure of the infinite monoid.
165,1117/243,1,1117/243,1,mixed_fraction,This is a bounded computational sample. It does not prove the complete associate-class structure of the infinite monoid.
166,1117/729,1,1117/729,1,mixed_fraction,This is a bounded computational sample. It does not prove the complete associate-class structure of the infinite monoid.
167,1120/2187,1,1120/2187,1,mixed_fraction,This is a bounded computational sample. It does not prove the complete associate-class structure of the infinite monoid.
168,1144/729,1,1144/729,1,mixed_fraction,This is a bounded computational sample. It does not prove the complete associate-class structure of the infinite monoid.
169,1145/729,1,1145/729,1,mixed_fraction,This is a bounded computational sample. It does not prove the complete associate-class structure of the infinite monoid.
170,1153/243,1,1153/243,1,mixed_fraction,This is a bounded computational sample. It does not prove the complete associate-class structure of the infinite monoid.
171,1165/243,1,1165/243,1,mixed_fraction,This is a bounded computational sample. It does not prove the complete associate-class structure of the infinite monoid.
172,1180/729,1,1180/729,1,mixed_fraction,This is a bounded computational sample. It does not prove the complete associate-class structure of the infinite monoid.
173,1181/729,1,1181/729,1,mixed_fraction,This is a bounded computational sample. It does not prove the complete associate-class structure of the infinite monoid.
174,1208/729,1,1208/729,1,mixed_fraction,This is a bounded computational sample. It does not prove the complete associate-class structure of the infinite monoid.
175,1213/243,1,1213/243,1,mixed_fraction,This is a bounded computational sample. It does not prove the complete associate-class structure of the infinite monoid.
176,1225/729,1,1225/729,1,mixed_fraction,This is a bounded computational sample. It does not prove the complete associate-class structure of the infinite monoid.
177,1228/2187,1,1228/2187,1,mixed_fraction,This is a bounded computational sample. It does not prove the complete associate-class structure of the infinite monoid.
178,1244/729,1,1244/729,1,mixed_fraction,This is a bounded computational sample. It does not prove the complete associate-class structure of the infinite monoid.
179,1261/243,1,1261/243,1,mixed_fraction,This is a bounded computational sample. It does not prove the complete associate-class structure of the infinite monoid.
180,1261/729,1,1261/729,1,mixed_fraction,This is a bounded computational sample. It does not prove the complete associate-class structure of the infinite monoid.
181,1264/2187,1,1264/2187,1,mixed_fraction,This is a bounded computational sample. It does not prove the complete associate-class structure of the infinite monoid.
182,1289/729,1,1289/729,1,mixed_fraction,This is a bounded computational sample. It does not prove the complete associate-class structure of the infinite monoid.
183,1312/2187,1,1312/2187,1,mixed_fraction,This is a bounded computational sample. It does not prove the complete associate-class structure of the infinite monoid.
184,1324/729,1,1324/729,1,mixed_fraction,This is a bounded computational sample. It does not prove the complete associate-class structure of the infinite monoid.
185,1325/729,1,1325/729,1,mixed_fraction,This is a bounded computational sample. It does not prove the complete associate-class structure of the infinite monoid.
186,1388/729,1,1388/729,1,mixed_fraction,This is a bounded computational sample. It does not prove the complete associate-class structure of the infinite monoid.
187,1405/729,1,1405/729,1,mixed_fraction,This is a bounded computational sample. It does not prove the complete associate-class structure of the infinite monoid.
188,1408/6561,1,1408/6561,1,mixed_fraction,This is a bounded computational sample. It does not prove the complete associate-class structure of the infinite monoid.
189,1420/2187,1,1420/2187,1,mixed_fraction,This is a bounded computational sample. It does not prove the complete associate-class structure of the infinite monoid.
190,1441/729,1,1441/729,1,mixed_fraction,This is a bounded computational sample. It does not prove the complete associate-class structure of the infinite monoid.
191,1468/729,1,1468/729,1,mixed_fraction,This is a bounded computational sample. It does not prove the complete associate-class structure of the infinite monoid.
192,1469/729,1,1469/729,1,mixed_fraction,This is a bounded computational sample. It does not prove the complete associate-class structure of the infinite monoid.
193,1504/2187,1,1504/2187,1,mixed_fraction,This is a bounded computational sample. It does not prove the complete associate-class structure of the infinite monoid.
194,1505/729,1,1505/729,1,mixed_fraction,This is a bounded computational sample. It does not prove the complete associate-class structure of the infinite monoid.
195,1522/729,1,1522/729,1,mixed_fraction,This is a bounded computational sample. It does not prove the complete associate-class structure of the infinite monoid.
196,1532/729,1,1532/729,1,mixed_fraction,This is a bounded computational sample. It does not prove the complete associate-class structure of the infinite monoid.
197,1549/729,1,1549/729,1,mixed_fraction,This is a bounded computational sample. It does not prove the complete associate-class structure of the infinite monoid.
198,1552/2187,1,1552/2187,1,mixed_fraction,This is a bounded computational sample. It does not prove the complete associate-class structure of the infinite monoid.
199,1552/6561,1,1552/6561,1,mixed_fraction,This is a bounded computational sample. It does not prove the complete associate-class structure of the infinite monoid.
200,1585/729,1,1585/729,1,mixed_fraction,This is a bounded computational sample. It does not prove the complete associate-class structure of the infinite monoid.
201,1586/729,1,1586/729,1,mixed_fraction,This is a bounded computational sample. It does not prove the complete associate-class structure of the infinite monoid.
202,1612/2187,1,1612/2187,1,mixed_fraction,This is a bounded computational sample. It does not prove the complete associate-class structure of the infinite monoid.
203,1613/729,1,1613/729,1,mixed_fraction,This is a bounded computational sample. It does not prove the complete associate-class structure of the infinite monoid.
204,1649/729,1,1649/729,1,mixed_fraction,This is a bounded computational sample. It does not prove the complete associate-class structure of the infinite monoid.
205,1660/2187,1,1660/2187,1,mixed_fraction,This is a bounded computational sample. It does not prove the complete associate-class structure of the infinite monoid.
206,1664/6561,1,1664/6561,1,mixed_fraction,This is a bounded computational sample. It does not prove the complete associate-class structure of the infinite monoid.
207,1666/729,1,1666/729,1,mixed_fraction,This is a bounded computational sample. It does not prove the complete associate-class structure of the infinite monoid.
208,1696/2187,1,1696/2187,1,mixed_fraction,This is a bounded computational sample. It does not prove the complete associate-class structure of the infinite monoid.
209,1729/729,1,1729/729,1,mixed_fraction,This is a bounded computational sample. It does not prove the complete associate-class structure of the infinite monoid.
210,1730/729,1,1730/729,1,mixed_fraction,This is a bounded computational sample. It does not prove the complete associate-class structure of the infinite monoid.
211,1744/2187,1,1744/2187,1,mixed_fraction,This is a bounded computational sample. It does not prove the complete associate-class structure of the infinite monoid.
212,1765/729,1,1765/729,1,mixed_fraction,This is a bounded computational sample. It does not prove the complete associate-class structure of the infinite monoid.
213,1792/19683,1,1792/19683,1,mixed_fraction,This is a bounded computational sample. It does not prove the complete associate-class structure of the infinite monoid.
214,1793/729,1,1793/729,1,mixed_fraction,This is a bounded computational sample. It does not prove the complete associate-class structure of the infinite monoid.
215,1804/2187,1,1804/2187,1,mixed_fraction,This is a bounded computational sample. It does not prove the complete associate-class structure of the infinite monoid.
216,1808/6561,1,1808/6561,1,mixed_fraction,This is a bounded computational sample. It does not prove the complete associate-class structure of the infinite monoid.
217,1810/729,1,1810/729,1,mixed_fraction,This is a bounded computational sample. It does not prove the complete associate-class structure of the infinite monoid.
218,1829/729,1,1829/729,1,mixed_fraction,This is a bounded computational sample. It does not prove the complete associate-class structure of the infinite monoid.
219,1846/729,1,1846/729,1,mixed_fraction,This is a bounded computational sample. It does not prove the complete associate-class structure of the infinite monoid.
220,1852/2187,1,1852/2187,1,mixed_fraction,This is a bounded computational sample. It does not prove the complete associate-class structure of the infinite monoid.
221,1873/729,1,1873/729,1,mixed_fraction,This is a bounded computational sample. It does not prove the complete associate-class structure of the infinite monoid.
222,1874/729,1,1874/729,1,mixed_fraction,This is a bounded computational sample. It does not prove the complete associate-class structure of the infinite monoid.
223,1909/729,1,1909/729,1,mixed_fraction,This is a bounded computational sample. It does not prove the complete associate-class structure of the infinite monoid.
224,1910/729,1,1910/729,1,mixed_fraction,This is a bounded computational sample. It does not prove the complete associate-class structure of the infinite monoid.
225,1936/2187,1,1936/2187,1,mixed_fraction,This is a bounded computational sample. It does not prove the complete associate-class structure of the infinite monoid.
226,1937/729,1,1937/729,1,mixed_fraction,This is a bounded computational sample. It does not prove the complete associate-class structure of the infinite monoid.
227,1954/729,1,1954/729,1,mixed_fraction,This is a bounded computational sample. It does not prove the complete associate-class structure of the infinite monoid.
228,1973/729,1,1973/729,1,mixed_fraction,This is a bounded computational sample. It does not prove the complete associate-class structure of the infinite monoid.
229,1984/6561,1,1984/6561,1,mixed_fraction,This is a bounded computational sample. It does not prove the complete associate-class structure of the infinite monoid.
230,1990/729,1,1990/729,1,mixed_fraction,This is a bounded computational sample. It does not prove the complete associate-class structure of the infinite monoid.
231,2018/729,1,2018/729,1,mixed_fraction,This is a bounded computational sample. It does not prove the complete associate-class structure of the infinite monoid.
232,2044/2187,1,2044/2187,1,mixed_fraction,This is a bounded computational sample. It does not prove the complete associate-class structure of the infinite monoid.
233,2048/59049,1,2048/59049,1,mixed_fraction,This is a bounded computational sample. It does not prove the complete associate-class structure of the infinite monoid.
234,2053/729,1,2053/729,1,mixed_fraction,This is a bounded computational sample. It does not prove the complete associate-class structure of the infinite monoid.
235,2054/729,1,2054/729,1,mixed_fraction,This is a bounded computational sample. It does not prove the complete associate-class structure of the infinite monoid.
236,2092/2187,1,2092/2187,1,mixed_fraction,This is a bounded computational sample. It does not prove the complete associate-class structure of the infinite monoid.
237,2117/729,1,2117/729,1,mixed_fraction,This is a bounded computational sample. It does not prove the complete associate-class structure of the infinite monoid.
238,2128/2187,1,2128/2187,1,mixed_fraction,This is a bounded computational sample. It does not prove the complete associate-class structure of the infinite monoid.
239,2128/6561,1,2128/6561,1,mixed_fraction,This is a bounded computational sample. It does not prove the complete associate-class structure of the infinite monoid.
240,2134/729,1,2134/729,1,mixed_fraction,This is a bounded computational sample. It does not prove the complete associate-class structure of the infinite monoid.
241,2170/729,1,2170/729,1,mixed_fraction,This is a bounded computational sample. It does not prove the complete associate-class structure of the infinite monoid.
242,2197/729,1,2197/729,1,mixed_fraction,This is a bounded computational sample. It does not prove the complete associate-class structure of the infinite monoid.
243,2198/729,1,2198/729,1,mixed_fraction,This is a bounded computational sample. It does not prove the complete associate-class structure of the infinite monoid.
244,2200/2187,1,2200/2187,1,mixed_fraction,This is a bounded computational sample. It does not prove the complete associate-class structure of the infinite monoid.
245,2234/729,1,2234/729,1,mixed_fraction,This is a bounded computational sample. It does not prove the complete associate-class structure of the infinite monoid.
246,2236/2187,1,2236/2187,1,mixed_fraction,This is a bounded computational sample. It does not prove the complete associate-class structure of the infinite monoid.
247,2240/6561,1,2240/6561,1,mixed_fraction,This is a bounded computational sample. It does not prove the complete associate-class structure of the infinite monoid.
248,2251/729,1,2251/729,1,mixed_fraction,This is a bounded computational sample. It does not prove the complete associate-class structure of the infinite monoid.
249,2261/729,1,2261/729,1,mixed_fraction,This is a bounded computational sample. It does not prove the complete associate-class structure of the infinite monoid.
250,2278/729,1,2278/729,1,mixed_fraction,This is a bounded computational sample. It does not prove the complete associate-class structure of the infinite monoid.
251,2284/2187,1,2284/2187,1,mixed_fraction,This is a bounded computational sample. It does not prove the complete associate-class structure of the infinite monoid.
252,2314/729,1,2314/729,1,mixed_fraction,This is a bounded computational sample. It does not prove the complete associate-class structure of the infinite monoid.
253,2315/729,1,2315/729,1,mixed_fraction,This is a bounded computational sample. It does not prove the complete associate-class structure of the infinite monoid.
254,2342/729,1,2342/729,1,mixed_fraction,This is a bounded computational sample. It does not prove the complete associate-class structure of the infinite monoid.
255,2378/729,1,2378/729,1,mixed_fraction,This is a bounded computational sample. It does not prove the complete associate-class structure of the infinite monoid.
256,2384/6561,1,2384/6561,1,mixed_fraction,This is a bounded computational sample. It does not prove the complete associate-class structure of the infinite monoid.
257,2392/2187,1,2392/2187,1,mixed_fraction,This is a bounded computational sample. It does not prove the complete associate-class structure of the infinite monoid.
258,2395/729,1,2395/729,1,mixed_fraction,This is a bounded computational sample. It does not prove the complete associate-class structure of the infinite monoid.
259,2443/2187,1,2443/2187,1,mixed_fraction,This is a bounded computational sample. It does not prove the complete associate-class structure of the infinite monoid.
260,2458/729,1,2458/729,1,mixed_fraction,This is a bounded computational sample. It does not prove the complete associate-class structure of the infinite monoid.
261,2459/729,1,2459/729,1,mixed_fraction,This is a bounded computational sample. It does not prove the complete associate-class structure of the infinite monoid.
262,2476/2187,1,2476/2187,1,mixed_fraction,This is a bounded computational sample. It does not prove the complete associate-class structure of the infinite monoid.
263,2494/729,1,2494/729,1,mixed_fraction,This is a bounded computational sample. It does not prove the complete associate-class structure of the infinite monoid.
264,2522/729,1,2522/729,1,mixed_fraction,This is a bounded computational sample. It does not prove the complete associate-class structure of the infinite monoid.
265,2524/2187,1,2524/2187,1,mixed_fraction,This is a bounded computational sample. It does not prove the complete associate-class structure of the infinite monoid.
266,2539/729,1,2539/729,1,mixed_fraction,This is a bounded computational sample. It does not prove the complete associate-class structure of the infinite monoid.
267,2558/729,1,2558/729,1,mixed_fraction,This is a bounded computational sample. It does not prove the complete associate-class structure of the infinite monoid.
268,2560/19683,1,2560/19683,1,mixed_fraction,This is a bounded computational sample. It does not prove the complete associate-class structure of the infinite monoid.
269,2575/729,1,2575/729,1,mixed_fraction,This is a bounded computational sample. It does not prove the complete associate-class structure of the infinite monoid.
270,2584/2187,1,2584/2187,1,mixed_fraction,This is a bounded computational sample. It does not prove the complete associate-class structure of the infinite monoid.
271,2602/729,1,2602/729,1,mixed_fraction,This is a bounded computational sample. It does not prove the complete associate-class structure of the infinite monoid.
272,2603/729,1,2603/729,1,mixed_fraction,This is a bounded computational sample. It does not prove the complete associate-class structure of the infinite monoid.
273,2632/2187,1,2632/2187,1,mixed_fraction,This is a bounded computational sample. It does not prove the complete associate-class structure of the infinite monoid.
274,2635/2187,1,2635/2187,1,mixed_fraction,This is a bounded computational sample. It does not prove the complete associate-class structure of the infinite monoid.
275,2638/729,1,2638/729,1,mixed_fraction,This is a bounded computational sample. It does not prove the complete associate-class structure of the infinite monoid.
276,2639/729,1,2639/729,1,mixed_fraction,This is a bounded computational sample. It does not prove the complete associate-class structure of the infinite monoid.
277,2666/729,1,2666/729,1,mixed_fraction,This is a bounded computational sample. It does not prove the complete associate-class structure of the infinite monoid.
278,2668/2187,1,2668/2187,1,mixed_fraction,This is a bounded computational sample. It does not prove the complete associate-class structure of the infinite monoid.
279,2683/729,1,2683/729,1,mixed_fraction,This is a bounded computational sample. It does not prove the complete associate-class structure of the infinite monoid.
280,2702/729,1,2702/729,1,mixed_fraction,This is a bounded computational sample. It does not prove the complete associate-class structure of the infinite monoid.
281,2704/6561,1,2704/6561,1,mixed_fraction,This is a bounded computational sample. It does not prove the complete associate-class structure of the infinite monoid.
282,2716/2187,1,2716/2187,1,mixed_fraction,This is a bounded computational sample. It does not prove the complete associate-class structure of the infinite monoid.
283,2719/729,1,2719/729,1,mixed_fraction,This is a bounded computational sample. It does not prove the complete associate-class structure of the infinite monoid.
284,2747/729,1,2747/729,1,mixed_fraction,This is a bounded computational sample. It does not prove the complete associate-class structure of the infinite monoid.
285,2752/19683,1,2752/19683,1,mixed_fraction,This is a bounded computational sample. It does not prove the complete associate-class structure of the infinite monoid.
286,2776/2187,1,2776/2187,1,mixed_fraction,This is a bounded computational sample. It does not prove the complete associate-class structure of the infinite monoid.
287,2782/729,1,2782/729,1,mixed_fraction,This is a bounded computational sample. It does not prove the complete associate-class structure of the infinite monoid.
288,2783/729,1,2783/729,1,mixed_fraction,This is a bounded computational sample. It does not prove the complete associate-class structure of the infinite monoid.
289,2824/2187,1,2824/2187,1,mixed_fraction,This is a bounded computational sample. It does not prove the complete associate-class structure of the infinite monoid.
290,2827/2187,1,2827/2187,1,mixed_fraction,This is a bounded computational sample. It does not prove the complete associate-class structure of the infinite monoid.
291,2846/729,1,2846/729,1,mixed_fraction,This is a bounded computational sample. It does not prove the complete associate-class structure of the infinite monoid.
292,2848/6561,1,2848/6561,1,mixed_fraction,This is a bounded computational sample. It does not prove the complete associate-class structure of the infinite monoid.
293,2863/729,1,2863/729,1,mixed_fraction,This is a bounded computational sample. It does not prove the complete associate-class structure of the infinite monoid.
294,2875/2187,1,2875/2187,1,mixed_fraction,This is a bounded computational sample. It does not prove the complete associate-class structure of the infinite monoid.
295,2899/729,1,2899/729,1,mixed_fraction,This is a bounded computational sample. It does not prove the complete associate-class structure of the infinite monoid.
296,2908/2187,1,2908/2187,1,mixed_fraction,This is a bounded computational sample. It does not prove the complete associate-class structure of the infinite monoid.
297,2926/729,1,2926/729,1,mixed_fraction,This is a bounded computational sample. It does not prove the complete associate-class structure of the infinite monoid.
298,2927/729,1,2927/729,1,mixed_fraction,This is a bounded computational sample. It does not prove the complete associate-class structure of the infinite monoid.
299,2960/6561,1,2960/6561,1,mixed_fraction,This is a bounded computational sample. It does not prove the complete associate-class structure of the infinite monoid.
300,2963/729,1,2963/729,1,mixed_fraction,This is a bounded computational sample. It does not prove the complete associate-class structure of the infinite monoid.
301,2990/729,1,2990/729,1,mixed_fraction,This is a bounded computational sample. It does not prove the complete associate-class structure of the infinite monoid.
302,3007/729,1,3007/729,1,mixed_fraction,This is a bounded computational sample. It does not prove the complete associate-class structure of the infinite monoid.
303,3016/2187,1,3016/2187,1,mixed_fraction,This is a bounded computational sample. It does not prove the complete associate-class structure of the infinite monoid.
304,3019/2187,1,3019/2187,1,mixed_fraction,This is a bounded computational sample. It does not prove the complete associate-class structure of the infinite monoid.
305,3043/729,1,3043/729,1,mixed_fraction,This is a bounded computational sample. It does not prove the complete associate-class structure of the infinite monoid.
306,3064/2187,1,3064/2187,1,mixed_fraction,This is a bounded computational sample. It does not prove the complete associate-class structure of the infinite monoid.
307,3067/2187,1,3067/2187,1,mixed_fraction,This is a bounded computational sample. It does not prove the complete associate-class structure of the infinite monoid.
308,3071/729,1,3071/729,1,mixed_fraction,This is a bounded computational sample. It does not prove the complete associate-class structure of the infinite monoid.
309,3100/2187,1,3100/2187,1,mixed_fraction,This is a bounded computational sample. It does not prove the complete associate-class structure of the infinite monoid.
310,3104/6561,1,3104/6561,1,mixed_fraction,This is a bounded computational sample. It does not prove the complete associate-class structure of the infinite monoid.
311,3107/729,1,3107/729,1,mixed_fraction,This is a bounded computational sample. It does not prove the complete associate-class structure of the infinite monoid.
312,3172/2187,1,3172/2187,1,mixed_fraction,This is a bounded computational sample. It does not prove the complete associate-class structure of the infinite monoid.
313,3172/6561,1,3172/6561,1,mixed_fraction,This is a bounded computational sample. It does not prove the complete associate-class structure of the infinite monoid.
314,3187/729,1,3187/729,1,mixed_fraction,This is a bounded computational sample. It does not prove the complete associate-class structure of the infinite monoid.
315,3208/2187,1,3208/2187,1,mixed_fraction,This is a bounded computational sample. It does not prove the complete associate-class structure of the infinite monoid.
316,3223/729,1,3223/729,1,mixed_fraction,This is a bounded computational sample. It does not prove the complete associate-class structure of the infinite monoid.
317,3251/729,1,3251/729,1,mixed_fraction,This is a bounded computational sample. It does not prove the complete associate-class structure of the infinite monoid.
318,3256/2187,1,3256/2187,1,mixed_fraction,This is a bounded computational sample. It does not prove the complete associate-class structure of the infinite monoid.
319,3259/2187,1,3259/2187,1,mixed_fraction,This is a bounded computational sample. It does not prove the complete associate-class structure of the infinite monoid.
320,3280/6561,1,3280/6561,1,mixed_fraction,This is a bounded computational sample. It does not prove the complete associate-class structure of the infinite monoid.
321,3287/729,1,3287/729,1,mixed_fraction,This is a bounded computational sample. It does not prove the complete associate-class structure of the infinite monoid.
322,3307/2187,1,3307/2187,1,mixed_fraction,This is a bounded computational sample. It does not prove the complete associate-class structure of the infinite monoid.
323,3328/19683,1,3328/19683,1,mixed_fraction,This is a bounded computational sample. It does not prove the complete associate-class structure of the infinite monoid.
324,3328/59049,1,3328/59049,1,mixed_fraction,This is a bounded computational sample. It does not prove the complete associate-class structure of the infinite monoid.
325,3331/729,1,3331/729,1,mixed_fraction,This is a bounded computational sample. It does not prove the complete associate-class structure of the infinite monoid.
326,3364/2187,1,3364/2187,1,mixed_fraction,This is a bounded computational sample. It does not prove the complete associate-class structure of the infinite monoid.
327,3367/729,1,3367/729,1,mixed_fraction,This is a bounded computational sample. It does not prove the complete associate-class structure of the infinite monoid.
328,3395/729,1,3395/729,1,mixed_fraction,This is a bounded computational sample. It does not prove the complete associate-class structure of the infinite monoid.
329,3415/2187,1,3415/2187,1,mixed_fraction,This is a bounded computational sample. It does not prove the complete associate-class structure of the infinite monoid.
330,3424/6561,1,3424/6561,1,mixed_fraction,This is a bounded computational sample. It does not prove the complete associate-class structure of the infinite monoid.
331,3428/6561,1,3428/6561,1,mixed_fraction,This is a bounded computational sample. It does not prove the complete associate-class structure of the infinite monoid.
332,3431/729,1,3431/729,1,mixed_fraction,This is a bounded computational sample. It does not prove the complete associate-class structure of the infinite monoid.
333,3448/2187,1,3448/2187,1,mixed_fraction,This is a bounded computational sample. It does not prove the complete associate-class structure of the infinite monoid.
334,3451/2187,1,3451/2187,1,mixed_fraction,This is a bounded computational sample. It does not prove the complete associate-class structure of the infinite monoid.
335,3496/2187,1,3496/2187,1,mixed_fraction,This is a bounded computational sample. It does not prove the complete associate-class structure of the infinite monoid.
336,3499/2187,1,3499/2187,1,mixed_fraction,This is a bounded computational sample. It does not prove the complete associate-class structure of the infinite monoid.
337,3511/729,1,3511/729,1,mixed_fraction,This is a bounded computational sample. It does not prove the complete associate-class structure of the infinite monoid.
338,3520/19683,1,3520/19683,1,mixed_fraction,This is a bounded computational sample. It does not prove the complete associate-class structure of the infinite monoid.
339,3536/6561,1,3536/6561,1,mixed_fraction,This is a bounded computational sample. It does not prove the complete associate-class structure of the infinite monoid.
340,3556/2187,1,3556/2187,1,mixed_fraction,This is a bounded computational sample. It does not prove the complete associate-class structure of the infinite monoid.
341,3575/729,1,3575/729,1,mixed_fraction,This is a bounded computational sample. It does not prove the complete associate-class structure of the infinite monoid.
342,3604/2187,1,3604/2187,1,mixed_fraction,This is a bounded computational sample. It does not prove the complete associate-class structure of the infinite monoid.
343,3607/2187,1,3607/2187,1,mixed_fraction,This is a bounded computational sample. It does not prove the complete associate-class structure of the infinite monoid.
344,3640/2187,1,3640/2187,1,mixed_fraction,This is a bounded computational sample. It does not prove the complete associate-class structure of the infinite monoid.
345,3655/729,1,3655/729,1,mixed_fraction,This is a bounded computational sample. It does not prove the complete associate-class structure of the infinite monoid.
346,3680/6561,1,3680/6561,1,mixed_fraction,This is a bounded computational sample. It does not prove the complete associate-class structure of the infinite monoid.
347,3688/2187,1,3688/2187,1,mixed_fraction,This is a bounded computational sample. It does not prove the complete associate-class structure of the infinite monoid.
348,3691/2187,1,3691/2187,1,mixed_fraction,This is a bounded computational sample. It does not prove the complete associate-class structure of the infinite monoid.
349,3719/729,1,3719/729,1,mixed_fraction,This is a bounded computational sample. It does not prove the complete associate-class structure of the infinite monoid.
350,3739/2187,1,3739/2187,1,mixed_fraction,This is a bounded computational sample. It does not prove the complete associate-class structure of the infinite monoid.
351,3748/2187,1,3748/2187,1,mixed_fraction,This is a bounded computational sample. It does not prove the complete associate-class structure of the infinite monoid.
352,3748/6561,1,3748/6561,1,mixed_fraction,This is a bounded computational sample. It does not prove the complete associate-class structure of the infinite monoid.
353,3796/2187,1,3796/2187,1,mixed_fraction,This is a bounded computational sample. It does not prove the complete associate-class structure of the infinite monoid.
354,3799/2187,1,3799/2187,1,mixed_fraction,This is a bounded computational sample. It does not prove the complete associate-class structure of the infinite monoid.
355,3847/2187,1,3847/2187,1,mixed_fraction,This is a bounded computational sample. It does not prove the complete associate-class structure of the infinite monoid.
356,3880/2187,1,3880/2187,1,mixed_fraction,This is a bounded computational sample. It does not prove the complete associate-class structure of the infinite monoid.
357,3883/2187,1,3883/2187,1,mixed_fraction,This is a bounded computational sample. It does not prove the complete associate-class structure of the infinite monoid.
358,3931/2187,1,3931/2187,1,mixed_fraction,This is a bounded computational sample. It does not prove the complete associate-class structure of the infinite monoid.
359,3988/2187,1,3988/2187,1,mixed_fraction,This is a bounded computational sample. It does not prove the complete associate-class structure of the infinite monoid.
360,3991/2187,1,3991/2187,1,mixed_fraction,This is a bounded computational sample. It does not prove the complete associate-class structure of the infinite monoid.
361,4000/6561,1,4000/6561,1,mixed_fraction,This is a bounded computational sample. It does not prove the complete associate-class structure of the infinite monoid.
362,4004/6561,1,4004/6561,1,mixed_fraction,This is a bounded computational sample. It does not prove the complete associate-class structure of the infinite monoid.
363,4036/2187,1,4036/2187,1,mixed_fraction,This is a bounded computational sample. It does not prove the complete associate-class structure of the infinite monoid.
364,4039/2187,1,4039/2187,1,mixed_fraction,This is a bounded computational sample. It does not prove the complete associate-class structure of the infinite monoid.
365,4072/2187,1,4072/2187,1,mixed_fraction,This is a bounded computational sample. It does not prove the complete associate-class structure of the infinite monoid.
366,4123/2187,1,4123/2187,1,mixed_fraction,This is a bounded computational sample. It does not prove the complete associate-class structure of the infinite monoid.
367,4144/6561,1,4144/6561,1,mixed_fraction,This is a bounded computational sample. It does not prove the complete associate-class structure of the infinite monoid.
368,4180/2187,1,4180/2187,1,mixed_fraction,This is a bounded computational sample. It does not prove the complete associate-class structure of the infinite monoid.
369,4228/2187,1,4228/2187,1,mixed_fraction,This is a bounded computational sample. It does not prove the complete associate-class structure of the infinite monoid.
370,4231/2187,1,4231/2187,1,mixed_fraction,This is a bounded computational sample. It does not prove the complete associate-class structure of the infinite monoid.
371,4256/6561,1,4256/6561,1,mixed_fraction,This is a bounded computational sample. It does not prove the complete associate-class structure of the infinite monoid.
372,4279/2187,1,4279/2187,1,mixed_fraction,This is a bounded computational sample. It does not prove the complete associate-class structure of the infinite monoid.
373,4288/19683,1,4288/19683,1,mixed_fraction,This is a bounded computational sample. It does not prove the complete associate-class structure of the infinite monoid.
374,4315/2187,1,4315/2187,1,mixed_fraction,This is a bounded computational sample. It does not prove the complete associate-class structure of the infinite monoid.
375,4324/6561,1,4324/6561,1,mixed_fraction,This is a bounded computational sample. It does not prove the complete associate-class structure of the infinite monoid.
376,4352/59049,1,4352/59049,1,mixed_fraction,This is a bounded computational sample. It does not prove the complete associate-class structure of the infinite monoid.
377,4387/2187,1,4387/2187,1,mixed_fraction,This is a bounded computational sample. It does not prove the complete associate-class structure of the infinite monoid.
378,4400/6561,1,4400/6561,1,mixed_fraction,This is a bounded computational sample. It does not prove the complete associate-class structure of the infinite monoid.
379,4420/2187,1,4420/2187,1,mixed_fraction,This is a bounded computational sample. It does not prove the complete associate-class structure of the infinite monoid.
380,4423/2187,1,4423/2187,1,mixed_fraction,This is a bounded computational sample. It does not prove the complete associate-class structure of the infinite monoid.
381,4468/2187,1,4468/2187,1,mixed_fraction,This is a bounded computational sample. It does not prove the complete associate-class structure of the infinite monoid.
382,4468/6561,1,4468/6561,1,mixed_fraction,This is a bounded computational sample. It does not prove the complete associate-class structure of the infinite monoid.
383,4471/2187,1,4471/2187,1,mixed_fraction,This is a bounded computational sample. It does not prove the complete associate-class structure of the infinite monoid.
384,4480/19683,1,4480/19683,1,mixed_fraction,This is a bounded computational sample. It does not prove the complete associate-class structure of the infinite monoid.
385,4576/6561,1,4576/6561,1,mixed_fraction,This is a bounded computational sample. It does not prove the complete associate-class structure of the infinite monoid.
386,4579/2187,1,4579/2187,1,mixed_fraction,This is a bounded computational sample. It does not prove the complete associate-class structure of the infinite monoid.
387,4580/6561,1,4580/6561,1,mixed_fraction,This is a bounded computational sample. It does not prove the complete associate-class structure of the infinite monoid.
388,4612/2187,1,4612/2187,1,mixed_fraction,This is a bounded computational sample. It does not prove the complete associate-class structure of the infinite monoid.
389,4630/2187,1,4630/2187,1,mixed_fraction,This is a bounded computational sample. It does not prove the complete associate-class structure of the infinite monoid.
390,4660/2187,1,4660/2187,1,mixed_fraction,This is a bounded computational sample. It does not prove the complete associate-class structure of the infinite monoid.
391,4663/2187,1,4663/2187,1,mixed_fraction,This is a bounded computational sample. It does not prove the complete associate-class structure of the infinite monoid.
392,4711/2187,1,4711/2187,1,mixed_fraction,This is a bounded computational sample. It does not prove the complete associate-class structure of the infinite monoid.
393,4720/6561,1,4720/6561,1,mixed_fraction,This is a bounded computational sample. It does not prove the complete associate-class structure of the infinite monoid.
394,4724/6561,1,4724/6561,1,mixed_fraction,This is a bounded computational sample. It does not prove the complete associate-class structure of the infinite monoid.
395,4771/2187,1,4771/2187,1,mixed_fraction,This is a bounded computational sample. It does not prove the complete associate-class structure of the infinite monoid.
396,4819/2187,1,4819/2187,1,mixed_fraction,This is a bounded computational sample. It does not prove the complete associate-class structure of the infinite monoid.
397,4822/2187,1,4822/2187,1,mixed_fraction,This is a bounded computational sample. It does not prove the complete associate-class structure of the infinite monoid.
398,4832/6561,1,4832/6561,1,mixed_fraction,This is a bounded computational sample. It does not prove the complete associate-class structure of the infinite monoid.
399,4852/2187,1,4852/2187,1,mixed_fraction,This is a bounded computational sample. It does not prove the complete associate-class structure of the infinite monoid.
400,4855/2187,1,4855/2187,1,mixed_fraction,This is a bounded computational sample. It does not prove the complete associate-class structure of the infinite monoid.
401,4900/6561,1,4900/6561,1,mixed_fraction,This is a bounded computational sample. It does not prove the complete associate-class structure of the infinite monoid.
402,4903/2187,1,4903/2187,1,mixed_fraction,This is a bounded computational sample. It does not prove the complete associate-class structure of the infinite monoid.
403,4912/19683,1,4912/19683,1,mixed_fraction,This is a bounded computational sample. It does not prove the complete associate-class structure of the infinite monoid.
404,4963/2187,1,4963/2187,1,mixed_fraction,This is a bounded computational sample. It does not prove the complete associate-class structure of the infinite monoid.
405,4976/6561,1,4976/6561,1,mixed_fraction,This is a bounded computational sample. It does not prove the complete associate-class structure of the infinite monoid.
406,5011/2187,1,5011/2187,1,mixed_fraction,This is a bounded computational sample. It does not prove the complete associate-class structure of the infinite monoid.
407,5014/2187,1,5014/2187,1,mixed_fraction,This is a bounded computational sample. It does not prove the complete associate-class structure of the infinite monoid.
408,5044/2187,1,5044/2187,1,mixed_fraction,This is a bounded computational sample. It does not prove the complete associate-class structure of the infinite monoid.
409,5044/6561,1,5044/6561,1,mixed_fraction,This is a bounded computational sample. It does not prove the complete associate-class structure of the infinite monoid.
410,5056/19683,1,5056/19683,1,mixed_fraction,This is a bounded computational sample. It does not prove the complete associate-class structure of the infinite monoid.
411,5062/2187,1,5062/2187,1,mixed_fraction,This is a bounded computational sample. It does not prove the complete associate-class structure of the infinite monoid.
412,5095/2187,1,5095/2187,1,mixed_fraction,This is a bounded computational sample. It does not prove the complete associate-class structure of the infinite monoid.
413,5156/6561,1,5156/6561,1,mixed_fraction,This is a bounded computational sample. It does not prove the complete associate-class structure of the infinite monoid.
414,5203/2187,1,5203/2187,1,mixed_fraction,This is a bounded computational sample. It does not prove the complete associate-class structure of the infinite monoid.
415,5206/2187,1,5206/2187,1,mixed_fraction,This is a bounded computational sample. It does not prove the complete associate-class structure of the infinite monoid.
416,5248/19683,1,5248/19683,1,mixed_fraction,This is a bounded computational sample. It does not prove the complete associate-class structure of the infinite monoid.
417,5251/2187,1,5251/2187,1,mixed_fraction,This is a bounded computational sample. It does not prove the complete associate-class structure of the infinite monoid.
418,5254/2187,1,5254/2187,1,mixed_fraction,This is a bounded computational sample. It does not prove the complete associate-class structure of the infinite monoid.
419,5287/2187,1,5287/2187,1,mixed_fraction,This is a bounded computational sample. It does not prove the complete associate-class structure of the infinite monoid.
420,5296/6561,1,5296/6561,1,mixed_fraction,This is a bounded computational sample. It does not prove the complete associate-class structure of the infinite monoid.
421,5300/6561,1,5300/6561,1,mixed_fraction,This is a bounded computational sample. It does not prove the complete associate-class structure of the infinite monoid.
422,5359/2187,1,5359/2187,1,mixed_fraction,This is a bounded computational sample. It does not prove the complete associate-class structure of the infinite monoid.
423,5395/2187,1,5395/2187,1,mixed_fraction,This is a bounded computational sample. It does not prove the complete associate-class structure of the infinite monoid.
424,5443/2187,1,5443/2187,1,mixed_fraction,This is a bounded computational sample. It does not prove the complete associate-class structure of the infinite monoid.
425,5446/2187,1,5446/2187,1,mixed_fraction,This is a bounded computational sample. It does not prove the complete associate-class structure of the infinite monoid.
426,5494/2187,1,5494/2187,1,mixed_fraction,This is a bounded computational sample. It does not prove the complete associate-class structure of the infinite monoid.
427,5551/2187,1,5551/2187,1,mixed_fraction,This is a bounded computational sample. It does not prove the complete associate-class structure of the infinite monoid.
428,5552/6561,1,5552/6561,1,mixed_fraction,This is a bounded computational sample. It does not prove the complete associate-class structure of the infinite monoid.
429,5602/2187,1,5602/2187,1,mixed_fraction,This is a bounded computational sample. It does not prove the complete associate-class structure of the infinite monoid.
430,5620/6561,1,5620/6561,1,mixed_fraction,This is a bounded computational sample. It does not prove the complete associate-class structure of the infinite monoid.
431,5632/59049,1,5632/59049,1,mixed_fraction,This is a bounded computational sample. It does not prove the complete associate-class structure of the infinite monoid.
432,5635/2187,1,5635/2187,1,mixed_fraction,This is a bounded computational sample. It does not prove the complete associate-class structure of the infinite monoid.
433,5638/2187,1,5638/2187,1,mixed_fraction,This is a bounded computational sample. It does not prove the complete associate-class structure of the infinite monoid.
434,5680/19683,1,5680/19683,1,mixed_fraction,This is a bounded computational sample. It does not prove the complete associate-class structure of the infinite monoid.
435,5683/2187,1,5683/2187,1,mixed_fraction,This is a bounded computational sample. It does not prove the complete associate-class structure of the infinite monoid.
436,5686/2187,1,5686/2187,1,mixed_fraction,This is a bounded computational sample. It does not prove the complete associate-class structure of the infinite monoid.
437,5743/2187,1,5743/2187,1,mixed_fraction,This is a bounded computational sample. It does not prove the complete associate-class structure of the infinite monoid.
438,5764/6561,1,5764/6561,1,mixed_fraction,This is a bounded computational sample. It does not prove the complete associate-class structure of the infinite monoid.
439,5791/2187,1,5791/2187,1,mixed_fraction,This is a bounded computational sample. It does not prove the complete associate-class structure of the infinite monoid.
440,5794/2187,1,5794/2187,1,mixed_fraction,This is a bounded computational sample. It does not prove the complete associate-class structure of the infinite monoid.
441,5827/2187,1,5827/2187,1,mixed_fraction,This is a bounded computational sample. It does not prove the complete associate-class structure of the infinite monoid.
442,5872/6561,1,5872/6561,1,mixed_fraction,This is a bounded computational sample. It does not prove the complete associate-class structure of the infinite monoid.
443,5875/2187,1,5875/2187,1,mixed_fraction,This is a bounded computational sample. It does not prove the complete associate-class structure of the infinite monoid.
444,5876/6561,1,5876/6561,1,mixed_fraction,This is a bounded computational sample. It does not prove the complete associate-class structure of the infinite monoid.
445,5878/2187,1,5878/2187,1,mixed_fraction,This is a bounded computational sample. It does not prove the complete associate-class structure of the infinite monoid.
446,5926/2187,1,5926/2187,1,mixed_fraction,This is a bounded computational sample. It does not prove the complete associate-class structure of the infinite monoid.
447,5935/2187,1,5935/2187,1,mixed_fraction,This is a bounded computational sample. It does not prove the complete associate-class structure of the infinite monoid.
448,5983/2187,1,5983/2187,1,mixed_fraction,This is a bounded computational sample. It does not prove the complete associate-class structure of the infinite monoid.
449,5986/2187,1,5986/2187,1,mixed_fraction,This is a bounded computational sample. It does not prove the complete associate-class structure of the infinite monoid.
450,6016/19683,1,6016/19683,1,mixed_fraction,This is a bounded computational sample. It does not prove the complete associate-class structure of the infinite monoid.
451,6020/6561,1,6020/6561,1,mixed_fraction,This is a bounded computational sample. It does not prove the complete associate-class structure of the infinite monoid.
452,6034/2187,1,6034/2187,1,mixed_fraction,This is a bounded computational sample. It does not prove the complete associate-class structure of the infinite monoid.
453,6067/2187,1,6067/2187,1,mixed_fraction,This is a bounded computational sample. It does not prove the complete associate-class structure of the infinite monoid.
454,6070/2187,1,6070/2187,1,mixed_fraction,This is a bounded computational sample. It does not prove the complete associate-class structure of the infinite monoid.
455,6088/6561,1,6088/6561,1,mixed_fraction,This is a bounded computational sample. It does not prove the complete associate-class structure of the infinite monoid.
456,6118/2187,1,6118/2187,1,mixed_fraction,This is a bounded computational sample. It does not prove the complete associate-class structure of the infinite monoid.
457,6128/6561,1,6128/6561,1,mixed_fraction,This is a bounded computational sample. It does not prove the complete associate-class structure of the infinite monoid.
458,6175/2187,1,6175/2187,1,mixed_fraction,This is a bounded computational sample. It does not prove the complete associate-class structure of the infinite monoid.
459,6178/2187,1,6178/2187,1,mixed_fraction,This is a bounded computational sample. It does not prove the complete associate-class structure of the infinite monoid.
460,6196/6561,1,6196/6561,1,mixed_fraction,This is a bounded computational sample. It does not prove the complete associate-class structure of the infinite monoid.
461,6208/19683,1,6208/19683,1,mixed_fraction,This is a bounded computational sample. It does not prove the complete associate-class structure of the infinite monoid.
462,6208/59049,1,6208/59049,1,mixed_fraction,This is a bounded computational sample. It does not prove the complete associate-class structure of the infinite monoid.
463,6223/2187,1,6223/2187,1,mixed_fraction,This is a bounded computational sample. It does not prove the complete associate-class structure of the infinite monoid.
464,6226/2187,1,6226/2187,1,mixed_fraction,This is a bounded computational sample. It does not prove the complete associate-class structure of the infinite monoid.
465,6259/2187,1,6259/2187,1,mixed_fraction,This is a bounded computational sample. It does not prove the complete associate-class structure of the infinite monoid.
466,6310/2187,1,6310/2187,1,mixed_fraction,This is a bounded computational sample. It does not prove the complete associate-class structure of the infinite monoid.
467,6340/6561,1,6340/6561,1,mixed_fraction,This is a bounded computational sample. It does not prove the complete associate-class structure of the infinite monoid.
468,6344/6561,1,6344/6561,1,mixed_fraction,This is a bounded computational sample. It does not prove the complete associate-class structure of the infinite monoid.
469,6367/2187,1,6367/2187,1,mixed_fraction,This is a bounded computational sample. It does not prove the complete associate-class structure of the infinite monoid.
470,6415/2187,1,6415/2187,1,mixed_fraction,This is a bounded computational sample. It does not prove the complete associate-class structure of the infinite monoid.
471,6418/2187,1,6418/2187,1,mixed_fraction,This is a bounded computational sample. It does not prove the complete associate-class structure of the infinite monoid.
472,6448/19683,1,6448/19683,1,mixed_fraction,This is a bounded computational sample. It does not prove the complete associate-class structure of the infinite monoid.
473,6452/6561,1,6452/6561,1,mixed_fraction,This is a bounded computational sample. It does not prove the complete associate-class structure of the infinite monoid.
474,6466/2187,1,6466/2187,1,mixed_fraction,This is a bounded computational sample. It does not prove the complete associate-class structure of the infinite monoid.
475,6502/2187,1,6502/2187,1,mixed_fraction,This is a bounded computational sample. It does not prove the complete associate-class structure of the infinite monoid.
476,6574/2187,1,6574/2187,1,mixed_fraction,This is a bounded computational sample. It does not prove the complete associate-class structure of the infinite monoid.
477,6596/6561,1,6596/6561,1,mixed_fraction,This is a bounded computational sample. It does not prove the complete associate-class structure of the infinite monoid.
478,6607/2187,1,6607/2187,1,mixed_fraction,This is a bounded computational sample. It does not prove the complete associate-class structure of the infinite monoid.
479,6610/2187,1,6610/2187,1,mixed_fraction,This is a bounded computational sample. It does not prove the complete associate-class structure of the infinite monoid.
480,6640/19683,1,6640/19683,1,mixed_fraction,This is a bounded computational sample. It does not prove the complete associate-class structure of the infinite monoid.
481,6655/2187,1,6655/2187,1,mixed_fraction,This is a bounded computational sample. It does not prove the complete associate-class structure of the infinite monoid.
482,6656/59049,1,6656/59049,1,mixed_fraction,This is a bounded computational sample. It does not prove the complete associate-class structure of the infinite monoid.
483,6658/2187,1,6658/2187,1,mixed_fraction,This is a bounded computational sample. It does not prove the complete associate-class structure of the infinite monoid.
484,6664/6561,1,6664/6561,1,mixed_fraction,This is a bounded computational sample. It does not prove the complete associate-class structure of the infinite monoid.
485,6766/2187,1,6766/2187,1,mixed_fraction,This is a bounded computational sample. It does not prove the complete associate-class structure of the infinite monoid.
486,6784/19683,1,6784/19683,1,mixed_fraction,This is a bounded computational sample. It does not prove the complete associate-class structure of the infinite monoid.
487,6799/2187,1,6799/2187,1,mixed_fraction,This is a bounded computational sample. It does not prove the complete associate-class structure of the infinite monoid.
488,6817/2187,1,6817/2187,1,mixed_fraction,This is a bounded computational sample. It does not prove the complete associate-class structure of the infinite monoid.
489,6817/6561,1,6817/6561,1,mixed_fraction,This is a bounded computational sample. It does not prove the complete associate-class structure of the infinite monoid.
490,6847/2187,1,6847/2187,1,mixed_fraction,This is a bounded computational sample. It does not prove the complete associate-class structure of the infinite monoid.
491,6850/2187,1,6850/2187,1,mixed_fraction,This is a bounded computational sample. It does not prove the complete associate-class structure of the infinite monoid.
492,6898/2187,1,6898/2187,1,mixed_fraction,This is a bounded computational sample. It does not prove the complete associate-class structure of the infinite monoid.
493,6916/6561,1,6916/6561,1,mixed_fraction,This is a bounded computational sample. It does not prove the complete associate-class structure of the infinite monoid.
494,6920/6561,1,6920/6561,1,mixed_fraction,This is a bounded computational sample. It does not prove the complete associate-class structure of the infinite monoid.
495,6958/2187,1,6958/2187,1,mixed_fraction,This is a bounded computational sample. It does not prove the complete associate-class structure of the infinite monoid.
496,6976/19683,1,6976/19683,1,mixed_fraction,This is a bounded computational sample. It does not prove the complete associate-class structure of the infinite monoid.
497,7006/2187,1,7006/2187,1,mixed_fraction,This is a bounded computational sample. It does not prove the complete associate-class structure of the infinite monoid.
498,7009/2187,1,7009/2187,1,mixed_fraction,This is a bounded computational sample. It does not prove the complete associate-class structure of the infinite monoid.
499,7039/2187,1,7039/2187,1,mixed_fraction,This is a bounded computational sample. It does not prove the complete associate-class structure of the infinite monoid.
500,7042/2187,1,7042/2187,1,mixed_fraction,This is a bounded computational sample. It does not prove the complete associate-class structure of the infinite monoid.
501,7060/6561,1,7060/6561,1,mixed_fraction,This is a bounded computational sample. It does not prove the complete associate-class structure of the infinite monoid.
502,7073/6561,1,7073/6561,1,mixed_fraction,This is a bounded computational sample. It does not prove the complete associate-class structure of the infinite monoid.
503,7090/2187,1,7090/2187,1,mixed_fraction,This is a bounded computational sample. It does not prove the complete associate-class structure of the infinite monoid.
504,7150/2187,1,7150/2187,1,mixed_fraction,This is a bounded computational sample. It does not prove the complete associate-class structure of the infinite monoid.
505,7172/6561,1,7172/6561,1,mixed_fraction,This is a bounded computational sample. It does not prove the complete associate-class structure of the infinite monoid.
506,7198/2187,1,7198/2187,1,mixed_fraction,This is a bounded computational sample. It does not prove the complete associate-class structure of the infinite monoid.
507,7201/2187,1,7201/2187,1,mixed_fraction,This is a bounded computational sample. It does not prove the complete associate-class structure of the infinite monoid.
508,7216/19683,1,7216/19683,1,mixed_fraction,This is a bounded computational sample. It does not prove the complete associate-class structure of the infinite monoid.
509,7231/2187,1,7231/2187,1,mixed_fraction,This is a bounded computational sample. It does not prove the complete associate-class structure of the infinite monoid.
510,7232/59049,1,7232/59049,1,mixed_fraction,This is a bounded computational sample. It does not prove the complete associate-class structure of the infinite monoid.
511,7240/6561,1,7240/6561,1,mixed_fraction,This is a bounded computational sample. It does not prove the complete associate-class structure of the infinite monoid.
512,7249/2187,1,7249/2187,1,mixed_fraction,This is a bounded computational sample. It does not prove the complete associate-class structure of the infinite monoid.
513,7282/2187,1,7282/2187,1,mixed_fraction,This is a bounded computational sample. It does not prove the complete associate-class structure of the infinite monoid.
514,7316/6561,1,7316/6561,1,mixed_fraction,This is a bounded computational sample. It does not prove the complete associate-class structure of the infinite monoid.
515,7384/6561,1,7384/6561,1,mixed_fraction,This is a bounded computational sample. It does not prove the complete associate-class structure of the infinite monoid.
516,7390/2187,1,7390/2187,1,mixed_fraction,This is a bounded computational sample. It does not prove the complete associate-class structure of the infinite monoid.
517,7393/2187,1,7393/2187,1,mixed_fraction,This is a bounded computational sample. It does not prove the complete associate-class structure of the infinite monoid.
518,7393/6561,1,7393/6561,1,mixed_fraction,This is a bounded computational sample. It does not prove the complete associate-class structure of the infinite monoid.
519,7408/19683,1,7408/19683,1,mixed_fraction,This is a bounded computational sample. It does not prove the complete associate-class structure of the infinite monoid.
520,7438/2187,1,7438/2187,1,mixed_fraction,This is a bounded computational sample. It does not prove the complete associate-class structure of the infinite monoid.
521,7441/2187,1,7441/2187,1,mixed_fraction,This is a bounded computational sample. It does not prove the complete associate-class structure of the infinite monoid.
522,7474/2187,1,7474/2187,1,mixed_fraction,This is a bounded computational sample. It does not prove the complete associate-class structure of the infinite monoid.
523,7492/6561,1,7492/6561,1,mixed_fraction,This is a bounded computational sample. It does not prove the complete associate-class structure of the infinite monoid.
524,7496/6561,1,7496/6561,1,mixed_fraction,This is a bounded computational sample. It does not prove the complete associate-class structure of the infinite monoid.
525,7546/2187,1,7546/2187,1,mixed_fraction,This is a bounded computational sample. It does not prove the complete associate-class structure of the infinite monoid.
526,7582/2187,1,7582/2187,1,mixed_fraction,This is a bounded computational sample. It does not prove the complete associate-class structure of the infinite monoid.
527,7630/2187,1,7630/2187,1,mixed_fraction,This is a bounded computational sample. It does not prove the complete associate-class structure of the infinite monoid.
528,7633/2187,1,7633/2187,1,mixed_fraction,This is a bounded computational sample. It does not prove the complete associate-class structure of the infinite monoid.
529,7636/6561,1,7636/6561,1,mixed_fraction,This is a bounded computational sample. It does not prove the complete associate-class structure of the infinite monoid.
530,7640/6561,1,7640/6561,1,mixed_fraction,This is a bounded computational sample. It does not prove the complete associate-class structure of the infinite monoid.
531,7649/6561,1,7649/6561,1,mixed_fraction,This is a bounded computational sample. It does not prove the complete associate-class structure of the infinite monoid.
532,7681/2187,1,7681/2187,1,mixed_fraction,This is a bounded computational sample. It does not prove the complete associate-class structure of the infinite monoid.
533,7738/2187,1,7738/2187,1,mixed_fraction,This is a bounded computational sample. It does not prove the complete associate-class structure of the infinite monoid.
534,7744/19683,1,7744/19683,1,mixed_fraction,This is a bounded computational sample. It does not prove the complete associate-class structure of the infinite monoid.
535,7748/6561,1,7748/6561,1,mixed_fraction,This is a bounded computational sample. It does not prove the complete associate-class structure of the infinite monoid.
536,7789/2187,1,7789/2187,1,mixed_fraction,This is a bounded computational sample. It does not prove the complete associate-class structure of the infinite monoid.
537,7816/6561,1,7816/6561,1,mixed_fraction,This is a bounded computational sample. It does not prove the complete associate-class structure of the infinite monoid.
538,7822/2187,1,7822/2187,1,mixed_fraction,This is a bounded computational sample. It does not prove the complete associate-class structure of the infinite monoid.
539,7825/2187,1,7825/2187,1,mixed_fraction,This is a bounded computational sample. It does not prove the complete associate-class structure of the infinite monoid.
540,7870/2187,1,7870/2187,1,mixed_fraction,This is a bounded computational sample. It does not prove the complete associate-class structure of the infinite monoid.
541,7873/2187,1,7873/2187,1,mixed_fraction,This is a bounded computational sample. It does not prove the complete associate-class structure of the infinite monoid.
542,7892/6561,1,7892/6561,1,mixed_fraction,This is a bounded computational sample. It does not prove the complete associate-class structure of the infinite monoid.
543,7930/2187,1,7930/2187,1,mixed_fraction,This is a bounded computational sample. It does not prove the complete associate-class structure of the infinite monoid.
544,7936/59049,1,7936/59049,1,mixed_fraction,This is a bounded computational sample. It does not prove the complete associate-class structure of the infinite monoid.
545,7960/6561,1,7960/6561,1,mixed_fraction,This is a bounded computational sample. It does not prove the complete associate-class structure of the infinite monoid.
546,7969/6561,1,7969/6561,1,mixed_fraction,This is a bounded computational sample. It does not prove the complete associate-class structure of the infinite monoid.
547,7978/2187,1,7978/2187,1,mixed_fraction,This is a bounded computational sample. It does not prove the complete associate-class structure of the infinite monoid.
548,7981/2187,1,7981/2187,1,mixed_fraction,This is a bounded computational sample. It does not prove the complete associate-class structure of the infinite monoid.
549,8014/2187,1,8014/2187,1,mixed_fraction,This is a bounded computational sample. It does not prove the complete associate-class structure of the infinite monoid.
550,8062/2187,1,8062/2187,1,mixed_fraction,This is a bounded computational sample. It does not prove the complete associate-class structure of the infinite monoid.
551,8065/2187,1,8065/2187,1,mixed_fraction,This is a bounded computational sample. It does not prove the complete associate-class structure of the infinite monoid.
552,8072/6561,1,8072/6561,1,mixed_fraction,This is a bounded computational sample. It does not prove the complete associate-class structure of the infinite monoid.
553,8113/2187,1,8113/2187,1,mixed_fraction,This is a bounded computational sample. It does not prove the complete associate-class structure of the infinite monoid.
554,8113/6561,1,8113/6561,1,mixed_fraction,This is a bounded computational sample. It does not prove the complete associate-class structure of the infinite monoid.
555,8122/2187,1,8122/2187,1,mixed_fraction,This is a bounded computational sample. It does not prove the complete associate-class structure of the infinite monoid.
556,8170/2187,1,8170/2187,1,mixed_fraction,This is a bounded computational sample. It does not prove the complete associate-class structure of the infinite monoid.
557,8173/2187,1,8173/2187,1,mixed_fraction,This is a bounded computational sample. It does not prove the complete associate-class structure of the infinite monoid.
558,8176/19683,1,8176/19683,1,mixed_fraction,This is a bounded computational sample. It does not prove the complete associate-class structure of the infinite monoid.
559,8212/6561,1,8212/6561,1,mixed_fraction,This is a bounded computational sample. It does not prove the complete associate-class structure of the infinite monoid.
560,8216/6561,1,8216/6561,1,mixed_fraction,This is a bounded computational sample. It does not prove the complete associate-class structure of the infinite monoid.
561,8221/2187,1,8221/2187,1,mixed_fraction,This is a bounded computational sample. It does not prove the complete associate-class structure of the infinite monoid.
562,8225/6561,1,8225/6561,1,mixed_fraction,This is a bounded computational sample. It does not prove the complete associate-class structure of the infinite monoid.
563,8254/2187,1,8254/2187,1,mixed_fraction,This is a bounded computational sample. It does not prove the complete associate-class structure of the infinite monoid.
564,8257/2187,1,8257/2187,1,mixed_fraction,This is a bounded computational sample. It does not prove the complete associate-class structure of the infinite monoid.
565,8305/2187,1,8305/2187,1,mixed_fraction,This is a bounded computational sample. It does not prove the complete associate-class structure of the infinite monoid.
566,8362/2187,1,8362/2187,1,mixed_fraction,This is a bounded computational sample. It does not prove the complete associate-class structure of the infinite monoid.
567,8365/2187,1,8365/2187,1,mixed_fraction,This is a bounded computational sample. It does not prove the complete associate-class structure of the infinite monoid.
568,8368/19683,1,8368/19683,1,mixed_fraction,This is a bounded computational sample. It does not prove the complete associate-class structure of the infinite monoid.
569,8369/6561,1,8369/6561,1,mixed_fraction,This is a bounded computational sample. It does not prove the complete associate-class structure of the infinite monoid.
570,8410/2187,1,8410/2187,1,mixed_fraction,This is a bounded computational sample. It does not prove the complete associate-class structure of the infinite monoid.
571,8413/2187,1,8413/2187,1,mixed_fraction,This is a bounded computational sample. It does not prove the complete associate-class structure of the infinite monoid.
572,8446/2187,1,8446/2187,1,mixed_fraction,This is a bounded computational sample. It does not prove the complete associate-class structure of the infinite monoid.
573,8468/6561,1,8468/6561,1,mixed_fraction,This is a bounded computational sample. It does not prove the complete associate-class structure of the infinite monoid.
574,8497/2187,1,8497/2187,1,mixed_fraction,This is a bounded computational sample. It does not prove the complete associate-class structure of the infinite monoid.
575,8512/19683,1,8512/19683,1,mixed_fraction,This is a bounded computational sample. It does not prove the complete associate-class structure of the infinite monoid.
576,8512/59049,1,8512/59049,1,mixed_fraction,This is a bounded computational sample. It does not prove the complete associate-class structure of the infinite monoid.
577,8536/6561,1,8536/6561,1,mixed_fraction,This is a bounded computational sample. It does not prove the complete associate-class structure of the infinite monoid.
578,8545/6561,1,8545/6561,1,mixed_fraction,This is a bounded computational sample. It does not prove the complete associate-class structure of the infinite monoid.
579,8554/2187,1,8554/2187,1,mixed_fraction,This is a bounded computational sample. It does not prove the complete associate-class structure of the infinite monoid.
580,8602/2187,1,8602/2187,1,mixed_fraction,This is a bounded computational sample. It does not prove the complete associate-class structure of the infinite monoid.
581,8605/2187,1,8605/2187,1,mixed_fraction,This is a bounded computational sample. It does not prove the complete associate-class structure of the infinite monoid.
582,8653/2187,1,8653/2187,1,mixed_fraction,This is a bounded computational sample. It does not prove the complete associate-class structure of the infinite monoid.
583,8680/6561,1,8680/6561,1,mixed_fraction,This is a bounded computational sample. It does not prove the complete associate-class structure of the infinite monoid.
584,8689/2187,1,8689/2187,1,mixed_fraction,This is a bounded computational sample. It does not prove the complete associate-class structure of the infinite monoid.
585,8689/6561,1,8689/6561,1,mixed_fraction,This is a bounded computational sample. It does not prove the complete associate-class structure of the infinite monoid.
586,8761/2187,1,8761/2187,1,mixed_fraction,This is a bounded computational sample. It does not prove the complete associate-class structure of the infinite monoid.
587,8788/6561,1,8788/6561,1,mixed_fraction,This is a bounded computational sample. It does not prove the complete associate-class structure of the infinite monoid.
588,8792/6561,1,8792/6561,1,mixed_fraction,This is a bounded computational sample. It does not prove the complete associate-class structure of the infinite monoid.
589,8794/2187,1,8794/2187,1,mixed_fraction,This is a bounded computational sample. It does not prove the complete associate-class structure of the infinite monoid.
590,8797/2187,1,8797/2187,1,mixed_fraction,This is a bounded computational sample. It does not prove the complete associate-class structure of the infinite monoid.
591,8800/19683,1,8800/19683,1,mixed_fraction,This is a bounded computational sample. It does not prove the complete associate-class structure of the infinite monoid.
592,8801/6561,1,8801/6561,1,mixed_fraction,This is a bounded computational sample. It does not prove the complete associate-class structure of the infinite monoid.
593,8842/2187,1,8842/2187,1,mixed_fraction,This is a bounded computational sample. It does not prove the complete associate-class structure of the infinite monoid.
594,8845/2187,1,8845/2187,1,mixed_fraction,This is a bounded computational sample. It does not prove the complete associate-class structure of the infinite monoid.
595,8936/6561,1,8936/6561,1,mixed_fraction,This is a bounded computational sample. It does not prove the complete associate-class structure of the infinite monoid.
596,8944/19683,1,8944/19683,1,mixed_fraction,This is a bounded computational sample. It does not prove the complete associate-class structure of the infinite monoid.
597,8945/6561,1,8945/6561,1,mixed_fraction,This is a bounded computational sample. It does not prove the complete associate-class structure of the infinite monoid.
598,8953/2187,1,8953/2187,1,mixed_fraction,This is a bounded computational sample. It does not prove the complete associate-class structure of the infinite monoid.
599,8960/59049,1,8960/59049,1,mixed_fraction,This is a bounded computational sample. It does not prove the complete associate-class structure of the infinite monoid.
600,8986/2187,1,8986/2187,1,mixed_fraction,This is a bounded computational sample. It does not prove the complete associate-class structure of the infinite monoid.
601,9004/6561,1,9004/6561,1,mixed_fraction,This is a bounded computational sample. It does not prove the complete associate-class structure of the infinite monoid.
602,9034/2187,1,9034/2187,1,mixed_fraction,This is a bounded computational sample. It does not prove the complete associate-class structure of the infinite monoid.
603,9037/2187,1,9037/2187,1,mixed_fraction,This is a bounded computational sample. It does not prove the complete associate-class structure of the infinite monoid.
604,9044/6561,1,9044/6561,1,mixed_fraction,This is a bounded computational sample. It does not prove the complete associate-class structure of the infinite monoid.
605,9085/2187,1,9085/2187,1,mixed_fraction,This is a bounded computational sample. It does not prove the complete associate-class structure of the infinite monoid.
606,9112/6561,1,9112/6561,1,mixed_fraction,This is a bounded computational sample. It does not prove the complete associate-class structure of the infinite monoid.
607,9136/19683,1,9136/19683,1,mixed_fraction,This is a bounded computational sample. It does not prove the complete associate-class structure of the infinite monoid.
608,9145/2187,1,9145/2187,1,mixed_fraction,This is a bounded computational sample. It does not prove the complete associate-class structure of the infinite monoid.
609,9193/2187,1,9193/2187,1,mixed_fraction,This is a bounded computational sample. It does not prove the complete associate-class structure of the infinite monoid.
610,9226/2187,1,9226/2187,1,mixed_fraction,This is a bounded computational sample. It does not prove the complete associate-class structure of the infinite monoid.
611,9229/2187,1,9229/2187,1,mixed_fraction,This is a bounded computational sample. It does not prove the complete associate-class structure of the infinite monoid.
612,9256/6561,1,9256/6561,1,mixed_fraction,This is a bounded computational sample. It does not prove the complete associate-class structure of the infinite monoid.
613,9260/6561,1,9260/6561,1,mixed_fraction,This is a bounded computational sample. It does not prove the complete associate-class structure of the infinite monoid.
614,9265/6561,1,9265/6561,1,mixed_fraction,This is a bounded computational sample. It does not prove the complete associate-class structure of the infinite monoid.
615,9277/2187,1,9277/2187,1,mixed_fraction,This is a bounded computational sample. It does not prove the complete associate-class structure of the infinite monoid.
616,9337/2187,1,9337/2187,1,mixed_fraction,This is a bounded computational sample. It does not prove the complete associate-class structure of the infinite monoid.
617,9368/6561,1,9368/6561,1,mixed_fraction,This is a bounded computational sample. It does not prove the complete associate-class structure of the infinite monoid.
618,9385/2187,1,9385/2187,1,mixed_fraction,This is a bounded computational sample. It does not prove the complete associate-class structure of the infinite monoid.
619,9409/6561,1,9409/6561,1,mixed_fraction,This is a bounded computational sample. It does not prove the complete associate-class structure of the infinite monoid.
620,9418/2187,1,9418/2187,1,mixed_fraction,This is a bounded computational sample. It does not prove the complete associate-class structure of the infinite monoid.
621,9469/2187,1,9469/2187,1,mixed_fraction,This is a bounded computational sample. It does not prove the complete associate-class structure of the infinite monoid.
622,9512/6561,1,9512/6561,1,mixed_fraction,This is a bounded computational sample. It does not prove the complete associate-class structure of the infinite monoid.
623,9521/6561,1,9521/6561,1,mixed_fraction,This is a bounded computational sample. It does not prove the complete associate-class structure of the infinite monoid.
624,9536/59049,1,9536/59049,1,mixed_fraction,This is a bounded computational sample. It does not prove the complete associate-class structure of the infinite monoid.
625,9568/19683,1,9568/19683,1,mixed_fraction,This is a bounded computational sample. It does not prove the complete associate-class structure of the infinite monoid.
626,9577/2187,1,9577/2187,1,mixed_fraction,This is a bounded computational sample. It does not prove the complete associate-class structure of the infinite monoid.
627,9580/6561,1,9580/6561,1,mixed_fraction,This is a bounded computational sample. It does not prove the complete associate-class structure of the infinite monoid.
628,9625/2187,1,9625/2187,1,mixed_fraction,This is a bounded computational sample. It does not prove the complete associate-class structure of the infinite monoid.
629,9661/2187,1,9661/2187,1,mixed_fraction,This is a bounded computational sample. It does not prove the complete associate-class structure of the infinite monoid.
630,9665/6561,1,9665/6561,1,mixed_fraction,This is a bounded computational sample. It does not prove the complete associate-class structure of the infinite monoid.
631,9733/2187,1,9733/2187,1,mixed_fraction,This is a bounded computational sample. It does not prove the complete associate-class structure of the infinite monoid.
632,9733/6561,1,9733/6561,1,mixed_fraction,This is a bounded computational sample. It does not prove the complete associate-class structure of the infinite monoid.
633,9769/2187,1,9769/2187,1,mixed_fraction,This is a bounded computational sample. It does not prove the complete associate-class structure of the infinite monoid.
634,9772/19683,1,9772/19683,1,mixed_fraction,This is a bounded computational sample. It does not prove the complete associate-class structure of the infinite monoid.
635,9817/2187,1,9817/2187,1,mixed_fraction,This is a bounded computational sample. It does not prove the complete associate-class structure of the infinite monoid.
636,9832/6561,1,9832/6561,1,mixed_fraction,This is a bounded computational sample. It does not prove the complete associate-class structure of the infinite monoid.
637,9836/6561,1,9836/6561,1,mixed_fraction,This is a bounded computational sample. It does not prove the complete associate-class structure of the infinite monoid.
638,9841/6561,1,9841/6561,1,mixed_fraction,This is a bounded computational sample. It does not prove the complete associate-class structure of the infinite monoid.
639,9904/19683,1,9904/19683,1,mixed_fraction,This is a bounded computational sample. It does not prove the complete associate-class structure of the infinite monoid.
640,9925/2187,1,9925/2187,1,mixed_fraction,This is a bounded computational sample. It does not prove the complete associate-class structure of the infinite monoid.
641,9976/6561,1,9976/6561,1,mixed_fraction,This is a bounded computational sample. It does not prove the complete associate-class structure of the infinite monoid.
642,9985/6561,1,9985/6561,1,mixed_fraction,This is a bounded computational sample. It does not prove the complete associate-class structure of the infinite monoid.
643,9989/6561,1,9989/6561,1,mixed_fraction,This is a bounded computational sample. It does not prove the complete associate-class structure of the infinite monoid.
644,10009/2187,1,10009/2187,1,mixed_fraction,This is a bounded computational sample. It does not prove the complete associate-class structure of the infinite monoid.
645,10057/2187,1,10057/2187,1,mixed_fraction,This is a bounded computational sample. It does not prove the complete associate-class structure of the infinite monoid.
646,10088/6561,1,10088/6561,1,mixed_fraction,This is a bounded computational sample. It does not prove the complete associate-class structure of the infinite monoid.
647,10096/19683,1,10096/19683,1,mixed_fraction,This is a bounded computational sample. It does not prove the complete associate-class structure of the infinite monoid.
648,10097/6561,1,10097/6561,1,mixed_fraction,This is a bounded computational sample. It does not prove the complete associate-class structure of the infinite monoid.
649,10117/2187,1,10117/2187,1,mixed_fraction,This is a bounded computational sample. It does not prove the complete associate-class structure of the infinite monoid.
650,10156/6561,1,10156/6561,1,mixed_fraction,This is a bounded computational sample. It does not prove the complete associate-class structure of the infinite monoid.
651,10165/2187,1,10165/2187,1,mixed_fraction,This is a bounded computational sample. It does not prove the complete associate-class structure of the infinite monoid.
652,10201/2187,1,10201/2187,1,mixed_fraction,This is a bounded computational sample. It does not prove the complete associate-class structure of the infinite monoid.
653,10232/6561,1,10232/6561,1,mixed_fraction,This is a bounded computational sample. It does not prove the complete associate-class structure of the infinite monoid.
654,10241/6561,1,10241/6561,1,mixed_fraction,This is a bounded computational sample. It does not prove the complete associate-class structure of the infinite monoid.
655,10249/2187,1,10249/2187,1,mixed_fraction,This is a bounded computational sample. It does not prove the complete associate-class structure of the infinite monoid.
656,10300/6561,1,10300/6561,1,mixed_fraction,This is a bounded computational sample. It does not prove the complete associate-class structure of the infinite monoid.
657,10309/2187,1,10309/2187,1,mixed_fraction,This is a bounded computational sample. It does not prove the complete associate-class structure of the infinite monoid.
658,10309/6561,1,10309/6561,1,mixed_fraction,This is a bounded computational sample. It does not prove the complete associate-class structure of the infinite monoid.
659,10336/19683,1,10336/19683,1,mixed_fraction,This is a bounded computational sample. It does not prove the complete associate-class structure of the infinite monoid.
660,10357/2187,1,10357/2187,1,mixed_fraction,This is a bounded computational sample. It does not prove the complete associate-class structure of the infinite monoid.
661,10408/6561,1,10408/6561,1,mixed_fraction,This is a bounded computational sample. It does not prove the complete associate-class structure of the infinite monoid.
662,10412/6561,1,10412/6561,1,mixed_fraction,This is a bounded computational sample. It does not prove the complete associate-class structure of the infinite monoid.
663,10441/2187,1,10441/2187,1,mixed_fraction,This is a bounded computational sample. It does not prove the complete associate-class structure of the infinite monoid.
664,10528/19683,1,10528/19683,1,mixed_fraction,This is a bounded computational sample. It does not prove the complete associate-class structure of the infinite monoid.
665,10540/19683,1,10540/19683,1,mixed_fraction,This is a bounded computational sample. It does not prove the complete associate-class structure of the infinite monoid.
666,10549/2187,1,10549/2187,1,mixed_fraction,This is a bounded computational sample. It does not prove the complete associate-class structure of the infinite monoid.
667,10552/6561,1,10552/6561,1,mixed_fraction,This is a bounded computational sample. It does not prove the complete associate-class structure of the infinite monoid.
668,10556/6561,1,10556/6561,1,mixed_fraction,This is a bounded computational sample. It does not prove the complete associate-class structure of the infinite monoid.
669,10561/6561,1,10561/6561,1,mixed_fraction,This is a bounded computational sample. It does not prove the complete associate-class structure of the infinite monoid.
670,10565/6561,1,10565/6561,1,mixed_fraction,This is a bounded computational sample. It does not prove the complete associate-class structure of the infinite monoid.
671,10597/2187,1,10597/2187,1,mixed_fraction,This is a bounded computational sample. It does not prove the complete associate-class structure of the infinite monoid.
672,10633/2187,1,10633/2187,1,mixed_fraction,This is a bounded computational sample. It does not prove the complete associate-class structure of the infinite monoid.
673,10664/6561,1,10664/6561,1,mixed_fraction,This is a bounded computational sample. It does not prove the complete associate-class structure of the infinite monoid.
674,10672/19683,1,10672/19683,1,mixed_fraction,This is a bounded computational sample. It does not prove the complete associate-class structure of the infinite monoid.
675,10705/6561,1,10705/6561,1,mixed_fraction,This is a bounded computational sample. It does not prove the complete associate-class structure of the infinite monoid.
676,10732/6561,1,10732/6561,1,mixed_fraction,This is a bounded computational sample. It does not prove the complete associate-class structure of the infinite monoid.
677,10741/2187,1,10741/2187,1,mixed_fraction,This is a bounded computational sample. It does not prove the complete associate-class structure of the infinite monoid.
678,10789/2187,1,10789/2187,1,mixed_fraction,This is a bounded computational sample. It does not prove the complete associate-class structure of the infinite monoid.
679,10808/6561,1,10808/6561,1,mixed_fraction,This is a bounded computational sample. It does not prove the complete associate-class structure of the infinite monoid.
680,10816/59049,1,10816/59049,1,mixed_fraction,This is a bounded computational sample. It does not prove the complete associate-class structure of the infinite monoid.
681,10817/6561,1,10817/6561,1,mixed_fraction,This is a bounded computational sample. It does not prove the complete associate-class structure of the infinite monoid.
682,10864/19683,1,10864/19683,1,mixed_fraction,This is a bounded computational sample. It does not prove the complete associate-class structure of the infinite monoid.
683,10876/6561,1,10876/6561,1,mixed_fraction,This is a bounded computational sample. It does not prove the complete associate-class structure of the infinite monoid.
684,10885/6561,1,10885/6561,1,mixed_fraction,This is a bounded computational sample. It does not prove the complete associate-class structure of the infinite monoid.
685,10961/6561,1,10961/6561,1,mixed_fraction,This is a bounded computational sample. It does not prove the complete associate-class structure of the infinite monoid.
686,10981/2187,1,10981/2187,1,mixed_fraction,This is a bounded computational sample. It does not prove the complete associate-class structure of the infinite monoid.
687,10988/6561,1,10988/6561,1,mixed_fraction,This is a bounded computational sample. It does not prove the complete associate-class structure of the infinite monoid.
688,11029/2187,1,11029/2187,1,mixed_fraction,This is a bounded computational sample. It does not prove the complete associate-class structure of the infinite monoid.
689,11029/6561,1,11029/6561,1,mixed_fraction,This is a bounded computational sample. It does not prove the complete associate-class structure of the infinite monoid.
690,11104/19683,1,11104/19683,1,mixed_fraction,This is a bounded computational sample. It does not prove the complete associate-class structure of the infinite monoid.
691,11128/6561,1,11128/6561,1,mixed_fraction,This is a bounded computational sample. It does not prove the complete associate-class structure of the infinite monoid.
692,11132/6561,1,11132/6561,1,mixed_fraction,This is a bounded computational sample. It does not prove the complete associate-class structure of the infinite monoid.
693,11137/6561,1,11137/6561,1,mixed_fraction,This is a bounded computational sample. It does not prove the complete associate-class structure of the infinite monoid.
694,11141/6561,1,11141/6561,1,mixed_fraction,This is a bounded computational sample. It does not prove the complete associate-class structure of the infinite monoid.
695,11173/2187,1,11173/2187,1,mixed_fraction,This is a bounded computational sample. It does not prove the complete associate-class structure of the infinite monoid.
696,11221/2187,1,11221/2187,1,mixed_fraction,This is a bounded computational sample. It does not prove the complete associate-class structure of the infinite monoid.
697,11281/6561,1,11281/6561,1,mixed_fraction,This is a bounded computational sample. It does not prove the complete associate-class structure of the infinite monoid.
698,11285/6561,1,11285/6561,1,mixed_fraction,This is a bounded computational sample. It does not prove the complete associate-class structure of the infinite monoid.
699,11296/19683,1,11296/19683,1,mixed_fraction,This is a bounded computational sample. It does not prove the complete associate-class structure of the infinite monoid.
700,11308/19683,1,11308/19683,1,mixed_fraction,This is a bounded computational sample. It does not prove the complete associate-class structure of the infinite monoid.
701,11384/6561,1,11384/6561,1,mixed_fraction,This is a bounded computational sample. It does not prove the complete associate-class structure of the infinite monoid.
702,11392/59049,1,11392/59049,1,mixed_fraction,This is a bounded computational sample. It does not prove the complete associate-class structure of the infinite monoid.
703,11393/6561,1,11393/6561,1,mixed_fraction,This is a bounded computational sample. It does not prove the complete associate-class structure of the infinite monoid.
704,11413/2187,1,11413/2187,1,mixed_fraction,This is a bounded computational sample. It does not prove the complete associate-class structure of the infinite monoid.
705,11452/6561,1,11452/6561,1,mixed_fraction,This is a bounded computational sample. It does not prove the complete associate-class structure of the infinite monoid.
706,11461/6561,1,11461/6561,1,mixed_fraction,This is a bounded computational sample. It does not prove the complete associate-class structure of the infinite monoid.
707,11500/19683,1,11500/19683,1,mixed_fraction,This is a bounded computational sample. It does not prove the complete associate-class structure of the infinite monoid.
708,11537/6561,1,11537/6561,1,mixed_fraction,This is a bounded computational sample. It does not prove the complete associate-class structure of the infinite monoid.
709,11596/6561,1,11596/6561,1,mixed_fraction,This is a bounded computational sample. It does not prove the complete associate-class structure of the infinite monoid.
710,11605/2187,1,11605/2187,1,mixed_fraction,This is a bounded computational sample. It does not prove the complete associate-class structure of the infinite monoid.
711,11605/6561,1,11605/6561,1,mixed_fraction,This is a bounded computational sample. It does not prove the complete associate-class structure of the infinite monoid.
712,11632/19683,1,11632/19683,1,mixed_fraction,This is a bounded computational sample. It does not prove the complete associate-class structure of the infinite monoid.
713,11704/6561,1,11704/6561,1,mixed_fraction,This is a bounded computational sample. It does not prove the complete associate-class structure of the infinite monoid.
714,11708/6561,1,11708/6561,1,mixed_fraction,This is a bounded computational sample. It does not prove the complete associate-class structure of the infinite monoid.
715,11717/6561,1,11717/6561,1,mixed_fraction,This is a bounded computational sample. It does not prove the complete associate-class structure of the infinite monoid.
716,11840/59049,1,11840/59049,1,mixed_fraction,This is a bounded computational sample. It does not prove the complete associate-class structure of the infinite monoid.
717,11852/6561,1,11852/6561,1,mixed_fraction,This is a bounded computational sample. It does not prove the complete associate-class structure of the infinite monoid.
718,11857/6561,1,11857/6561,1,mixed_fraction,This is a bounded computational sample. It does not prove the complete associate-class structure of the infinite monoid.
719,11861/6561,1,11861/6561,1,mixed_fraction,This is a bounded computational sample. It does not prove the complete associate-class structure of the infinite monoid.
720,11960/6561,1,11960/6561,1,mixed_fraction,This is a bounded computational sample. It does not prove the complete associate-class structure of the infinite monoid.
721,12028/6561,1,12028/6561,1,mixed_fraction,This is a bounded computational sample. It does not prove the complete associate-class structure of the infinite monoid.
722,12064/19683,1,12064/19683,1,mixed_fraction,This is a bounded computational sample. It does not prove the complete associate-class structure of the infinite monoid.
723,12076/19683,1,12076/19683,1,mixed_fraction,This is a bounded computational sample. It does not prove the complete associate-class structure of the infinite monoid.
724,12113/6561,1,12113/6561,1,mixed_fraction,This is a bounded computational sample. It does not prove the complete associate-class structure of the infinite monoid.
725,12172/6561,1,12172/6561,1,mixed_fraction,This is a bounded computational sample. It does not prove the complete associate-class structure of the infinite monoid.
726,12181/6561,1,12181/6561,1,mixed_fraction,This is a bounded computational sample. It does not prove the complete associate-class structure of the infinite monoid.
727,12256/19683,1,12256/19683,1,mixed_fraction,This is a bounded computational sample. It does not prove the complete associate-class structure of the infinite monoid.
728,12268/19683,1,12268/19683,1,mixed_fraction,This is a bounded computational sample. It does not prove the complete associate-class structure of the infinite monoid.
729,12284/6561,1,12284/6561,1,mixed_fraction,This is a bounded computational sample. It does not prove the complete associate-class structure of the infinite monoid.
730,12325/6561,1,12325/6561,1,mixed_fraction,This is a bounded computational sample. It does not prove the complete associate-class structure of the infinite monoid.
731,12400/19683,1,12400/19683,1,mixed_fraction,This is a bounded computational sample. It does not prove the complete associate-class structure of the infinite monoid.
732,12416/59049,1,12416/59049,1,mixed_fraction,This is a bounded computational sample. It does not prove the complete associate-class structure of the infinite monoid.
733,12428/6561,1,12428/6561,1,mixed_fraction,This is a bounded computational sample. It does not prove the complete associate-class structure of the infinite monoid.
734,12433/6561,1,12433/6561,1,mixed_fraction,This is a bounded computational sample. It does not prove the complete associate-class structure of the infinite monoid.
735,12437/6561,1,12437/6561,1,mixed_fraction,This is a bounded computational sample. It does not prove the complete associate-class structure of the infinite monoid.
736,12581/6561,1,12581/6561,1,mixed_fraction,This is a bounded computational sample. It does not prove the complete associate-class structure of the infinite monoid.
737,12649/6561,1,12649/6561,1,mixed_fraction,This is a bounded computational sample. It does not prove the complete associate-class structure of the infinite monoid.
738,12688/19683,1,12688/19683,1,mixed_fraction,This is a bounded computational sample. It does not prove the complete associate-class structure of the infinite monoid.
739,12688/59049,1,12688/59049,1,mixed_fraction,This is a bounded computational sample. It does not prove the complete associate-class structure of the infinite monoid.
740,12689/6561,1,12689/6561,1,mixed_fraction,This is a bounded computational sample. It does not prove the complete associate-class structure of the infinite monoid.
741,12748/6561,1,12748/6561,1,mixed_fraction,This is a bounded computational sample. It does not prove the complete associate-class structure of the infinite monoid.
742,12757/6561,1,12757/6561,1,mixed_fraction,This is a bounded computational sample. It does not prove the complete associate-class structure of the infinite monoid.
743,12832/19683,1,12832/19683,1,mixed_fraction,This is a bounded computational sample. It does not prove the complete associate-class structure of the infinite monoid.
744,12892/6561,1,12892/6561,1,mixed_fraction,This is a bounded computational sample. It does not prove the complete associate-class structure of the infinite monoid.
745,12901/6561,1,12901/6561,1,mixed_fraction,This is a bounded computational sample. It does not prove the complete associate-class structure of the infinite monoid.
746,12905/6561,1,12905/6561,1,mixed_fraction,This is a bounded computational sample. It does not prove the complete associate-class structure of the infinite monoid.
747,13004/6561,1,13004/6561,1,mixed_fraction,This is a bounded computational sample. It does not prove the complete associate-class structure of the infinite monoid.
748,13013/6561,1,13013/6561,1,mixed_fraction,This is a bounded computational sample. It does not prove the complete associate-class structure of the infinite monoid.
749,13024/19683,1,13024/19683,1,mixed_fraction,This is a bounded computational sample. It does not prove the complete associate-class structure of the infinite monoid.
750,13036/19683,1,13036/19683,1,mixed_fraction,This is a bounded computational sample. It does not prove the complete associate-class structure of the infinite monoid.
751,13120/59049,1,13120/59049,1,mixed_fraction,This is a bounded computational sample. It does not prove the complete associate-class structure of the infinite monoid.
752,13148/6561,1,13148/6561,1,mixed_fraction,This is a bounded computational sample. It does not prove the complete associate-class structure of the infinite monoid.
753,13157/6561,1,13157/6561,1,mixed_fraction,This is a bounded computational sample. It does not prove the complete associate-class structure of the infinite monoid.
754,13225/6561,1,13225/6561,1,mixed_fraction,This is a bounded computational sample. It does not prove the complete associate-class structure of the infinite monoid.
755,13228/19683,1,13228/19683,1,mixed_fraction,This is a bounded computational sample. It does not prove the complete associate-class structure of the infinite monoid.
756,13324/6561,1,13324/6561,1,mixed_fraction,This is a bounded computational sample. It does not prove the complete associate-class structure of the infinite monoid.
757,13378/6561,1,13378/6561,1,mixed_fraction,This is a bounded computational sample. It does not prove the complete associate-class structure of the infinite monoid.
758,13456/19683,1,13456/19683,1,mixed_fraction,This is a bounded computational sample. It does not prove the complete associate-class structure of the infinite monoid.
759,13468/6561,1,13468/6561,1,mixed_fraction,This is a bounded computational sample. It does not prove the complete associate-class structure of the infinite monoid.
760,13477/6561,1,13477/6561,1,mixed_fraction,This is a bounded computational sample. It does not prove the complete associate-class structure of the infinite monoid.
761,13481/6561,1,13481/6561,1,mixed_fraction,This is a bounded computational sample. It does not prove the complete associate-class structure of the infinite monoid.
762,13580/6561,1,13580/6561,1,mixed_fraction,This is a bounded computational sample. It does not prove the complete associate-class structure of the infinite monoid.
763,13621/6561,1,13621/6561,1,mixed_fraction,This is a bounded computational sample. It does not prove the complete associate-class structure of the infinite monoid.
764,13634/6561,1,13634/6561,1,mixed_fraction,This is a bounded computational sample. It does not prove the complete associate-class structure of the infinite monoid.
765,13660/19683,1,13660/19683,1,mixed_fraction,This is a bounded computational sample. It does not prove the complete associate-class structure of the infinite monoid.
766,13696/59049,1,13696/59049,1,mixed_fraction,This is a bounded computational sample. It does not prove the complete associate-class structure of the infinite monoid.
767,13712/59049,1,13712/59049,1,mixed_fraction,This is a bounded computational sample. It does not prove the complete associate-class structure of the infinite monoid.
768,13724/6561,1,13724/6561,1,mixed_fraction,This is a bounded computational sample. It does not prove the complete associate-class structure of the infinite monoid.
769,13733/6561,1,13733/6561,1,mixed_fraction,This is a bounded computational sample. It does not prove the complete associate-class structure of the infinite monoid.
770,13792/19683,1,13792/19683,1,mixed_fraction,This is a bounded computational sample. It does not prove the complete associate-class structure of the infinite monoid.
771,13801/6561,1,13801/6561,1,mixed_fraction,This is a bounded computational sample. It does not prove the complete associate-class structure of the infinite monoid.
772,13804/19683,1,13804/19683,1,mixed_fraction,This is a bounded computational sample. It does not prove the complete associate-class structure of the infinite monoid.
773,13877/6561,1,13877/6561,1,mixed_fraction,This is a bounded computational sample. It does not prove the complete associate-class structure of the infinite monoid.
774,13945/6561,1,13945/6561,1,mixed_fraction,This is a bounded computational sample. It does not prove the complete associate-class structure of the infinite monoid.
775,13954/6561,1,13954/6561,1,mixed_fraction,This is a bounded computational sample. It does not prove the complete associate-class structure of the infinite monoid.
776,13984/19683,1,13984/19683,1,mixed_fraction,This is a bounded computational sample. It does not prove the complete associate-class structure of the infinite monoid.
777,13996/19683,1,13996/19683,1,mixed_fraction,This is a bounded computational sample. It does not prove the complete associate-class structure of the infinite monoid.
778,14044/6561,1,14044/6561,1,mixed_fraction,This is a bounded computational sample. It does not prove the complete associate-class structure of the infinite monoid.
779,14053/6561,1,14053/6561,1,mixed_fraction,This is a bounded computational sample. It does not prove the complete associate-class structure of the infinite monoid.
780,14057/6561,1,14057/6561,1,mixed_fraction,This is a bounded computational sample. It does not prove the complete associate-class structure of the infinite monoid.
781,14144/59049,1,14144/59049,1,mixed_fraction,This is a bounded computational sample. It does not prove the complete associate-class structure of the infinite monoid.
782,14197/6561,1,14197/6561,1,mixed_fraction,This is a bounded computational sample. It does not prove the complete associate-class structure of the infinite monoid.
783,14201/6561,1,14201/6561,1,mixed_fraction,This is a bounded computational sample. It does not prove the complete associate-class structure of the infinite monoid.
784,14210/6561,1,14210/6561,1,mixed_fraction,This is a bounded computational sample. It does not prove the complete associate-class structure of the infinite monoid.
785,14224/19683,1,14224/19683,1,mixed_fraction,This is a bounded computational sample. It does not prove the complete associate-class structure of the infinite monoid.
786,14300/6561,1,14300/6561,1,mixed_fraction,This is a bounded computational sample. It does not prove the complete associate-class structure of the infinite monoid.
787,14309/6561,1,14309/6561,1,mixed_fraction,This is a bounded computational sample. It does not prove the complete associate-class structure of the infinite monoid.
788,14377/6561,1,14377/6561,1,mixed_fraction,This is a bounded computational sample. It does not prove the complete associate-class structure of the infinite monoid.
789,14416/19683,1,14416/19683,1,mixed_fraction,This is a bounded computational sample. It does not prove the complete associate-class structure of the infinite monoid.
790,14428/19683,1,14428/19683,1,mixed_fraction,This is a bounded computational sample. It does not prove the complete associate-class structure of the infinite monoid.
791,14453/6561,1,14453/6561,1,mixed_fraction,This is a bounded computational sample. It does not prove the complete associate-class structure of the infinite monoid.
792,14521/6561,1,14521/6561,1,mixed_fraction,This is a bounded computational sample. It does not prove the complete associate-class structure of the infinite monoid.
793,14530/6561,1,14530/6561,1,mixed_fraction,This is a bounded computational sample. It does not prove the complete associate-class structure of the infinite monoid.
794,14560/19683,1,14560/19683,1,mixed_fraction,This is a bounded computational sample. It does not prove the complete associate-class structure of the infinite monoid.
795,14620/6561,1,14620/6561,1,mixed_fraction,This is a bounded computational sample. It does not prove the complete associate-class structure of the infinite monoid.
796,14633/6561,1,14633/6561,1,mixed_fraction,This is a bounded computational sample. It does not prove the complete associate-class structure of the infinite monoid.
797,14674/6561,1,14674/6561,1,mixed_fraction,This is a bounded computational sample. It does not prove the complete associate-class structure of the infinite monoid.
798,14720/59049,1,14720/59049,1,mixed_fraction,This is a bounded computational sample. It does not prove the complete associate-class structure of the infinite monoid.
799,14752/19683,1,14752/19683,1,mixed_fraction,This is a bounded computational sample. It does not prove the complete associate-class structure of the infinite monoid.
800,14764/19683,1,14764/19683,1,mixed_fraction,This is a bounded computational sample. It does not prove the complete associate-class structure of the infinite monoid.
801,14773/6561,1,14773/6561,1,mixed_fraction,This is a bounded computational sample. It does not prove the complete associate-class structure of the infinite monoid.
802,14777/6561,1,14777/6561,1,mixed_fraction,This is a bounded computational sample. It does not prove the complete associate-class structure of the infinite monoid.
803,14786/6561,1,14786/6561,1,mixed_fraction,This is a bounded computational sample. It does not prove the complete associate-class structure of the infinite monoid.
804,14876/6561,1,14876/6561,1,mixed_fraction,This is a bounded computational sample. It does not prove the complete associate-class structure of the infinite monoid.
805,14930/6561,1,14930/6561,1,mixed_fraction,This is a bounded computational sample. It does not prove the complete associate-class structure of the infinite monoid.
806,14956/19683,1,14956/19683,1,mixed_fraction,This is a bounded computational sample. It does not prove the complete associate-class structure of the infinite monoid.
807,14992/19683,1,14992/19683,1,mixed_fraction,This is a bounded computational sample. It does not prove the complete associate-class structure of the infinite monoid.
808,14992/59049,1,14992/59049,1,mixed_fraction,This is a bounded computational sample. It does not prove the complete associate-class structure of the infinite monoid.
809,15029/6561,1,15029/6561,1,mixed_fraction,This is a bounded computational sample. It does not prove the complete associate-class structure of the infinite monoid.
810,15097/6561,1,15097/6561,1,mixed_fraction,This is a bounded computational sample. It does not prove the complete associate-class structure of the infinite monoid.
811,15106/6561,1,15106/6561,1,mixed_fraction,This is a bounded computational sample. It does not prove the complete associate-class structure of the infinite monoid.
812,15184/19683,1,15184/19683,1,mixed_fraction,This is a bounded computational sample. It does not prove the complete associate-class structure of the infinite monoid.
813,15196/19683,1,15196/19683,1,mixed_fraction,This is a bounded computational sample. It does not prove the complete associate-class structure of the infinite monoid.
814,15241/6561,1,15241/6561,1,mixed_fraction,This is a bounded computational sample. It does not prove the complete associate-class structure of the infinite monoid.
815,15250/6561,1,15250/6561,1,mixed_fraction,This is a bounded computational sample. It does not prove the complete associate-class structure of the infinite monoid.
816,15349/6561,1,15349/6561,1,mixed_fraction,This is a bounded computational sample. It does not prove the complete associate-class structure of the infinite monoid.
817,15353/6561,1,15353/6561,1,mixed_fraction,This is a bounded computational sample. It does not prove the complete associate-class structure of the infinite monoid.
818,15362/6561,1,15362/6561,1,mixed_fraction,This is a bounded computational sample. It does not prove the complete associate-class structure of the infinite monoid.
819,15388/19683,1,15388/19683,1,mixed_fraction,This is a bounded computational sample. It does not prove the complete associate-class structure of the infinite monoid.
820,15497/6561,1,15497/6561,1,mixed_fraction,This is a bounded computational sample. It does not prove the complete associate-class structure of the infinite monoid.
821,15506/6561,1,15506/6561,1,mixed_fraction,This is a bounded computational sample. It does not prove the complete associate-class structure of the infinite monoid.
822,15520/19683,1,15520/19683,1,mixed_fraction,This is a bounded computational sample. It does not prove the complete associate-class structure of the infinite monoid.
823,15532/19683,1,15532/19683,1,mixed_fraction,This is a bounded computational sample. It does not prove the complete associate-class structure of the infinite monoid.
824,15565/6561,1,15565/6561,1,mixed_fraction,This is a bounded computational sample. It does not prove the complete associate-class structure of the infinite monoid.
825,15605/6561,1,15605/6561,1,mixed_fraction,This is a bounded computational sample. It does not prove the complete associate-class structure of the infinite monoid.
826,15673/6561,1,15673/6561,1,mixed_fraction,This is a bounded computational sample. It does not prove the complete associate-class structure of the infinite monoid.
827,15724/19683,1,15724/19683,1,mixed_fraction,This is a bounded computational sample. It does not prove the complete associate-class structure of the infinite monoid.
828,15817/6561,1,15817/6561,1,mixed_fraction,This is a bounded computational sample. It does not prove the complete associate-class structure of the infinite monoid.
829,15821/6561,1,15821/6561,1,mixed_fraction,This is a bounded computational sample. It does not prove the complete associate-class structure of the infinite monoid.
830,15826/6561,1,15826/6561,1,mixed_fraction,This is a bounded computational sample. It does not prove the complete associate-class structure of the infinite monoid.
831,15929/6561,1,15929/6561,1,mixed_fraction,This is a bounded computational sample. It does not prove the complete associate-class structure of the infinite monoid.
832,15952/19683,1,15952/19683,1,mixed_fraction,This is a bounded computational sample. It does not prove the complete associate-class structure of the infinite monoid.
833,15964/19683,1,15964/19683,1,mixed_fraction,This is a bounded computational sample. It does not prove the complete associate-class structure of the infinite monoid.
834,15970/6561,1,15970/6561,1,mixed_fraction,This is a bounded computational sample. It does not prove the complete associate-class structure of the infinite monoid.
835,16000/59049,1,16000/59049,1,mixed_fraction,This is a bounded computational sample. It does not prove the complete associate-class structure of the infinite monoid.
836,16016/59049,1,16016/59049,1,mixed_fraction,This is a bounded computational sample. It does not prove the complete associate-class structure of the infinite monoid.
837,16073/6561,1,16073/6561,1,mixed_fraction,This is a bounded computational sample. It does not prove the complete associate-class structure of the infinite monoid.
838,16082/6561,1,16082/6561,1,mixed_fraction,This is a bounded computational sample. It does not prove the complete associate-class structure of the infinite monoid.
839,16141/6561,1,16141/6561,1,mixed_fraction,This is a bounded computational sample. It does not prove the complete associate-class structure of the infinite monoid.
840,16144/19683,1,16144/19683,1,mixed_fraction,This is a bounded computational sample. It does not prove the complete associate-class structure of the infinite monoid.
841,16156/19683,1,16156/19683,1,mixed_fraction,This is a bounded computational sample. It does not prove the complete associate-class structure of the infinite monoid.
842,16226/6561,1,16226/6561,1,mixed_fraction,This is a bounded computational sample. It does not prove the complete associate-class structure of the infinite monoid.
843,16288/19683,1,16288/19683,1,mixed_fraction,This is a bounded computational sample. It does not prove the complete associate-class structure of the infinite monoid.
844,16294/6561,1,16294/6561,1,mixed_fraction,This is a bounded computational sample. It does not prove the complete associate-class structure of the infinite monoid.
845,16393/6561,1,16393/6561,1,mixed_fraction,This is a bounded computational sample. It does not prove the complete associate-class structure of the infinite monoid.
846,16397/6561,1,16397/6561,1,mixed_fraction,This is a bounded computational sample. It does not prove the complete associate-class structure of the infinite monoid.
847,16402/6561,1,16402/6561,1,mixed_fraction,This is a bounded computational sample. It does not prove the complete associate-class structure of the infinite monoid.
848,16492/19683,1,16492/19683,1,mixed_fraction,This is a bounded computational sample. It does not prove the complete associate-class structure of the infinite monoid.
849,16537/6561,1,16537/6561,1,mixed_fraction,This is a bounded computational sample. It does not prove the complete associate-class structure of the infinite monoid.
850,16546/6561,1,16546/6561,1,mixed_fraction,This is a bounded computational sample. It does not prove the complete associate-class structure of the infinite monoid.
851,16550/6561,1,16550/6561,1,mixed_fraction,This is a bounded computational sample. It does not prove the complete associate-class structure of the infinite monoid.
852,16576/59049,1,16576/59049,1,mixed_fraction,This is a bounded computational sample. It does not prove the complete associate-class structure of the infinite monoid.
853,16649/6561,1,16649/6561,1,mixed_fraction,This is a bounded computational sample. It does not prove the complete associate-class structure of the infinite monoid.
854,16658/6561,1,16658/6561,1,mixed_fraction,This is a bounded computational sample. It does not prove the complete associate-class structure of the infinite monoid.
855,16717/6561,1,16717/6561,1,mixed_fraction,This is a bounded computational sample. It does not prove the complete associate-class structure of the infinite monoid.
856,16720/19683,1,16720/19683,1,mixed_fraction,This is a bounded computational sample. It does not prove the complete associate-class structure of the infinite monoid.
857,16793/6561,1,16793/6561,1,mixed_fraction,This is a bounded computational sample. It does not prove the complete associate-class structure of the infinite monoid.
858,16802/6561,1,16802/6561,1,mixed_fraction,This is a bounded computational sample. It does not prove the complete associate-class structure of the infinite monoid.
859,16861/6561,1,16861/6561,1,mixed_fraction,This is a bounded computational sample. It does not prove the complete associate-class structure of the infinite monoid.
860,16870/6561,1,16870/6561,1,mixed_fraction,This is a bounded computational sample. It does not prove the complete associate-class structure of the infinite monoid.
861,16912/19683,1,16912/19683,1,mixed_fraction,This is a bounded computational sample. It does not prove the complete associate-class structure of the infinite monoid.
862,16924/19683,1,16924/19683,1,mixed_fraction,This is a bounded computational sample. It does not prove the complete associate-class structure of the infinite monoid.
863,16969/6561,1,16969/6561,1,mixed_fraction,This is a bounded computational sample. It does not prove the complete associate-class structure of the infinite monoid.
864,16973/6561,1,16973/6561,1,mixed_fraction,This is a bounded computational sample. It does not prove the complete associate-class structure of the infinite monoid.
865,17024/59049,1,17024/59049,1,mixed_fraction,This is a bounded computational sample. It does not prove the complete associate-class structure of the infinite monoid.
866,17113/6561,1,17113/6561,1,mixed_fraction,This is a bounded computational sample. It does not prove the complete associate-class structure of the infinite monoid.
867,17116/19683,1,17116/19683,1,mixed_fraction,This is a bounded computational sample. It does not prove the complete associate-class structure of the infinite monoid.
868,17117/6561,1,17117/6561,1,mixed_fraction,This is a bounded computational sample. It does not prove the complete associate-class structure of the infinite monoid.
869,17122/6561,1,17122/6561,1,mixed_fraction,This is a bounded computational sample. It does not prove the complete associate-class structure of the infinite monoid.
870,17126/6561,1,17126/6561,1,mixed_fraction,This is a bounded computational sample. It does not prove the complete associate-class structure of the infinite monoid.
871,17225/6561,1,17225/6561,1,mixed_fraction,This is a bounded computational sample. It does not prove the complete associate-class structure of the infinite monoid.
872,17260/19683,1,17260/19683,1,mixed_fraction,This is a bounded computational sample. It does not prove the complete associate-class structure of the infinite monoid.
873,17266/6561,1,17266/6561,1,mixed_fraction,This is a bounded computational sample. It does not prove the complete associate-class structure of the infinite monoid.
874,17293/6561,1,17293/6561,1,mixed_fraction,This is a bounded computational sample. It does not prove the complete associate-class structure of the infinite monoid.
875,17296/59049,1,17296/59049,1,mixed_fraction,This is a bounded computational sample. It does not prove the complete associate-class structure of the infinite monoid.
876,17369/6561,1,17369/6561,1,mixed_fraction,This is a bounded computational sample. It does not prove the complete associate-class structure of the infinite monoid.
877,17378/6561,1,17378/6561,1,mixed_fraction,This is a bounded computational sample. It does not prove the complete associate-class structure of the infinite monoid.
878,17437/6561,1,17437/6561,1,mixed_fraction,This is a bounded computational sample. It does not prove the complete associate-class structure of the infinite monoid.
879,17446/6561,1,17446/6561,1,mixed_fraction,This is a bounded computational sample. It does not prove the complete associate-class structure of the infinite monoid.
880,17522/6561,1,17522/6561,1,mixed_fraction,This is a bounded computational sample. It does not prove the complete associate-class structure of the infinite monoid.
881,17548/19683,1,17548/19683,1,mixed_fraction,This is a bounded computational sample. It does not prove the complete associate-class structure of the infinite monoid.
882,17549/6561,1,17549/6561,1,mixed_fraction,This is a bounded computational sample. It does not prove the complete associate-class structure of the infinite monoid.
883,17590/6561,1,17590/6561,1,mixed_fraction,This is a bounded computational sample. It does not prove the complete associate-class structure of the infinite monoid.
884,17600/59049,1,17600/59049,1,mixed_fraction,This is a bounded computational sample. It does not prove the complete associate-class structure of the infinite monoid.
885,17680/19683,1,17680/19683,1,mixed_fraction,This is a bounded computational sample. It does not prove the complete associate-class structure of the infinite monoid.
886,17689/6561,1,17689/6561,1,mixed_fraction,This is a bounded computational sample. It does not prove the complete associate-class structure of the infinite monoid.
887,17692/19683,1,17692/19683,1,mixed_fraction,This is a bounded computational sample. It does not prove the complete associate-class structure of the infinite monoid.
888,17693/6561,1,17693/6561,1,mixed_fraction,This is a bounded computational sample. It does not prove the complete associate-class structure of the infinite monoid.
889,17698/6561,1,17698/6561,1,mixed_fraction,This is a bounded computational sample. It does not prove the complete associate-class structure of the infinite monoid.
890,17702/6561,1,17702/6561,1,mixed_fraction,This is a bounded computational sample. It does not prove the complete associate-class structure of the infinite monoid.
891,17842/6561,1,17842/6561,1,mixed_fraction,This is a bounded computational sample. It does not prove the complete associate-class structure of the infinite monoid.
892,17846/6561,1,17846/6561,1,mixed_fraction,This is a bounded computational sample. It does not prove the complete associate-class structure of the infinite monoid.
893,17872/19683,1,17872/19683,1,mixed_fraction,This is a bounded computational sample. It does not prove the complete associate-class structure of the infinite monoid.
894,17872/59049,1,17872/59049,1,mixed_fraction,This is a bounded computational sample. It does not prove the complete associate-class structure of the infinite monoid.
895,17884/19683,1,17884/19683,1,mixed_fraction,This is a bounded computational sample. It does not prove the complete associate-class structure of the infinite monoid.
896,17945/6561,1,17945/6561,1,mixed_fraction,This is a bounded computational sample. It does not prove the complete associate-class structure of the infinite monoid.
897,17954/6561,1,17954/6561,1,mixed_fraction,This is a bounded computational sample. It does not prove the complete associate-class structure of the infinite monoid.
898,18013/6561,1,18013/6561,1,mixed_fraction,This is a bounded computational sample. It does not prove the complete associate-class structure of the infinite monoid.
899,18022/6561,1,18022/6561,1,mixed_fraction,This is a bounded computational sample. It does not prove the complete associate-class structure of the infinite monoid.
900,18098/6561,1,18098/6561,1,mixed_fraction,This is a bounded computational sample. It does not prove the complete associate-class structure of the infinite monoid.
901,18157/6561,1,18157/6561,1,mixed_fraction,This is a bounded computational sample. It does not prove the complete associate-class structure of the infinite monoid.
902,18166/6561,1,18166/6561,1,mixed_fraction,This is a bounded computational sample. It does not prove the complete associate-class structure of the infinite monoid.
903,18265/6561,1,18265/6561,1,mixed_fraction,This is a bounded computational sample. It does not prove the complete associate-class structure of the infinite monoid.
904,18269/6561,1,18269/6561,1,mixed_fraction,This is a bounded computational sample. It does not prove the complete associate-class structure of the infinite monoid.
905,18278/6561,1,18278/6561,1,mixed_fraction,This is a bounded computational sample. It does not prove the complete associate-class structure of the infinite monoid.
906,18304/59049,1,18304/59049,1,mixed_fraction,This is a bounded computational sample. It does not prove the complete associate-class structure of the infinite monoid.
907,18316/19683,1,18316/19683,1,mixed_fraction,This is a bounded computational sample. It does not prove the complete associate-class structure of the infinite monoid.
908,18320/59049,1,18320/59049,1,mixed_fraction,This is a bounded computational sample. It does not prove the complete associate-class structure of the infinite monoid.
909,18413/6561,1,18413/6561,1,mixed_fraction,This is a bounded computational sample. It does not prove the complete associate-class structure of the infinite monoid.
910,18418/6561,1,18418/6561,1,mixed_fraction,This is a bounded computational sample. It does not prove the complete associate-class structure of the infinite monoid.
911,18422/6561,1,18422/6561,1,mixed_fraction,This is a bounded computational sample. It does not prove the complete associate-class structure of the infinite monoid.
912,18448/19683,1,18448/19683,1,mixed_fraction,This is a bounded computational sample. It does not prove the complete associate-class structure of the infinite monoid.
913,18520/19683,1,18520/19683,1,mixed_fraction,This is a bounded computational sample. It does not prove the complete associate-class structure of the infinite monoid.
914,18521/6561,1,18521/6561,1,mixed_fraction,This is a bounded computational sample. It does not prove the complete associate-class structure of the infinite monoid.
915,18589/6561,1,18589/6561,1,mixed_fraction,This is a bounded computational sample. It does not prove the complete associate-class structure of the infinite monoid.
916,18640/19683,1,18640/19683,1,mixed_fraction,This is a bounded computational sample. It does not prove the complete associate-class structure of the infinite monoid.
917,18652/19683,1,18652/19683,1,mixed_fraction,This is a bounded computational sample. It does not prove the complete associate-class structure of the infinite monoid.
918,18674/6561,1,18674/6561,1,mixed_fraction,This is a bounded computational sample. It does not prove the complete associate-class structure of the infinite monoid.
919,18733/6561,1,18733/6561,1,mixed_fraction,This is a bounded computational sample. It does not prove the complete associate-class structure of the infinite monoid.
920,18742/6561,1,18742/6561,1,mixed_fraction,This is a bounded computational sample. It does not prove the complete associate-class structure of the infinite monoid.
921,18844/19683,1,18844/19683,1,mixed_fraction,This is a bounded computational sample. It does not prove the complete associate-class structure of the infinite monoid.
922,18845/6561,1,18845/6561,1,mixed_fraction,This is a bounded computational sample. It does not prove the complete associate-class structure of the infinite monoid.
923,18880/59049,1,18880/59049,1,mixed_fraction,This is a bounded computational sample. It does not prove the complete associate-class structure of the infinite monoid.
924,18886/6561,1,18886/6561,1,mixed_fraction,This is a bounded computational sample. It does not prove the complete associate-class structure of the infinite monoid.
925,18896/59049,1,18896/59049,1,mixed_fraction,This is a bounded computational sample. It does not prove the complete associate-class structure of the infinite monoid.
926,18989/6561,1,18989/6561,1,mixed_fraction,This is a bounded computational sample. It does not prove the complete associate-class structure of the infinite monoid.
927,18994/6561,1,18994/6561,1,mixed_fraction,This is a bounded computational sample. It does not prove the complete associate-class structure of the infinite monoid.
928,18998/6561,1,18998/6561,1,mixed_fraction,This is a bounded computational sample. It does not prove the complete associate-class structure of the infinite monoid.
929,19084/19683,1,19084/19683,1,mixed_fraction,This is a bounded computational sample. It does not prove the complete associate-class structure of the infinite monoid.
930,19142/6561,1,19142/6561,1,mixed_fraction,This is a bounded computational sample. It does not prove the complete associate-class structure of the infinite monoid.
931,19210/6561,1,19210/6561,1,mixed_fraction,This is a bounded computational sample. It does not prove the complete associate-class structure of the infinite monoid.
932,19250/6561,1,19250/6561,1,mixed_fraction,This is a bounded computational sample. It does not prove the complete associate-class structure of the infinite monoid.
933,19276/19683,1,19276/19683,1,mixed_fraction,This is a bounded computational sample. It does not prove the complete associate-class structure of the infinite monoid.
934,19288/19683,1,19288/19683,1,mixed_fraction,This is a bounded computational sample. It does not prove the complete associate-class structure of the infinite monoid.
935,19309/6561,1,19309/6561,1,mixed_fraction,This is a bounded computational sample. It does not prove the complete associate-class structure of the infinite monoid.
936,19318/6561,1,19318/6561,1,mixed_fraction,This is a bounded computational sample. It does not prove the complete associate-class structure of the infinite monoid.
937,19328/59049,1,19328/59049,1,mixed_fraction,This is a bounded computational sample. It does not prove the complete associate-class structure of the infinite monoid.
938,19408/19683,1,19408/19683,1,mixed_fraction,This is a bounded computational sample. It does not prove the complete associate-class structure of the infinite monoid.
939,19420/19683,1,19420/19683,1,mixed_fraction,This is a bounded computational sample. It does not prove the complete associate-class structure of the infinite monoid.
940,19453/6561,1,19453/6561,1,mixed_fraction,This is a bounded computational sample. It does not prove the complete associate-class structure of the infinite monoid.
941,19462/6561,1,19462/6561,1,mixed_fraction,This is a bounded computational sample. It does not prove the complete associate-class structure of the infinite monoid.
942,19466/6561,1,19466/6561,1,mixed_fraction,This is a bounded computational sample. It does not prove the complete associate-class structure of the infinite monoid.
943,19565/6561,1,19565/6561,1,mixed_fraction,This is a bounded computational sample. It does not prove the complete associate-class structure of the infinite monoid.
944,19574/6561,1,19574/6561,1,mixed_fraction,This is a bounded computational sample. It does not prove the complete associate-class structure of the infinite monoid.
945,19600/59049,1,19600/59049,1,mixed_fraction,This is a bounded computational sample. It does not prove the complete associate-class structure of the infinite monoid.
946,19612/19683,1,19612/19683,1,mixed_fraction,This is a bounded computational sample. It does not prove the complete associate-class structure of the infinite monoid.
947,19709/6561,1,19709/6561,1,mixed_fraction,This is a bounded computational sample. It does not prove the complete associate-class structure of the infinite monoid.
948,19718/6561,1,19718/6561,1,mixed_fraction,This is a bounded computational sample. It does not prove the complete associate-class structure of the infinite monoid.
949,19786/6561,1,19786/6561,1,mixed_fraction,This is a bounded computational sample. It does not prove the complete associate-class structure of the infinite monoid.
950,19852/19683,1,19852/19683,1,mixed_fraction,This is a bounded computational sample. It does not prove the complete associate-class structure of the infinite monoid.
951,19885/6561,1,19885/6561,1,mixed_fraction,This is a bounded computational sample. It does not prove the complete associate-class structure of the infinite monoid.
952,19904/59049,1,19904/59049,1,mixed_fraction,This is a bounded computational sample. It does not prove the complete associate-class structure of the infinite monoid.
953,19939/6561,1,19939/6561,1,mixed_fraction,This is a bounded computational sample. It does not prove the complete associate-class structure of the infinite monoid.
954,20029/6561,1,20029/6561,1,mixed_fraction,This is a bounded computational sample. It does not prove the complete associate-class structure of the infinite monoid.
955,20038/6561,1,20038/6561,1,mixed_fraction,This is a bounded computational sample. It does not prove the complete associate-class structure of the infinite monoid.
956,20042/6561,1,20042/6561,1,mixed_fraction,This is a bounded computational sample. It does not prove the complete associate-class structure of the infinite monoid.
957,20044/19683,1,20044/19683,1,mixed_fraction,This is a bounded computational sample. It does not prove the complete associate-class structure of the infinite monoid.
958,20056/19683,1,20056/19683,1,mixed_fraction,This is a bounded computational sample. It does not prove the complete associate-class structure of the infinite monoid.
959,20141/6561,1,20141/6561,1,mixed_fraction,This is a bounded computational sample. It does not prove the complete associate-class structure of the infinite monoid.
960,20176/19683,1,20176/19683,1,mixed_fraction,This is a bounded computational sample. It does not prove the complete associate-class structure of the infinite monoid.
961,20176/59049,1,20176/59049,1,mixed_fraction,This is a bounded computational sample. It does not prove the complete associate-class structure of the infinite monoid.
962,20182/6561,1,20182/6561,1,mixed_fraction,This is a bounded computational sample. It does not prove the complete associate-class structure of the infinite monoid.
963,20195/6561,1,20195/6561,1,mixed_fraction,This is a bounded computational sample. It does not prove the complete associate-class structure of the infinite monoid.
964,20248/19683,1,20248/19683,1,mixed_fraction,This is a bounded computational sample. It does not prove the complete associate-class structure of the infinite monoid.
965,20285/6561,1,20285/6561,1,mixed_fraction,This is a bounded computational sample. It does not prove the complete associate-class structure of the infinite monoid.
966,20294/6561,1,20294/6561,1,mixed_fraction,This is a bounded computational sample. It does not prove the complete associate-class structure of the infinite monoid.
967,20362/6561,1,20362/6561,1,mixed_fraction,This is a bounded computational sample. It does not prove the complete associate-class structure of the infinite monoid.
968,20380/19683,1,20380/19683,1,mixed_fraction,This is a bounded computational sample. It does not prove the complete associate-class structure of the infinite monoid.
969,20438/6561,1,20438/6561,1,mixed_fraction,This is a bounded computational sample. It does not prove the complete associate-class structure of the infinite monoid.
970,20506/6561,1,20506/6561,1,mixed_fraction,This is a bounded computational sample. It does not prove the complete associate-class structure of the infinite monoid.
971,20515/6561,1,20515/6561,1,mixed_fraction,This is a bounded computational sample. It does not prove the complete associate-class structure of the infinite monoid.
972,20605/6561,1,20605/6561,1,mixed_fraction,This is a bounded computational sample. It does not prove the complete associate-class structure of the infinite monoid.
973,20614/6561,1,20614/6561,1,mixed_fraction,This is a bounded computational sample. It does not prove the complete associate-class structure of the infinite monoid.
974,20618/6561,1,20618/6561,1,mixed_fraction,This is a bounded computational sample. It does not prove the complete associate-class structure of the infinite monoid.
975,20624/59049,1,20624/59049,1,mixed_fraction,This is a bounded computational sample. It does not prove the complete associate-class structure of the infinite monoid.
976,20707/19683,1,20707/19683,1,mixed_fraction,This is a bounded computational sample. It does not prove the complete associate-class structure of the infinite monoid.
977,20758/6561,1,20758/6561,1,mixed_fraction,This is a bounded computational sample. It does not prove the complete associate-class structure of the infinite monoid.
978,20762/6561,1,20762/6561,1,mixed_fraction,This is a bounded computational sample. It does not prove the complete associate-class structure of the infinite monoid.
979,20771/6561,1,20771/6561,1,mixed_fraction,This is a bounded computational sample. It does not prove the complete associate-class structure of the infinite monoid.
980,20812/19683,1,20812/19683,1,mixed_fraction,This is a bounded computational sample. It does not prove the complete associate-class structure of the infinite monoid.
981,20824/19683,1,20824/19683,1,mixed_fraction,This is a bounded computational sample. It does not prove the complete associate-class structure of the infinite monoid.
982,20861/6561,1,20861/6561,1,mixed_fraction,This is a bounded computational sample. It does not prove the complete associate-class structure of the infinite monoid.
983,20870/6561,1,20870/6561,1,mixed_fraction,This is a bounded computational sample. It does not prove the complete associate-class structure of the infinite monoid.
984,20938/6561,1,20938/6561,1,mixed_fraction,This is a bounded computational sample. It does not prove the complete associate-class structure of the infinite monoid.
985,21004/19683,1,21004/19683,1,mixed_fraction,This is a bounded computational sample. It does not prove the complete associate-class structure of the infinite monoid.
986,21014/6561,1,21014/6561,1,mixed_fraction,This is a bounded computational sample. It does not prove the complete associate-class structure of the infinite monoid.
987,21016/19683,1,21016/19683,1,mixed_fraction,This is a bounded computational sample. It does not prove the complete associate-class structure of the infinite monoid.
988,21082/6561,1,21082/6561,1,mixed_fraction,This is a bounded computational sample. It does not prove the complete associate-class structure of the infinite monoid.
989,21091/6561,1,21091/6561,1,mixed_fraction,This is a bounded computational sample. It does not prove the complete associate-class structure of the infinite monoid.
990,21148/19683,1,21148/19683,1,mixed_fraction,This is a bounded computational sample. It does not prove the complete associate-class structure of the infinite monoid.
991,21181/6561,1,21181/6561,1,mixed_fraction,This is a bounded computational sample. It does not prove the complete associate-class structure of the infinite monoid.
992,21184/59049,1,21184/59049,1,mixed_fraction,This is a bounded computational sample. It does not prove the complete associate-class structure of the infinite monoid.
993,21194/6561,1,21194/6561,1,mixed_fraction,This is a bounded computational sample. It does not prove the complete associate-class structure of the infinite monoid.
994,21200/59049,1,21200/59049,1,mixed_fraction,This is a bounded computational sample. It does not prove the complete associate-class structure of the infinite monoid.
995,21235/6561,1,21235/6561,1,mixed_fraction,This is a bounded computational sample. It does not prove the complete associate-class structure of the infinite monoid.
996,21334/6561,1,21334/6561,1,mixed_fraction,This is a bounded computational sample. It does not prove the complete associate-class structure of the infinite monoid.
997,21338/6561,1,21338/6561,1,mixed_fraction,This is a bounded computational sample. It does not prove the complete associate-class structure of the infinite monoid.
998,21347/6561,1,21347/6561,1,mixed_fraction,This is a bounded computational sample. It does not prove the complete associate-class structure of the infinite monoid.
999,21436/19683,1,21436/19683,1,mixed_fraction,This is a bounded computational sample. It does not prove the complete associate-class structure of the infinite monoid.
1000,21437/6561,1,21437/6561,1,mixed_fraction,This is a bounded computational sample. It does not prove the complete associate-class structure of the infinite monoid.
1001,21475/19683,1,21475/19683,1,mixed_fraction,This is a bounded computational sample. It does not prove the complete associate-class structure of the infinite monoid.
1002,21491/6561,1,21491/6561,1,mixed_fraction,This is a bounded computational sample. It does not prove the complete associate-class structure of the infinite monoid.
1003,21580/19683,1,21580/19683,1,mixed_fraction,This is a bounded computational sample. It does not prove the complete associate-class structure of the infinite monoid.
1004,21590/6561,1,21590/6561,1,mixed_fraction,This is a bounded computational sample. It does not prove the complete associate-class structure of the infinite monoid.
1005,21658/6561,1,21658/6561,1,mixed_fraction,This is a bounded computational sample. It does not prove the complete associate-class structure of the infinite monoid.
1006,21667/6561,1,21667/6561,1,mixed_fraction,This is a bounded computational sample. It does not prove the complete associate-class structure of the infinite monoid.
1007,21772/19683,1,21772/19683,1,mixed_fraction,This is a bounded computational sample. It does not prove the complete associate-class structure of the infinite monoid.
1008,21784/19683,1,21784/19683,1,mixed_fraction,This is a bounded computational sample. It does not prove the complete associate-class structure of the infinite monoid.
1009,21802/6561,1,21802/6561,1,mixed_fraction,This is a bounded computational sample. It does not prove the complete associate-class structure of the infinite monoid.
1010,21811/6561,1,21811/6561,1,mixed_fraction,This is a bounded computational sample. It does not prove the complete associate-class structure of the infinite monoid.
1011,21910/6561,1,21910/6561,1,mixed_fraction,This is a bounded computational sample. It does not prove the complete associate-class structure of the infinite monoid.
1012,21914/6561,1,21914/6561,1,mixed_fraction,This is a bounded computational sample. It does not prove the complete associate-class structure of the infinite monoid.
1013,21923/6561,1,21923/6561,1,mixed_fraction,This is a bounded computational sample. It does not prove the complete associate-class structure of the infinite monoid.
1014,21976/19683,1,21976/19683,1,mixed_fraction,This is a bounded computational sample. It does not prove the complete associate-class structure of the infinite monoid.
1015,22058/6561,1,22058/6561,1,mixed_fraction,This is a bounded computational sample. It does not prove the complete associate-class structure of the infinite monoid.
1016,22067/6561,1,22067/6561,1,mixed_fraction,This is a bounded computational sample. It does not prove the complete associate-class structure of the infinite monoid.
1017,22126/6561,1,22126/6561,1,mixed_fraction,This is a bounded computational sample. It does not prove the complete associate-class structure of the infinite monoid.
1018,22166/6561,1,22166/6561,1,mixed_fraction,This is a bounded computational sample. It does not prove the complete associate-class structure of the infinite monoid.
1019,22204/19683,1,22204/19683,1,mixed_fraction,This is a bounded computational sample. It does not prove the complete associate-class structure of the infinite monoid.
1020,22208/59049,1,22208/59049,1,mixed_fraction,This is a bounded computational sample. It does not prove the complete associate-class structure of the infinite monoid.
1021,22234/6561,1,22234/6561,1,mixed_fraction,This is a bounded computational sample. It does not prove the complete associate-class structure of the infinite monoid.
1022,22243/19683,1,22243/19683,1,mixed_fraction,This is a bounded computational sample. It does not prove the complete associate-class structure of the infinite monoid.
1023,22378/6561,1,22378/6561,1,mixed_fraction,This is a bounded computational sample. It does not prove the complete associate-class structure of the infinite monoid.
1024,22382/6561,1,22382/6561,1,mixed_fraction,This is a bounded computational sample. It does not prove the complete associate-class structure of the infinite monoid.
1025,22387/6561,1,22387/6561,1,mixed_fraction,This is a bounded computational sample. It does not prove the complete associate-class structure of the infinite monoid.
1026,22408/19683,1,22408/19683,1,mixed_fraction,This is a bounded computational sample. It does not prove the complete associate-class structure of the infinite monoid.
1027,22435/19683,1,22435/19683,1,mixed_fraction,This is a bounded computational sample. It does not prove the complete associate-class structure of the infinite monoid.
1028,22480/59049,1,22480/59049,1,mixed_fraction,This is a bounded computational sample. It does not prove the complete associate-class structure of the infinite monoid.
1029,22490/6561,1,22490/6561,1,mixed_fraction,This is a bounded computational sample. It does not prove the complete associate-class structure of the infinite monoid.
1030,22531/6561,1,22531/6561,1,mixed_fraction,This is a bounded computational sample. It does not prove the complete associate-class structure of the infinite monoid.
1031,22540/19683,1,22540/19683,1,mixed_fraction,This is a bounded computational sample. It does not prove the complete associate-class structure of the infinite monoid.
1032,22552/19683,1,22552/19683,1,mixed_fraction,This is a bounded computational sample. It does not prove the complete associate-class structure of the infinite monoid.
1033,22634/6561,1,22634/6561,1,mixed_fraction,This is a bounded computational sample. It does not prove the complete associate-class structure of the infinite monoid.
1034,22643/6561,1,22643/6561,1,mixed_fraction,This is a bounded computational sample. It does not prove the complete associate-class structure of the infinite monoid.
1035,22702/6561,1,22702/6561,1,mixed_fraction,This is a bounded computational sample. It does not prove the complete associate-class structure of the infinite monoid.
1036,22732/19683,1,22732/19683,1,mixed_fraction,This is a bounded computational sample. It does not prove the complete associate-class structure of the infinite monoid.
1037,22744/19683,1,22744/19683,1,mixed_fraction,This is a bounded computational sample. It does not prove the complete associate-class structure of the infinite monoid.
1038,22787/6561,1,22787/6561,1,mixed_fraction,This is a bounded computational sample. It does not prove the complete associate-class structure of the infinite monoid.
1039,22855/6561,1,22855/6561,1,mixed_fraction,This is a bounded computational sample. It does not prove the complete associate-class structure of the infinite monoid.
1040,22954/6561,1,22954/6561,1,mixed_fraction,This is a bounded computational sample. It does not prove the complete associate-class structure of the infinite monoid.
1041,22958/6561,1,22958/6561,1,mixed_fraction,This is a bounded computational sample. It does not prove the complete associate-class structure of the infinite monoid.
1042,22963/6561,1,22963/6561,1,mixed_fraction,This is a bounded computational sample. It does not prove the complete associate-class structure of the infinite monoid.
1043,22972/19683,1,22972/19683,1,mixed_fraction,This is a bounded computational sample. It does not prove the complete associate-class structure of the infinite monoid.
1044,23011/19683,1,23011/19683,1,mixed_fraction,This is a bounded computational sample. It does not prove the complete associate-class structure of the infinite monoid.
1045,23056/59049,1,23056/59049,1,mixed_fraction,This is a bounded computational sample. It does not prove the complete associate-class structure of the infinite monoid.
1046,23098/6561,1,23098/6561,1,mixed_fraction,This is a bounded computational sample. It does not prove the complete associate-class structure of the infinite monoid.
1047,23107/6561,1,23107/6561,1,mixed_fraction,This is a bounded computational sample. It does not prove the complete associate-class structure of the infinite monoid.
1048,23111/6561,1,23111/6561,1,mixed_fraction,This is a bounded computational sample. It does not prove the complete associate-class structure of the infinite monoid.
1049,23164/19683,1,23164/19683,1,mixed_fraction,This is a bounded computational sample. It does not prove the complete associate-class structure of the infinite monoid.
1050,23176/19683,1,23176/19683,1,mixed_fraction,This is a bounded computational sample. It does not prove the complete associate-class structure of the infinite monoid.
1051,23203/19683,1,23203/19683,1,mixed_fraction,This is a bounded computational sample. It does not prove the complete associate-class structure of the infinite monoid.
1052,23210/6561,1,23210/6561,1,mixed_fraction,This is a bounded computational sample. It does not prove the complete associate-class structure of the infinite monoid.
1053,23219/6561,1,23219/6561,1,mixed_fraction,This is a bounded computational sample. It does not prove the complete associate-class structure of the infinite monoid.
1054,23278/6561,1,23278/6561,1,mixed_fraction,This is a bounded computational sample. It does not prove the complete associate-class structure of the infinite monoid.
1055,23308/19683,1,23308/19683,1,mixed_fraction,This is a bounded computational sample. It does not prove the complete associate-class structure of the infinite monoid.
1056,23354/6561,1,23354/6561,1,mixed_fraction,This is a bounded computational sample. It does not prove the complete associate-class structure of the infinite monoid.
1057,23363/6561,1,23363/6561,1,mixed_fraction,This is a bounded computational sample. It does not prove the complete associate-class structure of the infinite monoid.
1058,23422/6561,1,23422/6561,1,mixed_fraction,This is a bounded computational sample. It does not prove the complete associate-class structure of the infinite monoid.
1059,23431/6561,1,23431/6561,1,mixed_fraction,This is a bounded computational sample. It does not prove the complete associate-class structure of the infinite monoid.
1060,23488/59049,1,23488/59049,1,mixed_fraction,This is a bounded computational sample. It does not prove the complete associate-class structure of the infinite monoid.
1061,23500/19683,1,23500/19683,1,mixed_fraction,This is a bounded computational sample. It does not prove the complete associate-class structure of the infinite monoid.
1062,23504/59049,1,23504/59049,1,mixed_fraction,This is a bounded computational sample. It does not prove the complete associate-class structure of the infinite monoid.
1063,23512/19683,1,23512/19683,1,mixed_fraction,This is a bounded computational sample. It does not prove the complete associate-class structure of the infinite monoid.
1064,23530/6561,1,23530/6561,1,mixed_fraction,This is a bounded computational sample. It does not prove the complete associate-class structure of the infinite monoid.
1065,23534/6561,1,23534/6561,1,mixed_fraction,This is a bounded computational sample. It does not prove the complete associate-class structure of the infinite monoid.
1066,23674/6561,1,23674/6561,1,mixed_fraction,This is a bounded computational sample. It does not prove the complete associate-class structure of the infinite monoid.
1067,23678/6561,1,23678/6561,1,mixed_fraction,This is a bounded computational sample. It does not prove the complete associate-class structure of the infinite monoid.
1068,23683/6561,1,23683/6561,1,mixed_fraction,This is a bounded computational sample. It does not prove the complete associate-class structure of the infinite monoid.
1069,23687/6561,1,23687/6561,1,mixed_fraction,This is a bounded computational sample. It does not prove the complete associate-class structure of the infinite monoid.
1070,23704/19683,1,23704/19683,1,mixed_fraction,This is a bounded computational sample. It does not prove the complete associate-class structure of the infinite monoid.
1071,23740/19683,1,23740/19683,1,mixed_fraction,This is a bounded computational sample. It does not prove the complete associate-class structure of the infinite monoid.
1072,23786/6561,1,23786/6561,1,mixed_fraction,This is a bounded computational sample. It does not prove the complete associate-class structure of the infinite monoid.
1073,23827/6561,1,23827/6561,1,mixed_fraction,This is a bounded computational sample. It does not prove the complete associate-class structure of the infinite monoid.
1074,23854/6561,1,23854/6561,1,mixed_fraction,This is a bounded computational sample. It does not prove the complete associate-class structure of the infinite monoid.
1075,23930/6561,1,23930/6561,1,mixed_fraction,This is a bounded computational sample. It does not prove the complete associate-class structure of the infinite monoid.
1076,23932/19683,1,23932/19683,1,mixed_fraction,This is a bounded computational sample. It does not prove the complete associate-class structure of the infinite monoid.
1077,23939/6561,1,23939/6561,1,mixed_fraction,This is a bounded computational sample. It does not prove the complete associate-class structure of the infinite monoid.
1078,23944/19683,1,23944/19683,1,mixed_fraction,This is a bounded computational sample. It does not prove the complete associate-class structure of the infinite monoid.
1079,23971/19683,1,23971/19683,1,mixed_fraction,This is a bounded computational sample. It does not prove the complete associate-class structure of the infinite monoid.
1080,23998/6561,1,23998/6561,1,mixed_fraction,This is a bounded computational sample. It does not prove the complete associate-class structure of the infinite monoid.
1081,24007/6561,1,24007/6561,1,mixed_fraction,This is a bounded computational sample. It does not prove the complete associate-class structure of the infinite monoid.
1082,24080/59049,1,24080/59049,1,mixed_fraction,This is a bounded computational sample. It does not prove the complete associate-class structure of the infinite monoid.
1083,24083/6561,1,24083/6561,1,mixed_fraction,This is a bounded computational sample. It does not prove the complete associate-class structure of the infinite monoid.
1084,24110/6561,1,24110/6561,1,mixed_fraction,This is a bounded computational sample. It does not prove the complete associate-class structure of the infinite monoid.
1085,24136/19683,1,24136/19683,1,mixed_fraction,This is a bounded computational sample. It does not prove the complete associate-class structure of the infinite monoid.
1086,24151/6561,1,24151/6561,1,mixed_fraction,This is a bounded computational sample. It does not prove the complete associate-class structure of the infinite monoid.
1087,24163/19683,1,24163/19683,1,mixed_fraction,This is a bounded computational sample. It does not prove the complete associate-class structure of the infinite monoid.
1088,24250/6561,1,24250/6561,1,mixed_fraction,This is a bounded computational sample. It does not prove the complete associate-class structure of the infinite monoid.
1089,24254/6561,1,24254/6561,1,mixed_fraction,This is a bounded computational sample. It does not prove the complete associate-class structure of the infinite monoid.
1090,24259/6561,1,24259/6561,1,mixed_fraction,This is a bounded computational sample. It does not prove the complete associate-class structure of the infinite monoid.
1091,24263/6561,1,24263/6561,1,mixed_fraction,This is a bounded computational sample. It does not prove the complete associate-class structure of the infinite monoid.
1092,24268/19683,1,24268/19683,1,mixed_fraction,This is a bounded computational sample. It does not prove the complete associate-class structure of the infinite monoid.
1093,24280/19683,1,24280/19683,1,mixed_fraction,This is a bounded computational sample. It does not prove the complete associate-class structure of the infinite monoid.
1094,24352/59049,1,24352/59049,1,mixed_fraction,This is a bounded computational sample. It does not prove the complete associate-class structure of the infinite monoid.
1095,24403/6561,1,24403/6561,1,mixed_fraction,This is a bounded computational sample. It does not prove the complete associate-class structure of the infinite monoid.
1096,24407/6561,1,24407/6561,1,mixed_fraction,This is a bounded computational sample. It does not prove the complete associate-class structure of the infinite monoid.
1097,24472/19683,1,24472/19683,1,mixed_fraction,This is a bounded computational sample. It does not prove the complete associate-class structure of the infinite monoid.
1098,24506/6561,1,24506/6561,1,mixed_fraction,This is a bounded computational sample. It does not prove the complete associate-class structure of the infinite monoid.
1099,24512/59049,1,24512/59049,1,mixed_fraction,This is a bounded computational sample. It does not prove the complete associate-class structure of the infinite monoid.
1100,24515/6561,1,24515/6561,1,mixed_fraction,This is a bounded computational sample. It does not prove the complete associate-class structure of the infinite monoid.
1101,24574/6561,1,24574/6561,1,mixed_fraction,This is a bounded computational sample. It does not prove the complete associate-class structure of the infinite monoid.
1102,24583/6561,1,24583/6561,1,mixed_fraction,This is a bounded computational sample. It does not prove the complete associate-class structure of the infinite monoid.
1103,24595/19683,1,24595/19683,1,mixed_fraction,This is a bounded computational sample. It does not prove the complete associate-class structure of the infinite monoid.
1104,24659/6561,1,24659/6561,1,mixed_fraction,This is a bounded computational sample. It does not prove the complete associate-class structure of the infinite monoid.
1105,24700/19683,1,24700/19683,1,mixed_fraction,This is a bounded computational sample. It does not prove the complete associate-class structure of the infinite monoid.
1106,24712/19683,1,24712/19683,1,mixed_fraction,This is a bounded computational sample. It does not prove the complete associate-class structure of the infinite monoid.
1107,24718/6561,1,24718/6561,1,mixed_fraction,This is a bounded computational sample. It does not prove the complete associate-class structure of the infinite monoid.
1108,24727/6561,1,24727/6561,1,mixed_fraction,This is a bounded computational sample. It does not prove the complete associate-class structure of the infinite monoid.
1109,24739/19683,1,24739/19683,1,mixed_fraction,This is a bounded computational sample. It does not prove the complete associate-class structure of the infinite monoid.
1110,24784/59049,1,24784/59049,1,mixed_fraction,This is a bounded computational sample. It does not prove the complete associate-class structure of the infinite monoid.
1111,24826/6561,1,24826/6561,1,mixed_fraction,This is a bounded computational sample. It does not prove the complete associate-class structure of the infinite monoid.
1112,24830/6561,1,24830/6561,1,mixed_fraction,This is a bounded computational sample. It does not prove the complete associate-class structure of the infinite monoid.
1113,24839/6561,1,24839/6561,1,mixed_fraction,This is a bounded computational sample. It does not prove the complete associate-class structure of the infinite monoid.
1114,24892/19683,1,24892/19683,1,mixed_fraction,This is a bounded computational sample. It does not prove the complete associate-class structure of the infinite monoid.
1115,24904/19683,1,24904/19683,1,mixed_fraction,This is a bounded computational sample. It does not prove the complete associate-class structure of the infinite monoid.
1116,24931/19683,1,24931/19683,1,mixed_fraction,This is a bounded computational sample. It does not prove the complete associate-class structure of the infinite monoid.
1117,24974/6561,1,24974/6561,1,mixed_fraction,This is a bounded computational sample. It does not prove the complete associate-class structure of the infinite monoid.
1118,24979/6561,1,24979/6561,1,mixed_fraction,This is a bounded computational sample. It does not prove the complete associate-class structure of the infinite monoid.
1119,24983/6561,1,24983/6561,1,mixed_fraction,This is a bounded computational sample. It does not prove the complete associate-class structure of the infinite monoid.
1120,25036/19683,1,25036/19683,1,mixed_fraction,This is a bounded computational sample. It does not prove the complete associate-class structure of the infinite monoid.
1121,25082/6561,1,25082/6561,1,mixed_fraction,This is a bounded computational sample. It does not prove the complete associate-class structure of the infinite monoid.
1122,25150/6561,1,25150/6561,1,mixed_fraction,This is a bounded computational sample. It does not prove the complete associate-class structure of the infinite monoid.
1123,25235/6561,1,25235/6561,1,mixed_fraction,This is a bounded computational sample. It does not prove the complete associate-class structure of the infinite monoid.
1124,25240/19683,1,25240/19683,1,mixed_fraction,This is a bounded computational sample. It does not prove the complete associate-class structure of the infinite monoid.
1125,25294/6561,1,25294/6561,1,mixed_fraction,This is a bounded computational sample. It does not prove the complete associate-class structure of the infinite monoid.
1126,25303/6561,1,25303/6561,1,mixed_fraction,This is a bounded computational sample. It does not prove the complete associate-class structure of the infinite monoid.
1127,25360/59049,1,25360/59049,1,mixed_fraction,This is a bounded computational sample. It does not prove the complete associate-class structure of the infinite monoid.
1128,25363/19683,1,25363/19683,1,mixed_fraction,This is a bounded computational sample. It does not prove the complete associate-class structure of the infinite monoid.
1129,25376/59049,1,25376/59049,1,mixed_fraction,This is a bounded computational sample. It does not prove the complete associate-class structure of the infinite monoid.
1130,25406/6561,1,25406/6561,1,mixed_fraction,This is a bounded computational sample. It does not prove the complete associate-class structure of the infinite monoid.
1131,25447/6561,1,25447/6561,1,mixed_fraction,This is a bounded computational sample. It does not prove the complete associate-class structure of the infinite monoid.
1132,25468/19683,1,25468/19683,1,mixed_fraction,This is a bounded computational sample. It does not prove the complete associate-class structure of the infinite monoid.
1133,25550/6561,1,25550/6561,1,mixed_fraction,This is a bounded computational sample. It does not prove the complete associate-class structure of the infinite monoid.
1134,25555/6561,1,25555/6561,1,mixed_fraction,This is a bounded computational sample. It does not prove the complete associate-class structure of the infinite monoid.
1135,25559/6561,1,25559/6561,1,mixed_fraction,This is a bounded computational sample. It does not prove the complete associate-class structure of the infinite monoid.
1136,25660/19683,1,25660/19683,1,mixed_fraction,This is a bounded computational sample. It does not prove the complete associate-class structure of the infinite monoid.
1137,25672/19683,1,25672/19683,1,mixed_fraction,This is a bounded computational sample. It does not prove the complete associate-class structure of the infinite monoid.
1138,25699/19683,1,25699/19683,1,mixed_fraction,This is a bounded computational sample. It does not prove the complete associate-class structure of the infinite monoid.
1139,25703/6561,1,25703/6561,1,mixed_fraction,This is a bounded computational sample. It does not prove the complete associate-class structure of the infinite monoid.
1140,25771/6561,1,25771/6561,1,mixed_fraction,This is a bounded computational sample. It does not prove the complete associate-class structure of the infinite monoid.
1141,25808/59049,1,25808/59049,1,mixed_fraction,This is a bounded computational sample. It does not prove the complete associate-class structure of the infinite monoid.
1142,25811/6561,1,25811/6561,1,mixed_fraction,This is a bounded computational sample. It does not prove the complete associate-class structure of the infinite monoid.
1143,25864/19683,1,25864/19683,1,mixed_fraction,This is a bounded computational sample. It does not prove the complete associate-class structure of the infinite monoid.
1144,25870/6561,1,25870/6561,1,mixed_fraction,This is a bounded computational sample. It does not prove the complete associate-class structure of the infinite monoid.
1145,25879/6561,1,25879/6561,1,mixed_fraction,This is a bounded computational sample. It does not prove the complete associate-class structure of the infinite monoid.
1146,25891/19683,1,25891/19683,1,mixed_fraction,This is a bounded computational sample. It does not prove the complete associate-class structure of the infinite monoid.
1147,26008/19683,1,26008/19683,1,mixed_fraction,This is a bounded computational sample. It does not prove the complete associate-class structure of the infinite monoid.
1148,26014/6561,1,26014/6561,1,mixed_fraction,This is a bounded computational sample. It does not prove the complete associate-class structure of the infinite monoid.
1149,26023/6561,1,26023/6561,1,mixed_fraction,This is a bounded computational sample. It does not prove the complete associate-class structure of the infinite monoid.
1150,26027/6561,1,26027/6561,1,mixed_fraction,This is a bounded computational sample. It does not prove the complete associate-class structure of the infinite monoid.
1151,26126/6561,1,26126/6561,1,mixed_fraction,This is a bounded computational sample. It does not prove the complete associate-class structure of the infinite monoid.
1152,26131/19683,1,26131/19683,1,mixed_fraction,This is a bounded computational sample. It does not prove the complete associate-class structure of the infinite monoid.
1153,26135/6561,1,26135/6561,1,mixed_fraction,This is a bounded computational sample. It does not prove the complete associate-class structure of the infinite monoid.
1154,26270/6561,1,26270/6561,1,mixed_fraction,This is a bounded computational sample. It does not prove the complete associate-class structure of the infinite monoid.
1155,26279/6561,1,26279/6561,1,mixed_fraction,This is a bounded computational sample. It does not prove the complete associate-class structure of the infinite monoid.
1156,26296/19683,1,26296/19683,1,mixed_fraction,This is a bounded computational sample. It does not prove the complete associate-class structure of the infinite monoid.
1157,26323/19683,1,26323/19683,1,mixed_fraction,This is a bounded computational sample. It does not prove the complete associate-class structure of the infinite monoid.
1158,26347/6561,1,26347/6561,1,mixed_fraction,This is a bounded computational sample. It does not prove the complete associate-class structure of the infinite monoid.
1159,26384/59049,1,26384/59049,1,mixed_fraction,This is a bounded computational sample. It does not prove the complete associate-class structure of the infinite monoid.
1160,26428/19683,1,26428/19683,1,mixed_fraction,This is a bounded computational sample. It does not prove the complete associate-class structure of the infinite monoid.
1161,26440/19683,1,26440/19683,1,mixed_fraction,This is a bounded computational sample. It does not prove the complete associate-class structure of the infinite monoid.
1162,26446/6561,1,26446/6561,1,mixed_fraction,This is a bounded computational sample. It does not prove the complete associate-class structure of the infinite monoid.
1163,26467/19683,1,26467/19683,1,mixed_fraction,This is a bounded computational sample. It does not prove the complete associate-class structure of the infinite monoid.
1164,26590/6561,1,26590/6561,1,mixed_fraction,This is a bounded computational sample. It does not prove the complete associate-class structure of the infinite monoid.
1165,26599/6561,1,26599/6561,1,mixed_fraction,This is a bounded computational sample. It does not prove the complete associate-class structure of the infinite monoid.
1166,26603/6561,1,26603/6561,1,mixed_fraction,This is a bounded computational sample. It does not prove the complete associate-class structure of the infinite monoid.
1167,26620/19683,1,26620/19683,1,mixed_fraction,This is a bounded computational sample. It does not prove the complete associate-class structure of the infinite monoid.
1168,26632/19683,1,26632/19683,1,mixed_fraction,This is a bounded computational sample. It does not prove the complete associate-class structure of the infinite monoid.
1169,26656/59049,1,26656/59049,1,mixed_fraction,This is a bounded computational sample. It does not prove the complete associate-class structure of the infinite monoid.
1170,26659/19683,1,26659/19683,1,mixed_fraction,This is a bounded computational sample. It does not prove the complete associate-class structure of the infinite monoid.
1171,26702/6561,1,26702/6561,1,mixed_fraction,This is a bounded computational sample. It does not prove the complete associate-class structure of the infinite monoid.
1172,26743/6561,1,26743/6561,1,mixed_fraction,This is a bounded computational sample. It does not prove the complete associate-class structure of the infinite monoid.
1173,26846/6561,1,26846/6561,1,mixed_fraction,This is a bounded computational sample. It does not prove the complete associate-class structure of the infinite monoid.
1174,26855/6561,1,26855/6561,1,mixed_fraction,This is a bounded computational sample. It does not prove the complete associate-class structure of the infinite monoid.
1175,26899/19683,1,26899/19683,1,mixed_fraction,This is a bounded computational sample. It does not prove the complete associate-class structure of the infinite monoid.
1176,26923/6561,1,26923/6561,1,mixed_fraction,This is a bounded computational sample. It does not prove the complete associate-class structure of the infinite monoid.
1177,26999/6561,1,26999/6561,1,mixed_fraction,This is a bounded computational sample. It does not prove the complete associate-class structure of the infinite monoid.
1178,27064/19683,1,27064/19683,1,mixed_fraction,This is a bounded computational sample. It does not prove the complete associate-class structure of the infinite monoid.
1179,27067/6561,1,27067/6561,1,mixed_fraction,This is a bounded computational sample. It does not prove the complete associate-class structure of the infinite monoid.
1180,27091/19683,1,27091/19683,1,mixed_fraction,This is a bounded computational sample. It does not prove the complete associate-class structure of the infinite monoid.
1181,27166/6561,1,27166/6561,1,mixed_fraction,This is a bounded computational sample. It does not prove the complete associate-class structure of the infinite monoid.
1182,27175/6561,1,27175/6561,1,mixed_fraction,This is a bounded computational sample. It does not prove the complete associate-class structure of the infinite monoid.
1183,27179/6561,1,27179/6561,1,mixed_fraction,This is a bounded computational sample. It does not prove the complete associate-class structure of the infinite monoid.
1184,27196/19683,1,27196/19683,1,mixed_fraction,This is a bounded computational sample. It does not prove the complete associate-class structure of the infinite monoid.
1185,27268/19683,1,27268/19683,1,mixed_fraction,This is a bounded computational sample. It does not prove the complete associate-class structure of the infinite monoid.
1186,27268/59049,1,27268/59049,1,mixed_fraction,This is a bounded computational sample. It does not prove the complete associate-class structure of the infinite monoid.
1187,27319/6561,1,27319/6561,1,mixed_fraction,This is a bounded computational sample. It does not prove the complete associate-class structure of the infinite monoid.
1188,27323/6561,1,27323/6561,1,mixed_fraction,This is a bounded computational sample. It does not prove the complete associate-class structure of the infinite monoid.
1189,27388/19683,1,27388/19683,1,mixed_fraction,This is a bounded computational sample. It does not prove the complete associate-class structure of the infinite monoid.
1190,27400/19683,1,27400/19683,1,mixed_fraction,This is a bounded computational sample. It does not prove the complete associate-class structure of the infinite monoid.
1191,27422/6561,1,27422/6561,1,mixed_fraction,This is a bounded computational sample. It does not prove the complete associate-class structure of the infinite monoid.
1192,27427/19683,1,27427/19683,1,mixed_fraction,This is a bounded computational sample. It does not prove the complete associate-class structure of the infinite monoid.
1193,27431/6561,1,27431/6561,1,mixed_fraction,This is a bounded computational sample. It does not prove the complete associate-class structure of the infinite monoid.
1194,27499/6561,1,27499/6561,1,mixed_fraction,This is a bounded computational sample. It does not prove the complete associate-class structure of the infinite monoid.
1195,27575/6561,1,27575/6561,1,mixed_fraction,This is a bounded computational sample. It does not prove the complete associate-class structure of the infinite monoid.
1196,27592/19683,1,27592/19683,1,mixed_fraction,This is a bounded computational sample. It does not prove the complete associate-class structure of the infinite monoid.
1197,27643/6561,1,27643/6561,1,mixed_fraction,This is a bounded computational sample. It does not prove the complete associate-class structure of the infinite monoid.
1198,27664/59049,1,27664/59049,1,mixed_fraction,This is a bounded computational sample. It does not prove the complete associate-class structure of the infinite monoid.
1199,27680/59049,1,27680/59049,1,mixed_fraction,This is a bounded computational sample. It does not prove the complete associate-class structure of the infinite monoid.
1200,27742/6561,1,27742/6561,1,mixed_fraction,This is a bounded computational sample. It does not prove the complete associate-class structure of the infinite monoid.
1201,27755/6561,1,27755/6561,1,mixed_fraction,This is a bounded computational sample. It does not prove the complete associate-class structure of the infinite monoid.
1202,27832/19683,1,27832/19683,1,mixed_fraction,This is a bounded computational sample. It does not prove the complete associate-class structure of the infinite monoid.
1203,27859/19683,1,27859/19683,1,mixed_fraction,This is a bounded computational sample. It does not prove the complete associate-class structure of the infinite monoid.
1204,27895/6561,1,27895/6561,1,mixed_fraction,This is a bounded computational sample. It does not prove the complete associate-class structure of the infinite monoid.
1205,27899/6561,1,27899/6561,1,mixed_fraction,This is a bounded computational sample. It does not prove the complete associate-class structure of the infinite monoid.
1206,27998/6561,1,27998/6561,1,mixed_fraction,This is a bounded computational sample. It does not prove the complete associate-class structure of the infinite monoid.
1207,28024/19683,1,28024/19683,1,mixed_fraction,This is a bounded computational sample. It does not prove the complete associate-class structure of the infinite monoid.
1208,28036/19683,1,28036/19683,1,mixed_fraction,This is a bounded computational sample. It does not prove the complete associate-class structure of the infinite monoid.
1209,28051/19683,1,28051/19683,1,mixed_fraction,This is a bounded computational sample. It does not prove the complete associate-class structure of the infinite monoid.
1210,28151/6561,1,28151/6561,1,mixed_fraction,This is a bounded computational sample. It does not prove the complete associate-class structure of the infinite monoid.
1211,28156/19683,1,28156/19683,1,mixed_fraction,This is a bounded computational sample. It does not prove the complete associate-class structure of the infinite monoid.
1212,28168/19683,1,28168/19683,1,mixed_fraction,This is a bounded computational sample. It does not prove the complete associate-class structure of the infinite monoid.
1213,28195/19683,1,28195/19683,1,mixed_fraction,This is a bounded computational sample. It does not prove the complete associate-class structure of the infinite monoid.
1214,28219/6561,1,28219/6561,1,mixed_fraction,This is a bounded computational sample. It does not prove the complete associate-class structure of the infinite monoid.
1215,28240/59049,1,28240/59049,1,mixed_fraction,This is a bounded computational sample. It does not prove the complete associate-class structure of the infinite monoid.
1216,28292/59049,1,28292/59049,1,mixed_fraction,This is a bounded computational sample. It does not prove the complete associate-class structure of the infinite monoid.
1217,28360/19683,1,28360/19683,1,mixed_fraction,This is a bounded computational sample. It does not prove the complete associate-class structure of the infinite monoid.
1218,28363/6561,1,28363/6561,1,mixed_fraction,This is a bounded computational sample. It does not prove the complete associate-class structure of the infinite monoid.
1219,28471/6561,1,28471/6561,1,mixed_fraction,This is a bounded computational sample. It does not prove the complete associate-class structure of the infinite monoid.
1220,28475/6561,1,28475/6561,1,mixed_fraction,This is a bounded computational sample. It does not prove the complete associate-class structure of the infinite monoid.
1221,28483/19683,1,28483/19683,1,mixed_fraction,This is a bounded computational sample. It does not prove the complete associate-class structure of the infinite monoid.
1222,28600/19683,1,28600/19683,1,mixed_fraction,This is a bounded computational sample. It does not prove the complete associate-class structure of the infinite monoid.
1223,28619/6561,1,28619/6561,1,mixed_fraction,This is a bounded computational sample. It does not prove the complete associate-class structure of the infinite monoid.
1224,28627/19683,1,28627/19683,1,mixed_fraction,This is a bounded computational sample. It does not prove the complete associate-class structure of the infinite monoid.
1225,28687/6561,1,28687/6561,1,mixed_fraction,This is a bounded computational sample. It does not prove the complete associate-class structure of the infinite monoid.
1226,28688/59049,1,28688/59049,1,mixed_fraction,This is a bounded computational sample. It does not prove the complete associate-class structure of the infinite monoid.
1227,28727/6561,1,28727/6561,1,mixed_fraction,This is a bounded computational sample. It does not prove the complete associate-class structure of the infinite monoid.
1228,28792/19683,1,28792/19683,1,mixed_fraction,This is a bounded computational sample. It does not prove the complete associate-class structure of the infinite monoid.
1229,28795/6561,1,28795/6561,1,mixed_fraction,This is a bounded computational sample. It does not prove the complete associate-class structure of the infinite monoid.
1230,28804/19683,1,28804/19683,1,mixed_fraction,This is a bounded computational sample. It does not prove the complete associate-class structure of the infinite monoid.
1231,28819/19683,1,28819/19683,1,mixed_fraction,This is a bounded computational sample. It does not prove the complete associate-class structure of the infinite monoid.
1232,28924/19683,1,28924/19683,1,mixed_fraction,This is a bounded computational sample. It does not prove the complete associate-class structure of the infinite monoid.
1233,28939/6561,1,28939/6561,1,mixed_fraction,This is a bounded computational sample. It does not prove the complete associate-class structure of the infinite monoid.
1234,28943/6561,1,28943/6561,1,mixed_fraction,This is a bounded computational sample. It does not prove the complete associate-class structure of the infinite monoid.
1235,28960/59049,1,28960/59049,1,mixed_fraction,This is a bounded computational sample. It does not prove the complete associate-class structure of the infinite monoid.
1236,28996/19683,1,28996/19683,1,mixed_fraction,This is a bounded computational sample. It does not prove the complete associate-class structure of the infinite monoid.
1237,29051/6561,1,29051/6561,1,mixed_fraction,This is a bounded computational sample. It does not prove the complete associate-class structure of the infinite monoid.
1238,29128/19683,1,29128/19683,1,mixed_fraction,This is a bounded computational sample. It does not prove the complete associate-class structure of the infinite monoid.
1239,29195/6561,1,29195/6561,1,mixed_fraction,This is a bounded computational sample. It does not prove the complete associate-class structure of the infinite monoid.
1240,29251/19683,1,29251/19683,1,mixed_fraction,This is a bounded computational sample. It does not prove the complete associate-class structure of the infinite monoid.
1241,29263/6561,1,29263/6561,1,mixed_fraction,This is a bounded computational sample. It does not prove the complete associate-class structure of the infinite monoid.
1242,29264/59049,1,29264/59049,1,mixed_fraction,This is a bounded computational sample. It does not prove the complete associate-class structure of the infinite monoid.
1243,29455/19683,1,29455/19683,1,mixed_fraction,This is a bounded computational sample. It does not prove the complete associate-class structure of the infinite monoid.
1244,29515/6561,1,29515/6561,1,mixed_fraction,This is a bounded computational sample. It does not prove the complete associate-class structure of the infinite monoid.
1245,29519/6561,1,29519/6561,1,mixed_fraction,This is a bounded computational sample. It does not prove the complete associate-class structure of the infinite monoid.
1246,29536/59049,1,29536/59049,1,mixed_fraction,This is a bounded computational sample. It does not prove the complete associate-class structure of the infinite monoid.
1247,29560/19683,1,29560/19683,1,mixed_fraction,This is a bounded computational sample. It does not prove the complete associate-class structure of the infinite monoid.
1248,29572/19683,1,29572/19683,1,mixed_fraction,This is a bounded computational sample. It does not prove the complete associate-class structure of the infinite monoid.
1249,29572/59049,1,29572/59049,1,mixed_fraction,This is a bounded computational sample. It does not prove the complete associate-class structure of the infinite monoid.
1250,29587/19683,1,29587/19683,1,mixed_fraction,This is a bounded computational sample. It does not prove the complete associate-class structure of the infinite monoid.
1251,29659/6561,1,29659/6561,1,mixed_fraction,This is a bounded computational sample. It does not prove the complete associate-class structure of the infinite monoid.
1252,29752/19683,1,29752/19683,1,mixed_fraction,This is a bounded computational sample. It does not prove the complete associate-class structure of the infinite monoid.
1253,29764/19683,1,29764/19683,1,mixed_fraction,This is a bounded computational sample. It does not prove the complete associate-class structure of the infinite monoid.
1254,29771/6561,1,29771/6561,1,mixed_fraction,This is a bounded computational sample. It does not prove the complete associate-class structure of the infinite monoid.
1255,29779/19683,1,29779/19683,1,mixed_fraction,This is a bounded computational sample. It does not prove the complete associate-class structure of the infinite monoid.
1256,29839/6561,1,29839/6561,1,mixed_fraction,This is a bounded computational sample. It does not prove the complete associate-class structure of the infinite monoid.
1257,29896/19683,1,29896/19683,1,mixed_fraction,This is a bounded computational sample. It does not prove the complete associate-class structure of the infinite monoid.
1258,29915/6561,1,29915/6561,1,mixed_fraction,This is a bounded computational sample. It does not prove the complete associate-class structure of the infinite monoid.
1259,29968/59049,1,29968/59049,1,mixed_fraction,This is a bounded computational sample. It does not prove the complete associate-class structure of the infinite monoid.
1260,29983/6561,1,29983/6561,1,mixed_fraction,This is a bounded computational sample. It does not prove the complete associate-class structure of the infinite monoid.
1261,29984/59049,1,29984/59049,1,mixed_fraction,This is a bounded computational sample. It does not prove the complete associate-class structure of the infinite monoid.
1262,30019/19683,1,30019/19683,1,mixed_fraction,This is a bounded computational sample. It does not prove the complete associate-class structure of the infinite monoid.
1263,30091/6561,1,30091/6561,1,mixed_fraction,This is a bounded computational sample. It does not prove the complete associate-class structure of the infinite monoid.
1264,30095/6561,1,30095/6561,1,mixed_fraction,This is a bounded computational sample. It does not prove the complete associate-class structure of the infinite monoid.
1265,30184/19683,1,30184/19683,1,mixed_fraction,This is a bounded computational sample. It does not prove the complete associate-class structure of the infinite monoid.
1266,30211/19683,1,30211/19683,1,mixed_fraction,This is a bounded computational sample. It does not prove the complete associate-class structure of the infinite monoid.
1267,30223/19683,1,30223/19683,1,mixed_fraction,This is a bounded computational sample. It does not prove the complete associate-class structure of the infinite monoid.
1268,30235/6561,1,30235/6561,1,mixed_fraction,This is a bounded computational sample. It does not prove the complete associate-class structure of the infinite monoid.
1269,30239/6561,1,30239/6561,1,mixed_fraction,This is a bounded computational sample. It does not prove the complete associate-class structure of the infinite monoid.
1270,30328/19683,1,30328/19683,1,mixed_fraction,This is a bounded computational sample. It does not prove the complete associate-class structure of the infinite monoid.
1271,30347/6561,1,30347/6561,1,mixed_fraction,This is a bounded computational sample. It does not prove the complete associate-class structure of the infinite monoid.
1272,30355/19683,1,30355/19683,1,mixed_fraction,This is a bounded computational sample. It does not prove the complete associate-class structure of the infinite monoid.
1273,30415/6561,1,30415/6561,1,mixed_fraction,This is a bounded computational sample. It does not prove the complete associate-class structure of the infinite monoid.
1274,30491/6561,1,30491/6561,1,mixed_fraction,This is a bounded computational sample. It does not prove the complete associate-class structure of the infinite monoid.
1275,30520/19683,1,30520/19683,1,mixed_fraction,This is a bounded computational sample. It does not prove the complete associate-class structure of the infinite monoid.
1276,30532/19683,1,30532/19683,1,mixed_fraction,This is a bounded computational sample. It does not prove the complete associate-class structure of the infinite monoid.
1277,30544/59049,1,30544/59049,1,mixed_fraction,This is a bounded computational sample. It does not prove the complete associate-class structure of the infinite monoid.
1278,30547/19683,1,30547/19683,1,mixed_fraction,This is a bounded computational sample. It does not prove the complete associate-class structure of the infinite monoid.
1279,30559/6561,1,30559/6561,1,mixed_fraction,This is a bounded computational sample. It does not prove the complete associate-class structure of the infinite monoid.
1280,30560/59049,1,30560/59049,1,mixed_fraction,This is a bounded computational sample. It does not prove the complete associate-class structure of the infinite monoid.
1281,30596/59049,1,30596/59049,1,mixed_fraction,This is a bounded computational sample. It does not prove the complete associate-class structure of the infinite monoid.
1282,30671/6561,1,30671/6561,1,mixed_fraction,This is a bounded computational sample. It does not prove the complete associate-class structure of the infinite monoid.
1283,30724/19683,1,30724/19683,1,mixed_fraction,This is a bounded computational sample. It does not prove the complete associate-class structure of the infinite monoid.
1284,30787/19683,1,30787/19683,1,mixed_fraction,This is a bounded computational sample. It does not prove the complete associate-class structure of the infinite monoid.
1285,30811/6561,1,30811/6561,1,mixed_fraction,This is a bounded computational sample. It does not prove the complete associate-class structure of the infinite monoid.
1286,30815/6561,1,30815/6561,1,mixed_fraction,This is a bounded computational sample. It does not prove the complete associate-class structure of the infinite monoid.
1287,30952/19683,1,30952/19683,1,mixed_fraction,This is a bounded computational sample. It does not prove the complete associate-class structure of the infinite monoid.
1288,30979/19683,1,30979/19683,1,mixed_fraction,This is a bounded computational sample. It does not prove the complete associate-class structure of the infinite monoid.
1289,30991/19683,1,30991/19683,1,mixed_fraction,This is a bounded computational sample. It does not prove the complete associate-class structure of the infinite monoid.
1290,30992/59049,1,30992/59049,1,mixed_fraction,This is a bounded computational sample. It does not prove the complete associate-class structure of the infinite monoid.
1291,31067/6561,1,31067/6561,1,mixed_fraction,This is a bounded computational sample. It does not prove the complete associate-class structure of the infinite monoid.
1292,31135/6561,1,31135/6561,1,mixed_fraction,This is a bounded computational sample. It does not prove the complete associate-class structure of the infinite monoid.
1293,31156/19683,1,31156/19683,1,mixed_fraction,This is a bounded computational sample. It does not prove the complete associate-class structure of the infinite monoid.
1294,31183/19683,1,31183/19683,1,mixed_fraction,This is a bounded computational sample. It does not prove the complete associate-class structure of the infinite monoid.
1295,31264/59049,1,31264/59049,1,mixed_fraction,This is a bounded computational sample. It does not prove the complete associate-class structure of the infinite monoid.
1296,31279/6561,1,31279/6561,1,mixed_fraction,This is a bounded computational sample. It does not prove the complete associate-class structure of the infinite monoid.
1297,31288/19683,1,31288/19683,1,mixed_fraction,This is a bounded computational sample. It does not prove the complete associate-class structure of the infinite monoid.
1298,31300/19683,1,31300/19683,1,mixed_fraction,This is a bounded computational sample. It does not prove the complete associate-class structure of the infinite monoid.
1299,31315/19683,1,31315/19683,1,mixed_fraction,This is a bounded computational sample. It does not prove the complete associate-class structure of the infinite monoid.
1300,31387/6561,1,31387/6561,1,mixed_fraction,This is a bounded computational sample. It does not prove the complete associate-class structure of the infinite monoid.
1301,31391/6561,1,31391/6561,1,mixed_fraction,This is a bounded computational sample. It does not prove the complete associate-class structure of the infinite monoid.
1302,31480/19683,1,31480/19683,1,mixed_fraction,This is a bounded computational sample. It does not prove the complete associate-class structure of the infinite monoid.
1303,31492/19683,1,31492/19683,1,mixed_fraction,This is a bounded computational sample. It does not prove the complete associate-class structure of the infinite monoid.
1304,31535/6561,1,31535/6561,1,mixed_fraction,This is a bounded computational sample. It does not prove the complete associate-class structure of the infinite monoid.
1305,31568/59049,1,31568/59049,1,mixed_fraction,This is a bounded computational sample. It does not prove the complete associate-class structure of the infinite monoid.
1306,31643/6561,1,31643/6561,1,mixed_fraction,This is a bounded computational sample. It does not prove the complete associate-class structure of the infinite monoid.
1307,31711/6561,1,31711/6561,1,mixed_fraction,This is a bounded computational sample. It does not prove the complete associate-class structure of the infinite monoid.
1308,31720/19683,1,31720/19683,1,mixed_fraction,This is a bounded computational sample. It does not prove the complete associate-class structure of the infinite monoid.
1309,31747/19683,1,31747/19683,1,mixed_fraction,This is a bounded computational sample. It does not prove the complete associate-class structure of the infinite monoid.
1310,31759/19683,1,31759/19683,1,mixed_fraction,This is a bounded computational sample. It does not prove the complete associate-class structure of the infinite monoid.
1311,31840/59049,1,31840/59049,1,mixed_fraction,This is a bounded computational sample. It does not prove the complete associate-class structure of the infinite monoid.
1312,31855/6561,1,31855/6561,1,mixed_fraction,This is a bounded computational sample. It does not prove the complete associate-class structure of the infinite monoid.
1313,31876/59049,1,31876/59049,1,mixed_fraction,This is a bounded computational sample. It does not prove the complete associate-class structure of the infinite monoid.
1314,31912/19683,1,31912/19683,1,mixed_fraction,This is a bounded computational sample. It does not prove the complete associate-class structure of the infinite monoid.
1315,31924/19683,1,31924/19683,1,mixed_fraction,This is a bounded computational sample. It does not prove the complete associate-class structure of the infinite monoid.
1316,31939/19683,1,31939/19683,1,mixed_fraction,This is a bounded computational sample. It does not prove the complete associate-class structure of the infinite monoid.
1317,31951/19683,1,31951/19683,1,mixed_fraction,This is a bounded computational sample. It does not prove the complete associate-class structure of the infinite monoid.
1318,31967/6561,1,31967/6561,1,mixed_fraction,This is a bounded computational sample. It does not prove the complete associate-class structure of the infinite monoid.
1319,32056/19683,1,32056/19683,1,mixed_fraction,This is a bounded computational sample. It does not prove the complete associate-class structure of the infinite monoid.
1320,32083/19683,1,32083/19683,1,mixed_fraction,This is a bounded computational sample. It does not prove the complete associate-class structure of the infinite monoid.
1321,32111/6561,1,32111/6561,1,mixed_fraction,This is a bounded computational sample. It does not prove the complete associate-class structure of the infinite monoid.
1322,32248/19683,1,32248/19683,1,mixed_fraction,This is a bounded computational sample. It does not prove the complete associate-class structure of the infinite monoid.
1323,32260/19683,1,32260/19683,1,mixed_fraction,This is a bounded computational sample. It does not prove the complete associate-class structure of the infinite monoid.
1324,32288/59049,1,32288/59049,1,mixed_fraction,This is a bounded computational sample. It does not prove the complete associate-class structure of the infinite monoid.
1325,32371/19683,1,32371/19683,1,mixed_fraction,This is a bounded computational sample. It does not prove the complete associate-class structure of the infinite monoid.
1326,32431/6561,1,32431/6561,1,mixed_fraction,This is a bounded computational sample. It does not prove the complete associate-class structure of the infinite monoid.
1327,32452/19683,1,32452/19683,1,mixed_fraction,This is a bounded computational sample. It does not prove the complete associate-class structure of the infinite monoid.
1328,32452/59049,1,32452/59049,1,mixed_fraction,This is a bounded computational sample. It does not prove the complete associate-class structure of the infinite monoid.
1329,32488/19683,1,32488/19683,1,mixed_fraction,This is a bounded computational sample. It does not prove the complete associate-class structure of the infinite monoid.
1330,32515/19683,1,32515/19683,1,mixed_fraction,This is a bounded computational sample. It does not prove the complete associate-class structure of the infinite monoid.
1331,32575/6561,1,32575/6561,1,mixed_fraction,This is a bounded computational sample. It does not prove the complete associate-class structure of the infinite monoid.
1332,32680/19683,1,32680/19683,1,mixed_fraction,This is a bounded computational sample. It does not prove the complete associate-class structure of the infinite monoid.
1333,32687/6561,1,32687/6561,1,mixed_fraction,This is a bounded computational sample. It does not prove the complete associate-class structure of the infinite monoid.
1334,32692/19683,1,32692/19683,1,mixed_fraction,This is a bounded computational sample. It does not prove the complete associate-class structure of the infinite monoid.
1335,32707/19683,1,32707/19683,1,mixed_fraction,This is a bounded computational sample. It does not prove the complete associate-class structure of the infinite monoid.
1336,32719/19683,1,32719/19683,1,mixed_fraction,This is a bounded computational sample. It does not prove the complete associate-class structure of the infinite monoid.
1337,32831/6561,1,32831/6561,1,mixed_fraction,This is a bounded computational sample. It does not prove the complete associate-class structure of the infinite monoid.
1338,32848/59049,1,32848/59049,1,mixed_fraction,This is a bounded computational sample. It does not prove the complete associate-class structure of the infinite monoid.
1339,32864/59049,1,32864/59049,1,mixed_fraction,This is a bounded computational sample. It does not prove the complete associate-class structure of the infinite monoid.
1340,32884/19683,1,32884/19683,1,mixed_fraction,This is a bounded computational sample. It does not prove the complete associate-class structure of the infinite monoid.
1341,32900/59049,1,32900/59049,1,mixed_fraction,This is a bounded computational sample. It does not prove the complete associate-class structure of the infinite monoid.
1342,32911/19683,1,32911/19683,1,mixed_fraction,This is a bounded computational sample. It does not prove the complete associate-class structure of the infinite monoid.
1343,33007/6561,1,33007/6561,1,mixed_fraction,This is a bounded computational sample. It does not prove the complete associate-class structure of the infinite monoid.
1344,33016/19683,1,33016/19683,1,mixed_fraction,This is a bounded computational sample. It does not prove the complete associate-class structure of the infinite monoid.
1345,33028/19683,1,33028/19683,1,mixed_fraction,This is a bounded computational sample. It does not prove the complete associate-class structure of the infinite monoid.
1346,33139/19683,1,33139/19683,1,mixed_fraction,This is a bounded computational sample. It does not prove the complete associate-class structure of the infinite monoid.
1347,33151/6561,1,33151/6561,1,mixed_fraction,This is a bounded computational sample. It does not prove the complete associate-class structure of the infinite monoid.
1348,33220/19683,1,33220/19683,1,mixed_fraction,This is a bounded computational sample. It does not prove the complete associate-class structure of the infinite monoid.
1349,33263/6561,1,33263/6561,1,mixed_fraction,This is a bounded computational sample. It does not prove the complete associate-class structure of the infinite monoid.
1350,33343/19683,1,33343/19683,1,mixed_fraction,This is a bounded computational sample. It does not prove the complete associate-class structure of the infinite monoid.
1351,33407/6561,1,33407/6561,1,mixed_fraction,This is a bounded computational sample. It does not prove the complete associate-class structure of the infinite monoid.
1352,33448/19683,1,33448/19683,1,mixed_fraction,This is a bounded computational sample. It does not prove the complete associate-class structure of the infinite monoid.
1353,33460/19683,1,33460/19683,1,mixed_fraction,This is a bounded computational sample. It does not prove the complete associate-class structure of the infinite monoid.
1354,33475/19683,1,33475/19683,1,mixed_fraction,This is a bounded computational sample. It does not prove the complete associate-class structure of the infinite monoid.
1355,33476/59049,1,33476/59049,1,mixed_fraction,This is a bounded computational sample. It does not prove the complete associate-class structure of the infinite monoid.
1356,33487/19683,1,33487/19683,1,mixed_fraction,This is a bounded computational sample. It does not prove the complete associate-class structure of the infinite monoid.
1357,33640/19683,1,33640/19683,1,mixed_fraction,This is a bounded computational sample. It does not prove the complete associate-class structure of the infinite monoid.
1358,33652/19683,1,33652/19683,1,mixed_fraction,This is a bounded computational sample. It does not prove the complete associate-class structure of the infinite monoid.
1359,33667/19683,1,33667/19683,1,mixed_fraction,This is a bounded computational sample. It does not prove the complete associate-class structure of the infinite monoid.
1360,33679/19683,1,33679/19683,1,mixed_fraction,This is a bounded computational sample. It does not prove the complete associate-class structure of the infinite monoid.
1361,33727/6561,1,33727/6561,1,mixed_fraction,This is a bounded computational sample. It does not prove the complete associate-class structure of the infinite monoid.
1362,33784/19683,1,33784/19683,1,mixed_fraction,This is a bounded computational sample. It does not prove the complete associate-class structure of the infinite monoid.
1363,33872/59049,1,33872/59049,1,mixed_fraction,This is a bounded computational sample. It does not prove the complete associate-class structure of the infinite monoid.
1364,33907/19683,1,33907/19683,1,mixed_fraction,This is a bounded computational sample. It does not prove the complete associate-class structure of the infinite monoid.
1365,33983/6561,1,33983/6561,1,mixed_fraction,This is a bounded computational sample. It does not prove the complete associate-class structure of the infinite monoid.
1366,33988/19683,1,33988/19683,1,mixed_fraction,This is a bounded computational sample. It does not prove the complete associate-class structure of the infinite monoid.
1367,34099/19683,1,34099/19683,1,mixed_fraction,This is a bounded computational sample. It does not prove the complete associate-class structure of the infinite monoid.
1368,34111/19683,1,34111/19683,1,mixed_fraction,This is a bounded computational sample. It does not prove the complete associate-class structure of the infinite monoid.
1369,34144/59049,1,34144/59049,1,mixed_fraction,This is a bounded computational sample. It does not prove the complete associate-class structure of the infinite monoid.
1370,34180/59049,1,34180/59049,1,mixed_fraction,This is a bounded computational sample. It does not prove the complete associate-class structure of the infinite monoid.
1371,34216/19683,1,34216/19683,1,mixed_fraction,This is a bounded computational sample. It does not prove the complete associate-class structure of the infinite monoid.
1372,34243/19683,1,34243/19683,1,mixed_fraction,This is a bounded computational sample. It does not prove the complete associate-class structure of the infinite monoid.
1373,34303/6561,1,34303/6561,1,mixed_fraction,This is a bounded computational sample. It does not prove the complete associate-class structure of the infinite monoid.
1374,34408/19683,1,34408/19683,1,mixed_fraction,This is a bounded computational sample. It does not prove the complete associate-class structure of the infinite monoid.
1375,34420/19683,1,34420/19683,1,mixed_fraction,This is a bounded computational sample. It does not prove the complete associate-class structure of the infinite monoid.
1376,34435/19683,1,34435/19683,1,mixed_fraction,This is a bounded computational sample. It does not prove the complete associate-class structure of the infinite monoid.
1377,34447/19683,1,34447/19683,1,mixed_fraction,This is a bounded computational sample. It does not prove the complete associate-class structure of the infinite monoid.
1378,34559/6561,1,34559/6561,1,mixed_fraction,This is a bounded computational sample. It does not prove the complete associate-class structure of the infinite monoid.
1379,34612/19683,1,34612/19683,1,mixed_fraction,This is a bounded computational sample. It does not prove the complete associate-class structure of the infinite monoid.
1380,34639/19683,1,34639/19683,1,mixed_fraction,This is a bounded computational sample. It does not prove the complete associate-class structure of the infinite monoid.
1381,34675/19683,1,34675/19683,1,mixed_fraction,This is a bounded computational sample. It does not prove the complete associate-class structure of the infinite monoid.
1382,34720/59049,1,34720/59049,1,mixed_fraction,This is a bounded computational sample. It does not prove the complete associate-class structure of the infinite monoid.
1383,34756/19683,1,34756/19683,1,mixed_fraction,This is a bounded computational sample. It does not prove the complete associate-class structure of the infinite monoid.
1384,34756/59049,1,34756/59049,1,mixed_fraction,This is a bounded computational sample. It does not prove the complete associate-class structure of the infinite monoid.
1385,34867/19683,1,34867/19683,1,mixed_fraction,This is a bounded computational sample. It does not prove the complete associate-class structure of the infinite monoid.
1386,34879/19683,1,34879/19683,1,mixed_fraction,This is a bounded computational sample. It does not prove the complete associate-class structure of the infinite monoid.
1387,35044/19683,1,35044/19683,1,mixed_fraction,This is a bounded computational sample. It does not prove the complete associate-class structure of the infinite monoid.
1388,35071/19683,1,35071/19683,1,mixed_fraction,This is a bounded computational sample. It does not prove the complete associate-class structure of the infinite monoid.
1389,35152/59049,1,35152/59049,1,mixed_fraction,This is a bounded computational sample. It does not prove the complete associate-class structure of the infinite monoid.
1390,35168/59049,1,35168/59049,1,mixed_fraction,This is a bounded computational sample. It does not prove the complete associate-class structure of the infinite monoid.
1391,35176/19683,1,35176/19683,1,mixed_fraction,This is a bounded computational sample. It does not prove the complete associate-class structure of the infinite monoid.
1392,35188/19683,1,35188/19683,1,mixed_fraction,This is a bounded computational sample. It does not prove the complete associate-class structure of the infinite monoid.
1393,35203/19683,1,35203/19683,1,mixed_fraction,This is a bounded computational sample. It does not prove the complete associate-class structure of the infinite monoid.
1394,35204/59049,1,35204/59049,1,mixed_fraction,This is a bounded computational sample. It does not prove the complete associate-class structure of the infinite monoid.
1395,35215/19683,1,35215/19683,1,mixed_fraction,This is a bounded computational sample. It does not prove the complete associate-class structure of the infinite monoid.
1396,35368/19683,1,35368/19683,1,mixed_fraction,This is a bounded computational sample. It does not prove the complete associate-class structure of the infinite monoid.
1397,35380/19683,1,35380/19683,1,mixed_fraction,This is a bounded computational sample. It does not prove the complete associate-class structure of the infinite monoid.
1398,35407/19683,1,35407/19683,1,mixed_fraction,This is a bounded computational sample. It does not prove the complete associate-class structure of the infinite monoid.
1399,35635/19683,1,35635/19683,1,mixed_fraction,This is a bounded computational sample. It does not prove the complete associate-class structure of the infinite monoid.
1400,35647/19683,1,35647/19683,1,mixed_fraction,This is a bounded computational sample. It does not prove the complete associate-class structure of the infinite monoid.
1401,35744/59049,1,35744/59049,1,mixed_fraction,This is a bounded computational sample. It does not prove the complete associate-class structure of the infinite monoid.
1402,35780/59049,1,35780/59049,1,mixed_fraction,This is a bounded computational sample. It does not prove the complete associate-class structure of the infinite monoid.
1403,35812/19683,1,35812/19683,1,mixed_fraction,This is a bounded computational sample. It does not prove the complete associate-class structure of the infinite monoid.
1404,35827/19683,1,35827/19683,1,mixed_fraction,This is a bounded computational sample. It does not prove the complete associate-class structure of the infinite monoid.
1405,35839/19683,1,35839/19683,1,mixed_fraction,This is a bounded computational sample. It does not prove the complete associate-class structure of the infinite monoid.
1406,35944/19683,1,35944/19683,1,mixed_fraction,This is a bounded computational sample. It does not prove the complete associate-class structure of the infinite monoid.
1407,35971/19683,1,35971/19683,1,mixed_fraction,This is a bounded computational sample. It does not prove the complete associate-class structure of the infinite monoid.
1408,36016/59049,1,36016/59049,1,mixed_fraction,This is a bounded computational sample. It does not prove the complete associate-class structure of the infinite monoid.
1409,36136/19683,1,36136/19683,1,mixed_fraction,This is a bounded computational sample. It does not prove the complete associate-class structure of the infinite monoid.
1410,36148/19683,1,36148/19683,1,mixed_fraction,This is a bounded computational sample. It does not prove the complete associate-class structure of the infinite monoid.
1411,36175/19683,1,36175/19683,1,mixed_fraction,This is a bounded computational sample. It does not prove the complete associate-class structure of the infinite monoid.
1412,36176/59049,1,36176/59049,1,mixed_fraction,This is a bounded computational sample. It does not prove the complete associate-class structure of the infinite monoid.
1413,36340/19683,1,36340/19683,1,mixed_fraction,This is a bounded computational sample. It does not prove the complete associate-class structure of the infinite monoid.
1414,36403/19683,1,36403/19683,1,mixed_fraction,This is a bounded computational sample. It does not prove the complete associate-class structure of the infinite monoid.
1415,36448/59049,1,36448/59049,1,mixed_fraction,This is a bounded computational sample. It does not prove the complete associate-class structure of the infinite monoid.
1416,36580/19683,1,36580/19683,1,mixed_fraction,This is a bounded computational sample. It does not prove the complete associate-class structure of the infinite monoid.
1417,36595/19683,1,36595/19683,1,mixed_fraction,This is a bounded computational sample. It does not prove the complete associate-class structure of the infinite monoid.
1418,36607/19683,1,36607/19683,1,mixed_fraction,This is a bounded computational sample. It does not prove the complete associate-class structure of the infinite monoid.
1419,36772/19683,1,36772/19683,1,mixed_fraction,This is a bounded computational sample. It does not prove the complete associate-class structure of the infinite monoid.
1420,36799/19683,1,36799/19683,1,mixed_fraction,This is a bounded computational sample. It does not prove the complete associate-class structure of the infinite monoid.
1421,36904/19683,1,36904/19683,1,mixed_fraction,This is a bounded computational sample. It does not prove the complete associate-class structure of the infinite monoid.
1422,36916/19683,1,36916/19683,1,mixed_fraction,This is a bounded computational sample. It does not prove the complete associate-class structure of the infinite monoid.
1423,36943/19683,1,36943/19683,1,mixed_fraction,This is a bounded computational sample. It does not prove the complete associate-class structure of the infinite monoid.
1424,37024/59049,1,37024/59049,1,mixed_fraction,This is a bounded computational sample. It does not prove the complete associate-class structure of the infinite monoid.
1425,37040/59049,1,37040/59049,1,mixed_fraction,This is a bounded computational sample. It does not prove the complete associate-class structure of the infinite monoid.
1426,37060/59049,1,37060/59049,1,mixed_fraction,This is a bounded computational sample. It does not prove the complete associate-class structure of the infinite monoid.
1427,37108/19683,1,37108/19683,1,mixed_fraction,This is a bounded computational sample. It does not prove the complete associate-class structure of the infinite monoid.
1428,37231/19683,1,37231/19683,1,mixed_fraction,This is a bounded computational sample. It does not prove the complete associate-class structure of the infinite monoid.
1429,37348/19683,1,37348/19683,1,mixed_fraction,This is a bounded computational sample. It does not prove the complete associate-class structure of the infinite monoid.
1430,37363/19683,1,37363/19683,1,mixed_fraction,This is a bounded computational sample. It does not prove the complete associate-class structure of the infinite monoid.
1431,37375/19683,1,37375/19683,1,mixed_fraction,This is a bounded computational sample. It does not prove the complete associate-class structure of the infinite monoid.
1432,37472/59049,1,37472/59049,1,mixed_fraction,This is a bounded computational sample. It does not prove the complete associate-class structure of the infinite monoid.
1433,37540/19683,1,37540/19683,1,mixed_fraction,This is a bounded computational sample. It does not prove the complete associate-class structure of the infinite monoid.
1434,37555/19683,1,37555/19683,1,mixed_fraction,This is a bounded computational sample. It does not prove the complete associate-class structure of the infinite monoid.
1435,37567/19683,1,37567/19683,1,mixed_fraction,This is a bounded computational sample. It does not prove the complete associate-class structure of the infinite monoid.
1436,37636/59049,1,37636/59049,1,mixed_fraction,This is a bounded computational sample. It does not prove the complete associate-class structure of the infinite monoid.
1437,37672/19683,1,37672/19683,1,mixed_fraction,This is a bounded computational sample. It does not prove the complete associate-class structure of the infinite monoid.
1438,37876/19683,1,37876/19683,1,mixed_fraction,This is a bounded computational sample. It does not prove the complete associate-class structure of the infinite monoid.
1439,37999/19683,1,37999/19683,1,mixed_fraction,This is a bounded computational sample. It does not prove the complete associate-class structure of the infinite monoid.
1440,38048/59049,1,38048/59049,1,mixed_fraction,This is a bounded computational sample. It does not prove the complete associate-class structure of the infinite monoid.
1441,38084/59049,1,38084/59049,1,mixed_fraction,This is a bounded computational sample. It does not prove the complete associate-class structure of the infinite monoid.
1442,38131/19683,1,38131/19683,1,mixed_fraction,This is a bounded computational sample. It does not prove the complete associate-class structure of the infinite monoid.
1443,38203/19683,1,38203/19683,1,mixed_fraction,This is a bounded computational sample. It does not prove the complete associate-class structure of the infinite monoid.
1444,38308/19683,1,38308/19683,1,mixed_fraction,This is a bounded computational sample. It does not prove the complete associate-class structure of the infinite monoid.
1445,38320/59049,1,38320/59049,1,mixed_fraction,This is a bounded computational sample. It does not prove the complete associate-class structure of the infinite monoid.
1446,38323/19683,1,38323/19683,1,mixed_fraction,This is a bounded computational sample. It does not prove the complete associate-class structure of the infinite monoid.
1447,38335/19683,1,38335/19683,1,mixed_fraction,This is a bounded computational sample. It does not prove the complete associate-class structure of the infinite monoid.
1448,38500/19683,1,38500/19683,1,mixed_fraction,This is a bounded computational sample. It does not prove the complete associate-class structure of the infinite monoid.
1449,38527/19683,1,38527/19683,1,mixed_fraction,This is a bounded computational sample. It does not prove the complete associate-class structure of the infinite monoid.
1450,38644/19683,1,38644/19683,1,mixed_fraction,This is a bounded computational sample. It does not prove the complete associate-class structure of the infinite monoid.
1451,38660/59049,1,38660/59049,1,mixed_fraction,This is a bounded computational sample. It does not prove the complete associate-class structure of the infinite monoid.
1452,38767/19683,1,38767/19683,1,mixed_fraction,This is a bounded computational sample. It does not prove the complete associate-class structure of the infinite monoid.
1453,38932/19683,1,38932/19683,1,mixed_fraction,This is a bounded computational sample. It does not prove the complete associate-class structure of the infinite monoid.
1454,38932/59049,1,38932/59049,1,mixed_fraction,This is a bounded computational sample. It does not prove the complete associate-class structure of the infinite monoid.
1455,38959/19683,1,38959/19683,1,mixed_fraction,This is a bounded computational sample. It does not prove the complete associate-class structure of the infinite monoid.
1456,38971/19683,1,38971/19683,1,mixed_fraction,This is a bounded computational sample. It does not prove the complete associate-class structure of the infinite monoid.
1457,39076/19683,1,39076/19683,1,mixed_fraction,This is a bounded computational sample. It does not prove the complete associate-class structure of the infinite monoid.
1458,39091/19683,1,39091/19683,1,mixed_fraction,This is a bounded computational sample. It does not prove the complete associate-class structure of the infinite monoid.
1459,39103/19683,1,39103/19683,1,mixed_fraction,This is a bounded computational sample. It does not prove the complete associate-class structure of the infinite monoid.
1460,39268/19683,1,39268/19683,1,mixed_fraction,This is a bounded computational sample. It does not prove the complete associate-class structure of the infinite monoid.
1461,39295/19683,1,39295/19683,1,mixed_fraction,This is a bounded computational sample. It does not prove the complete associate-class structure of the infinite monoid.
1462,39328/59049,1,39328/59049,1,mixed_fraction,This is a bounded computational sample. It does not prove the complete associate-class structure of the infinite monoid.
1463,39344/59049,1,39344/59049,1,mixed_fraction,This is a bounded computational sample. It does not prove the complete associate-class structure of the infinite monoid.
1464,39364/59049,1,39364/59049,1,mixed_fraction,This is a bounded computational sample. It does not prove the complete associate-class structure of the infinite monoid.
1465,39535/19683,1,39535/19683,1,mixed_fraction,This is a bounded computational sample. It does not prove the complete associate-class structure of the infinite monoid.
1466,39700/19683,1,39700/19683,1,mixed_fraction,This is a bounded computational sample. It does not prove the complete associate-class structure of the infinite monoid.
1467,39727/19683,1,39727/19683,1,mixed_fraction,This is a bounded computational sample. It does not prove the complete associate-class structure of the infinite monoid.
1468,39739/19683,1,39739/19683,1,mixed_fraction,This is a bounded computational sample. It does not prove the complete associate-class structure of the infinite monoid.
1469,39859/19683,1,39859/19683,1,mixed_fraction,This is a bounded computational sample. It does not prove the complete associate-class structure of the infinite monoid.
1470,39904/59049,1,39904/59049,1,mixed_fraction,This is a bounded computational sample. It does not prove the complete associate-class structure of the infinite monoid.
1471,39931/19683,1,39931/19683,1,mixed_fraction,This is a bounded computational sample. It does not prove the complete associate-class structure of the infinite monoid.
1472,39940/59049,1,39940/59049,1,mixed_fraction,This is a bounded computational sample. It does not prove the complete associate-class structure of the infinite monoid.
1473,39956/59049,1,39956/59049,1,mixed_fraction,This is a bounded computational sample. It does not prove the complete associate-class structure of the infinite monoid.
1474,40036/19683,1,40036/19683,1,mixed_fraction,This is a bounded computational sample. It does not prove the complete associate-class structure of the infinite monoid.
1475,40063/19683,1,40063/19683,1,mixed_fraction,This is a bounded computational sample. It does not prove the complete associate-class structure of the infinite monoid.
1476,40228/19683,1,40228/19683,1,mixed_fraction,This is a bounded computational sample. It does not prove the complete associate-class structure of the infinite monoid.
1477,40352/59049,1,40352/59049,1,mixed_fraction,This is a bounded computational sample. It does not prove the complete associate-class structure of the infinite monoid.
1478,40388/59049,1,40388/59049,1,mixed_fraction,This is a bounded computational sample. It does not prove the complete associate-class structure of the infinite monoid.
1479,40390/19683,1,40390/19683,1,mixed_fraction,This is a bounded computational sample. It does not prove the complete associate-class structure of the infinite monoid.
1480,40468/19683,1,40468/19683,1,mixed_fraction,This is a bounded computational sample. It does not prove the complete associate-class structure of the infinite monoid.
1481,40495/19683,1,40495/19683,1,mixed_fraction,This is a bounded computational sample. It does not prove the complete associate-class structure of the infinite monoid.
1482,40507/19683,1,40507/19683,1,mixed_fraction,This is a bounded computational sample. It does not prove the complete associate-class structure of the infinite monoid.
1483,40624/59049,1,40624/59049,1,mixed_fraction,This is a bounded computational sample. It does not prove the complete associate-class structure of the infinite monoid.
1484,40660/19683,1,40660/19683,1,mixed_fraction,This is a bounded computational sample. It does not prove the complete associate-class structure of the infinite monoid.
1485,40687/19683,1,40687/19683,1,mixed_fraction,This is a bounded computational sample. It does not prove the complete associate-class structure of the infinite monoid.
1486,40699/19683,1,40699/19683,1,mixed_fraction,This is a bounded computational sample. It does not prove the complete associate-class structure of the infinite monoid.
1487,40804/19683,1,40804/19683,1,mixed_fraction,This is a bounded computational sample. It does not prove the complete associate-class structure of the infinite monoid.
1488,40831/19683,1,40831/19683,1,mixed_fraction,This is a bounded computational sample. It does not prove the complete associate-class structure of the infinite monoid.
1489,40928/59049,1,40928/59049,1,mixed_fraction,This is a bounded computational sample. It does not prove the complete associate-class structure of the infinite monoid.
1490,40964/59049,1,40964/59049,1,mixed_fraction,This is a bounded computational sample. It does not prove the complete associate-class structure of the infinite monoid.
1491,40996/19683,1,40996/19683,1,mixed_fraction,This is a bounded computational sample. It does not prove the complete associate-class structure of the infinite monoid.
1492,41119/19683,1,41119/19683,1,mixed_fraction,This is a bounded computational sample. It does not prove the complete associate-class structure of the infinite monoid.
1493,41158/19683,1,41158/19683,1,mixed_fraction,This is a bounded computational sample. It does not prove the complete associate-class structure of the infinite monoid.
1494,41200/59049,1,41200/59049,1,mixed_fraction,This is a bounded computational sample. It does not prove the complete associate-class structure of the infinite monoid.
1495,41236/19683,1,41236/19683,1,mixed_fraction,This is a bounded computational sample. It does not prove the complete associate-class structure of the infinite monoid.
1496,41236/59049,1,41236/59049,1,mixed_fraction,This is a bounded computational sample. It does not prove the complete associate-class structure of the infinite monoid.
1497,41263/19683,1,41263/19683,1,mixed_fraction,This is a bounded computational sample. It does not prove the complete associate-class structure of the infinite monoid.
1498,41428/19683,1,41428/19683,1,mixed_fraction,This is a bounded computational sample. It does not prove the complete associate-class structure of the infinite monoid.
1499,41455/19683,1,41455/19683,1,mixed_fraction,This is a bounded computational sample. It does not prove the complete associate-class structure of the infinite monoid.
1500,41467/19683,1,41467/19683,1,mixed_fraction,This is a bounded computational sample. It does not prove the complete associate-class structure of the infinite monoid.
1501,41632/59049,1,41632/59049,1,mixed_fraction,This is a bounded computational sample. It does not prove the complete associate-class structure of the infinite monoid.
1502,41648/59049,1,41648/59049,1,mixed_fraction,This is a bounded computational sample. It does not prove the complete associate-class structure of the infinite monoid.
1503,41659/19683,1,41659/19683,1,mixed_fraction,This is a bounded computational sample. It does not prove the complete associate-class structure of the infinite monoid.
1504,41764/19683,1,41764/19683,1,mixed_fraction,This is a bounded computational sample. It does not prove the complete associate-class structure of the infinite monoid.
1505,41887/19683,1,41887/19683,1,mixed_fraction,This is a bounded computational sample. It does not prove the complete associate-class structure of the infinite monoid.
1506,41926/19683,1,41926/19683,1,mixed_fraction,This is a bounded computational sample. It does not prove the complete associate-class structure of the infinite monoid.
1507,42091/19683,1,42091/19683,1,mixed_fraction,This is a bounded computational sample. It does not prove the complete associate-class structure of the infinite monoid.
1508,42118/19683,1,42118/19683,1,mixed_fraction,This is a bounded computational sample. It does not prove the complete associate-class structure of the infinite monoid.
1509,42196/19683,1,42196/19683,1,mixed_fraction,This is a bounded computational sample. It does not prove the complete associate-class structure of the infinite monoid.
1510,42208/59049,1,42208/59049,1,mixed_fraction,This is a bounded computational sample. It does not prove the complete associate-class structure of the infinite monoid.
1511,42223/19683,1,42223/19683,1,mixed_fraction,This is a bounded computational sample. It does not prove the complete associate-class structure of the infinite monoid.
1512,42224/59049,1,42224/59049,1,mixed_fraction,This is a bounded computational sample. It does not prove the complete associate-class structure of the infinite monoid.
1513,42235/19683,1,42235/19683,1,mixed_fraction,This is a bounded computational sample. It does not prove the complete associate-class structure of the infinite monoid.
1514,42244/59049,1,42244/59049,1,mixed_fraction,This is a bounded computational sample. It does not prove the complete associate-class structure of the infinite monoid.
1515,42260/59049,1,42260/59049,1,mixed_fraction,This is a bounded computational sample. It does not prove the complete associate-class structure of the infinite monoid.
1516,42388/19683,1,42388/19683,1,mixed_fraction,This is a bounded computational sample. It does not prove the complete associate-class structure of the infinite monoid.
1517,42415/19683,1,42415/19683,1,mixed_fraction,This is a bounded computational sample. It does not prove the complete associate-class structure of the infinite monoid.
1518,42427/19683,1,42427/19683,1,mixed_fraction,This is a bounded computational sample. It does not prove the complete associate-class structure of the infinite monoid.
1519,42532/19683,1,42532/19683,1,mixed_fraction,This is a bounded computational sample. It does not prove the complete associate-class structure of the infinite monoid.
1520,42655/19683,1,42655/19683,1,mixed_fraction,This is a bounded computational sample. It does not prove the complete associate-class structure of the infinite monoid.
1521,42656/59049,1,42656/59049,1,mixed_fraction,This is a bounded computational sample. It does not prove the complete associate-class structure of the infinite monoid.
1522,42694/19683,1,42694/19683,1,mixed_fraction,This is a bounded computational sample. It does not prove the complete associate-class structure of the infinite monoid.
1523,42820/59049,1,42820/59049,1,mixed_fraction,This is a bounded computational sample. It does not prove the complete associate-class structure of the infinite monoid.
1524,42847/19683,1,42847/19683,1,mixed_fraction,This is a bounded computational sample. It does not prove the complete associate-class structure of the infinite monoid.
1525,42859/19683,1,42859/19683,1,mixed_fraction,This is a bounded computational sample. It does not prove the complete associate-class structure of the infinite monoid.
1526,42886/19683,1,42886/19683,1,mixed_fraction,This is a bounded computational sample. It does not prove the complete associate-class structure of the infinite monoid.
1527,42928/59049,1,42928/59049,1,mixed_fraction,This is a bounded computational sample. It does not prove the complete associate-class structure of the infinite monoid.
1528,42964/19683,1,42964/19683,1,mixed_fraction,This is a bounded computational sample. It does not prove the complete associate-class structure of the infinite monoid.
1529,42991/19683,1,42991/19683,1,mixed_fraction,This is a bounded computational sample. It does not prove the complete associate-class structure of the infinite monoid.
1530,43156/19683,1,43156/19683,1,mixed_fraction,This is a bounded computational sample. It does not prove the complete associate-class structure of the infinite monoid.
1531,43183/19683,1,43183/19683,1,mixed_fraction,This is a bounded computational sample. It does not prove the complete associate-class structure of the infinite monoid.
1532,43195/19683,1,43195/19683,1,mixed_fraction,This is a bounded computational sample. It does not prove the complete associate-class structure of the infinite monoid.
1533,43232/59049,1,43232/59049,1,mixed_fraction,This is a bounded computational sample. It does not prove the complete associate-class structure of the infinite monoid.
1534,43268/59049,1,43268/59049,1,mixed_fraction,This is a bounded computational sample. It does not prove the complete associate-class structure of the infinite monoid.
1535,43387/19683,1,43387/19683,1,mixed_fraction,This is a bounded computational sample. It does not prove the complete associate-class structure of the infinite monoid.
1536,43423/19683,1,43423/19683,1,mixed_fraction,This is a bounded computational sample. It does not prove the complete associate-class structure of the infinite monoid.
1537,43504/59049,1,43504/59049,1,mixed_fraction,This is a bounded computational sample. It does not prove the complete associate-class structure of the infinite monoid.
1538,43540/59049,1,43540/59049,1,mixed_fraction,This is a bounded computational sample. It does not prove the complete associate-class structure of the infinite monoid.
1539,43615/19683,1,43615/19683,1,mixed_fraction,This is a bounded computational sample. It does not prove the complete associate-class structure of the infinite monoid.
1540,43627/19683,1,43627/19683,1,mixed_fraction,This is a bounded computational sample. It does not prove the complete associate-class structure of the infinite monoid.
1541,43654/19683,1,43654/19683,1,mixed_fraction,This is a bounded computational sample. It does not prove the complete associate-class structure of the infinite monoid.
1542,43819/19683,1,43819/19683,1,mixed_fraction,This is a bounded computational sample. It does not prove the complete associate-class structure of the infinite monoid.
1543,43844/59049,1,43844/59049,1,mixed_fraction,This is a bounded computational sample. It does not prove the complete associate-class structure of the infinite monoid.
1544,43846/19683,1,43846/19683,1,mixed_fraction,This is a bounded computational sample. It does not prove the complete associate-class structure of the infinite monoid.
1545,43924/19683,1,43924/19683,1,mixed_fraction,This is a bounded computational sample. It does not prove the complete associate-class structure of the infinite monoid.
1546,43951/19683,1,43951/19683,1,mixed_fraction,This is a bounded computational sample. It does not prove the complete associate-class structure of the infinite monoid.
1547,43952/59049,1,43952/59049,1,mixed_fraction,This is a bounded computational sample. It does not prove the complete associate-class structure of the infinite monoid.
1548,43963/19683,1,43963/19683,1,mixed_fraction,This is a bounded computational sample. It does not prove the complete associate-class structure of the infinite monoid.
1549,44116/19683,1,44116/19683,1,mixed_fraction,This is a bounded computational sample. It does not prove the complete associate-class structure of the infinite monoid.
1550,44116/59049,1,44116/59049,1,mixed_fraction,This is a bounded computational sample. It does not prove the complete associate-class structure of the infinite monoid.
1551,44155/19683,1,44155/19683,1,mixed_fraction,This is a bounded computational sample. It does not prove the complete associate-class structure of the infinite monoid.
1552,44278/19683,1,44278/19683,1,mixed_fraction,This is a bounded computational sample. It does not prove the complete associate-class structure of the infinite monoid.
1553,44383/19683,1,44383/19683,1,mixed_fraction,This is a bounded computational sample. It does not prove the complete associate-class structure of the infinite monoid.
1554,44395/19683,1,44395/19683,1,mixed_fraction,This is a bounded computational sample. It does not prove the complete associate-class structure of the infinite monoid.
1555,44422/19683,1,44422/19683,1,mixed_fraction,This is a bounded computational sample. It does not prove the complete associate-class structure of the infinite monoid.
1556,44512/59049,1,44512/59049,1,mixed_fraction,This is a bounded computational sample. It does not prove the complete associate-class structure of the infinite monoid.
1557,44528/59049,1,44528/59049,1,mixed_fraction,This is a bounded computational sample. It does not prove the complete associate-class structure of the infinite monoid.
1558,44548/59049,1,44548/59049,1,mixed_fraction,This is a bounded computational sample. It does not prove the complete associate-class structure of the infinite monoid.
1559,44564/59049,1,44564/59049,1,mixed_fraction,This is a bounded computational sample. It does not prove the complete associate-class structure of the infinite monoid.
1560,44575/19683,1,44575/19683,1,mixed_fraction,This is a bounded computational sample. It does not prove the complete associate-class structure of the infinite monoid.
1561,44587/19683,1,44587/19683,1,mixed_fraction,This is a bounded computational sample. It does not prove the complete associate-class structure of the infinite monoid.
1562,44614/19683,1,44614/19683,1,mixed_fraction,This is a bounded computational sample. It does not prove the complete associate-class structure of the infinite monoid.
1563,44692/19683,1,44692/19683,1,mixed_fraction,This is a bounded computational sample. It does not prove the complete associate-class structure of the infinite monoid.
1564,44719/19683,1,44719/19683,1,mixed_fraction,This is a bounded computational sample. It does not prove the complete associate-class structure of the infinite monoid.
1565,44884/19683,1,44884/19683,1,mixed_fraction,This is a bounded computational sample. It does not prove the complete associate-class structure of the infinite monoid.
1566,44923/19683,1,44923/19683,1,mixed_fraction,This is a bounded computational sample. It does not prove the complete associate-class structure of the infinite monoid.
1567,45046/19683,1,45046/19683,1,mixed_fraction,This is a bounded computational sample. It does not prove the complete associate-class structure of the infinite monoid.
1568,45124/59049,1,45124/59049,1,mixed_fraction,This is a bounded computational sample. It does not prove the complete associate-class structure of the infinite monoid.
1569,45140/59049,1,45140/59049,1,mixed_fraction,This is a bounded computational sample. It does not prove the complete associate-class structure of the infinite monoid.
1570,45151/19683,1,45151/19683,1,mixed_fraction,This is a bounded computational sample. It does not prove the complete associate-class structure of the infinite monoid.
1571,45343/19683,1,45343/19683,1,mixed_fraction,This is a bounded computational sample. It does not prove the complete associate-class structure of the infinite monoid.
1572,45355/19683,1,45355/19683,1,mixed_fraction,This is a bounded computational sample. It does not prove the complete associate-class structure of the infinite monoid.
1573,45382/19683,1,45382/19683,1,mixed_fraction,This is a bounded computational sample. It does not prove the complete associate-class structure of the infinite monoid.
1574,45536/59049,1,45536/59049,1,mixed_fraction,This is a bounded computational sample. It does not prove the complete associate-class structure of the infinite monoid.
1575,45547/19683,1,45547/19683,1,mixed_fraction,This is a bounded computational sample. It does not prove the complete associate-class structure of the infinite monoid.
1576,45572/59049,1,45572/59049,1,mixed_fraction,This is a bounded computational sample. It does not prove the complete associate-class structure of the infinite monoid.
1577,45574/19683,1,45574/19683,1,mixed_fraction,This is a bounded computational sample. It does not prove the complete associate-class structure of the infinite monoid.
1578,45652/19683,1,45652/19683,1,mixed_fraction,This is a bounded computational sample. It does not prove the complete associate-class structure of the infinite monoid.
1579,45691/19683,1,45691/19683,1,mixed_fraction,This is a bounded computational sample. It does not prove the complete associate-class structure of the infinite monoid.
1580,45808/59049,1,45808/59049,1,mixed_fraction,This is a bounded computational sample. It does not prove the complete associate-class structure of the infinite monoid.
1581,45814/19683,1,45814/19683,1,mixed_fraction,This is a bounded computational sample. It does not prove the complete associate-class structure of the infinite monoid.
1582,45844/59049,1,45844/59049,1,mixed_fraction,This is a bounded computational sample. It does not prove the complete associate-class structure of the infinite monoid.
1583,45979/19683,1,45979/19683,1,mixed_fraction,This is a bounded computational sample. It does not prove the complete associate-class structure of the infinite monoid.
1584,46006/19683,1,46006/19683,1,mixed_fraction,This is a bounded computational sample. It does not prove the complete associate-class structure of the infinite monoid.
1585,46111/19683,1,46111/19683,1,mixed_fraction,This is a bounded computational sample. It does not prove the complete associate-class structure of the infinite monoid.
1586,46123/19683,1,46123/19683,1,mixed_fraction,This is a bounded computational sample. It does not prove the complete associate-class structure of the infinite monoid.
1587,46148/59049,1,46148/59049,1,mixed_fraction,This is a bounded computational sample. It does not prove the complete associate-class structure of the infinite monoid.
1588,46150/19683,1,46150/19683,1,mixed_fraction,This is a bounded computational sample. It does not prove the complete associate-class structure of the infinite monoid.
1589,46303/19683,1,46303/19683,1,mixed_fraction,This is a bounded computational sample. It does not prove the complete associate-class structure of the infinite monoid.
1590,46315/19683,1,46315/19683,1,mixed_fraction,This is a bounded computational sample. It does not prove the complete associate-class structure of the infinite monoid.
1591,46342/19683,1,46342/19683,1,mixed_fraction,This is a bounded computational sample. It does not prove the complete associate-class structure of the infinite monoid.
1592,46384/59049,1,46384/59049,1,mixed_fraction,This is a bounded computational sample. It does not prove the complete associate-class structure of the infinite monoid.
1593,46420/19683,1,46420/19683,1,mixed_fraction,This is a bounded computational sample. It does not prove the complete associate-class structure of the infinite monoid.
1594,46420/59049,1,46420/59049,1,mixed_fraction,This is a bounded computational sample. It does not prove the complete associate-class structure of the infinite monoid.
1595,46582/19683,1,46582/19683,1,mixed_fraction,This is a bounded computational sample. It does not prove the complete associate-class structure of the infinite monoid.
1596,46747/19683,1,46747/19683,1,mixed_fraction,This is a bounded computational sample. It does not prove the complete associate-class structure of the infinite monoid.
1597,46774/19683,1,46774/19683,1,mixed_fraction,This is a bounded computational sample. It does not prove the complete associate-class structure of the infinite monoid.
1598,46816/59049,1,46816/59049,1,mixed_fraction,This is a bounded computational sample. It does not prove the complete associate-class structure of the infinite monoid.
1599,46832/59049,1,46832/59049,1,mixed_fraction,This is a bounded computational sample. It does not prove the complete associate-class structure of the infinite monoid.
1600,46868/59049,1,46868/59049,1,mixed_fraction,This is a bounded computational sample. It does not prove the complete associate-class structure of the infinite monoid.
1601,46879/19683,1,46879/19683,1,mixed_fraction,This is a bounded computational sample. It does not prove the complete associate-class structure of the infinite monoid.
1602,46951/19683,1,46951/19683,1,mixed_fraction,This is a bounded computational sample. It does not prove the complete associate-class structure of the infinite monoid.
1603,47071/19683,1,47071/19683,1,mixed_fraction,This is a bounded computational sample. It does not prove the complete associate-class structure of the infinite monoid.
1604,47083/19683,1,47083/19683,1,mixed_fraction,This is a bounded computational sample. It does not prove the complete associate-class structure of the infinite monoid.
1605,47110/19683,1,47110/19683,1,mixed_fraction,This is a bounded computational sample. It does not prove the complete associate-class structure of the infinite monoid.
1606,47275/19683,1,47275/19683,1,mixed_fraction,This is a bounded computational sample. It does not prove the complete associate-class structure of the infinite monoid.
1607,47408/59049,1,47408/59049,1,mixed_fraction,This is a bounded computational sample. It does not prove the complete associate-class structure of the infinite monoid.
1608,47428/59049,1,47428/59049,1,mixed_fraction,This is a bounded computational sample. It does not prove the complete associate-class structure of the infinite monoid.
1609,47444/59049,1,47444/59049,1,mixed_fraction,This is a bounded computational sample. It does not prove the complete associate-class structure of the infinite monoid.
1610,47515/19683,1,47515/19683,1,mixed_fraction,This is a bounded computational sample. It does not prove the complete associate-class structure of the infinite monoid.
1611,47542/19683,1,47542/19683,1,mixed_fraction,This is a bounded computational sample. It does not prove the complete associate-class structure of the infinite monoid.
1612,47707/19683,1,47707/19683,1,mixed_fraction,This is a bounded computational sample. It does not prove the complete associate-class structure of the infinite monoid.
1613,47719/19683,1,47719/19683,1,mixed_fraction,This is a bounded computational sample. It does not prove the complete associate-class structure of the infinite monoid.
1614,47734/19683,1,47734/19683,1,mixed_fraction,This is a bounded computational sample. It does not prove the complete associate-class structure of the infinite monoid.
1615,47839/19683,1,47839/19683,1,mixed_fraction,This is a bounded computational sample. It does not prove the complete associate-class structure of the infinite monoid.
1616,47840/59049,1,47840/59049,1,mixed_fraction,This is a bounded computational sample. It does not prove the complete associate-class structure of the infinite monoid.
1617,47851/19683,1,47851/19683,1,mixed_fraction,This is a bounded computational sample. It does not prove the complete associate-class structure of the infinite monoid.
1618,47878/19683,1,47878/19683,1,mixed_fraction,This is a bounded computational sample. It does not prove the complete associate-class structure of the infinite monoid.
1619,48043/19683,1,48043/19683,1,mixed_fraction,This is a bounded computational sample. It does not prove the complete associate-class structure of the infinite monoid.
1620,48112/59049,1,48112/59049,1,mixed_fraction,This is a bounded computational sample. It does not prove the complete associate-class structure of the infinite monoid.
1621,48166/19683,1,48166/19683,1,mixed_fraction,This is a bounded computational sample. It does not prove the complete associate-class structure of the infinite monoid.
1622,48283/19683,1,48283/19683,1,mixed_fraction,This is a bounded computational sample. It does not prove the complete associate-class structure of the infinite monoid.
1623,48310/19683,1,48310/19683,1,mixed_fraction,This is a bounded computational sample. It does not prove the complete associate-class structure of the infinite monoid.
1624,48452/59049,1,48452/59049,1,mixed_fraction,This is a bounded computational sample. It does not prove the complete associate-class structure of the infinite monoid.
1625,48475/19683,1,48475/19683,1,mixed_fraction,This is a bounded computational sample. It does not prove the complete associate-class structure of the infinite monoid.
1626,48487/19683,1,48487/19683,1,mixed_fraction,This is a bounded computational sample. It does not prove the complete associate-class structure of the infinite monoid.
1627,48502/19683,1,48502/19683,1,mixed_fraction,This is a bounded computational sample. It does not prove the complete associate-class structure of the infinite monoid.
1628,48607/19683,1,48607/19683,1,mixed_fraction,This is a bounded computational sample. It does not prove the complete associate-class structure of the infinite monoid.
1629,48679/19683,1,48679/19683,1,mixed_fraction,This is a bounded computational sample. It does not prove the complete associate-class structure of the infinite monoid.
1630,48688/59049,1,48688/59049,1,mixed_fraction,This is a bounded computational sample. It does not prove the complete associate-class structure of the infinite monoid.
1631,48724/59049,1,48724/59049,1,mixed_fraction,This is a bounded computational sample. It does not prove the complete associate-class structure of the infinite monoid.
1632,48811/19683,1,48811/19683,1,mixed_fraction,This is a bounded computational sample. It does not prove the complete associate-class structure of the infinite monoid.
1633,48934/19683,1,48934/19683,1,mixed_fraction,This is a bounded computational sample. It does not prove the complete associate-class structure of the infinite monoid.
1634,49136/59049,1,49136/59049,1,mixed_fraction,This is a bounded computational sample. It does not prove the complete associate-class structure of the infinite monoid.
1635,49138/19683,1,49138/19683,1,mixed_fraction,This is a bounded computational sample. It does not prove the complete associate-class structure of the infinite monoid.
1636,49243/19683,1,49243/19683,1,mixed_fraction,This is a bounded computational sample. It does not prove the complete associate-class structure of the infinite monoid.
1637,49255/19683,1,49255/19683,1,mixed_fraction,This is a bounded computational sample. It does not prove the complete associate-class structure of the infinite monoid.
1638,49270/19683,1,49270/19683,1,mixed_fraction,This is a bounded computational sample. It does not prove the complete associate-class structure of the infinite monoid.
1639,49300/59049,1,49300/59049,1,mixed_fraction,This is a bounded computational sample. It does not prove the complete associate-class structure of the infinite monoid.
1640,49435/19683,1,49435/19683,1,mixed_fraction,This is a bounded computational sample. It does not prove the complete associate-class structure of the infinite monoid.
1641,49447/19683,1,49447/19683,1,mixed_fraction,This is a bounded computational sample. It does not prove the complete associate-class structure of the infinite monoid.
1642,49462/19683,1,49462/19683,1,mixed_fraction,This is a bounded computational sample. It does not prove the complete associate-class structure of the infinite monoid.
1643,49579/19683,1,49579/19683,1,mixed_fraction,This is a bounded computational sample. It does not prove the complete associate-class structure of the infinite monoid.
1644,49702/19683,1,49702/19683,1,mixed_fraction,This is a bounded computational sample. It does not prove the complete associate-class structure of the infinite monoid.
1645,49712/59049,1,49712/59049,1,mixed_fraction,This is a bounded computational sample. It does not prove the complete associate-class structure of the infinite monoid.
1646,49732/59049,1,49732/59049,1,mixed_fraction,This is a bounded computational sample. It does not prove the complete associate-class structure of the infinite monoid.
1647,49748/59049,1,49748/59049,1,mixed_fraction,This is a bounded computational sample. It does not prove the complete associate-class structure of the infinite monoid.
1648,49867/19683,1,49867/19683,1,mixed_fraction,This is a bounded computational sample. It does not prove the complete associate-class structure of the infinite monoid.
1649,49894/19683,1,49894/19683,1,mixed_fraction,This is a bounded computational sample. It does not prove the complete associate-class structure of the infinite monoid.
1650,49906/19683,1,49906/19683,1,mixed_fraction,This is a bounded computational sample. It does not prove the complete associate-class structure of the infinite monoid.
1651,50011/19683,1,50011/19683,1,mixed_fraction,This is a bounded computational sample. It does not prove the complete associate-class structure of the infinite monoid.
1652,50038/19683,1,50038/19683,1,mixed_fraction,This is a bounded computational sample. It does not prove the complete associate-class structure of the infinite monoid.
1653,50203/19683,1,50203/19683,1,mixed_fraction,This is a bounded computational sample. It does not prove the complete associate-class structure of the infinite monoid.
1654,50215/19683,1,50215/19683,1,mixed_fraction,This is a bounded computational sample. It does not prove the complete associate-class structure of the infinite monoid.
1655,50230/19683,1,50230/19683,1,mixed_fraction,This is a bounded computational sample. It does not prove the complete associate-class structure of the infinite monoid.
1656,50324/59049,1,50324/59049,1,mixed_fraction,This is a bounded computational sample. It does not prove the complete associate-class structure of the infinite monoid.
1657,50407/19683,1,50407/19683,1,mixed_fraction,This is a bounded computational sample. It does not prove the complete associate-class structure of the infinite monoid.
1658,50470/19683,1,50470/19683,1,mixed_fraction,This is a bounded computational sample. It does not prove the complete associate-class structure of the infinite monoid.
1659,50596/59049,1,50596/59049,1,mixed_fraction,This is a bounded computational sample. It does not prove the complete associate-class structure of the infinite monoid.
1660,50635/19683,1,50635/19683,1,mixed_fraction,This is a bounded computational sample. It does not prove the complete associate-class structure of the infinite monoid.
1661,50662/19683,1,50662/19683,1,mixed_fraction,This is a bounded computational sample. It does not prove the complete associate-class structure of the infinite monoid.
1662,50674/19683,1,50674/19683,1,mixed_fraction,This is a bounded computational sample. It does not prove the complete associate-class structure of the infinite monoid.
1663,50756/59049,1,50756/59049,1,mixed_fraction,This is a bounded computational sample. It does not prove the complete associate-class structure of the infinite monoid.
1664,50839/19683,1,50839/19683,1,mixed_fraction,This is a bounded computational sample. It does not prove the complete associate-class structure of the infinite monoid.
1665,50866/19683,1,50866/19683,1,mixed_fraction,This is a bounded computational sample. It does not prove the complete associate-class structure of the infinite monoid.
1666,50971/19683,1,50971/19683,1,mixed_fraction,This is a bounded computational sample. It does not prove the complete associate-class structure of the infinite monoid.
1667,50983/19683,1,50983/19683,1,mixed_fraction,This is a bounded computational sample. It does not prove the complete associate-class structure of the infinite monoid.
1668,50992/59049,1,50992/59049,1,mixed_fraction,This is a bounded computational sample. It does not prove the complete associate-class structure of the infinite monoid.
1669,50998/19683,1,50998/19683,1,mixed_fraction,This is a bounded computational sample. It does not prove the complete associate-class structure of the infinite monoid.
1670,51028/59049,1,51028/59049,1,mixed_fraction,This is a bounded computational sample. It does not prove the complete associate-class structure of the infinite monoid.
1671,51163/19683,1,51163/19683,1,mixed_fraction,This is a bounded computational sample. It does not prove the complete associate-class structure of the infinite monoid.
1672,51175/19683,1,51175/19683,1,mixed_fraction,This is a bounded computational sample. It does not prove the complete associate-class structure of the infinite monoid.
1673,51403/19683,1,51403/19683,1,mixed_fraction,This is a bounded computational sample. It does not prove the complete associate-class structure of the infinite monoid.
1674,51430/19683,1,51430/19683,1,mixed_fraction,This is a bounded computational sample. It does not prove the complete associate-class structure of the infinite monoid.
1675,51442/19683,1,51442/19683,1,mixed_fraction,This is a bounded computational sample. It does not prove the complete associate-class structure of the infinite monoid.
1676,51568/59049,1,51568/59049,1,mixed_fraction,This is a bounded computational sample. It does not prove the complete associate-class structure of the infinite monoid.
1677,51595/19683,1,51595/19683,1,mixed_fraction,This is a bounded computational sample. It does not prove the complete associate-class structure of the infinite monoid.
1678,51604/59049,1,51604/59049,1,mixed_fraction,This is a bounded computational sample. It does not prove the complete associate-class structure of the infinite monoid.
1679,51607/19683,1,51607/19683,1,mixed_fraction,This is a bounded computational sample. It does not prove the complete associate-class structure of the infinite monoid.
1680,51620/59049,1,51620/59049,1,mixed_fraction,This is a bounded computational sample. It does not prove the complete associate-class structure of the infinite monoid.
1681,51622/19683,1,51622/19683,1,mixed_fraction,This is a bounded computational sample. It does not prove the complete associate-class structure of the infinite monoid.
1682,51634/19683,1,51634/19683,1,mixed_fraction,This is a bounded computational sample. It does not prove the complete associate-class structure of the infinite monoid.
1683,51739/19683,1,51739/19683,1,mixed_fraction,This is a bounded computational sample. It does not prove the complete associate-class structure of the infinite monoid.
1684,51766/19683,1,51766/19683,1,mixed_fraction,This is a bounded computational sample. It does not prove the complete associate-class structure of the infinite monoid.
1685,51931/19683,1,51931/19683,1,mixed_fraction,This is a bounded computational sample. It does not prove the complete associate-class structure of the infinite monoid.
1686,51943/19683,1,51943/19683,1,mixed_fraction,This is a bounded computational sample. It does not prove the complete associate-class structure of the infinite monoid.
1687,52016/59049,1,52016/59049,1,mixed_fraction,This is a bounded computational sample. It does not prove the complete associate-class structure of the infinite monoid.
1688,52052/59049,1,52052/59049,1,mixed_fraction,This is a bounded computational sample. It does not prove the complete associate-class structure of the infinite monoid.
1689,52054/19683,1,52054/19683,1,mixed_fraction,This is a bounded computational sample. It does not prove the complete associate-class structure of the infinite monoid.
1690,52135/19683,1,52135/19683,1,mixed_fraction,This is a bounded computational sample. It does not prove the complete associate-class structure of the infinite monoid.
1691,52171/19683,1,52171/19683,1,mixed_fraction,This is a bounded computational sample. It does not prove the complete associate-class structure of the infinite monoid.
1692,52198/19683,1,52198/19683,1,mixed_fraction,This is a bounded computational sample. It does not prove the complete associate-class structure of the infinite monoid.
1693,52363/19683,1,52363/19683,1,mixed_fraction,This is a bounded computational sample. It does not prove the complete associate-class structure of the infinite monoid.
1694,52375/19683,1,52375/19683,1,mixed_fraction,This is a bounded computational sample. It does not prove the complete associate-class structure of the infinite monoid.
1695,52390/19683,1,52390/19683,1,mixed_fraction,This is a bounded computational sample. It does not prove the complete associate-class structure of the infinite monoid.
1696,52402/19683,1,52402/19683,1,mixed_fraction,This is a bounded computational sample. It does not prove the complete associate-class structure of the infinite monoid.
1697,52567/19683,1,52567/19683,1,mixed_fraction,This is a bounded computational sample. It does not prove the complete associate-class structure of the infinite monoid.
1698,52592/59049,1,52592/59049,1,mixed_fraction,This is a bounded computational sample. It does not prove the complete associate-class structure of the infinite monoid.
1699,52594/19683,1,52594/19683,1,mixed_fraction,This is a bounded computational sample. It does not prove the complete associate-class structure of the infinite monoid.
1700,52628/59049,1,52628/59049,1,mixed_fraction,This is a bounded computational sample. It does not prove the complete associate-class structure of the infinite monoid.
1701,52699/19683,1,52699/19683,1,mixed_fraction,This is a bounded computational sample. It does not prove the complete associate-class structure of the infinite monoid.
1702,52711/19683,1,52711/19683,1,mixed_fraction,This is a bounded computational sample. It does not prove the complete associate-class structure of the infinite monoid.
1703,52822/19683,1,52822/19683,1,mixed_fraction,This is a bounded computational sample. It does not prove the complete associate-class structure of the infinite monoid.
1704,52900/59049,1,52900/59049,1,mixed_fraction,This is a bounded computational sample. It does not prove the complete associate-class structure of the infinite monoid.
1705,52903/19683,1,52903/19683,1,mixed_fraction,This is a bounded computational sample. It does not prove the complete associate-class structure of the infinite monoid.
1706,53026/19683,1,53026/19683,1,mixed_fraction,This is a bounded computational sample. It does not prove the complete associate-class structure of the infinite monoid.
1707,53131/19683,1,53131/19683,1,mixed_fraction,This is a bounded computational sample. It does not prove the complete associate-class structure of the infinite monoid.
1708,53143/19683,1,53143/19683,1,mixed_fraction,This is a bounded computational sample. It does not prove the complete associate-class structure of the infinite monoid.
1709,53158/19683,1,53158/19683,1,mixed_fraction,This is a bounded computational sample. It does not prove the complete associate-class structure of the infinite monoid.
1710,53170/19683,1,53170/19683,1,mixed_fraction,This is a bounded computational sample. It does not prove the complete associate-class structure of the infinite monoid.
1711,53296/59049,1,53296/59049,1,mixed_fraction,This is a bounded computational sample. It does not prove the complete associate-class structure of the infinite monoid.
1712,53323/19683,1,53323/19683,1,mixed_fraction,This is a bounded computational sample. It does not prove the complete associate-class structure of the infinite monoid.
1713,53335/19683,1,53335/19683,1,mixed_fraction,This is a bounded computational sample. It does not prove the complete associate-class structure of the infinite monoid.
1714,53350/19683,1,53350/19683,1,mixed_fraction,This is a bounded computational sample. It does not prove the complete associate-class structure of the infinite monoid.
1715,53362/19683,1,53362/19683,1,mixed_fraction,This is a bounded computational sample. It does not prove the complete associate-class structure of the infinite monoid.
1716,53467/19683,1,53467/19683,1,mixed_fraction,This is a bounded computational sample. It does not prove the complete associate-class structure of the infinite monoid.
1717,53512/59049,1,53512/59049,1,mixed_fraction,This is a bounded computational sample. It does not prove the complete associate-class structure of the infinite monoid.
1718,53590/19683,1,53590/19683,1,mixed_fraction,This is a bounded computational sample. It does not prove the complete associate-class structure of the infinite monoid.
1719,53671/19683,1,53671/19683,1,mixed_fraction,This is a bounded computational sample. It does not prove the complete associate-class structure of the infinite monoid.
1720,53782/19683,1,53782/19683,1,mixed_fraction,This is a bounded computational sample. It does not prove the complete associate-class structure of the infinite monoid.
1721,53794/19683,1,53794/19683,1,mixed_fraction,This is a bounded computational sample. It does not prove the complete associate-class structure of the infinite monoid.
1722,53872/59049,1,53872/59049,1,mixed_fraction,This is a bounded computational sample. It does not prove the complete associate-class structure of the infinite monoid.
1723,53899/19683,1,53899/19683,1,mixed_fraction,This is a bounded computational sample. It does not prove the complete associate-class structure of the infinite monoid.
1724,53908/59049,1,53908/59049,1,mixed_fraction,This is a bounded computational sample. It does not prove the complete associate-class structure of the infinite monoid.
1725,53924/59049,1,53924/59049,1,mixed_fraction,This is a bounded computational sample. It does not prove the complete associate-class structure of the infinite monoid.
1726,53926/19683,1,53926/19683,1,mixed_fraction,This is a bounded computational sample. It does not prove the complete associate-class structure of the infinite monoid.
1727,54091/19683,1,54091/19683,1,mixed_fraction,This is a bounded computational sample. It does not prove the complete associate-class structure of the infinite monoid.
1728,54103/19683,1,54103/19683,1,mixed_fraction,This is a bounded computational sample. It does not prove the complete associate-class structure of the infinite monoid.
1729,54118/19683,1,54118/19683,1,mixed_fraction,This is a bounded computational sample. It does not prove the complete associate-class structure of the infinite monoid.
1730,54130/19683,1,54130/19683,1,mixed_fraction,This is a bounded computational sample. It does not prove the complete associate-class structure of the infinite monoid.
1731,54295/19683,1,54295/19683,1,mixed_fraction,This is a bounded computational sample. It does not prove the complete associate-class structure of the infinite monoid.
1732,54320/59049,1,54320/59049,1,mixed_fraction,This is a bounded computational sample. It does not prove the complete associate-class structure of the infinite monoid.
1733,54322/19683,1,54322/19683,1,mixed_fraction,This is a bounded computational sample. It does not prove the complete associate-class structure of the infinite monoid.
1734,54358/19683,1,54358/19683,1,mixed_fraction,This is a bounded computational sample. It does not prove the complete associate-class structure of the infinite monoid.
1735,54439/19683,1,54439/19683,1,mixed_fraction,This is a bounded computational sample. It does not prove the complete associate-class structure of the infinite monoid.
1736,54484/59049,1,54484/59049,1,mixed_fraction,This is a bounded computational sample. It does not prove the complete associate-class structure of the infinite monoid.
1737,54536/59049,1,54536/59049,1,mixed_fraction,This is a bounded computational sample. It does not prove the complete associate-class structure of the infinite monoid.
1738,54550/19683,1,54550/19683,1,mixed_fraction,This is a bounded computational sample. It does not prove the complete associate-class structure of the infinite monoid.
1739,54562/19683,1,54562/19683,1,mixed_fraction,This is a bounded computational sample. It does not prove the complete associate-class structure of the infinite monoid.
1740,54727/19683,1,54727/19683,1,mixed_fraction,This is a bounded computational sample. It does not prove the complete associate-class structure of the infinite monoid.
1741,54754/19683,1,54754/19683,1,mixed_fraction,This is a bounded computational sample. It does not prove the complete associate-class structure of the infinite monoid.
1742,54859/19683,1,54859/19683,1,mixed_fraction,This is a bounded computational sample. It does not prove the complete associate-class structure of the infinite monoid.
1743,54871/19683,1,54871/19683,1,mixed_fraction,This is a bounded computational sample. It does not prove the complete associate-class structure of the infinite monoid.
1744,54886/19683,1,54886/19683,1,mixed_fraction,This is a bounded computational sample. It does not prove the complete associate-class structure of the infinite monoid.
1745,54896/59049,1,54896/59049,1,mixed_fraction,This is a bounded computational sample. It does not prove the complete associate-class structure of the infinite monoid.
1746,54898/19683,1,54898/19683,1,mixed_fraction,This is a bounded computational sample. It does not prove the complete associate-class structure of the infinite monoid.
1747,54932/59049,1,54932/59049,1,mixed_fraction,This is a bounded computational sample. It does not prove the complete associate-class structure of the infinite monoid.
1748,55051/19683,1,55051/19683,1,mixed_fraction,This is a bounded computational sample. It does not prove the complete associate-class structure of the infinite monoid.
1749,55063/19683,1,55063/19683,1,mixed_fraction,This is a bounded computational sample. It does not prove the complete associate-class structure of the infinite monoid.
1750,55090/19683,1,55090/19683,1,mixed_fraction,This is a bounded computational sample. It does not prove the complete associate-class structure of the infinite monoid.
1751,55204/59049,1,55204/59049,1,mixed_fraction,This is a bounded computational sample. It does not prove the complete associate-class structure of the infinite monoid.
1752,55318/19683,1,55318/19683,1,mixed_fraction,This is a bounded computational sample. It does not prove the complete associate-class structure of the infinite monoid.
1753,55330/19683,1,55330/19683,1,mixed_fraction,This is a bounded computational sample. It does not prove the complete associate-class structure of the infinite monoid.
1754,55495/19683,1,55495/19683,1,mixed_fraction,This is a bounded computational sample. It does not prove the complete associate-class structure of the infinite monoid.
1755,55508/59049,1,55508/59049,1,mixed_fraction,This is a bounded computational sample. It does not prove the complete associate-class structure of the infinite monoid.
1756,55510/19683,1,55510/19683,1,mixed_fraction,This is a bounded computational sample. It does not prove the complete associate-class structure of the infinite monoid.
1757,55522/19683,1,55522/19683,1,mixed_fraction,This is a bounded computational sample. It does not prove the complete associate-class structure of the infinite monoid.
1758,55627/19683,1,55627/19683,1,mixed_fraction,This is a bounded computational sample. It does not prove the complete associate-class structure of the infinite monoid.
1759,55654/19683,1,55654/19683,1,mixed_fraction,This is a bounded computational sample. It does not prove the complete associate-class structure of the infinite monoid.
1760,55780/59049,1,55780/59049,1,mixed_fraction,This is a bounded computational sample. It does not prove the complete associate-class structure of the infinite monoid.
1761,55816/59049,1,55816/59049,1,mixed_fraction,This is a bounded computational sample. It does not prove the complete associate-class structure of the infinite monoid.
1762,55819/19683,1,55819/19683,1,mixed_fraction,This is a bounded computational sample. It does not prove the complete associate-class structure of the infinite monoid.
1763,55831/19683,1,55831/19683,1,mixed_fraction,This is a bounded computational sample. It does not prove the complete associate-class structure of the infinite monoid.
1764,55858/19683,1,55858/19683,1,mixed_fraction,This is a bounded computational sample. It does not prove the complete associate-class structure of the infinite monoid.
1765,56023/19683,1,56023/19683,1,mixed_fraction,This is a bounded computational sample. It does not prove the complete associate-class structure of the infinite monoid.
1766,56086/19683,1,56086/19683,1,mixed_fraction,This is a bounded computational sample. It does not prove the complete associate-class structure of the infinite monoid.
1767,56176/59049,1,56176/59049,1,mixed_fraction,This is a bounded computational sample. It does not prove the complete associate-class structure of the infinite monoid.
1768,56212/59049,1,56212/59049,1,mixed_fraction,This is a bounded computational sample. It does not prove the complete associate-class structure of the infinite monoid.
1769,56228/59049,1,56228/59049,1,mixed_fraction,This is a bounded computational sample. It does not prove the complete associate-class structure of the infinite monoid.
1770,56263/19683,1,56263/19683,1,mixed_fraction,This is a bounded computational sample. It does not prove the complete associate-class structure of the infinite monoid.
1771,56278/19683,1,56278/19683,1,mixed_fraction,This is a bounded computational sample. It does not prove the complete associate-class structure of the infinite monoid.
1772,56290/19683,1,56290/19683,1,mixed_fraction,This is a bounded computational sample. It does not prove the complete associate-class structure of the infinite monoid.
1773,56455/19683,1,56455/19683,1,mixed_fraction,This is a bounded computational sample. It does not prove the complete associate-class structure of the infinite monoid.
1774,56482/19683,1,56482/19683,1,mixed_fraction,This is a bounded computational sample. It does not prove the complete associate-class structure of the infinite monoid.
1775,56587/19683,1,56587/19683,1,mixed_fraction,This is a bounded computational sample. It does not prove the complete associate-class structure of the infinite monoid.
1776,56599/19683,1,56599/19683,1,mixed_fraction,This is a bounded computational sample. It does not prove the complete associate-class structure of the infinite monoid.
1777,56626/19683,1,56626/19683,1,mixed_fraction,This is a bounded computational sample. It does not prove the complete associate-class structure of the infinite monoid.
1778,56788/59049,1,56788/59049,1,mixed_fraction,This is a bounded computational sample. It does not prove the complete associate-class structure of the infinite monoid.
1779,56791/19683,1,56791/19683,1,mixed_fraction,This is a bounded computational sample. It does not prove the complete associate-class structure of the infinite monoid.
1780,56804/59049,1,56804/59049,1,mixed_fraction,This is a bounded computational sample. It does not prove the complete associate-class structure of the infinite monoid.
1781,56840/59049,1,56840/59049,1,mixed_fraction,This is a bounded computational sample. It does not prove the complete associate-class structure of the infinite monoid.
1782,56914/19683,1,56914/19683,1,mixed_fraction,This is a bounded computational sample. It does not prove the complete associate-class structure of the infinite monoid.
1783,57031/19683,1,57031/19683,1,mixed_fraction,This is a bounded computational sample. It does not prove the complete associate-class structure of the infinite monoid.
1784,57046/19683,1,57046/19683,1,mixed_fraction,This is a bounded computational sample. It does not prove the complete associate-class structure of the infinite monoid.
1785,57058/19683,1,57058/19683,1,mixed_fraction,This is a bounded computational sample. It does not prove the complete associate-class structure of the infinite monoid.
1786,57200/59049,1,57200/59049,1,mixed_fraction,This is a bounded computational sample. It does not prove the complete associate-class structure of the infinite monoid.
1787,57223/19683,1,57223/19683,1,mixed_fraction,This is a bounded computational sample. It does not prove the complete associate-class structure of the infinite monoid.
1788,57236/59049,1,57236/59049,1,mixed_fraction,This is a bounded computational sample. It does not prove the complete associate-class structure of the infinite monoid.
1789,57238/19683,1,57238/19683,1,mixed_fraction,This is a bounded computational sample. It does not prove the complete associate-class structure of the infinite monoid.
1790,57250/19683,1,57250/19683,1,mixed_fraction,This is a bounded computational sample. It does not prove the complete associate-class structure of the infinite monoid.
1791,57355/19683,1,57355/19683,1,mixed_fraction,This is a bounded computational sample. It does not prove the complete associate-class structure of the infinite monoid.
1792,57508/59049,1,57508/59049,1,mixed_fraction,This is a bounded computational sample. It does not prove the complete associate-class structure of the infinite monoid.
1793,57559/19683,1,57559/19683,1,mixed_fraction,This is a bounded computational sample. It does not prove the complete associate-class structure of the infinite monoid.
1794,57682/19683,1,57682/19683,1,mixed_fraction,This is a bounded computational sample. It does not prove the complete associate-class structure of the infinite monoid.
1795,57812/59049,1,57812/59049,1,mixed_fraction,This is a bounded computational sample. It does not prove the complete associate-class structure of the infinite monoid.
1796,57814/19683,1,57814/19683,1,mixed_fraction,This is a bounded computational sample. It does not prove the complete associate-class structure of the infinite monoid.
1797,57886/19683,1,57886/19683,1,mixed_fraction,This is a bounded computational sample. It does not prove the complete associate-class structure of the infinite monoid.
1798,57991/19683,1,57991/19683,1,mixed_fraction,This is a bounded computational sample. It does not prove the complete associate-class structure of the infinite monoid.
1799,58006/19683,1,58006/19683,1,mixed_fraction,This is a bounded computational sample. It does not prove the complete associate-class structure of the infinite monoid.
1800,58018/19683,1,58018/19683,1,mixed_fraction,This is a bounded computational sample. It does not prove the complete associate-class structure of the infinite monoid.
1801,58084/59049,1,58084/59049,1,mixed_fraction,This is a bounded computational sample. It does not prove the complete associate-class structure of the infinite monoid.
1802,58120/59049,1,58120/59049,1,mixed_fraction,This is a bounded computational sample. It does not prove the complete associate-class structure of the infinite monoid.
1803,58183/19683,1,58183/19683,1,mixed_fraction,This is a bounded computational sample. It does not prove the complete associate-class structure of the infinite monoid.
1804,58210/19683,1,58210/19683,1,mixed_fraction,This is a bounded computational sample. It does not prove the complete associate-class structure of the infinite monoid.
1805,58327/19683,1,58327/19683,1,mixed_fraction,This is a bounded computational sample. It does not prove the complete associate-class structure of the infinite monoid.
1806,58450/19683,1,58450/19683,1,mixed_fraction,This is a bounded computational sample. It does not prove the complete associate-class structure of the infinite monoid.
1807,58480/59049,1,58480/59049,1,mixed_fraction,This is a bounded computational sample. It does not prove the complete associate-class structure of the infinite monoid.
1808,58532/59049,1,58532/59049,1,mixed_fraction,This is a bounded computational sample. It does not prove the complete associate-class structure of the infinite monoid.
1809,58615/19683,1,58615/19683,1,mixed_fraction,This is a bounded computational sample. It does not prove the complete associate-class structure of the infinite monoid.
1810,58642/19683,1,58642/19683,1,mixed_fraction,This is a bounded computational sample. It does not prove the complete associate-class structure of the infinite monoid.
1811,58654/19683,1,58654/19683,1,mixed_fraction,This is a bounded computational sample. It does not prove the complete associate-class structure of the infinite monoid.
1812,58696/59049,1,58696/59049,1,mixed_fraction,This is a bounded computational sample. It does not prove the complete associate-class structure of the infinite monoid.
1813,58759/19683,1,58759/19683,1,mixed_fraction,This is a bounded computational sample. It does not prove the complete associate-class structure of the infinite monoid.
1814,58774/19683,1,58774/19683,1,mixed_fraction,This is a bounded computational sample. It does not prove the complete associate-class structure of the infinite monoid.
1815,58786/19683,1,58786/19683,1,mixed_fraction,This is a bounded computational sample. It does not prove the complete associate-class structure of the infinite monoid.
1816,58951/19683,1,58951/19683,1,mixed_fraction,This is a bounded computational sample. It does not prove the complete associate-class structure of the infinite monoid.
1817,58978/19683,1,58978/19683,1,mixed_fraction,This is a bounded computational sample. It does not prove the complete associate-class structure of the infinite monoid.
1818,59092/59049,1,59092/59049,1,mixed_fraction,This is a bounded computational sample. It does not prove the complete associate-class structure of the infinite monoid.
1819,59108/59049,1,59108/59049,1,mixed_fraction,This is a bounded computational sample. It does not prove the complete associate-class structure of the infinite monoid.
1820,59144/59049,1,59144/59049,1,mixed_fraction,This is a bounded computational sample. It does not prove the complete associate-class structure of the infinite monoid.
1821,59218/19683,1,59218/19683,1,mixed_fraction,This is a bounded computational sample. It does not prove the complete associate-class structure of the infinite monoid.
1822,59383/19683,1,59383/19683,1,mixed_fraction,This is a bounded computational sample. It does not prove the complete associate-class structure of the infinite monoid.
1823,59410/19683,1,59410/19683,1,mixed_fraction,This is a bounded computational sample. It does not prove the complete associate-class structure of the infinite monoid.
1824,59422/19683,1,59422/19683,1,mixed_fraction,This is a bounded computational sample. It does not prove the complete associate-class structure of the infinite monoid.
1825,59504/59049,1,59504/59049,1,mixed_fraction,This is a bounded computational sample. It does not prove the complete associate-class structure of the infinite monoid.
1826,59542/19683,1,59542/19683,1,mixed_fraction,This is a bounded computational sample. It does not prove the complete associate-class structure of the infinite monoid.
1827,59614/19683,1,59614/19683,1,mixed_fraction,This is a bounded computational sample. It does not prove the complete associate-class structure of the infinite monoid.
1828,59719/19683,1,59719/19683,1,mixed_fraction,This is a bounded computational sample. It does not prove the complete associate-class structure of the infinite monoid.
1829,59720/59049,1,59720/59049,1,mixed_fraction,This is a bounded computational sample. It does not prove the complete associate-class structure of the infinite monoid.
1830,59746/19683,1,59746/19683,1,mixed_fraction,This is a bounded computational sample. It does not prove the complete associate-class structure of the infinite monoid.
1831,59911/19683,1,59911/19683,1,mixed_fraction,This is a bounded computational sample. It does not prove the complete associate-class structure of the infinite monoid.
1832,60073/19683,1,60073/19683,1,mixed_fraction,This is a bounded computational sample. It does not prove the complete associate-class structure of the infinite monoid.
1833,60073/59049,1,60073/59049,1,mixed_fraction,This is a bounded computational sample. It does not prove the complete associate-class structure of the infinite monoid.
1834,60116/59049,1,60116/59049,1,mixed_fraction,This is a bounded computational sample. It does not prove the complete associate-class structure of the infinite monoid.
1835,60151/19683,1,60151/19683,1,mixed_fraction,This is a bounded computational sample. It does not prove the complete associate-class structure of the infinite monoid.
1836,60178/19683,1,60178/19683,1,mixed_fraction,This is a bounded computational sample. It does not prove the complete associate-class structure of the infinite monoid.
1837,60190/19683,1,60190/19683,1,mixed_fraction,This is a bounded computational sample. It does not prove the complete associate-class structure of the infinite monoid.
1838,60343/19683,1,60343/19683,1,mixed_fraction,This is a bounded computational sample. It does not prove the complete associate-class structure of the infinite monoid.
1839,60370/19683,1,60370/19683,1,mixed_fraction,This is a bounded computational sample. It does not prove the complete associate-class structure of the infinite monoid.
1840,60382/19683,1,60382/19683,1,mixed_fraction,This is a bounded computational sample. It does not prove the complete associate-class structure of the infinite monoid.
1841,60388/59049,1,60388/59049,1,mixed_fraction,This is a bounded computational sample. It does not prove the complete associate-class structure of the infinite monoid.
1842,60424/59049,1,60424/59049,1,mixed_fraction,This is a bounded computational sample. It does not prove the complete associate-class structure of the infinite monoid.
1843,60487/19683,1,60487/19683,1,mixed_fraction,This is a bounded computational sample. It does not prove the complete associate-class structure of the infinite monoid.
1844,60514/19683,1,60514/19683,1,mixed_fraction,This is a bounded computational sample. It does not prove the complete associate-class structure of the infinite monoid.
1845,60679/19683,1,60679/19683,1,mixed_fraction,This is a bounded computational sample. It does not prove the complete associate-class structure of the infinite monoid.
1846,60802/19683,1,60802/19683,1,mixed_fraction,This is a bounded computational sample. It does not prove the complete associate-class structure of the infinite monoid.
1847,60841/19683,1,60841/19683,1,mixed_fraction,This is a bounded computational sample. It does not prove the complete associate-class structure of the infinite monoid.
1848,60919/19683,1,60919/19683,1,mixed_fraction,This is a bounded computational sample. It does not prove the complete associate-class structure of the infinite monoid.
1849,60946/19683,1,60946/19683,1,mixed_fraction,This is a bounded computational sample. It does not prove the complete associate-class structure of the infinite monoid.
1850,60964/59049,1,60964/59049,1,mixed_fraction,This is a bounded computational sample. It does not prove the complete associate-class structure of the infinite monoid.
1851,61000/59049,1,61000/59049,1,mixed_fraction,This is a bounded computational sample. It does not prove the complete associate-class structure of the infinite monoid.
1852,61097/59049,1,61097/59049,1,mixed_fraction,This is a bounded computational sample. It does not prove the complete associate-class structure of the infinite monoid.
1853,61111/19683,1,61111/19683,1,mixed_fraction,This is a bounded computational sample. It does not prove the complete associate-class structure of the infinite monoid.
1854,61138/19683,1,61138/19683,1,mixed_fraction,This is a bounded computational sample. It does not prove the complete associate-class structure of the infinite monoid.
1855,61150/19683,1,61150/19683,1,mixed_fraction,This is a bounded computational sample. It does not prove the complete associate-class structure of the infinite monoid.
1856,61342/19683,1,61342/19683,1,mixed_fraction,This is a bounded computational sample. It does not prove the complete associate-class structure of the infinite monoid.
1857,61396/59049,1,61396/59049,1,mixed_fraction,This is a bounded computational sample. It does not prove the complete associate-class structure of the infinite monoid.
1858,61412/59049,1,61412/59049,1,mixed_fraction,This is a bounded computational sample. It does not prove the complete associate-class structure of the infinite monoid.
1859,61447/19683,1,61447/19683,1,mixed_fraction,This is a bounded computational sample. It does not prove the complete associate-class structure of the infinite monoid.
1860,61448/59049,1,61448/59049,1,mixed_fraction,This is a bounded computational sample. It does not prove the complete associate-class structure of the infinite monoid.
1861,61570/19683,1,61570/19683,1,mixed_fraction,This is a bounded computational sample. It does not prove the complete associate-class structure of the infinite monoid.
1862,61609/19683,1,61609/19683,1,mixed_fraction,This is a bounded computational sample. It does not prove the complete associate-class structure of the infinite monoid.
1863,61774/19683,1,61774/19683,1,mixed_fraction,This is a bounded computational sample. It does not prove the complete associate-class structure of the infinite monoid.
1864,61801/19683,1,61801/19683,1,mixed_fraction,This is a bounded computational sample. It does not prove the complete associate-class structure of the infinite monoid.
1865,61879/19683,1,61879/19683,1,mixed_fraction,This is a bounded computational sample. It does not prove the complete associate-class structure of the infinite monoid.
1866,61906/19683,1,61906/19683,1,mixed_fraction,This is a bounded computational sample. It does not prove the complete associate-class structure of the infinite monoid.
1867,61918/19683,1,61918/19683,1,mixed_fraction,This is a bounded computational sample. It does not prove the complete associate-class structure of the infinite monoid.
1868,61988/59049,1,61988/59049,1,mixed_fraction,This is a bounded computational sample. It does not prove the complete associate-class structure of the infinite monoid.
1869,62024/59049,1,62024/59049,1,mixed_fraction,This is a bounded computational sample. It does not prove the complete associate-class structure of the infinite monoid.
1870,62071/19683,1,62071/19683,1,mixed_fraction,This is a bounded computational sample. It does not prove the complete associate-class structure of the infinite monoid.
1871,62098/19683,1,62098/19683,1,mixed_fraction,This is a bounded computational sample. It does not prove the complete associate-class structure of the infinite monoid.
1872,62110/19683,1,62110/19683,1,mixed_fraction,This is a bounded computational sample. It does not prove the complete associate-class structure of the infinite monoid.
1873,62215/19683,1,62215/19683,1,mixed_fraction,This is a bounded computational sample. It does not prove the complete associate-class structure of the infinite monoid.
1874,62260/59049,1,62260/59049,1,mixed_fraction,This is a bounded computational sample. It does not prove the complete associate-class structure of the infinite monoid.
1875,62338/19683,1,62338/19683,1,mixed_fraction,This is a bounded computational sample. It does not prove the complete associate-class structure of the infinite monoid.
1876,62377/19683,1,62377/19683,1,mixed_fraction,This is a bounded computational sample. It does not prove the complete associate-class structure of the infinite monoid.
1877,62377/59049,1,62377/59049,1,mixed_fraction,This is a bounded computational sample. It does not prove the complete associate-class structure of the infinite monoid.
1878,62420/59049,1,62420/59049,1,mixed_fraction,This is a bounded computational sample. It does not prove the complete associate-class structure of the infinite monoid.
1879,62530/19683,1,62530/19683,1,mixed_fraction,This is a bounded computational sample. It does not prove the complete associate-class structure of the infinite monoid.
1880,62542/19683,1,62542/19683,1,mixed_fraction,This is a bounded computational sample. It does not prove the complete associate-class structure of the infinite monoid.
1881,62569/19683,1,62569/19683,1,mixed_fraction,This is a bounded computational sample. It does not prove the complete associate-class structure of the infinite monoid.
1882,62647/19683,1,62647/19683,1,mixed_fraction,This is a bounded computational sample. It does not prove the complete associate-class structure of the infinite monoid.
1883,62674/19683,1,62674/19683,1,mixed_fraction,This is a bounded computational sample. It does not prove the complete associate-class structure of the infinite monoid.
1884,62692/59049,1,62692/59049,1,mixed_fraction,This is a bounded computational sample. It does not prove the complete associate-class structure of the infinite monoid.
1885,62839/19683,1,62839/19683,1,mixed_fraction,This is a bounded computational sample. It does not prove the complete associate-class structure of the infinite monoid.
1886,62866/19683,1,62866/19683,1,mixed_fraction,This is a bounded computational sample. It does not prove the complete associate-class structure of the infinite monoid.
1887,62878/19683,1,62878/19683,1,mixed_fraction,This is a bounded computational sample. It does not prove the complete associate-class structure of the infinite monoid.
1888,63070/19683,1,63070/19683,1,mixed_fraction,This is a bounded computational sample. It does not prove the complete associate-class structure of the infinite monoid.
1889,63106/19683,1,63106/19683,1,mixed_fraction,This is a bounded computational sample. It does not prove the complete associate-class structure of the infinite monoid.
1890,63268/59049,1,63268/59049,1,mixed_fraction,This is a bounded computational sample. It does not prove the complete associate-class structure of the infinite monoid.
1891,63284/59049,1,63284/59049,1,mixed_fraction,This is a bounded computational sample. It does not prove the complete associate-class structure of the infinite monoid.
1892,63298/19683,1,63298/19683,1,mixed_fraction,This is a bounded computational sample. It does not prove the complete associate-class structure of the infinite monoid.
1893,63304/59049,1,63304/59049,1,mixed_fraction,This is a bounded computational sample. It does not prove the complete associate-class structure of the infinite monoid.
1894,63310/19683,1,63310/19683,1,mixed_fraction,This is a bounded computational sample. It does not prove the complete associate-class structure of the infinite monoid.
1895,63337/19683,1,63337/19683,1,mixed_fraction,This is a bounded computational sample. It does not prove the complete associate-class structure of the infinite monoid.
1896,63401/59049,1,63401/59049,1,mixed_fraction,This is a bounded computational sample. It does not prove the complete associate-class structure of the infinite monoid.
1897,63502/19683,1,63502/19683,1,mixed_fraction,This is a bounded computational sample. It does not prove the complete associate-class structure of the infinite monoid.
1898,63529/19683,1,63529/19683,1,mixed_fraction,This is a bounded computational sample. It does not prove the complete associate-class structure of the infinite monoid.
1899,63607/19683,1,63607/19683,1,mixed_fraction,This is a bounded computational sample. It does not prove the complete associate-class structure of the infinite monoid.
1900,63634/19683,1,63634/19683,1,mixed_fraction,This is a bounded computational sample. It does not prove the complete associate-class structure of the infinite monoid.
1901,63646/19683,1,63646/19683,1,mixed_fraction,This is a bounded computational sample. It does not prove the complete associate-class structure of the infinite monoid.
1902,63716/59049,1,63716/59049,1,mixed_fraction,This is a bounded computational sample. It does not prove the complete associate-class structure of the infinite monoid.
1903,63799/19683,1,63799/19683,1,mixed_fraction,This is a bounded computational sample. It does not prove the complete associate-class structure of the infinite monoid.
1904,63838/19683,1,63838/19683,1,mixed_fraction,This is a bounded computational sample. It does not prove the complete associate-class structure of the infinite monoid.
1905,63880/59049,1,63880/59049,1,mixed_fraction,This is a bounded computational sample. It does not prove the complete associate-class structure of the infinite monoid.
1906,63961/19683,1,63961/19683,1,mixed_fraction,This is a bounded computational sample. It does not prove the complete associate-class structure of the infinite monoid.
1907,64066/19683,1,64066/19683,1,mixed_fraction,This is a bounded computational sample. It does not prove the complete associate-class structure of the infinite monoid.
1908,64078/19683,1,64078/19683,1,mixed_fraction,This is a bounded computational sample. It does not prove the complete associate-class structure of the infinite monoid.
1909,64105/19683,1,64105/19683,1,mixed_fraction,This is a bounded computational sample. It does not prove the complete associate-class structure of the infinite monoid.
1910,64258/19683,1,64258/19683,1,mixed_fraction,This is a bounded computational sample. It does not prove the complete associate-class structure of the infinite monoid.
1911,64270/19683,1,64270/19683,1,mixed_fraction,This is a bounded computational sample. It does not prove the complete associate-class structure of the infinite monoid.
1912,64292/59049,1,64292/59049,1,mixed_fraction,This is a bounded computational sample. It does not prove the complete associate-class structure of the infinite monoid.
1913,64297/19683,1,64297/19683,1,mixed_fraction,This is a bounded computational sample. It does not prove the complete associate-class structure of the infinite monoid.
1914,64328/59049,1,64328/59049,1,mixed_fraction,This is a bounded computational sample. It does not prove the complete associate-class structure of the infinite monoid.
1915,64375/19683,1,64375/19683,1,mixed_fraction,This is a bounded computational sample. It does not prove the complete associate-class structure of the infinite monoid.
1916,64402/19683,1,64402/19683,1,mixed_fraction,This is a bounded computational sample. It does not prove the complete associate-class structure of the infinite monoid.
1917,64564/59049,1,64564/59049,1,mixed_fraction,This is a bounded computational sample. It does not prove the complete associate-class structure of the infinite monoid.
1918,64567/19683,1,64567/19683,1,mixed_fraction,This is a bounded computational sample. It does not prove the complete associate-class structure of the infinite monoid.
1919,64606/19683,1,64606/19683,1,mixed_fraction,This is a bounded computational sample. It does not prove the complete associate-class structure of the infinite monoid.
1920,64681/59049,1,64681/59049,1,mixed_fraction,This is a bounded computational sample. It does not prove the complete associate-class structure of the infinite monoid.
1921,64729/19683,1,64729/19683,1,mixed_fraction,This is a bounded computational sample. It does not prove the complete associate-class structure of the infinite monoid.
1922,64834/19683,1,64834/19683,1,mixed_fraction,This is a bounded computational sample. It does not prove the complete associate-class structure of the infinite monoid.
1923,64904/59049,1,64904/59049,1,mixed_fraction,This is a bounded computational sample. It does not prove the complete associate-class structure of the infinite monoid.
1924,65026/19683,1,65026/19683,1,mixed_fraction,This is a bounded computational sample. It does not prove the complete associate-class structure of the infinite monoid.
1925,65038/19683,1,65038/19683,1,mixed_fraction,This is a bounded computational sample. It does not prove the complete associate-class structure of the infinite monoid.
1926,65065/19683,1,65065/19683,1,mixed_fraction,This is a bounded computational sample. It does not prove the complete associate-class structure of the infinite monoid.
1927,65176/59049,1,65176/59049,1,mixed_fraction,This is a bounded computational sample. It does not prove the complete associate-class structure of the infinite monoid.
1928,65230/19683,1,65230/19683,1,mixed_fraction,This is a bounded computational sample. It does not prove the complete associate-class structure of the infinite monoid.
1929,65257/19683,1,65257/19683,1,mixed_fraction,This is a bounded computational sample. It does not prove the complete associate-class structure of the infinite monoid.
1930,65257/59049,1,65257/59049,1,mixed_fraction,This is a bounded computational sample. It does not prove the complete associate-class structure of the infinite monoid.
1931,65335/19683,1,65335/19683,1,mixed_fraction,This is a bounded computational sample. It does not prove the complete associate-class structure of the infinite monoid.
1932,65374/19683,1,65374/19683,1,mixed_fraction,This is a bounded computational sample. It does not prove the complete associate-class structure of the infinite monoid.
1933,65497/19683,1,65497/19683,1,mixed_fraction,This is a bounded computational sample. It does not prove the complete associate-class structure of the infinite monoid.
1934,65572/59049,1,65572/59049,1,mixed_fraction,This is a bounded computational sample. It does not prove the complete associate-class structure of the infinite monoid.
1935,65588/59049,1,65588/59049,1,mixed_fraction,This is a bounded computational sample. It does not prove the complete associate-class structure of the infinite monoid.
1936,65608/59049,1,65608/59049,1,mixed_fraction,This is a bounded computational sample. It does not prove the complete associate-class structure of the infinite monoid.
1937,65662/19683,1,65662/19683,1,mixed_fraction,This is a bounded computational sample. It does not prove the complete associate-class structure of the infinite monoid.
1938,65689/19683,1,65689/19683,1,mixed_fraction,This is a bounded computational sample. It does not prove the complete associate-class structure of the infinite monoid.
1939,65705/59049,1,65705/59049,1,mixed_fraction,This is a bounded computational sample. It does not prove the complete associate-class structure of the infinite monoid.
1940,65794/19683,1,65794/19683,1,mixed_fraction,This is a bounded computational sample. It does not prove the complete associate-class structure of the infinite monoid.
1941,65806/19683,1,65806/19683,1,mixed_fraction,This is a bounded computational sample. It does not prove the complete associate-class structure of the infinite monoid.
1942,65833/19683,1,65833/19683,1,mixed_fraction,This is a bounded computational sample. It does not prove the complete associate-class structure of the infinite monoid.
1943,65986/19683,1,65986/19683,1,mixed_fraction,This is a bounded computational sample. It does not prove the complete associate-class structure of the infinite monoid.
1944,65998/19683,1,65998/19683,1,mixed_fraction,This is a bounded computational sample. It does not prove the complete associate-class structure of the infinite monoid.
1945,66025/19683,1,66025/19683,1,mixed_fraction,This is a bounded computational sample. It does not prove the complete associate-class structure of the infinite monoid.
1946,66103/19683,1,66103/19683,1,mixed_fraction,This is a bounded computational sample. It does not prove the complete associate-class structure of the infinite monoid.
1947,66148/59049,1,66148/59049,1,mixed_fraction,This is a bounded computational sample. It does not prove the complete associate-class structure of the infinite monoid.
1948,66184/59049,1,66184/59049,1,mixed_fraction,This is a bounded computational sample. It does not prove the complete associate-class structure of the infinite monoid.
1949,66200/59049,1,66200/59049,1,mixed_fraction,This is a bounded computational sample. It does not prove the complete associate-class structure of the infinite monoid.
1950,66265/19683,1,66265/19683,1,mixed_fraction,This is a bounded computational sample. It does not prove the complete associate-class structure of the infinite monoid.
1951,66281/59049,1,66281/59049,1,mixed_fraction,This is a bounded computational sample. It does not prove the complete associate-class structure of the infinite monoid.
1952,66430/19683,1,66430/19683,1,mixed_fraction,This is a bounded computational sample. It does not prove the complete associate-class structure of the infinite monoid.
1953,66457/19683,1,66457/19683,1,mixed_fraction,This is a bounded computational sample. It does not prove the complete associate-class structure of the infinite monoid.
1954,66562/19683,1,66562/19683,1,mixed_fraction,This is a bounded computational sample. It does not prove the complete associate-class structure of the infinite monoid.
1955,66596/59049,1,66596/59049,1,mixed_fraction,This is a bounded computational sample. It does not prove the complete associate-class structure of the infinite monoid.
1956,66632/59049,1,66632/59049,1,mixed_fraction,This is a bounded computational sample. It does not prove the complete associate-class structure of the infinite monoid.
1957,66634/19683,1,66634/19683,1,mixed_fraction,This is a bounded computational sample. It does not prove the complete associate-class structure of the infinite monoid.
1958,66754/19683,1,66754/19683,1,mixed_fraction,This is a bounded computational sample. It does not prove the complete associate-class structure of the infinite monoid.
1959,66766/19683,1,66766/19683,1,mixed_fraction,This is a bounded computational sample. It does not prove the complete associate-class structure of the infinite monoid.
1960,66793/19683,1,66793/19683,1,mixed_fraction,This is a bounded computational sample. It does not prove the complete associate-class structure of the infinite monoid.
1961,66868/59049,1,66868/59049,1,mixed_fraction,This is a bounded computational sample. It does not prove the complete associate-class structure of the infinite monoid.
1962,66958/19683,1,66958/19683,1,mixed_fraction,This is a bounded computational sample. It does not prove the complete associate-class structure of the infinite monoid.
1963,66985/59049,1,66985/59049,1,mixed_fraction,This is a bounded computational sample. It does not prove the complete associate-class structure of the infinite monoid.
1964,67172/59049,1,67172/59049,1,mixed_fraction,This is a bounded computational sample. It does not prove the complete associate-class structure of the infinite monoid.
1965,67198/19683,1,67198/19683,1,mixed_fraction,This is a bounded computational sample. It does not prove the complete associate-class structure of the infinite monoid.
1966,67208/59049,1,67208/59049,1,mixed_fraction,This is a bounded computational sample. It does not prove the complete associate-class structure of the infinite monoid.
1967,67225/19683,1,67225/19683,1,mixed_fraction,This is a bounded computational sample. It does not prove the complete associate-class structure of the infinite monoid.
1968,67390/19683,1,67390/19683,1,mixed_fraction,This is a bounded computational sample. It does not prove the complete associate-class structure of the infinite monoid.
1969,67402/19683,1,67402/19683,1,mixed_fraction,This is a bounded computational sample. It does not prove the complete associate-class structure of the infinite monoid.
1970,67417/19683,1,67417/19683,1,mixed_fraction,This is a bounded computational sample. It does not prove the complete associate-class structure of the infinite monoid.
1971,67444/59049,1,67444/59049,1,mixed_fraction,This is a bounded computational sample. It does not prove the complete associate-class structure of the infinite monoid.
1972,67480/59049,1,67480/59049,1,mixed_fraction,This is a bounded computational sample. It does not prove the complete associate-class structure of the infinite monoid.
1973,67522/19683,1,67522/19683,1,mixed_fraction,This is a bounded computational sample. It does not prove the complete associate-class structure of the infinite monoid.
1974,67534/19683,1,67534/19683,1,mixed_fraction,This is a bounded computational sample. It does not prove the complete associate-class structure of the infinite monoid.
1975,67561/19683,1,67561/19683,1,mixed_fraction,This is a bounded computational sample. It does not prove the complete associate-class structure of the infinite monoid.
1976,67561/59049,1,67561/59049,1,mixed_fraction,This is a bounded computational sample. It does not prove the complete associate-class structure of the infinite monoid.
1977,67726/19683,1,67726/19683,1,mixed_fraction,This is a bounded computational sample. It does not prove the complete associate-class structure of the infinite monoid.
1978,67849/19683,1,67849/19683,1,mixed_fraction,This is a bounded computational sample. It does not prove the complete associate-class structure of the infinite monoid.
1979,67876/59049,1,67876/59049,1,mixed_fraction,This is a bounded computational sample. It does not prove the complete associate-class structure of the infinite monoid.
1980,67892/59049,1,67892/59049,1,mixed_fraction,This is a bounded computational sample. It does not prove the complete associate-class structure of the infinite monoid.
1981,67966/19683,1,67966/19683,1,mixed_fraction,This is a bounded computational sample. It does not prove the complete associate-class structure of the infinite monoid.
1982,67993/19683,1,67993/19683,1,mixed_fraction,This is a bounded computational sample. It does not prove the complete associate-class structure of the infinite monoid.
1983,68009/59049,1,68009/59049,1,mixed_fraction,This is a bounded computational sample. It does not prove the complete associate-class structure of the infinite monoid.
1984,68158/19683,1,68158/19683,1,mixed_fraction,This is a bounded computational sample. It does not prove the complete associate-class structure of the infinite monoid.
1985,68170/19683,1,68170/19683,1,mixed_fraction,This is a bounded computational sample. It does not prove the complete associate-class structure of the infinite monoid.
1986,68185/19683,1,68185/19683,1,mixed_fraction,This is a bounded computational sample. It does not prove the complete associate-class structure of the infinite monoid.
1987,68290/19683,1,68290/19683,1,mixed_fraction,This is a bounded computational sample. It does not prove the complete associate-class structure of the infinite monoid.
1988,68362/19683,1,68362/19683,1,mixed_fraction,This is a bounded computational sample. It does not prove the complete associate-class structure of the infinite monoid.
1989,68452/59049,1,68452/59049,1,mixed_fraction,This is a bounded computational sample. It does not prove the complete associate-class structure of the infinite monoid.
1990,68468/59049,1,68468/59049,1,mixed_fraction,This is a bounded computational sample. It does not prove the complete associate-class structure of the infinite monoid.
1991,68488/59049,1,68488/59049,1,mixed_fraction,This is a bounded computational sample. It does not prove the complete associate-class structure of the infinite monoid.
1992,68494/19683,1,68494/19683,1,mixed_fraction,This is a bounded computational sample. It does not prove the complete associate-class structure of the infinite monoid.
1993,68504/59049,1,68504/59049,1,mixed_fraction,This is a bounded computational sample. It does not prove the complete associate-class structure of the infinite monoid.
1994,68585/59049,1,68585/59049,1,mixed_fraction,This is a bounded computational sample. It does not prove the complete associate-class structure of the infinite monoid.
1995,68617/19683,1,68617/19683,1,mixed_fraction,This is a bounded computational sample. It does not prove the complete associate-class structure of the infinite monoid.
1996,68821/19683,1,68821/19683,1,mixed_fraction,This is a bounded computational sample. It does not prove the complete associate-class structure of the infinite monoid.
1997,68900/59049,1,68900/59049,1,mixed_fraction,This is a bounded computational sample. It does not prove the complete associate-class structure of the infinite monoid.
1998,68926/19683,1,68926/19683,1,mixed_fraction,This is a bounded computational sample. It does not prove the complete associate-class structure of the infinite monoid.
1999,68938/19683,1,68938/19683,1,mixed_fraction,This is a bounded computational sample. It does not prove the complete associate-class structure of the infinite monoid.
2000,68953/19683,1,68953/19683,1,mixed_fraction,This is a bounded computational sample. It does not prove the complete associate-class structure of the infinite monoid.
2001,69064/59049,1,69064/59049,1,mixed_fraction,This is a bounded computational sample. It does not prove the complete associate-class structure of the infinite monoid.
2002,69118/19683,1,69118/19683,1,mixed_fraction,This is a bounded computational sample. It does not prove the complete associate-class structure of the infinite monoid.
2003,69130/19683,1,69130/19683,1,mixed_fraction,This is a bounded computational sample. It does not prove the complete associate-class structure of the infinite monoid.
2004,69145/19683,1,69145/19683,1,mixed_fraction,This is a bounded computational sample. It does not prove the complete associate-class structure of the infinite monoid.
2005,69172/59049,1,69172/59049,1,mixed_fraction,This is a bounded computational sample. It does not prove the complete associate-class structure of the infinite monoid.
2006,69262/19683,1,69262/19683,1,mixed_fraction,This is a bounded computational sample. It does not prove the complete associate-class structure of the infinite monoid.
2007,69385/19683,1,69385/19683,1,mixed_fraction,This is a bounded computational sample. It does not prove the complete associate-class structure of the infinite monoid.
2008,69476/59049,1,69476/59049,1,mixed_fraction,This is a bounded computational sample. It does not prove the complete associate-class structure of the infinite monoid.
2009,69512/59049,1,69512/59049,1,mixed_fraction,This is a bounded computational sample. It does not prove the complete associate-class structure of the infinite monoid.
2010,69550/19683,1,69550/19683,1,mixed_fraction,This is a bounded computational sample. It does not prove the complete associate-class structure of the infinite monoid.
2011,69577/19683,1,69577/19683,1,mixed_fraction,This is a bounded computational sample. It does not prove the complete associate-class structure of the infinite monoid.
2012,69589/19683,1,69589/19683,1,mixed_fraction,This is a bounded computational sample. It does not prove the complete associate-class structure of the infinite monoid.
2013,69694/19683,1,69694/19683,1,mixed_fraction,This is a bounded computational sample. It does not prove the complete associate-class structure of the infinite monoid.
2014,69721/19683,1,69721/19683,1,mixed_fraction,This is a bounded computational sample. It does not prove the complete associate-class structure of the infinite monoid.
2015,69748/59049,1,69748/59049,1,mixed_fraction,This is a bounded computational sample. It does not prove the complete associate-class structure of the infinite monoid.
2016,69784/59049,1,69784/59049,1,mixed_fraction,This is a bounded computational sample. It does not prove the complete associate-class structure of the infinite monoid.
2017,69865/59049,1,69865/59049,1,mixed_fraction,This is a bounded computational sample. It does not prove the complete associate-class structure of the infinite monoid.
2018,69886/19683,1,69886/19683,1,mixed_fraction,This is a bounded computational sample. It does not prove the complete associate-class structure of the infinite monoid.
2019,69898/19683,1,69898/19683,1,mixed_fraction,This is a bounded computational sample. It does not prove the complete associate-class structure of the infinite monoid.
2020,69913/19683,1,69913/19683,1,mixed_fraction,This is a bounded computational sample. It does not prove the complete associate-class structure of the infinite monoid.
2021,70088/59049,1,70088/59049,1,mixed_fraction,This is a bounded computational sample. It does not prove the complete associate-class structure of the infinite monoid.
2022,70090/19683,1,70090/19683,1,mixed_fraction,This is a bounded computational sample. It does not prove the complete associate-class structure of the infinite monoid.
2023,70153/19683,1,70153/19683,1,mixed_fraction,This is a bounded computational sample. It does not prove the complete associate-class structure of the infinite monoid.
2024,70196/59049,1,70196/59049,1,mixed_fraction,This is a bounded computational sample. It does not prove the complete associate-class structure of the infinite monoid.
2025,70318/19683,1,70318/19683,1,mixed_fraction,This is a bounded computational sample. It does not prove the complete associate-class structure of the infinite monoid.
2026,70345/19683,1,70345/19683,1,mixed_fraction,This is a bounded computational sample. It does not prove the complete associate-class structure of the infinite monoid.
2027,70357/19683,1,70357/19683,1,mixed_fraction,This is a bounded computational sample. It does not prove the complete associate-class structure of the infinite monoid.
2028,70360/59049,1,70360/59049,1,mixed_fraction,This is a bounded computational sample. It does not prove the complete associate-class structure of the infinite monoid.
2029,70441/59049,1,70441/59049,1,mixed_fraction,This is a bounded computational sample. It does not prove the complete associate-class structure of the infinite monoid.
2030,70522/19683,1,70522/19683,1,mixed_fraction,This is a bounded computational sample. It does not prove the complete associate-class structure of the infinite monoid.
2031,70549/19683,1,70549/19683,1,mixed_fraction,This is a bounded computational sample. It does not prove the complete associate-class structure of the infinite monoid.
2032,70654/19683,1,70654/19683,1,mixed_fraction,This is a bounded computational sample. It does not prove the complete associate-class structure of the infinite monoid.
2033,70666/19683,1,70666/19683,1,mixed_fraction,This is a bounded computational sample. It does not prove the complete associate-class structure of the infinite monoid.
2034,70681/19683,1,70681/19683,1,mixed_fraction,This is a bounded computational sample. It does not prove the complete associate-class structure of the infinite monoid.
2035,70756/59049,1,70756/59049,1,mixed_fraction,This is a bounded computational sample. It does not prove the complete associate-class structure of the infinite monoid.
2036,70772/59049,1,70772/59049,1,mixed_fraction,This is a bounded computational sample. It does not prove the complete associate-class structure of the infinite monoid.
2037,70792/59049,1,70792/59049,1,mixed_fraction,This is a bounded computational sample. It does not prove the complete associate-class structure of the infinite monoid.
2038,70808/59049,1,70808/59049,1,mixed_fraction,This is a bounded computational sample. It does not prove the complete associate-class structure of the infinite monoid.
2039,70846/19683,1,70846/19683,1,mixed_fraction,This is a bounded computational sample. It does not prove the complete associate-class structure of the infinite monoid.
2040,70858/19683,1,70858/19683,1,mixed_fraction,This is a bounded computational sample. It does not prove the complete associate-class structure of the infinite monoid.
2041,70889/59049,1,70889/59049,1,mixed_fraction,This is a bounded computational sample. It does not prove the complete associate-class structure of the infinite monoid.
2042,71086/19683,1,71086/19683,1,mixed_fraction,This is a bounded computational sample. It does not prove the complete associate-class structure of the infinite monoid.
2043,71113/19683,1,71113/19683,1,mixed_fraction,This is a bounded computational sample. It does not prove the complete associate-class structure of the infinite monoid.
2044,71125/19683,1,71125/19683,1,mixed_fraction,This is a bounded computational sample. It does not prove the complete associate-class structure of the infinite monoid.
2045,71278/19683,1,71278/19683,1,mixed_fraction,This is a bounded computational sample. It does not prove the complete associate-class structure of the infinite monoid.
2046,71290/19683,1,71290/19683,1,mixed_fraction,This is a bounded computational sample. It does not prove the complete associate-class structure of the infinite monoid.
2047,71305/19683,1,71305/19683,1,mixed_fraction,This is a bounded computational sample. It does not prove the complete associate-class structure of the infinite monoid.
2048,71317/19683,1,71317/19683,1,mixed_fraction,This is a bounded computational sample. It does not prove the complete associate-class structure of the infinite monoid.
2049,71368/59049,1,71368/59049,1,mixed_fraction,This is a bounded computational sample. It does not prove the complete associate-class structure of the infinite monoid.
2050,71384/59049,1,71384/59049,1,mixed_fraction,This is a bounded computational sample. It does not prove the complete associate-class structure of the infinite monoid.
2051,71422/19683,1,71422/19683,1,mixed_fraction,This is a bounded computational sample. It does not prove the complete associate-class structure of the infinite monoid.
2052,71449/19683,1,71449/19683,1,mixed_fraction,This is a bounded computational sample. It does not prove the complete associate-class structure of the infinite monoid.
2053,71465/59049,1,71465/59049,1,mixed_fraction,This is a bounded computational sample. It does not prove the complete associate-class structure of the infinite monoid.
2054,71614/19683,1,71614/19683,1,mixed_fraction,This is a bounded computational sample. It does not prove the complete associate-class structure of the infinite monoid.
2055,71626/19683,1,71626/19683,1,mixed_fraction,This is a bounded computational sample. It does not prove the complete associate-class structure of the infinite monoid.
2056,71737/19683,1,71737/19683,1,mixed_fraction,This is a bounded computational sample. It does not prove the complete associate-class structure of the infinite monoid.
2057,71737/59049,1,71737/59049,1,mixed_fraction,This is a bounded computational sample. It does not prove the complete associate-class structure of the infinite monoid.
2058,71780/59049,1,71780/59049,1,mixed_fraction,This is a bounded computational sample. It does not prove the complete associate-class structure of the infinite monoid.
2059,71816/59049,1,71816/59049,1,mixed_fraction,This is a bounded computational sample. It does not prove the complete associate-class structure of the infinite monoid.
2060,71818/19683,1,71818/19683,1,mixed_fraction,This is a bounded computational sample. It does not prove the complete associate-class structure of the infinite monoid.
2061,71854/19683,1,71854/19683,1,mixed_fraction,This is a bounded computational sample. It does not prove the complete associate-class structure of the infinite monoid.
2062,71881/19683,1,71881/19683,1,mixed_fraction,This is a bounded computational sample. It does not prove the complete associate-class structure of the infinite monoid.
2063,72046/19683,1,72046/19683,1,mixed_fraction,This is a bounded computational sample. It does not prove the complete associate-class structure of the infinite monoid.
2064,72052/59049,1,72052/59049,1,mixed_fraction,This is a bounded computational sample. It does not prove the complete associate-class structure of the infinite monoid.
2065,72058/19683,1,72058/19683,1,mixed_fraction,This is a bounded computational sample. It does not prove the complete associate-class structure of the infinite monoid.
2066,72073/19683,1,72073/19683,1,mixed_fraction,This is a bounded computational sample. It does not prove the complete associate-class structure of the infinite monoid.
2067,72085/19683,1,72085/19683,1,mixed_fraction,This is a bounded computational sample. It does not prove the complete associate-class structure of the infinite monoid.
2068,72088/59049,1,72088/59049,1,mixed_fraction,This is a bounded computational sample. It does not prove the complete associate-class structure of the infinite monoid.
2069,72169/59049,1,72169/59049,1,mixed_fraction,This is a bounded computational sample. It does not prove the complete associate-class structure of the infinite monoid.
2070,72250/19683,1,72250/19683,1,mixed_fraction,This is a bounded computational sample. It does not prove the complete associate-class structure of the infinite monoid.
2071,72277/19683,1,72277/19683,1,mixed_fraction,This is a bounded computational sample. It does not prove the complete associate-class structure of the infinite monoid.
2072,72382/19683,1,72382/19683,1,mixed_fraction,This is a bounded computational sample. It does not prove the complete associate-class structure of the infinite monoid.
2073,72392/59049,1,72392/59049,1,mixed_fraction,This is a bounded computational sample. It does not prove the complete associate-class structure of the infinite monoid.
2074,72394/19683,1,72394/19683,1,mixed_fraction,This is a bounded computational sample. It does not prove the complete associate-class structure of the infinite monoid.
2075,72505/19683,1,72505/19683,1,mixed_fraction,This is a bounded computational sample. It does not prove the complete associate-class structure of the infinite monoid.
2076,72586/19683,1,72586/19683,1,mixed_fraction,This is a bounded computational sample. It does not prove the complete associate-class structure of the infinite monoid.
2077,72628/59049,1,72628/59049,1,mixed_fraction,This is a bounded computational sample. It does not prove the complete associate-class structure of the infinite monoid.
2078,72664/59049,1,72664/59049,1,mixed_fraction,This is a bounded computational sample. It does not prove the complete associate-class structure of the infinite monoid.
2079,72709/19683,1,72709/19683,1,mixed_fraction,This is a bounded computational sample. It does not prove the complete associate-class structure of the infinite monoid.
2080,72745/59049,1,72745/59049,1,mixed_fraction,This is a bounded computational sample. It does not prove the complete associate-class structure of the infinite monoid.
2081,72761/59049,1,72761/59049,1,mixed_fraction,This is a bounded computational sample. It does not prove the complete associate-class structure of the infinite monoid.
2082,72814/19683,1,72814/19683,1,mixed_fraction,This is a bounded computational sample. It does not prove the complete associate-class structure of the infinite monoid.
2083,72826/19683,1,72826/19683,1,mixed_fraction,This is a bounded computational sample. It does not prove the complete associate-class structure of the infinite monoid.
2084,72841/19683,1,72841/19683,1,mixed_fraction,This is a bounded computational sample. It does not prove the complete associate-class structure of the infinite monoid.
2085,72853/19683,1,72853/19683,1,mixed_fraction,This is a bounded computational sample. It does not prove the complete associate-class structure of the infinite monoid.
2086,73006/19683,1,73006/19683,1,mixed_fraction,This is a bounded computational sample. It does not prove the complete associate-class structure of the infinite monoid.
2087,73018/19683,1,73018/19683,1,mixed_fraction,This is a bounded computational sample. It does not prove the complete associate-class structure of the infinite monoid.
2088,73033/19683,1,73033/19683,1,mixed_fraction,This is a bounded computational sample. It does not prove the complete associate-class structure of the infinite monoid.
2089,73045/19683,1,73045/19683,1,mixed_fraction,This is a bounded computational sample. It does not prove the complete associate-class structure of the infinite monoid.
2090,73060/59049,1,73060/59049,1,mixed_fraction,This is a bounded computational sample. It does not prove the complete associate-class structure of the infinite monoid.
2091,73076/59049,1,73076/59049,1,mixed_fraction,This is a bounded computational sample. It does not prove the complete associate-class structure of the infinite monoid.
2092,73112/59049,1,73112/59049,1,mixed_fraction,This is a bounded computational sample. It does not prove the complete associate-class structure of the infinite monoid.
2093,73150/19683,1,73150/19683,1,mixed_fraction,This is a bounded computational sample. It does not prove the complete associate-class structure of the infinite monoid.
2094,73193/59049,1,73193/59049,1,mixed_fraction,This is a bounded computational sample. It does not prove the complete associate-class structure of the infinite monoid.
2095,73273/19683,1,73273/19683,1,mixed_fraction,This is a bounded computational sample. It does not prove the complete associate-class structure of the infinite monoid.
2096,73354/19683,1,73354/19683,1,mixed_fraction,This is a bounded computational sample. It does not prove the complete associate-class structure of the infinite monoid.
2097,73465/19683,1,73465/19683,1,mixed_fraction,This is a bounded computational sample. It does not prove the complete associate-class structure of the infinite monoid.
2098,73477/19683,1,73477/19683,1,mixed_fraction,This is a bounded computational sample. It does not prove the complete associate-class structure of the infinite monoid.
2099,73582/19683,1,73582/19683,1,mixed_fraction,This is a bounded computational sample. It does not prove the complete associate-class structure of the infinite monoid.
2100,73609/19683,1,73609/19683,1,mixed_fraction,This is a bounded computational sample. It does not prove the complete associate-class structure of the infinite monoid.
2101,73652/59049,1,73652/59049,1,mixed_fraction,This is a bounded computational sample. It does not prove the complete associate-class structure of the infinite monoid.
2102,73672/59049,1,73672/59049,1,mixed_fraction,This is a bounded computational sample. It does not prove the complete associate-class structure of the infinite monoid.
2103,73688/59049,1,73688/59049,1,mixed_fraction,This is a bounded computational sample. It does not prove the complete associate-class structure of the infinite monoid.
2104,73769/59049,1,73769/59049,1,mixed_fraction,This is a bounded computational sample. It does not prove the complete associate-class structure of the infinite monoid.
2105,73774/19683,1,73774/19683,1,mixed_fraction,This is a bounded computational sample. It does not prove the complete associate-class structure of the infinite monoid.
2106,73786/19683,1,73786/19683,1,mixed_fraction,This is a bounded computational sample. It does not prove the complete associate-class structure of the infinite monoid.
2107,73801/19683,1,73801/19683,1,mixed_fraction,This is a bounded computational sample. It does not prove the complete associate-class structure of the infinite monoid.
2108,73813/19683,1,73813/19683,1,mixed_fraction,This is a bounded computational sample. It does not prove the complete associate-class structure of the infinite monoid.
2109,73978/19683,1,73978/19683,1,mixed_fraction,This is a bounded computational sample. It does not prove the complete associate-class structure of the infinite monoid.
2110,74005/19683,1,74005/19683,1,mixed_fraction,This is a bounded computational sample. It does not prove the complete associate-class structure of the infinite monoid.
2111,74041/19683,1,74041/19683,1,mixed_fraction,This is a bounded computational sample. It does not prove the complete associate-class structure of the infinite monoid.
2112,74041/59049,1,74041/59049,1,mixed_fraction,This is a bounded computational sample. It does not prove the complete associate-class structure of the infinite monoid.
2113,74084/59049,1,74084/59049,1,mixed_fraction,This is a bounded computational sample. It does not prove the complete associate-class structure of the infinite monoid.
2114,74122/19683,1,74122/19683,1,mixed_fraction,This is a bounded computational sample. It does not prove the complete associate-class structure of the infinite monoid.
2115,74233/19683,1,74233/19683,1,mixed_fraction,This is a bounded computational sample. It does not prove the complete associate-class structure of the infinite monoid.
2116,74245/19683,1,74245/19683,1,mixed_fraction,This is a bounded computational sample. It does not prove the complete associate-class structure of the infinite monoid.
2117,74356/59049,1,74356/59049,1,mixed_fraction,This is a bounded computational sample. It does not prove the complete associate-class structure of the infinite monoid.
2118,74410/19683,1,74410/19683,1,mixed_fraction,This is a bounded computational sample. It does not prove the complete associate-class structure of the infinite monoid.
2119,74437/19683,1,74437/19683,1,mixed_fraction,This is a bounded computational sample. It does not prove the complete associate-class structure of the infinite monoid.
2120,74542/19683,1,74542/19683,1,mixed_fraction,This is a bounded computational sample. It does not prove the complete associate-class structure of the infinite monoid.
2121,74554/19683,1,74554/19683,1,mixed_fraction,This is a bounded computational sample. It does not prove the complete associate-class structure of the infinite monoid.
2122,74569/19683,1,74569/19683,1,mixed_fraction,This is a bounded computational sample. It does not prove the complete associate-class structure of the infinite monoid.
2123,74581/19683,1,74581/19683,1,mixed_fraction,This is a bounded computational sample. It does not prove the complete associate-class structure of the infinite monoid.
2124,74696/59049,1,74696/59049,1,mixed_fraction,This is a bounded computational sample. It does not prove the complete associate-class structure of the infinite monoid.
2125,74734/19683,1,74734/19683,1,mixed_fraction,This is a bounded computational sample. It does not prove the complete associate-class structure of the infinite monoid.
2126,74746/19683,1,74746/19683,1,mixed_fraction,This is a bounded computational sample. It does not prove the complete associate-class structure of the infinite monoid.
2127,74773/19683,1,74773/19683,1,mixed_fraction,This is a bounded computational sample. It does not prove the complete associate-class structure of the infinite monoid.
2128,74932/59049,1,74932/59049,1,mixed_fraction,This is a bounded computational sample. It does not prove the complete associate-class structure of the infinite monoid.
2129,74968/59049,1,74968/59049,1,mixed_fraction,This is a bounded computational sample. It does not prove the complete associate-class structure of the infinite monoid.
2130,75001/19683,1,75001/19683,1,mixed_fraction,This is a bounded computational sample. It does not prove the complete associate-class structure of the infinite monoid.
2131,75013/19683,1,75013/19683,1,mixed_fraction,This is a bounded computational sample. It does not prove the complete associate-class structure of the infinite monoid.
2132,75049/59049,1,75049/59049,1,mixed_fraction,This is a bounded computational sample. It does not prove the complete associate-class structure of the infinite monoid.
2133,75065/59049,1,75065/59049,1,mixed_fraction,This is a bounded computational sample. It does not prove the complete associate-class structure of the infinite monoid.
2134,75178/19683,1,75178/19683,1,mixed_fraction,This is a bounded computational sample. It does not prove the complete associate-class structure of the infinite monoid.
2135,75193/19683,1,75193/19683,1,mixed_fraction,This is a bounded computational sample. It does not prove the complete associate-class structure of the infinite monoid.
2136,75205/19683,1,75205/19683,1,mixed_fraction,This is a bounded computational sample. It does not prove the complete associate-class structure of the infinite monoid.
2137,75310/19683,1,75310/19683,1,mixed_fraction,This is a bounded computational sample. It does not prove the complete associate-class structure of the infinite monoid.
2138,75337/19683,1,75337/19683,1,mixed_fraction,This is a bounded computational sample. It does not prove the complete associate-class structure of the infinite monoid.
2139,75380/59049,1,75380/59049,1,mixed_fraction,This is a bounded computational sample. It does not prove the complete associate-class structure of the infinite monoid.
2140,75502/19683,1,75502/19683,1,mixed_fraction,This is a bounded computational sample. It does not prove the complete associate-class structure of the infinite monoid.
2141,75514/19683,1,75514/19683,1,mixed_fraction,This is a bounded computational sample. It does not prove the complete associate-class structure of the infinite monoid.
2142,75541/19683,1,75541/19683,1,mixed_fraction,This is a bounded computational sample. It does not prove the complete associate-class structure of the infinite monoid.
2143,75544/59049,1,75544/59049,1,mixed_fraction,This is a bounded computational sample. It does not prove the complete associate-class structure of the infinite monoid.
2144,75625/59049,1,75625/59049,1,mixed_fraction,This is a bounded computational sample. It does not prove the complete associate-class structure of the infinite monoid.
2145,75706/19683,1,75706/19683,1,mixed_fraction,This is a bounded computational sample. It does not prove the complete associate-class structure of the infinite monoid.
2146,75769/19683,1,75769/19683,1,mixed_fraction,This is a bounded computational sample. It does not prove the complete associate-class structure of the infinite monoid.
2147,75946/19683,1,75946/19683,1,mixed_fraction,This is a bounded computational sample. It does not prove the complete associate-class structure of the infinite monoid.
2148,75956/59049,1,75956/59049,1,mixed_fraction,This is a bounded computational sample. It does not prove the complete associate-class structure of the infinite monoid.
2149,75961/19683,1,75961/19683,1,mixed_fraction,This is a bounded computational sample. It does not prove the complete associate-class structure of the infinite monoid.
2150,75973/19683,1,75973/19683,1,mixed_fraction,This is a bounded computational sample. It does not prove the complete associate-class structure of the infinite monoid.
2151,75976/59049,1,75976/59049,1,mixed_fraction,This is a bounded computational sample. It does not prove the complete associate-class structure of the infinite monoid.
2152,75992/59049,1,75992/59049,1,mixed_fraction,This is a bounded computational sample. It does not prove the complete associate-class structure of the infinite monoid.
2153,76073/59049,1,76073/59049,1,mixed_fraction,This is a bounded computational sample. It does not prove the complete associate-class structure of the infinite monoid.
2154,76138/19683,1,76138/19683,1,mixed_fraction,This is a bounded computational sample. It does not prove the complete associate-class structure of the infinite monoid.
2155,76165/19683,1,76165/19683,1,mixed_fraction,This is a bounded computational sample. It does not prove the complete associate-class structure of the infinite monoid.
2156,76270/19683,1,76270/19683,1,mixed_fraction,This is a bounded computational sample. It does not prove the complete associate-class structure of the infinite monoid.
2157,76282/19683,1,76282/19683,1,mixed_fraction,This is a bounded computational sample. It does not prove the complete associate-class structure of the infinite monoid.
2158,76309/19683,1,76309/19683,1,mixed_fraction,This is a bounded computational sample. It does not prove the complete associate-class structure of the infinite monoid.
2159,76345/59049,1,76345/59049,1,mixed_fraction,This is a bounded computational sample. It does not prove the complete associate-class structure of the infinite monoid.
2160,76474/19683,1,76474/19683,1,mixed_fraction,This is a bounded computational sample. It does not prove the complete associate-class structure of the infinite monoid.
2161,76568/59049,1,76568/59049,1,mixed_fraction,This is a bounded computational sample. It does not prove the complete associate-class structure of the infinite monoid.
2162,76597/19683,1,76597/19683,1,mixed_fraction,This is a bounded computational sample. It does not prove the complete associate-class structure of the infinite monoid.
2163,76649/59049,1,76649/59049,1,mixed_fraction,This is a bounded computational sample. It does not prove the complete associate-class structure of the infinite monoid.
2164,76714/19683,1,76714/19683,1,mixed_fraction,This is a bounded computational sample. It does not prove the complete associate-class structure of the infinite monoid.
2165,76729/19683,1,76729/19683,1,mixed_fraction,This is a bounded computational sample. It does not prove the complete associate-class structure of the infinite monoid.
2166,76741/19683,1,76741/19683,1,mixed_fraction,This is a bounded computational sample. It does not prove the complete associate-class structure of the infinite monoid.
2167,76840/59049,1,76840/59049,1,mixed_fraction,This is a bounded computational sample. It does not prove the complete associate-class structure of the infinite monoid.
2168,76906/19683,1,76906/19683,1,mixed_fraction,This is a bounded computational sample. It does not prove the complete associate-class structure of the infinite monoid.
2169,76921/19683,1,76921/19683,1,mixed_fraction,This is a bounded computational sample. It does not prove the complete associate-class structure of the infinite monoid.
2170,76921/59049,1,76921/59049,1,mixed_fraction,This is a bounded computational sample. It does not prove the complete associate-class structure of the infinite monoid.
2171,76933/19683,1,76933/19683,1,mixed_fraction,This is a bounded computational sample. It does not prove the complete associate-class structure of the infinite monoid.
2172,77000/59049,1,77000/59049,1,mixed_fraction,This is a bounded computational sample. It does not prove the complete associate-class structure of the infinite monoid.
2173,77038/19683,1,77038/19683,1,mixed_fraction,This is a bounded computational sample. It does not prove the complete associate-class structure of the infinite monoid.
2174,77236/59049,1,77236/59049,1,mixed_fraction,This is a bounded computational sample. It does not prove the complete associate-class structure of the infinite monoid.
2175,77242/19683,1,77242/19683,1,mixed_fraction,This is a bounded computational sample. It does not prove the complete associate-class structure of the infinite monoid.
2176,77272/59049,1,77272/59049,1,mixed_fraction,This is a bounded computational sample. It does not prove the complete associate-class structure of the infinite monoid.
2177,77353/59049,1,77353/59049,1,mixed_fraction,This is a bounded computational sample. It does not prove the complete associate-class structure of the infinite monoid.
2178,77365/19683,1,77365/19683,1,mixed_fraction,This is a bounded computational sample. It does not prove the complete associate-class structure of the infinite monoid.
2179,77369/59049,1,77369/59049,1,mixed_fraction,This is a bounded computational sample. It does not prove the complete associate-class structure of the infinite monoid.
2180,77497/19683,1,77497/19683,1,mixed_fraction,This is a bounded computational sample. It does not prove the complete associate-class structure of the infinite monoid.
2181,77569/19683,1,77569/19683,1,mixed_fraction,This is a bounded computational sample. It does not prove the complete associate-class structure of the infinite monoid.
2182,77674/19683,1,77674/19683,1,mixed_fraction,This is a bounded computational sample. It does not prove the complete associate-class structure of the infinite monoid.
2183,77689/19683,1,77689/19683,1,mixed_fraction,This is a bounded computational sample. It does not prove the complete associate-class structure of the infinite monoid.
2184,77701/19683,1,77701/19683,1,mixed_fraction,This is a bounded computational sample. It does not prove the complete associate-class structure of the infinite monoid.
2185,77812/59049,1,77812/59049,1,mixed_fraction,This is a bounded computational sample. It does not prove the complete associate-class structure of the infinite monoid.
2186,77848/59049,1,77848/59049,1,mixed_fraction,This is a bounded computational sample. It does not prove the complete associate-class structure of the infinite monoid.
2187,77864/59049,1,77864/59049,1,mixed_fraction,This is a bounded computational sample. It does not prove the complete associate-class structure of the infinite monoid.
2188,77866/19683,1,77866/19683,1,mixed_fraction,This is a bounded computational sample. It does not prove the complete associate-class structure of the infinite monoid.
2189,77893/19683,1,77893/19683,1,mixed_fraction,This is a bounded computational sample. It does not prove the complete associate-class structure of the infinite monoid.
2190,77929/59049,1,77929/59049,1,mixed_fraction,This is a bounded computational sample. It does not prove the complete associate-class structure of the infinite monoid.
2191,77945/59049,1,77945/59049,1,mixed_fraction,This is a bounded computational sample. It does not prove the complete associate-class structure of the infinite monoid.
2192,78010/19683,1,78010/19683,1,mixed_fraction,This is a bounded computational sample. It does not prove the complete associate-class structure of the infinite monoid.
2193,78133/19683,1,78133/19683,1,mixed_fraction,This is a bounded computational sample. It does not prove the complete associate-class structure of the infinite monoid.
2194,78260/59049,1,78260/59049,1,mixed_fraction,This is a bounded computational sample. It does not prove the complete associate-class structure of the infinite monoid.
2195,78296/59049,1,78296/59049,1,mixed_fraction,This is a bounded computational sample. It does not prove the complete associate-class structure of the infinite monoid.
2196,78298/19683,1,78298/19683,1,mixed_fraction,This is a bounded computational sample. It does not prove the complete associate-class structure of the infinite monoid.
2197,78325/19683,1,78325/19683,1,mixed_fraction,This is a bounded computational sample. It does not prove the complete associate-class structure of the infinite monoid.
2198,78337/19683,1,78337/19683,1,mixed_fraction,This is a bounded computational sample. It does not prove the complete associate-class structure of the infinite monoid.
2199,78377/59049,1,78377/59049,1,mixed_fraction,This is a bounded computational sample. It does not prove the complete associate-class structure of the infinite monoid.
2200,78442/19683,1,78442/19683,1,mixed_fraction,This is a bounded computational sample. It does not prove the complete associate-class structure of the infinite monoid.
2201,78457/19683,1,78457/19683,1,mixed_fraction,This is a bounded computational sample. It does not prove the complete associate-class structure of the infinite monoid.
2202,78469/19683,1,78469/19683,1,mixed_fraction,This is a bounded computational sample. It does not prove the complete associate-class structure of the infinite monoid.
2203,78634/19683,1,78634/19683,1,mixed_fraction,This is a bounded computational sample. It does not prove the complete associate-class structure of the infinite monoid.
2204,78649/59049,1,78649/59049,1,mixed_fraction,This is a bounded computational sample. It does not prove the complete associate-class structure of the infinite monoid.
2205,78661/19683,1,78661/19683,1,mixed_fraction,This is a bounded computational sample. It does not prove the complete associate-class structure of the infinite monoid.
2206,78836/59049,1,78836/59049,1,mixed_fraction,This is a bounded computational sample. It does not prove the complete associate-class structure of the infinite monoid.
2207,78872/59049,1,78872/59049,1,mixed_fraction,This is a bounded computational sample. It does not prove the complete associate-class structure of the infinite monoid.
2208,78901/19683,1,78901/19683,1,mixed_fraction,This is a bounded computational sample. It does not prove the complete associate-class structure of the infinite monoid.
2209,78953/59049,1,78953/59049,1,mixed_fraction,This is a bounded computational sample. It does not prove the complete associate-class structure of the infinite monoid.
2210,79066/19683,1,79066/19683,1,mixed_fraction,This is a bounded computational sample. It does not prove the complete associate-class structure of the infinite monoid.
2211,79093/19683,1,79093/19683,1,mixed_fraction,This is a bounded computational sample. It does not prove the complete associate-class structure of the infinite monoid.
2212,79105/19683,1,79105/19683,1,mixed_fraction,This is a bounded computational sample. It does not prove the complete associate-class structure of the infinite monoid.
2213,79144/59049,1,79144/59049,1,mixed_fraction,This is a bounded computational sample. It does not prove the complete associate-class structure of the infinite monoid.
2214,79225/19683,1,79225/19683,1,mixed_fraction,This is a bounded computational sample. It does not prove the complete associate-class structure of the infinite monoid.
2215,79225/59049,1,79225/59049,1,mixed_fraction,This is a bounded computational sample. It does not prove the complete associate-class structure of the infinite monoid.
2216,79297/19683,1,79297/19683,1,mixed_fraction,This is a bounded computational sample. It does not prove the complete associate-class structure of the infinite monoid.
2217,79402/19683,1,79402/19683,1,mixed_fraction,This is a bounded computational sample. It does not prove the complete associate-class structure of the infinite monoid.
2218,79429/19683,1,79429/19683,1,mixed_fraction,This is a bounded computational sample. It does not prove the complete associate-class structure of the infinite monoid.
2219,79540/59049,1,79540/59049,1,mixed_fraction,This is a bounded computational sample. It does not prove the complete associate-class structure of the infinite monoid.
2220,79594/19683,1,79594/19683,1,mixed_fraction,This is a bounded computational sample. It does not prove the complete associate-class structure of the infinite monoid.
2221,79673/59049,1,79673/59049,1,mixed_fraction,This is a bounded computational sample. It does not prove the complete associate-class structure of the infinite monoid.
2222,79756/59049,1,79756/59049,1,mixed_fraction,This is a bounded computational sample. It does not prove the complete associate-class structure of the infinite monoid.
2223,79834/19683,1,79834/19683,1,mixed_fraction,This is a bounded computational sample. It does not prove the complete associate-class structure of the infinite monoid.
2224,79861/19683,1,79861/19683,1,mixed_fraction,This is a bounded computational sample. It does not prove the complete associate-class structure of the infinite monoid.
2225,79873/19683,1,79873/19683,1,mixed_fraction,This is a bounded computational sample. It does not prove the complete associate-class structure of the infinite monoid.
2226,80026/19683,1,80026/19683,1,mixed_fraction,This is a bounded computational sample. It does not prove the complete associate-class structure of the infinite monoid.
2227,80053/19683,1,80053/19683,1,mixed_fraction,This is a bounded computational sample. It does not prove the complete associate-class structure of the infinite monoid.
2228,80065/19683,1,80065/19683,1,mixed_fraction,This is a bounded computational sample. It does not prove the complete associate-class structure of the infinite monoid.
2229,80116/59049,1,80116/59049,1,mixed_fraction,This is a bounded computational sample. It does not prove the complete associate-class structure of the infinite monoid.
2230,80152/59049,1,80152/59049,1,mixed_fraction,This is a bounded computational sample. It does not prove the complete associate-class structure of the infinite monoid.
2231,80168/59049,1,80168/59049,1,mixed_fraction,This is a bounded computational sample. It does not prove the complete associate-class structure of the infinite monoid.
2232,80170/19683,1,80170/19683,1,mixed_fraction,This is a bounded computational sample. It does not prove the complete associate-class structure of the infinite monoid.
2233,80197/19683,1,80197/19683,1,mixed_fraction,This is a bounded computational sample. It does not prove the complete associate-class structure of the infinite monoid.
2234,80233/59049,1,80233/59049,1,mixed_fraction,This is a bounded computational sample. It does not prove the complete associate-class structure of the infinite monoid.
2235,80249/59049,1,80249/59049,1,mixed_fraction,This is a bounded computational sample. It does not prove the complete associate-class structure of the infinite monoid.
2236,80362/19683,1,80362/19683,1,mixed_fraction,This is a bounded computational sample. It does not prove the complete associate-class structure of the infinite monoid.
2237,80485/19683,1,80485/19683,1,mixed_fraction,This is a bounded computational sample. It does not prove the complete associate-class structure of the infinite monoid.
2238,80564/59049,1,80564/59049,1,mixed_fraction,This is a bounded computational sample. It does not prove the complete associate-class structure of the infinite monoid.
2239,80602/19683,1,80602/19683,1,mixed_fraction,This is a bounded computational sample. It does not prove the complete associate-class structure of the infinite monoid.
2240,80629/19683,1,80629/19683,1,mixed_fraction,This is a bounded computational sample. It does not prove the complete associate-class structure of the infinite monoid.
2241,80728/59049,1,80728/59049,1,mixed_fraction,This is a bounded computational sample. It does not prove the complete associate-class structure of the infinite monoid.
2242,80780/59049,1,80780/59049,1,mixed_fraction,This is a bounded computational sample. It does not prove the complete associate-class structure of the infinite monoid.
2243,80794/19683,1,80794/19683,1,mixed_fraction,This is a bounded computational sample. It does not prove the complete associate-class structure of the infinite monoid.
2244,80821/19683,1,80821/19683,1,mixed_fraction,This is a bounded computational sample. It does not prove the complete associate-class structure of the infinite monoid.
2245,80833/19683,1,80833/19683,1,mixed_fraction,This is a bounded computational sample. It does not prove the complete associate-class structure of the infinite monoid.
2246,81025/19683,1,81025/19683,1,mixed_fraction,This is a bounded computational sample. It does not prove the complete associate-class structure of the infinite monoid.
2247,81130/19683,1,81130/19683,1,mixed_fraction,This is a bounded computational sample. It does not prove the complete associate-class structure of the infinite monoid.
2248,81140/59049,1,81140/59049,1,mixed_fraction,This is a bounded computational sample. It does not prove the complete associate-class structure of the infinite monoid.
2249,81176/59049,1,81176/59049,1,mixed_fraction,This is a bounded computational sample. It does not prove the complete associate-class structure of the infinite monoid.
2250,81253/19683,1,81253/19683,1,mixed_fraction,This is a bounded computational sample. It does not prove the complete associate-class structure of the infinite monoid.
2251,81257/59049,1,81257/59049,1,mixed_fraction,This is a bounded computational sample. It does not prove the complete associate-class structure of the infinite monoid.
2252,81448/59049,1,81448/59049,1,mixed_fraction,This is a bounded computational sample. It does not prove the complete associate-class structure of the infinite monoid.
2253,81457/19683,1,81457/19683,1,mixed_fraction,This is a bounded computational sample. It does not prove the complete associate-class structure of the infinite monoid.
2254,81529/59049,1,81529/59049,1,mixed_fraction,This is a bounded computational sample. It does not prove the complete associate-class structure of the infinite monoid.
2255,81562/19683,1,81562/19683,1,mixed_fraction,This is a bounded computational sample. It does not prove the complete associate-class structure of the infinite monoid.
2256,81589/19683,1,81589/19683,1,mixed_fraction,This is a bounded computational sample. It does not prove the complete associate-class structure of the infinite monoid.
2257,81601/19683,1,81601/19683,1,mixed_fraction,This is a bounded computational sample. It does not prove the complete associate-class structure of the infinite monoid.
2258,81752/59049,1,81752/59049,1,mixed_fraction,This is a bounded computational sample. It does not prove the complete associate-class structure of the infinite monoid.
2259,81754/19683,1,81754/19683,1,mixed_fraction,This is a bounded computational sample. It does not prove the complete associate-class structure of the infinite monoid.
2260,81781/19683,1,81781/19683,1,mixed_fraction,This is a bounded computational sample. It does not prove the complete associate-class structure of the infinite monoid.
2261,81793/19683,1,81793/19683,1,mixed_fraction,This is a bounded computational sample. It does not prove the complete associate-class structure of the infinite monoid.
2262,81898/19683,1,81898/19683,1,mixed_fraction,This is a bounded computational sample. It does not prove the complete associate-class structure of the infinite monoid.
2263,82021/19683,1,82021/19683,1,mixed_fraction,This is a bounded computational sample. It does not prove the complete associate-class structure of the infinite monoid.
2264,82024/59049,1,82024/59049,1,mixed_fraction,This is a bounded computational sample. It does not prove the complete associate-class structure of the infinite monoid.
2265,82060/59049,1,82060/59049,1,mixed_fraction,This is a bounded computational sample. It does not prove the complete associate-class structure of the infinite monoid.
2266,82105/59049,1,82105/59049,1,mixed_fraction,This is a bounded computational sample. It does not prove the complete associate-class structure of the infinite monoid.
2267,82213/19683,1,82213/19683,1,mixed_fraction,This is a bounded computational sample. It does not prove the complete associate-class structure of the infinite monoid.
2268,82225/19683,1,82225/19683,1,mixed_fraction,This is a bounded computational sample. It does not prove the complete associate-class structure of the infinite monoid.
2269,82330/19683,1,82330/19683,1,mixed_fraction,This is a bounded computational sample. It does not prove the complete associate-class structure of the infinite monoid.
2270,82357/19683,1,82357/19683,1,mixed_fraction,This is a bounded computational sample. It does not prove the complete associate-class structure of the infinite monoid.
2271,82420/59049,1,82420/59049,1,mixed_fraction,This is a bounded computational sample. It does not prove the complete associate-class structure of the infinite monoid.
2272,82456/59049,1,82456/59049,1,mixed_fraction,This is a bounded computational sample. It does not prove the complete associate-class structure of the infinite monoid.
2273,82472/59049,1,82472/59049,1,mixed_fraction,This is a bounded computational sample. It does not prove the complete associate-class structure of the infinite monoid.
2274,82522/19683,1,82522/19683,1,mixed_fraction,This is a bounded computational sample. It does not prove the complete associate-class structure of the infinite monoid.
2275,82537/59049,1,82537/59049,1,mixed_fraction,This is a bounded computational sample. It does not prove the complete associate-class structure of the infinite monoid.
2276,82549/19683,1,82549/19683,1,mixed_fraction,This is a bounded computational sample. It does not prove the complete associate-class structure of the infinite monoid.
2277,82553/59049,1,82553/59049,1,mixed_fraction,This is a bounded computational sample. It does not prove the complete associate-class structure of the infinite monoid.
2278,82561/19683,1,82561/19683,1,mixed_fraction,This is a bounded computational sample. It does not prove the complete associate-class structure of the infinite monoid.
2279,82753/19683,1,82753/19683,1,mixed_fraction,This is a bounded computational sample. It does not prove the complete associate-class structure of the infinite monoid.
2280,82789/19683,1,82789/19683,1,mixed_fraction,This is a bounded computational sample. It does not prove the complete associate-class structure of the infinite monoid.
2281,82981/19683,1,82981/19683,1,mixed_fraction,This is a bounded computational sample. It does not prove the complete associate-class structure of the infinite monoid.
2282,82993/19683,1,82993/19683,1,mixed_fraction,This is a bounded computational sample. It does not prove the complete associate-class structure of the infinite monoid.
2283,83032/59049,1,83032/59049,1,mixed_fraction,This is a bounded computational sample. It does not prove the complete associate-class structure of the infinite monoid.
2284,83048/59049,1,83048/59049,1,mixed_fraction,This is a bounded computational sample. It does not prove the complete associate-class structure of the infinite monoid.
2285,83084/59049,1,83084/59049,1,mixed_fraction,This is a bounded computational sample. It does not prove the complete associate-class structure of the infinite monoid.
2286,83129/59049,1,83129/59049,1,mixed_fraction,This is a bounded computational sample. It does not prove the complete associate-class structure of the infinite monoid.
2287,83185/19683,1,83185/19683,1,mixed_fraction,This is a bounded computational sample. It does not prove the complete associate-class structure of the infinite monoid.
2288,83290/19683,1,83290/19683,1,mixed_fraction,This is a bounded computational sample. It does not prove the complete associate-class structure of the infinite monoid.
2289,83317/19683,1,83317/19683,1,mixed_fraction,This is a bounded computational sample. It does not prove the complete associate-class structure of the infinite monoid.
2290,83329/19683,1,83329/19683,1,mixed_fraction,This is a bounded computational sample. It does not prove the complete associate-class structure of the infinite monoid.
2291,83401/59049,1,83401/59049,1,mixed_fraction,This is a bounded computational sample. It does not prove the complete associate-class structure of the infinite monoid.
2292,83444/59049,1,83444/59049,1,mixed_fraction,This is a bounded computational sample. It does not prove the complete associate-class structure of the infinite monoid.
2293,83480/59049,1,83480/59049,1,mixed_fraction,This is a bounded computational sample. It does not prove the complete associate-class structure of the infinite monoid.
2294,83482/19683,1,83482/19683,1,mixed_fraction,This is a bounded computational sample. It does not prove the complete associate-class structure of the infinite monoid.
2295,83521/19683,1,83521/19683,1,mixed_fraction,This is a bounded computational sample. It does not prove the complete associate-class structure of the infinite monoid.
2296,83561/59049,1,83561/59049,1,mixed_fraction,This is a bounded computational sample. It does not prove the complete associate-class structure of the infinite monoid.
2297,83749/19683,1,83749/19683,1,mixed_fraction,This is a bounded computational sample. It does not prove the complete associate-class structure of the infinite monoid.
2298,83752/59049,1,83752/59049,1,mixed_fraction,This is a bounded computational sample. It does not prove the complete associate-class structure of the infinite monoid.
2299,83761/19683,1,83761/19683,1,mixed_fraction,This is a bounded computational sample. It does not prove the complete associate-class structure of the infinite monoid.
2300,83833/59049,1,83833/59049,1,mixed_fraction,This is a bounded computational sample. It does not prove the complete associate-class structure of the infinite monoid.
2301,83941/19683,1,83941/19683,1,mixed_fraction,This is a bounded computational sample. It does not prove the complete associate-class structure of the infinite monoid.
2302,83953/19683,1,83953/19683,1,mixed_fraction,This is a bounded computational sample. It does not prove the complete associate-class structure of the infinite monoid.
2303,84056/59049,1,84056/59049,1,mixed_fraction,This is a bounded computational sample. It does not prove the complete associate-class structure of the infinite monoid.
2304,84058/19683,1,84058/19683,1,mixed_fraction,This is a bounded computational sample. It does not prove the complete associate-class structure of the infinite monoid.
2305,84085/19683,1,84085/19683,1,mixed_fraction,This is a bounded computational sample. It does not prove the complete associate-class structure of the infinite monoid.
2306,84250/19683,1,84250/19683,1,mixed_fraction,This is a bounded computational sample. It does not prove the complete associate-class structure of the infinite monoid.
2307,84289/19683,1,84289/19683,1,mixed_fraction,This is a bounded computational sample. It does not prove the complete associate-class structure of the infinite monoid.
2308,84328/59049,1,84328/59049,1,mixed_fraction,This is a bounded computational sample. It does not prove the complete associate-class structure of the infinite monoid.
2309,84364/59049,1,84364/59049,1,mixed_fraction,This is a bounded computational sample. It does not prove the complete associate-class structure of the infinite monoid.
2310,84409/59049,1,84409/59049,1,mixed_fraction,This is a bounded computational sample. It does not prove the complete associate-class structure of the infinite monoid.
2311,84425/59049,1,84425/59049,1,mixed_fraction,This is a bounded computational sample. It does not prove the complete associate-class structure of the infinite monoid.
2312,84517/19683,1,84517/19683,1,mixed_fraction,This is a bounded computational sample. It does not prove the complete associate-class structure of the infinite monoid.
2313,84709/19683,1,84709/19683,1,mixed_fraction,This is a bounded computational sample. It does not prove the complete associate-class structure of the infinite monoid.
2314,84721/19683,1,84721/19683,1,mixed_fraction,This is a bounded computational sample. It does not prove the complete associate-class structure of the infinite monoid.
2315,84724/59049,1,84724/59049,1,mixed_fraction,This is a bounded computational sample. It does not prove the complete associate-class structure of the infinite monoid.
2316,84776/59049,1,84776/59049,1,mixed_fraction,This is a bounded computational sample. It does not prove the complete associate-class structure of the infinite monoid.
2317,84857/59049,1,84857/59049,1,mixed_fraction,This is a bounded computational sample. It does not prove the complete associate-class structure of the infinite monoid.
2318,84913/19683,1,84913/19683,1,mixed_fraction,This is a bounded computational sample. It does not prove the complete associate-class structure of the infinite monoid.
2319,84940/59049,1,84940/59049,1,mixed_fraction,This is a bounded computational sample. It does not prove the complete associate-class structure of the infinite monoid.
2320,85018/19683,1,85018/19683,1,mixed_fraction,This is a bounded computational sample. It does not prove the complete associate-class structure of the infinite monoid.
2321,85057/19683,1,85057/19683,1,mixed_fraction,This is a bounded computational sample. It does not prove the complete associate-class structure of the infinite monoid.
2322,85336/59049,1,85336/59049,1,mixed_fraction,This is a bounded computational sample. It does not prove the complete associate-class structure of the infinite monoid.
2323,85345/19683,1,85345/19683,1,mixed_fraction,This is a bounded computational sample. It does not prove the complete associate-class structure of the infinite monoid.
2324,85352/59049,1,85352/59049,1,mixed_fraction,This is a bounded computational sample. It does not prove the complete associate-class structure of the infinite monoid.
2325,85388/59049,1,85388/59049,1,mixed_fraction,This is a bounded computational sample. It does not prove the complete associate-class structure of the infinite monoid.
2326,85433/59049,1,85433/59049,1,mixed_fraction,This is a bounded computational sample. It does not prove the complete associate-class structure of the infinite monoid.
2327,85477/19683,1,85477/19683,1,mixed_fraction,This is a bounded computational sample. It does not prove the complete associate-class structure of the infinite monoid.
2328,85489/19683,1,85489/19683,1,mixed_fraction,This is a bounded computational sample. It does not prove the complete associate-class structure of the infinite monoid.
2329,85669/19683,1,85669/19683,1,mixed_fraction,This is a bounded computational sample. It does not prove the complete associate-class structure of the infinite monoid.
2330,85681/19683,1,85681/19683,1,mixed_fraction,This is a bounded computational sample. It does not prove the complete associate-class structure of the infinite monoid.
2331,85705/59049,1,85705/59049,1,mixed_fraction,This is a bounded computational sample. It does not prove the complete associate-class structure of the infinite monoid.
2332,85748/59049,1,85748/59049,1,mixed_fraction,This is a bounded computational sample. It does not prove the complete associate-class structure of the infinite monoid.
2333,85786/19683,1,85786/19683,1,mixed_fraction,This is a bounded computational sample. It does not prove the complete associate-class structure of the infinite monoid.
2334,85964/59049,1,85964/59049,1,mixed_fraction,This is a bounded computational sample. It does not prove the complete associate-class structure of the infinite monoid.
2335,86113/19683,1,86113/19683,1,mixed_fraction,This is a bounded computational sample. It does not prove the complete associate-class structure of the infinite monoid.
2336,86245/19683,1,86245/19683,1,mixed_fraction,This is a bounded computational sample. It does not prove the complete associate-class structure of the infinite monoid.
2337,86317/19683,1,86317/19683,1,mixed_fraction,This is a bounded computational sample. It does not prove the complete associate-class structure of the infinite monoid.
2338,86317/59049,1,86317/59049,1,mixed_fraction,This is a bounded computational sample. It does not prove the complete associate-class structure of the infinite monoid.
2339,86360/59049,1,86360/59049,1,mixed_fraction,This is a bounded computational sample. It does not prove the complete associate-class structure of the infinite monoid.
2340,86437/19683,1,86437/19683,1,mixed_fraction,This is a bounded computational sample. It does not prove the complete associate-class structure of the infinite monoid.
2341,86449/19683,1,86449/19683,1,mixed_fraction,This is a bounded computational sample. It does not prove the complete associate-class structure of the infinite monoid.
2342,86632/59049,1,86632/59049,1,mixed_fraction,This is a bounded computational sample. It does not prove the complete associate-class structure of the infinite monoid.
2343,86641/19683,1,86641/19683,1,mixed_fraction,This is a bounded computational sample. It does not prove the complete associate-class structure of the infinite monoid.
2344,86668/59049,1,86668/59049,1,mixed_fraction,This is a bounded computational sample. It does not prove the complete associate-class structure of the infinite monoid.
2345,86713/59049,1,86713/59049,1,mixed_fraction,This is a bounded computational sample. It does not prove the complete associate-class structure of the infinite monoid.
2346,86729/59049,1,86729/59049,1,mixed_fraction,This is a bounded computational sample. It does not prove the complete associate-class structure of the infinite monoid.
2347,86881/19683,1,86881/19683,1,mixed_fraction,This is a bounded computational sample. It does not prove the complete associate-class structure of the infinite monoid.
2348,87073/19683,1,87073/19683,1,mixed_fraction,This is a bounded computational sample. It does not prove the complete associate-class structure of the infinite monoid.
2349,87085/19683,1,87085/19683,1,mixed_fraction,This is a bounded computational sample. It does not prove the complete associate-class structure of the infinite monoid.
2350,87205/19683,1,87205/19683,1,mixed_fraction,This is a bounded computational sample. It does not prove the complete associate-class structure of the infinite monoid.
2351,87208/59049,1,87208/59049,1,mixed_fraction,This is a bounded computational sample. It does not prove the complete associate-class structure of the infinite monoid.
2352,87217/19683,1,87217/19683,1,mixed_fraction,This is a bounded computational sample. It does not prove the complete associate-class structure of the infinite monoid.
2353,87244/59049,1,87244/59049,1,mixed_fraction,This is a bounded computational sample. It does not prove the complete associate-class structure of the infinite monoid.
2354,87289/59049,1,87289/59049,1,mixed_fraction,This is a bounded computational sample. It does not prove the complete associate-class structure of the infinite monoid.
2355,87341/59049,1,87341/59049,1,mixed_fraction,This is a bounded computational sample. It does not prove the complete associate-class structure of the infinite monoid.
2356,87409/19683,1,87409/19683,1,mixed_fraction,This is a bounded computational sample. It does not prove the complete associate-class structure of the infinite monoid.
2357,87640/59049,1,87640/59049,1,mixed_fraction,This is a bounded computational sample. It does not prove the complete associate-class structure of the infinite monoid.
2358,87649/19683,1,87649/19683,1,mixed_fraction,This is a bounded computational sample. It does not prove the complete associate-class structure of the infinite monoid.
2359,87656/59049,1,87656/59049,1,mixed_fraction,This is a bounded computational sample. It does not prove the complete associate-class structure of the infinite monoid.
2360,87692/59049,1,87692/59049,1,mixed_fraction,This is a bounded computational sample. It does not prove the complete associate-class structure of the infinite monoid.
2361,87737/59049,1,87737/59049,1,mixed_fraction,This is a bounded computational sample. It does not prove the complete associate-class structure of the infinite monoid.
2362,87841/19683,1,87841/19683,1,mixed_fraction,This is a bounded computational sample. It does not prove the complete associate-class structure of the infinite monoid.
2363,87853/19683,1,87853/19683,1,mixed_fraction,This is a bounded computational sample. It does not prove the complete associate-class structure of the infinite monoid.
2364,87973/19683,1,87973/19683,1,mixed_fraction,This is a bounded computational sample. It does not prove the complete associate-class structure of the infinite monoid.
2365,88009/59049,1,88009/59049,1,mixed_fraction,This is a bounded computational sample. It does not prove the complete associate-class structure of the infinite monoid.
2366,88045/19683,1,88045/19683,1,mixed_fraction,This is a bounded computational sample. It does not prove the complete associate-class structure of the infinite monoid.
2367,88177/19683,1,88177/19683,1,mixed_fraction,This is a bounded computational sample. It does not prove the complete associate-class structure of the infinite monoid.
2368,88232/59049,1,88232/59049,1,mixed_fraction,This is a bounded computational sample. It does not prove the complete associate-class structure of the infinite monoid.
2369,88268/59049,1,88268/59049,1,mixed_fraction,This is a bounded computational sample. It does not prove the complete associate-class structure of the infinite monoid.
2370,88313/59049,1,88313/59049,1,mixed_fraction,This is a bounded computational sample. It does not prove the complete associate-class structure of the infinite monoid.
2371,88504/59049,1,88504/59049,1,mixed_fraction,This is a bounded computational sample. It does not prove the complete associate-class structure of the infinite monoid.
2372,88585/59049,1,88585/59049,1,mixed_fraction,This is a bounded computational sample. It does not prove the complete associate-class structure of the infinite monoid.
2373,88609/19683,1,88609/19683,1,mixed_fraction,This is a bounded computational sample. It does not prove the complete associate-class structure of the infinite monoid.
2374,88621/19683,1,88621/19683,1,mixed_fraction,This is a bounded computational sample. It does not prove the complete associate-class structure of the infinite monoid.
2375,88621/59049,1,88621/59049,1,mixed_fraction,This is a bounded computational sample. It does not prove the complete associate-class structure of the infinite monoid.
2376,88664/59049,1,88664/59049,1,mixed_fraction,This is a bounded computational sample. It does not prove the complete associate-class structure of the infinite monoid.
2377,88801/19683,1,88801/19683,1,mixed_fraction,This is a bounded computational sample. It does not prove the complete associate-class structure of the infinite monoid.
2378,88813/19683,1,88813/19683,1,mixed_fraction,This is a bounded computational sample. It does not prove the complete associate-class structure of the infinite monoid.
2379,88936/59049,1,88936/59049,1,mixed_fraction,This is a bounded computational sample. It does not prove the complete associate-class structure of the infinite monoid.
2380,88945/19683,1,88945/19683,1,mixed_fraction,This is a bounded computational sample. It does not prove the complete associate-class structure of the infinite monoid.
2381,89017/59049,1,89017/59049,1,mixed_fraction,This is a bounded computational sample. It does not prove the complete associate-class structure of the infinite monoid.
2382,89033/59049,1,89033/59049,1,mixed_fraction,This is a bounded computational sample. It does not prove the complete associate-class structure of the infinite monoid.
2383,89233/19683,1,89233/19683,1,mixed_fraction,This is a bounded computational sample. It does not prove the complete associate-class structure of the infinite monoid.
2384,89377/19683,1,89377/19683,1,mixed_fraction,This is a bounded computational sample. It does not prove the complete associate-class structure of the infinite monoid.
2385,89512/59049,1,89512/59049,1,mixed_fraction,This is a bounded computational sample. It does not prove the complete associate-class structure of the infinite monoid.
2386,89528/59049,1,89528/59049,1,mixed_fraction,This is a bounded computational sample. It does not prove the complete associate-class structure of the infinite monoid.
2387,89548/59049,1,89548/59049,1,mixed_fraction,This is a bounded computational sample. It does not prove the complete associate-class structure of the infinite monoid.
2388,89569/19683,1,89569/19683,1,mixed_fraction,This is a bounded computational sample. It does not prove the complete associate-class structure of the infinite monoid.
2389,89581/19683,1,89581/19683,1,mixed_fraction,This is a bounded computational sample. It does not prove the complete associate-class structure of the infinite monoid.
2390,89593/59049,1,89593/59049,1,mixed_fraction,This is a bounded computational sample. It does not prove the complete associate-class structure of the infinite monoid.
2391,89609/59049,1,89609/59049,1,mixed_fraction,This is a bounded computational sample. It does not prove the complete associate-class structure of the infinite monoid.
2392,89645/59049,1,89645/59049,1,mixed_fraction,This is a bounded computational sample. It does not prove the complete associate-class structure of the infinite monoid.
2393,89773/19683,1,89773/19683,1,mixed_fraction,This is a bounded computational sample. It does not prove the complete associate-class structure of the infinite monoid.
2394,89960/59049,1,89960/59049,1,mixed_fraction,This is a bounded computational sample. It does not prove the complete associate-class structure of the infinite monoid.
2395,90001/19683,1,90001/19683,1,mixed_fraction,This is a bounded computational sample. It does not prove the complete associate-class structure of the infinite monoid.
2396,90041/59049,1,90041/59049,1,mixed_fraction,This is a bounded computational sample. It does not prove the complete associate-class structure of the infinite monoid.
2397,90124/59049,1,90124/59049,1,mixed_fraction,This is a bounded computational sample. It does not prove the complete associate-class structure of the infinite monoid.
2398,90205/19683,1,90205/19683,1,mixed_fraction,This is a bounded computational sample. It does not prove the complete associate-class structure of the infinite monoid.
2399,90313/59049,1,90313/59049,1,mixed_fraction,This is a bounded computational sample. It does not prove the complete associate-class structure of the infinite monoid.
2400,90337/19683,1,90337/19683,1,mixed_fraction,This is a bounded computational sample. It does not prove the complete associate-class structure of the infinite monoid.
2401,90349/19683,1,90349/19683,1,mixed_fraction,This is a bounded computational sample. It does not prove the complete associate-class structure of the infinite monoid.
2402,90529/19683,1,90529/19683,1,mixed_fraction,This is a bounded computational sample. It does not prove the complete associate-class structure of the infinite monoid.
2403,90536/59049,1,90536/59049,1,mixed_fraction,This is a bounded computational sample. It does not prove the complete associate-class structure of the infinite monoid.
2404,90541/19683,1,90541/19683,1,mixed_fraction,This is a bounded computational sample. It does not prove the complete associate-class structure of the infinite monoid.
2405,90572/59049,1,90572/59049,1,mixed_fraction,This is a bounded computational sample. It does not prove the complete associate-class structure of the infinite monoid.
2406,90617/59049,1,90617/59049,1,mixed_fraction,This is a bounded computational sample. It does not prove the complete associate-class structure of the infinite monoid.
2407,90769/19683,1,90769/19683,1,mixed_fraction,This is a bounded computational sample. It does not prove the complete associate-class structure of the infinite monoid.
2408,90808/59049,1,90808/59049,1,mixed_fraction,This is a bounded computational sample. It does not prove the complete associate-class structure of the infinite monoid.
2409,90889/59049,1,90889/59049,1,mixed_fraction,This is a bounded computational sample. It does not prove the complete associate-class structure of the infinite monoid.
2410,90925/59049,1,90925/59049,1,mixed_fraction,This is a bounded computational sample. It does not prove the complete associate-class structure of the infinite monoid.
2411,90961/19683,1,90961/19683,1,mixed_fraction,This is a bounded computational sample. It does not prove the complete associate-class structure of the infinite monoid.
2412,90973/19683,1,90973/19683,1,mixed_fraction,This is a bounded computational sample. It does not prove the complete associate-class structure of the infinite monoid.
2413,91105/19683,1,91105/19683,1,mixed_fraction,This is a bounded computational sample. It does not prove the complete associate-class structure of the infinite monoid.
2414,91148/59049,1,91148/59049,1,mixed_fraction,This is a bounded computational sample. It does not prove the complete associate-class structure of the infinite monoid.
2415,91297/19683,1,91297/19683,1,mixed_fraction,This is a bounded computational sample. It does not prove the complete associate-class structure of the infinite monoid.
2416,91309/19683,1,91309/19683,1,mixed_fraction,This is a bounded computational sample. It does not prove the complete associate-class structure of the infinite monoid.
2417,91337/59049,1,91337/59049,1,mixed_fraction,This is a bounded computational sample. It does not prove the complete associate-class structure of the infinite monoid.
2418,91420/59049,1,91420/59049,1,mixed_fraction,This is a bounded computational sample. It does not prove the complete associate-class structure of the infinite monoid.
2419,91501/19683,1,91501/19683,1,mixed_fraction,This is a bounded computational sample. It does not prove the complete associate-class structure of the infinite monoid.
2420,91501/59049,1,91501/59049,1,mixed_fraction,This is a bounded computational sample. It does not prove the complete associate-class structure of the infinite monoid.
2421,91537/19683,1,91537/19683,1,mixed_fraction,This is a bounded computational sample. It does not prove the complete associate-class structure of the infinite monoid.
2422,91729/19683,1,91729/19683,1,mixed_fraction,This is a bounded computational sample. It does not prove the complete associate-class structure of the infinite monoid.
2423,91741/19683,1,91741/19683,1,mixed_fraction,This is a bounded computational sample. It does not prove the complete associate-class structure of the infinite monoid.
2424,91816/59049,1,91816/59049,1,mixed_fraction,This is a bounded computational sample. It does not prove the complete associate-class structure of the infinite monoid.
2425,91832/59049,1,91832/59049,1,mixed_fraction,This is a bounded computational sample. It does not prove the complete associate-class structure of the infinite monoid.
2426,91852/59049,1,91852/59049,1,mixed_fraction,This is a bounded computational sample. It does not prove the complete associate-class structure of the infinite monoid.
2427,91897/59049,1,91897/59049,1,mixed_fraction,This is a bounded computational sample. It does not prove the complete associate-class structure of the infinite monoid.
2428,91913/59049,1,91913/59049,1,mixed_fraction,This is a bounded computational sample. It does not prove the complete associate-class structure of the infinite monoid.
2429,91933/19683,1,91933/19683,1,mixed_fraction,This is a bounded computational sample. It does not prove the complete associate-class structure of the infinite monoid.
2430,91949/59049,1,91949/59049,1,mixed_fraction,This is a bounded computational sample. It does not prove the complete associate-class structure of the infinite monoid.
2431,92065/19683,1,92065/19683,1,mixed_fraction,This is a bounded computational sample. It does not prove the complete associate-class structure of the infinite monoid.
2432,92077/19683,1,92077/19683,1,mixed_fraction,This is a bounded computational sample. It does not prove the complete associate-class structure of the infinite monoid.
2433,92269/19683,1,92269/19683,1,mixed_fraction,This is a bounded computational sample. It does not prove the complete associate-class structure of the infinite monoid.
2434,92392/59049,1,92392/59049,1,mixed_fraction,This is a bounded computational sample. It does not prove the complete associate-class structure of the infinite monoid.
2435,92428/59049,1,92428/59049,1,mixed_fraction,This is a bounded computational sample. It does not prove the complete associate-class structure of the infinite monoid.
2436,92444/59049,1,92444/59049,1,mixed_fraction,This is a bounded computational sample. It does not prove the complete associate-class structure of the infinite monoid.
2437,92497/19683,1,92497/19683,1,mixed_fraction,This is a bounded computational sample. It does not prove the complete associate-class structure of the infinite monoid.
2438,92509/19683,1,92509/19683,1,mixed_fraction,This is a bounded computational sample. It does not prove the complete associate-class structure of the infinite monoid.
2439,92525/59049,1,92525/59049,1,mixed_fraction,This is a bounded computational sample. It does not prove the complete associate-class structure of the infinite monoid.
2440,92689/19683,1,92689/19683,1,mixed_fraction,This is a bounded computational sample. It does not prove the complete associate-class structure of the infinite monoid.
2441,92701/19683,1,92701/19683,1,mixed_fraction,This is a bounded computational sample. It does not prove the complete associate-class structure of the infinite monoid.
2442,92833/19683,1,92833/19683,1,mixed_fraction,This is a bounded computational sample. It does not prove the complete associate-class structure of the infinite monoid.
2443,92840/59049,1,92840/59049,1,mixed_fraction,This is a bounded computational sample. It does not prove the complete associate-class structure of the infinite monoid.
2444,92876/59049,1,92876/59049,1,mixed_fraction,This is a bounded computational sample. It does not prove the complete associate-class structure of the infinite monoid.
2445,92921/59049,1,92921/59049,1,mixed_fraction,This is a bounded computational sample. It does not prove the complete associate-class structure of the infinite monoid.
2446,93037/19683,1,93037/19683,1,mixed_fraction,This is a bounded computational sample. It does not prove the complete associate-class structure of the infinite monoid.
2447,93112/59049,1,93112/59049,1,mixed_fraction,This is a bounded computational sample. It does not prove the complete associate-class structure of the infinite monoid.
2448,93193/59049,1,93193/59049,1,mixed_fraction,This is a bounded computational sample. It does not prove the complete associate-class structure of the infinite monoid.
2449,93229/59049,1,93229/59049,1,mixed_fraction,This is a bounded computational sample. It does not prove the complete associate-class structure of the infinite monoid.
2450,93265/19683,1,93265/19683,1,mixed_fraction,This is a bounded computational sample. It does not prove the complete associate-class structure of the infinite monoid.
2451,93416/59049,1,93416/59049,1,mixed_fraction,This is a bounded computational sample. It does not prove the complete associate-class structure of the infinite monoid.
2452,93452/59049,1,93452/59049,1,mixed_fraction,This is a bounded computational sample. It does not prove the complete associate-class structure of the infinite monoid.
2453,93457/19683,1,93457/19683,1,mixed_fraction,This is a bounded computational sample. It does not prove the complete associate-class structure of the infinite monoid.
2454,93469/19683,1,93469/19683,1,mixed_fraction,This is a bounded computational sample. It does not prove the complete associate-class structure of the infinite monoid.
2455,93661/19683,1,93661/19683,1,mixed_fraction,This is a bounded computational sample. It does not prove the complete associate-class structure of the infinite monoid.
2456,93688/59049,1,93688/59049,1,mixed_fraction,This is a bounded computational sample. It does not prove the complete associate-class structure of the infinite monoid.
2457,93724/59049,1,93724/59049,1,mixed_fraction,This is a bounded computational sample. It does not prove the complete associate-class structure of the infinite monoid.
2458,93769/59049,1,93769/59049,1,mixed_fraction,This is a bounded computational sample. It does not prove the complete associate-class structure of the infinite monoid.
2459,93805/19683,1,93805/19683,1,mixed_fraction,This is a bounded computational sample. It does not prove the complete associate-class structure of the infinite monoid.
2460,93805/59049,1,93805/59049,1,mixed_fraction,This is a bounded computational sample. It does not prove the complete associate-class structure of the infinite monoid.
2461,94093/19683,1,94093/19683,1,mixed_fraction,This is a bounded computational sample. It does not prove the complete associate-class structure of the infinite monoid.
2462,94120/59049,1,94120/59049,1,mixed_fraction,This is a bounded computational sample. It does not prove the complete associate-class structure of the infinite monoid.
2463,94136/59049,1,94136/59049,1,mixed_fraction,This is a bounded computational sample. It does not prove the complete associate-class structure of the infinite monoid.
2464,94201/59049,1,94201/59049,1,mixed_fraction,This is a bounded computational sample. It does not prove the complete associate-class structure of the infinite monoid.
2465,94217/59049,1,94217/59049,1,mixed_fraction,This is a bounded computational sample. It does not prove the complete associate-class structure of the infinite monoid.
2466,94225/19683,1,94225/19683,1,mixed_fraction,This is a bounded computational sample. It does not prove the complete associate-class structure of the infinite monoid.
2467,94237/19683,1,94237/19683,1,mixed_fraction,This is a bounded computational sample. It does not prove the complete associate-class structure of the infinite monoid.
2468,94253/59049,1,94253/59049,1,mixed_fraction,This is a bounded computational sample. It does not prove the complete associate-class structure of the infinite monoid.
2469,94417/19683,1,94417/19683,1,mixed_fraction,This is a bounded computational sample. It does not prove the complete associate-class structure of the infinite monoid.
2470,94429/19683,1,94429/19683,1,mixed_fraction,This is a bounded computational sample. It does not prove the complete associate-class structure of the infinite monoid.
2471,94696/59049,1,94696/59049,1,mixed_fraction,This is a bounded computational sample. It does not prove the complete associate-class structure of the infinite monoid.
2472,94712/59049,1,94712/59049,1,mixed_fraction,This is a bounded computational sample. It does not prove the complete associate-class structure of the infinite monoid.
2473,94732/59049,1,94732/59049,1,mixed_fraction,This is a bounded computational sample. It does not prove the complete associate-class structure of the infinite monoid.
2474,94748/59049,1,94748/59049,1,mixed_fraction,This is a bounded computational sample. It does not prove the complete associate-class structure of the infinite monoid.
2475,94793/59049,1,94793/59049,1,mixed_fraction,This is a bounded computational sample. It does not prove the complete associate-class structure of the infinite monoid.
2476,94829/59049,1,94829/59049,1,mixed_fraction,This is a bounded computational sample. It does not prove the complete associate-class structure of the infinite monoid.
2477,94861/19683,1,94861/19683,1,mixed_fraction,This is a bounded computational sample. It does not prove the complete associate-class structure of the infinite monoid.
2478,94993/19683,1,94993/19683,1,mixed_fraction,This is a bounded computational sample. It does not prove the complete associate-class structure of the infinite monoid.
2479,95065/59049,1,95065/59049,1,mixed_fraction,This is a bounded computational sample. It does not prove the complete associate-class structure of the infinite monoid.
2480,95144/59049,1,95144/59049,1,mixed_fraction,This is a bounded computational sample. It does not prove the complete associate-class structure of the infinite monoid.
2481,95185/19683,1,95185/19683,1,mixed_fraction,This is a bounded computational sample. It does not prove the complete associate-class structure of the infinite monoid.
2482,95197/19683,1,95197/19683,1,mixed_fraction,This is a bounded computational sample. It does not prove the complete associate-class structure of the infinite monoid.
2483,95225/59049,1,95225/59049,1,mixed_fraction,This is a bounded computational sample. It does not prove the complete associate-class structure of the infinite monoid.
2484,95308/59049,1,95308/59049,1,mixed_fraction,This is a bounded computational sample. It does not prove the complete associate-class structure of the infinite monoid.
2485,95389/19683,1,95389/19683,1,mixed_fraction,This is a bounded computational sample. It does not prove the complete associate-class structure of the infinite monoid.
2486,95416/59049,1,95416/59049,1,mixed_fraction,This is a bounded computational sample. It does not prove the complete associate-class structure of the infinite monoid.
2487,95497/59049,1,95497/59049,1,mixed_fraction,This is a bounded computational sample. It does not prove the complete associate-class structure of the infinite monoid.
2488,95629/19683,1,95629/19683,1,mixed_fraction,This is a bounded computational sample. It does not prove the complete associate-class structure of the infinite monoid.
2489,95720/59049,1,95720/59049,1,mixed_fraction,This is a bounded computational sample. It does not prove the complete associate-class structure of the infinite monoid.
2490,95756/59049,1,95756/59049,1,mixed_fraction,This is a bounded computational sample. It does not prove the complete associate-class structure of the infinite monoid.
2491,95821/19683,1,95821/19683,1,mixed_fraction,This is a bounded computational sample. It does not prove the complete associate-class structure of the infinite monoid.
2492,95953/19683,1,95953/19683,1,mixed_fraction,This is a bounded computational sample. It does not prove the complete associate-class structure of the infinite monoid.
2493,95965/19683,1,95965/19683,1,mixed_fraction,This is a bounded computational sample. It does not prove the complete associate-class structure of the infinite monoid.
2494,95992/59049,1,95992/59049,1,mixed_fraction,This is a bounded computational sample. It does not prove the complete associate-class structure of the infinite monoid.
2495,96028/59049,1,96028/59049,1,mixed_fraction,This is a bounded computational sample. It does not prove the complete associate-class structure of the infinite monoid.
2496,96073/59049,1,96073/59049,1,mixed_fraction,This is a bounded computational sample. It does not prove the complete associate-class structure of the infinite monoid.
2497,96089/59049,1,96089/59049,1,mixed_fraction,This is a bounded computational sample. It does not prove the complete associate-class structure of the infinite monoid.
2498,96109/59049,1,96109/59049,1,mixed_fraction,This is a bounded computational sample. It does not prove the complete associate-class structure of the infinite monoid.
2499,96157/19683,1,96157/19683,1,mixed_fraction,This is a bounded computational sample. It does not prove the complete associate-class structure of the infinite monoid.
2500,96332/59049,1,96332/59049,1,mixed_fraction,This is a bounded computational sample. It does not prove the complete associate-class structure of the infinite monoid.
2501,96397/19683,1,96397/19683,1,mixed_fraction,This is a bounded computational sample. It does not prove the complete associate-class structure of the infinite monoid.
2502,96440/59049,1,96440/59049,1,mixed_fraction,This is a bounded computational sample. It does not prove the complete associate-class structure of the infinite monoid.
2503,96521/59049,1,96521/59049,1,mixed_fraction,This is a bounded computational sample. It does not prove the complete associate-class structure of the infinite monoid.
2504,96589/19683,1,96589/19683,1,mixed_fraction,This is a bounded computational sample. It does not prove the complete associate-class structure of the infinite monoid.
2505,96604/59049,1,96604/59049,1,mixed_fraction,This is a bounded computational sample. It does not prove the complete associate-class structure of the infinite monoid.
2506,96685/59049,1,96685/59049,1,mixed_fraction,This is a bounded computational sample. It does not prove the complete associate-class structure of the infinite monoid.
2507,96721/19683,1,96721/19683,1,mixed_fraction,This is a bounded computational sample. It does not prove the complete associate-class structure of the infinite monoid.
2508,96925/19683,1,96925/19683,1,mixed_fraction,This is a bounded computational sample. It does not prove the complete associate-class structure of the infinite monoid.
2509,97000/59049,1,97000/59049,1,mixed_fraction,This is a bounded computational sample. It does not prove the complete associate-class structure of the infinite monoid.
2510,97016/59049,1,97016/59049,1,mixed_fraction,This is a bounded computational sample. It does not prove the complete associate-class structure of the infinite monoid.
2511,97036/59049,1,97036/59049,1,mixed_fraction,This is a bounded computational sample. It does not prove the complete associate-class structure of the infinite monoid.
2512,97052/59049,1,97052/59049,1,mixed_fraction,This is a bounded computational sample. It does not prove the complete associate-class structure of the infinite monoid.
2513,97097/59049,1,97097/59049,1,mixed_fraction,This is a bounded computational sample. It does not prove the complete associate-class structure of the infinite monoid.
2514,97133/59049,1,97133/59049,1,mixed_fraction,This is a bounded computational sample. It does not prove the complete associate-class structure of the infinite monoid.
2515,97357/19683,1,97357/19683,1,mixed_fraction,This is a bounded computational sample. It does not prove the complete associate-class structure of the infinite monoid.
2516,97369/59049,1,97369/59049,1,mixed_fraction,This is a bounded computational sample. It does not prove the complete associate-class structure of the infinite monoid.
2517,97549/19683,1,97549/19683,1,mixed_fraction,This is a bounded computational sample. It does not prove the complete associate-class structure of the infinite monoid.
2518,97612/59049,1,97612/59049,1,mixed_fraction,This is a bounded computational sample. It does not prove the complete associate-class structure of the infinite monoid.
2519,97628/59049,1,97628/59049,1,mixed_fraction,This is a bounded computational sample. It does not prove the complete associate-class structure of the infinite monoid.
2520,97693/19683,1,97693/19683,1,mixed_fraction,This is a bounded computational sample. It does not prove the complete associate-class structure of the infinite monoid.
2521,97709/59049,1,97709/59049,1,mixed_fraction,This is a bounded computational sample. It does not prove the complete associate-class structure of the infinite monoid.
2522,97981/19683,1,97981/19683,1,mixed_fraction,This is a bounded computational sample. It does not prove the complete associate-class structure of the infinite monoid.
2523,97981/59049,1,97981/59049,1,mixed_fraction,This is a bounded computational sample. It does not prove the complete associate-class structure of the infinite monoid.
2524,98024/59049,1,98024/59049,1,mixed_fraction,This is a bounded computational sample. It does not prove the complete associate-class structure of the infinite monoid.
2525,98060/59049,1,98060/59049,1,mixed_fraction,This is a bounded computational sample. It does not prove the complete associate-class structure of the infinite monoid.
2526,98125/19683,1,98125/19683,1,mixed_fraction,This is a bounded computational sample. It does not prove the complete associate-class structure of the infinite monoid.
2527,98296/59049,1,98296/59049,1,mixed_fraction,This is a bounded computational sample. It does not prove the complete associate-class structure of the infinite monoid.
2528,98317/19683,1,98317/19683,1,mixed_fraction,This is a bounded computational sample. It does not prove the complete associate-class structure of the infinite monoid.
2529,98332/59049,1,98332/59049,1,mixed_fraction,This is a bounded computational sample. It does not prove the complete associate-class structure of the infinite monoid.
2530,98377/59049,1,98377/59049,1,mixed_fraction,This is a bounded computational sample. It does not prove the complete associate-class structure of the infinite monoid.
2531,98393/59049,1,98393/59049,1,mixed_fraction,This is a bounded computational sample. It does not prove the complete associate-class structure of the infinite monoid.
2532,98413/59049,1,98413/59049,1,mixed_fraction,This is a bounded computational sample. It does not prove the complete associate-class structure of the infinite monoid.
2533,98636/59049,1,98636/59049,1,mixed_fraction,This is a bounded computational sample. It does not prove the complete associate-class structure of the infinite monoid.
2534,98749/19683,1,98749/19683,1,mixed_fraction,This is a bounded computational sample. It does not prove the complete associate-class structure of the infinite monoid.
2535,98872/59049,1,98872/59049,1,mixed_fraction,This is a bounded computational sample. It does not prove the complete associate-class structure of the infinite monoid.
2536,98908/59049,1,98908/59049,1,mixed_fraction,This is a bounded computational sample. It does not prove the complete associate-class structure of the infinite monoid.
2537,98953/59049,1,98953/59049,1,mixed_fraction,This is a bounded computational sample. It does not prove the complete associate-class structure of the infinite monoid.
2538,98989/59049,1,98989/59049,1,mixed_fraction,This is a bounded computational sample. It does not prove the complete associate-class structure of the infinite monoid.
2539,99005/59049,1,99005/59049,1,mixed_fraction,This is a bounded computational sample. It does not prove the complete associate-class structure of the infinite monoid.
2540,99085/19683,1,99085/19683,1,mixed_fraction,This is a bounded computational sample. It does not prove the complete associate-class structure of the infinite monoid.
2541,99277/19683,1,99277/19683,1,mixed_fraction,This is a bounded computational sample. It does not prove the complete associate-class structure of the infinite monoid.
2542,99304/59049,1,99304/59049,1,mixed_fraction,This is a bounded computational sample. It does not prove the complete associate-class structure of the infinite monoid.
2543,99320/59049,1,99320/59049,1,mixed_fraction,This is a bounded computational sample. It does not prove the complete associate-class structure of the infinite monoid.
2544,99356/59049,1,99356/59049,1,mixed_fraction,This is a bounded computational sample. It does not prove the complete associate-class structure of the infinite monoid.
2545,99401/59049,1,99401/59049,1,mixed_fraction,This is a bounded computational sample. It does not prove the complete associate-class structure of the infinite monoid.
2546,99437/59049,1,99437/59049,1,mixed_fraction,This is a bounded computational sample. It does not prove the complete associate-class structure of the infinite monoid.
2547,99517/19683,1,99517/19683,1,mixed_fraction,This is a bounded computational sample. It does not prove the complete associate-class structure of the infinite monoid.
2548,99673/59049,1,99673/59049,1,mixed_fraction,This is a bounded computational sample. It does not prove the complete associate-class structure of the infinite monoid.
2549,99709/19683,1,99709/19683,1,mixed_fraction,This is a bounded computational sample. It does not prove the complete associate-class structure of the infinite monoid.
2550,99853/19683,1,99853/19683,1,mixed_fraction,This is a bounded computational sample. It does not prove the complete associate-class structure of the infinite monoid.
2551,99896/59049,1,99896/59049,1,mixed_fraction,This is a bounded computational sample. It does not prove the complete associate-class structure of the infinite monoid.
2552,99916/59049,1,99916/59049,1,mixed_fraction,This is a bounded computational sample. It does not prove the complete associate-class structure of the infinite monoid.
2553,99932/59049,1,99932/59049,1,mixed_fraction,This is a bounded computational sample. It does not prove the complete associate-class structure of the infinite monoid.
2554,99977/59049,1,99977/59049,1,mixed_fraction,This is a bounded computational sample. It does not prove the complete associate-class structure of the infinite monoid.
2555,100013/59049,1,100013/59049,1,mixed_fraction,This is a bounded computational sample. It does not prove the complete associate-class structure of the infinite monoid.
2556,100045/19683,1,100045/19683,1,mixed_fraction,This is a bounded computational sample. It does not prove the complete associate-class structure of the infinite monoid.
2557,100249/59049,1,100249/59049,1,mixed_fraction,This is a bounded computational sample. It does not prove the complete associate-class structure of the infinite monoid.
2558,100285/19683,1,100285/19683,1,mixed_fraction,This is a bounded computational sample. It does not prove the complete associate-class structure of the infinite monoid.
2559,100285/59049,1,100285/59049,1,mixed_fraction,This is a bounded computational sample. It does not prove the complete associate-class structure of the infinite monoid.
2560,100328/59049,1,100328/59049,1,mixed_fraction,This is a bounded computational sample. It does not prove the complete associate-class structure of the infinite monoid.
2561,100477/19683,1,100477/19683,1,mixed_fraction,This is a bounded computational sample. It does not prove the complete associate-class structure of the infinite monoid.
2562,100600/59049,1,100600/59049,1,mixed_fraction,This is a bounded computational sample. It does not prove the complete associate-class structure of the infinite monoid.
2563,100681/59049,1,100681/59049,1,mixed_fraction,This is a bounded computational sample. It does not prove the complete associate-class structure of the infinite monoid.
2564,100697/59049,1,100697/59049,1,mixed_fraction,This is a bounded computational sample. It does not prove the complete associate-class structure of the infinite monoid.
2565,100813/19683,1,100813/19683,1,mixed_fraction,This is a bounded computational sample. It does not prove the complete associate-class structure of the infinite monoid.
2566,100940/59049,1,100940/59049,1,mixed_fraction,This is a bounded computational sample. It does not prove the complete associate-class structure of the infinite monoid.
2567,101176/59049,1,101176/59049,1,mixed_fraction,This is a bounded computational sample. It does not prove the complete associate-class structure of the infinite monoid.
2568,101212/59049,1,101212/59049,1,mixed_fraction,This is a bounded computational sample. It does not prove the complete associate-class structure of the infinite monoid.
2569,101245/19683,1,101245/19683,1,mixed_fraction,This is a bounded computational sample. It does not prove the complete associate-class structure of the infinite monoid.
2570,101257/59049,1,101257/59049,1,mixed_fraction,This is a bounded computational sample. It does not prove the complete associate-class structure of the infinite monoid.
2571,101273/59049,1,101273/59049,1,mixed_fraction,This is a bounded computational sample. It does not prove the complete associate-class structure of the infinite monoid.
2572,101293/59049,1,101293/59049,1,mixed_fraction,This is a bounded computational sample. It does not prove the complete associate-class structure of the infinite monoid.
2573,101309/59049,1,101309/59049,1,mixed_fraction,This is a bounded computational sample. It does not prove the complete associate-class structure of the infinite monoid.
2574,101437/19683,1,101437/19683,1,mixed_fraction,This is a bounded computational sample. It does not prove the complete associate-class structure of the infinite monoid.
2575,101581/19683,1,101581/19683,1,mixed_fraction,This is a bounded computational sample. It does not prove the complete associate-class structure of the infinite monoid.
2576,101624/59049,1,101624/59049,1,mixed_fraction,This is a bounded computational sample. It does not prove the complete associate-class structure of the infinite monoid.
2577,101705/59049,1,101705/59049,1,mixed_fraction,This is a bounded computational sample. It does not prove the complete associate-class structure of the infinite monoid.
2578,101788/59049,1,101788/59049,1,mixed_fraction,This is a bounded computational sample. It does not prove the complete associate-class structure of the infinite monoid.
2579,101869/59049,1,101869/59049,1,mixed_fraction,This is a bounded computational sample. It does not prove the complete associate-class structure of the infinite monoid.
2580,101977/59049,1,101977/59049,1,mixed_fraction,This is a bounded computational sample. It does not prove the complete associate-class structure of the infinite monoid.
2581,102013/19683,1,102013/19683,1,mixed_fraction,This is a bounded computational sample. It does not prove the complete associate-class structure of the infinite monoid.
2582,102200/59049,1,102200/59049,1,mixed_fraction,This is a bounded computational sample. It does not prove the complete associate-class structure of the infinite monoid.
2583,102205/19683,1,102205/19683,1,mixed_fraction,This is a bounded computational sample. It does not prove the complete associate-class structure of the infinite monoid.
2584,102220/59049,1,102220/59049,1,mixed_fraction,This is a bounded computational sample. It does not prove the complete associate-class structure of the infinite monoid.
2585,102236/59049,1,102236/59049,1,mixed_fraction,This is a bounded computational sample. It does not prove the complete associate-class structure of the infinite monoid.
2586,102281/59049,1,102281/59049,1,mixed_fraction,This is a bounded computational sample. It does not prove the complete associate-class structure of the infinite monoid.
2587,102317/59049,1,102317/59049,1,mixed_fraction,This is a bounded computational sample. It does not prove the complete associate-class structure of the infinite monoid.
2588,102553/59049,1,102553/59049,1,mixed_fraction,This is a bounded computational sample. It does not prove the complete associate-class structure of the infinite monoid.
2589,102589/59049,1,102589/59049,1,mixed_fraction,This is a bounded computational sample. It does not prove the complete associate-class structure of the infinite monoid.
2590,102812/59049,1,102812/59049,1,mixed_fraction,This is a bounded computational sample. It does not prove the complete associate-class structure of the infinite monoid.
2591,102893/59049,1,102893/59049,1,mixed_fraction,This is a bounded computational sample. It does not prove the complete associate-class structure of the infinite monoid.
2592,102973/19683,1,102973/19683,1,mixed_fraction,This is a bounded computational sample. It does not prove the complete associate-class structure of the infinite monoid.
2593,103001/59049,1,103001/59049,1,mixed_fraction,This is a bounded computational sample. It does not prove the complete associate-class structure of the infinite monoid.
2594,103084/59049,1,103084/59049,1,mixed_fraction,This is a bounded computational sample. It does not prove the complete associate-class structure of the infinite monoid.
2595,103165/19683,1,103165/19683,1,mixed_fraction,This is a bounded computational sample. It does not prove the complete associate-class structure of the infinite monoid.
2596,103165/59049,1,103165/59049,1,mixed_fraction,This is a bounded computational sample. It does not prove the complete associate-class structure of the infinite monoid.
2597,103244/59049,1,103244/59049,1,mixed_fraction,This is a bounded computational sample. It does not prove the complete associate-class structure of the infinite monoid.
2598,103480/59049,1,103480/59049,1,mixed_fraction,This is a bounded computational sample. It does not prove the complete associate-class structure of the infinite monoid.
2599,103516/59049,1,103516/59049,1,mixed_fraction,This is a bounded computational sample. It does not prove the complete associate-class structure of the infinite monoid.
2600,103561/59049,1,103561/59049,1,mixed_fraction,This is a bounded computational sample. It does not prove the complete associate-class structure of the infinite monoid.
2601,103577/59049,1,103577/59049,1,mixed_fraction,This is a bounded computational sample. It does not prove the complete associate-class structure of the infinite monoid.
2602,103597/59049,1,103597/59049,1,mixed_fraction,This is a bounded computational sample. It does not prove the complete associate-class structure of the infinite monoid.
2603,103613/59049,1,103613/59049,1,mixed_fraction,This is a bounded computational sample. It does not prove the complete associate-class structure of the infinite monoid.
2604,103741/19683,1,103741/19683,1,mixed_fraction,This is a bounded computational sample. It does not prove the complete associate-class structure of the infinite monoid.
2605,103933/19683,1,103933/19683,1,mixed_fraction,This is a bounded computational sample. It does not prove the complete associate-class structure of the infinite monoid.
2606,104056/59049,1,104056/59049,1,mixed_fraction,This is a bounded computational sample. It does not prove the complete associate-class structure of the infinite monoid.
2607,104092/59049,1,104092/59049,1,mixed_fraction,This is a bounded computational sample. It does not prove the complete associate-class structure of the infinite monoid.
2608,104108/59049,1,104108/59049,1,mixed_fraction,This is a bounded computational sample. It does not prove the complete associate-class structure of the infinite monoid.
2609,104173/59049,1,104173/59049,1,mixed_fraction,This is a bounded computational sample. It does not prove the complete associate-class structure of the infinite monoid.
2610,104189/59049,1,104189/59049,1,mixed_fraction,This is a bounded computational sample. It does not prove the complete associate-class structure of the infinite monoid.
2611,104504/59049,1,104504/59049,1,mixed_fraction,This is a bounded computational sample. It does not prove the complete associate-class structure of the infinite monoid.
2612,104540/59049,1,104540/59049,1,mixed_fraction,This is a bounded computational sample. It does not prove the complete associate-class structure of the infinite monoid.
2613,104585/59049,1,104585/59049,1,mixed_fraction,This is a bounded computational sample. It does not prove the complete associate-class structure of the infinite monoid.
2614,104621/59049,1,104621/59049,1,mixed_fraction,This is a bounded computational sample. It does not prove the complete associate-class structure of the infinite monoid.
2615,104701/19683,1,104701/19683,1,mixed_fraction,This is a bounded computational sample. It does not prove the complete associate-class structure of the infinite monoid.
2616,104857/59049,1,104857/59049,1,mixed_fraction,This is a bounded computational sample. It does not prove the complete associate-class structure of the infinite monoid.
2617,104893/59049,1,104893/59049,1,mixed_fraction,This is a bounded computational sample. It does not prove the complete associate-class structure of the infinite monoid.
2618,105080/59049,1,105080/59049,1,mixed_fraction,This is a bounded computational sample. It does not prove the complete associate-class structure of the infinite monoid.
2619,105116/59049,1,105116/59049,1,mixed_fraction,This is a bounded computational sample. It does not prove the complete associate-class structure of the infinite monoid.
2620,105197/59049,1,105197/59049,1,mixed_fraction,This is a bounded computational sample. It does not prove the complete associate-class structure of the infinite monoid.
2621,105388/59049,1,105388/59049,1,mixed_fraction,This is a bounded computational sample. It does not prove the complete associate-class structure of the infinite monoid.
2622,105433/59049,1,105433/59049,1,mixed_fraction,This is a bounded computational sample. It does not prove the complete associate-class structure of the infinite monoid.
2623,105469/19683,1,105469/19683,1,mixed_fraction,This is a bounded computational sample. It does not prove the complete associate-class structure of the infinite monoid.
2624,105469/59049,1,105469/59049,1,mixed_fraction,This is a bounded computational sample. It does not prove the complete associate-class structure of the infinite monoid.
2625,105784/59049,1,105784/59049,1,mixed_fraction,This is a bounded computational sample. It does not prove the complete associate-class structure of the infinite monoid.
2626,105865/59049,1,105865/59049,1,mixed_fraction,This is a bounded computational sample. It does not prove the complete associate-class structure of the infinite monoid.
2627,105881/59049,1,105881/59049,1,mixed_fraction,This is a bounded computational sample. It does not prove the complete associate-class structure of the infinite monoid.
2628,105917/59049,1,105917/59049,1,mixed_fraction,This is a bounded computational sample. It does not prove the complete associate-class structure of the infinite monoid.
2629,106360/59049,1,106360/59049,1,mixed_fraction,This is a bounded computational sample. It does not prove the complete associate-class structure of the infinite monoid.
2630,106396/59049,1,106396/59049,1,mixed_fraction,This is a bounded computational sample. It does not prove the complete associate-class structure of the infinite monoid.
2631,106412/59049,1,106412/59049,1,mixed_fraction,This is a bounded computational sample. It does not prove the complete associate-class structure of the infinite monoid.
2632,106457/59049,1,106457/59049,1,mixed_fraction,This is a bounded computational sample. It does not prove the complete associate-class structure of the infinite monoid.
2633,106477/59049,1,106477/59049,1,mixed_fraction,This is a bounded computational sample. It does not prove the complete associate-class structure of the infinite monoid.
2634,106493/59049,1,106493/59049,1,mixed_fraction,This is a bounded computational sample. It does not prove the complete associate-class structure of the infinite monoid.
2635,106808/59049,1,106808/59049,1,mixed_fraction,This is a bounded computational sample. It does not prove the complete associate-class structure of the infinite monoid.
2636,106889/59049,1,106889/59049,1,mixed_fraction,This is a bounded computational sample. It does not prove the complete associate-class structure of the infinite monoid.
2637,106972/59049,1,106972/59049,1,mixed_fraction,This is a bounded computational sample. It does not prove the complete associate-class structure of the infinite monoid.
2638,107161/59049,1,107161/59049,1,mixed_fraction,This is a bounded computational sample. It does not prove the complete associate-class structure of the infinite monoid.
2639,107384/59049,1,107384/59049,1,mixed_fraction,This is a bounded computational sample. It does not prove the complete associate-class structure of the infinite monoid.
2640,107420/59049,1,107420/59049,1,mixed_fraction,This is a bounded computational sample. It does not prove the complete associate-class structure of the infinite monoid.
2641,107501/59049,1,107501/59049,1,mixed_fraction,This is a bounded computational sample. It does not prove the complete associate-class structure of the infinite monoid.
2642,107692/59049,1,107692/59049,1,mixed_fraction,This is a bounded computational sample. It does not prove the complete associate-class structure of the infinite monoid.
2643,107737/59049,1,107737/59049,1,mixed_fraction,This is a bounded computational sample. It does not prove the complete associate-class structure of the infinite monoid.
2644,107773/59049,1,107773/59049,1,mixed_fraction,This is a bounded computational sample. It does not prove the complete associate-class structure of the infinite monoid.
2645,107996/59049,1,107996/59049,1,mixed_fraction,This is a bounded computational sample. It does not prove the complete associate-class structure of the infinite monoid.
2646,108185/59049,1,108185/59049,1,mixed_fraction,This is a bounded computational sample. It does not prove the complete associate-class structure of the infinite monoid.
2647,108268/59049,1,108268/59049,1,mixed_fraction,This is a bounded computational sample. It does not prove the complete associate-class structure of the infinite monoid.
2648,108349/59049,1,108349/59049,1,mixed_fraction,This is a bounded computational sample. It does not prove the complete associate-class structure of the infinite monoid.
2649,108664/59049,1,108664/59049,1,mixed_fraction,This is a bounded computational sample. It does not prove the complete associate-class structure of the infinite monoid.
2650,108700/59049,1,108700/59049,1,mixed_fraction,This is a bounded computational sample. It does not prove the complete associate-class structure of the infinite monoid.
2651,108716/59049,1,108716/59049,1,mixed_fraction,This is a bounded computational sample. It does not prove the complete associate-class structure of the infinite monoid.
2652,108761/59049,1,108761/59049,1,mixed_fraction,This is a bounded computational sample. It does not prove the complete associate-class structure of the infinite monoid.
2653,108781/59049,1,108781/59049,1,mixed_fraction,This is a bounded computational sample. It does not prove the complete associate-class structure of the infinite monoid.
2654,108797/59049,1,108797/59049,1,mixed_fraction,This is a bounded computational sample. It does not prove the complete associate-class structure of the infinite monoid.
2655,109276/59049,1,109276/59049,1,mixed_fraction,This is a bounded computational sample. It does not prove the complete associate-class structure of the infinite monoid.
2656,109292/59049,1,109292/59049,1,mixed_fraction,This is a bounded computational sample. It does not prove the complete associate-class structure of the infinite monoid.
2657,109373/59049,1,109373/59049,1,mixed_fraction,This is a bounded computational sample. It does not prove the complete associate-class structure of the infinite monoid.
2658,109645/59049,1,109645/59049,1,mixed_fraction,This is a bounded computational sample. It does not prove the complete associate-class structure of the infinite monoid.
2659,109688/59049,1,109688/59049,1,mixed_fraction,This is a bounded computational sample. It does not prove the complete associate-class structure of the infinite monoid.
2660,109724/59049,1,109724/59049,1,mixed_fraction,This is a bounded computational sample. It does not prove the complete associate-class structure of the infinite monoid.
2661,109805/59049,1,109805/59049,1,mixed_fraction,This is a bounded computational sample. It does not prove the complete associate-class structure of the infinite monoid.
2662,109996/59049,1,109996/59049,1,mixed_fraction,This is a bounded computational sample. It does not prove the complete associate-class structure of the infinite monoid.
2663,110041/59049,1,110041/59049,1,mixed_fraction,This is a bounded computational sample. It does not prove the complete associate-class structure of the infinite monoid.
2664,110077/59049,1,110077/59049,1,mixed_fraction,This is a bounded computational sample. It does not prove the complete associate-class structure of the infinite monoid.
2665,110300/59049,1,110300/59049,1,mixed_fraction,This is a bounded computational sample. It does not prove the complete associate-class structure of the infinite monoid.
2666,110572/59049,1,110572/59049,1,mixed_fraction,This is a bounded computational sample. It does not prove the complete associate-class structure of the infinite monoid.
2667,110617/59049,1,110617/59049,1,mixed_fraction,This is a bounded computational sample. It does not prove the complete associate-class structure of the infinite monoid.
2668,110653/59049,1,110653/59049,1,mixed_fraction,This is a bounded computational sample. It does not prove the complete associate-class structure of the infinite monoid.
2669,110669/59049,1,110669/59049,1,mixed_fraction,This is a bounded computational sample. It does not prove the complete associate-class structure of the infinite monoid.
2670,110968/59049,1,110968/59049,1,mixed_fraction,This is a bounded computational sample. It does not prove the complete associate-class structure of the infinite monoid.
2671,111020/59049,1,111020/59049,1,mixed_fraction,This is a bounded computational sample. It does not prove the complete associate-class structure of the infinite monoid.
2672,111065/59049,1,111065/59049,1,mixed_fraction,This is a bounded computational sample. It does not prove the complete associate-class structure of the infinite monoid.
2673,111101/59049,1,111101/59049,1,mixed_fraction,This is a bounded computational sample. It does not prove the complete associate-class structure of the infinite monoid.
2674,111580/59049,1,111580/59049,1,mixed_fraction,This is a bounded computational sample. It does not prove the complete associate-class structure of the infinite monoid.
2675,111596/59049,1,111596/59049,1,mixed_fraction,This is a bounded computational sample. It does not prove the complete associate-class structure of the infinite monoid.
2676,111641/59049,1,111641/59049,1,mixed_fraction,This is a bounded computational sample. It does not prove the complete associate-class structure of the infinite monoid.
2677,111677/59049,1,111677/59049,1,mixed_fraction,This is a bounded computational sample. It does not prove the complete associate-class structure of the infinite monoid.
2678,111949/59049,1,111949/59049,1,mixed_fraction,This is a bounded computational sample. It does not prove the complete associate-class structure of the infinite monoid.
2679,111992/59049,1,111992/59049,1,mixed_fraction,This is a bounded computational sample. It does not prove the complete associate-class structure of the infinite monoid.
2680,112345/59049,1,112345/59049,1,mixed_fraction,This is a bounded computational sample. It does not prove the complete associate-class structure of the infinite monoid.
2681,112561/59049,1,112561/59049,1,mixed_fraction,This is a bounded computational sample. It does not prove the complete associate-class structure of the infinite monoid.
2682,112604/59049,1,112604/59049,1,mixed_fraction,This is a bounded computational sample. It does not prove the complete associate-class structure of the infinite monoid.
2683,112876/59049,1,112876/59049,1,mixed_fraction,This is a bounded computational sample. It does not prove the complete associate-class structure of the infinite monoid.
2684,112921/59049,1,112921/59049,1,mixed_fraction,This is a bounded computational sample. It does not prove the complete associate-class structure of the infinite monoid.
2685,112957/59049,1,112957/59049,1,mixed_fraction,This is a bounded computational sample. It does not prove the complete associate-class structure of the infinite monoid.
2686,112973/59049,1,112973/59049,1,mixed_fraction,This is a bounded computational sample. It does not prove the complete associate-class structure of the infinite monoid.
2687,113369/59049,1,113369/59049,1,mixed_fraction,This is a bounded computational sample. It does not prove the complete associate-class structure of the infinite monoid.
2688,113452/59049,1,113452/59049,1,mixed_fraction,This is a bounded computational sample. It does not prove the complete associate-class structure of the infinite monoid.
2689,113533/59049,1,113533/59049,1,mixed_fraction,This is a bounded computational sample. It does not prove the complete associate-class structure of the infinite monoid.
2690,113585/59049,1,113585/59049,1,mixed_fraction,This is a bounded computational sample. It does not prove the complete associate-class structure of the infinite monoid.
2691,113884/59049,1,113884/59049,1,mixed_fraction,This is a bounded computational sample. It does not prove the complete associate-class structure of the infinite monoid.
2692,113900/59049,1,113900/59049,1,mixed_fraction,This is a bounded computational sample. It does not prove the complete associate-class structure of the infinite monoid.
2693,113945/59049,1,113945/59049,1,mixed_fraction,This is a bounded computational sample. It does not prove the complete associate-class structure of the infinite monoid.
2694,113981/59049,1,113981/59049,1,mixed_fraction,This is a bounded computational sample. It does not prove the complete associate-class structure of the infinite monoid.
2695,114253/59049,1,114253/59049,1,mixed_fraction,This is a bounded computational sample. It does not prove the complete associate-class structure of the infinite monoid.
2696,114476/59049,1,114476/59049,1,mixed_fraction,This is a bounded computational sample. It does not prove the complete associate-class structure of the infinite monoid.
2697,114557/59049,1,114557/59049,1,mixed_fraction,This is a bounded computational sample. It does not prove the complete associate-class structure of the infinite monoid.
2698,114748/59049,1,114748/59049,1,mixed_fraction,This is a bounded computational sample. It does not prove the complete associate-class structure of the infinite monoid.
2699,114829/59049,1,114829/59049,1,mixed_fraction,This is a bounded computational sample. It does not prove the complete associate-class structure of the infinite monoid.
2700,114865/59049,1,114865/59049,1,mixed_fraction,This is a bounded computational sample. It does not prove the complete associate-class structure of the infinite monoid.
2701,114908/59049,1,114908/59049,1,mixed_fraction,This is a bounded computational sample. It does not prove the complete associate-class structure of the infinite monoid.
2702,115180/59049,1,115180/59049,1,mixed_fraction,This is a bounded computational sample. It does not prove the complete associate-class structure of the infinite monoid.
2703,115225/59049,1,115225/59049,1,mixed_fraction,This is a bounded computational sample. It does not prove the complete associate-class structure of the infinite monoid.
2704,115261/59049,1,115261/59049,1,mixed_fraction,This is a bounded computational sample. It does not prove the complete associate-class structure of the infinite monoid.
2705,115277/59049,1,115277/59049,1,mixed_fraction,This is a bounded computational sample. It does not prove the complete associate-class structure of the infinite monoid.
2706,115756/59049,1,115756/59049,1,mixed_fraction,This is a bounded computational sample. It does not prove the complete associate-class structure of the infinite monoid.
2707,115772/59049,1,115772/59049,1,mixed_fraction,This is a bounded computational sample. It does not prove the complete associate-class structure of the infinite monoid.
2708,115837/59049,1,115837/59049,1,mixed_fraction,This is a bounded computational sample. It does not prove the complete associate-class structure of the infinite monoid.
2709,115853/59049,1,115853/59049,1,mixed_fraction,This is a bounded computational sample. It does not prove the complete associate-class structure of the infinite monoid.
2710,115889/59049,1,115889/59049,1,mixed_fraction,This is a bounded computational sample. It does not prove the complete associate-class structure of the infinite monoid.
2711,116204/59049,1,116204/59049,1,mixed_fraction,This is a bounded computational sample. It does not prove the complete associate-class structure of the infinite monoid.
2712,116249/59049,1,116249/59049,1,mixed_fraction,This is a bounded computational sample. It does not prove the complete associate-class structure of the infinite monoid.
2713,116285/59049,1,116285/59049,1,mixed_fraction,This is a bounded computational sample. It does not prove the complete associate-class structure of the infinite monoid.
2714,116557/59049,1,116557/59049,1,mixed_fraction,This is a bounded computational sample. It does not prove the complete associate-class structure of the infinite monoid.
2715,116780/59049,1,116780/59049,1,mixed_fraction,This is a bounded computational sample. It does not prove the complete associate-class structure of the infinite monoid.
2716,116861/59049,1,116861/59049,1,mixed_fraction,This is a bounded computational sample. It does not prove the complete associate-class structure of the infinite monoid.
2717,117052/59049,1,117052/59049,1,mixed_fraction,This is a bounded computational sample. It does not prove the complete associate-class structure of the infinite monoid.
2718,117133/59049,1,117133/59049,1,mixed_fraction,This is a bounded computational sample. It does not prove the complete associate-class structure of the infinite monoid.
2719,117169/59049,1,117169/59049,1,mixed_fraction,This is a bounded computational sample. It does not prove the complete associate-class structure of the infinite monoid.
2720,117529/59049,1,117529/59049,1,mixed_fraction,This is a bounded computational sample. It does not prove the complete associate-class structure of the infinite monoid.
2721,117581/59049,1,117581/59049,1,mixed_fraction,This is a bounded computational sample. It does not prove the complete associate-class structure of the infinite monoid.
2722,117745/59049,1,117745/59049,1,mixed_fraction,This is a bounded computational sample. It does not prove the complete associate-class structure of the infinite monoid.
2723,118060/59049,1,118060/59049,1,mixed_fraction,This is a bounded computational sample. It does not prove the complete associate-class structure of the infinite monoid.
2724,118076/59049,1,118076/59049,1,mixed_fraction,This is a bounded computational sample. It does not prove the complete associate-class structure of the infinite monoid.
2725,118141/59049,1,118141/59049,1,mixed_fraction,This is a bounded computational sample. It does not prove the complete associate-class structure of the infinite monoid.
2726,118157/59049,1,118157/59049,1,mixed_fraction,This is a bounded computational sample. It does not prove the complete associate-class structure of the infinite monoid.
2727,118193/59049,1,118193/59049,1,mixed_fraction,This is a bounded computational sample. It does not prove the complete associate-class structure of the infinite monoid.
2728,118553/59049,1,118553/59049,1,mixed_fraction,This is a bounded computational sample. It does not prove the complete associate-class structure of the infinite monoid.
2729,118636/59049,1,118636/59049,1,mixed_fraction,This is a bounded computational sample. It does not prove the complete associate-class structure of the infinite monoid.
2730,118769/59049,1,118769/59049,1,mixed_fraction,This is a bounded computational sample. It does not prove the complete associate-class structure of the infinite monoid.
2731,119084/59049,1,119084/59049,1,mixed_fraction,This is a bounded computational sample. It does not prove the complete associate-class structure of the infinite monoid.
2732,119122/59049,1,119122/59049,1,mixed_fraction,This is a bounded computational sample. It does not prove the complete associate-class structure of the infinite monoid.
2733,119165/59049,1,119165/59049,1,mixed_fraction,This is a bounded computational sample. It does not prove the complete associate-class structure of the infinite monoid.
2734,119356/59049,1,119356/59049,1,mixed_fraction,This is a bounded computational sample. It does not prove the complete associate-class structure of the infinite monoid.
2735,119437/59049,1,119437/59049,1,mixed_fraction,This is a bounded computational sample. It does not prove the complete associate-class structure of the infinite monoid.
2736,119473/59049,1,119473/59049,1,mixed_fraction,This is a bounded computational sample. It does not prove the complete associate-class structure of the infinite monoid.
2737,119660/59049,1,119660/59049,1,mixed_fraction,This is a bounded computational sample. It does not prove the complete associate-class structure of the infinite monoid.
2738,119932/59049,1,119932/59049,1,mixed_fraction,This is a bounded computational sample. It does not prove the complete associate-class structure of the infinite monoid.
2739,120013/59049,1,120013/59049,1,mixed_fraction,This is a bounded computational sample. It does not prove the complete associate-class structure of the infinite monoid.
2740,120049/59049,1,120049/59049,1,mixed_fraction,This is a bounded computational sample. It does not prove the complete associate-class structure of the infinite monoid.
2741,120146/59049,1,120146/59049,1,mixed_fraction,This is a bounded computational sample. It does not prove the complete associate-class structure of the infinite monoid.
2742,120364/59049,1,120364/59049,1,mixed_fraction,This is a bounded computational sample. It does not prove the complete associate-class structure of the infinite monoid.
2743,120380/59049,1,120380/59049,1,mixed_fraction,This is a bounded computational sample. It does not prove the complete associate-class structure of the infinite monoid.
2744,120445/59049,1,120445/59049,1,mixed_fraction,This is a bounded computational sample. It does not prove the complete associate-class structure of the infinite monoid.
2745,120461/59049,1,120461/59049,1,mixed_fraction,This is a bounded computational sample. It does not prove the complete associate-class structure of the infinite monoid.
2746,120497/59049,1,120497/59049,1,mixed_fraction,This is a bounded computational sample. It does not prove the complete associate-class structure of the infinite monoid.
2747,120940/59049,1,120940/59049,1,mixed_fraction,This is a bounded computational sample. It does not prove the complete associate-class structure of the infinite monoid.
2748,120956/59049,1,120956/59049,1,mixed_fraction,This is a bounded computational sample. It does not prove the complete associate-class structure of the infinite monoid.
2749,121037/59049,1,121037/59049,1,mixed_fraction,This is a bounded computational sample. It does not prove the complete associate-class structure of the infinite monoid.
2750,121073/59049,1,121073/59049,1,mixed_fraction,This is a bounded computational sample. It does not prove the complete associate-class structure of the infinite monoid.
2751,121309/59049,1,121309/59049,1,mixed_fraction,This is a bounded computational sample. It does not prove the complete associate-class structure of the infinite monoid.
2752,121388/59049,1,121388/59049,1,mixed_fraction,This is a bounded computational sample. It does not prove the complete associate-class structure of the infinite monoid.
2753,121426/59049,1,121426/59049,1,mixed_fraction,This is a bounded computational sample. It does not prove the complete associate-class structure of the infinite monoid.
2754,121469/59049,1,121469/59049,1,mixed_fraction,This is a bounded computational sample. It does not prove the complete associate-class structure of the infinite monoid.
2755,121660/59049,1,121660/59049,1,mixed_fraction,This is a bounded computational sample. It does not prove the complete associate-class structure of the infinite monoid.
2756,121741/59049,1,121741/59049,1,mixed_fraction,This is a bounded computational sample. It does not prove the complete associate-class structure of the infinite monoid.
2757,121964/59049,1,121964/59049,1,mixed_fraction,This is a bounded computational sample. It does not prove the complete associate-class structure of the infinite monoid.
2758,122236/59049,1,122236/59049,1,mixed_fraction,This is a bounded computational sample. It does not prove the complete associate-class structure of the infinite monoid.
2759,122317/59049,1,122317/59049,1,mixed_fraction,This is a bounded computational sample. It does not prove the complete associate-class structure of the infinite monoid.
2760,122333/59049,1,122333/59049,1,mixed_fraction,This is a bounded computational sample. It does not prove the complete associate-class structure of the infinite monoid.
2761,122353/59049,1,122353/59049,1,mixed_fraction,This is a bounded computational sample. It does not prove the complete associate-class structure of the infinite monoid.
2762,122450/59049,1,122450/59049,1,mixed_fraction,This is a bounded computational sample. It does not prove the complete associate-class structure of the infinite monoid.
2763,122684/59049,1,122684/59049,1,mixed_fraction,This is a bounded computational sample. It does not prove the complete associate-class structure of the infinite monoid.
2764,122765/59049,1,122765/59049,1,mixed_fraction,This is a bounded computational sample. It does not prove the complete associate-class structure of the infinite monoid.
2765,122929/59049,1,122929/59049,1,mixed_fraction,This is a bounded computational sample. It does not prove the complete associate-class structure of the infinite monoid.
2766,123244/59049,1,123244/59049,1,mixed_fraction,This is a bounded computational sample. It does not prove the complete associate-class structure of the infinite monoid.
2767,123260/59049,1,123260/59049,1,mixed_fraction,This is a bounded computational sample. It does not prove the complete associate-class structure of the infinite monoid.
2768,123341/59049,1,123341/59049,1,mixed_fraction,This is a bounded computational sample. It does not prove the complete associate-class structure of the infinite monoid.
2769,123377/59049,1,123377/59049,1,mixed_fraction,This is a bounded computational sample. It does not prove the complete associate-class structure of the infinite monoid.
2770,123613/59049,1,123613/59049,1,mixed_fraction,This is a bounded computational sample. It does not prove the complete associate-class structure of the infinite monoid.
2771,123730/59049,1,123730/59049,1,mixed_fraction,This is a bounded computational sample. It does not prove the complete associate-class structure of the infinite monoid.
2772,123953/59049,1,123953/59049,1,mixed_fraction,This is a bounded computational sample. It does not prove the complete associate-class structure of the infinite monoid.
2773,124225/59049,1,124225/59049,1,mixed_fraction,This is a bounded computational sample. It does not prove the complete associate-class structure of the infinite monoid.
2774,124268/59049,1,124268/59049,1,mixed_fraction,This is a bounded computational sample. It does not prove the complete associate-class structure of the infinite monoid.
2775,124306/59049,1,124306/59049,1,mixed_fraction,This is a bounded computational sample. It does not prove the complete associate-class structure of the infinite monoid.
2776,124540/59049,1,124540/59049,1,mixed_fraction,This is a bounded computational sample. It does not prove the complete associate-class structure of the infinite monoid.
2777,124621/59049,1,124621/59049,1,mixed_fraction,This is a bounded computational sample. It does not prove the complete associate-class structure of the infinite monoid.
2778,124637/59049,1,124637/59049,1,mixed_fraction,This is a bounded computational sample. It does not prove the complete associate-class structure of the infinite monoid.
2779,124657/59049,1,124657/59049,1,mixed_fraction,This is a bounded computational sample. It does not prove the complete associate-class structure of the infinite monoid.
2780,124754/59049,1,124754/59049,1,mixed_fraction,This is a bounded computational sample. It does not prove the complete associate-class structure of the infinite monoid.
2781,125116/59049,1,125116/59049,1,mixed_fraction,This is a bounded computational sample. It does not prove the complete associate-class structure of the infinite monoid.
2782,125197/59049,1,125197/59049,1,mixed_fraction,This is a bounded computational sample. It does not prove the complete associate-class structure of the infinite monoid.
2783,125233/59049,1,125233/59049,1,mixed_fraction,This is a bounded computational sample. It does not prove the complete associate-class structure of the infinite monoid.
2784,125249/59049,1,125249/59049,1,mixed_fraction,This is a bounded computational sample. It does not prove the complete associate-class structure of the infinite monoid.
2785,125330/59049,1,125330/59049,1,mixed_fraction,This is a bounded computational sample. It does not prove the complete associate-class structure of the infinite monoid.
2786,125548/59049,1,125548/59049,1,mixed_fraction,This is a bounded computational sample. It does not prove the complete associate-class structure of the infinite monoid.
2787,125564/59049,1,125564/59049,1,mixed_fraction,This is a bounded computational sample. It does not prove the complete associate-class structure of the infinite monoid.
2788,125645/59049,1,125645/59049,1,mixed_fraction,This is a bounded computational sample. It does not prove the complete associate-class structure of the infinite monoid.
2789,125681/59049,1,125681/59049,1,mixed_fraction,This is a bounded computational sample. It does not prove the complete associate-class structure of the infinite monoid.
2790,125917/59049,1,125917/59049,1,mixed_fraction,This is a bounded computational sample. It does not prove the complete associate-class structure of the infinite monoid.
2791,126034/59049,1,126034/59049,1,mixed_fraction,This is a bounded computational sample. It does not prove the complete associate-class structure of the infinite monoid.
2792,126140/59049,1,126140/59049,1,mixed_fraction,This is a bounded computational sample. It does not prove the complete associate-class structure of the infinite monoid.
2793,126221/59049,1,126221/59049,1,mixed_fraction,This is a bounded computational sample. It does not prove the complete associate-class structure of the infinite monoid.
2794,126257/59049,1,126257/59049,1,mixed_fraction,This is a bounded computational sample. It does not prove the complete associate-class structure of the infinite monoid.
2795,126493/59049,1,126493/59049,1,mixed_fraction,This is a bounded computational sample. It does not prove the complete associate-class structure of the infinite monoid.
2796,126529/59049,1,126529/59049,1,mixed_fraction,This is a bounded computational sample. It does not prove the complete associate-class structure of the infinite monoid.
2797,126572/59049,1,126572/59049,1,mixed_fraction,This is a bounded computational sample. It does not prove the complete associate-class structure of the infinite monoid.
2798,126610/59049,1,126610/59049,1,mixed_fraction,This is a bounded computational sample. It does not prove the complete associate-class structure of the infinite monoid.
2799,126844/59049,1,126844/59049,1,mixed_fraction,This is a bounded computational sample. It does not prove the complete associate-class structure of the infinite monoid.
2800,126925/59049,1,126925/59049,1,mixed_fraction,This is a bounded computational sample. It does not prove the complete associate-class structure of the infinite monoid.
2801,126941/59049,1,126941/59049,1,mixed_fraction,This is a bounded computational sample. It does not prove the complete associate-class structure of the infinite monoid.
2802,127058/59049,1,127058/59049,1,mixed_fraction,This is a bounded computational sample. It does not prove the complete associate-class structure of the infinite monoid.
2803,127420/59049,1,127420/59049,1,mixed_fraction,This is a bounded computational sample. It does not prove the complete associate-class structure of the infinite monoid.
2804,127501/59049,1,127501/59049,1,mixed_fraction,This is a bounded computational sample. It does not prove the complete associate-class structure of the infinite monoid.
2805,127517/59049,1,127517/59049,1,mixed_fraction,This is a bounded computational sample. It does not prove the complete associate-class structure of the infinite monoid.
2806,127537/59049,1,127537/59049,1,mixed_fraction,This is a bounded computational sample. It does not prove the complete associate-class structure of the infinite monoid.
2807,127553/59049,1,127553/59049,1,mixed_fraction,This is a bounded computational sample. It does not prove the complete associate-class structure of the infinite monoid.
2808,127634/59049,1,127634/59049,1,mixed_fraction,This is a bounded computational sample. It does not prove the complete associate-class structure of the infinite monoid.
2809,127868/59049,1,127868/59049,1,mixed_fraction,This is a bounded computational sample. It does not prove the complete associate-class structure of the infinite monoid.
2810,127949/59049,1,127949/59049,1,mixed_fraction,This is a bounded computational sample. It does not prove the complete associate-class structure of the infinite monoid.
2811,128113/59049,1,128113/59049,1,mixed_fraction,This is a bounded computational sample. It does not prove the complete associate-class structure of the infinite monoid.
2812,128221/59049,1,128221/59049,1,mixed_fraction,This is a bounded computational sample. It does not prove the complete associate-class structure of the infinite monoid.
2813,128444/59049,1,128444/59049,1,mixed_fraction,This is a bounded computational sample. It does not prove the complete associate-class structure of the infinite monoid.
2814,128525/59049,1,128525/59049,1,mixed_fraction,This is a bounded computational sample. It does not prove the complete associate-class structure of the infinite monoid.
2815,128561/59049,1,128561/59049,1,mixed_fraction,This is a bounded computational sample. It does not prove the complete associate-class structure of the infinite monoid.
2816,128797/59049,1,128797/59049,1,mixed_fraction,This is a bounded computational sample. It does not prove the complete associate-class structure of the infinite monoid.
2817,128833/59049,1,128833/59049,1,mixed_fraction,This is a bounded computational sample. It does not prove the complete associate-class structure of the infinite monoid.
2818,128914/59049,1,128914/59049,1,mixed_fraction,This is a bounded computational sample. It does not prove the complete associate-class structure of the infinite monoid.
2819,129137/59049,1,129137/59049,1,mixed_fraction,This is a bounded computational sample. It does not prove the complete associate-class structure of the infinite monoid.
2820,129245/59049,1,129245/59049,1,mixed_fraction,This is a bounded computational sample. It does not prove the complete associate-class structure of the infinite monoid.
2821,129409/59049,1,129409/59049,1,mixed_fraction,This is a bounded computational sample. It does not prove the complete associate-class structure of the infinite monoid.
2822,129490/59049,1,129490/59049,1,mixed_fraction,This is a bounded computational sample. It does not prove the complete associate-class structure of the infinite monoid.
2823,129724/59049,1,129724/59049,1,mixed_fraction,This is a bounded computational sample. It does not prove the complete associate-class structure of the infinite monoid.
2824,129805/59049,1,129805/59049,1,mixed_fraction,This is a bounded computational sample. It does not prove the complete associate-class structure of the infinite monoid.
2825,129821/59049,1,129821/59049,1,mixed_fraction,This is a bounded computational sample. It does not prove the complete associate-class structure of the infinite monoid.
2826,129841/59049,1,129841/59049,1,mixed_fraction,This is a bounded computational sample. It does not prove the complete associate-class structure of the infinite monoid.
2827,129857/59049,1,129857/59049,1,mixed_fraction,This is a bounded computational sample. It does not prove the complete associate-class structure of the infinite monoid.
2828,129938/59049,1,129938/59049,1,mixed_fraction,This is a bounded computational sample. It does not prove the complete associate-class structure of the infinite monoid.
2829,130300/59049,1,130300/59049,1,mixed_fraction,This is a bounded computational sample. It does not prove the complete associate-class structure of the infinite monoid.
2830,130417/59049,1,130417/59049,1,mixed_fraction,This is a bounded computational sample. It does not prove the complete associate-class structure of the infinite monoid.
2831,130433/59049,1,130433/59049,1,mixed_fraction,This is a bounded computational sample. It does not prove the complete associate-class structure of the infinite monoid.
2832,130514/59049,1,130514/59049,1,mixed_fraction,This is a bounded computational sample. It does not prove the complete associate-class structure of the infinite monoid.
2833,130748/59049,1,130748/59049,1,mixed_fraction,This is a bounded computational sample. It does not prove the complete associate-class structure of the infinite monoid.
2834,130786/59049,1,130786/59049,1,mixed_fraction,This is a bounded computational sample. It does not prove the complete associate-class structure of the infinite monoid.
2835,130829/59049,1,130829/59049,1,mixed_fraction,This is a bounded computational sample. It does not prove the complete associate-class structure of the infinite monoid.
2836,130865/59049,1,130865/59049,1,mixed_fraction,This is a bounded computational sample. It does not prove the complete associate-class structure of the infinite monoid.
2837,131101/59049,1,131101/59049,1,mixed_fraction,This is a bounded computational sample. It does not prove the complete associate-class structure of the infinite monoid.
2838,131137/59049,1,131137/59049,1,mixed_fraction,This is a bounded computational sample. It does not prove the complete associate-class structure of the infinite monoid.
2839,131218/59049,1,131218/59049,1,mixed_fraction,This is a bounded computational sample. It does not prove the complete associate-class structure of the infinite monoid.
2840,131324/59049,1,131324/59049,1,mixed_fraction,This is a bounded computational sample. It does not prove the complete associate-class structure of the infinite monoid.
2841,131441/59049,1,131441/59049,1,mixed_fraction,This is a bounded computational sample. It does not prove the complete associate-class structure of the infinite monoid.
2842,131677/59049,1,131677/59049,1,mixed_fraction,This is a bounded computational sample. It does not prove the complete associate-class structure of the infinite monoid.
2843,131713/59049,1,131713/59049,1,mixed_fraction,This is a bounded computational sample. It does not prove the complete associate-class structure of the infinite monoid.
2844,131794/59049,1,131794/59049,1,mixed_fraction,This is a bounded computational sample. It does not prove the complete associate-class structure of the infinite monoid.
2845,131810/59049,1,131810/59049,1,mixed_fraction,This is a bounded computational sample. It does not prove the complete associate-class structure of the infinite monoid.
2846,132028/59049,1,132028/59049,1,mixed_fraction,This is a bounded computational sample. It does not prove the complete associate-class structure of the infinite monoid.
2847,132109/59049,1,132109/59049,1,mixed_fraction,This is a bounded computational sample. It does not prove the complete associate-class structure of the infinite monoid.
2848,132125/59049,1,132125/59049,1,mixed_fraction,This is a bounded computational sample. It does not prove the complete associate-class structure of the infinite monoid.
2849,132161/59049,1,132161/59049,1,mixed_fraction,This is a bounded computational sample. It does not prove the complete associate-class structure of the infinite monoid.
2850,132242/59049,1,132242/59049,1,mixed_fraction,This is a bounded computational sample. It does not prove the complete associate-class structure of the infinite monoid.
2851,132604/59049,1,132604/59049,1,mixed_fraction,This is a bounded computational sample. It does not prove the complete associate-class structure of the infinite monoid.
2852,132701/59049,1,132701/59049,1,mixed_fraction,This is a bounded computational sample. It does not prove the complete associate-class structure of the infinite monoid.
2853,132721/59049,1,132721/59049,1,mixed_fraction,This is a bounded computational sample. It does not prove the complete associate-class structure of the infinite monoid.
2854,132737/59049,1,132737/59049,1,mixed_fraction,This is a bounded computational sample. It does not prove the complete associate-class structure of the infinite monoid.
2855,132818/59049,1,132818/59049,1,mixed_fraction,This is a bounded computational sample. It does not prove the complete associate-class structure of the infinite monoid.
2856,133052/59049,1,133052/59049,1,mixed_fraction,This is a bounded computational sample. It does not prove the complete associate-class structure of the infinite monoid.
2857,133090/59049,1,133090/59049,1,mixed_fraction,This is a bounded computational sample. It does not prove the complete associate-class structure of the infinite monoid.
2858,133133/59049,1,133133/59049,1,mixed_fraction,This is a bounded computational sample. It does not prove the complete associate-class structure of the infinite monoid.
2859,133405/59049,1,133405/59049,1,mixed_fraction,This is a bounded computational sample. It does not prove the complete associate-class structure of the infinite monoid.
2860,133628/59049,1,133628/59049,1,mixed_fraction,This is a bounded computational sample. It does not prove the complete associate-class structure of the infinite monoid.
2861,133745/59049,1,133745/59049,1,mixed_fraction,This is a bounded computational sample. It does not prove the complete associate-class structure of the infinite monoid.
2862,133981/59049,1,133981/59049,1,mixed_fraction,This is a bounded computational sample. It does not prove the complete associate-class structure of the infinite monoid.
2863,134017/59049,1,134017/59049,1,mixed_fraction,This is a bounded computational sample. It does not prove the complete associate-class structure of the infinite monoid.
2864,134098/59049,1,134098/59049,1,mixed_fraction,This is a bounded computational sample. It does not prove the complete associate-class structure of the infinite monoid.
2865,134114/59049,1,134114/59049,1,mixed_fraction,This is a bounded computational sample. It does not prove the complete associate-class structure of the infinite monoid.
2866,134429/59049,1,134429/59049,1,mixed_fraction,This is a bounded computational sample. It does not prove the complete associate-class structure of the infinite monoid.
2867,134593/59049,1,134593/59049,1,mixed_fraction,This is a bounded computational sample. It does not prove the complete associate-class structure of the infinite monoid.
2868,134674/59049,1,134674/59049,1,mixed_fraction,This is a bounded computational sample. It does not prove the complete associate-class structure of the infinite monoid.
2869,134908/59049,1,134908/59049,1,mixed_fraction,This is a bounded computational sample. It does not prove the complete associate-class structure of the infinite monoid.
2870,135005/59049,1,135005/59049,1,mixed_fraction,This is a bounded computational sample. It does not prove the complete associate-class structure of the infinite monoid.
2871,135025/59049,1,135025/59049,1,mixed_fraction,This is a bounded computational sample. It does not prove the complete associate-class structure of the infinite monoid.
2872,135041/59049,1,135041/59049,1,mixed_fraction,This is a bounded computational sample. It does not prove the complete associate-class structure of the infinite monoid.
2873,135122/59049,1,135122/59049,1,mixed_fraction,This is a bounded computational sample. It does not prove the complete associate-class structure of the infinite monoid.
2874,135394/59049,1,135394/59049,1,mixed_fraction,This is a bounded computational sample. It does not prove the complete associate-class structure of the infinite monoid.
2875,135617/59049,1,135617/59049,1,mixed_fraction,This is a bounded computational sample. It does not prove the complete associate-class structure of the infinite monoid.
2876,135698/59049,1,135698/59049,1,mixed_fraction,This is a bounded computational sample. It does not prove the complete associate-class structure of the infinite monoid.
2877,135889/59049,1,135889/59049,1,mixed_fraction,This is a bounded computational sample. It does not prove the complete associate-class structure of the infinite monoid.
2878,135932/59049,1,135932/59049,1,mixed_fraction,This is a bounded computational sample. It does not prove the complete associate-class structure of the infinite monoid.
2879,135970/59049,1,135970/59049,1,mixed_fraction,This is a bounded computational sample. It does not prove the complete associate-class structure of the infinite monoid.
2880,136049/59049,1,136049/59049,1,mixed_fraction,This is a bounded computational sample. It does not prove the complete associate-class structure of the infinite monoid.
2881,136285/59049,1,136285/59049,1,mixed_fraction,This is a bounded computational sample. It does not prove the complete associate-class structure of the infinite monoid.
2882,136321/59049,1,136321/59049,1,mixed_fraction,This is a bounded computational sample. It does not prove the complete associate-class structure of the infinite monoid.
2883,136402/59049,1,136402/59049,1,mixed_fraction,This is a bounded computational sample. It does not prove the complete associate-class structure of the infinite monoid.
2884,136418/59049,1,136418/59049,1,mixed_fraction,This is a bounded computational sample. It does not prove the complete associate-class structure of the infinite monoid.
2885,136861/59049,1,136861/59049,1,mixed_fraction,This is a bounded computational sample. It does not prove the complete associate-class structure of the infinite monoid.
2886,136897/59049,1,136897/59049,1,mixed_fraction,This is a bounded computational sample. It does not prove the complete associate-class structure of the infinite monoid.
2887,136913/59049,1,136913/59049,1,mixed_fraction,This is a bounded computational sample. It does not prove the complete associate-class structure of the infinite monoid.
2888,136978/59049,1,136978/59049,1,mixed_fraction,This is a bounded computational sample. It does not prove the complete associate-class structure of the infinite monoid.
2889,136994/59049,1,136994/59049,1,mixed_fraction,This is a bounded computational sample. It does not prove the complete associate-class structure of the infinite monoid.
2890,137212/59049,1,137212/59049,1,mixed_fraction,This is a bounded computational sample. It does not prove the complete associate-class structure of the infinite monoid.
2891,137309/59049,1,137309/59049,1,mixed_fraction,This is a bounded computational sample. It does not prove the complete associate-class structure of the infinite monoid.
2892,137345/59049,1,137345/59049,1,mixed_fraction,This is a bounded computational sample. It does not prove the complete associate-class structure of the infinite monoid.
2893,137426/59049,1,137426/59049,1,mixed_fraction,This is a bounded computational sample. It does not prove the complete associate-class structure of the infinite monoid.
2894,137698/59049,1,137698/59049,1,mixed_fraction,This is a bounded computational sample. It does not prove the complete associate-class structure of the infinite monoid.
2895,137885/59049,1,137885/59049,1,mixed_fraction,This is a bounded computational sample. It does not prove the complete associate-class structure of the infinite monoid.
2896,137921/59049,1,137921/59049,1,mixed_fraction,This is a bounded computational sample. It does not prove the complete associate-class structure of the infinite monoid.
2897,138002/59049,1,138002/59049,1,mixed_fraction,This is a bounded computational sample. It does not prove the complete associate-class structure of the infinite monoid.
2898,138193/59049,1,138193/59049,1,mixed_fraction,This is a bounded computational sample. It does not prove the complete associate-class structure of the infinite monoid.
2899,138236/59049,1,138236/59049,1,mixed_fraction,This is a bounded computational sample. It does not prove the complete associate-class structure of the infinite monoid.
2900,138274/59049,1,138274/59049,1,mixed_fraction,This is a bounded computational sample. It does not prove the complete associate-class structure of the infinite monoid.
2901,138589/59049,1,138589/59049,1,mixed_fraction,This is a bounded computational sample. It does not prove the complete associate-class structure of the infinite monoid.
2902,138722/59049,1,138722/59049,1,mixed_fraction,This is a bounded computational sample. It does not prove the complete associate-class structure of the infinite monoid.
2903,138805/59049,1,138805/59049,1,mixed_fraction,This is a bounded computational sample. It does not prove the complete associate-class structure of the infinite monoid.
2904,139165/59049,1,139165/59049,1,mixed_fraction,This is a bounded computational sample. It does not prove the complete associate-class structure of the infinite monoid.
2905,139201/59049,1,139201/59049,1,mixed_fraction,This is a bounded computational sample. It does not prove the complete associate-class structure of the infinite monoid.
2906,139217/59049,1,139217/59049,1,mixed_fraction,This is a bounded computational sample. It does not prove the complete associate-class structure of the infinite monoid.
2907,139282/59049,1,139282/59049,1,mixed_fraction,This is a bounded computational sample. It does not prove the complete associate-class structure of the infinite monoid.
2908,139298/59049,1,139298/59049,1,mixed_fraction,This is a bounded computational sample. It does not prove the complete associate-class structure of the infinite monoid.
2909,139613/59049,1,139613/59049,1,mixed_fraction,This is a bounded computational sample. It does not prove the complete associate-class structure of the infinite monoid.
2910,139777/59049,1,139777/59049,1,mixed_fraction,This is a bounded computational sample. It does not prove the complete associate-class structure of the infinite monoid.
2911,139829/59049,1,139829/59049,1,mixed_fraction,This is a bounded computational sample. It does not prove the complete associate-class structure of the infinite monoid.
2912,140189/59049,1,140189/59049,1,mixed_fraction,This is a bounded computational sample. It does not prove the complete associate-class structure of the infinite monoid.
2913,140225/59049,1,140225/59049,1,mixed_fraction,This is a bounded computational sample. It does not prove the complete associate-class structure of the infinite monoid.
2914,140306/59049,1,140306/59049,1,mixed_fraction,This is a bounded computational sample. It does not prove the complete associate-class structure of the infinite monoid.
2915,140497/59049,1,140497/59049,1,mixed_fraction,This is a bounded computational sample. It does not prove the complete associate-class structure of the infinite monoid.
2916,140578/59049,1,140578/59049,1,mixed_fraction,This is a bounded computational sample. It does not prove the complete associate-class structure of the infinite monoid.
2917,140801/59049,1,140801/59049,1,mixed_fraction,This is a bounded computational sample. It does not prove the complete associate-class structure of the infinite monoid.
2918,141073/59049,1,141073/59049,1,mixed_fraction,This is a bounded computational sample. It does not prove the complete associate-class structure of the infinite monoid.
2919,141109/59049,1,141109/59049,1,mixed_fraction,This is a bounded computational sample. It does not prove the complete associate-class structure of the infinite monoid.
2920,141154/59049,1,141154/59049,1,mixed_fraction,This is a bounded computational sample. It does not prove the complete associate-class structure of the infinite monoid.
2921,141469/59049,1,141469/59049,1,mixed_fraction,This is a bounded computational sample. It does not prove the complete associate-class structure of the infinite monoid.
2922,141505/59049,1,141505/59049,1,mixed_fraction,This is a bounded computational sample. It does not prove the complete associate-class structure of the infinite monoid.
2923,141521/59049,1,141521/59049,1,mixed_fraction,This is a bounded computational sample. It does not prove the complete associate-class structure of the infinite monoid.
2924,141586/59049,1,141586/59049,1,mixed_fraction,This is a bounded computational sample. It does not prove the complete associate-class structure of the infinite monoid.
2925,141602/59049,1,141602/59049,1,mixed_fraction,This is a bounded computational sample. It does not prove the complete associate-class structure of the infinite monoid.
2926,142081/59049,1,142081/59049,1,mixed_fraction,This is a bounded computational sample. It does not prove the complete associate-class structure of the infinite monoid.
2927,142097/59049,1,142097/59049,1,mixed_fraction,This is a bounded computational sample. It does not prove the complete associate-class structure of the infinite monoid.
2928,142133/59049,1,142133/59049,1,mixed_fraction,This is a bounded computational sample. It does not prove the complete associate-class structure of the infinite monoid.
2929,142178/59049,1,142178/59049,1,mixed_fraction,This is a bounded computational sample. It does not prove the complete associate-class structure of the infinite monoid.
2930,142450/59049,1,142450/59049,1,mixed_fraction,This is a bounded computational sample. It does not prove the complete associate-class structure of the infinite monoid.
2931,142493/59049,1,142493/59049,1,mixed_fraction,This is a bounded computational sample. It does not prove the complete associate-class structure of the infinite monoid.
2932,142529/59049,1,142529/59049,1,mixed_fraction,This is a bounded computational sample. It does not prove the complete associate-class structure of the infinite monoid.
2933,142610/59049,1,142610/59049,1,mixed_fraction,This is a bounded computational sample. It does not prove the complete associate-class structure of the infinite monoid.
2934,142801/59049,1,142801/59049,1,mixed_fraction,This is a bounded computational sample. It does not prove the complete associate-class structure of the infinite monoid.
2935,142882/59049,1,142882/59049,1,mixed_fraction,This is a bounded computational sample. It does not prove the complete associate-class structure of the infinite monoid.
2936,143105/59049,1,143105/59049,1,mixed_fraction,This is a bounded computational sample. It does not prove the complete associate-class structure of the infinite monoid.
2937,143377/59049,1,143377/59049,1,mixed_fraction,This is a bounded computational sample. It does not prove the complete associate-class structure of the infinite monoid.
2938,143413/59049,1,143413/59049,1,mixed_fraction,This is a bounded computational sample. It does not prove the complete associate-class structure of the infinite monoid.
2939,143458/59049,1,143458/59049,1,mixed_fraction,This is a bounded computational sample. It does not prove the complete associate-class structure of the infinite monoid.
2940,143474/59049,1,143474/59049,1,mixed_fraction,This is a bounded computational sample. It does not prove the complete associate-class structure of the infinite monoid.
2941,143773/59049,1,143773/59049,1,mixed_fraction,This is a bounded computational sample. It does not prove the complete associate-class structure of the infinite monoid.
2942,143825/59049,1,143825/59049,1,mixed_fraction,This is a bounded computational sample. It does not prove the complete associate-class structure of the infinite monoid.
2943,143906/59049,1,143906/59049,1,mixed_fraction,This is a bounded computational sample. It does not prove the complete associate-class structure of the infinite monoid.
2944,143989/59049,1,143989/59049,1,mixed_fraction,This is a bounded computational sample. It does not prove the complete associate-class structure of the infinite monoid.
2945,144385/59049,1,144385/59049,1,mixed_fraction,This is a bounded computational sample. It does not prove the complete associate-class structure of the infinite monoid.
2946,144401/59049,1,144401/59049,1,mixed_fraction,This is a bounded computational sample. It does not prove the complete associate-class structure of the infinite monoid.
2947,144437/59049,1,144437/59049,1,mixed_fraction,This is a bounded computational sample. It does not prove the complete associate-class structure of the infinite monoid.
2948,144482/59049,1,144482/59049,1,mixed_fraction,This is a bounded computational sample. It does not prove the complete associate-class structure of the infinite monoid.
2949,144754/59049,1,144754/59049,1,mixed_fraction,This is a bounded computational sample. It does not prove the complete associate-class structure of the infinite monoid.
2950,144797/59049,1,144797/59049,1,mixed_fraction,This is a bounded computational sample. It does not prove the complete associate-class structure of the infinite monoid.
2951,145013/59049,1,145013/59049,1,mixed_fraction,This is a bounded computational sample. It does not prove the complete associate-class structure of the infinite monoid.
2952,145366/59049,1,145366/59049,1,mixed_fraction,This is a bounded computational sample. It does not prove the complete associate-class structure of the infinite monoid.
2953,145409/59049,1,145409/59049,1,mixed_fraction,This is a bounded computational sample. It does not prove the complete associate-class structure of the infinite monoid.
2954,145681/59049,1,145681/59049,1,mixed_fraction,This is a bounded computational sample. It does not prove the complete associate-class structure of the infinite monoid.
2955,145717/59049,1,145717/59049,1,mixed_fraction,This is a bounded computational sample. It does not prove the complete associate-class structure of the infinite monoid.
2956,145762/59049,1,145762/59049,1,mixed_fraction,This is a bounded computational sample. It does not prove the complete associate-class structure of the infinite monoid.
2957,145778/59049,1,145778/59049,1,mixed_fraction,This is a bounded computational sample. It does not prove the complete associate-class structure of the infinite monoid.
2958,146257/59049,1,146257/59049,1,mixed_fraction,This is a bounded computational sample. It does not prove the complete associate-class structure of the infinite monoid.
2959,146293/59049,1,146293/59049,1,mixed_fraction,This is a bounded computational sample. It does not prove the complete associate-class structure of the infinite monoid.
2960,146338/59049,1,146338/59049,1,mixed_fraction,This is a bounded computational sample. It does not prove the complete associate-class structure of the infinite monoid.
2961,146390/59049,1,146390/59049,1,mixed_fraction,This is a bounded computational sample. It does not prove the complete associate-class structure of the infinite monoid.
2962,146689/59049,1,146689/59049,1,mixed_fraction,This is a bounded computational sample. It does not prove the complete associate-class structure of the infinite monoid.
2963,146705/59049,1,146705/59049,1,mixed_fraction,This is a bounded computational sample. It does not prove the complete associate-class structure of the infinite monoid.
2964,146741/59049,1,146741/59049,1,mixed_fraction,This is a bounded computational sample. It does not prove the complete associate-class structure of the infinite monoid.
2965,146786/59049,1,146786/59049,1,mixed_fraction,This is a bounded computational sample. It does not prove the complete associate-class structure of the infinite monoid.
2966,147058/59049,1,147058/59049,1,mixed_fraction,This is a bounded computational sample. It does not prove the complete associate-class structure of the infinite monoid.
2967,147281/59049,1,147281/59049,1,mixed_fraction,This is a bounded computational sample. It does not prove the complete associate-class structure of the infinite monoid.
2968,147317/59049,1,147317/59049,1,mixed_fraction,This is a bounded computational sample. It does not prove the complete associate-class structure of the infinite monoid.
2969,147362/59049,1,147362/59049,1,mixed_fraction,This is a bounded computational sample. It does not prove the complete associate-class structure of the infinite monoid.
2970,147553/59049,1,147553/59049,1,mixed_fraction,This is a bounded computational sample. It does not prove the complete associate-class structure of the infinite monoid.
2971,147634/59049,1,147634/59049,1,mixed_fraction,This is a bounded computational sample. It does not prove the complete associate-class structure of the infinite monoid.
2972,147670/59049,1,147670/59049,1,mixed_fraction,This is a bounded computational sample. It does not prove the complete associate-class structure of the infinite monoid.
2973,147713/59049,1,147713/59049,1,mixed_fraction,This is a bounded computational sample. It does not prove the complete associate-class structure of the infinite monoid.
2974,147985/59049,1,147985/59049,1,mixed_fraction,This is a bounded computational sample. It does not prove the complete associate-class structure of the infinite monoid.
2975,148066/59049,1,148066/59049,1,mixed_fraction,This is a bounded computational sample. It does not prove the complete associate-class structure of the infinite monoid.
2976,148082/59049,1,148082/59049,1,mixed_fraction,This is a bounded computational sample. It does not prove the complete associate-class structure of the infinite monoid.
2977,148561/59049,1,148561/59049,1,mixed_fraction,This is a bounded computational sample. It does not prove the complete associate-class structure of the infinite monoid.
2978,148577/59049,1,148577/59049,1,mixed_fraction,This is a bounded computational sample. It does not prove the complete associate-class structure of the infinite monoid.
2979,148597/59049,1,148597/59049,1,mixed_fraction,This is a bounded computational sample. It does not prove the complete associate-class structure of the infinite monoid.
2980,148642/59049,1,148642/59049,1,mixed_fraction,This is a bounded computational sample. It does not prove the complete associate-class structure of the infinite monoid.
2981,148658/59049,1,148658/59049,1,mixed_fraction,This is a bounded computational sample. It does not prove the complete associate-class structure of the infinite monoid.
2982,148694/59049,1,148694/59049,1,mixed_fraction,This is a bounded computational sample. It does not prove the complete associate-class structure of the infinite monoid.
2983,149009/59049,1,149009/59049,1,mixed_fraction,This is a bounded computational sample. It does not prove the complete associate-class structure of the infinite monoid.
2984,149090/59049,1,149090/59049,1,mixed_fraction,This is a bounded computational sample. It does not prove the complete associate-class structure of the infinite monoid.
2985,149173/59049,1,149173/59049,1,mixed_fraction,This is a bounded computational sample. It does not prove the complete associate-class structure of the infinite monoid.
2986,149362/59049,1,149362/59049,1,mixed_fraction,This is a bounded computational sample. It does not prove the complete associate-class structure of the infinite monoid.
2987,149585/59049,1,149585/59049,1,mixed_fraction,This is a bounded computational sample. It does not prove the complete associate-class structure of the infinite monoid.
2988,149621/59049,1,149621/59049,1,mixed_fraction,This is a bounded computational sample. It does not prove the complete associate-class structure of the infinite monoid.
2989,149666/59049,1,149666/59049,1,mixed_fraction,This is a bounded computational sample. It does not prove the complete associate-class structure of the infinite monoid.
2990,149857/59049,1,149857/59049,1,mixed_fraction,This is a bounded computational sample. It does not prove the complete associate-class structure of the infinite monoid.
2991,149938/59049,1,149938/59049,1,mixed_fraction,This is a bounded computational sample. It does not prove the complete associate-class structure of the infinite monoid.
2992,149974/59049,1,149974/59049,1,mixed_fraction,This is a bounded computational sample. It does not prove the complete associate-class structure of the infinite monoid.
2993,150197/59049,1,150197/59049,1,mixed_fraction,This is a bounded computational sample. It does not prove the complete associate-class structure of the infinite monoid.
2994,150386/59049,1,150386/59049,1,mixed_fraction,This is a bounded computational sample. It does not prove the complete associate-class structure of the infinite monoid.
2995,150469/59049,1,150469/59049,1,mixed_fraction,This is a bounded computational sample. It does not prove the complete associate-class structure of the infinite monoid.
2996,150550/59049,1,150550/59049,1,mixed_fraction,This is a bounded computational sample. It does not prove the complete associate-class structure of the infinite monoid.
2997,150865/59049,1,150865/59049,1,mixed_fraction,This is a bounded computational sample. It does not prove the complete associate-class structure of the infinite monoid.
2998,150881/59049,1,150881/59049,1,mixed_fraction,This is a bounded computational sample. It does not prove the complete associate-class structure of the infinite monoid.
2999,150901/59049,1,150901/59049,1,mixed_fraction,This is a bounded computational sample. It does not prove the complete associate-class structure of the infinite monoid.
3000,150946/59049,1,150946/59049,1,mixed_fraction,This is a bounded computational sample. It does not prove the complete associate-class structure of the infinite monoid.
3001,150962/59049,1,150962/59049,1,mixed_fraction,This is a bounded computational sample. It does not prove the complete associate-class structure of the infinite monoid.
3002,150998/59049,1,150998/59049,1,mixed_fraction,This is a bounded computational sample. It does not prove the complete associate-class structure of the infinite monoid.
3003,151441/59049,1,151441/59049,1,mixed_fraction,This is a bounded computational sample. It does not prove the complete associate-class structure of the infinite monoid.
3004,151477/59049,1,151477/59049,1,mixed_fraction,This is a bounded computational sample. It does not prove the complete associate-class structure of the infinite monoid.
3005,151493/59049,1,151493/59049,1,mixed_fraction,This is a bounded computational sample. It does not prove the complete associate-class structure of the infinite monoid.
3006,151574/59049,1,151574/59049,1,mixed_fraction,This is a bounded computational sample. It does not prove the complete associate-class structure of the infinite monoid.
3007,151889/59049,1,151889/59049,1,mixed_fraction,This is a bounded computational sample. It does not prove the complete associate-class structure of the infinite monoid.
3008,151925/59049,1,151925/59049,1,mixed_fraction,This is a bounded computational sample. It does not prove the complete associate-class structure of the infinite monoid.
3009,151970/59049,1,151970/59049,1,mixed_fraction,This is a bounded computational sample. It does not prove the complete associate-class structure of the infinite monoid.
3010,152161/59049,1,152161/59049,1,mixed_fraction,This is a bounded computational sample. It does not prove the complete associate-class structure of the infinite monoid.
3011,152242/59049,1,152242/59049,1,mixed_fraction,This is a bounded computational sample. It does not prove the complete associate-class structure of the infinite monoid.
3012,152278/59049,1,152278/59049,1,mixed_fraction,This is a bounded computational sample. It does not prove the complete associate-class structure of the infinite monoid.
3013,152465/59049,1,152465/59049,1,mixed_fraction,This is a bounded computational sample. It does not prove the complete associate-class structure of the infinite monoid.
3014,152501/59049,1,152501/59049,1,mixed_fraction,This is a bounded computational sample. It does not prove the complete associate-class structure of the infinite monoid.
3015,152737/59049,1,152737/59049,1,mixed_fraction,This is a bounded computational sample. It does not prove the complete associate-class structure of the infinite monoid.
3016,152773/59049,1,152773/59049,1,mixed_fraction,This is a bounded computational sample. It does not prove the complete associate-class structure of the infinite monoid.
3017,152818/59049,1,152818/59049,1,mixed_fraction,This is a bounded computational sample. It does not prove the complete associate-class structure of the infinite monoid.
3018,152854/59049,1,152854/59049,1,mixed_fraction,This is a bounded computational sample. It does not prove the complete associate-class structure of the infinite monoid.
3019,153169/59049,1,153169/59049,1,mixed_fraction,This is a bounded computational sample. It does not prove the complete associate-class structure of the infinite monoid.
3020,153185/59049,1,153185/59049,1,mixed_fraction,This is a bounded computational sample. It does not prove the complete associate-class structure of the infinite monoid.
3021,153250/59049,1,153250/59049,1,mixed_fraction,This is a bounded computational sample. It does not prove the complete associate-class structure of the infinite monoid.
3022,153266/59049,1,153266/59049,1,mixed_fraction,This is a bounded computational sample. It does not prove the complete associate-class structure of the infinite monoid.
3023,153302/59049,1,153302/59049,1,mixed_fraction,This is a bounded computational sample. It does not prove the complete associate-class structure of the infinite monoid.
3024,153745/59049,1,153745/59049,1,mixed_fraction,This is a bounded computational sample. It does not prove the complete associate-class structure of the infinite monoid.
3025,153761/59049,1,153761/59049,1,mixed_fraction,This is a bounded computational sample. It does not prove the complete associate-class structure of the infinite monoid.
3026,153781/59049,1,153781/59049,1,mixed_fraction,This is a bounded computational sample. It does not prove the complete associate-class structure of the infinite monoid.
3027,153797/59049,1,153797/59049,1,mixed_fraction,This is a bounded computational sample. It does not prove the complete associate-class structure of the infinite monoid.
3028,153842/59049,1,153842/59049,1,mixed_fraction,This is a bounded computational sample. It does not prove the complete associate-class structure of the infinite monoid.
3029,153878/59049,1,153878/59049,1,mixed_fraction,This is a bounded computational sample. It does not prove the complete associate-class structure of the infinite monoid.
3030,154114/59049,1,154114/59049,1,mixed_fraction,This is a bounded computational sample. It does not prove the complete associate-class structure of the infinite monoid.
3031,154193/59049,1,154193/59049,1,mixed_fraction,This is a bounded computational sample. It does not prove the complete associate-class structure of the infinite monoid.
3032,154274/59049,1,154274/59049,1,mixed_fraction,This is a bounded computational sample. It does not prove the complete associate-class structure of the infinite monoid.
3033,154357/59049,1,154357/59049,1,mixed_fraction,This is a bounded computational sample. It does not prove the complete associate-class structure of the infinite monoid.
3034,154465/59049,1,154465/59049,1,mixed_fraction,This is a bounded computational sample. It does not prove the complete associate-class structure of the infinite monoid.
3035,154546/59049,1,154546/59049,1,mixed_fraction,This is a bounded computational sample. It does not prove the complete associate-class structure of the infinite monoid.
3036,154769/59049,1,154769/59049,1,mixed_fraction,This is a bounded computational sample. It does not prove the complete associate-class structure of the infinite monoid.
3037,154805/59049,1,154805/59049,1,mixed_fraction,This is a bounded computational sample. It does not prove the complete associate-class structure of the infinite monoid.
3038,155041/59049,1,155041/59049,1,mixed_fraction,This is a bounded computational sample. It does not prove the complete associate-class structure of the infinite monoid.
3039,155077/59049,1,155077/59049,1,mixed_fraction,This is a bounded computational sample. It does not prove the complete associate-class structure of the infinite monoid.
3040,155122/59049,1,155122/59049,1,mixed_fraction,This is a bounded computational sample. It does not prove the complete associate-class structure of the infinite monoid.
3041,155138/59049,1,155138/59049,1,mixed_fraction,This is a bounded computational sample. It does not prove the complete associate-class structure of the infinite monoid.
3042,155158/59049,1,155158/59049,1,mixed_fraction,This is a bounded computational sample. It does not prove the complete associate-class structure of the infinite monoid.
3043,155381/59049,1,155381/59049,1,mixed_fraction,This is a bounded computational sample. It does not prove the complete associate-class structure of the infinite monoid.
3044,155489/59049,1,155489/59049,1,mixed_fraction,This is a bounded computational sample. It does not prove the complete associate-class structure of the infinite monoid.
3045,155570/59049,1,155570/59049,1,mixed_fraction,This is a bounded computational sample. It does not prove the complete associate-class structure of the infinite monoid.
3046,155653/59049,1,155653/59049,1,mixed_fraction,This is a bounded computational sample. It does not prove the complete associate-class structure of the infinite monoid.
3047,155734/59049,1,155734/59049,1,mixed_fraction,This is a bounded computational sample. It does not prove the complete associate-class structure of the infinite monoid.
3048,156049/59049,1,156049/59049,1,mixed_fraction,This is a bounded computational sample. It does not prove the complete associate-class structure of the infinite monoid.
3049,156065/59049,1,156065/59049,1,mixed_fraction,This is a bounded computational sample. It does not prove the complete associate-class structure of the infinite monoid.
3050,156085/59049,1,156085/59049,1,mixed_fraction,This is a bounded computational sample. It does not prove the complete associate-class structure of the infinite monoid.
3051,156101/59049,1,156101/59049,1,mixed_fraction,This is a bounded computational sample. It does not prove the complete associate-class structure of the infinite monoid.
3052,156146/59049,1,156146/59049,1,mixed_fraction,This is a bounded computational sample. It does not prove the complete associate-class structure of the infinite monoid.
3053,156182/59049,1,156182/59049,1,mixed_fraction,This is a bounded computational sample. It does not prove the complete associate-class structure of the infinite monoid.
3054,156418/59049,1,156418/59049,1,mixed_fraction,This is a bounded computational sample. It does not prove the complete associate-class structure of the infinite monoid.
3055,156661/59049,1,156661/59049,1,mixed_fraction,This is a bounded computational sample. It does not prove the complete associate-class structure of the infinite monoid.
3056,156677/59049,1,156677/59049,1,mixed_fraction,This is a bounded computational sample. It does not prove the complete associate-class structure of the infinite monoid.
3057,156758/59049,1,156758/59049,1,mixed_fraction,This is a bounded computational sample. It does not prove the complete associate-class structure of the infinite monoid.
3058,157030/59049,1,157030/59049,1,mixed_fraction,This is a bounded computational sample. It does not prove the complete associate-class structure of the infinite monoid.
3059,157073/59049,1,157073/59049,1,mixed_fraction,This is a bounded computational sample. It does not prove the complete associate-class structure of the infinite monoid.
3060,157109/59049,1,157109/59049,1,mixed_fraction,This is a bounded computational sample. It does not prove the complete associate-class structure of the infinite monoid.
3061,157345/59049,1,157345/59049,1,mixed_fraction,This is a bounded computational sample. It does not prove the complete associate-class structure of the infinite monoid.
3062,157381/59049,1,157381/59049,1,mixed_fraction,This is a bounded computational sample. It does not prove the complete associate-class structure of the infinite monoid.
3063,157426/59049,1,157426/59049,1,mixed_fraction,This is a bounded computational sample. It does not prove the complete associate-class structure of the infinite monoid.
3064,157442/59049,1,157442/59049,1,mixed_fraction,This is a bounded computational sample. It does not prove the complete associate-class structure of the infinite monoid.
3065,157462/59049,1,157462/59049,1,mixed_fraction,This is a bounded computational sample. It does not prove the complete associate-class structure of the infinite monoid.
3066,157685/59049,1,157685/59049,1,mixed_fraction,This is a bounded computational sample. It does not prove the complete associate-class structure of the infinite monoid.
3067,157921/59049,1,157921/59049,1,mixed_fraction,This is a bounded computational sample. It does not prove the complete associate-class structure of the infinite monoid.
3068,157957/59049,1,157957/59049,1,mixed_fraction,This is a bounded computational sample. It does not prove the complete associate-class structure of the infinite monoid.
3069,158002/59049,1,158002/59049,1,mixed_fraction,This is a bounded computational sample. It does not prove the complete associate-class structure of the infinite monoid.
3070,158038/59049,1,158038/59049,1,mixed_fraction,This is a bounded computational sample. It does not prove the complete associate-class structure of the infinite monoid.
3071,158054/59049,1,158054/59049,1,mixed_fraction,This is a bounded computational sample. It does not prove the complete associate-class structure of the infinite monoid.
3072,158353/59049,1,158353/59049,1,mixed_fraction,This is a bounded computational sample. It does not prove the complete associate-class structure of the infinite monoid.
3073,158369/59049,1,158369/59049,1,mixed_fraction,This is a bounded computational sample. It does not prove the complete associate-class structure of the infinite monoid.
3074,158405/59049,1,158405/59049,1,mixed_fraction,This is a bounded computational sample. It does not prove the complete associate-class structure of the infinite monoid.
3075,158450/59049,1,158450/59049,1,mixed_fraction,This is a bounded computational sample. It does not prove the complete associate-class structure of the infinite monoid.
3076,158486/59049,1,158486/59049,1,mixed_fraction,This is a bounded computational sample. It does not prove the complete associate-class structure of the infinite monoid.
3077,158722/59049,1,158722/59049,1,mixed_fraction,This is a bounded computational sample. It does not prove the complete associate-class structure of the infinite monoid.
3078,158945/59049,1,158945/59049,1,mixed_fraction,This is a bounded computational sample. It does not prove the complete associate-class structure of the infinite monoid.
3079,158965/59049,1,158965/59049,1,mixed_fraction,This is a bounded computational sample. It does not prove the complete associate-class structure of the infinite monoid.
3080,158981/59049,1,158981/59049,1,mixed_fraction,This is a bounded computational sample. It does not prove the complete associate-class structure of the infinite monoid.
3081,159026/59049,1,159026/59049,1,mixed_fraction,This is a bounded computational sample. It does not prove the complete associate-class structure of the infinite monoid.
3082,159062/59049,1,159062/59049,1,mixed_fraction,This is a bounded computational sample. It does not prove the complete associate-class structure of the infinite monoid.
3083,159298/59049,1,159298/59049,1,mixed_fraction,This is a bounded computational sample. It does not prove the complete associate-class structure of the infinite monoid.
3084,159334/59049,1,159334/59049,1,mixed_fraction,This is a bounded computational sample. It does not prove the complete associate-class structure of the infinite monoid.
3085,159377/59049,1,159377/59049,1,mixed_fraction,This is a bounded computational sample. It does not prove the complete associate-class structure of the infinite monoid.
3086,159649/59049,1,159649/59049,1,mixed_fraction,This is a bounded computational sample. It does not prove the complete associate-class structure of the infinite monoid.
3087,159730/59049,1,159730/59049,1,mixed_fraction,This is a bounded computational sample. It does not prove the complete associate-class structure of the infinite monoid.
3088,159746/59049,1,159746/59049,1,mixed_fraction,This is a bounded computational sample. It does not prove the complete associate-class structure of the infinite monoid.
3089,159989/59049,1,159989/59049,1,mixed_fraction,This is a bounded computational sample. It does not prove the complete associate-class structure of the infinite monoid.
3090,160225/59049,1,160225/59049,1,mixed_fraction,This is a bounded computational sample. It does not prove the complete associate-class structure of the infinite monoid.
3091,160261/59049,1,160261/59049,1,mixed_fraction,This is a bounded computational sample. It does not prove the complete associate-class structure of the infinite monoid.
3092,160306/59049,1,160306/59049,1,mixed_fraction,This is a bounded computational sample. It does not prove the complete associate-class structure of the infinite monoid.
3093,160322/59049,1,160322/59049,1,mixed_fraction,This is a bounded computational sample. It does not prove the complete associate-class structure of the infinite monoid.
3094,160342/59049,1,160342/59049,1,mixed_fraction,This is a bounded computational sample. It does not prove the complete associate-class structure of the infinite monoid.
3095,160358/59049,1,160358/59049,1,mixed_fraction,This is a bounded computational sample. It does not prove the complete associate-class structure of the infinite monoid.
3096,160673/59049,1,160673/59049,1,mixed_fraction,This is a bounded computational sample. It does not prove the complete associate-class structure of the infinite monoid.
3097,160754/59049,1,160754/59049,1,mixed_fraction,This is a bounded computational sample. It does not prove the complete associate-class structure of the infinite monoid.
3098,160837/59049,1,160837/59049,1,mixed_fraction,This is a bounded computational sample. It does not prove the complete associate-class structure of the infinite monoid.
3099,160918/59049,1,160918/59049,1,mixed_fraction,This is a bounded computational sample. It does not prove the complete associate-class structure of the infinite monoid.
3100,161026/59049,1,161026/59049,1,mixed_fraction,This is a bounded computational sample. It does not prove the complete associate-class structure of the infinite monoid.
3101,161249/59049,1,161249/59049,1,mixed_fraction,This is a bounded computational sample. It does not prove the complete associate-class structure of the infinite monoid.
3102,161269/59049,1,161269/59049,1,mixed_fraction,This is a bounded computational sample. It does not prove the complete associate-class structure of the infinite monoid.
3103,161285/59049,1,161285/59049,1,mixed_fraction,This is a bounded computational sample. It does not prove the complete associate-class structure of the infinite monoid.
3104,161330/59049,1,161330/59049,1,mixed_fraction,This is a bounded computational sample. It does not prove the complete associate-class structure of the infinite monoid.
3105,161366/59049,1,161366/59049,1,mixed_fraction,This is a bounded computational sample. It does not prove the complete associate-class structure of the infinite monoid.
3106,161602/59049,1,161602/59049,1,mixed_fraction,This is a bounded computational sample. It does not prove the complete associate-class structure of the infinite monoid.
3107,161638/59049,1,161638/59049,1,mixed_fraction,This is a bounded computational sample. It does not prove the complete associate-class structure of the infinite monoid.
3108,161861/59049,1,161861/59049,1,mixed_fraction,This is a bounded computational sample. It does not prove the complete associate-class structure of the infinite monoid.
3109,161942/59049,1,161942/59049,1,mixed_fraction,This is a bounded computational sample. It does not prove the complete associate-class structure of the infinite monoid.
3110,162050/59049,1,162050/59049,1,mixed_fraction,This is a bounded computational sample. It does not prove the complete associate-class structure of the infinite monoid.
3111,162133/59049,1,162133/59049,1,mixed_fraction,This is a bounded computational sample. It does not prove the complete associate-class structure of the infinite monoid.
3112,162214/59049,1,162214/59049,1,mixed_fraction,This is a bounded computational sample. It does not prove the complete associate-class structure of the infinite monoid.
3113,162293/59049,1,162293/59049,1,mixed_fraction,This is a bounded computational sample. It does not prove the complete associate-class structure of the infinite monoid.
3114,162529/59049,1,162529/59049,1,mixed_fraction,This is a bounded computational sample. It does not prove the complete associate-class structure of the infinite monoid.
3115,162565/59049,1,162565/59049,1,mixed_fraction,This is a bounded computational sample. It does not prove the complete associate-class structure of the infinite monoid.
3116,162610/59049,1,162610/59049,1,mixed_fraction,This is a bounded computational sample. It does not prove the complete associate-class structure of the infinite monoid.
3117,162626/59049,1,162626/59049,1,mixed_fraction,This is a bounded computational sample. It does not prove the complete associate-class structure of the infinite monoid.
3118,162646/59049,1,162646/59049,1,mixed_fraction,This is a bounded computational sample. It does not prove the complete associate-class structure of the infinite monoid.
3119,162662/59049,1,162662/59049,1,mixed_fraction,This is a bounded computational sample. It does not prove the complete associate-class structure of the infinite monoid.
3120,163105/59049,1,163105/59049,1,mixed_fraction,This is a bounded computational sample. It does not prove the complete associate-class structure of the infinite monoid.
3121,163141/59049,1,163141/59049,1,mixed_fraction,This is a bounded computational sample. It does not prove the complete associate-class structure of the infinite monoid.
3122,163157/59049,1,163157/59049,1,mixed_fraction,This is a bounded computational sample. It does not prove the complete associate-class structure of the infinite monoid.
3123,163222/59049,1,163222/59049,1,mixed_fraction,This is a bounded computational sample. It does not prove the complete associate-class structure of the infinite monoid.
3124,163238/59049,1,163238/59049,1,mixed_fraction,This is a bounded computational sample. It does not prove the complete associate-class structure of the infinite monoid.
3125,163553/59049,1,163553/59049,1,mixed_fraction,This is a bounded computational sample. It does not prove the complete associate-class structure of the infinite monoid.
3126,163589/59049,1,163589/59049,1,mixed_fraction,This is a bounded computational sample. It does not prove the complete associate-class structure of the infinite monoid.
3127,163634/59049,1,163634/59049,1,mixed_fraction,This is a bounded computational sample. It does not prove the complete associate-class structure of the infinite monoid.
3128,163670/59049,1,163670/59049,1,mixed_fraction,This is a bounded computational sample. It does not prove the complete associate-class structure of the infinite monoid.
3129,163906/59049,1,163906/59049,1,mixed_fraction,This is a bounded computational sample. It does not prove the complete associate-class structure of the infinite monoid.
3130,163942/59049,1,163942/59049,1,mixed_fraction,This is a bounded computational sample. It does not prove the complete associate-class structure of the infinite monoid.
3131,164129/59049,1,164129/59049,1,mixed_fraction,This is a bounded computational sample. It does not prove the complete associate-class structure of the infinite monoid.
3132,164165/59049,1,164165/59049,1,mixed_fraction,This is a bounded computational sample. It does not prove the complete associate-class structure of the infinite monoid.
3133,164246/59049,1,164246/59049,1,mixed_fraction,This is a bounded computational sample. It does not prove the complete associate-class structure of the infinite monoid.
3134,164437/59049,1,164437/59049,1,mixed_fraction,This is a bounded computational sample. It does not prove the complete associate-class structure of the infinite monoid.
3135,164482/59049,1,164482/59049,1,mixed_fraction,This is a bounded computational sample. It does not prove the complete associate-class structure of the infinite monoid.
3136,164518/59049,1,164518/59049,1,mixed_fraction,This is a bounded computational sample. It does not prove the complete associate-class structure of the infinite monoid.
3137,164833/59049,1,164833/59049,1,mixed_fraction,This is a bounded computational sample. It does not prove the complete associate-class structure of the infinite monoid.
3138,164914/59049,1,164914/59049,1,mixed_fraction,This is a bounded computational sample. It does not prove the complete associate-class structure of the infinite monoid.
3139,164930/59049,1,164930/59049,1,mixed_fraction,This is a bounded computational sample. It does not prove the complete associate-class structure of the infinite monoid.
3140,164966/59049,1,164966/59049,1,mixed_fraction,This is a bounded computational sample. It does not prove the complete associate-class structure of the infinite monoid.
3141,165409/59049,1,165409/59049,1,mixed_fraction,This is a bounded computational sample. It does not prove the complete associate-class structure of the infinite monoid.
3142,165445/59049,1,165445/59049,1,mixed_fraction,This is a bounded computational sample. It does not prove the complete associate-class structure of the infinite monoid.
3143,165461/59049,1,165461/59049,1,mixed_fraction,This is a bounded computational sample. It does not prove the complete associate-class structure of the infinite monoid.
3144,165506/59049,1,165506/59049,1,mixed_fraction,This is a bounded computational sample. It does not prove the complete associate-class structure of the infinite monoid.
3145,165526/59049,1,165526/59049,1,mixed_fraction,This is a bounded computational sample. It does not prove the complete associate-class structure of the infinite monoid.
3146,165542/59049,1,165542/59049,1,mixed_fraction,This is a bounded computational sample. It does not prove the complete associate-class structure of the infinite monoid.
3147,165857/59049,1,165857/59049,1,mixed_fraction,This is a bounded computational sample. It does not prove the complete associate-class structure of the infinite monoid.
3148,165938/59049,1,165938/59049,1,mixed_fraction,This is a bounded computational sample. It does not prove the complete associate-class structure of the infinite monoid.
3149,166021/59049,1,166021/59049,1,mixed_fraction,This is a bounded computational sample. It does not prove the complete associate-class structure of the infinite monoid.
3150,166210/59049,1,166210/59049,1,mixed_fraction,This is a bounded computational sample. It does not prove the complete associate-class structure of the infinite monoid.
3151,166433/59049,1,166433/59049,1,mixed_fraction,This is a bounded computational sample. It does not prove the complete associate-class structure of the infinite monoid.
3152,166469/59049,1,166469/59049,1,mixed_fraction,This is a bounded computational sample. It does not prove the complete associate-class structure of the infinite monoid.
3153,166550/59049,1,166550/59049,1,mixed_fraction,This is a bounded computational sample. It does not prove the complete associate-class structure of the infinite monoid.
3154,166741/59049,1,166741/59049,1,mixed_fraction,This is a bounded computational sample. It does not prove the complete associate-class structure of the infinite monoid.
3155,166786/59049,1,166786/59049,1,mixed_fraction,This is a bounded computational sample. It does not prove the complete associate-class structure of the infinite monoid.
3156,166822/59049,1,166822/59049,1,mixed_fraction,This is a bounded computational sample. It does not prove the complete associate-class structure of the infinite monoid.
3157,167045/59049,1,167045/59049,1,mixed_fraction,This is a bounded computational sample. It does not prove the complete associate-class structure of the infinite monoid.
3158,167234/59049,1,167234/59049,1,mixed_fraction,This is a bounded computational sample. It does not prove the complete associate-class structure of the infinite monoid.
3159,167317/59049,1,167317/59049,1,mixed_fraction,This is a bounded computational sample. It does not prove the complete associate-class structure of the infinite monoid.
3160,167398/59049,1,167398/59049,1,mixed_fraction,This is a bounded computational sample. It does not prove the complete associate-class structure of the infinite monoid.
3161,167713/59049,1,167713/59049,1,mixed_fraction,This is a bounded computational sample. It does not prove the complete associate-class structure of the infinite monoid.
3162,167749/59049,1,167749/59049,1,mixed_fraction,This is a bounded computational sample. It does not prove the complete associate-class structure of the infinite monoid.
3163,167765/59049,1,167765/59049,1,mixed_fraction,This is a bounded computational sample. It does not prove the complete associate-class structure of the infinite monoid.
3164,167810/59049,1,167810/59049,1,mixed_fraction,This is a bounded computational sample. It does not prove the complete associate-class structure of the infinite monoid.
3165,167830/59049,1,167830/59049,1,mixed_fraction,This is a bounded computational sample. It does not prove the complete associate-class structure of the infinite monoid.
3166,167846/59049,1,167846/59049,1,mixed_fraction,This is a bounded computational sample. It does not prove the complete associate-class structure of the infinite monoid.
3167,168325/59049,1,168325/59049,1,mixed_fraction,This is a bounded computational sample. It does not prove the complete associate-class structure of the infinite monoid.
3168,168341/59049,1,168341/59049,1,mixed_fraction,This is a bounded computational sample. It does not prove the complete associate-class structure of the infinite monoid.
3169,168422/59049,1,168422/59049,1,mixed_fraction,This is a bounded computational sample. It does not prove the complete associate-class structure of the infinite monoid.
3170,168694/59049,1,168694/59049,1,mixed_fraction,This is a bounded computational sample. It does not prove the complete associate-class structure of the infinite monoid.
3171,168737/59049,1,168737/59049,1,mixed_fraction,This is a bounded computational sample. It does not prove the complete associate-class structure of the infinite monoid.
3172,168773/59049,1,168773/59049,1,mixed_fraction,This is a bounded computational sample. It does not prove the complete associate-class structure of the infinite monoid.
3173,168854/59049,1,168854/59049,1,mixed_fraction,This is a bounded computational sample. It does not prove the complete associate-class structure of the infinite monoid.
3174,169045/59049,1,169045/59049,1,mixed_fraction,This is a bounded computational sample. It does not prove the complete associate-class structure of the infinite monoid.
3175,169090/59049,1,169090/59049,1,mixed_fraction,This is a bounded computational sample. It does not prove the complete associate-class structure of the infinite monoid.
3176,169126/59049,1,169126/59049,1,mixed_fraction,This is a bounded computational sample. It does not prove the complete associate-class structure of the infinite monoid.
3177,169349/59049,1,169349/59049,1,mixed_fraction,This is a bounded computational sample. It does not prove the complete associate-class structure of the infinite monoid.
3178,169621/59049,1,169621/59049,1,mixed_fraction,This is a bounded computational sample. It does not prove the complete associate-class structure of the infinite monoid.
3179,169666/59049,1,169666/59049,1,mixed_fraction,This is a bounded computational sample. It does not prove the complete associate-class structure of the infinite monoid.
3180,169702/59049,1,169702/59049,1,mixed_fraction,This is a bounded computational sample. It does not prove the complete associate-class structure of the infinite monoid.
3181,169718/59049,1,169718/59049,1,mixed_fraction,This is a bounded computational sample. It does not prove the complete associate-class structure of the infinite monoid.
3182,170017/59049,1,170017/59049,1,mixed_fraction,This is a bounded computational sample. It does not prove the complete associate-class structure of the infinite monoid.
3183,170069/59049,1,170069/59049,1,mixed_fraction,This is a bounded computational sample. It does not prove the complete associate-class structure of the infinite monoid.
3184,170114/59049,1,170114/59049,1,mixed_fraction,This is a bounded computational sample. It does not prove the complete associate-class structure of the infinite monoid.
3185,170150/59049,1,170150/59049,1,mixed_fraction,This is a bounded computational sample. It does not prove the complete associate-class structure of the infinite monoid.
3186,170629/59049,1,170629/59049,1,mixed_fraction,This is a bounded computational sample. It does not prove the complete associate-class structure of the infinite monoid.
3187,170645/59049,1,170645/59049,1,mixed_fraction,This is a bounded computational sample. It does not prove the complete associate-class structure of the infinite monoid.
3188,170690/59049,1,170690/59049,1,mixed_fraction,This is a bounded computational sample. It does not prove the complete associate-class structure of the infinite monoid.
3189,170726/59049,1,170726/59049,1,mixed_fraction,This is a bounded computational sample. It does not prove the complete associate-class structure of the infinite monoid.
3190,170998/59049,1,170998/59049,1,mixed_fraction,This is a bounded computational sample. It does not prove the complete associate-class structure of the infinite monoid.
3191,171041/59049,1,171041/59049,1,mixed_fraction,This is a bounded computational sample. It does not prove the complete associate-class structure of the infinite monoid.
3192,171394/59049,1,171394/59049,1,mixed_fraction,This is a bounded computational sample. It does not prove the complete associate-class structure of the infinite monoid.
3193,171610/59049,1,171610/59049,1,mixed_fraction,This is a bounded computational sample. It does not prove the complete associate-class structure of the infinite monoid.
3194,171653/59049,1,171653/59049,1,mixed_fraction,This is a bounded computational sample. It does not prove the complete associate-class structure of the infinite monoid.
3195,171925/59049,1,171925/59049,1,mixed_fraction,This is a bounded computational sample. It does not prove the complete associate-class structure of the infinite monoid.
3196,171970/59049,1,171970/59049,1,mixed_fraction,This is a bounded computational sample. It does not prove the complete associate-class structure of the infinite monoid.
3197,172006/59049,1,172006/59049,1,mixed_fraction,This is a bounded computational sample. It does not prove the complete associate-class structure of the infinite monoid.
3198,172022/59049,1,172022/59049,1,mixed_fraction,This is a bounded computational sample. It does not prove the complete associate-class structure of the infinite monoid.
3199,172418/59049,1,172418/59049,1,mixed_fraction,This is a bounded computational sample. It does not prove the complete associate-class structure of the infinite monoid.
3200,172501/59049,1,172501/59049,1,mixed_fraction,This is a bounded computational sample. It does not prove the complete associate-class structure of the infinite monoid.
3201,172582/59049,1,172582/59049,1,mixed_fraction,This is a bounded computational sample. It does not prove the complete associate-class structure of the infinite monoid.
3202,172634/59049,1,172634/59049,1,mixed_fraction,This is a bounded computational sample. It does not prove the complete associate-class structure of the infinite monoid.
3203,172933/59049,1,172933/59049,1,mixed_fraction,This is a bounded computational sample. It does not prove the complete associate-class structure of the infinite monoid.
3204,172949/59049,1,172949/59049,1,mixed_fraction,This is a bounded computational sample. It does not prove the complete associate-class structure of the infinite monoid.
3205,172994/59049,1,172994/59049,1,mixed_fraction,This is a bounded computational sample. It does not prove the complete associate-class structure of the infinite monoid.
3206,173030/59049,1,173030/59049,1,mixed_fraction,This is a bounded computational sample. It does not prove the complete associate-class structure of the infinite monoid.
3207,173302/59049,1,173302/59049,1,mixed_fraction,This is a bounded computational sample. It does not prove the complete associate-class structure of the infinite monoid.
3208,173525/59049,1,173525/59049,1,mixed_fraction,This is a bounded computational sample. It does not prove the complete associate-class structure of the infinite monoid.
3209,173606/59049,1,173606/59049,1,mixed_fraction,This is a bounded computational sample. It does not prove the complete associate-class structure of the infinite monoid.
3210,173797/59049,1,173797/59049,1,mixed_fraction,This is a bounded computational sample. It does not prove the complete associate-class structure of the infinite monoid.
3211,173878/59049,1,173878/59049,1,mixed_fraction,This is a bounded computational sample. It does not prove the complete associate-class structure of the infinite monoid.
3212,173914/59049,1,173914/59049,1,mixed_fraction,This is a bounded computational sample. It does not prove the complete associate-class structure of the infinite monoid.
3213,173957/59049,1,173957/59049,1,mixed_fraction,This is a bounded computational sample. It does not prove the complete associate-class structure of the infinite monoid.
3214,174229/59049,1,174229/59049,1,mixed_fraction,This is a bounded computational sample. It does not prove the complete associate-class structure of the infinite monoid.
3215,174274/59049,1,174274/59049,1,mixed_fraction,This is a bounded computational sample. It does not prove the complete associate-class structure of the infinite monoid.
3216,174310/59049,1,174310/59049,1,mixed_fraction,This is a bounded computational sample. It does not prove the complete associate-class structure of the infinite monoid.
3217,174326/59049,1,174326/59049,1,mixed_fraction,This is a bounded computational sample. It does not prove the complete associate-class structure of the infinite monoid.
3218,174805/59049,1,174805/59049,1,mixed_fraction,This is a bounded computational sample. It does not prove the complete associate-class structure of the infinite monoid.
3219,174821/59049,1,174821/59049,1,mixed_fraction,This is a bounded computational sample. It does not prove the complete associate-class structure of the infinite monoid.
3220,174886/59049,1,174886/59049,1,mixed_fraction,This is a bounded computational sample. It does not prove the complete associate-class structure of the infinite monoid.
3221,174902/59049,1,174902/59049,1,mixed_fraction,This is a bounded computational sample. It does not prove the complete associate-class structure of the infinite monoid.
3222,174938/59049,1,174938/59049,1,mixed_fraction,This is a bounded computational sample. It does not prove the complete associate-class structure of the infinite monoid.
3223,175253/59049,1,175253/59049,1,mixed_fraction,This is a bounded computational sample. It does not prove the complete associate-class structure of the infinite monoid.
3224,175298/59049,1,175298/59049,1,mixed_fraction,This is a bounded computational sample. It does not prove the complete associate-class structure of the infinite monoid.
3225,175334/59049,1,175334/59049,1,mixed_fraction,This is a bounded computational sample. It does not prove the complete associate-class structure of the infinite monoid.
3226,175606/59049,1,175606/59049,1,mixed_fraction,This is a bounded computational sample. It does not prove the complete associate-class structure of the infinite monoid.
3227,175829/59049,1,175829/59049,1,mixed_fraction,This is a bounded computational sample. It does not prove the complete associate-class structure of the infinite monoid.
3228,175910/59049,1,175910/59049,1,mixed_fraction,This is a bounded computational sample. It does not prove the complete associate-class structure of the infinite monoid.
3229,176101/59049,1,176101/59049,1,mixed_fraction,This is a bounded computational sample. It does not prove the complete associate-class structure of the infinite monoid.
3230,176182/59049,1,176182/59049,1,mixed_fraction,This is a bounded computational sample. It does not prove the complete associate-class structure of the infinite monoid.
3231,176218/59049,1,176218/59049,1,mixed_fraction,This is a bounded computational sample. It does not prove the complete associate-class structure of the infinite monoid.
3232,176578/59049,1,176578/59049,1,mixed_fraction,This is a bounded computational sample. It does not prove the complete associate-class structure of the infinite monoid.
3233,176630/59049,1,176630/59049,1,mixed_fraction,This is a bounded computational sample. It does not prove the complete associate-class structure of the infinite monoid.
3234,176794/59049,1,176794/59049,1,mixed_fraction,This is a bounded computational sample. It does not prove the complete associate-class structure of the infinite monoid.
3235,177109/59049,1,177109/59049,1,mixed_fraction,This is a bounded computational sample. It does not prove the complete associate-class structure of the infinite monoid.
3236,177125/59049,1,177125/59049,1,mixed_fraction,This is a bounded computational sample. It does not prove the complete associate-class structure of the infinite monoid.
3237,177190/59049,1,177190/59049,1,mixed_fraction,This is a bounded computational sample. It does not prove the complete associate-class structure of the infinite monoid.
3238,177206/59049,1,177206/59049,1,mixed_fraction,This is a bounded computational sample. It does not prove the complete associate-class structure of the infinite monoid.
3239,177242/59049,1,177242/59049,1,mixed_fraction,This is a bounded computational sample. It does not prove the complete associate-class structure of the infinite monoid.
3240,177602/59049,1,177602/59049,1,mixed_fraction,This is a bounded computational sample. It does not prove the complete associate-class structure of the infinite monoid.
3241,177685/59049,1,177685/59049,1,mixed_fraction,This is a bounded computational sample. It does not prove the complete associate-class structure of the infinite monoid.
3242,177818/59049,1,177818/59049,1,mixed_fraction,This is a bounded computational sample. It does not prove the complete associate-class structure of the infinite monoid.
3243,178133/59049,1,178133/59049,1,mixed_fraction,This is a bounded computational sample. It does not prove the complete associate-class structure of the infinite monoid.
3244,178171/59049,1,178171/59049,1,mixed_fraction,This is a bounded computational sample. It does not prove the complete associate-class structure of the infinite monoid.
3245,178214/59049,1,178214/59049,1,mixed_fraction,This is a bounded computational sample. It does not prove the complete associate-class structure of the infinite monoid.
3246,178405/59049,1,178405/59049,1,mixed_fraction,This is a bounded computational sample. It does not prove the complete associate-class structure of the infinite monoid.
3247,178486/59049,1,178486/59049,1,mixed_fraction,This is a bounded computational sample. It does not prove the complete associate-class structure of the infinite monoid.
3248,178522/59049,1,178522/59049,1,mixed_fraction,This is a bounded computational sample. It does not prove the complete associate-class structure of the infinite monoid.
3249,178709/59049,1,178709/59049,1,mixed_fraction,This is a bounded computational sample. It does not prove the complete associate-class structure of the infinite monoid.
3250,178981/59049,1,178981/59049,1,mixed_fraction,This is a bounded computational sample. It does not prove the complete associate-class structure of the infinite monoid.
3251,179062/59049,1,179062/59049,1,mixed_fraction,This is a bounded computational sample. It does not prove the complete associate-class structure of the infinite monoid.
3252,179098/59049,1,179098/59049,1,mixed_fraction,This is a bounded computational sample. It does not prove the complete associate-class structure of the infinite monoid.
3253,179195/59049,1,179195/59049,1,mixed_fraction,This is a bounded computational sample. It does not prove the complete associate-class structure of the infinite monoid.
3254,179413/59049,1,179413/59049,1,mixed_fraction,This is a bounded computational sample. It does not prove the complete associate-class structure of the infinite monoid.
3255,179429/59049,1,179429/59049,1,mixed_fraction,This is a bounded computational sample. It does not prove the complete associate-class structure of the infinite monoid.
3256,179494/59049,1,179494/59049,1,mixed_fraction,This is a bounded computational sample. It does not prove the complete associate-class structure of the infinite monoid.
3257,179510/59049,1,179510/59049,1,mixed_fraction,This is a bounded computational sample. It does not prove the complete associate-class structure of the infinite monoid.
3258,179546/59049,1,179546/59049,1,mixed_fraction,This is a bounded computational sample. It does not prove the complete associate-class structure of the infinite monoid.
3259,179989/59049,1,179989/59049,1,mixed_fraction,This is a bounded computational sample. It does not prove the complete associate-class structure of the infinite monoid.
3260,180005/59049,1,180005/59049,1,mixed_fraction,This is a bounded computational sample. It does not prove the complete associate-class structure of the infinite monoid.
3261,180086/59049,1,180086/59049,1,mixed_fraction,This is a bounded computational sample. It does not prove the complete associate-class structure of the infinite monoid.
3262,180122/59049,1,180122/59049,1,mixed_fraction,This is a bounded computational sample. It does not prove the complete associate-class structure of the infinite monoid.
3263,180358/59049,1,180358/59049,1,mixed_fraction,This is a bounded computational sample. It does not prove the complete associate-class structure of the infinite monoid.
3264,180437/59049,1,180437/59049,1,mixed_fraction,This is a bounded computational sample. It does not prove the complete associate-class structure of the infinite monoid.
3265,180475/59049,1,180475/59049,1,mixed_fraction,This is a bounded computational sample. It does not prove the complete associate-class structure of the infinite monoid.
3266,180518/59049,1,180518/59049,1,mixed_fraction,This is a bounded computational sample. It does not prove the complete associate-class structure of the infinite monoid.
3267,180709/59049,1,180709/59049,1,mixed_fraction,This is a bounded computational sample. It does not prove the complete associate-class structure of the infinite monoid.
3268,180790/59049,1,180790/59049,1,mixed_fraction,This is a bounded computational sample. It does not prove the complete associate-class structure of the infinite monoid.
3269,181013/59049,1,181013/59049,1,mixed_fraction,This is a bounded computational sample. It does not prove the complete associate-class structure of the infinite monoid.
3270,181285/59049,1,181285/59049,1,mixed_fraction,This is a bounded computational sample. It does not prove the complete associate-class structure of the infinite monoid.
3271,181366/59049,1,181366/59049,1,mixed_fraction,This is a bounded computational sample. It does not prove the complete associate-class structure of the infinite monoid.
3272,181382/59049,1,181382/59049,1,mixed_fraction,This is a bounded computational sample. It does not prove the complete associate-class structure of the infinite monoid.
3273,181402/59049,1,181402/59049,1,mixed_fraction,This is a bounded computational sample. It does not prove the complete associate-class structure of the infinite monoid.
3274,181499/59049,1,181499/59049,1,mixed_fraction,This is a bounded computational sample. It does not prove the complete associate-class structure of the infinite monoid.
3275,181733/59049,1,181733/59049,1,mixed_fraction,This is a bounded computational sample. It does not prove the complete associate-class structure of the infinite monoid.
3276,181814/59049,1,181814/59049,1,mixed_fraction,This is a bounded computational sample. It does not prove the complete associate-class structure of the infinite monoid.
3277,181978/59049,1,181978/59049,1,mixed_fraction,This is a bounded computational sample. It does not prove the complete associate-class structure of the infinite monoid.
3278,182293/59049,1,182293/59049,1,mixed_fraction,This is a bounded computational sample. It does not prove the complete associate-class structure of the infinite monoid.
3279,182309/59049,1,182309/59049,1,mixed_fraction,This is a bounded computational sample. It does not prove the complete associate-class structure of the infinite monoid.
3280,182390/59049,1,182390/59049,1,mixed_fraction,This is a bounded computational sample. It does not prove the complete associate-class structure of the infinite monoid.
3281,182426/59049,1,182426/59049,1,mixed_fraction,This is a bounded computational sample. It does not prove the complete associate-class structure of the infinite monoid.
3282,182662/59049,1,182662/59049,1,mixed_fraction,This is a bounded computational sample. It does not prove the complete associate-class structure of the infinite monoid.
3283,182779/59049,1,182779/59049,1,mixed_fraction,This is a bounded computational sample. It does not prove the complete associate-class structure of the infinite monoid.
3284,183002/59049,1,183002/59049,1,mixed_fraction,This is a bounded computational sample. It does not prove the complete associate-class structure of the infinite monoid.
3285,183274/59049,1,183274/59049,1,mixed_fraction,This is a bounded computational sample. It does not prove the complete associate-class structure of the infinite monoid.
3286,183317/59049,1,183317/59049,1,mixed_fraction,This is a bounded computational sample. It does not prove the complete associate-class structure of the infinite monoid.
3287,183355/59049,1,183355/59049,1,mixed_fraction,This is a bounded computational sample. It does not prove the complete associate-class structure of the infinite monoid.
3288,183589/59049,1,183589/59049,1,mixed_fraction,This is a bounded computational sample. It does not prove the complete associate-class structure of the infinite monoid.
3289,183670/59049,1,183670/59049,1,mixed_fraction,This is a bounded computational sample. It does not prove the complete associate-class structure of the infinite monoid.
3290,183686/59049,1,183686/59049,1,mixed_fraction,This is a bounded computational sample. It does not prove the complete associate-class structure of the infinite monoid.
3291,183706/59049,1,183706/59049,1,mixed_fraction,This is a bounded computational sample. It does not prove the complete associate-class structure of the infinite monoid.
3292,183803/59049,1,183803/59049,1,mixed_fraction,This is a bounded computational sample. It does not prove the complete associate-class structure of the infinite monoid.
3293,184165/59049,1,184165/59049,1,mixed_fraction,This is a bounded computational sample. It does not prove the complete associate-class structure of the infinite monoid.
3294,184246/59049,1,184246/59049,1,mixed_fraction,This is a bounded computational sample. It does not prove the complete associate-class structure of the infinite monoid.
3295,184282/59049,1,184282/59049,1,mixed_fraction,This is a bounded computational sample. It does not prove the complete associate-class structure of the infinite monoid.
3296,184298/59049,1,184298/59049,1,mixed_fraction,This is a bounded computational sample. It does not prove the complete associate-class structure of the infinite monoid.
3297,184379/59049,1,184379/59049,1,mixed_fraction,This is a bounded computational sample. It does not prove the complete associate-class structure of the infinite monoid.
3298,184597/59049,1,184597/59049,1,mixed_fraction,This is a bounded computational sample. It does not prove the complete associate-class structure of the infinite monoid.
3299,184613/59049,1,184613/59049,1,mixed_fraction,This is a bounded computational sample. It does not prove the complete associate-class structure of the infinite monoid.
3300,184694/59049,1,184694/59049,1,mixed_fraction,This is a bounded computational sample. It does not prove the complete associate-class structure of the infinite monoid.
3301,184730/59049,1,184730/59049,1,mixed_fraction,This is a bounded computational sample. It does not prove the complete associate-class structure of the infinite monoid.
3302,184966/59049,1,184966/59049,1,mixed_fraction,This is a bounded computational sample. It does not prove the complete associate-class structure of the infinite monoid.
3303,185083/59049,1,185083/59049,1,mixed_fraction,This is a bounded computational sample. It does not prove the complete associate-class structure of the infinite monoid.
3304,185189/59049,1,185189/59049,1,mixed_fraction,This is a bounded computational sample. It does not prove the complete associate-class structure of the infinite monoid.
3305,185270/59049,1,185270/59049,1,mixed_fraction,This is a bounded computational sample. It does not prove the complete associate-class structure of the infinite monoid.
3306,185306/59049,1,185306/59049,1,mixed_fraction,This is a bounded computational sample. It does not prove the complete associate-class structure of the infinite monoid.
3307,185542/59049,1,185542/59049,1,mixed_fraction,This is a bounded computational sample. It does not prove the complete associate-class structure of the infinite monoid.
3308,185578/59049,1,185578/59049,1,mixed_fraction,This is a bounded computational sample. It does not prove the complete associate-class structure of the infinite monoid.
3309,185621/59049,1,185621/59049,1,mixed_fraction,This is a bounded computational sample. It does not prove the complete associate-class structure of the infinite monoid.
3310,185659/59049,1,185659/59049,1,mixed_fraction,This is a bounded computational sample. It does not prove the complete associate-class structure of the infinite monoid.
3311,185893/59049,1,185893/59049,1,mixed_fraction,This is a bounded computational sample. It does not prove the complete associate-class structure of the infinite monoid.
3312,185974/59049,1,185974/59049,1,mixed_fraction,This is a bounded computational sample. It does not prove the complete associate-class structure of the infinite monoid.
3313,185990/59049,1,185990/59049,1,mixed_fraction,This is a bounded computational sample. It does not prove the complete associate-class structure of the infinite monoid.
3314,186107/59049,1,186107/59049,1,mixed_fraction,This is a bounded computational sample. It does not prove the complete associate-class structure of the infinite monoid.
3315,186469/59049,1,186469/59049,1,mixed_fraction,This is a bounded computational sample. It does not prove the complete associate-class structure of the infinite monoid.
3316,186550/59049,1,186550/59049,1,mixed_fraction,This is a bounded computational sample. It does not prove the complete associate-class structure of the infinite monoid.
3317,186566/59049,1,186566/59049,1,mixed_fraction,This is a bounded computational sample. It does not prove the complete associate-class structure of the infinite monoid.
3318,186586/59049,1,186586/59049,1,mixed_fraction,This is a bounded computational sample. It does not prove the complete associate-class structure of the infinite monoid.
3319,186602/59049,1,186602/59049,1,mixed_fraction,This is a bounded computational sample. It does not prove the complete associate-class structure of the infinite monoid.
3320,186683/59049,1,186683/59049,1,mixed_fraction,This is a bounded computational sample. It does not prove the complete associate-class structure of the infinite monoid.
3321,186917/59049,1,186917/59049,1,mixed_fraction,This is a bounded computational sample. It does not prove the complete associate-class structure of the infinite monoid.
3322,186998/59049,1,186998/59049,1,mixed_fraction,This is a bounded computational sample. It does not prove the complete associate-class structure of the infinite monoid.
3323,187162/59049,1,187162/59049,1,mixed_fraction,This is a bounded computational sample. It does not prove the complete associate-class structure of the infinite monoid.
3324,187270/59049,1,187270/59049,1,mixed_fraction,This is a bounded computational sample. It does not prove the complete associate-class structure of the infinite monoid.
3325,187493/59049,1,187493/59049,1,mixed_fraction,This is a bounded computational sample. It does not prove the complete associate-class structure of the infinite monoid.
3326,187574/59049,1,187574/59049,1,mixed_fraction,This is a bounded computational sample. It does not prove the complete associate-class structure of the infinite monoid.
3327,187610/59049,1,187610/59049,1,mixed_fraction,This is a bounded computational sample. It does not prove the complete associate-class structure of the infinite monoid.
3328,187846/59049,1,187846/59049,1,mixed_fraction,This is a bounded computational sample. It does not prove the complete associate-class structure of the infinite monoid.
3329,187882/59049,1,187882/59049,1,mixed_fraction,This is a bounded computational sample. It does not prove the complete associate-class structure of the infinite monoid.
3330,187963/59049,1,187963/59049,1,mixed_fraction,This is a bounded computational sample. It does not prove the complete associate-class structure of the infinite monoid.
3331,188186/59049,1,188186/59049,1,mixed_fraction,This is a bounded computational sample. It does not prove the complete associate-class structure of the infinite monoid.
3332,188294/59049,1,188294/59049,1,mixed_fraction,This is a bounded computational sample. It does not prove the complete associate-class structure of the infinite monoid.
3333,188458/59049,1,188458/59049,1,mixed_fraction,This is a bounded computational sample. It does not prove the complete associate-class structure of the infinite monoid.
3334,188539/59049,1,188539/59049,1,mixed_fraction,This is a bounded computational sample. It does not prove the complete associate-class structure of the infinite monoid.
3335,188773/59049,1,188773/59049,1,mixed_fraction,This is a bounded computational sample. It does not prove the complete associate-class structure of the infinite monoid.
3336,188854/59049,1,188854/59049,1,mixed_fraction,This is a bounded computational sample. It does not prove the complete associate-class structure of the infinite monoid.
3337,188870/59049,1,188870/59049,1,mixed_fraction,This is a bounded computational sample. It does not prove the complete associate-class structure of the infinite monoid.
3338,188890/59049,1,188890/59049,1,mixed_fraction,This is a bounded computational sample. It does not prove the complete associate-class structure of the infinite monoid.
3339,188906/59049,1,188906/59049,1,mixed_fraction,This is a bounded computational sample. It does not prove the complete associate-class structure of the infinite monoid.
3340,188987/59049,1,188987/59049,1,mixed_fraction,This is a bounded computational sample. It does not prove the complete associate-class structure of the infinite monoid.
3341,189349/59049,1,189349/59049,1,mixed_fraction,This is a bounded computational sample. It does not prove the complete associate-class structure of the infinite monoid.
3342,189466/59049,1,189466/59049,1,mixed_fraction,This is a bounded computational sample. It does not prove the complete associate-class structure of the infinite monoid.
3343,189482/59049,1,189482/59049,1,mixed_fraction,This is a bounded computational sample. It does not prove the complete associate-class structure of the infinite monoid.
3344,189563/59049,1,189563/59049,1,mixed_fraction,This is a bounded computational sample. It does not prove the complete associate-class structure of the infinite monoid.
3345,189797/59049,1,189797/59049,1,mixed_fraction,This is a bounded computational sample. It does not prove the complete associate-class structure of the infinite monoid.
3346,189835/59049,1,189835/59049,1,mixed_fraction,This is a bounded computational sample. It does not prove the complete associate-class structure of the infinite monoid.
3347,189878/59049,1,189878/59049,1,mixed_fraction,This is a bounded computational sample. It does not prove the complete associate-class structure of the infinite monoid.
3348,189914/59049,1,189914/59049,1,mixed_fraction,This is a bounded computational sample. It does not prove the complete associate-class structure of the infinite monoid.
3349,190150/59049,1,190150/59049,1,mixed_fraction,This is a bounded computational sample. It does not prove the complete associate-class structure of the infinite monoid.
3350,190186/59049,1,190186/59049,1,mixed_fraction,This is a bounded computational sample. It does not prove the complete associate-class structure of the infinite monoid.
3351,190267/59049,1,190267/59049,1,mixed_fraction,This is a bounded computational sample. It does not prove the complete associate-class structure of the infinite monoid.
3352,190373/59049,1,190373/59049,1,mixed_fraction,This is a bounded computational sample. It does not prove the complete associate-class structure of the infinite monoid.
3353,190490/59049,1,190490/59049,1,mixed_fraction,This is a bounded computational sample. It does not prove the complete associate-class structure of the infinite monoid.
3354,190726/59049,1,190726/59049,1,mixed_fraction,This is a bounded computational sample. It does not prove the complete associate-class structure of the infinite monoid.
3355,190762/59049,1,190762/59049,1,mixed_fraction,This is a bounded computational sample. It does not prove the complete associate-class structure of the infinite monoid.
3356,190843/59049,1,190843/59049,1,mixed_fraction,This is a bounded computational sample. It does not prove the complete associate-class structure of the infinite monoid.
3357,190859/59049,1,190859/59049,1,mixed_fraction,This is a bounded computational sample. It does not prove the complete associate-class structure of the infinite monoid.
3358,191077/59049,1,191077/59049,1,mixed_fraction,This is a bounded computational sample. It does not prove the complete associate-class structure of the infinite monoid.
3359,191158/59049,1,191158/59049,1,mixed_fraction,This is a bounded computational sample. It does not prove the complete associate-class structure of the infinite monoid.
3360,191174/59049,1,191174/59049,1,mixed_fraction,This is a bounded computational sample. It does not prove the complete associate-class structure of the infinite monoid.
3361,191210/59049,1,191210/59049,1,mixed_fraction,This is a bounded computational sample. It does not prove the complete associate-class structure of the infinite monoid.
3362,191291/59049,1,191291/59049,1,mixed_fraction,This is a bounded computational sample. It does not prove the complete associate-class structure of the infinite monoid.
3363,191653/59049,1,191653/59049,1,mixed_fraction,This is a bounded computational sample. It does not prove the complete associate-class structure of the infinite monoid.
3364,191750/59049,1,191750/59049,1,mixed_fraction,This is a bounded computational sample. It does not prove the complete associate-class structure of the infinite monoid.
3365,191770/59049,1,191770/59049,1,mixed_fraction,This is a bounded computational sample. It does not prove the complete associate-class structure of the infinite monoid.
3366,191786/59049,1,191786/59049,1,mixed_fraction,This is a bounded computational sample. It does not prove the complete associate-class structure of the infinite monoid.
3367,191867/59049,1,191867/59049,1,mixed_fraction,This is a bounded computational sample. It does not prove the complete associate-class structure of the infinite monoid.
3368,192101/59049,1,192101/59049,1,mixed_fraction,This is a bounded computational sample. It does not prove the complete associate-class structure of the infinite monoid.
3369,192139/59049,1,192139/59049,1,mixed_fraction,This is a bounded computational sample. It does not prove the complete associate-class structure of the infinite monoid.
3370,192182/59049,1,192182/59049,1,mixed_fraction,This is a bounded computational sample. It does not prove the complete associate-class structure of the infinite monoid.
3371,192454/59049,1,192454/59049,1,mixed_fraction,This is a bounded computational sample. It does not prove the complete associate-class structure of the infinite monoid.
3372,192677/59049,1,192677/59049,1,mixed_fraction,This is a bounded computational sample. It does not prove the complete associate-class structure of the infinite monoid.
3373,192794/59049,1,192794/59049,1,mixed_fraction,This is a bounded computational sample. It does not prove the complete associate-class structure of the infinite monoid.
3374,193030/59049,1,193030/59049,1,mixed_fraction,This is a bounded computational sample. It does not prove the complete associate-class structure of the infinite monoid.
3375,193066/59049,1,193066/59049,1,mixed_fraction,This is a bounded computational sample. It does not prove the complete associate-class structure of the infinite monoid.
3376,193147/59049,1,193147/59049,1,mixed_fraction,This is a bounded computational sample. It does not prove the complete associate-class structure of the infinite monoid.
3377,193163/59049,1,193163/59049,1,mixed_fraction,This is a bounded computational sample. It does not prove the complete associate-class structure of the infinite monoid.
3378,193478/59049,1,193478/59049,1,mixed_fraction,This is a bounded computational sample. It does not prove the complete associate-class structure of the infinite monoid.
3379,193642/59049,1,193642/59049,1,mixed_fraction,This is a bounded computational sample. It does not prove the complete associate-class structure of the infinite monoid.
3380,193723/59049,1,193723/59049,1,mixed_fraction,This is a bounded computational sample. It does not prove the complete associate-class structure of the infinite monoid.
3381,193957/59049,1,193957/59049,1,mixed_fraction,This is a bounded computational sample. It does not prove the complete associate-class structure of the infinite monoid.
3382,194054/59049,1,194054/59049,1,mixed_fraction,This is a bounded computational sample. It does not prove the complete associate-class structure of the infinite monoid.
3383,194074/59049,1,194074/59049,1,mixed_fraction,This is a bounded computational sample. It does not prove the complete associate-class structure of the infinite monoid.
3384,194090/59049,1,194090/59049,1,mixed_fraction,This is a bounded computational sample. It does not prove the complete associate-class structure of the infinite monoid.
3385,194171/59049,1,194171/59049,1,mixed_fraction,This is a bounded computational sample. It does not prove the complete associate-class structure of the infinite monoid.
3386,194443/59049,1,194443/59049,1,mixed_fraction,This is a bounded computational sample. It does not prove the complete associate-class structure of the infinite monoid.
3387,194666/59049,1,194666/59049,1,mixed_fraction,This is a bounded computational sample. It does not prove the complete associate-class structure of the infinite monoid.
3388,194747/59049,1,194747/59049,1,mixed_fraction,This is a bounded computational sample. It does not prove the complete associate-class structure of the infinite monoid.
3389,194938/59049,1,194938/59049,1,mixed_fraction,This is a bounded computational sample. It does not prove the complete associate-class structure of the infinite monoid.
3390,194981/59049,1,194981/59049,1,mixed_fraction,This is a bounded computational sample. It does not prove the complete associate-class structure of the infinite monoid.
3391,195019/59049,1,195019/59049,1,mixed_fraction,This is a bounded computational sample. It does not prove the complete associate-class structure of the infinite monoid.
3392,195098/59049,1,195098/59049,1,mixed_fraction,This is a bounded computational sample. It does not prove the complete associate-class structure of the infinite monoid.
3393,195334/59049,1,195334/59049,1,mixed_fraction,This is a bounded computational sample. It does not prove the complete associate-class structure of the infinite monoid.
3394,195370/59049,1,195370/59049,1,mixed_fraction,This is a bounded computational sample. It does not prove the complete associate-class structure of the infinite monoid.
3395,195451/59049,1,195451/59049,1,mixed_fraction,This is a bounded computational sample. It does not prove the complete associate-class structure of the infinite monoid.
3396,195467/59049,1,195467/59049,1,mixed_fraction,This is a bounded computational sample. It does not prove the complete associate-class structure of the infinite monoid.
3397,195910/59049,1,195910/59049,1,mixed_fraction,This is a bounded computational sample. It does not prove the complete associate-class structure of the infinite monoid.
3398,195946/59049,1,195946/59049,1,mixed_fraction,This is a bounded computational sample. It does not prove the complete associate-class structure of the infinite monoid.
3399,195962/59049,1,195962/59049,1,mixed_fraction,This is a bounded computational sample. It does not prove the complete associate-class structure of the infinite monoid.
3400,196027/59049,1,196027/59049,1,mixed_fraction,This is a bounded computational sample. It does not prove the complete associate-class structure of the infinite monoid.
3401,196043/59049,1,196043/59049,1,mixed_fraction,This is a bounded computational sample. It does not prove the complete associate-class structure of the infinite monoid.
3402,196261/59049,1,196261/59049,1,mixed_fraction,This is a bounded computational sample. It does not prove the complete associate-class structure of the infinite monoid.
3403,196358/59049,1,196358/59049,1,mixed_fraction,This is a bounded computational sample. It does not prove the complete associate-class structure of the infinite monoid.
3404,196394/59049,1,196394/59049,1,mixed_fraction,This is a bounded computational sample. It does not prove the complete associate-class structure of the infinite monoid.
3405,196475/59049,1,196475/59049,1,mixed_fraction,This is a bounded computational sample. It does not prove the complete associate-class structure of the infinite monoid.
3406,196747/59049,1,196747/59049,1,mixed_fraction,This is a bounded computational sample. It does not prove the complete associate-class structure of the infinite monoid.
3407,196934/59049,1,196934/59049,1,mixed_fraction,This is a bounded computational sample. It does not prove the complete associate-class structure of the infinite monoid.
3408,196970/59049,1,196970/59049,1,mixed_fraction,This is a bounded computational sample. It does not prove the complete associate-class structure of the infinite monoid.
3409,197051/59049,1,197051/59049,1,mixed_fraction,This is a bounded computational sample. It does not prove the complete associate-class structure of the infinite monoid.
3410,197242/59049,1,197242/59049,1,mixed_fraction,This is a bounded computational sample. It does not prove the complete associate-class structure of the infinite monoid.
3411,197285/59049,1,197285/59049,1,mixed_fraction,This is a bounded computational sample. It does not prove the complete associate-class structure of the infinite monoid.
3412,197323/59049,1,197323/59049,1,mixed_fraction,This is a bounded computational sample. It does not prove the complete associate-class structure of the infinite monoid.
3413,197638/59049,1,197638/59049,1,mixed_fraction,This is a bounded computational sample. It does not prove the complete associate-class structure of the infinite monoid.
3414,197771/59049,1,197771/59049,1,mixed_fraction,This is a bounded computational sample. It does not prove the complete associate-class structure of the infinite monoid.
3415,197854/59049,1,197854/59049,1,mixed_fraction,This is a bounded computational sample. It does not prove the complete associate-class structure of the infinite monoid.
3416,198214/59049,1,198214/59049,1,mixed_fraction,This is a bounded computational sample. It does not prove the complete associate-class structure of the infinite monoid.
3417,198250/59049,1,198250/59049,1,mixed_fraction,This is a bounded computational sample. It does not prove the complete associate-class structure of the infinite monoid.
3418,198266/59049,1,198266/59049,1,mixed_fraction,This is a bounded computational sample. It does not prove the complete associate-class structure of the infinite monoid.
3419,198331/59049,1,198331/59049,1,mixed_fraction,This is a bounded computational sample. It does not prove the complete associate-class structure of the infinite monoid.
3420,198347/59049,1,198347/59049,1,mixed_fraction,This is a bounded computational sample. It does not prove the complete associate-class structure of the infinite monoid.
3421,198662/59049,1,198662/59049,1,mixed_fraction,This is a bounded computational sample. It does not prove the complete associate-class structure of the infinite monoid.
3422,198826/59049,1,198826/59049,1,mixed_fraction,This is a bounded computational sample. It does not prove the complete associate-class structure of the infinite monoid.
3423,198878/59049,1,198878/59049,1,mixed_fraction,This is a bounded computational sample. It does not prove the complete associate-class structure of the infinite monoid.
3424,199238/59049,1,199238/59049,1,mixed_fraction,This is a bounded computational sample. It does not prove the complete associate-class structure of the infinite monoid.
3425,199274/59049,1,199274/59049,1,mixed_fraction,This is a bounded computational sample. It does not prove the complete associate-class structure of the infinite monoid.
3426,199355/59049,1,199355/59049,1,mixed_fraction,This is a bounded computational sample. It does not prove the complete associate-class structure of the infinite monoid.
3427,199546/59049,1,199546/59049,1,mixed_fraction,This is a bounded computational sample. It does not prove the complete associate-class structure of the infinite monoid.
3428,199627/59049,1,199627/59049,1,mixed_fraction,This is a bounded computational sample. It does not prove the complete associate-class structure of the infinite monoid.
3429,199850/59049,1,199850/59049,1,mixed_fraction,This is a bounded computational sample. It does not prove the complete associate-class structure of the infinite monoid.
3430,200122/59049,1,200122/59049,1,mixed_fraction,This is a bounded computational sample. It does not prove the complete associate-class structure of the infinite monoid.
3431,200158/59049,1,200158/59049,1,mixed_fraction,This is a bounded computational sample. It does not prove the complete associate-class structure of the infinite monoid.
3432,200203/59049,1,200203/59049,1,mixed_fraction,This is a bounded computational sample. It does not prove the complete associate-class structure of the infinite monoid.
3433,200518/59049,1,200518/59049,1,mixed_fraction,This is a bounded computational sample. It does not prove the complete associate-class structure of the infinite monoid.
3434,200554/59049,1,200554/59049,1,mixed_fraction,This is a bounded computational sample. It does not prove the complete associate-class structure of the infinite monoid.
3435,200570/59049,1,200570/59049,1,mixed_fraction,This is a bounded computational sample. It does not prove the complete associate-class structure of the infinite monoid.
3436,200635/59049,1,200635/59049,1,mixed_fraction,This is a bounded computational sample. It does not prove the complete associate-class structure of the infinite monoid.
3437,200651/59049,1,200651/59049,1,mixed_fraction,This is a bounded computational sample. It does not prove the complete associate-class structure of the infinite monoid.
3438,201130/59049,1,201130/59049,1,mixed_fraction,This is a bounded computational sample. It does not prove the complete associate-class structure of the infinite monoid.
3439,201146/59049,1,201146/59049,1,mixed_fraction,This is a bounded computational sample. It does not prove the complete associate-class structure of the infinite monoid.
3440,201182/59049,1,201182/59049,1,mixed_fraction,This is a bounded computational sample. It does not prove the complete associate-class structure of the infinite monoid.
3441,201227/59049,1,201227/59049,1,mixed_fraction,This is a bounded computational sample. It does not prove the complete associate-class structure of the infinite monoid.
3442,201499/59049,1,201499/59049,1,mixed_fraction,This is a bounded computational sample. It does not prove the complete associate-class structure of the infinite monoid.
3443,201542/59049,1,201542/59049,1,mixed_fraction,This is a bounded computational sample. It does not prove the complete associate-class structure of the infinite monoid.
3444,201578/59049,1,201578/59049,1,mixed_fraction,This is a bounded computational sample. It does not prove the complete associate-class structure of the infinite monoid.
3445,201659/59049,1,201659/59049,1,mixed_fraction,This is a bounded computational sample. It does not prove the complete associate-class structure of the infinite monoid.
3446,201850/59049,1,201850/59049,1,mixed_fraction,This is a bounded computational sample. It does not prove the complete associate-class structure of the infinite monoid.
3447,201931/59049,1,201931/59049,1,mixed_fraction,This is a bounded computational sample. It does not prove the complete associate-class structure of the infinite monoid.
3448,202154/59049,1,202154/59049,1,mixed_fraction,This is a bounded computational sample. It does not prove the complete associate-class structure of the infinite monoid.
3449,202426/59049,1,202426/59049,1,mixed_fraction,This is a bounded computational sample. It does not prove the complete associate-class structure of the infinite monoid.
3450,202462/59049,1,202462/59049,1,mixed_fraction,This is a bounded computational sample. It does not prove the complete associate-class structure of the infinite monoid.
3451,202507/59049,1,202507/59049,1,mixed_fraction,This is a bounded computational sample. It does not prove the complete associate-class structure of the infinite monoid.
3452,202523/59049,1,202523/59049,1,mixed_fraction,This is a bounded computational sample. It does not prove the complete associate-class structure of the infinite monoid.
3453,202822/59049,1,202822/59049,1,mixed_fraction,This is a bounded computational sample. It does not prove the complete associate-class structure of the infinite monoid.
3454,202874/59049,1,202874/59049,1,mixed_fraction,This is a bounded computational sample. It does not prove the complete associate-class structure of the infinite monoid.
3455,202955/59049,1,202955/59049,1,mixed_fraction,This is a bounded computational sample. It does not prove the complete associate-class structure of the infinite monoid.
3456,203038/59049,1,203038/59049,1,mixed_fraction,This is a bounded computational sample. It does not prove the complete associate-class structure of the infinite monoid.
3457,203434/59049,1,203434/59049,1,mixed_fraction,This is a bounded computational sample. It does not prove the complete associate-class structure of the infinite monoid.
3458,203450/59049,1,203450/59049,1,mixed_fraction,This is a bounded computational sample. It does not prove the complete associate-class structure of the infinite monoid.
3459,203486/59049,1,203486/59049,1,mixed_fraction,This is a bounded computational sample. It does not prove the complete associate-class structure of the infinite monoid.
3460,203531/59049,1,203531/59049,1,mixed_fraction,This is a bounded computational sample. It does not prove the complete associate-class structure of the infinite monoid.
3461,203803/59049,1,203803/59049,1,mixed_fraction,This is a bounded computational sample. It does not prove the complete associate-class structure of the infinite monoid.
3462,203846/59049,1,203846/59049,1,mixed_fraction,This is a bounded computational sample. It does not prove the complete associate-class structure of the infinite monoid.
3463,204062/59049,1,204062/59049,1,mixed_fraction,This is a bounded computational sample. It does not prove the complete associate-class structure of the infinite monoid.
3464,204415/59049,1,204415/59049,1,mixed_fraction,This is a bounded computational sample. It does not prove the complete associate-class structure of the infinite monoid.
3465,204458/59049,1,204458/59049,1,mixed_fraction,This is a bounded computational sample. It does not prove the complete associate-class structure of the infinite monoid.
3466,204730/59049,1,204730/59049,1,mixed_fraction,This is a bounded computational sample. It does not prove the complete associate-class structure of the infinite monoid.
3467,204766/59049,1,204766/59049,1,mixed_fraction,This is a bounded computational sample. It does not prove the complete associate-class structure of the infinite monoid.
3468,204811/59049,1,204811/59049,1,mixed_fraction,This is a bounded computational sample. It does not prove the complete associate-class structure of the infinite monoid.
3469,204827/59049,1,204827/59049,1,mixed_fraction,This is a bounded computational sample. It does not prove the complete associate-class structure of the infinite monoid.
3470,205306/59049,1,205306/59049,1,mixed_fraction,This is a bounded computational sample. It does not prove the complete associate-class structure of the infinite monoid.
3471,205342/59049,1,205342/59049,1,mixed_fraction,This is a bounded computational sample. It does not prove the complete associate-class structure of the infinite monoid.
3472,205387/59049,1,205387/59049,1,mixed_fraction,This is a bounded computational sample. It does not prove the complete associate-class structure of the infinite monoid.
3473,205439/59049,1,205439/59049,1,mixed_fraction,This is a bounded computational sample. It does not prove the complete associate-class structure of the infinite monoid.
3474,205738/59049,1,205738/59049,1,mixed_fraction,This is a bounded computational sample. It does not prove the complete associate-class structure of the infinite monoid.
3475,205754/59049,1,205754/59049,1,mixed_fraction,This is a bounded computational sample. It does not prove the complete associate-class structure of the infinite monoid.
3476,205790/59049,1,205790/59049,1,mixed_fraction,This is a bounded computational sample. It does not prove the complete associate-class structure of the infinite monoid.
3477,205835/59049,1,205835/59049,1,mixed_fraction,This is a bounded computational sample. It does not prove the complete associate-class structure of the infinite monoid.
3478,206107/59049,1,206107/59049,1,mixed_fraction,This is a bounded computational sample. It does not prove the complete associate-class structure of the infinite monoid.
3479,206330/59049,1,206330/59049,1,mixed_fraction,This is a bounded computational sample. It does not prove the complete associate-class structure of the infinite monoid.
3480,206366/59049,1,206366/59049,1,mixed_fraction,This is a bounded computational sample. It does not prove the complete associate-class structure of the infinite monoid.
3481,206411/59049,1,206411/59049,1,mixed_fraction,This is a bounded computational sample. It does not prove the complete associate-class structure of the infinite monoid.
3482,206602/59049,1,206602/59049,1,mixed_fraction,This is a bounded computational sample. It does not prove the complete associate-class structure of the infinite monoid.
3483,206683/59049,1,206683/59049,1,mixed_fraction,This is a bounded computational sample. It does not prove the complete associate-class structure of the infinite monoid.
3484,206719/59049,1,206719/59049,1,mixed_fraction,This is a bounded computational sample. It does not prove the complete associate-class structure of the infinite monoid.
3485,206762/59049,1,206762/59049,1,mixed_fraction,This is a bounded computational sample. It does not prove the complete associate-class structure of the infinite monoid.
3486,207034/59049,1,207034/59049,1,mixed_fraction,This is a bounded computational sample. It does not prove the complete associate-class structure of the infinite monoid.
3487,207115/59049,1,207115/59049,1,mixed_fraction,This is a bounded computational sample. It does not prove the complete associate-class structure of the infinite monoid.
3488,207131/59049,1,207131/59049,1,mixed_fraction,This is a bounded computational sample. It does not prove the complete associate-class structure of the infinite monoid.
3489,207610/59049,1,207610/59049,1,mixed_fraction,This is a bounded computational sample. It does not prove the complete associate-class structure of the infinite monoid.
3490,207626/59049,1,207626/59049,1,mixed_fraction,This is a bounded computational sample. It does not prove the complete associate-class structure of the infinite monoid.
3491,207646/59049,1,207646/59049,1,mixed_fraction,This is a bounded computational sample. It does not prove the complete associate-class structure of the infinite monoid.
3492,207691/59049,1,207691/59049,1,mixed_fraction,This is a bounded computational sample. It does not prove the complete associate-class structure of the infinite monoid.
3493,207707/59049,1,207707/59049,1,mixed_fraction,This is a bounded computational sample. It does not prove the complete associate-class structure of the infinite monoid.
3494,207743/59049,1,207743/59049,1,mixed_fraction,This is a bounded computational sample. It does not prove the complete associate-class structure of the infinite monoid.
3495,208058/59049,1,208058/59049,1,mixed_fraction,This is a bounded computational sample. It does not prove the complete associate-class structure of the infinite monoid.
3496,208139/59049,1,208139/59049,1,mixed_fraction,This is a bounded computational sample. It does not prove the complete associate-class structure of the infinite monoid.
3497,208222/59049,1,208222/59049,1,mixed_fraction,This is a bounded computational sample. It does not prove the complete associate-class structure of the infinite monoid.
3498,208411/59049,1,208411/59049,1,mixed_fraction,This is a bounded computational sample. It does not prove the complete associate-class structure of the infinite monoid.
3499,208634/59049,1,208634/59049,1,mixed_fraction,This is a bounded computational sample. It does not prove the complete associate-class structure of the infinite monoid.
3500,208670/59049,1,208670/59049,1,mixed_fraction,This is a bounded computational sample. It does not prove the complete associate-class structure of the infinite monoid.
3501,208715/59049,1,208715/59049,1,mixed_fraction,This is a bounded computational sample. It does not prove the complete associate-class structure of the infinite monoid.
3502,208906/59049,1,208906/59049,1,mixed_fraction,This is a bounded computational sample. It does not prove the complete associate-class structure of the infinite monoid.
3503,208987/59049,1,208987/59049,1,mixed_fraction,This is a bounded computational sample. It does not prove the complete associate-class structure of the infinite monoid.
3504,209023/59049,1,209023/59049,1,mixed_fraction,This is a bounded computational sample. It does not prove the complete associate-class structure of the infinite monoid.
3505,209246/59049,1,209246/59049,1,mixed_fraction,This is a bounded computational sample. It does not prove the complete associate-class structure of the infinite monoid.
3506,209435/59049,1,209435/59049,1,mixed_fraction,This is a bounded computational sample. It does not prove the complete associate-class structure of the infinite monoid.
3507,209518/59049,1,209518/59049,1,mixed_fraction,This is a bounded computational sample. It does not prove the complete associate-class structure of the infinite monoid.
3508,209599/59049,1,209599/59049,1,mixed_fraction,This is a bounded computational sample. It does not prove the complete associate-class structure of the infinite monoid.
3509,209914/59049,1,209914/59049,1,mixed_fraction,This is a bounded computational sample. It does not prove the complete associate-class structure of the infinite monoid.
3510,209930/59049,1,209930/59049,1,mixed_fraction,This is a bounded computational sample. It does not prove the complete associate-class structure of the infinite monoid.
3511,209950/59049,1,209950/59049,1,mixed_fraction,This is a bounded computational sample. It does not prove the complete associate-class structure of the infinite monoid.
3512,209995/59049,1,209995/59049,1,mixed_fraction,This is a bounded computational sample. It does not prove the complete associate-class structure of the infinite monoid.
3513,210011/59049,1,210011/59049,1,mixed_fraction,This is a bounded computational sample. It does not prove the complete associate-class structure of the infinite monoid.
3514,210047/59049,1,210047/59049,1,mixed_fraction,This is a bounded computational sample. It does not prove the complete associate-class structure of the infinite monoid.
3515,210490/59049,1,210490/59049,1,mixed_fraction,This is a bounded computational sample. It does not prove the complete associate-class structure of the infinite monoid.
3516,210526/59049,1,210526/59049,1,mixed_fraction,This is a bounded computational sample. It does not prove the complete associate-class structure of the infinite monoid.
3517,210542/59049,1,210542/59049,1,mixed_fraction,This is a bounded computational sample. It does not prove the complete associate-class structure of the infinite monoid.
3518,210623/59049,1,210623/59049,1,mixed_fraction,This is a bounded computational sample. It does not prove the complete associate-class structure of the infinite monoid.
3519,210938/59049,1,210938/59049,1,mixed_fraction,This is a bounded computational sample. It does not prove the complete associate-class structure of the infinite monoid.
3520,210974/59049,1,210974/59049,1,mixed_fraction,This is a bounded computational sample. It does not prove the complete associate-class structure of the infinite monoid.
3521,211019/59049,1,211019/59049,1,mixed_fraction,This is a bounded computational sample. It does not prove the complete associate-class structure of the infinite monoid.
3522,211210/59049,1,211210/59049,1,mixed_fraction,This is a bounded computational sample. It does not prove the complete associate-class structure of the infinite monoid.
3523,211291/59049,1,211291/59049,1,mixed_fraction,This is a bounded computational sample. It does not prove the complete associate-class structure of the infinite monoid.
3524,211327/59049,1,211327/59049,1,mixed_fraction,This is a bounded computational sample. It does not prove the complete associate-class structure of the infinite monoid.
3525,211514/59049,1,211514/59049,1,mixed_fraction,This is a bounded computational sample. It does not prove the complete associate-class structure of the infinite monoid.
3526,211550/59049,1,211550/59049,1,mixed_fraction,This is a bounded computational sample. It does not prove the complete associate-class structure of the infinite monoid.
3527,211786/59049,1,211786/59049,1,mixed_fraction,This is a bounded computational sample. It does not prove the complete associate-class structure of the infinite monoid.
3528,211822/59049,1,211822/59049,1,mixed_fraction,This is a bounded computational sample. It does not prove the complete associate-class structure of the infinite monoid.
3529,211867/59049,1,211867/59049,1,mixed_fraction,This is a bounded computational sample. It does not prove the complete associate-class structure of the infinite monoid.
3530,211903/59049,1,211903/59049,1,mixed_fraction,This is a bounded computational sample. It does not prove the complete associate-class structure of the infinite monoid.
3531,212218/59049,1,212218/59049,1,mixed_fraction,This is a bounded computational sample. It does not prove the complete associate-class structure of the infinite monoid.
3532,212234/59049,1,212234/59049,1,mixed_fraction,This is a bounded computational sample. It does not prove the complete associate-class structure of the infinite monoid.
3533,212299/59049,1,212299/59049,1,mixed_fraction,This is a bounded computational sample. It does not prove the complete associate-class structure of the infinite monoid.
3534,212315/59049,1,212315/59049,1,mixed_fraction,This is a bounded computational sample. It does not prove the complete associate-class structure of the infinite monoid.
3535,212351/59049,1,212351/59049,1,mixed_fraction,This is a bounded computational sample. It does not prove the complete associate-class structure of the infinite monoid.
3536,212794/59049,1,212794/59049,1,mixed_fraction,This is a bounded computational sample. It does not prove the complete associate-class structure of the infinite monoid.
3537,212810/59049,1,212810/59049,1,mixed_fraction,This is a bounded computational sample. It does not prove the complete associate-class structure of the infinite monoid.
3538,212830/59049,1,212830/59049,1,mixed_fraction,This is a bounded computational sample. It does not prove the complete associate-class structure of the infinite monoid.
3539,212846/59049,1,212846/59049,1,mixed_fraction,This is a bounded computational sample. It does not prove the complete associate-class structure of the infinite monoid.
3540,212891/59049,1,212891/59049,1,mixed_fraction,This is a bounded computational sample. It does not prove the complete associate-class structure of the infinite monoid.
3541,212927/59049,1,212927/59049,1,mixed_fraction,This is a bounded computational sample. It does not prove the complete associate-class structure of the infinite monoid.
3542,213163/59049,1,213163/59049,1,mixed_fraction,This is a bounded computational sample. It does not prove the complete associate-class structure of the infinite monoid.
3543,213242/59049,1,213242/59049,1,mixed_fraction,This is a bounded computational sample. It does not prove the complete associate-class structure of the infinite monoid.
3544,213323/59049,1,213323/59049,1,mixed_fraction,This is a bounded computational sample. It does not prove the complete associate-class structure of the infinite monoid.
3545,213406/59049,1,213406/59049,1,mixed_fraction,This is a bounded computational sample. It does not prove the complete associate-class structure of the infinite monoid.
3546,213514/59049,1,213514/59049,1,mixed_fraction,This is a bounded computational sample. It does not prove the complete associate-class structure of the infinite monoid.
3547,213595/59049,1,213595/59049,1,mixed_fraction,This is a bounded computational sample. It does not prove the complete associate-class structure of the infinite monoid.
3548,213818/59049,1,213818/59049,1,mixed_fraction,This is a bounded computational sample. It does not prove the complete associate-class structure of the infinite monoid.
3549,213854/59049,1,213854/59049,1,mixed_fraction,This is a bounded computational sample. It does not prove the complete associate-class structure of the infinite monoid.
3550,214090/59049,1,214090/59049,1,mixed_fraction,This is a bounded computational sample. It does not prove the complete associate-class structure of the infinite monoid.
3551,214126/59049,1,214126/59049,1,mixed_fraction,This is a bounded computational sample. It does not prove the complete associate-class structure of the infinite monoid.
3552,214171/59049,1,214171/59049,1,mixed_fraction,This is a bounded computational sample. It does not prove the complete associate-class structure of the infinite monoid.
3553,214187/59049,1,214187/59049,1,mixed_fraction,This is a bounded computational sample. It does not prove the complete associate-class structure of the infinite monoid.
3554,214207/59049,1,214207/59049,1,mixed_fraction,This is a bounded computational sample. It does not prove the complete associate-class structure of the infinite monoid.
3555,214430/59049,1,214430/59049,1,mixed_fraction,This is a bounded computational sample. It does not prove the complete associate-class structure of the infinite monoid.
3556,214538/59049,1,214538/59049,1,mixed_fraction,This is a bounded computational sample. It does not prove the complete associate-class structure of the infinite monoid.
3557,214619/59049,1,214619/59049,1,mixed_fraction,This is a bounded computational sample. It does not prove the complete associate-class structure of the infinite monoid.
3558,214702/59049,1,214702/59049,1,mixed_fraction,This is a bounded computational sample. It does not prove the complete associate-class structure of the infinite monoid.
3559,214783/59049,1,214783/59049,1,mixed_fraction,This is a bounded computational sample. It does not prove the complete associate-class structure of the infinite monoid.
3560,215098/59049,1,215098/59049,1,mixed_fraction,This is a bounded computational sample. It does not prove the complete associate-class structure of the infinite monoid.
3561,215114/59049,1,215114/59049,1,mixed_fraction,This is a bounded computational sample. It does not prove the complete associate-class structure of the infinite monoid.
3562,215134/59049,1,215134/59049,1,mixed_fraction,This is a bounded computational sample. It does not prove the complete associate-class structure of the infinite monoid.
3563,215150/59049,1,215150/59049,1,mixed_fraction,This is a bounded computational sample. It does not prove the complete associate-class structure of the infinite monoid.
3564,215195/59049,1,215195/59049,1,mixed_fraction,This is a bounded computational sample. It does not prove the complete associate-class structure of the infinite monoid.
3565,215231/59049,1,215231/59049,1,mixed_fraction,This is a bounded computational sample. It does not prove the complete associate-class structure of the infinite monoid.
3566,215467/59049,1,215467/59049,1,mixed_fraction,This is a bounded computational sample. It does not prove the complete associate-class structure of the infinite monoid.
3567,215710/59049,1,215710/59049,1,mixed_fraction,This is a bounded computational sample. It does not prove the complete associate-class structure of the infinite monoid.
3568,215726/59049,1,215726/59049,1,mixed_fraction,This is a bounded computational sample. It does not prove the complete associate-class structure of the infinite monoid.
3569,215807/59049,1,215807/59049,1,mixed_fraction,This is a bounded computational sample. It does not prove the complete associate-class structure of the infinite monoid.
3570,216079/59049,1,216079/59049,1,mixed_fraction,This is a bounded computational sample. It does not prove the complete associate-class structure of the infinite monoid.
3571,216122/59049,1,216122/59049,1,mixed_fraction,This is a bounded computational sample. It does not prove the complete associate-class structure of the infinite monoid.
3572,216158/59049,1,216158/59049,1,mixed_fraction,This is a bounded computational sample. It does not prove the complete associate-class structure of the infinite monoid.
3573,216394/59049,1,216394/59049,1,mixed_fraction,This is a bounded computational sample. It does not prove the complete associate-class structure of the infinite monoid.
3574,216430/59049,1,216430/59049,1,mixed_fraction,This is a bounded computational sample. It does not prove the complete associate-class structure of the infinite monoid.
3575,216475/59049,1,216475/59049,1,mixed_fraction,This is a bounded computational sample. It does not prove the complete associate-class structure of the infinite monoid.
3576,216491/59049,1,216491/59049,1,mixed_fraction,This is a bounded computational sample. It does not prove the complete associate-class structure of the infinite monoid.
3577,216511/59049,1,216511/59049,1,mixed_fraction,This is a bounded computational sample. It does not prove the complete associate-class structure of the infinite monoid.
3578,216734/59049,1,216734/59049,1,mixed_fraction,This is a bounded computational sample. It does not prove the complete associate-class structure of the infinite monoid.
3579,216970/59049,1,216970/59049,1,mixed_fraction,This is a bounded computational sample. It does not prove the complete associate-class structure of the infinite monoid.
3580,217006/59049,1,217006/59049,1,mixed_fraction,This is a bounded computational sample. It does not prove the complete associate-class structure of the infinite monoid.
3581,217051/59049,1,217051/59049,1,mixed_fraction,This is a bounded computational sample. It does not prove the complete associate-class structure of the infinite monoid.
3582,217087/59049,1,217087/59049,1,mixed_fraction,This is a bounded computational sample. It does not prove the complete associate-class structure of the infinite monoid.
3583,217103/59049,1,217103/59049,1,mixed_fraction,This is a bounded computational sample. It does not prove the complete associate-class structure of the infinite monoid.
3584,217402/59049,1,217402/59049,1,mixed_fraction,This is a bounded computational sample. It does not prove the complete associate-class structure of the infinite monoid.
3585,217418/59049,1,217418/59049,1,mixed_fraction,This is a bounded computational sample. It does not prove the complete associate-class structure of the infinite monoid.
3586,217454/59049,1,217454/59049,1,mixed_fraction,This is a bounded computational sample. It does not prove the complete associate-class structure of the infinite monoid.
3587,217499/59049,1,217499/59049,1,mixed_fraction,This is a bounded computational sample. It does not prove the complete associate-class structure of the infinite monoid.
3588,217535/59049,1,217535/59049,1,mixed_fraction,This is a bounded computational sample. It does not prove the complete associate-class structure of the infinite monoid.
3589,217771/59049,1,217771/59049,1,mixed_fraction,This is a bounded computational sample. It does not prove the complete associate-class structure of the infinite monoid.
3590,217994/59049,1,217994/59049,1,mixed_fraction,This is a bounded computational sample. It does not prove the complete associate-class structure of the infinite monoid.
3591,218014/59049,1,218014/59049,1,mixed_fraction,This is a bounded computational sample. It does not prove the complete associate-class structure of the infinite monoid.
3592,218030/59049,1,218030/59049,1,mixed_fraction,This is a bounded computational sample. It does not prove the complete associate-class structure of the infinite monoid.
3593,218075/59049,1,218075/59049,1,mixed_fraction,This is a bounded computational sample. It does not prove the complete associate-class structure of the infinite monoid.
3594,218111/59049,1,218111/59049,1,mixed_fraction,This is a bounded computational sample. It does not prove the complete associate-class structure of the infinite monoid.
3595,218347/59049,1,218347/59049,1,mixed_fraction,This is a bounded computational sample. It does not prove the complete associate-class structure of the infinite monoid.
3596,218383/59049,1,218383/59049,1,mixed_fraction,This is a bounded computational sample. It does not prove the complete associate-class structure of the infinite monoid.
3597,218426/59049,1,218426/59049,1,mixed_fraction,This is a bounded computational sample. It does not prove the complete associate-class structure of the infinite monoid.
3598,218698/59049,1,218698/59049,1,mixed_fraction,This is a bounded computational sample. It does not prove the complete associate-class structure of the infinite monoid.
3599,218779/59049,1,218779/59049,1,mixed_fraction,This is a bounded computational sample. It does not prove the complete associate-class structure of the infinite monoid.
3600,218795/59049,1,218795/59049,1,mixed_fraction,This is a bounded computational sample. It does not prove the complete associate-class structure of the infinite monoid.
3601,219038/59049,1,219038/59049,1,mixed_fraction,This is a bounded computational sample. It does not prove the complete associate-class structure of the infinite monoid.
3602,219274/59049,1,219274/59049,1,mixed_fraction,This is a bounded computational sample. It does not prove the complete associate-class structure of the infinite monoid.
3603,219310/59049,1,219310/59049,1,mixed_fraction,This is a bounded computational sample. It does not prove the complete associate-class structure of the infinite monoid.
3604,219355/59049,1,219355/59049,1,mixed_fraction,This is a bounded computational sample. It does not prove the complete associate-class structure of the infinite monoid.
3605,219371/59049,1,219371/59049,1,mixed_fraction,This is a bounded computational sample. It does not prove the complete associate-class structure of the infinite monoid.
3606,219391/59049,1,219391/59049,1,mixed_fraction,This is a bounded computational sample. It does not prove the complete associate-class structure of the infinite monoid.
3607,219407/59049,1,219407/59049,1,mixed_fraction,This is a bounded computational sample. It does not prove the complete associate-class structure of the infinite monoid.
3608,219722/59049,1,219722/59049,1,mixed_fraction,This is a bounded computational sample. It does not prove the complete associate-class structure of the infinite monoid.
3609,219803/59049,1,219803/59049,1,mixed_fraction,This is a bounded computational sample. It does not prove the complete associate-class structure of the infinite monoid.
3610,219886/59049,1,219886/59049,1,mixed_fraction,This is a bounded computational sample. It does not prove the complete associate-class structure of the infinite monoid.
3611,219967/59049,1,219967/59049,1,mixed_fraction,This is a bounded computational sample. It does not prove the complete associate-class structure of the infinite monoid.
3612,220075/59049,1,220075/59049,1,mixed_fraction,This is a bounded computational sample. It does not prove the complete associate-class structure of the infinite monoid.
3613,220298/59049,1,220298/59049,1,mixed_fraction,This is a bounded computational sample. It does not prove the complete associate-class structure of the infinite monoid.
3614,220318/59049,1,220318/59049,1,mixed_fraction,This is a bounded computational sample. It does not prove the complete associate-class structure of the infinite monoid.
3615,220334/59049,1,220334/59049,1,mixed_fraction,This is a bounded computational sample. It does not prove the complete associate-class structure of the infinite monoid.
3616,220379/59049,1,220379/59049,1,mixed_fraction,This is a bounded computational sample. It does not prove the complete associate-class structure of the infinite monoid.
3617,220415/59049,1,220415/59049,1,mixed_fraction,This is a bounded computational sample. It does not prove the complete associate-class structure of the infinite monoid.
3618,220651/59049,1,220651/59049,1,mixed_fraction,This is a bounded computational sample. It does not prove the complete associate-class structure of the infinite monoid.
3619,220687/59049,1,220687/59049,1,mixed_fraction,This is a bounded computational sample. It does not prove the complete associate-class structure of the infinite monoid.
3620,220910/59049,1,220910/59049,1,mixed_fraction,This is a bounded computational sample. It does not prove the complete associate-class structure of the infinite monoid.
3621,220991/59049,1,220991/59049,1,mixed_fraction,This is a bounded computational sample. It does not prove the complete associate-class structure of the infinite monoid.
3622,221099/59049,1,221099/59049,1,mixed_fraction,This is a bounded computational sample. It does not prove the complete associate-class structure of the infinite monoid.
3623,221182/59049,1,221182/59049,1,mixed_fraction,This is a bounded computational sample. It does not prove the complete associate-class structure of the infinite monoid.
3624,221263/59049,1,221263/59049,1,mixed_fraction,This is a bounded computational sample. It does not prove the complete associate-class structure of the infinite monoid.
3625,221342/59049,1,221342/59049,1,mixed_fraction,This is a bounded computational sample. It does not prove the complete associate-class structure of the infinite monoid.
3626,221578/59049,1,221578/59049,1,mixed_fraction,This is a bounded computational sample. It does not prove the complete associate-class structure of the infinite monoid.
3627,221614/59049,1,221614/59049,1,mixed_fraction,This is a bounded computational sample. It does not prove the complete associate-class structure of the infinite monoid.
3628,221659/59049,1,221659/59049,1,mixed_fraction,This is a bounded computational sample. It does not prove the complete associate-class structure of the infinite monoid.
3629,221675/59049,1,221675/59049,1,mixed_fraction,This is a bounded computational sample. It does not prove the complete associate-class structure of the infinite monoid.
3630,221695/59049,1,221695/59049,1,mixed_fraction,This is a bounded computational sample. It does not prove the complete associate-class structure of the infinite monoid.
3631,221711/59049,1,221711/59049,1,mixed_fraction,This is a bounded computational sample. It does not prove the complete associate-class structure of the infinite monoid.
3632,222154/59049,1,222154/59049,1,mixed_fraction,This is a bounded computational sample. It does not prove the complete associate-class structure of the infinite monoid.
3633,222190/59049,1,222190/59049,1,mixed_fraction,This is a bounded computational sample. It does not prove the complete associate-class structure of the infinite monoid.
3634,222206/59049,1,222206/59049,1,mixed_fraction,This is a bounded computational sample. It does not prove the complete associate-class structure of the infinite monoid.
3635,222271/59049,1,222271/59049,1,mixed_fraction,This is a bounded computational sample. It does not prove the complete associate-class structure of the infinite monoid.
3636,222287/59049,1,222287/59049,1,mixed_fraction,This is a bounded computational sample. It does not prove the complete associate-class structure of the infinite monoid.
3637,222602/59049,1,222602/59049,1,mixed_fraction,This is a bounded computational sample. It does not prove the complete associate-class structure of the infinite monoid.
3638,222638/59049,1,222638/59049,1,mixed_fraction,This is a bounded computational sample. It does not prove the complete associate-class structure of the infinite monoid.
3639,222683/59049,1,222683/59049,1,mixed_fraction,This is a bounded computational sample. It does not prove the complete associate-class structure of the infinite monoid.
3640,222719/59049,1,222719/59049,1,mixed_fraction,This is a bounded computational sample. It does not prove the complete associate-class structure of the infinite monoid.
3641,222955/59049,1,222955/59049,1,mixed_fraction,This is a bounded computational sample. It does not prove the complete associate-class structure of the infinite monoid.
3642,222991/59049,1,222991/59049,1,mixed_fraction,This is a bounded computational sample. It does not prove the complete associate-class structure of the infinite monoid.
3643,223178/59049,1,223178/59049,1,mixed_fraction,This is a bounded computational sample. It does not prove the complete associate-class structure of the infinite monoid.
3644,223214/59049,1,223214/59049,1,mixed_fraction,This is a bounded computational sample. It does not prove the complete associate-class structure of the infinite monoid.
3645,223295/59049,1,223295/59049,1,mixed_fraction,This is a bounded computational sample. It does not prove the complete associate-class structure of the infinite monoid.
3646,223486/59049,1,223486/59049,1,mixed_fraction,This is a bounded computational sample. It does not prove the complete associate-class structure of the infinite monoid.
3647,223531/59049,1,223531/59049,1,mixed_fraction,This is a bounded computational sample. It does not prove the complete associate-class structure of the infinite monoid.
3648,223567/59049,1,223567/59049,1,mixed_fraction,This is a bounded computational sample. It does not prove the complete associate-class structure of the infinite monoid.
3649,223882/59049,1,223882/59049,1,mixed_fraction,This is a bounded computational sample. It does not prove the complete associate-class structure of the infinite monoid.
3650,223963/59049,1,223963/59049,1,mixed_fraction,This is a bounded computational sample. It does not prove the complete associate-class structure of the infinite monoid.
3651,223979/59049,1,223979/59049,1,mixed_fraction,This is a bounded computational sample. It does not prove the complete associate-class structure of the infinite monoid.
3652,224015/59049,1,224015/59049,1,mixed_fraction,This is a bounded computational sample. It does not prove the complete associate-class structure of the infinite monoid.
3653,224458/59049,1,224458/59049,1,mixed_fraction,This is a bounded computational sample. It does not prove the complete associate-class structure of the infinite monoid.
3654,224494/59049,1,224494/59049,1,mixed_fraction,This is a bounded computational sample. It does not prove the complete associate-class structure of the infinite monoid.
3655,224510/59049,1,224510/59049,1,mixed_fraction,This is a bounded computational sample. It does not prove the complete associate-class structure of the infinite monoid.
3656,224555/59049,1,224555/59049,1,mixed_fraction,This is a bounded computational sample. It does not prove the complete associate-class structure of the infinite monoid.
3657,224575/59049,1,224575/59049,1,mixed_fraction,This is a bounded computational sample. It does not prove the complete associate-class structure of the infinite monoid.
3658,224591/59049,1,224591/59049,1,mixed_fraction,This is a bounded computational sample. It does not prove the complete associate-class structure of the infinite monoid.
3659,224906/59049,1,224906/59049,1,mixed_fraction,This is a bounded computational sample. It does not prove the complete associate-class structure of the infinite monoid.
3660,224987/59049,1,224987/59049,1,mixed_fraction,This is a bounded computational sample. It does not prove the complete associate-class structure of the infinite monoid.
3661,225070/59049,1,225070/59049,1,mixed_fraction,This is a bounded computational sample. It does not prove the complete associate-class structure of the infinite monoid.
3662,225259/59049,1,225259/59049,1,mixed_fraction,This is a bounded computational sample. It does not prove the complete associate-class structure of the infinite monoid.
3663,225482/59049,1,225482/59049,1,mixed_fraction,This is a bounded computational sample. It does not prove the complete associate-class structure of the infinite monoid.
3664,225518/59049,1,225518/59049,1,mixed_fraction,This is a bounded computational sample. It does not prove the complete associate-class structure of the infinite monoid.
3665,225599/59049,1,225599/59049,1,mixed_fraction,This is a bounded computational sample. It does not prove the complete associate-class structure of the infinite monoid.
3666,225790/59049,1,225790/59049,1,mixed_fraction,This is a bounded computational sample. It does not prove the complete associate-class structure of the infinite monoid.
3667,225835/59049,1,225835/59049,1,mixed_fraction,This is a bounded computational sample. It does not prove the complete associate-class structure of the infinite monoid.
3668,225871/59049,1,225871/59049,1,mixed_fraction,This is a bounded computational sample. It does not prove the complete associate-class structure of the infinite monoid.
3669,226094/59049,1,226094/59049,1,mixed_fraction,This is a bounded computational sample. It does not prove the complete associate-class structure of the infinite monoid.
3670,226283/59049,1,226283/59049,1,mixed_fraction,This is a bounded computational sample. It does not prove the complete associate-class structure of the infinite monoid.
3671,226366/59049,1,226366/59049,1,mixed_fraction,This is a bounded computational sample. It does not prove the complete associate-class structure of the infinite monoid.
3672,226447/59049,1,226447/59049,1,mixed_fraction,This is a bounded computational sample. It does not prove the complete associate-class structure of the infinite monoid.
3673,226762/59049,1,226762/59049,1,mixed_fraction,This is a bounded computational sample. It does not prove the complete associate-class structure of the infinite monoid.
3674,226798/59049,1,226798/59049,1,mixed_fraction,This is a bounded computational sample. It does not prove the complete associate-class structure of the infinite monoid.
3675,226814/59049,1,226814/59049,1,mixed_fraction,This is a bounded computational sample. It does not prove the complete associate-class structure of the infinite monoid.
3676,226859/59049,1,226859/59049,1,mixed_fraction,This is a bounded computational sample. It does not prove the complete associate-class structure of the infinite monoid.
3677,226879/59049,1,226879/59049,1,mixed_fraction,This is a bounded computational sample. It does not prove the complete associate-class structure of the infinite monoid.
3678,226895/59049,1,226895/59049,1,mixed_fraction,This is a bounded computational sample. It does not prove the complete associate-class structure of the infinite monoid.
3679,227374/59049,1,227374/59049,1,mixed_fraction,This is a bounded computational sample. It does not prove the complete associate-class structure of the infinite monoid.
3680,227390/59049,1,227390/59049,1,mixed_fraction,This is a bounded computational sample. It does not prove the complete associate-class structure of the infinite monoid.
3681,227471/59049,1,227471/59049,1,mixed_fraction,This is a bounded computational sample. It does not prove the complete associate-class structure of the infinite monoid.
3682,227743/59049,1,227743/59049,1,mixed_fraction,This is a bounded computational sample. It does not prove the complete associate-class structure of the infinite monoid.
3683,227786/59049,1,227786/59049,1,mixed_fraction,This is a bounded computational sample. It does not prove the complete associate-class structure of the infinite monoid.
3684,227822/59049,1,227822/59049,1,mixed_fraction,This is a bounded computational sample. It does not prove the complete associate-class structure of the infinite monoid.
3685,227903/59049,1,227903/59049,1,mixed_fraction,This is a bounded computational sample. It does not prove the complete associate-class structure of the infinite monoid.
3686,228094/59049,1,228094/59049,1,mixed_fraction,This is a bounded computational sample. It does not prove the complete associate-class structure of the infinite monoid.
3687,228139/59049,1,228139/59049,1,mixed_fraction,This is a bounded computational sample. It does not prove the complete associate-class structure of the infinite monoid.
3688,228175/59049,1,228175/59049,1,mixed_fraction,This is a bounded computational sample. It does not prove the complete associate-class structure of the infinite monoid.
3689,228398/59049,1,228398/59049,1,mixed_fraction,This is a bounded computational sample. It does not prove the complete associate-class structure of the infinite monoid.
3690,228670/59049,1,228670/59049,1,mixed_fraction,This is a bounded computational sample. It does not prove the complete associate-class structure of the infinite monoid.
3691,228715/59049,1,228715/59049,1,mixed_fraction,This is a bounded computational sample. It does not prove the complete associate-class structure of the infinite monoid.
3692,228751/59049,1,228751/59049,1,mixed_fraction,This is a bounded computational sample. It does not prove the complete associate-class structure of the infinite monoid.
3693,228767/59049,1,228767/59049,1,mixed_fraction,This is a bounded computational sample. It does not prove the complete associate-class structure of the infinite monoid.
3694,229066/59049,1,229066/59049,1,mixed_fraction,This is a bounded computational sample. It does not prove the complete associate-class structure of the infinite monoid.
3695,229118/59049,1,229118/59049,1,mixed_fraction,This is a bounded computational sample. It does not prove the complete associate-class structure of the infinite monoid.
3696,229163/59049,1,229163/59049,1,mixed_fraction,This is a bounded computational sample. It does not prove the complete associate-class structure of the infinite monoid.
3697,229199/59049,1,229199/59049,1,mixed_fraction,This is a bounded computational sample. It does not prove the complete associate-class structure of the infinite monoid.
3698,229678/59049,1,229678/59049,1,mixed_fraction,This is a bounded computational sample. It does not prove the complete associate-class structure of the infinite monoid.
3699,229694/59049,1,229694/59049,1,mixed_fraction,This is a bounded computational sample. It does not prove the complete associate-class structure of the infinite monoid.
3700,229739/59049,1,229739/59049,1,mixed_fraction,This is a bounded computational sample. It does not prove the complete associate-class structure of the infinite monoid.
3701,229775/59049,1,229775/59049,1,mixed_fraction,This is a bounded computational sample. It does not prove the complete associate-class structure of the infinite monoid.
3702,230047/59049,1,230047/59049,1,mixed_fraction,This is a bounded computational sample. It does not prove the complete associate-class structure of the infinite monoid.
3703,230090/59049,1,230090/59049,1,mixed_fraction,This is a bounded computational sample. It does not prove the complete associate-class structure of the infinite monoid.
3704,230443/59049,1,230443/59049,1,mixed_fraction,This is a bounded computational sample. It does not prove the complete associate-class structure of the infinite monoid.
3705,230659/59049,1,230659/59049,1,mixed_fraction,This is a bounded computational sample. It does not prove the complete associate-class structure of the infinite monoid.
3706,230702/59049,1,230702/59049,1,mixed_fraction,This is a bounded computational sample. It does not prove the complete associate-class structure of the infinite monoid.
3707,230974/59049,1,230974/59049,1,mixed_fraction,This is a bounded computational sample. It does not prove the complete associate-class structure of the infinite monoid.
3708,231019/59049,1,231019/59049,1,mixed_fraction,This is a bounded computational sample. It does not prove the complete associate-class structure of the infinite monoid.
3709,231055/59049,1,231055/59049,1,mixed_fraction,This is a bounded computational sample. It does not prove the complete associate-class structure of the infinite monoid.
3710,231071/59049,1,231071/59049,1,mixed_fraction,This is a bounded computational sample. It does not prove the complete associate-class structure of the infinite monoid.
3711,231467/59049,1,231467/59049,1,mixed_fraction,This is a bounded computational sample. It does not prove the complete associate-class structure of the infinite monoid.
3712,231550/59049,1,231550/59049,1,mixed_fraction,This is a bounded computational sample. It does not prove the complete associate-class structure of the infinite monoid.
3713,231631/59049,1,231631/59049,1,mixed_fraction,This is a bounded computational sample. It does not prove the complete associate-class structure of the infinite monoid.
3714,231683/59049,1,231683/59049,1,mixed_fraction,This is a bounded computational sample. It does not prove the complete associate-class structure of the infinite monoid.
3715,231982/59049,1,231982/59049,1,mixed_fraction,This is a bounded computational sample. It does not prove the complete associate-class structure of the infinite monoid.
3716,231998/59049,1,231998/59049,1,mixed_fraction,This is a bounded computational sample. It does not prove the complete associate-class structure of the infinite monoid.
3717,232043/59049,1,232043/59049,1,mixed_fraction,This is a bounded computational sample. It does not prove the complete associate-class structure of the infinite monoid.
3718,232079/59049,1,232079/59049,1,mixed_fraction,This is a bounded computational sample. It does not prove the complete associate-class structure of the infinite monoid.
3719,232351/59049,1,232351/59049,1,mixed_fraction,This is a bounded computational sample. It does not prove the complete associate-class structure of the infinite monoid.
3720,232574/59049,1,232574/59049,1,mixed_fraction,This is a bounded computational sample. It does not prove the complete associate-class structure of the infinite monoid.
3721,232655/59049,1,232655/59049,1,mixed_fraction,This is a bounded computational sample. It does not prove the complete associate-class structure of the infinite monoid.
3722,232846/59049,1,232846/59049,1,mixed_fraction,This is a bounded computational sample. It does not prove the complete associate-class structure of the infinite monoid.
3723,232927/59049,1,232927/59049,1,mixed_fraction,This is a bounded computational sample. It does not prove the complete associate-class structure of the infinite monoid.
3724,232963/59049,1,232963/59049,1,mixed_fraction,This is a bounded computational sample. It does not prove the complete associate-class structure of the infinite monoid.
3725,233006/59049,1,233006/59049,1,mixed_fraction,This is a bounded computational sample. It does not prove the complete associate-class structure of the infinite monoid.
3726,233278/59049,1,233278/59049,1,mixed_fraction,This is a bounded computational sample. It does not prove the complete associate-class structure of the infinite monoid.
3727,233323/59049,1,233323/59049,1,mixed_fraction,This is a bounded computational sample. It does not prove the complete associate-class structure of the infinite monoid.
3728,233359/59049,1,233359/59049,1,mixed_fraction,This is a bounded computational sample. It does not prove the complete associate-class structure of the infinite monoid.
3729,233375/59049,1,233375/59049,1,mixed_fraction,This is a bounded computational sample. It does not prove the complete associate-class structure of the infinite monoid.
3730,233854/59049,1,233854/59049,1,mixed_fraction,This is a bounded computational sample. It does not prove the complete associate-class structure of the infinite monoid.
3731,233870/59049,1,233870/59049,1,mixed_fraction,This is a bounded computational sample. It does not prove the complete associate-class structure of the infinite monoid.
3732,233935/59049,1,233935/59049,1,mixed_fraction,This is a bounded computational sample. It does not prove the complete associate-class structure of the infinite monoid.
3733,233951/59049,1,233951/59049,1,mixed_fraction,This is a bounded computational sample. It does not prove the complete associate-class structure of the infinite monoid.
3734,233987/59049,1,233987/59049,1,mixed_fraction,This is a bounded computational sample. It does not prove the complete associate-class structure of the infinite monoid.
3735,234302/59049,1,234302/59049,1,mixed_fraction,This is a bounded computational sample. It does not prove the complete associate-class structure of the infinite monoid.
3736,234347/59049,1,234347/59049,1,mixed_fraction,This is a bounded computational sample. It does not prove the complete associate-class structure of the infinite monoid.
3737,234383/59049,1,234383/59049,1,mixed_fraction,This is a bounded computational sample. It does not prove the complete associate-class structure of the infinite monoid.
3738,234655/59049,1,234655/59049,1,mixed_fraction,This is a bounded computational sample. It does not prove the complete associate-class structure of the infinite monoid.
3739,234878/59049,1,234878/59049,1,mixed_fraction,This is a bounded computational sample. It does not prove the complete associate-class structure of the infinite monoid.
3740,234959/59049,1,234959/59049,1,mixed_fraction,This is a bounded computational sample. It does not prove the complete associate-class structure of the infinite monoid.
3741,235150/59049,1,235150/59049,1,mixed_fraction,This is a bounded computational sample. It does not prove the complete associate-class structure of the infinite monoid.
3742,235231/59049,1,235231/59049,1,mixed_fraction,This is a bounded computational sample. It does not prove the complete associate-class structure of the infinite monoid.
3743,235267/59049,1,235267/59049,1,mixed_fraction,This is a bounded computational sample. It does not prove the complete associate-class structure of the infinite monoid.
3744,235627/59049,1,235627/59049,1,mixed_fraction,This is a bounded computational sample. It does not prove the complete associate-class structure of the infinite monoid.
3745,235679/59049,1,235679/59049,1,mixed_fraction,This is a bounded computational sample. It does not prove the complete associate-class structure of the infinite monoid.
3746,235843/59049,1,235843/59049,1,mixed_fraction,This is a bounded computational sample. It does not prove the complete associate-class structure of the infinite monoid.
3747,236158/59049,1,236158/59049,1,mixed_fraction,This is a bounded computational sample. It does not prove the complete associate-class structure of the infinite monoid.
3748,236174/59049,1,236174/59049,1,mixed_fraction,This is a bounded computational sample. It does not prove the complete associate-class structure of the infinite monoid.
3749,236239/59049,1,236239/59049,1,mixed_fraction,This is a bounded computational sample. It does not prove the complete associate-class structure of the infinite monoid.
3750,236255/59049,1,236255/59049,1,mixed_fraction,This is a bounded computational sample. It does not prove the complete associate-class structure of the infinite monoid.
3751,236291/59049,1,236291/59049,1,mixed_fraction,This is a bounded computational sample. It does not prove the complete associate-class structure of the infinite monoid.
3752,236651/59049,1,236651/59049,1,mixed_fraction,This is a bounded computational sample. It does not prove the complete associate-class structure of the infinite monoid.
3753,236734/59049,1,236734/59049,1,mixed_fraction,This is a bounded computational sample. It does not prove the complete associate-class structure of the infinite monoid.
3754,236867/59049,1,236867/59049,1,mixed_fraction,This is a bounded computational sample. It does not prove the complete associate-class structure of the infinite monoid.
3755,237182/59049,1,237182/59049,1,mixed_fraction,This is a bounded computational sample. It does not prove the complete associate-class structure of the infinite monoid.
3756,237263/59049,1,237263/59049,1,mixed_fraction,This is a bounded computational sample. It does not prove the complete associate-class structure of the infinite monoid.
3757,237454/59049,1,237454/59049,1,mixed_fraction,This is a bounded computational sample. It does not prove the complete associate-class structure of the infinite monoid.
3758,237535/59049,1,237535/59049,1,mixed_fraction,This is a bounded computational sample. It does not prove the complete associate-class structure of the infinite monoid.
3759,237571/59049,1,237571/59049,1,mixed_fraction,This is a bounded computational sample. It does not prove the complete associate-class structure of the infinite monoid.
3760,237758/59049,1,237758/59049,1,mixed_fraction,This is a bounded computational sample. It does not prove the complete associate-class structure of the infinite monoid.
3761,238030/59049,1,238030/59049,1,mixed_fraction,This is a bounded computational sample. It does not prove the complete associate-class structure of the infinite monoid.
3762,238111/59049,1,238111/59049,1,mixed_fraction,This is a bounded computational sample. It does not prove the complete associate-class structure of the infinite monoid.
3763,238147/59049,1,238147/59049,1,mixed_fraction,This is a bounded computational sample. It does not prove the complete associate-class structure of the infinite monoid.
3764,238462/59049,1,238462/59049,1,mixed_fraction,This is a bounded computational sample. It does not prove the complete associate-class structure of the infinite monoid.
3765,238478/59049,1,238478/59049,1,mixed_fraction,This is a bounded computational sample. It does not prove the complete associate-class structure of the infinite monoid.
3766,238543/59049,1,238543/59049,1,mixed_fraction,This is a bounded computational sample. It does not prove the complete associate-class structure of the infinite monoid.
3767,238559/59049,1,238559/59049,1,mixed_fraction,This is a bounded computational sample. It does not prove the complete associate-class structure of the infinite monoid.
3768,238595/59049,1,238595/59049,1,mixed_fraction,This is a bounded computational sample. It does not prove the complete associate-class structure of the infinite monoid.
3769,239038/59049,1,239038/59049,1,mixed_fraction,This is a bounded computational sample. It does not prove the complete associate-class structure of the infinite monoid.
3770,239054/59049,1,239054/59049,1,mixed_fraction,This is a bounded computational sample. It does not prove the complete associate-class structure of the infinite monoid.
3771,239135/59049,1,239135/59049,1,mixed_fraction,This is a bounded computational sample. It does not prove the complete associate-class structure of the infinite monoid.
3772,239171/59049,1,239171/59049,1,mixed_fraction,This is a bounded computational sample. It does not prove the complete associate-class structure of the infinite monoid.
3773,239407/59049,1,239407/59049,1,mixed_fraction,This is a bounded computational sample. It does not prove the complete associate-class structure of the infinite monoid.
3774,239486/59049,1,239486/59049,1,mixed_fraction,This is a bounded computational sample. It does not prove the complete associate-class structure of the infinite monoid.
3775,239567/59049,1,239567/59049,1,mixed_fraction,This is a bounded computational sample. It does not prove the complete associate-class structure of the infinite monoid.
3776,239758/59049,1,239758/59049,1,mixed_fraction,This is a bounded computational sample. It does not prove the complete associate-class structure of the infinite monoid.
3777,239839/59049,1,239839/59049,1,mixed_fraction,This is a bounded computational sample. It does not prove the complete associate-class structure of the infinite monoid.
3778,240062/59049,1,240062/59049,1,mixed_fraction,This is a bounded computational sample. It does not prove the complete associate-class structure of the infinite monoid.
3779,240334/59049,1,240334/59049,1,mixed_fraction,This is a bounded computational sample. It does not prove the complete associate-class structure of the infinite monoid.
3780,240415/59049,1,240415/59049,1,mixed_fraction,This is a bounded computational sample. It does not prove the complete associate-class structure of the infinite monoid.
3781,240431/59049,1,240431/59049,1,mixed_fraction,This is a bounded computational sample. It does not prove the complete associate-class structure of the infinite monoid.
3782,240451/59049,1,240451/59049,1,mixed_fraction,This is a bounded computational sample. It does not prove the complete associate-class structure of the infinite monoid.
3783,240782/59049,1,240782/59049,1,mixed_fraction,This is a bounded computational sample. It does not prove the complete associate-class structure of the infinite monoid.
3784,240863/59049,1,240863/59049,1,mixed_fraction,This is a bounded computational sample. It does not prove the complete associate-class structure of the infinite monoid.
3785,241027/59049,1,241027/59049,1,mixed_fraction,This is a bounded computational sample. It does not prove the complete associate-class structure of the infinite monoid.
3786,241342/59049,1,241342/59049,1,mixed_fraction,This is a bounded computational sample. It does not prove the complete associate-class structure of the infinite monoid.
3787,241358/59049,1,241358/59049,1,mixed_fraction,This is a bounded computational sample. It does not prove the complete associate-class structure of the infinite monoid.
3788,241439/59049,1,241439/59049,1,mixed_fraction,This is a bounded computational sample. It does not prove the complete associate-class structure of the infinite monoid.
3789,241475/59049,1,241475/59049,1,mixed_fraction,This is a bounded computational sample. It does not prove the complete associate-class structure of the infinite monoid.
3790,241711/59049,1,241711/59049,1,mixed_fraction,This is a bounded computational sample. It does not prove the complete associate-class structure of the infinite monoid.
3791,242051/59049,1,242051/59049,1,mixed_fraction,This is a bounded computational sample. It does not prove the complete associate-class structure of the infinite monoid.
3792,242323/59049,1,242323/59049,1,mixed_fraction,This is a bounded computational sample. It does not prove the complete associate-class structure of the infinite monoid.
3793,242366/59049,1,242366/59049,1,mixed_fraction,This is a bounded computational sample. It does not prove the complete associate-class structure of the infinite monoid.
3794,242638/59049,1,242638/59049,1,mixed_fraction,This is a bounded computational sample. It does not prove the complete associate-class structure of the infinite monoid.
3795,242719/59049,1,242719/59049,1,mixed_fraction,This is a bounded computational sample. It does not prove the complete associate-class structure of the infinite monoid.
3796,242735/59049,1,242735/59049,1,mixed_fraction,This is a bounded computational sample. It does not prove the complete associate-class structure of the infinite monoid.
3797,242755/59049,1,242755/59049,1,mixed_fraction,This is a bounded computational sample. It does not prove the complete associate-class structure of the infinite monoid.
3798,243214/59049,1,243214/59049,1,mixed_fraction,This is a bounded computational sample. It does not prove the complete associate-class structure of the infinite monoid.
3799,243295/59049,1,243295/59049,1,mixed_fraction,This is a bounded computational sample. It does not prove the complete associate-class structure of the infinite monoid.
3800,243331/59049,1,243331/59049,1,mixed_fraction,This is a bounded computational sample. It does not prove the complete associate-class structure of the infinite monoid.
3801,243347/59049,1,243347/59049,1,mixed_fraction,This is a bounded computational sample. It does not prove the complete associate-class structure of the infinite monoid.
3802,243646/59049,1,243646/59049,1,mixed_fraction,This is a bounded computational sample. It does not prove the complete associate-class structure of the infinite monoid.
3803,243662/59049,1,243662/59049,1,mixed_fraction,This is a bounded computational sample. It does not prove the complete associate-class structure of the infinite monoid.
3804,243743/59049,1,243743/59049,1,mixed_fraction,This is a bounded computational sample. It does not prove the complete associate-class structure of the infinite monoid.
3805,243779/59049,1,243779/59049,1,mixed_fraction,This is a bounded computational sample. It does not prove the complete associate-class structure of the infinite monoid.
3806,244015/59049,1,244015/59049,1,mixed_fraction,This is a bounded computational sample. It does not prove the complete associate-class structure of the infinite monoid.
3807,244238/59049,1,244238/59049,1,mixed_fraction,This is a bounded computational sample. It does not prove the complete associate-class structure of the infinite monoid.
3808,244319/59049,1,244319/59049,1,mixed_fraction,This is a bounded computational sample. It does not prove the complete associate-class structure of the infinite monoid.
3809,244355/59049,1,244355/59049,1,mixed_fraction,This is a bounded computational sample. It does not prove the complete associate-class structure of the infinite monoid.
3810,244591/59049,1,244591/59049,1,mixed_fraction,This is a bounded computational sample. It does not prove the complete associate-class structure of the infinite monoid.
3811,244627/59049,1,244627/59049,1,mixed_fraction,This is a bounded computational sample. It does not prove the complete associate-class structure of the infinite monoid.
3812,244670/59049,1,244670/59049,1,mixed_fraction,This is a bounded computational sample. It does not prove the complete associate-class structure of the infinite monoid.
3813,244942/59049,1,244942/59049,1,mixed_fraction,This is a bounded computational sample. It does not prove the complete associate-class structure of the infinite monoid.
3814,245023/59049,1,245023/59049,1,mixed_fraction,This is a bounded computational sample. It does not prove the complete associate-class structure of the infinite monoid.
3815,245039/59049,1,245039/59049,1,mixed_fraction,This is a bounded computational sample. It does not prove the complete associate-class structure of the infinite monoid.
3816,245518/59049,1,245518/59049,1,mixed_fraction,This is a bounded computational sample. It does not prove the complete associate-class structure of the infinite monoid.
3817,245599/59049,1,245599/59049,1,mixed_fraction,This is a bounded computational sample. It does not prove the complete associate-class structure of the infinite monoid.
3818,245615/59049,1,245615/59049,1,mixed_fraction,This is a bounded computational sample. It does not prove the complete associate-class structure of the infinite monoid.
3819,245635/59049,1,245635/59049,1,mixed_fraction,This is a bounded computational sample. It does not prove the complete associate-class structure of the infinite monoid.
3820,245651/59049,1,245651/59049,1,mixed_fraction,This is a bounded computational sample. It does not prove the complete associate-class structure of the infinite monoid.
3821,245966/59049,1,245966/59049,1,mixed_fraction,This is a bounded computational sample. It does not prove the complete associate-class structure of the infinite monoid.
3822,246047/59049,1,246047/59049,1,mixed_fraction,This is a bounded computational sample. It does not prove the complete associate-class structure of the infinite monoid.
3823,246211/59049,1,246211/59049,1,mixed_fraction,This is a bounded computational sample. It does not prove the complete associate-class structure of the infinite monoid.
3824,246319/59049,1,246319/59049,1,mixed_fraction,This is a bounded computational sample. It does not prove the complete associate-class structure of the infinite monoid.
3825,246542/59049,1,246542/59049,1,mixed_fraction,This is a bounded computational sample. It does not prove the complete associate-class structure of the infinite monoid.
3826,246623/59049,1,246623/59049,1,mixed_fraction,This is a bounded computational sample. It does not prove the complete associate-class structure of the infinite monoid.
3827,246659/59049,1,246659/59049,1,mixed_fraction,This is a bounded computational sample. It does not prove the complete associate-class structure of the infinite monoid.
3828,246895/59049,1,246895/59049,1,mixed_fraction,This is a bounded computational sample. It does not prove the complete associate-class structure of the infinite monoid.
3829,246931/59049,1,246931/59049,1,mixed_fraction,This is a bounded computational sample. It does not prove the complete associate-class structure of the infinite monoid.
3830,247235/59049,1,247235/59049,1,mixed_fraction,This is a bounded computational sample. It does not prove the complete associate-class structure of the infinite monoid.
3831,247343/59049,1,247343/59049,1,mixed_fraction,This is a bounded computational sample. It does not prove the complete associate-class structure of the infinite monoid.
3832,247507/59049,1,247507/59049,1,mixed_fraction,This is a bounded computational sample. It does not prove the complete associate-class structure of the infinite monoid.
3833,247822/59049,1,247822/59049,1,mixed_fraction,This is a bounded computational sample. It does not prove the complete associate-class structure of the infinite monoid.
3834,247903/59049,1,247903/59049,1,mixed_fraction,This is a bounded computational sample. It does not prove the complete associate-class structure of the infinite monoid.
3835,247919/59049,1,247919/59049,1,mixed_fraction,This is a bounded computational sample. It does not prove the complete associate-class structure of the infinite monoid.
3836,247939/59049,1,247939/59049,1,mixed_fraction,This is a bounded computational sample. It does not prove the complete associate-class structure of the infinite monoid.
3837,247955/59049,1,247955/59049,1,mixed_fraction,This is a bounded computational sample. It does not prove the complete associate-class structure of the infinite monoid.
3838,248398/59049,1,248398/59049,1,mixed_fraction,This is a bounded computational sample. It does not prove the complete associate-class structure of the infinite monoid.
3839,248515/59049,1,248515/59049,1,mixed_fraction,This is a bounded computational sample. It does not prove the complete associate-class structure of the infinite monoid.
3840,248531/59049,1,248531/59049,1,mixed_fraction,This is a bounded computational sample. It does not prove the complete associate-class structure of the infinite monoid.
3841,248846/59049,1,248846/59049,1,mixed_fraction,This is a bounded computational sample. It does not prove the complete associate-class structure of the infinite monoid.
3842,248927/59049,1,248927/59049,1,mixed_fraction,This is a bounded computational sample. It does not prove the complete associate-class structure of the infinite monoid.
3843,248963/59049,1,248963/59049,1,mixed_fraction,This is a bounded computational sample. It does not prove the complete associate-class structure of the infinite monoid.
3844,249199/59049,1,249199/59049,1,mixed_fraction,This is a bounded computational sample. It does not prove the complete associate-class structure of the infinite monoid.
3845,249235/59049,1,249235/59049,1,mixed_fraction,This is a bounded computational sample. It does not prove the complete associate-class structure of the infinite monoid.
3846,249422/59049,1,249422/59049,1,mixed_fraction,This is a bounded computational sample. It does not prove the complete associate-class structure of the infinite monoid.
3847,249539/59049,1,249539/59049,1,mixed_fraction,This is a bounded computational sample. It does not prove the complete associate-class structure of the infinite monoid.
3848,249775/59049,1,249775/59049,1,mixed_fraction,This is a bounded computational sample. It does not prove the complete associate-class structure of the infinite monoid.
3849,249811/59049,1,249811/59049,1,mixed_fraction,This is a bounded computational sample. It does not prove the complete associate-class structure of the infinite monoid.
3850,250126/59049,1,250126/59049,1,mixed_fraction,This is a bounded computational sample. It does not prove the complete associate-class structure of the infinite monoid.
3851,250207/59049,1,250207/59049,1,mixed_fraction,This is a bounded computational sample. It does not prove the complete associate-class structure of the infinite monoid.
3852,250223/59049,1,250223/59049,1,mixed_fraction,This is a bounded computational sample. It does not prove the complete associate-class structure of the infinite monoid.
3853,250259/59049,1,250259/59049,1,mixed_fraction,This is a bounded computational sample. It does not prove the complete associate-class structure of the infinite monoid.
3854,250702/59049,1,250702/59049,1,mixed_fraction,This is a bounded computational sample. It does not prove the complete associate-class structure of the infinite monoid.
3855,250799/59049,1,250799/59049,1,mixed_fraction,This is a bounded computational sample. It does not prove the complete associate-class structure of the infinite monoid.
3856,250819/59049,1,250819/59049,1,mixed_fraction,This is a bounded computational sample. It does not prove the complete associate-class structure of the infinite monoid.
3857,250835/59049,1,250835/59049,1,mixed_fraction,This is a bounded computational sample. It does not prove the complete associate-class structure of the infinite monoid.
3858,251150/59049,1,251150/59049,1,mixed_fraction,This is a bounded computational sample. It does not prove the complete associate-class structure of the infinite monoid.
3859,251231/59049,1,251231/59049,1,mixed_fraction,This is a bounded computational sample. It does not prove the complete associate-class structure of the infinite monoid.
3860,251503/59049,1,251503/59049,1,mixed_fraction,This is a bounded computational sample. It does not prove the complete associate-class structure of the infinite monoid.
3861,251726/59049,1,251726/59049,1,mixed_fraction,This is a bounded computational sample. It does not prove the complete associate-class structure of the infinite monoid.
3862,251843/59049,1,251843/59049,1,mixed_fraction,This is a bounded computational sample. It does not prove the complete associate-class structure of the infinite monoid.
3863,252079/59049,1,252079/59049,1,mixed_fraction,This is a bounded computational sample. It does not prove the complete associate-class structure of the infinite monoid.
3864,252115/59049,1,252115/59049,1,mixed_fraction,This is a bounded computational sample. It does not prove the complete associate-class structure of the infinite monoid.
3865,252527/59049,1,252527/59049,1,mixed_fraction,This is a bounded computational sample. It does not prove the complete associate-class structure of the infinite monoid.
3866,252691/59049,1,252691/59049,1,mixed_fraction,This is a bounded computational sample. It does not prove the complete associate-class structure of the infinite monoid.
3867,253006/59049,1,253006/59049,1,mixed_fraction,This is a bounded computational sample. It does not prove the complete associate-class structure of the infinite monoid.
3868,253103/59049,1,253103/59049,1,mixed_fraction,This is a bounded computational sample. It does not prove the complete associate-class structure of the infinite monoid.
3869,253123/59049,1,253123/59049,1,mixed_fraction,This is a bounded computational sample. It does not prove the complete associate-class structure of the infinite monoid.
3870,253139/59049,1,253139/59049,1,mixed_fraction,This is a bounded computational sample. It does not prove the complete associate-class structure of the infinite monoid.
3871,253715/59049,1,253715/59049,1,mixed_fraction,This is a bounded computational sample. It does not prove the complete associate-class structure of the infinite monoid.
3872,253987/59049,1,253987/59049,1,mixed_fraction,This is a bounded computational sample. It does not prove the complete associate-class structure of the infinite monoid.
3873,254030/59049,1,254030/59049,1,mixed_fraction,This is a bounded computational sample. It does not prove the complete associate-class structure of the infinite monoid.
3874,254147/59049,1,254147/59049,1,mixed_fraction,This is a bounded computational sample. It does not prove the complete associate-class structure of the infinite monoid.
3875,254383/59049,1,254383/59049,1,mixed_fraction,This is a bounded computational sample. It does not prove the complete associate-class structure of the infinite monoid.
3876,254419/59049,1,254419/59049,1,mixed_fraction,This is a bounded computational sample. It does not prove the complete associate-class structure of the infinite monoid.
3877,254959/59049,1,254959/59049,1,mixed_fraction,This is a bounded computational sample. It does not prove the complete associate-class structure of the infinite monoid.
3878,254995/59049,1,254995/59049,1,mixed_fraction,This is a bounded computational sample. It does not prove the complete associate-class structure of the infinite monoid.
3879,255011/59049,1,255011/59049,1,mixed_fraction,This is a bounded computational sample. It does not prove the complete associate-class structure of the infinite monoid.
3880,255310/59049,1,255310/59049,1,mixed_fraction,This is a bounded computational sample. It does not prove the complete associate-class structure of the infinite monoid.
3881,255407/59049,1,255407/59049,1,mixed_fraction,This is a bounded computational sample. It does not prove the complete associate-class structure of the infinite monoid.
3882,255443/59049,1,255443/59049,1,mixed_fraction,This is a bounded computational sample. It does not prove the complete associate-class structure of the infinite monoid.
3883,255983/59049,1,255983/59049,1,mixed_fraction,This is a bounded computational sample. It does not prove the complete associate-class structure of the infinite monoid.
3884,256019/59049,1,256019/59049,1,mixed_fraction,This is a bounded computational sample. It does not prove the complete associate-class structure of the infinite monoid.
3885,256291/59049,1,256291/59049,1,mixed_fraction,This is a bounded computational sample. It does not prove the complete associate-class structure of the infinite monoid.
3886,256334/59049,1,256334/59049,1,mixed_fraction,This is a bounded computational sample. It does not prove the complete associate-class structure of the infinite monoid.
3887,256687/59049,1,256687/59049,1,mixed_fraction,This is a bounded computational sample. It does not prove the complete associate-class structure of the infinite monoid.
3888,256903/59049,1,256903/59049,1,mixed_fraction,This is a bounded computational sample. It does not prove the complete associate-class structure of the infinite monoid.
3889,257263/59049,1,257263/59049,1,mixed_fraction,This is a bounded computational sample. It does not prove the complete associate-class structure of the infinite monoid.
3890,257299/59049,1,257299/59049,1,mixed_fraction,This is a bounded computational sample. It does not prove the complete associate-class structure of the infinite monoid.
3891,257315/59049,1,257315/59049,1,mixed_fraction,This is a bounded computational sample. It does not prove the complete associate-class structure of the infinite monoid.
3892,257711/59049,1,257711/59049,1,mixed_fraction,This is a bounded computational sample. It does not prove the complete associate-class structure of the infinite monoid.
3893,257875/59049,1,257875/59049,1,mixed_fraction,This is a bounded computational sample. It does not prove the complete associate-class structure of the infinite monoid.
3894,257927/59049,1,257927/59049,1,mixed_fraction,This is a bounded computational sample. It does not prove the complete associate-class structure of the infinite monoid.
3895,258287/59049,1,258287/59049,1,mixed_fraction,This is a bounded computational sample. It does not prove the complete associate-class structure of the infinite monoid.
3896,258323/59049,1,258323/59049,1,mixed_fraction,This is a bounded computational sample. It does not prove the complete associate-class structure of the infinite monoid.
3897,258595/59049,1,258595/59049,1,mixed_fraction,This is a bounded computational sample. It does not prove the complete associate-class structure of the infinite monoid.
3898,258899/59049,1,258899/59049,1,mixed_fraction,This is a bounded computational sample. It does not prove the complete associate-class structure of the infinite monoid.
3899,259171/59049,1,259171/59049,1,mixed_fraction,This is a bounded computational sample. It does not prove the complete associate-class structure of the infinite monoid.
3900,259207/59049,1,259207/59049,1,mixed_fraction,This is a bounded computational sample. It does not prove the complete associate-class structure of the infinite monoid.
3901,259567/59049,1,259567/59049,1,mixed_fraction,This is a bounded computational sample. It does not prove the complete associate-class structure of the infinite monoid.
3902,259603/59049,1,259603/59049,1,mixed_fraction,This is a bounded computational sample. It does not prove the complete associate-class structure of the infinite monoid.
3903,259619/59049,1,259619/59049,1,mixed_fraction,This is a bounded computational sample. It does not prove the complete associate-class structure of the infinite monoid.
3904,260179/59049,1,260179/59049,1,mixed_fraction,This is a bounded computational sample. It does not prove the complete associate-class structure of the infinite monoid.
3905,260195/59049,1,260195/59049,1,mixed_fraction,This is a bounded computational sample. It does not prove the complete associate-class structure of the infinite monoid.
3906,260231/59049,1,260231/59049,1,mixed_fraction,This is a bounded computational sample. It does not prove the complete associate-class structure of the infinite monoid.
3907,260591/59049,1,260591/59049,1,mixed_fraction,This is a bounded computational sample. It does not prove the complete associate-class structure of the infinite monoid.
3908,260627/59049,1,260627/59049,1,mixed_fraction,This is a bounded computational sample. It does not prove the complete associate-class structure of the infinite monoid.
3909,260899/59049,1,260899/59049,1,mixed_fraction,This is a bounded computational sample. It does not prove the complete associate-class structure of the infinite monoid.
3910,261203/59049,1,261203/59049,1,mixed_fraction,This is a bounded computational sample. It does not prove the complete associate-class structure of the infinite monoid.
3911,261475/59049,1,261475/59049,1,mixed_fraction,This is a bounded computational sample. It does not prove the complete associate-class structure of the infinite monoid.
3912,261511/59049,1,261511/59049,1,mixed_fraction,This is a bounded computational sample. It does not prove the complete associate-class structure of the infinite monoid.
3913,261871/59049,1,261871/59049,1,mixed_fraction,This is a bounded computational sample. It does not prove the complete associate-class structure of the infinite monoid.
3914,261923/59049,1,261923/59049,1,mixed_fraction,This is a bounded computational sample. It does not prove the complete associate-class structure of the infinite monoid.
3915,262087/59049,1,262087/59049,1,mixed_fraction,This is a bounded computational sample. It does not prove the complete associate-class structure of the infinite monoid.
3916,262483/59049,1,262483/59049,1,mixed_fraction,This is a bounded computational sample. It does not prove the complete associate-class structure of the infinite monoid.
3917,262499/59049,1,262499/59049,1,mixed_fraction,This is a bounded computational sample. It does not prove the complete associate-class structure of the infinite monoid.
3918,262535/59049,1,262535/59049,1,mixed_fraction,This is a bounded computational sample. It does not prove the complete associate-class structure of the infinite monoid.
3919,262895/59049,1,262895/59049,1,mixed_fraction,This is a bounded computational sample. It does not prove the complete associate-class structure of the infinite monoid.
3920,263111/59049,1,263111/59049,1,mixed_fraction,This is a bounded computational sample. It does not prove the complete associate-class structure of the infinite monoid.
3921,263507/59049,1,263507/59049,1,mixed_fraction,This is a bounded computational sample. It does not prove the complete associate-class structure of the infinite monoid.
3922,263779/59049,1,263779/59049,1,mixed_fraction,This is a bounded computational sample. It does not prove the complete associate-class structure of the infinite monoid.
3923,263815/59049,1,263815/59049,1,mixed_fraction,This is a bounded computational sample. It does not prove the complete associate-class structure of the infinite monoid.
3924,264355/59049,1,264355/59049,1,mixed_fraction,This is a bounded computational sample. It does not prove the complete associate-class structure of the infinite monoid.
3925,264391/59049,1,264391/59049,1,mixed_fraction,This is a bounded computational sample. It does not prove the complete associate-class structure of the infinite monoid.
3926,264787/59049,1,264787/59049,1,mixed_fraction,This is a bounded computational sample. It does not prove the complete associate-class structure of the infinite monoid.
3927,264803/59049,1,264803/59049,1,mixed_fraction,This is a bounded computational sample. It does not prove the complete associate-class structure of the infinite monoid.
3928,264839/59049,1,264839/59049,1,mixed_fraction,This is a bounded computational sample. It does not prove the complete associate-class structure of the infinite monoid.
3929,265379/59049,1,265379/59049,1,mixed_fraction,This is a bounded computational sample. It does not prove the complete associate-class structure of the infinite monoid.
3930,265415/59049,1,265415/59049,1,mixed_fraction,This is a bounded computational sample. It does not prove the complete associate-class structure of the infinite monoid.
3931,265651/59049,1,265651/59049,1,mixed_fraction,This is a bounded computational sample. It does not prove the complete associate-class structure of the infinite monoid.
3932,265811/59049,1,265811/59049,1,mixed_fraction,This is a bounded computational sample. It does not prove the complete associate-class structure of the infinite monoid.
3933,266083/59049,1,266083/59049,1,mixed_fraction,This is a bounded computational sample. It does not prove the complete associate-class structure of the infinite monoid.
3934,266659/59049,1,266659/59049,1,mixed_fraction,This is a bounded computational sample. It does not prove the complete associate-class structure of the infinite monoid.
3935,266675/59049,1,266675/59049,1,mixed_fraction,This is a bounded computational sample. It does not prove the complete associate-class structure of the infinite monoid.
3936,266695/59049,1,266695/59049,1,mixed_fraction,This is a bounded computational sample. It does not prove the complete associate-class structure of the infinite monoid.
3937,267107/59049,1,267107/59049,1,mixed_fraction,This is a bounded computational sample. It does not prove the complete associate-class structure of the infinite monoid.
3938,267271/59049,1,267271/59049,1,mixed_fraction,This is a bounded computational sample. It does not prove the complete associate-class structure of the infinite monoid.
3939,267683/59049,1,267683/59049,1,mixed_fraction,This is a bounded computational sample. It does not prove the complete associate-class structure of the infinite monoid.
3940,267719/59049,1,267719/59049,1,mixed_fraction,This is a bounded computational sample. It does not prove the complete associate-class structure of the infinite monoid.
3941,267955/59049,1,267955/59049,1,mixed_fraction,This is a bounded computational sample. It does not prove the complete associate-class structure of the infinite monoid.
3942,268295/59049,1,268295/59049,1,mixed_fraction,This is a bounded computational sample. It does not prove the complete associate-class structure of the infinite monoid.
3943,268567/59049,1,268567/59049,1,mixed_fraction,This is a bounded computational sample. It does not prove the complete associate-class structure of the infinite monoid.
3944,268963/59049,1,268963/59049,1,mixed_fraction,This is a bounded computational sample. It does not prove the complete associate-class structure of the infinite monoid.
3945,268979/59049,1,268979/59049,1,mixed_fraction,This is a bounded computational sample. It does not prove the complete associate-class structure of the infinite monoid.
3946,268999/59049,1,268999/59049,1,mixed_fraction,This is a bounded computational sample. It does not prove the complete associate-class structure of the infinite monoid.
3947,269539/59049,1,269539/59049,1,mixed_fraction,This is a bounded computational sample. It does not prove the complete associate-class structure of the infinite monoid.
3948,269575/59049,1,269575/59049,1,mixed_fraction,This is a bounded computational sample. It does not prove the complete associate-class structure of the infinite monoid.
3949,269591/59049,1,269591/59049,1,mixed_fraction,This is a bounded computational sample. It does not prove the complete associate-class structure of the infinite monoid.
3950,269987/59049,1,269987/59049,1,mixed_fraction,This is a bounded computational sample. It does not prove the complete associate-class structure of the infinite monoid.
3951,270023/59049,1,270023/59049,1,mixed_fraction,This is a bounded computational sample. It does not prove the complete associate-class structure of the infinite monoid.
3952,270259/59049,1,270259/59049,1,mixed_fraction,This is a bounded computational sample. It does not prove the complete associate-class structure of the infinite monoid.
3953,270563/59049,1,270563/59049,1,mixed_fraction,This is a bounded computational sample. It does not prove the complete associate-class structure of the infinite monoid.
3954,270599/59049,1,270599/59049,1,mixed_fraction,This is a bounded computational sample. It does not prove the complete associate-class structure of the infinite monoid.
3955,270835/59049,1,270835/59049,1,mixed_fraction,This is a bounded computational sample. It does not prove the complete associate-class structure of the infinite monoid.
3956,270871/59049,1,270871/59049,1,mixed_fraction,This is a bounded computational sample. It does not prove the complete associate-class structure of the infinite monoid.
3957,271267/59049,1,271267/59049,1,mixed_fraction,This is a bounded computational sample. It does not prove the complete associate-class structure of the infinite monoid.
3958,271283/59049,1,271283/59049,1,mixed_fraction,This is a bounded computational sample. It does not prove the complete associate-class structure of the infinite monoid.
3959,271843/59049,1,271843/59049,1,mixed_fraction,This is a bounded computational sample. It does not prove the complete associate-class structure of the infinite monoid.
3960,271859/59049,1,271859/59049,1,mixed_fraction,This is a bounded computational sample. It does not prove the complete associate-class structure of the infinite monoid.
3961,271879/59049,1,271879/59049,1,mixed_fraction,This is a bounded computational sample. It does not prove the complete associate-class structure of the infinite monoid.
3962,271895/59049,1,271895/59049,1,mixed_fraction,This is a bounded computational sample. It does not prove the complete associate-class structure of the infinite monoid.
3963,272291/59049,1,272291/59049,1,mixed_fraction,This is a bounded computational sample. It does not prove the complete associate-class structure of the infinite monoid.
3964,272455/59049,1,272455/59049,1,mixed_fraction,This is a bounded computational sample. It does not prove the complete associate-class structure of the infinite monoid.
3965,272563/59049,1,272563/59049,1,mixed_fraction,This is a bounded computational sample. It does not prove the complete associate-class structure of the infinite monoid.
3966,272867/59049,1,272867/59049,1,mixed_fraction,This is a bounded computational sample. It does not prove the complete associate-class structure of the infinite monoid.
3967,272903/59049,1,272903/59049,1,mixed_fraction,This is a bounded computational sample. It does not prove the complete associate-class structure of the infinite monoid.
3968,273139/59049,1,273139/59049,1,mixed_fraction,This is a bounded computational sample. It does not prove the complete associate-class structure of the infinite monoid.
3969,273175/59049,1,273175/59049,1,mixed_fraction,This is a bounded computational sample. It does not prove the complete associate-class structure of the infinite monoid.
3970,273479/59049,1,273479/59049,1,mixed_fraction,This is a bounded computational sample. It does not prove the complete associate-class structure of the infinite monoid.
3971,273587/59049,1,273587/59049,1,mixed_fraction,This is a bounded computational sample. It does not prove the complete associate-class structure of the infinite monoid.
3972,273751/59049,1,273751/59049,1,mixed_fraction,This is a bounded computational sample. It does not prove the complete associate-class structure of the infinite monoid.
3973,274147/59049,1,274147/59049,1,mixed_fraction,This is a bounded computational sample. It does not prove the complete associate-class structure of the infinite monoid.
3974,274163/59049,1,274163/59049,1,mixed_fraction,This is a bounded computational sample. It does not prove the complete associate-class structure of the infinite monoid.
3975,274183/59049,1,274183/59049,1,mixed_fraction,This is a bounded computational sample. It does not prove the complete associate-class structure of the infinite monoid.
3976,274199/59049,1,274199/59049,1,mixed_fraction,This is a bounded computational sample. It does not prove the complete associate-class structure of the infinite monoid.
3977,274759/59049,1,274759/59049,1,mixed_fraction,This is a bounded computational sample. It does not prove the complete associate-class structure of the infinite monoid.
3978,274775/59049,1,274775/59049,1,mixed_fraction,This is a bounded computational sample. It does not prove the complete associate-class structure of the infinite monoid.
3979,275171/59049,1,275171/59049,1,mixed_fraction,This is a bounded computational sample. It does not prove the complete associate-class structure of the infinite monoid.
3980,275207/59049,1,275207/59049,1,mixed_fraction,This is a bounded computational sample. It does not prove the complete associate-class structure of the infinite monoid.
3981,275443/59049,1,275443/59049,1,mixed_fraction,This is a bounded computational sample. It does not prove the complete associate-class structure of the infinite monoid.
3982,275479/59049,1,275479/59049,1,mixed_fraction,This is a bounded computational sample. It does not prove the complete associate-class structure of the infinite monoid.
3983,275783/59049,1,275783/59049,1,mixed_fraction,This is a bounded computational sample. It does not prove the complete associate-class structure of the infinite monoid.
3984,276019/59049,1,276019/59049,1,mixed_fraction,This is a bounded computational sample. It does not prove the complete associate-class structure of the infinite monoid.
3985,276055/59049,1,276055/59049,1,mixed_fraction,This is a bounded computational sample. It does not prove the complete associate-class structure of the infinite monoid.
3986,276451/59049,1,276451/59049,1,mixed_fraction,This is a bounded computational sample. It does not prove the complete associate-class structure of the infinite monoid.
3987,276467/59049,1,276467/59049,1,mixed_fraction,This is a bounded computational sample. It does not prove the complete associate-class structure of the infinite monoid.
3988,276503/59049,1,276503/59049,1,mixed_fraction,This is a bounded computational sample. It does not prove the complete associate-class structure of the infinite monoid.
3989,277043/59049,1,277043/59049,1,mixed_fraction,This is a bounded computational sample. It does not prove the complete associate-class structure of the infinite monoid.
3990,277063/59049,1,277063/59049,1,mixed_fraction,This is a bounded computational sample. It does not prove the complete associate-class structure of the infinite monoid.
3991,277079/59049,1,277079/59049,1,mixed_fraction,This is a bounded computational sample. It does not prove the complete associate-class structure of the infinite monoid.
3992,277475/59049,1,277475/59049,1,mixed_fraction,This is a bounded computational sample. It does not prove the complete associate-class structure of the infinite monoid.
3993,277747/59049,1,277747/59049,1,mixed_fraction,This is a bounded computational sample. It does not prove the complete associate-class structure of the infinite monoid.
3994,278087/59049,1,278087/59049,1,mixed_fraction,This is a bounded computational sample. It does not prove the complete associate-class structure of the infinite monoid.
3995,278323/59049,1,278323/59049,1,mixed_fraction,This is a bounded computational sample. It does not prove the complete associate-class structure of the infinite monoid.
3996,278359/59049,1,278359/59049,1,mixed_fraction,This is a bounded computational sample. It does not prove the complete associate-class structure of the infinite monoid.
3997,278771/59049,1,278771/59049,1,mixed_fraction,This is a bounded computational sample. It does not prove the complete associate-class structure of the infinite monoid.
3998,278935/59049,1,278935/59049,1,mixed_fraction,This is a bounded computational sample. It does not prove the complete associate-class structure of the infinite monoid.
3999,279347/59049,1,279347/59049,1,mixed_fraction,This is a bounded computational sample. It does not prove the complete associate-class structure of the infinite monoid.
4000,279367/59049,1,279367/59049,1,mixed_fraction,This is a bounded computational sample. It does not prove the complete associate-class structure of the infinite monoid.
4001,279383/59049,1,279383/59049,1,mixed_fraction,This is a bounded computational sample. It does not prove the complete associate-class structure of the infinite monoid.
4002,279959/59049,1,279959/59049,1,mixed_fraction,This is a bounded computational sample. It does not prove the complete associate-class structure of the infinite monoid.
4003,280231/59049,1,280231/59049,1,mixed_fraction,This is a bounded computational sample. It does not prove the complete associate-class structure of the infinite monoid.
4004,280391/59049,1,280391/59049,1,mixed_fraction,This is a bounded computational sample. It does not prove the complete associate-class structure of the infinite monoid.
4005,280627/59049,1,280627/59049,1,mixed_fraction,This is a bounded computational sample. It does not prove the complete associate-class structure of the infinite monoid.
4006,280663/59049,1,280663/59049,1,mixed_fraction,This is a bounded computational sample. It does not prove the complete associate-class structure of the infinite monoid.
4007,281203/59049,1,281203/59049,1,mixed_fraction,This is a bounded computational sample. It does not prove the complete associate-class structure of the infinite monoid.
4008,281239/59049,1,281239/59049,1,mixed_fraction,This is a bounded computational sample. It does not prove the complete associate-class structure of the infinite monoid.
4009,281255/59049,1,281255/59049,1,mixed_fraction,This is a bounded computational sample. It does not prove the complete associate-class structure of the infinite monoid.
4010,281651/59049,1,281651/59049,1,mixed_fraction,This is a bounded computational sample. It does not prove the complete associate-class structure of the infinite monoid.
4011,281687/59049,1,281687/59049,1,mixed_fraction,This is a bounded computational sample. It does not prove the complete associate-class structure of the infinite monoid.
4012,282227/59049,1,282227/59049,1,mixed_fraction,This is a bounded computational sample. It does not prove the complete associate-class structure of the infinite monoid.
4013,282263/59049,1,282263/59049,1,mixed_fraction,This is a bounded computational sample. It does not prove the complete associate-class structure of the infinite monoid.
4014,282535/59049,1,282535/59049,1,mixed_fraction,This is a bounded computational sample. It does not prove the complete associate-class structure of the infinite monoid.
4015,282931/59049,1,282931/59049,1,mixed_fraction,This is a bounded computational sample. It does not prove the complete associate-class structure of the infinite monoid.
4016,283507/59049,1,283507/59049,1,mixed_fraction,This is a bounded computational sample. It does not prove the complete associate-class structure of the infinite monoid.
4017,283543/59049,1,283543/59049,1,mixed_fraction,This is a bounded computational sample. It does not prove the complete associate-class structure of the infinite monoid.
4018,283559/59049,1,283559/59049,1,mixed_fraction,This is a bounded computational sample. It does not prove the complete associate-class structure of the infinite monoid.
4019,283955/59049,1,283955/59049,1,mixed_fraction,This is a bounded computational sample. It does not prove the complete associate-class structure of the infinite monoid.
4020,284119/59049,1,284119/59049,1,mixed_fraction,This is a bounded computational sample. It does not prove the complete associate-class structure of the infinite monoid.
4021,284531/59049,1,284531/59049,1,mixed_fraction,This is a bounded computational sample. It does not prove the complete associate-class structure of the infinite monoid.
4022,284567/59049,1,284567/59049,1,mixed_fraction,This is a bounded computational sample. It does not prove the complete associate-class structure of the infinite monoid.
4023,284839/59049,1,284839/59049,1,mixed_fraction,This is a bounded computational sample. It does not prove the complete associate-class structure of the infinite monoid.
4024,285143/59049,1,285143/59049,1,mixed_fraction,This is a bounded computational sample. It does not prove the complete associate-class structure of the infinite monoid.
4025,285415/59049,1,285415/59049,1,mixed_fraction,This is a bounded computational sample. It does not prove the complete associate-class structure of the infinite monoid.
4026,285811/59049,1,285811/59049,1,mixed_fraction,This is a bounded computational sample. It does not prove the complete associate-class structure of the infinite monoid.
4027,285847/59049,1,285847/59049,1,mixed_fraction,This is a bounded computational sample. It does not prove the complete associate-class structure of the infinite monoid.
4028,285863/59049,1,285863/59049,1,mixed_fraction,This is a bounded computational sample. It does not prove the complete associate-class structure of the infinite monoid.
4029,286423/59049,1,286423/59049,1,mixed_fraction,This is a bounded computational sample. It does not prove the complete associate-class structure of the infinite monoid.
4030,286439/59049,1,286439/59049,1,mixed_fraction,This is a bounded computational sample. It does not prove the complete associate-class structure of the infinite monoid.
4031,286835/59049,1,286835/59049,1,mixed_fraction,This is a bounded computational sample. It does not prove the complete associate-class structure of the infinite monoid.
4032,286871/59049,1,286871/59049,1,mixed_fraction,This is a bounded computational sample. It does not prove the complete associate-class structure of the infinite monoid.
4033,287143/59049,1,287143/59049,1,mixed_fraction,This is a bounded computational sample. It does not prove the complete associate-class structure of the infinite monoid.
4034,287447/59049,1,287447/59049,1,mixed_fraction,This is a bounded computational sample. It does not prove the complete associate-class structure of the infinite monoid.
4035,287719/59049,1,287719/59049,1,mixed_fraction,This is a bounded computational sample. It does not prove the complete associate-class structure of the infinite monoid.
4036,288115/59049,1,288115/59049,1,mixed_fraction,This is a bounded computational sample. It does not prove the complete associate-class structure of the infinite monoid.
4037,288167/59049,1,288167/59049,1,mixed_fraction,This is a bounded computational sample. It does not prove the complete associate-class structure of the infinite monoid.
4038,288727/59049,1,288727/59049,1,mixed_fraction,This is a bounded computational sample. It does not prove the complete associate-class structure of the infinite monoid.
4039,288743/59049,1,288743/59049,1,mixed_fraction,This is a bounded computational sample. It does not prove the complete associate-class structure of the infinite monoid.
4040,289139/59049,1,289139/59049,1,mixed_fraction,This is a bounded computational sample. It does not prove the complete associate-class structure of the infinite monoid.
4041,289751/59049,1,289751/59049,1,mixed_fraction,This is a bounded computational sample. It does not prove the complete associate-class structure of the infinite monoid.
4042,290023/59049,1,290023/59049,1,mixed_fraction,This is a bounded computational sample. It does not prove the complete associate-class structure of the infinite monoid.
4043,290599/59049,1,290599/59049,1,mixed_fraction,This is a bounded computational sample. It does not prove the complete associate-class structure of the infinite monoid.
4044,291031/59049,1,291031/59049,1,mixed_fraction,This is a bounded computational sample. It does not prove the complete associate-class structure of the infinite monoid.
4045,291047/59049,1,291047/59049,1,mixed_fraction,This is a bounded computational sample. It does not prove the complete associate-class structure of the infinite monoid.
4046,291623/59049,1,291623/59049,1,mixed_fraction,This is a bounded computational sample. It does not prove the complete associate-class structure of the infinite monoid.
4047,291895/59049,1,291895/59049,1,mixed_fraction,This is a bounded computational sample. It does not prove the complete associate-class structure of the infinite monoid.
4048,292055/59049,1,292055/59049,1,mixed_fraction,This is a bounded computational sample. It does not prove the complete associate-class structure of the infinite monoid.
4049,292327/59049,1,292327/59049,1,mixed_fraction,This is a bounded computational sample. It does not prove the complete associate-class structure of the infinite monoid.
4050,292903/59049,1,292903/59049,1,mixed_fraction,This is a bounded computational sample. It does not prove the complete associate-class structure of the infinite monoid.
4051,292919/59049,1,292919/59049,1,mixed_fraction,This is a bounded computational sample. It does not prove the complete associate-class structure of the infinite monoid.
4052,293351/59049,1,293351/59049,1,mixed_fraction,This is a bounded computational sample. It does not prove the complete associate-class structure of the infinite monoid.
4053,293927/59049,1,293927/59049,1,mixed_fraction,This is a bounded computational sample. It does not prove the complete associate-class structure of the infinite monoid.
4054,294199/59049,1,294199/59049,1,mixed_fraction,This is a bounded computational sample. It does not prove the complete associate-class structure of the infinite monoid.
4055,295207/59049,1,295207/59049,1,mixed_fraction,This is a bounded computational sample. It does not prove the complete associate-class structure of the infinite monoid.
4056,295223/59049,1,295223/59049,1,mixed_fraction,This is a bounded computational sample. It does not prove the complete associate-class structure of the infinite monoid.
4057,295783/59049,1,295783/59049,1,mixed_fraction,This is a bounded computational sample. It does not prove the complete associate-class structure of the infinite monoid.
4058,296231/59049,1,296231/59049,1,mixed_fraction,This is a bounded computational sample. It does not prove the complete associate-class structure of the infinite monoid.
4059,296503/59049,1,296503/59049,1,mixed_fraction,This is a bounded computational sample. It does not prove the complete associate-class structure of the infinite monoid.
4060,296807/59049,1,296807/59049,1,mixed_fraction,This is a bounded computational sample. It does not prove the complete associate-class structure of the infinite monoid.
4061,297079/59049,1,297079/59049,1,mixed_fraction,This is a bounded computational sample. It does not prove the complete associate-class structure of the infinite monoid.
4062,297511/59049,1,297511/59049,1,mixed_fraction,This is a bounded computational sample. It does not prove the complete associate-class structure of the infinite monoid.
4063,297527/59049,1,297527/59049,1,mixed_fraction,This is a bounded computational sample. It does not prove the complete associate-class structure of the infinite monoid.
4064,298087/59049,1,298087/59049,1,mixed_fraction,This is a bounded computational sample. It does not prove the complete associate-class structure of the infinite monoid.
4065,298103/59049,1,298103/59049,1,mixed_fraction,This is a bounded computational sample. It does not prove the complete associate-class structure of the infinite monoid.
4066,298535/59049,1,298535/59049,1,mixed_fraction,This is a bounded computational sample. It does not prove the complete associate-class structure of the infinite monoid.
4067,298807/59049,1,298807/59049,1,mixed_fraction,This is a bounded computational sample. It does not prove the complete associate-class structure of the infinite monoid.
4068,299111/59049,1,299111/59049,1,mixed_fraction,This is a bounded computational sample. It does not prove the complete associate-class structure of the infinite monoid.
4069,299383/59049,1,299383/59049,1,mixed_fraction,This is a bounded computational sample. It does not prove the complete associate-class structure of the infinite monoid.
4070,299831/59049,1,299831/59049,1,mixed_fraction,This is a bounded computational sample. It does not prove the complete associate-class structure of the infinite monoid.
4071,300391/59049,1,300391/59049,1,mixed_fraction,This is a bounded computational sample. It does not prove the complete associate-class structure of the infinite monoid.
4072,300407/59049,1,300407/59049,1,mixed_fraction,This is a bounded computational sample. It does not prove the complete associate-class structure of the infinite monoid.
4073,301415/59049,1,301415/59049,1,mixed_fraction,This is a bounded computational sample. It does not prove the complete associate-class structure of the infinite monoid.
4074,301687/59049,1,301687/59049,1,mixed_fraction,This is a bounded computational sample. It does not prove the complete associate-class structure of the infinite monoid.
4075,302263/59049,1,302263/59049,1,mixed_fraction,This is a bounded computational sample. It does not prove the complete associate-class structure of the infinite monoid.
4076,302695/59049,1,302695/59049,1,mixed_fraction,This is a bounded computational sample. It does not prove the complete associate-class structure of the infinite monoid.
4077,302711/59049,1,302711/59049,1,mixed_fraction,This is a bounded computational sample. It does not prove the complete associate-class structure of the infinite monoid.
4078,303287/59049,1,303287/59049,1,mixed_fraction,This is a bounded computational sample. It does not prove the complete associate-class structure of the infinite monoid.
4079,303719/59049,1,303719/59049,1,mixed_fraction,This is a bounded computational sample. It does not prove the complete associate-class structure of the infinite monoid.
4080,303991/59049,1,303991/59049,1,mixed_fraction,This is a bounded computational sample. It does not prove the complete associate-class structure of the infinite monoid.
4081,304567/59049,1,304567/59049,1,mixed_fraction,This is a bounded computational sample. It does not prove the complete associate-class structure of the infinite monoid.
4082,305015/59049,1,305015/59049,1,mixed_fraction,This is a bounded computational sample. It does not prove the complete associate-class structure of the infinite monoid.
4083,305591/59049,1,305591/59049,1,mixed_fraction,This is a bounded computational sample. It does not prove the complete associate-class structure of the infinite monoid.
4084,306871/59049,1,306871/59049,1,mixed_fraction,This is a bounded computational sample. It does not prove the complete associate-class structure of the infinite monoid.
4085,307447/59049,1,307447/59049,1,mixed_fraction,This is a bounded computational sample. It does not prove the complete associate-class structure of the infinite monoid.
4086,307895/59049,1,307895/59049,1,mixed_fraction,This is a bounded computational sample. It does not prove the complete associate-class structure of the infinite monoid.
4087,308471/59049,1,308471/59049,1,mixed_fraction,This is a bounded computational sample. It does not prove the complete associate-class structure of the infinite monoid.
4088,309175/59049,1,309175/59049,1,mixed_fraction,This is a bounded computational sample. It does not prove the complete associate-class structure of the infinite monoid.
4089,309751/59049,1,309751/59049,1,mixed_fraction,This is a bounded computational sample. It does not prove the complete associate-class structure of the infinite monoid.
4090,310199/59049,1,310199/59049,1,mixed_fraction,This is a bounded computational sample. It does not prove the complete associate-class structure of the infinite monoid.
4091,310775/59049,1,310775/59049,1,mixed_fraction,This is a bounded computational sample. It does not prove the complete associate-class structure of the infinite monoid.
4092,312055/59049,1,312055/59049,1,mixed_fraction,This is a bounded computational sample. It does not prove the complete associate-class structure of the infinite monoid.
4093,313079/59049,1,313079/59049,1,mixed_fraction,This is a bounded computational sample. It does not prove the complete associate-class structure of the infinite monoid.
4094,314359/59049,1,314359/59049,1,mixed_fraction,This is a bounded computational sample. It does not prove the complete associate-class structure of the infinite monoid.
4095,315383/59049,1,315383/59049,1,mixed_fraction,This is a bounded computational sample. It does not prove the complete associate-class structure of the infinite monoid.
