class_id,representative,class_size,elements,units_used,theoretical_case,notes
1,1,1,1,1,mixed_fraction,This is a bounded computational sample. It does not prove the complete associate-class structure of the infinite monoid.
2,2,1,2,1,mixed_fraction,This is a bounded computational sample. It does not prove the complete associate-class structure of the infinite monoid.
3,3,1,3,1,mixed_fraction,This is a bounded computational sample. It does not prove the complete associate-class structure of the infinite monoid.
4,5,1,5,1,mixed_fraction,This is a bounded computational sample. It does not prove the complete associate-class structure of the infinite monoid.
5,5/3,1,5/3,1,mixed_fraction,This is a bounded computational sample. It does not prove the complete associate-class structure of the infinite monoid.
6,6,1,6,1,mixed_fraction,This is a bounded computational sample. It does not prove the complete associate-class structure of the infinite monoid.
7,7,1,7,1,mixed_fraction,This is a bounded computational sample. It does not prove the complete associate-class structure of the infinite monoid.
8,8,1,8,1,mixed_fraction,This is a bounded computational sample. It does not prove the complete associate-class structure of the infinite monoid.
9,8/3,1,8/3,1,mixed_fraction,This is a bounded computational sample. It does not prove the complete associate-class structure of the infinite monoid.
10,10,1,10,1,mixed_fraction,This is a bounded computational sample. It does not prove the complete associate-class structure of the infinite monoid.
11,10/3,1,10/3,1,mixed_fraction,This is a bounded computational sample. It does not prove the complete associate-class structure of the infinite monoid.
12,11,1,11,1,mixed_fraction,This is a bounded computational sample. It does not prove the complete associate-class structure of the infinite monoid.
13,11/3,1,11/3,1,mixed_fraction,This is a bounded computational sample. It does not prove the complete associate-class structure of the infinite monoid.
14,12,1,12,1,mixed_fraction,This is a bounded computational sample. It does not prove the complete associate-class structure of the infinite monoid.
15,13,1,13,1,mixed_fraction,This is a bounded computational sample. It does not prove the complete associate-class structure of the infinite monoid.
16,13/3,1,13/3,1,mixed_fraction,This is a bounded computational sample. It does not prove the complete associate-class structure of the infinite monoid.
17,14/3,1,14/3,1,mixed_fraction,This is a bounded computational sample. It does not prove the complete associate-class structure of the infinite monoid.
18,16/3,1,16/3,1,mixed_fraction,This is a bounded computational sample. It does not prove the complete associate-class structure of the infinite monoid.
19,19/3,1,19/3,1,mixed_fraction,This is a bounded computational sample. It does not prove the complete associate-class structure of the infinite monoid.
20,20,1,20,1,mixed_fraction,This is a bounded computational sample. It does not prove the complete associate-class structure of the infinite monoid.
21,21,1,21,1,mixed_fraction,This is a bounded computational sample. It does not prove the complete associate-class structure of the infinite monoid.
22,22,1,22,1,mixed_fraction,This is a bounded computational sample. It does not prove the complete associate-class structure of the infinite monoid.
23,23,1,23,1,mixed_fraction,This is a bounded computational sample. It does not prove the complete associate-class structure of the infinite monoid.
24,25/3,1,25/3,1,mixed_fraction,This is a bounded computational sample. It does not prove the complete associate-class structure of the infinite monoid.
25,25/9,1,25/9,1,mixed_fraction,This is a bounded computational sample. It does not prove the complete associate-class structure of the infinite monoid.
26,28/3,1,28/3,1,mixed_fraction,This is a bounded computational sample. It does not prove the complete associate-class structure of the infinite monoid.
27,31/3,1,31/3,1,mixed_fraction,This is a bounded computational sample. It does not prove the complete associate-class structure of the infinite monoid.
28,34/3,1,34/3,1,mixed_fraction,This is a bounded computational sample. It does not prove the complete associate-class structure of the infinite monoid.
29,34/9,1,34/9,1,mixed_fraction,This is a bounded computational sample. It does not prove the complete associate-class structure of the infinite monoid.
30,35,1,35,1,mixed_fraction,This is a bounded computational sample. It does not prove the complete associate-class structure of the infinite monoid.
31,35/3,1,35/3,1,mixed_fraction,This is a bounded computational sample. It does not prove the complete associate-class structure of the infinite monoid.
32,36,1,36,1,mixed_fraction,This is a bounded computational sample. It does not prove the complete associate-class structure of the infinite monoid.
33,37,1,37,1,mixed_fraction,This is a bounded computational sample. It does not prove the complete associate-class structure of the infinite monoid.
34,38,1,38,1,mixed_fraction,This is a bounded computational sample. It does not prove the complete associate-class structure of the infinite monoid.
35,38/3,1,38/3,1,mixed_fraction,This is a bounded computational sample. It does not prove the complete associate-class structure of the infinite monoid.
36,40/3,1,40/3,1,mixed_fraction,This is a bounded computational sample. It does not prove the complete associate-class structure of the infinite monoid.
37,40/9,1,40/9,1,mixed_fraction,This is a bounded computational sample. It does not prove the complete associate-class structure of the infinite monoid.
38,41/3,1,41/3,1,mixed_fraction,This is a bounded computational sample. It does not prove the complete associate-class structure of the infinite monoid.
39,43/3,1,43/3,1,mixed_fraction,This is a bounded computational sample. It does not prove the complete associate-class structure of the infinite monoid.
40,43/9,1,43/9,1,mixed_fraction,This is a bounded computational sample. It does not prove the complete associate-class structure of the infinite monoid.
41,44/3,1,44/3,1,mixed_fraction,This is a bounded computational sample. It does not prove the complete associate-class structure of the infinite monoid.
42,46/3,1,46/3,1,mixed_fraction,This is a bounded computational sample. It does not prove the complete associate-class structure of the infinite monoid.
43,49/3,1,49/3,1,mixed_fraction,This is a bounded computational sample. It does not prove the complete associate-class structure of the infinite monoid.
44,49/9,1,49/9,1,mixed_fraction,This is a bounded computational sample. It does not prove the complete associate-class structure of the infinite monoid.
45,50/3,1,50/3,1,mixed_fraction,This is a bounded computational sample. It does not prove the complete associate-class structure of the infinite monoid.
46,50/9,1,50/9,1,mixed_fraction,This is a bounded computational sample. It does not prove the complete associate-class structure of the infinite monoid.
47,52/9,1,52/9,1,mixed_fraction,This is a bounded computational sample. It does not prove the complete associate-class structure of the infinite monoid.
48,53/3,1,53/3,1,mixed_fraction,This is a bounded computational sample. It does not prove the complete associate-class structure of the infinite monoid.
49,55/3,1,55/3,1,mixed_fraction,This is a bounded computational sample. It does not prove the complete associate-class structure of the infinite monoid.
50,55/9,1,55/9,1,mixed_fraction,This is a bounded computational sample. It does not prove the complete associate-class structure of the infinite monoid.
51,56/3,1,56/3,1,mixed_fraction,This is a bounded computational sample. It does not prove the complete associate-class structure of the infinite monoid.
52,58/3,1,58/3,1,mixed_fraction,This is a bounded computational sample. It does not prove the complete associate-class structure of the infinite monoid.
53,58/9,1,58/9,1,mixed_fraction,This is a bounded computational sample. It does not prove the complete associate-class structure of the infinite monoid.
54,59/3,1,59/3,1,mixed_fraction,This is a bounded computational sample. It does not prove the complete associate-class structure of the infinite monoid.
55,59/9,1,59/9,1,mixed_fraction,This is a bounded computational sample. It does not prove the complete associate-class structure of the infinite monoid.
56,60,1,60,1,mixed_fraction,This is a bounded computational sample. It does not prove the complete associate-class structure of the infinite monoid.
57,61,1,61,1,mixed_fraction,This is a bounded computational sample. It does not prove the complete associate-class structure of the infinite monoid.
58,61/3,1,61/3,1,mixed_fraction,This is a bounded computational sample. It does not prove the complete associate-class structure of the infinite monoid.
59,62,1,62,1,mixed_fraction,This is a bounded computational sample. It does not prove the complete associate-class structure of the infinite monoid.
60,63,1,63,1,mixed_fraction,This is a bounded computational sample. It does not prove the complete associate-class structure of the infinite monoid.
61,64/3,1,64/3,1,mixed_fraction,This is a bounded computational sample. It does not prove the complete associate-class structure of the infinite monoid.
62,64/9,1,64/9,1,mixed_fraction,This is a bounded computational sample. It does not prove the complete associate-class structure of the infinite monoid.
63,65/3,1,65/3,1,mixed_fraction,This is a bounded computational sample. It does not prove the complete associate-class structure of the infinite monoid.
64,65/9,1,65/9,1,mixed_fraction,This is a bounded computational sample. It does not prove the complete associate-class structure of the infinite monoid.
65,67/9,1,67/9,1,mixed_fraction,This is a bounded computational sample. It does not prove the complete associate-class structure of the infinite monoid.
66,68/3,1,68/3,1,mixed_fraction,This is a bounded computational sample. It does not prove the complete associate-class structure of the infinite monoid.
67,68/9,1,68/9,1,mixed_fraction,This is a bounded computational sample. It does not prove the complete associate-class structure of the infinite monoid.
68,70/9,1,70/9,1,mixed_fraction,This is a bounded computational sample. It does not prove the complete associate-class structure of the infinite monoid.
69,71/3,1,71/3,1,mixed_fraction,This is a bounded computational sample. It does not prove the complete associate-class structure of the infinite monoid.
70,73/9,1,73/9,1,mixed_fraction,This is a bounded computational sample. It does not prove the complete associate-class structure of the infinite monoid.
71,74/3,1,74/3,1,mixed_fraction,This is a bounded computational sample. It does not prove the complete associate-class structure of the infinite monoid.
72,74/9,1,74/9,1,mixed_fraction,This is a bounded computational sample. It does not prove the complete associate-class structure of the infinite monoid.
73,77/9,1,77/9,1,mixed_fraction,This is a bounded computational sample. It does not prove the complete associate-class structure of the infinite monoid.
74,79/9,1,79/9,1,mixed_fraction,This is a bounded computational sample. It does not prove the complete associate-class structure of the infinite monoid.
75,80/9,1,80/9,1,mixed_fraction,This is a bounded computational sample. It does not prove the complete associate-class structure of the infinite monoid.
76,82/9,1,82/9,1,mixed_fraction,This is a bounded computational sample. It does not prove the complete associate-class structure of the infinite monoid.
77,83/9,1,83/9,1,mixed_fraction,This is a bounded computational sample. It does not prove the complete associate-class structure of the infinite monoid.
78,88/9,1,88/9,1,mixed_fraction,This is a bounded computational sample. It does not prove the complete associate-class structure of the infinite monoid.
79,89/9,1,89/9,1,mixed_fraction,This is a bounded computational sample. It does not prove the complete associate-class structure of the infinite monoid.
80,92/9,1,92/9,1,mixed_fraction,This is a bounded computational sample. It does not prove the complete associate-class structure of the infinite monoid.
81,95/9,1,95/9,1,mixed_fraction,This is a bounded computational sample. It does not prove the complete associate-class structure of the infinite monoid.
82,97/9,1,97/9,1,mixed_fraction,This is a bounded computational sample. It does not prove the complete associate-class structure of the infinite monoid.
83,98/9,1,98/9,1,mixed_fraction,This is a bounded computational sample. It does not prove the complete associate-class structure of the infinite monoid.
84,100/3,1,100/3,1,mixed_fraction,This is a bounded computational sample. It does not prove the complete associate-class structure of the infinite monoid.
85,103/3,1,103/3,1,mixed_fraction,This is a bounded computational sample. It does not prove the complete associate-class structure of the infinite monoid.
86,104/9,1,104/9,1,mixed_fraction,This is a bounded computational sample. It does not prove the complete associate-class structure of the infinite monoid.
87,106/3,1,106/3,1,mixed_fraction,This is a bounded computational sample. It does not prove the complete associate-class structure of the infinite monoid.
88,107/9,1,107/9,1,mixed_fraction,This is a bounded computational sample. It does not prove the complete associate-class structure of the infinite monoid.
89,109/3,1,109/3,1,mixed_fraction,This is a bounded computational sample. It does not prove the complete associate-class structure of the infinite monoid.
90,110/3,1,110/3,1,mixed_fraction,This is a bounded computational sample. It does not prove the complete associate-class structure of the infinite monoid.
91,113/3,1,113/3,1,mixed_fraction,This is a bounded computational sample. It does not prove the complete associate-class structure of the infinite monoid.
92,113/9,1,113/9,1,mixed_fraction,This is a bounded computational sample. It does not prove the complete associate-class structure of the infinite monoid.
93,115/3,1,115/3,1,mixed_fraction,This is a bounded computational sample. It does not prove the complete associate-class structure of the infinite monoid.
94,116/3,1,116/3,1,mixed_fraction,This is a bounded computational sample. It does not prove the complete associate-class structure of the infinite monoid.
95,118/3,1,118/3,1,mixed_fraction,This is a bounded computational sample. It does not prove the complete associate-class structure of the infinite monoid.
96,119/3,1,119/3,1,mixed_fraction,This is a bounded computational sample. It does not prove the complete associate-class structure of the infinite monoid.
97,121/3,1,121/3,1,mixed_fraction,This is a bounded computational sample. It does not prove the complete associate-class structure of the infinite monoid.
98,122/9,1,122/9,1,mixed_fraction,This is a bounded computational sample. It does not prove the complete associate-class structure of the infinite monoid.
99,124/3,1,124/3,1,mixed_fraction,This is a bounded computational sample. It does not prove the complete associate-class structure of the infinite monoid.
100,125/9,1,125/9,1,mixed_fraction,This is a bounded computational sample. It does not prove the complete associate-class structure of the infinite monoid.
101,125/27,1,125/27,1,mixed_fraction,This is a bounded computational sample. It does not prove the complete associate-class structure of the infinite monoid.
102,134/9,1,134/9,1,mixed_fraction,This is a bounded computational sample. It does not prove the complete associate-class structure of the infinite monoid.
103,140/9,1,140/9,1,mixed_fraction,This is a bounded computational sample. It does not prove the complete associate-class structure of the infinite monoid.
104,143/9,1,143/9,1,mixed_fraction,This is a bounded computational sample. It does not prove the complete associate-class structure of the infinite monoid.
105,149/9,1,149/9,1,mixed_fraction,This is a bounded computational sample. It does not prove the complete associate-class structure of the infinite monoid.
106,152/9,1,152/9,1,mixed_fraction,This is a bounded computational sample. It does not prove the complete associate-class structure of the infinite monoid.
107,152/27,1,152/27,1,mixed_fraction,This is a bounded computational sample. It does not prove the complete associate-class structure of the infinite monoid.
108,155/9,1,155/9,1,mixed_fraction,This is a bounded computational sample. It does not prove the complete associate-class structure of the infinite monoid.
109,158/9,1,158/9,1,mixed_fraction,This is a bounded computational sample. It does not prove the complete associate-class structure of the infinite monoid.
110,164/9,1,164/9,1,mixed_fraction,This is a bounded computational sample. It does not prove the complete associate-class structure of the infinite monoid.
111,167/9,1,167/9,1,mixed_fraction,This is a bounded computational sample. It does not prove the complete associate-class structure of the infinite monoid.
112,170/9,1,170/9,1,mixed_fraction,This is a bounded computational sample. It does not prove the complete associate-class structure of the infinite monoid.
113,170/27,1,170/27,1,mixed_fraction,This is a bounded computational sample. It does not prove the complete associate-class structure of the infinite monoid.
114,173/9,1,173/9,1,mixed_fraction,This is a bounded computational sample. It does not prove the complete associate-class structure of the infinite monoid.
115,175/3,1,175/3,1,mixed_fraction,This is a bounded computational sample. It does not prove the complete associate-class structure of the infinite monoid.
116,175/9,1,175/9,1,mixed_fraction,This is a bounded computational sample. It does not prove the complete associate-class structure of the infinite monoid.
117,178/3,1,178/3,1,mixed_fraction,This is a bounded computational sample. It does not prove the complete associate-class structure of the infinite monoid.
118,179/9,1,179/9,1,mixed_fraction,This is a bounded computational sample. It does not prove the complete associate-class structure of the infinite monoid.
119,179/27,1,179/27,1,mixed_fraction,This is a bounded computational sample. It does not prove the complete associate-class structure of the infinite monoid.
120,181/3,1,181/3,1,mixed_fraction,This is a bounded computational sample. It does not prove the complete associate-class structure of the infinite monoid.
121,182/9,1,182/9,1,mixed_fraction,This is a bounded computational sample. It does not prove the complete associate-class structure of the infinite monoid.
122,184/3,1,184/3,1,mixed_fraction,This is a bounded computational sample. It does not prove the complete associate-class structure of the infinite monoid.
123,184/9,1,184/9,1,mixed_fraction,This is a bounded computational sample. It does not prove the complete associate-class structure of the infinite monoid.
124,185/3,1,185/3,1,mixed_fraction,This is a bounded computational sample. It does not prove the complete associate-class structure of the infinite monoid.
125,188/3,1,188/3,1,mixed_fraction,This is a bounded computational sample. It does not prove the complete associate-class structure of the infinite monoid.
126,188/9,1,188/9,1,mixed_fraction,This is a bounded computational sample. It does not prove the complete associate-class structure of the infinite monoid.
127,190/3,1,190/3,1,mixed_fraction,This is a bounded computational sample. It does not prove the complete associate-class structure of the infinite monoid.
128,190/9,1,190/9,1,mixed_fraction,This is a bounded computational sample. It does not prove the complete associate-class structure of the infinite monoid.
129,191/3,1,191/3,1,mixed_fraction,This is a bounded computational sample. It does not prove the complete associate-class structure of the infinite monoid.
130,193/3,1,193/3,1,mixed_fraction,This is a bounded computational sample. It does not prove the complete associate-class structure of the infinite monoid.
131,193/9,1,193/9,1,mixed_fraction,This is a bounded computational sample. It does not prove the complete associate-class structure of the infinite monoid.
132,194/3,1,194/3,1,mixed_fraction,This is a bounded computational sample. It does not prove the complete associate-class structure of the infinite monoid.
133,196/3,1,196/3,1,mixed_fraction,This is a bounded computational sample. It does not prove the complete associate-class structure of the infinite monoid.
134,197/9,1,197/9,1,mixed_fraction,This is a bounded computational sample. It does not prove the complete associate-class structure of the infinite monoid.
135,197/27,1,197/27,1,mixed_fraction,This is a bounded computational sample. It does not prove the complete associate-class structure of the infinite monoid.
136,199/3,1,199/3,1,mixed_fraction,This is a bounded computational sample. It does not prove the complete associate-class structure of the infinite monoid.
137,199/9,1,199/9,1,mixed_fraction,This is a bounded computational sample. It does not prove the complete associate-class structure of the infinite monoid.
138,200/9,1,200/9,1,mixed_fraction,This is a bounded computational sample. It does not prove the complete associate-class structure of the infinite monoid.
139,200/27,1,200/27,1,mixed_fraction,This is a bounded computational sample. It does not prove the complete associate-class structure of the infinite monoid.
140,202/9,1,202/9,1,mixed_fraction,This is a bounded computational sample. It does not prove the complete associate-class structure of the infinite monoid.
141,205/9,1,205/9,1,mixed_fraction,This is a bounded computational sample. It does not prove the complete associate-class structure of the infinite monoid.
142,206/27,1,206/27,1,mixed_fraction,This is a bounded computational sample. It does not prove the complete associate-class structure of the infinite monoid.
143,208/9,1,208/9,1,mixed_fraction,This is a bounded computational sample. It does not prove the complete associate-class structure of the infinite monoid.
144,209/9,1,209/9,1,mixed_fraction,This is a bounded computational sample. It does not prove the complete associate-class structure of the infinite monoid.
145,214/9,1,214/9,1,mixed_fraction,This is a bounded computational sample. It does not prove the complete associate-class structure of the infinite monoid.
146,215/9,1,215/9,1,mixed_fraction,This is a bounded computational sample. It does not prove the complete associate-class structure of the infinite monoid.
147,215/27,1,215/27,1,mixed_fraction,This is a bounded computational sample. It does not prove the complete associate-class structure of the infinite monoid.
148,217/9,1,217/9,1,mixed_fraction,This is a bounded computational sample. It does not prove the complete associate-class structure of the infinite monoid.
149,218/9,1,218/9,1,mixed_fraction,This is a bounded computational sample. It does not prove the complete associate-class structure of the infinite monoid.
150,220/9,1,220/9,1,mixed_fraction,This is a bounded computational sample. It does not prove the complete associate-class structure of the infinite monoid.
151,223/9,1,223/9,1,mixed_fraction,This is a bounded computational sample. It does not prove the complete associate-class structure of the infinite monoid.
152,224/9,1,224/9,1,mixed_fraction,This is a bounded computational sample. It does not prove the complete associate-class structure of the infinite monoid.
153,224/27,1,224/27,1,mixed_fraction,This is a bounded computational sample. It does not prove the complete associate-class structure of the infinite monoid.
154,227/9,1,227/9,1,mixed_fraction,This is a bounded computational sample. It does not prove the complete associate-class structure of the infinite monoid.
155,227/27,1,227/27,1,mixed_fraction,This is a bounded computational sample. It does not prove the complete associate-class structure of the infinite monoid.
156,229/9,1,229/9,1,mixed_fraction,This is a bounded computational sample. It does not prove the complete associate-class structure of the infinite monoid.
157,230/9,1,230/9,1,mixed_fraction,This is a bounded computational sample. It does not prove the complete associate-class structure of the infinite monoid.
158,232/9,1,232/9,1,mixed_fraction,This is a bounded computational sample. It does not prove the complete associate-class structure of the infinite monoid.
159,233/9,1,233/9,1,mixed_fraction,This is a bounded computational sample. It does not prove the complete associate-class structure of the infinite monoid.
160,238/9,1,238/9,1,mixed_fraction,This is a bounded computational sample. It does not prove the complete associate-class structure of the infinite monoid.
161,239/9,1,239/9,1,mixed_fraction,This is a bounded computational sample. It does not prove the complete associate-class structure of the infinite monoid.
162,242/9,1,242/9,1,mixed_fraction,This is a bounded computational sample. It does not prove the complete associate-class structure of the infinite monoid.
163,242/27,1,242/27,1,mixed_fraction,This is a bounded computational sample. It does not prove the complete associate-class structure of the infinite monoid.
164,245/9,1,245/9,1,mixed_fraction,This is a bounded computational sample. It does not prove the complete associate-class structure of the infinite monoid.
165,245/27,1,245/27,1,mixed_fraction,This is a bounded computational sample. It does not prove the complete associate-class structure of the infinite monoid.
166,247/9,1,247/9,1,mixed_fraction,This is a bounded computational sample. It does not prove the complete associate-class structure of the infinite monoid.
167,248/9,1,248/9,1,mixed_fraction,This is a bounded computational sample. It does not prove the complete associate-class structure of the infinite monoid.
168,250/9,1,250/9,1,mixed_fraction,This is a bounded computational sample. It does not prove the complete associate-class structure of the infinite monoid.
169,250/27,1,250/27,1,mixed_fraction,This is a bounded computational sample. It does not prove the complete associate-class structure of the infinite monoid.
170,251/27,1,251/27,1,mixed_fraction,This is a bounded computational sample. It does not prove the complete associate-class structure of the infinite monoid.
171,254/9,1,254/9,1,mixed_fraction,This is a bounded computational sample. It does not prove the complete associate-class structure of the infinite monoid.
172,254/27,1,254/27,1,mixed_fraction,This is a bounded computational sample. It does not prove the complete associate-class structure of the infinite monoid.
173,257/9,1,257/9,1,mixed_fraction,This is a bounded computational sample. It does not prove the complete associate-class structure of the infinite monoid.
174,259/9,1,259/9,1,mixed_fraction,This is a bounded computational sample. It does not prove the complete associate-class structure of the infinite monoid.
175,260/27,1,260/27,1,mixed_fraction,This is a bounded computational sample. It does not prove the complete associate-class structure of the infinite monoid.
176,263/9,1,263/9,1,mixed_fraction,This is a bounded computational sample. It does not prove the complete associate-class structure of the infinite monoid.
177,265/9,1,265/9,1,mixed_fraction,This is a bounded computational sample. It does not prove the complete associate-class structure of the infinite monoid.
178,268/9,1,268/9,1,mixed_fraction,This is a bounded computational sample. It does not prove the complete associate-class structure of the infinite monoid.
179,269/27,1,269/27,1,mixed_fraction,This is a bounded computational sample. It does not prove the complete associate-class structure of the infinite monoid.
180,272/9,1,272/9,1,mixed_fraction,This is a bounded computational sample. It does not prove the complete associate-class structure of the infinite monoid.
181,272/27,1,272/27,1,mixed_fraction,This is a bounded computational sample. It does not prove the complete associate-class structure of the infinite monoid.
182,274/9,1,274/9,1,mixed_fraction,This is a bounded computational sample. It does not prove the complete associate-class structure of the infinite monoid.
183,275/9,1,275/9,1,mixed_fraction,This is a bounded computational sample. It does not prove the complete associate-class structure of the infinite monoid.
184,275/27,1,275/27,1,mixed_fraction,This is a bounded computational sample. It does not prove the complete associate-class structure of the infinite monoid.
185,277/9,1,277/9,1,mixed_fraction,This is a bounded computational sample. It does not prove the complete associate-class structure of the infinite monoid.
186,277/27,1,277/27,1,mixed_fraction,This is a bounded computational sample. It does not prove the complete associate-class structure of the infinite monoid.
187,280/9,1,280/9,1,mixed_fraction,This is a bounded computational sample. It does not prove the complete associate-class structure of the infinite monoid.
188,281/27,1,281/27,1,mixed_fraction,This is a bounded computational sample. It does not prove the complete associate-class structure of the infinite monoid.
189,283/9,1,283/9,1,mixed_fraction,This is a bounded computational sample. It does not prove the complete associate-class structure of the infinite monoid.
190,284/9,1,284/9,1,mixed_fraction,This is a bounded computational sample. It does not prove the complete associate-class structure of the infinite monoid.
191,287/27,1,287/27,1,mixed_fraction,This is a bounded computational sample. It does not prove the complete associate-class structure of the infinite monoid.
192,289/9,1,289/9,1,mixed_fraction,This is a bounded computational sample. It does not prove the complete associate-class structure of the infinite monoid.
193,290/9,1,290/9,1,mixed_fraction,This is a bounded computational sample. It does not prove the complete associate-class structure of the infinite monoid.
194,290/27,1,290/27,1,mixed_fraction,This is a bounded computational sample. It does not prove the complete associate-class structure of the infinite monoid.
195,292/9,1,292/9,1,mixed_fraction,This is a bounded computational sample. It does not prove the complete associate-class structure of the infinite monoid.
196,293/9,1,293/9,1,mixed_fraction,This is a bounded computational sample. It does not prove the complete associate-class structure of the infinite monoid.
197,295/9,1,295/9,1,mixed_fraction,This is a bounded computational sample. It does not prove the complete associate-class structure of the infinite monoid.
198,295/27,1,295/27,1,mixed_fraction,This is a bounded computational sample. It does not prove the complete associate-class structure of the infinite monoid.
199,296/27,1,296/27,1,mixed_fraction,This is a bounded computational sample. It does not prove the complete associate-class structure of the infinite monoid.
200,298/9,1,298/9,1,mixed_fraction,This is a bounded computational sample. It does not prove the complete associate-class structure of the infinite monoid.
201,299/9,1,299/9,1,mixed_fraction,This is a bounded computational sample. It does not prove the complete associate-class structure of the infinite monoid.
202,299/27,1,299/27,1,mixed_fraction,This is a bounded computational sample. It does not prove the complete associate-class structure of the infinite monoid.
203,302/9,1,302/9,1,mixed_fraction,This is a bounded computational sample. It does not prove the complete associate-class structure of the infinite monoid.
204,302/27,1,302/27,1,mixed_fraction,This is a bounded computational sample. It does not prove the complete associate-class structure of the infinite monoid.
205,304/9,1,304/9,1,mixed_fraction,This is a bounded computational sample. It does not prove the complete associate-class structure of the infinite monoid.
206,304/27,1,304/27,1,mixed_fraction,This is a bounded computational sample. It does not prove the complete associate-class structure of the infinite monoid.
207,305/9,1,305/9,1,mixed_fraction,This is a bounded computational sample. It does not prove the complete associate-class structure of the infinite monoid.
208,307/9,1,307/9,1,mixed_fraction,This is a bounded computational sample. It does not prove the complete associate-class structure of the infinite monoid.
209,308/9,1,308/9,1,mixed_fraction,This is a bounded computational sample. It does not prove the complete associate-class structure of the infinite monoid.
210,313/9,1,313/9,1,mixed_fraction,This is a bounded computational sample. It does not prove the complete associate-class structure of the infinite monoid.
211,314/9,1,314/9,1,mixed_fraction,This is a bounded computational sample. It does not prove the complete associate-class structure of the infinite monoid.
212,314/27,1,314/27,1,mixed_fraction,This is a bounded computational sample. It does not prove the complete associate-class structure of the infinite monoid.
213,317/9,1,317/9,1,mixed_fraction,This is a bounded computational sample. It does not prove the complete associate-class structure of the infinite monoid.
214,317/27,1,317/27,1,mixed_fraction,This is a bounded computational sample. It does not prove the complete associate-class structure of the infinite monoid.
215,320/9,1,320/9,1,mixed_fraction,This is a bounded computational sample. It does not prove the complete associate-class structure of the infinite monoid.
216,320/27,1,320/27,1,mixed_fraction,This is a bounded computational sample. It does not prove the complete associate-class structure of the infinite monoid.
217,322/9,1,322/9,1,mixed_fraction,This is a bounded computational sample. It does not prove the complete associate-class structure of the infinite monoid.
218,322/27,1,322/27,1,mixed_fraction,This is a bounded computational sample. It does not prove the complete associate-class structure of the infinite monoid.
219,323/9,1,323/9,1,mixed_fraction,This is a bounded computational sample. It does not prove the complete associate-class structure of the infinite monoid.
220,325/9,1,325/9,1,mixed_fraction,This is a bounded computational sample. It does not prove the complete associate-class structure of the infinite monoid.
221,325/27,1,325/27,1,mixed_fraction,This is a bounded computational sample. It does not prove the complete associate-class structure of the infinite monoid.
222,326/27,1,326/27,1,mixed_fraction,This is a bounded computational sample. It does not prove the complete associate-class structure of the infinite monoid.
223,329/9,1,329/9,1,mixed_fraction,This is a bounded computational sample. It does not prove the complete associate-class structure of the infinite monoid.
224,329/27,1,329/27,1,mixed_fraction,This is a bounded computational sample. It does not prove the complete associate-class structure of the infinite monoid.
225,331/27,1,331/27,1,mixed_fraction,This is a bounded computational sample. It does not prove the complete associate-class structure of the infinite monoid.
226,332/9,1,332/9,1,mixed_fraction,This is a bounded computational sample. It does not prove the complete associate-class structure of the infinite monoid.
227,334/9,1,334/9,1,mixed_fraction,This is a bounded computational sample. It does not prove the complete associate-class structure of the infinite monoid.
228,335/27,1,335/27,1,mixed_fraction,This is a bounded computational sample. It does not prove the complete associate-class structure of the infinite monoid.
229,338/9,1,338/9,1,mixed_fraction,This is a bounded computational sample. It does not prove the complete associate-class structure of the infinite monoid.
230,340/9,1,340/9,1,mixed_fraction,This is a bounded computational sample. It does not prove the complete associate-class structure of the infinite monoid.
231,340/27,1,340/27,1,mixed_fraction,This is a bounded computational sample. It does not prove the complete associate-class structure of the infinite monoid.
232,341/27,1,341/27,1,mixed_fraction,This is a bounded computational sample. It does not prove the complete associate-class structure of the infinite monoid.
233,343/9,1,343/9,1,mixed_fraction,This is a bounded computational sample. It does not prove the complete associate-class structure of the infinite monoid.
234,344/27,1,344/27,1,mixed_fraction,This is a bounded computational sample. It does not prove the complete associate-class structure of the infinite monoid.
235,347/9,1,347/9,1,mixed_fraction,This is a bounded computational sample. It does not prove the complete associate-class structure of the infinite monoid.
236,347/27,1,347/27,1,mixed_fraction,This is a bounded computational sample. It does not prove the complete associate-class structure of the infinite monoid.
237,349/9,1,349/9,1,mixed_fraction,This is a bounded computational sample. It does not prove the complete associate-class structure of the infinite monoid.
238,349/27,1,349/27,1,mixed_fraction,This is a bounded computational sample. It does not prove the complete associate-class structure of the infinite monoid.
239,350/27,1,350/27,1,mixed_fraction,This is a bounded computational sample. It does not prove the complete associate-class structure of the infinite monoid.
240,352/9,1,352/9,1,mixed_fraction,This is a bounded computational sample. It does not prove the complete associate-class structure of the infinite monoid.
241,352/27,1,352/27,1,mixed_fraction,This is a bounded computational sample. It does not prove the complete associate-class structure of the infinite monoid.
242,355/9,1,355/9,1,mixed_fraction,This is a bounded computational sample. It does not prove the complete associate-class structure of the infinite monoid.
243,356/27,1,356/27,1,mixed_fraction,This is a bounded computational sample. It does not prove the complete associate-class structure of the infinite monoid.
244,358/9,1,358/9,1,mixed_fraction,This is a bounded computational sample. It does not prove the complete associate-class structure of the infinite monoid.
245,362/27,1,362/27,1,mixed_fraction,This is a bounded computational sample. It does not prove the complete associate-class structure of the infinite monoid.
246,364/9,1,364/9,1,mixed_fraction,This is a bounded computational sample. It does not prove the complete associate-class structure of the infinite monoid.
247,365/27,1,365/27,1,mixed_fraction,This is a bounded computational sample. It does not prove the complete associate-class structure of the infinite monoid.
248,367/9,1,367/9,1,mixed_fraction,This is a bounded computational sample. It does not prove the complete associate-class structure of the infinite monoid.
249,367/27,1,367/27,1,mixed_fraction,This is a bounded computational sample. It does not prove the complete associate-class structure of the infinite monoid.
250,370/9,1,370/9,1,mixed_fraction,This is a bounded computational sample. It does not prove the complete associate-class structure of the infinite monoid.
251,370/27,1,370/27,1,mixed_fraction,This is a bounded computational sample. It does not prove the complete associate-class structure of the infinite monoid.
252,371/27,1,371/27,1,mixed_fraction,This is a bounded computational sample. It does not prove the complete associate-class structure of the infinite monoid.
253,373/9,1,373/9,1,mixed_fraction,This is a bounded computational sample. It does not prove the complete associate-class structure of the infinite monoid.
254,374/27,1,374/27,1,mixed_fraction,This is a bounded computational sample. It does not prove the complete associate-class structure of the infinite monoid.
255,376/27,1,376/27,1,mixed_fraction,This is a bounded computational sample. It does not prove the complete associate-class structure of the infinite monoid.
256,377/27,1,377/27,1,mixed_fraction,This is a bounded computational sample. It does not prove the complete associate-class structure of the infinite monoid.
257,379/9,1,379/9,1,mixed_fraction,This is a bounded computational sample. It does not prove the complete associate-class structure of the infinite monoid.
258,379/27,1,379/27,1,mixed_fraction,This is a bounded computational sample. It does not prove the complete associate-class structure of the infinite monoid.
259,382/9,1,382/9,1,mixed_fraction,This is a bounded computational sample. It does not prove the complete associate-class structure of the infinite monoid.
260,385/27,1,385/27,1,mixed_fraction,This is a bounded computational sample. It does not prove the complete associate-class structure of the infinite monoid.
261,388/9,1,388/9,1,mixed_fraction,This is a bounded computational sample. It does not prove the complete associate-class structure of the infinite monoid.
262,389/27,1,389/27,1,mixed_fraction,This is a bounded computational sample. It does not prove the complete associate-class structure of the infinite monoid.
263,392/27,1,392/27,1,mixed_fraction,This is a bounded computational sample. It does not prove the complete associate-class structure of the infinite monoid.
264,394/27,1,394/27,1,mixed_fraction,This is a bounded computational sample. It does not prove the complete associate-class structure of the infinite monoid.
265,395/27,1,395/27,1,mixed_fraction,This is a bounded computational sample. It does not prove the complete associate-class structure of the infinite monoid.
266,397/9,1,397/9,1,mixed_fraction,This is a bounded computational sample. It does not prove the complete associate-class structure of the infinite monoid.
267,397/27,1,397/27,1,mixed_fraction,This is a bounded computational sample. It does not prove the complete associate-class structure of the infinite monoid.
268,400/27,1,400/27,1,mixed_fraction,This is a bounded computational sample. It does not prove the complete associate-class structure of the infinite monoid.
269,401/27,1,401/27,1,mixed_fraction,This is a bounded computational sample. It does not prove the complete associate-class structure of the infinite monoid.
270,404/27,1,404/27,1,mixed_fraction,This is a bounded computational sample. It does not prove the complete associate-class structure of the infinite monoid.
271,406/27,1,406/27,1,mixed_fraction,This is a bounded computational sample. It does not prove the complete associate-class structure of the infinite monoid.
272,410/27,1,410/27,1,mixed_fraction,This is a bounded computational sample. It does not prove the complete associate-class structure of the infinite monoid.
273,412/27,1,412/27,1,mixed_fraction,This is a bounded computational sample. It does not prove the complete associate-class structure of the infinite monoid.
274,415/27,1,415/27,1,mixed_fraction,This is a bounded computational sample. It does not prove the complete associate-class structure of the infinite monoid.
275,416/27,1,416/27,1,mixed_fraction,This is a bounded computational sample. It does not prove the complete associate-class structure of the infinite monoid.
276,419/27,1,419/27,1,mixed_fraction,This is a bounded computational sample. It does not prove the complete associate-class structure of the infinite monoid.
277,421/27,1,421/27,1,mixed_fraction,This is a bounded computational sample. It does not prove the complete associate-class structure of the infinite monoid.
278,422/27,1,422/27,1,mixed_fraction,This is a bounded computational sample. It does not prove the complete associate-class structure of the infinite monoid.
279,424/27,1,424/27,1,mixed_fraction,This is a bounded computational sample. It does not prove the complete associate-class structure of the infinite monoid.
280,427/27,1,427/27,1,mixed_fraction,This is a bounded computational sample. It does not prove the complete associate-class structure of the infinite monoid.
281,431/27,1,431/27,1,mixed_fraction,This is a bounded computational sample. It does not prove the complete associate-class structure of the infinite monoid.
282,437/27,1,437/27,1,mixed_fraction,This is a bounded computational sample. It does not prove the complete associate-class structure of the infinite monoid.
283,439/27,1,439/27,1,mixed_fraction,This is a bounded computational sample. It does not prove the complete associate-class structure of the infinite monoid.
284,440/27,1,440/27,1,mixed_fraction,This is a bounded computational sample. It does not prove the complete associate-class structure of the infinite monoid.
285,442/27,1,442/27,1,mixed_fraction,This is a bounded computational sample. It does not prove the complete associate-class structure of the infinite monoid.
286,445/27,1,445/27,1,mixed_fraction,This is a bounded computational sample. It does not prove the complete associate-class structure of the infinite monoid.
287,446/27,1,446/27,1,mixed_fraction,This is a bounded computational sample. It does not prove the complete associate-class structure of the infinite monoid.
288,449/27,1,449/27,1,mixed_fraction,This is a bounded computational sample. It does not prove the complete associate-class structure of the infinite monoid.
289,451/27,1,451/27,1,mixed_fraction,This is a bounded computational sample. It does not prove the complete associate-class structure of the infinite monoid.
290,454/27,1,454/27,1,mixed_fraction,This is a bounded computational sample. It does not prove the complete associate-class structure of the infinite monoid.
291,460/27,1,460/27,1,mixed_fraction,This is a bounded computational sample. It does not prove the complete associate-class structure of the infinite monoid.
292,464/27,1,464/27,1,mixed_fraction,This is a bounded computational sample. It does not prove the complete associate-class structure of the infinite monoid.
293,466/27,1,466/27,1,mixed_fraction,This is a bounded computational sample. It does not prove the complete associate-class structure of the infinite monoid.
294,467/27,1,467/27,1,mixed_fraction,This is a bounded computational sample. It does not prove the complete associate-class structure of the infinite monoid.
295,469/27,1,469/27,1,mixed_fraction,This is a bounded computational sample. It does not prove the complete associate-class structure of the infinite monoid.
296,472/27,1,472/27,1,mixed_fraction,This is a bounded computational sample. It does not prove the complete associate-class structure of the infinite monoid.
297,475/27,1,475/27,1,mixed_fraction,This is a bounded computational sample. It does not prove the complete associate-class structure of the infinite monoid.
298,476/27,1,476/27,1,mixed_fraction,This is a bounded computational sample. It does not prove the complete associate-class structure of the infinite monoid.
299,481/27,1,481/27,1,mixed_fraction,This is a bounded computational sample. It does not prove the complete associate-class structure of the infinite monoid.
300,485/27,1,485/27,1,mixed_fraction,This is a bounded computational sample. It does not prove the complete associate-class structure of the infinite monoid.
301,487/27,1,487/27,1,mixed_fraction,This is a bounded computational sample. It does not prove the complete associate-class structure of the infinite monoid.
302,490/27,1,490/27,1,mixed_fraction,This is a bounded computational sample. It does not prove the complete associate-class structure of the infinite monoid.
303,491/27,1,491/27,1,mixed_fraction,This is a bounded computational sample. It does not prove the complete associate-class structure of the infinite monoid.
304,494/27,1,494/27,1,mixed_fraction,This is a bounded computational sample. It does not prove the complete associate-class structure of the infinite monoid.
305,496/27,1,496/27,1,mixed_fraction,This is a bounded computational sample. It does not prove the complete associate-class structure of the infinite monoid.
306,499/27,1,499/27,1,mixed_fraction,This is a bounded computational sample. It does not prove the complete associate-class structure of the infinite monoid.
307,500/9,1,500/9,1,mixed_fraction,This is a bounded computational sample. It does not prove the complete associate-class structure of the infinite monoid.
308,502/27,1,502/27,1,mixed_fraction,This is a bounded computational sample. It does not prove the complete associate-class structure of the infinite monoid.
309,509/9,1,509/9,1,mixed_fraction,This is a bounded computational sample. It does not prove the complete associate-class structure of the infinite monoid.
310,512/27,1,512/27,1,mixed_fraction,This is a bounded computational sample. It does not prove the complete associate-class structure of the infinite monoid.
311,514/27,1,514/27,1,mixed_fraction,This is a bounded computational sample. It does not prove the complete associate-class structure of the infinite monoid.
312,515/9,1,515/9,1,mixed_fraction,This is a bounded computational sample. It does not prove the complete associate-class structure of the infinite monoid.
313,517/27,1,517/27,1,mixed_fraction,This is a bounded computational sample. It does not prove the complete associate-class structure of the infinite monoid.
314,518/9,1,518/9,1,mixed_fraction,This is a bounded computational sample. It does not prove the complete associate-class structure of the infinite monoid.
315,520/27,1,520/27,1,mixed_fraction,This is a bounded computational sample. It does not prove the complete associate-class structure of the infinite monoid.
316,521/27,1,521/27,1,mixed_fraction,This is a bounded computational sample. It does not prove the complete associate-class structure of the infinite monoid.
317,524/9,1,524/9,1,mixed_fraction,This is a bounded computational sample. It does not prove the complete associate-class structure of the infinite monoid.
318,526/27,1,526/27,1,mixed_fraction,This is a bounded computational sample. It does not prove the complete associate-class structure of the infinite monoid.
319,527/9,1,527/9,1,mixed_fraction,This is a bounded computational sample. It does not prove the complete associate-class structure of the infinite monoid.
320,529/27,1,529/27,1,mixed_fraction,This is a bounded computational sample. It does not prove the complete associate-class structure of the infinite monoid.
321,530/9,1,530/9,1,mixed_fraction,This is a bounded computational sample. It does not prove the complete associate-class structure of the infinite monoid.
322,533/9,1,533/9,1,mixed_fraction,This is a bounded computational sample. It does not prove the complete associate-class structure of the infinite monoid.
323,535/27,1,535/27,1,mixed_fraction,This is a bounded computational sample. It does not prove the complete associate-class structure of the infinite monoid.
324,539/9,1,539/9,1,mixed_fraction,This is a bounded computational sample. It does not prove the complete associate-class structure of the infinite monoid.
325,539/27,1,539/27,1,mixed_fraction,This is a bounded computational sample. It does not prove the complete associate-class structure of the infinite monoid.
326,541/27,1,541/27,1,mixed_fraction,This is a bounded computational sample. It does not prove the complete associate-class structure of the infinite monoid.
327,542/9,1,542/9,1,mixed_fraction,This is a bounded computational sample. It does not prove the complete associate-class structure of the infinite monoid.
328,544/27,1,544/27,1,mixed_fraction,This is a bounded computational sample. It does not prove the complete associate-class structure of the infinite monoid.
329,545/9,1,545/9,1,mixed_fraction,This is a bounded computational sample. It does not prove the complete associate-class structure of the infinite monoid.
330,547/27,1,547/27,1,mixed_fraction,This is a bounded computational sample. It does not prove the complete associate-class structure of the infinite monoid.
331,548/9,1,548/9,1,mixed_fraction,This is a bounded computational sample. It does not prove the complete associate-class structure of the infinite monoid.
332,550/9,1,550/9,1,mixed_fraction,This is a bounded computational sample. It does not prove the complete associate-class structure of the infinite monoid.
333,554/9,1,554/9,1,mixed_fraction,This is a bounded computational sample. It does not prove the complete associate-class structure of the infinite monoid.
334,556/27,1,556/27,1,mixed_fraction,This is a bounded computational sample. It does not prove the complete associate-class structure of the infinite monoid.
335,557/9,1,557/9,1,mixed_fraction,This is a bounded computational sample. It does not prove the complete associate-class structure of the infinite monoid.
336,559/9,1,559/9,1,mixed_fraction,This is a bounded computational sample. It does not prove the complete associate-class structure of the infinite monoid.
337,562/27,1,562/27,1,mixed_fraction,This is a bounded computational sample. It does not prove the complete associate-class structure of the infinite monoid.
338,563/9,1,563/9,1,mixed_fraction,This is a bounded computational sample. It does not prove the complete associate-class structure of the infinite monoid.
339,565/9,1,565/9,1,mixed_fraction,This is a bounded computational sample. It does not prove the complete associate-class structure of the infinite monoid.
340,565/27,1,565/27,1,mixed_fraction,This is a bounded computational sample. It does not prove the complete associate-class structure of the infinite monoid.
341,566/27,1,566/27,1,mixed_fraction,This is a bounded computational sample. It does not prove the complete associate-class structure of the infinite monoid.
342,568/9,1,568/9,1,mixed_fraction,This is a bounded computational sample. It does not prove the complete associate-class structure of the infinite monoid.
343,571/27,1,571/27,1,mixed_fraction,This is a bounded computational sample. It does not prove the complete associate-class structure of the infinite monoid.
344,572/9,1,572/9,1,mixed_fraction,This is a bounded computational sample. It does not prove the complete associate-class structure of the infinite monoid.
345,574/9,1,574/9,1,mixed_fraction,This is a bounded computational sample. It does not prove the complete associate-class structure of the infinite monoid.
346,574/27,1,574/27,1,mixed_fraction,This is a bounded computational sample. It does not prove the complete associate-class structure of the infinite monoid.
347,575/9,1,575/9,1,mixed_fraction,This is a bounded computational sample. It does not prove the complete associate-class structure of the infinite monoid.
348,577/9,1,577/9,1,mixed_fraction,This is a bounded computational sample. It does not prove the complete associate-class structure of the infinite monoid.
349,580/9,1,580/9,1,mixed_fraction,This is a bounded computational sample. It does not prove the complete associate-class structure of the infinite monoid.
350,583/9,1,583/9,1,mixed_fraction,This is a bounded computational sample. It does not prove the complete associate-class structure of the infinite monoid.
351,584/9,1,584/9,1,mixed_fraction,This is a bounded computational sample. It does not prove the complete associate-class structure of the infinite monoid.
352,589/9,1,589/9,1,mixed_fraction,This is a bounded computational sample. It does not prove the complete associate-class structure of the infinite monoid.
353,589/27,1,589/27,1,mixed_fraction,This is a bounded computational sample. It does not prove the complete associate-class structure of the infinite monoid.
354,590/9,1,590/9,1,mixed_fraction,This is a bounded computational sample. It does not prove the complete associate-class structure of the infinite monoid.
355,592/9,1,592/9,1,mixed_fraction,This is a bounded computational sample. It does not prove the complete associate-class structure of the infinite monoid.
356,592/27,1,592/27,1,mixed_fraction,This is a bounded computational sample. It does not prove the complete associate-class structure of the infinite monoid.
357,593/9,1,593/9,1,mixed_fraction,This is a bounded computational sample. It does not prove the complete associate-class structure of the infinite monoid.
358,595/9,1,595/9,1,mixed_fraction,This is a bounded computational sample. It does not prove the complete associate-class structure of the infinite monoid.
359,598/9,1,598/9,1,mixed_fraction,This is a bounded computational sample. It does not prove the complete associate-class structure of the infinite monoid.
360,599/9,1,599/9,1,mixed_fraction,This is a bounded computational sample. It does not prove the complete associate-class structure of the infinite monoid.
361,601/27,1,601/27,1,mixed_fraction,This is a bounded computational sample. It does not prove the complete associate-class structure of the infinite monoid.
362,602/9,1,602/9,1,mixed_fraction,This is a bounded computational sample. It does not prove the complete associate-class structure of the infinite monoid.
363,604/9,1,604/9,1,mixed_fraction,This is a bounded computational sample. It does not prove the complete associate-class structure of the infinite monoid.
364,605/9,1,605/9,1,mixed_fraction,This is a bounded computational sample. It does not prove the complete associate-class structure of the infinite monoid.
365,607/9,1,607/9,1,mixed_fraction,This is a bounded computational sample. It does not prove the complete associate-class structure of the infinite monoid.
366,608/9,1,608/9,1,mixed_fraction,This is a bounded computational sample. It does not prove the complete associate-class structure of the infinite monoid.
367,610/27,1,610/27,1,mixed_fraction,This is a bounded computational sample. It does not prove the complete associate-class structure of the infinite monoid.
368,613/9,1,613/9,1,mixed_fraction,This is a bounded computational sample. It does not prove the complete associate-class structure of the infinite monoid.
369,614/9,1,614/9,1,mixed_fraction,This is a bounded computational sample. It does not prove the complete associate-class structure of the infinite monoid.
370,616/27,1,616/27,1,mixed_fraction,This is a bounded computational sample. It does not prove the complete associate-class structure of the infinite monoid.
371,617/9,1,617/9,1,mixed_fraction,This is a bounded computational sample. It does not prove the complete associate-class structure of the infinite monoid.
372,619/27,1,619/27,1,mixed_fraction,This is a bounded computational sample. It does not prove the complete associate-class structure of the infinite monoid.
373,620/9,1,620/9,1,mixed_fraction,This is a bounded computational sample. It does not prove the complete associate-class structure of the infinite monoid.
374,622/9,1,622/9,1,mixed_fraction,This is a bounded computational sample. It does not prove the complete associate-class structure of the infinite monoid.
375,623/9,1,623/9,1,mixed_fraction,This is a bounded computational sample. It does not prove the complete associate-class structure of the infinite monoid.
376,625/27,1,625/27,1,mixed_fraction,This is a bounded computational sample. It does not prove the complete associate-class structure of the infinite monoid.
377,625/81,1,625/81,1,mixed_fraction,This is a bounded computational sample. It does not prove the complete associate-class structure of the infinite monoid.
378,629/9,1,629/9,1,mixed_fraction,This is a bounded computational sample. It does not prove the complete associate-class structure of the infinite monoid.
379,632/9,1,632/9,1,mixed_fraction,This is a bounded computational sample. It does not prove the complete associate-class structure of the infinite monoid.
380,637/27,1,637/27,1,mixed_fraction,This is a bounded computational sample. It does not prove the complete associate-class structure of the infinite monoid.
381,638/9,1,638/9,1,mixed_fraction,This is a bounded computational sample. It does not prove the complete associate-class structure of the infinite monoid.
382,646/27,1,646/27,1,mixed_fraction,This is a bounded computational sample. It does not prove the complete associate-class structure of the infinite monoid.
383,647/9,1,647/9,1,mixed_fraction,This is a bounded computational sample. It does not prove the complete associate-class structure of the infinite monoid.
384,652/27,1,652/27,1,mixed_fraction,This is a bounded computational sample. It does not prove the complete associate-class structure of the infinite monoid.
385,664/27,1,664/27,1,mixed_fraction,This is a bounded computational sample. It does not prove the complete associate-class structure of the infinite monoid.
386,670/27,1,670/27,1,mixed_fraction,This is a bounded computational sample. It does not prove the complete associate-class structure of the infinite monoid.
387,679/27,1,679/27,1,mixed_fraction,This is a bounded computational sample. It does not prove the complete associate-class structure of the infinite monoid.
388,691/27,1,691/27,1,mixed_fraction,This is a bounded computational sample. It does not prove the complete associate-class structure of the infinite monoid.
389,697/27,1,697/27,1,mixed_fraction,This is a bounded computational sample. It does not prove the complete associate-class structure of the infinite monoid.
390,700/27,1,700/27,1,mixed_fraction,This is a bounded computational sample. It does not prove the complete associate-class structure of the infinite monoid.
391,706/27,1,706/27,1,mixed_fraction,This is a bounded computational sample. It does not prove the complete associate-class structure of the infinite monoid.
392,706/81,1,706/81,1,mixed_fraction,This is a bounded computational sample. It does not prove the complete associate-class structure of the infinite monoid.
393,715/27,1,715/27,1,mixed_fraction,This is a bounded computational sample. It does not prove the complete associate-class structure of the infinite monoid.
394,724/27,1,724/27,1,mixed_fraction,This is a bounded computational sample. It does not prove the complete associate-class structure of the infinite monoid.
395,727/27,1,727/27,1,mixed_fraction,This is a bounded computational sample. It does not prove the complete associate-class structure of the infinite monoid.
396,742/27,1,742/27,1,mixed_fraction,This is a bounded computational sample. It does not prove the complete associate-class structure of the infinite monoid.
397,745/27,1,745/27,1,mixed_fraction,This is a bounded computational sample. It does not prove the complete associate-class structure of the infinite monoid.
398,751/27,1,751/27,1,mixed_fraction,This is a bounded computational sample. It does not prove the complete associate-class structure of the infinite monoid.
399,754/27,1,754/27,1,mixed_fraction,This is a bounded computational sample. It does not prove the complete associate-class structure of the infinite monoid.
400,760/27,1,760/27,1,mixed_fraction,This is a bounded computational sample. It does not prove the complete associate-class structure of the infinite monoid.
401,760/81,1,760/81,1,mixed_fraction,This is a bounded computational sample. It does not prove the complete associate-class structure of the infinite monoid.
402,769/27,1,769/27,1,mixed_fraction,This is a bounded computational sample. It does not prove the complete associate-class structure of the infinite monoid.
403,772/27,1,772/27,1,mixed_fraction,This is a bounded computational sample. It does not prove the complete associate-class structure of the infinite monoid.
404,775/27,1,775/27,1,mixed_fraction,This is a bounded computational sample. It does not prove the complete associate-class structure of the infinite monoid.
405,781/27,1,781/27,1,mixed_fraction,This is a bounded computational sample. It does not prove the complete associate-class structure of the infinite monoid.
406,787/27,1,787/27,1,mixed_fraction,This is a bounded computational sample. It does not prove the complete associate-class structure of the infinite monoid.
407,787/81,1,787/81,1,mixed_fraction,This is a bounded computational sample. It does not prove the complete associate-class structure of the infinite monoid.
408,790/27,1,790/27,1,mixed_fraction,This is a bounded computational sample. It does not prove the complete associate-class structure of the infinite monoid.
409,796/27,1,796/27,1,mixed_fraction,This is a bounded computational sample. It does not prove the complete associate-class structure of the infinite monoid.
410,799/27,1,799/27,1,mixed_fraction,This is a bounded computational sample. It does not prove the complete associate-class structure of the infinite monoid.
411,802/27,1,802/27,1,mixed_fraction,This is a bounded computational sample. It does not prove the complete associate-class structure of the infinite monoid.
412,814/27,1,814/27,1,mixed_fraction,This is a bounded computational sample. It does not prove the complete associate-class structure of the infinite monoid.
413,817/27,1,817/27,1,mixed_fraction,This is a bounded computational sample. It does not prove the complete associate-class structure of the infinite monoid.
414,820/27,1,820/27,1,mixed_fraction,This is a bounded computational sample. It does not prove the complete associate-class structure of the infinite monoid.
415,826/27,1,826/27,1,mixed_fraction,This is a bounded computational sample. It does not prove the complete associate-class structure of the infinite monoid.
416,829/27,1,829/27,1,mixed_fraction,This is a bounded computational sample. It does not prove the complete associate-class structure of the infinite monoid.
417,835/27,1,835/27,1,mixed_fraction,This is a bounded computational sample. It does not prove the complete associate-class structure of the infinite monoid.
418,841/27,1,841/27,1,mixed_fraction,This is a bounded computational sample. It does not prove the complete associate-class structure of the infinite monoid.
419,841/81,1,841/81,1,mixed_fraction,This is a bounded computational sample. It does not prove the complete associate-class structure of the infinite monoid.
420,844/27,1,844/27,1,mixed_fraction,This is a bounded computational sample. It does not prove the complete associate-class structure of the infinite monoid.
421,847/27,1,847/27,1,mixed_fraction,This is a bounded computational sample. It does not prove the complete associate-class structure of the infinite monoid.
422,850/27,1,850/27,1,mixed_fraction,This is a bounded computational sample. It does not prove the complete associate-class structure of the infinite monoid.
423,850/81,1,850/81,1,mixed_fraction,This is a bounded computational sample. It does not prove the complete associate-class structure of the infinite monoid.
424,856/27,1,856/27,1,mixed_fraction,This is a bounded computational sample. It does not prove the complete associate-class structure of the infinite monoid.
425,862/27,1,862/27,1,mixed_fraction,This is a bounded computational sample. It does not prove the complete associate-class structure of the infinite monoid.
426,865/27,1,865/27,1,mixed_fraction,This is a bounded computational sample. It does not prove the complete associate-class structure of the infinite monoid.
427,868/81,1,868/81,1,mixed_fraction,This is a bounded computational sample. It does not prove the complete associate-class structure of the infinite monoid.
428,871/27,1,871/27,1,mixed_fraction,This is a bounded computational sample. It does not prove the complete associate-class structure of the infinite monoid.
429,874/27,1,874/27,1,mixed_fraction,This is a bounded computational sample. It does not prove the complete associate-class structure of the infinite monoid.
430,875/27,1,875/27,1,mixed_fraction,This is a bounded computational sample. It does not prove the complete associate-class structure of the infinite monoid.
431,877/27,1,877/27,1,mixed_fraction,This is a bounded computational sample. It does not prove the complete associate-class structure of the infinite monoid.
432,889/27,1,889/27,1,mixed_fraction,This is a bounded computational sample. It does not prove the complete associate-class structure of the infinite monoid.
433,892/27,1,892/27,1,mixed_fraction,This is a bounded computational sample. It does not prove the complete associate-class structure of the infinite monoid.
434,895/27,1,895/27,1,mixed_fraction,This is a bounded computational sample. It does not prove the complete associate-class structure of the infinite monoid.
435,895/81,1,895/81,1,mixed_fraction,This is a bounded computational sample. It does not prove the complete associate-class structure of the infinite monoid.
436,901/27,1,901/27,1,mixed_fraction,This is a bounded computational sample. It does not prove the complete associate-class structure of the infinite monoid.
437,902/27,1,902/27,1,mixed_fraction,This is a bounded computational sample. It does not prove the complete associate-class structure of the infinite monoid.
438,904/27,1,904/27,1,mixed_fraction,This is a bounded computational sample. It does not prove the complete associate-class structure of the infinite monoid.
439,910/27,1,910/27,1,mixed_fraction,This is a bounded computational sample. It does not prove the complete associate-class structure of the infinite monoid.
440,916/27,1,916/27,1,mixed_fraction,This is a bounded computational sample. It does not prove the complete associate-class structure of the infinite monoid.
441,919/27,1,919/27,1,mixed_fraction,This is a bounded computational sample. It does not prove the complete associate-class structure of the infinite monoid.
442,920/27,1,920/27,1,mixed_fraction,This is a bounded computational sample. It does not prove the complete associate-class structure of the infinite monoid.
443,922/27,1,922/27,1,mixed_fraction,This is a bounded computational sample. It does not prove the complete associate-class structure of the infinite monoid.
444,922/81,1,922/81,1,mixed_fraction,This is a bounded computational sample. It does not prove the complete associate-class structure of the infinite monoid.
445,929/27,1,929/27,1,mixed_fraction,This is a bounded computational sample. It does not prove the complete associate-class structure of the infinite monoid.
446,931/27,1,931/27,1,mixed_fraction,This is a bounded computational sample. It does not prove the complete associate-class structure of the infinite monoid.
447,931/81,1,931/81,1,mixed_fraction,This is a bounded computational sample. It does not prove the complete associate-class structure of the infinite monoid.
448,937/27,1,937/27,1,mixed_fraction,This is a bounded computational sample. It does not prove the complete associate-class structure of the infinite monoid.
449,940/27,1,940/27,1,mixed_fraction,This is a bounded computational sample. It does not prove the complete associate-class structure of the infinite monoid.
450,946/27,1,946/27,1,mixed_fraction,This is a bounded computational sample. It does not prove the complete associate-class structure of the infinite monoid.
451,947/27,1,947/27,1,mixed_fraction,This is a bounded computational sample. It does not prove the complete associate-class structure of the infinite monoid.
452,949/27,1,949/27,1,mixed_fraction,This is a bounded computational sample. It does not prove the complete associate-class structure of the infinite monoid.
453,950/27,1,950/27,1,mixed_fraction,This is a bounded computational sample. It does not prove the complete associate-class structure of the infinite monoid.
454,956/27,1,956/27,1,mixed_fraction,This is a bounded computational sample. It does not prove the complete associate-class structure of the infinite monoid.
455,964/27,1,964/27,1,mixed_fraction,This is a bounded computational sample. It does not prove the complete associate-class structure of the infinite monoid.
456,965/27,1,965/27,1,mixed_fraction,This is a bounded computational sample. It does not prove the complete associate-class structure of the infinite monoid.
457,967/27,1,967/27,1,mixed_fraction,This is a bounded computational sample. It does not prove the complete associate-class structure of the infinite monoid.
458,974/27,1,974/27,1,mixed_fraction,This is a bounded computational sample. It does not prove the complete associate-class structure of the infinite monoid.
459,976/27,1,976/27,1,mixed_fraction,This is a bounded computational sample. It does not prove the complete associate-class structure of the infinite monoid.
460,976/81,1,976/81,1,mixed_fraction,This is a bounded computational sample. It does not prove the complete associate-class structure of the infinite monoid.
461,977/27,1,977/27,1,mixed_fraction,This is a bounded computational sample. It does not prove the complete associate-class structure of the infinite monoid.
462,985/27,1,985/27,1,mixed_fraction,This is a bounded computational sample. It does not prove the complete associate-class structure of the infinite monoid.
463,985/81,1,985/81,1,mixed_fraction,This is a bounded computational sample. It does not prove the complete associate-class structure of the infinite monoid.
464,991/27,1,991/27,1,mixed_fraction,This is a bounded computational sample. It does not prove the complete associate-class structure of the infinite monoid.
465,992/27,1,992/27,1,mixed_fraction,This is a bounded computational sample. It does not prove the complete associate-class structure of the infinite monoid.
466,994/27,1,994/27,1,mixed_fraction,This is a bounded computational sample. It does not prove the complete associate-class structure of the infinite monoid.
467,995/27,1,995/27,1,mixed_fraction,This is a bounded computational sample. It does not prove the complete associate-class structure of the infinite monoid.
468,1000/27,1,1000/27,1,mixed_fraction,This is a bounded computational sample. It does not prove the complete associate-class structure of the infinite monoid.
469,1000/81,1,1000/81,1,mixed_fraction,This is a bounded computational sample. It does not prove the complete associate-class structure of the infinite monoid.
470,1001/27,1,1001/27,1,mixed_fraction,This is a bounded computational sample. It does not prove the complete associate-class structure of the infinite monoid.
471,1003/81,1,1003/81,1,mixed_fraction,This is a bounded computational sample. It does not prove the complete associate-class structure of the infinite monoid.
472,1004/27,1,1004/27,1,mixed_fraction,This is a bounded computational sample. It does not prove the complete associate-class structure of the infinite monoid.
473,1010/27,1,1010/27,1,mixed_fraction,This is a bounded computational sample. It does not prove the complete associate-class structure of the infinite monoid.
474,1012/27,1,1012/27,1,mixed_fraction,This is a bounded computational sample. It does not prove the complete associate-class structure of the infinite monoid.
475,1012/81,1,1012/81,1,mixed_fraction,This is a bounded computational sample. It does not prove the complete associate-class structure of the infinite monoid.
476,1019/27,1,1019/27,1,mixed_fraction,This is a bounded computational sample. It does not prove the complete associate-class structure of the infinite monoid.
477,1021/27,1,1021/27,1,mixed_fraction,This is a bounded computational sample. It does not prove the complete associate-class structure of the infinite monoid.
478,1022/27,1,1022/27,1,mixed_fraction,This is a bounded computational sample. It does not prove the complete associate-class structure of the infinite monoid.
479,1025/27,1,1025/27,1,mixed_fraction,This is a bounded computational sample. It does not prove the complete associate-class structure of the infinite monoid.
480,1027/27,1,1027/27,1,mixed_fraction,This is a bounded computational sample. It does not prove the complete associate-class structure of the infinite monoid.
481,1030/81,1,1030/81,1,mixed_fraction,This is a bounded computational sample. It does not prove the complete associate-class structure of the infinite monoid.
482,1031/27,1,1031/27,1,mixed_fraction,This is a bounded computational sample. It does not prove the complete associate-class structure of the infinite monoid.
483,1037/27,1,1037/27,1,mixed_fraction,This is a bounded computational sample. It does not prove the complete associate-class structure of the infinite monoid.
484,1039/27,1,1039/27,1,mixed_fraction,This is a bounded computational sample. It does not prove the complete associate-class structure of the infinite monoid.
485,1040/27,1,1040/27,1,mixed_fraction,This is a bounded computational sample. It does not prove the complete associate-class structure of the infinite monoid.
486,1045/27,1,1045/27,1,mixed_fraction,This is a bounded computational sample. It does not prove the complete associate-class structure of the infinite monoid.
487,1046/27,1,1046/27,1,mixed_fraction,This is a bounded computational sample. It does not prove the complete associate-class structure of the infinite monoid.
488,1049/27,1,1049/27,1,mixed_fraction,This is a bounded computational sample. It does not prove the complete associate-class structure of the infinite monoid.
489,1052/27,1,1052/27,1,mixed_fraction,This is a bounded computational sample. It does not prove the complete associate-class structure of the infinite monoid.
490,1054/27,1,1054/27,1,mixed_fraction,This is a bounded computational sample. It does not prove the complete associate-class structure of the infinite monoid.
491,1057/81,1,1057/81,1,mixed_fraction,This is a bounded computational sample. It does not prove the complete associate-class structure of the infinite monoid.
492,1064/27,1,1064/27,1,mixed_fraction,This is a bounded computational sample. It does not prove the complete associate-class structure of the infinite monoid.
493,1066/27,1,1066/27,1,mixed_fraction,This is a bounded computational sample. It does not prove the complete associate-class structure of the infinite monoid.
494,1066/81,1,1066/81,1,mixed_fraction,This is a bounded computational sample. It does not prove the complete associate-class structure of the infinite monoid.
495,1067/27,1,1067/27,1,mixed_fraction,This is a bounded computational sample. It does not prove the complete associate-class structure of the infinite monoid.
496,1070/27,1,1070/27,1,mixed_fraction,This is a bounded computational sample. It does not prove the complete associate-class structure of the infinite monoid.
497,1072/27,1,1072/27,1,mixed_fraction,This is a bounded computational sample. It does not prove the complete associate-class structure of the infinite monoid.
498,1075/27,1,1075/27,1,mixed_fraction,This is a bounded computational sample. It does not prove the complete associate-class structure of the infinite monoid.
499,1075/81,1,1075/81,1,mixed_fraction,This is a bounded computational sample. It does not prove the complete associate-class structure of the infinite monoid.
500,1076/27,1,1076/27,1,mixed_fraction,This is a bounded computational sample. It does not prove the complete associate-class structure of the infinite monoid.
501,1079/27,1,1079/27,1,mixed_fraction,This is a bounded computational sample. It does not prove the complete associate-class structure of the infinite monoid.
502,1081/27,1,1081/27,1,mixed_fraction,This is a bounded computational sample. It does not prove the complete associate-class structure of the infinite monoid.
503,1081/81,1,1081/81,1,mixed_fraction,This is a bounded computational sample. It does not prove the complete associate-class structure of the infinite monoid.
504,1085/27,1,1085/27,1,mixed_fraction,This is a bounded computational sample. It does not prove the complete associate-class structure of the infinite monoid.
505,1090/27,1,1090/27,1,mixed_fraction,This is a bounded computational sample. It does not prove the complete associate-class structure of the infinite monoid.
506,1091/27,1,1091/27,1,mixed_fraction,This is a bounded computational sample. It does not prove the complete associate-class structure of the infinite monoid.
507,1093/81,1,1093/81,1,mixed_fraction,This is a bounded computational sample. It does not prove the complete associate-class structure of the infinite monoid.
508,1094/27,1,1094/27,1,mixed_fraction,This is a bounded computational sample. It does not prove the complete associate-class structure of the infinite monoid.
509,1097/27,1,1097/27,1,mixed_fraction,This is a bounded computational sample. It does not prove the complete associate-class structure of the infinite monoid.
510,1099/27,1,1099/27,1,mixed_fraction,This is a bounded computational sample. It does not prove the complete associate-class structure of the infinite monoid.
511,1100/27,1,1100/27,1,mixed_fraction,This is a bounded computational sample. It does not prove the complete associate-class structure of the infinite monoid.
512,1102/27,1,1102/27,1,mixed_fraction,This is a bounded computational sample. It does not prove the complete associate-class structure of the infinite monoid.
513,1106/27,1,1106/27,1,mixed_fraction,This is a bounded computational sample. It does not prove the complete associate-class structure of the infinite monoid.
514,1111/81,1,1111/81,1,mixed_fraction,This is a bounded computational sample. It does not prove the complete associate-class structure of the infinite monoid.
515,1112/27,1,1112/27,1,mixed_fraction,This is a bounded computational sample. It does not prove the complete associate-class structure of the infinite monoid.
516,1115/27,1,1115/27,1,mixed_fraction,This is a bounded computational sample. It does not prove the complete associate-class structure of the infinite monoid.
517,1117/27,1,1117/27,1,mixed_fraction,This is a bounded computational sample. It does not prove the complete associate-class structure of the infinite monoid.
518,1120/27,1,1120/27,1,mixed_fraction,This is a bounded computational sample. It does not prove the complete associate-class structure of the infinite monoid.
519,1120/81,1,1120/81,1,mixed_fraction,This is a bounded computational sample. It does not prove the complete associate-class structure of the infinite monoid.
520,1121/27,1,1121/27,1,mixed_fraction,This is a bounded computational sample. It does not prove the complete associate-class structure of the infinite monoid.
521,1124/27,1,1124/27,1,mixed_fraction,This is a bounded computational sample. It does not prove the complete associate-class structure of the infinite monoid.
522,1126/27,1,1126/27,1,mixed_fraction,This is a bounded computational sample. It does not prove the complete associate-class structure of the infinite monoid.
523,1127/27,1,1127/27,1,mixed_fraction,This is a bounded computational sample. It does not prove the complete associate-class structure of the infinite monoid.
524,1129/27,1,1129/27,1,mixed_fraction,This is a bounded computational sample. It does not prove the complete associate-class structure of the infinite monoid.
525,1135/27,1,1135/27,1,mixed_fraction,This is a bounded computational sample. It does not prove the complete associate-class structure of the infinite monoid.
526,1135/81,1,1135/81,1,mixed_fraction,This is a bounded computational sample. It does not prove the complete associate-class structure of the infinite monoid.
527,1138/81,1,1138/81,1,mixed_fraction,This is a bounded computational sample. It does not prove the complete associate-class structure of the infinite monoid.
528,1139/27,1,1139/27,1,mixed_fraction,This is a bounded computational sample. It does not prove the complete associate-class structure of the infinite monoid.
529,1142/27,1,1142/27,1,mixed_fraction,This is a bounded computational sample. It does not prove the complete associate-class structure of the infinite monoid.
530,1144/27,1,1144/27,1,mixed_fraction,This is a bounded computational sample. It does not prove the complete associate-class structure of the infinite monoid.
531,1145/27,1,1145/27,1,mixed_fraction,This is a bounded computational sample. It does not prove the complete associate-class structure of the infinite monoid.
532,1147/27,1,1147/27,1,mixed_fraction,This is a bounded computational sample. It does not prove the complete associate-class structure of the infinite monoid.
533,1147/81,1,1147/81,1,mixed_fraction,This is a bounded computational sample. It does not prove the complete associate-class structure of the infinite monoid.
534,1150/27,1,1150/27,1,mixed_fraction,This is a bounded computational sample. It does not prove the complete associate-class structure of the infinite monoid.
535,1151/27,1,1151/27,1,mixed_fraction,This is a bounded computational sample. It does not prove the complete associate-class structure of the infinite monoid.
536,1154/27,1,1154/27,1,mixed_fraction,This is a bounded computational sample. It does not prove the complete associate-class structure of the infinite monoid.
537,1156/27,1,1156/27,1,mixed_fraction,This is a bounded computational sample. It does not prove the complete associate-class structure of the infinite monoid.
538,1156/81,1,1156/81,1,mixed_fraction,This is a bounded computational sample. It does not prove the complete associate-class structure of the infinite monoid.
539,1160/27,1,1160/27,1,mixed_fraction,This is a bounded computational sample. It does not prove the complete associate-class structure of the infinite monoid.
540,1162/27,1,1162/27,1,mixed_fraction,This is a bounded computational sample. It does not prove the complete associate-class structure of the infinite monoid.
541,1162/81,1,1162/81,1,mixed_fraction,This is a bounded computational sample. It does not prove the complete associate-class structure of the infinite monoid.
542,1165/27,1,1165/27,1,mixed_fraction,This is a bounded computational sample. It does not prove the complete associate-class structure of the infinite monoid.
543,1166/27,1,1166/27,1,mixed_fraction,This is a bounded computational sample. It does not prove the complete associate-class structure of the infinite monoid.
544,1169/27,1,1169/27,1,mixed_fraction,This is a bounded computational sample. It does not prove the complete associate-class structure of the infinite monoid.
545,1171/27,1,1171/27,1,mixed_fraction,This is a bounded computational sample. It does not prove the complete associate-class structure of the infinite monoid.
546,1172/27,1,1172/27,1,mixed_fraction,This is a bounded computational sample. It does not prove the complete associate-class structure of the infinite monoid.
547,1174/27,1,1174/27,1,mixed_fraction,This is a bounded computational sample. It does not prove the complete associate-class structure of the infinite monoid.
548,1177/27,1,1177/27,1,mixed_fraction,This is a bounded computational sample. It does not prove the complete associate-class structure of the infinite monoid.
549,1181/27,1,1181/27,1,mixed_fraction,This is a bounded computational sample. It does not prove the complete associate-class structure of the infinite monoid.
550,1187/27,1,1187/27,1,mixed_fraction,This is a bounded computational sample. It does not prove the complete associate-class structure of the infinite monoid.
551,1189/27,1,1189/27,1,mixed_fraction,This is a bounded computational sample. It does not prove the complete associate-class structure of the infinite monoid.
552,1190/27,1,1190/27,1,mixed_fraction,This is a bounded computational sample. It does not prove the complete associate-class structure of the infinite monoid.
553,1192/27,1,1192/27,1,mixed_fraction,This is a bounded computational sample. It does not prove the complete associate-class structure of the infinite monoid.
554,1192/81,1,1192/81,1,mixed_fraction,This is a bounded computational sample. It does not prove the complete associate-class structure of the infinite monoid.
555,1195/27,1,1195/27,1,mixed_fraction,This is a bounded computational sample. It does not prove the complete associate-class structure of the infinite monoid.
556,1196/27,1,1196/27,1,mixed_fraction,This is a bounded computational sample. It does not prove the complete associate-class structure of the infinite monoid.
557,1199/27,1,1199/27,1,mixed_fraction,This is a bounded computational sample. It does not prove the complete associate-class structure of the infinite monoid.
558,1201/27,1,1201/27,1,mixed_fraction,This is a bounded computational sample. It does not prove the complete associate-class structure of the infinite monoid.
559,1201/81,1,1201/81,1,mixed_fraction,This is a bounded computational sample. It does not prove the complete associate-class structure of the infinite monoid.
560,1204/27,1,1204/27,1,mixed_fraction,This is a bounded computational sample. It does not prove the complete associate-class structure of the infinite monoid.
561,1210/27,1,1210/27,1,mixed_fraction,This is a bounded computational sample. It does not prove the complete associate-class structure of the infinite monoid.
562,1210/81,1,1210/81,1,mixed_fraction,This is a bounded computational sample. It does not prove the complete associate-class structure of the infinite monoid.
563,1214/27,1,1214/27,1,mixed_fraction,This is a bounded computational sample. It does not prove the complete associate-class structure of the infinite monoid.
564,1216/27,1,1216/27,1,mixed_fraction,This is a bounded computational sample. It does not prove the complete associate-class structure of the infinite monoid.
565,1216/81,1,1216/81,1,mixed_fraction,This is a bounded computational sample. It does not prove the complete associate-class structure of the infinite monoid.
566,1217/27,1,1217/27,1,mixed_fraction,This is a bounded computational sample. It does not prove the complete associate-class structure of the infinite monoid.
567,1219/27,1,1219/27,1,mixed_fraction,This is a bounded computational sample. It does not prove the complete associate-class structure of the infinite monoid.
568,1222/27,1,1222/27,1,mixed_fraction,This is a bounded computational sample. It does not prove the complete associate-class structure of the infinite monoid.
569,1225/27,1,1225/27,1,mixed_fraction,This is a bounded computational sample. It does not prove the complete associate-class structure of the infinite monoid.
570,1225/81,1,1225/81,1,mixed_fraction,This is a bounded computational sample. It does not prove the complete associate-class structure of the infinite monoid.
571,1226/27,1,1226/27,1,mixed_fraction,This is a bounded computational sample. It does not prove the complete associate-class structure of the infinite monoid.
572,1228/81,1,1228/81,1,mixed_fraction,This is a bounded computational sample. It does not prove the complete associate-class structure of the infinite monoid.
573,1231/27,1,1231/27,1,mixed_fraction,This is a bounded computational sample. It does not prove the complete associate-class structure of the infinite monoid.
574,1235/27,1,1235/27,1,mixed_fraction,This is a bounded computational sample. It does not prove the complete associate-class structure of the infinite monoid.
575,1237/27,1,1237/27,1,mixed_fraction,This is a bounded computational sample. It does not prove the complete associate-class structure of the infinite monoid.
576,1237/81,1,1237/81,1,mixed_fraction,This is a bounded computational sample. It does not prove the complete associate-class structure of the infinite monoid.
577,1240/27,1,1240/27,1,mixed_fraction,This is a bounded computational sample. It does not prove the complete associate-class structure of the infinite monoid.
578,1241/27,1,1241/27,1,mixed_fraction,This is a bounded computational sample. It does not prove the complete associate-class structure of the infinite monoid.
579,1243/81,1,1243/81,1,mixed_fraction,This is a bounded computational sample. It does not prove the complete associate-class structure of the infinite monoid.
580,1244/27,1,1244/27,1,mixed_fraction,This is a bounded computational sample. It does not prove the complete associate-class structure of the infinite monoid.
581,1246/27,1,1246/27,1,mixed_fraction,This is a bounded computational sample. It does not prove the complete associate-class structure of the infinite monoid.
582,1249/27,1,1249/27,1,mixed_fraction,This is a bounded computational sample. It does not prove the complete associate-class structure of the infinite monoid.
583,1250/27,1,1250/27,1,mixed_fraction,This is a bounded computational sample. It does not prove the complete associate-class structure of the infinite monoid.
584,1250/81,1,1250/81,1,mixed_fraction,This is a bounded computational sample. It does not prove the complete associate-class structure of the infinite monoid.
585,1252/27,1,1252/27,1,mixed_fraction,This is a bounded computational sample. It does not prove the complete associate-class structure of the infinite monoid.
586,1255/81,1,1255/81,1,mixed_fraction,This is a bounded computational sample. It does not prove the complete associate-class structure of the infinite monoid.
587,1262/27,1,1262/27,1,mixed_fraction,This is a bounded computational sample. It does not prove the complete associate-class structure of the infinite monoid.
588,1264/27,1,1264/27,1,mixed_fraction,This is a bounded computational sample. It does not prove the complete associate-class structure of the infinite monoid.
589,1267/27,1,1267/27,1,mixed_fraction,This is a bounded computational sample. It does not prove the complete associate-class structure of the infinite monoid.
590,1270/27,1,1270/27,1,mixed_fraction,This is a bounded computational sample. It does not prove the complete associate-class structure of the infinite monoid.
591,1270/81,1,1270/81,1,mixed_fraction,This is a bounded computational sample. It does not prove the complete associate-class structure of the infinite monoid.
592,1271/27,1,1271/27,1,mixed_fraction,This is a bounded computational sample. It does not prove the complete associate-class structure of the infinite monoid.
593,1273/81,1,1273/81,1,mixed_fraction,This is a bounded computational sample. It does not prove the complete associate-class structure of the infinite monoid.
594,1276/27,1,1276/27,1,mixed_fraction,This is a bounded computational sample. It does not prove the complete associate-class structure of the infinite monoid.
595,1277/27,1,1277/27,1,mixed_fraction,This is a bounded computational sample. It does not prove the complete associate-class structure of the infinite monoid.
596,1279/27,1,1279/27,1,mixed_fraction,This is a bounded computational sample. It does not prove the complete associate-class structure of the infinite monoid.
597,1282/81,1,1282/81,1,mixed_fraction,This is a bounded computational sample. It does not prove the complete associate-class structure of the infinite monoid.
598,1285/27,1,1285/27,1,mixed_fraction,This is a bounded computational sample. It does not prove the complete associate-class structure of the infinite monoid.
599,1289/27,1,1289/27,1,mixed_fraction,This is a bounded computational sample. It does not prove the complete associate-class structure of the infinite monoid.
600,1291/27,1,1291/27,1,mixed_fraction,This is a bounded computational sample. It does not prove the complete associate-class structure of the infinite monoid.
601,1291/81,1,1291/81,1,mixed_fraction,This is a bounded computational sample. It does not prove the complete associate-class structure of the infinite monoid.
602,1294/27,1,1294/27,1,mixed_fraction,This is a bounded computational sample. It does not prove the complete associate-class structure of the infinite monoid.
603,1295/27,1,1295/27,1,mixed_fraction,This is a bounded computational sample. It does not prove the complete associate-class structure of the infinite monoid.
604,1297/27,1,1297/27,1,mixed_fraction,This is a bounded computational sample. It does not prove the complete associate-class structure of the infinite monoid.
605,1297/81,1,1297/81,1,mixed_fraction,This is a bounded computational sample. It does not prove the complete associate-class structure of the infinite monoid.
606,1300/81,1,1300/81,1,mixed_fraction,This is a bounded computational sample. It does not prove the complete associate-class structure of the infinite monoid.
607,1304/27,1,1304/27,1,mixed_fraction,This is a bounded computational sample. It does not prove the complete associate-class structure of the infinite monoid.
608,1306/27,1,1306/27,1,mixed_fraction,This is a bounded computational sample. It does not prove the complete associate-class structure of the infinite monoid.
609,1306/81,1,1306/81,1,mixed_fraction,This is a bounded computational sample. It does not prove the complete associate-class structure of the infinite monoid.
610,1312/27,1,1312/27,1,mixed_fraction,This is a bounded computational sample. It does not prove the complete associate-class structure of the infinite monoid.
611,1315/27,1,1315/27,1,mixed_fraction,This is a bounded computational sample. It does not prove the complete associate-class structure of the infinite monoid.
612,1316/27,1,1316/27,1,mixed_fraction,This is a bounded computational sample. It does not prove the complete associate-class structure of the infinite monoid.
613,1318/81,1,1318/81,1,mixed_fraction,This is a bounded computational sample. It does not prove the complete associate-class structure of the infinite monoid.
614,1321/27,1,1321/27,1,mixed_fraction,This is a bounded computational sample. It does not prove the complete associate-class structure of the infinite monoid.
615,1322/27,1,1322/27,1,mixed_fraction,This is a bounded computational sample. It does not prove the complete associate-class structure of the infinite monoid.
616,1324/27,1,1324/27,1,mixed_fraction,This is a bounded computational sample. It does not prove the complete associate-class structure of the infinite monoid.
617,1325/27,1,1325/27,1,mixed_fraction,This is a bounded computational sample. It does not prove the complete associate-class structure of the infinite monoid.
618,1331/27,1,1331/27,1,mixed_fraction,This is a bounded computational sample. It does not prove the complete associate-class structure of the infinite monoid.
619,1331/81,1,1331/81,1,mixed_fraction,This is a bounded computational sample. It does not prove the complete associate-class structure of the infinite monoid.
620,1336/81,1,1336/81,1,mixed_fraction,This is a bounded computational sample. It does not prove the complete associate-class structure of the infinite monoid.
621,1339/27,1,1339/27,1,mixed_fraction,This is a bounded computational sample. It does not prove the complete associate-class structure of the infinite monoid.
622,1340/27,1,1340/27,1,mixed_fraction,This is a bounded computational sample. It does not prove the complete associate-class structure of the infinite monoid.
623,1342/27,1,1342/27,1,mixed_fraction,This is a bounded computational sample. It does not prove the complete associate-class structure of the infinite monoid.
624,1345/81,1,1345/81,1,mixed_fraction,This is a bounded computational sample. It does not prove the complete associate-class structure of the infinite monoid.
625,1349/27,1,1349/27,1,mixed_fraction,This is a bounded computational sample. It does not prove the complete associate-class structure of the infinite monoid.
626,1351/27,1,1351/27,1,mixed_fraction,This is a bounded computational sample. It does not prove the complete associate-class structure of the infinite monoid.
627,1351/81,1,1351/81,1,mixed_fraction,This is a bounded computational sample. It does not prove the complete associate-class structure of the infinite monoid.
628,1352/27,1,1352/27,1,mixed_fraction,This is a bounded computational sample. It does not prove the complete associate-class structure of the infinite monoid.
629,1360/27,1,1360/27,1,mixed_fraction,This is a bounded computational sample. It does not prove the complete associate-class structure of the infinite monoid.
630,1360/81,1,1360/81,1,mixed_fraction,This is a bounded computational sample. It does not prove the complete associate-class structure of the infinite monoid.
631,1363/81,1,1363/81,1,mixed_fraction,This is a bounded computational sample. It does not prove the complete associate-class structure of the infinite monoid.
632,1366/27,1,1366/27,1,mixed_fraction,This is a bounded computational sample. It does not prove the complete associate-class structure of the infinite monoid.
633,1367/27,1,1367/27,1,mixed_fraction,This is a bounded computational sample. It does not prove the complete associate-class structure of the infinite monoid.
634,1369/27,1,1369/27,1,mixed_fraction,This is a bounded computational sample. It does not prove the complete associate-class structure of the infinite monoid.
635,1370/27,1,1370/27,1,mixed_fraction,This is a bounded computational sample. It does not prove the complete associate-class structure of the infinite monoid.
636,1372/81,1,1372/81,1,mixed_fraction,This is a bounded computational sample. It does not prove the complete associate-class structure of the infinite monoid.
637,1375/27,1,1375/27,1,mixed_fraction,This is a bounded computational sample. It does not prove the complete associate-class structure of the infinite monoid.
638,1375/81,1,1375/81,1,mixed_fraction,This is a bounded computational sample. It does not prove the complete associate-class structure of the infinite monoid.
639,1376/27,1,1376/27,1,mixed_fraction,This is a bounded computational sample. It does not prove the complete associate-class structure of the infinite monoid.
640,1378/81,1,1378/81,1,mixed_fraction,This is a bounded computational sample. It does not prove the complete associate-class structure of the infinite monoid.
641,1379/27,1,1379/27,1,mixed_fraction,This is a bounded computational sample. It does not prove the complete associate-class structure of the infinite monoid.
642,1381/81,1,1381/81,1,mixed_fraction,This is a bounded computational sample. It does not prove the complete associate-class structure of the infinite monoid.
643,1385/27,1,1385/27,1,mixed_fraction,This is a bounded computational sample. It does not prove the complete associate-class structure of the infinite monoid.
644,1385/81,1,1385/81,1,mixed_fraction,This is a bounded computational sample. It does not prove the complete associate-class structure of the infinite monoid.
645,1387/27,1,1387/27,1,mixed_fraction,This is a bounded computational sample. It does not prove the complete associate-class structure of the infinite monoid.
646,1387/81,1,1387/81,1,mixed_fraction,This is a bounded computational sample. It does not prove the complete associate-class structure of the infinite monoid.
647,1394/27,1,1394/27,1,mixed_fraction,This is a bounded computational sample. It does not prove the complete associate-class structure of the infinite monoid.
648,1396/27,1,1396/27,1,mixed_fraction,This is a bounded computational sample. It does not prove the complete associate-class structure of the infinite monoid.
649,1397/27,1,1397/27,1,mixed_fraction,This is a bounded computational sample. It does not prove the complete associate-class structure of the infinite monoid.
650,1400/27,1,1400/27,1,mixed_fraction,This is a bounded computational sample. It does not prove the complete associate-class structure of the infinite monoid.
651,1402/27,1,1402/27,1,mixed_fraction,This is a bounded computational sample. It does not prove the complete associate-class structure of the infinite monoid.
652,1405/81,1,1405/81,1,mixed_fraction,This is a bounded computational sample. It does not prove the complete associate-class structure of the infinite monoid.
653,1406/27,1,1406/27,1,mixed_fraction,This is a bounded computational sample. It does not prove the complete associate-class structure of the infinite monoid.
654,1412/27,1,1412/27,1,mixed_fraction,This is a bounded computational sample. It does not prove the complete associate-class structure of the infinite monoid.
655,1412/81,1,1412/81,1,mixed_fraction,This is a bounded computational sample. It does not prove the complete associate-class structure of the infinite monoid.
656,1414/27,1,1414/27,1,mixed_fraction,This is a bounded computational sample. It does not prove the complete associate-class structure of the infinite monoid.
657,1415/27,1,1415/27,1,mixed_fraction,This is a bounded computational sample. It does not prove the complete associate-class structure of the infinite monoid.
658,1417/81,1,1417/81,1,mixed_fraction,This is a bounded computational sample. It does not prove the complete associate-class structure of the infinite monoid.
659,1420/27,1,1420/27,1,mixed_fraction,This is a bounded computational sample. It does not prove the complete associate-class structure of the infinite monoid.
660,1421/27,1,1421/27,1,mixed_fraction,This is a bounded computational sample. It does not prove the complete associate-class structure of the infinite monoid.
661,1424/27,1,1424/27,1,mixed_fraction,This is a bounded computational sample. It does not prove the complete associate-class structure of the infinite monoid.
662,1426/81,1,1426/81,1,mixed_fraction,This is a bounded computational sample. It does not prove the complete associate-class structure of the infinite monoid.
663,1427/27,1,1427/27,1,mixed_fraction,This is a bounded computational sample. It does not prove the complete associate-class structure of the infinite monoid.
664,1429/27,1,1429/27,1,mixed_fraction,This is a bounded computational sample. It does not prove the complete associate-class structure of the infinite monoid.
665,1432/81,1,1432/81,1,mixed_fraction,This is a bounded computational sample. It does not prove the complete associate-class structure of the infinite monoid.
666,1435/81,1,1435/81,1,mixed_fraction,This is a bounded computational sample. It does not prove the complete associate-class structure of the infinite monoid.
667,1439/27,1,1439/27,1,mixed_fraction,This is a bounded computational sample. It does not prove the complete associate-class structure of the infinite monoid.
668,1441/27,1,1441/27,1,mixed_fraction,This is a bounded computational sample. It does not prove the complete associate-class structure of the infinite monoid.
669,1441/81,1,1441/81,1,mixed_fraction,This is a bounded computational sample. It does not prove the complete associate-class structure of the infinite monoid.
670,1442/27,1,1442/27,1,mixed_fraction,This is a bounded computational sample. It does not prove the complete associate-class structure of the infinite monoid.
671,1445/27,1,1445/27,1,mixed_fraction,This is a bounded computational sample. It does not prove the complete associate-class structure of the infinite monoid.
672,1447/27,1,1447/27,1,mixed_fraction,This is a bounded computational sample. It does not prove the complete associate-class structure of the infinite monoid.
673,1450/27,1,1450/27,1,mixed_fraction,This is a bounded computational sample. It does not prove the complete associate-class structure of the infinite monoid.
674,1450/81,1,1450/81,1,mixed_fraction,This is a bounded computational sample. It does not prove the complete associate-class structure of the infinite monoid.
675,1451/27,1,1451/27,1,mixed_fraction,This is a bounded computational sample. It does not prove the complete associate-class structure of the infinite monoid.
676,1453/81,1,1453/81,1,mixed_fraction,This is a bounded computational sample. It does not prove the complete associate-class structure of the infinite monoid.
677,1454/27,1,1454/27,1,mixed_fraction,This is a bounded computational sample. It does not prove the complete associate-class structure of the infinite monoid.
678,1456/27,1,1456/27,1,mixed_fraction,This is a bounded computational sample. It does not prove the complete associate-class structure of the infinite monoid.
679,1456/81,1,1456/81,1,mixed_fraction,This is a bounded computational sample. It does not prove the complete associate-class structure of the infinite monoid.
680,1460/27,1,1460/27,1,mixed_fraction,This is a bounded computational sample. It does not prove the complete associate-class structure of the infinite monoid.
681,1462/81,1,1462/81,1,mixed_fraction,This is a bounded computational sample. It does not prove the complete associate-class structure of the infinite monoid.
682,1465/27,1,1465/27,1,mixed_fraction,This is a bounded computational sample. It does not prove the complete associate-class structure of the infinite monoid.
683,1466/27,1,1466/27,1,mixed_fraction,This is a bounded computational sample. It does not prove the complete associate-class structure of the infinite monoid.
684,1466/81,1,1466/81,1,mixed_fraction,This is a bounded computational sample. It does not prove the complete associate-class structure of the infinite monoid.
685,1468/81,1,1468/81,1,mixed_fraction,This is a bounded computational sample. It does not prove the complete associate-class structure of the infinite monoid.
686,1469/27,1,1469/27,1,mixed_fraction,This is a bounded computational sample. It does not prove the complete associate-class structure of the infinite monoid.
687,1472/27,1,1472/27,1,mixed_fraction,This is a bounded computational sample. It does not prove the complete associate-class structure of the infinite monoid.
688,1474/27,1,1474/27,1,mixed_fraction,This is a bounded computational sample. It does not prove the complete associate-class structure of the infinite monoid.
689,1475/27,1,1475/27,1,mixed_fraction,This is a bounded computational sample. It does not prove the complete associate-class structure of the infinite monoid.
690,1475/81,1,1475/81,1,mixed_fraction,This is a bounded computational sample. It does not prove the complete associate-class structure of the infinite monoid.
691,1477/27,1,1477/27,1,mixed_fraction,This is a bounded computational sample. It does not prove the complete associate-class structure of the infinite monoid.
692,1480/81,1,1480/81,1,mixed_fraction,This is a bounded computational sample. It does not prove the complete associate-class structure of the infinite monoid.
693,1481/27,1,1481/27,1,mixed_fraction,This is a bounded computational sample. It does not prove the complete associate-class structure of the infinite monoid.
694,1486/81,1,1486/81,1,mixed_fraction,This is a bounded computational sample. It does not prove the complete associate-class structure of the infinite monoid.
695,1487/27,1,1487/27,1,mixed_fraction,This is a bounded computational sample. It does not prove the complete associate-class structure of the infinite monoid.
696,1490/27,1,1490/27,1,mixed_fraction,This is a bounded computational sample. It does not prove the complete associate-class structure of the infinite monoid.
697,1492/27,1,1492/27,1,mixed_fraction,This is a bounded computational sample. It does not prove the complete associate-class structure of the infinite monoid.
698,1493/81,1,1493/81,1,mixed_fraction,This is a bounded computational sample. It does not prove the complete associate-class structure of the infinite monoid.
699,1495/27,1,1495/27,1,mixed_fraction,This is a bounded computational sample. It does not prove the complete associate-class structure of the infinite monoid.
700,1495/81,1,1495/81,1,mixed_fraction,This is a bounded computational sample. It does not prove the complete associate-class structure of the infinite monoid.
701,1496/27,1,1496/27,1,mixed_fraction,This is a bounded computational sample. It does not prove the complete associate-class structure of the infinite monoid.
702,1498/81,1,1498/81,1,mixed_fraction,This is a bounded computational sample. It does not prove the complete associate-class structure of the infinite monoid.
703,1499/27,1,1499/27,1,mixed_fraction,This is a bounded computational sample. It does not prove the complete associate-class structure of the infinite monoid.
704,1501/27,1,1501/27,1,mixed_fraction,This is a bounded computational sample. It does not prove the complete associate-class structure of the infinite monoid.
705,1502/27,1,1502/27,1,mixed_fraction,This is a bounded computational sample. It does not prove the complete associate-class structure of the infinite monoid.
706,1504/27,1,1504/27,1,mixed_fraction,This is a bounded computational sample. It does not prove the complete associate-class structure of the infinite monoid.
707,1507/81,1,1507/81,1,mixed_fraction,This is a bounded computational sample. It does not prove the complete associate-class structure of the infinite monoid.
708,1510/27,1,1510/27,1,mixed_fraction,This is a bounded computational sample. It does not prove the complete associate-class structure of the infinite monoid.
709,1510/81,1,1510/81,1,mixed_fraction,This is a bounded computational sample. It does not prove the complete associate-class structure of the infinite monoid.
710,1513/81,1,1513/81,1,mixed_fraction,This is a bounded computational sample. It does not prove the complete associate-class structure of the infinite monoid.
711,1514/27,1,1514/27,1,mixed_fraction,This is a bounded computational sample. It does not prove the complete associate-class structure of the infinite monoid.
712,1516/81,1,1516/81,1,mixed_fraction,This is a bounded computational sample. It does not prove the complete associate-class structure of the infinite monoid.
713,1517/27,1,1517/27,1,mixed_fraction,This is a bounded computational sample. It does not prove the complete associate-class structure of the infinite monoid.
714,1519/27,1,1519/27,1,mixed_fraction,This is a bounded computational sample. It does not prove the complete associate-class structure of the infinite monoid.
715,1520/27,1,1520/27,1,mixed_fraction,This is a bounded computational sample. It does not prove the complete associate-class structure of the infinite monoid.
716,1520/81,1,1520/81,1,mixed_fraction,This is a bounded computational sample. It does not prove the complete associate-class structure of the infinite monoid.
717,1522/27,1,1522/27,1,mixed_fraction,This is a bounded computational sample. It does not prove the complete associate-class structure of the infinite monoid.
718,1522/81,1,1522/81,1,mixed_fraction,This is a bounded computational sample. It does not prove the complete associate-class structure of the infinite monoid.
719,1525/27,1,1525/27,1,mixed_fraction,This is a bounded computational sample. It does not prove the complete associate-class structure of the infinite monoid.
720,1526/27,1,1526/27,1,mixed_fraction,This is a bounded computational sample. It does not prove the complete associate-class structure of the infinite monoid.
721,1529/27,1,1529/27,1,mixed_fraction,This is a bounded computational sample. It does not prove the complete associate-class structure of the infinite monoid.
722,1531/27,1,1531/27,1,mixed_fraction,This is a bounded computational sample. It does not prove the complete associate-class structure of the infinite monoid.
723,1531/81,1,1531/81,1,mixed_fraction,This is a bounded computational sample. It does not prove the complete associate-class structure of the infinite monoid.
724,1535/27,1,1535/27,1,mixed_fraction,This is a bounded computational sample. It does not prove the complete associate-class structure of the infinite monoid.
725,1537/27,1,1537/27,1,mixed_fraction,This is a bounded computational sample. It does not prove the complete associate-class structure of the infinite monoid.
726,1537/81,1,1537/81,1,mixed_fraction,This is a bounded computational sample. It does not prove the complete associate-class structure of the infinite monoid.
727,1540/27,1,1540/27,1,mixed_fraction,This is a bounded computational sample. It does not prove the complete associate-class structure of the infinite monoid.
728,1541/27,1,1541/27,1,mixed_fraction,This is a bounded computational sample. It does not prove the complete associate-class structure of the infinite monoid.
729,1543/81,1,1543/81,1,mixed_fraction,This is a bounded computational sample. It does not prove the complete associate-class structure of the infinite monoid.
730,1544/27,1,1544/27,1,mixed_fraction,This is a bounded computational sample. It does not prove the complete associate-class structure of the infinite monoid.
731,1546/27,1,1546/27,1,mixed_fraction,This is a bounded computational sample. It does not prove the complete associate-class structure of the infinite monoid.
732,1547/27,1,1547/27,1,mixed_fraction,This is a bounded computational sample. It does not prove the complete associate-class structure of the infinite monoid.
733,1547/81,1,1547/81,1,mixed_fraction,This is a bounded computational sample. It does not prove the complete associate-class structure of the infinite monoid.
734,1549/27,1,1549/27,1,mixed_fraction,This is a bounded computational sample. It does not prove the complete associate-class structure of the infinite monoid.
735,1552/27,1,1552/27,1,mixed_fraction,This is a bounded computational sample. It does not prove the complete associate-class structure of the infinite monoid.
736,1556/27,1,1556/27,1,mixed_fraction,This is a bounded computational sample. It does not prove the complete associate-class structure of the infinite monoid.
737,1556/81,1,1556/81,1,mixed_fraction,This is a bounded computational sample. It does not prove the complete associate-class structure of the infinite monoid.
738,1561/81,1,1561/81,1,mixed_fraction,This is a bounded computational sample. It does not prove the complete associate-class structure of the infinite monoid.
739,1562/27,1,1562/27,1,mixed_fraction,This is a bounded computational sample. It does not prove the complete associate-class structure of the infinite monoid.
740,1564/27,1,1564/27,1,mixed_fraction,This is a bounded computational sample. It does not prove the complete associate-class structure of the infinite monoid.
741,1565/27,1,1565/27,1,mixed_fraction,This is a bounded computational sample. It does not prove the complete associate-class structure of the infinite monoid.
742,1567/27,1,1567/27,1,mixed_fraction,This is a bounded computational sample. It does not prove the complete associate-class structure of the infinite monoid.
743,1567/81,1,1567/81,1,mixed_fraction,This is a bounded computational sample. It does not prove the complete associate-class structure of the infinite monoid.
744,1570/27,1,1570/27,1,mixed_fraction,This is a bounded computational sample. It does not prove the complete associate-class structure of the infinite monoid.
745,1570/81,1,1570/81,1,mixed_fraction,This is a bounded computational sample. It does not prove the complete associate-class structure of the infinite monoid.
746,1571/27,1,1571/27,1,mixed_fraction,This is a bounded computational sample. It does not prove the complete associate-class structure of the infinite monoid.
747,1574/27,1,1574/27,1,mixed_fraction,This is a bounded computational sample. It does not prove the complete associate-class structure of the infinite monoid.
748,1576/27,1,1576/27,1,mixed_fraction,This is a bounded computational sample. It does not prove the complete associate-class structure of the infinite monoid.
749,1576/81,1,1576/81,1,mixed_fraction,This is a bounded computational sample. It does not prove the complete associate-class structure of the infinite monoid.
750,1579/27,1,1579/27,1,mixed_fraction,This is a bounded computational sample. It does not prove the complete associate-class structure of the infinite monoid.
751,1585/27,1,1585/27,1,mixed_fraction,This is a bounded computational sample. It does not prove the complete associate-class structure of the infinite monoid.
752,1585/81,1,1585/81,1,mixed_fraction,This is a bounded computational sample. It does not prove the complete associate-class structure of the infinite monoid.
753,1588/81,1,1588/81,1,mixed_fraction,This is a bounded computational sample. It does not prove the complete associate-class structure of the infinite monoid.
754,1589/27,1,1589/27,1,mixed_fraction,This is a bounded computational sample. It does not prove the complete associate-class structure of the infinite monoid.
755,1591/27,1,1591/27,1,mixed_fraction,This is a bounded computational sample. It does not prove the complete associate-class structure of the infinite monoid.
756,1591/81,1,1591/81,1,mixed_fraction,This is a bounded computational sample. It does not prove the complete associate-class structure of the infinite monoid.
757,1592/27,1,1592/27,1,mixed_fraction,This is a bounded computational sample. It does not prove the complete associate-class structure of the infinite monoid.
758,1594/27,1,1594/27,1,mixed_fraction,This is a bounded computational sample. It does not prove the complete associate-class structure of the infinite monoid.
759,1597/27,1,1597/27,1,mixed_fraction,This is a bounded computational sample. It does not prove the complete associate-class structure of the infinite monoid.
760,1597/81,1,1597/81,1,mixed_fraction,This is a bounded computational sample. It does not prove the complete associate-class structure of the infinite monoid.
761,1600/27,1,1600/27,1,mixed_fraction,This is a bounded computational sample. It does not prove the complete associate-class structure of the infinite monoid.
762,1600/81,1,1600/81,1,mixed_fraction,This is a bounded computational sample. It does not prove the complete associate-class structure of the infinite monoid.
763,1601/27,1,1601/27,1,mixed_fraction,This is a bounded computational sample. It does not prove the complete associate-class structure of the infinite monoid.
764,1601/81,1,1601/81,1,mixed_fraction,This is a bounded computational sample. It does not prove the complete associate-class structure of the infinite monoid.
765,1603/81,1,1603/81,1,mixed_fraction,This is a bounded computational sample. It does not prove the complete associate-class structure of the infinite monoid.
766,1606/27,1,1606/27,1,mixed_fraction,This is a bounded computational sample. It does not prove the complete associate-class structure of the infinite monoid.
767,1610/27,1,1610/27,1,mixed_fraction,This is a bounded computational sample. It does not prove the complete associate-class structure of the infinite monoid.
768,1610/81,1,1610/81,1,mixed_fraction,This is a bounded computational sample. It does not prove the complete associate-class structure of the infinite monoid.
769,1612/27,1,1612/27,1,mixed_fraction,This is a bounded computational sample. It does not prove the complete associate-class structure of the infinite monoid.
770,1612/81,1,1612/81,1,mixed_fraction,This is a bounded computational sample. It does not prove the complete associate-class structure of the infinite monoid.
771,1615/27,1,1615/27,1,mixed_fraction,This is a bounded computational sample. It does not prove the complete associate-class structure of the infinite monoid.
772,1616/27,1,1616/27,1,mixed_fraction,This is a bounded computational sample. It does not prove the complete associate-class structure of the infinite monoid.
773,1618/81,1,1618/81,1,mixed_fraction,This is a bounded computational sample. It does not prove the complete associate-class structure of the infinite monoid.
774,1619/27,1,1619/27,1,mixed_fraction,This is a bounded computational sample. It does not prove the complete associate-class structure of the infinite monoid.
775,1621/27,1,1621/27,1,mixed_fraction,This is a bounded computational sample. It does not prove the complete associate-class structure of the infinite monoid.
776,1624/27,1,1624/27,1,mixed_fraction,This is a bounded computational sample. It does not prove the complete associate-class structure of the infinite monoid.
777,1625/27,1,1625/27,1,mixed_fraction,This is a bounded computational sample. It does not prove the complete associate-class structure of the infinite monoid.
778,1625/81,1,1625/81,1,mixed_fraction,This is a bounded computational sample. It does not prove the complete associate-class structure of the infinite monoid.
779,1627/27,1,1627/27,1,mixed_fraction,This is a bounded computational sample. It does not prove the complete associate-class structure of the infinite monoid.
780,1628/81,1,1628/81,1,mixed_fraction,This is a bounded computational sample. It does not prove the complete associate-class structure of the infinite monoid.
781,1630/81,1,1630/81,1,mixed_fraction,This is a bounded computational sample. It does not prove the complete associate-class structure of the infinite monoid.
782,1637/27,1,1637/27,1,mixed_fraction,This is a bounded computational sample. It does not prove the complete associate-class structure of the infinite monoid.
783,1637/81,1,1637/81,1,mixed_fraction,This is a bounded computational sample. It does not prove the complete associate-class structure of the infinite monoid.
784,1639/27,1,1639/27,1,mixed_fraction,This is a bounded computational sample. It does not prove the complete associate-class structure of the infinite monoid.
785,1642/27,1,1642/27,1,mixed_fraction,This is a bounded computational sample. It does not prove the complete associate-class structure of the infinite monoid.
786,1642/81,1,1642/81,1,mixed_fraction,This is a bounded computational sample. It does not prove the complete associate-class structure of the infinite monoid.
787,1645/27,1,1645/27,1,mixed_fraction,This is a bounded computational sample. It does not prove the complete associate-class structure of the infinite monoid.
788,1645/81,1,1645/81,1,mixed_fraction,This is a bounded computational sample. It does not prove the complete associate-class structure of the infinite monoid.
789,1646/27,1,1646/27,1,mixed_fraction,This is a bounded computational sample. It does not prove the complete associate-class structure of the infinite monoid.
790,1648/81,1,1648/81,1,mixed_fraction,This is a bounded computational sample. It does not prove the complete associate-class structure of the infinite monoid.
791,1651/27,1,1651/27,1,mixed_fraction,This is a bounded computational sample. It does not prove the complete associate-class structure of the infinite monoid.
792,1651/81,1,1651/81,1,mixed_fraction,This is a bounded computational sample. It does not prove the complete associate-class structure of the infinite monoid.
793,1652/27,1,1652/27,1,mixed_fraction,This is a bounded computational sample. It does not prove the complete associate-class structure of the infinite monoid.
794,1654/27,1,1654/27,1,mixed_fraction,This is a bounded computational sample. It does not prove the complete associate-class structure of the infinite monoid.
795,1655/81,1,1655/81,1,mixed_fraction,This is a bounded computational sample. It does not prove the complete associate-class structure of the infinite monoid.
796,1657/81,1,1657/81,1,mixed_fraction,This is a bounded computational sample. It does not prove the complete associate-class structure of the infinite monoid.
797,1660/27,1,1660/27,1,mixed_fraction,This is a bounded computational sample. It does not prove the complete associate-class structure of the infinite monoid.
798,1664/27,1,1664/27,1,mixed_fraction,This is a bounded computational sample. It does not prove the complete associate-class structure of the infinite monoid.
799,1666/27,1,1666/27,1,mixed_fraction,This is a bounded computational sample. It does not prove the complete associate-class structure of the infinite monoid.
800,1666/81,1,1666/81,1,mixed_fraction,This is a bounded computational sample. It does not prove the complete associate-class structure of the infinite monoid.
801,1669/27,1,1669/27,1,mixed_fraction,This is a bounded computational sample. It does not prove the complete associate-class structure of the infinite monoid.
802,1670/27,1,1670/27,1,mixed_fraction,This is a bounded computational sample. It does not prove the complete associate-class structure of the infinite monoid.
803,1672/27,1,1672/27,1,mixed_fraction,This is a bounded computational sample. It does not prove the complete associate-class structure of the infinite monoid.
804,1672/81,1,1672/81,1,mixed_fraction,This is a bounded computational sample. It does not prove the complete associate-class structure of the infinite monoid.
805,1675/81,1,1675/81,1,mixed_fraction,This is a bounded computational sample. It does not prove the complete associate-class structure of the infinite monoid.
806,1678/81,1,1678/81,1,mixed_fraction,This is a bounded computational sample. It does not prove the complete associate-class structure of the infinite monoid.
807,1679/27,1,1679/27,1,mixed_fraction,This is a bounded computational sample. It does not prove the complete associate-class structure of the infinite monoid.
808,1681/27,1,1681/27,1,mixed_fraction,This is a bounded computational sample. It does not prove the complete associate-class structure of the infinite monoid.
809,1681/81,1,1681/81,1,mixed_fraction,This is a bounded computational sample. It does not prove the complete associate-class structure of the infinite monoid.
810,1682/81,1,1682/81,1,mixed_fraction,This is a bounded computational sample. It does not prove the complete associate-class structure of the infinite monoid.
811,1687/27,1,1687/27,1,mixed_fraction,This is a bounded computational sample. It does not prove the complete associate-class structure of the infinite monoid.
812,1690/27,1,1690/27,1,mixed_fraction,This is a bounded computational sample. It does not prove the complete associate-class structure of the infinite monoid.
813,1691/27,1,1691/27,1,mixed_fraction,This is a bounded computational sample. It does not prove the complete associate-class structure of the infinite monoid.
814,1691/81,1,1691/81,1,mixed_fraction,This is a bounded computational sample. It does not prove the complete associate-class structure of the infinite monoid.
815,1693/81,1,1693/81,1,mixed_fraction,This is a bounded computational sample. It does not prove the complete associate-class structure of the infinite monoid.
816,1696/27,1,1696/27,1,mixed_fraction,This is a bounded computational sample. It does not prove the complete associate-class structure of the infinite monoid.
817,1697/27,1,1697/27,1,mixed_fraction,This is a bounded computational sample. It does not prove the complete associate-class structure of the infinite monoid.
818,1699/27,1,1699/27,1,mixed_fraction,This is a bounded computational sample. It does not prove the complete associate-class structure of the infinite monoid.
819,1700/27,1,1700/27,1,mixed_fraction,This is a bounded computational sample. It does not prove the complete associate-class structure of the infinite monoid.
820,1700/81,1,1700/81,1,mixed_fraction,This is a bounded computational sample. It does not prove the complete associate-class structure of the infinite monoid.
821,1705/81,1,1705/81,1,mixed_fraction,This is a bounded computational sample. It does not prove the complete associate-class structure of the infinite monoid.
822,1706/27,1,1706/27,1,mixed_fraction,This is a bounded computational sample. It does not prove the complete associate-class structure of the infinite monoid.
823,1706/81,1,1706/81,1,mixed_fraction,This is a bounded computational sample. It does not prove the complete associate-class structure of the infinite monoid.
824,1711/81,1,1711/81,1,mixed_fraction,This is a bounded computational sample. It does not prove the complete associate-class structure of the infinite monoid.
825,1714/27,1,1714/27,1,mixed_fraction,This is a bounded computational sample. It does not prove the complete associate-class structure of the infinite monoid.
826,1715/27,1,1715/27,1,mixed_fraction,This is a bounded computational sample. It does not prove the complete associate-class structure of the infinite monoid.
827,1717/27,1,1717/27,1,mixed_fraction,This is a bounded computational sample. It does not prove the complete associate-class structure of the infinite monoid.
828,1718/81,1,1718/81,1,mixed_fraction,This is a bounded computational sample. It does not prove the complete associate-class structure of the infinite monoid.
829,1720/81,1,1720/81,1,mixed_fraction,This is a bounded computational sample. It does not prove the complete associate-class structure of the infinite monoid.
830,1723/81,1,1723/81,1,mixed_fraction,This is a bounded computational sample. It does not prove the complete associate-class structure of the infinite monoid.
831,1724/27,1,1724/27,1,mixed_fraction,This is a bounded computational sample. It does not prove the complete associate-class structure of the infinite monoid.
832,1726/27,1,1726/27,1,mixed_fraction,This is a bounded computational sample. It does not prove the complete associate-class structure of the infinite monoid.
833,1726/81,1,1726/81,1,mixed_fraction,This is a bounded computational sample. It does not prove the complete associate-class structure of the infinite monoid.
834,1727/27,1,1727/27,1,mixed_fraction,This is a bounded computational sample. It does not prove the complete associate-class structure of the infinite monoid.
835,1732/81,1,1732/81,1,mixed_fraction,This is a bounded computational sample. It does not prove the complete associate-class structure of the infinite monoid.
836,1735/27,1,1735/27,1,mixed_fraction,This is a bounded computational sample. It does not prove the complete associate-class structure of the infinite monoid.
837,1735/81,1,1735/81,1,mixed_fraction,This is a bounded computational sample. It does not prove the complete associate-class structure of the infinite monoid.
838,1736/81,1,1736/81,1,mixed_fraction,This is a bounded computational sample. It does not prove the complete associate-class structure of the infinite monoid.
839,1738/81,1,1738/81,1,mixed_fraction,This is a bounded computational sample. It does not prove the complete associate-class structure of the infinite monoid.
840,1741/27,1,1741/27,1,mixed_fraction,This is a bounded computational sample. It does not prove the complete associate-class structure of the infinite monoid.
841,1742/27,1,1742/27,1,mixed_fraction,This is a bounded computational sample. It does not prove the complete associate-class structure of the infinite monoid.
842,1744/27,1,1744/27,1,mixed_fraction,This is a bounded computational sample. It does not prove the complete associate-class structure of the infinite monoid.
843,1745/27,1,1745/27,1,mixed_fraction,This is a bounded computational sample. It does not prove the complete associate-class structure of the infinite monoid.
844,1745/81,1,1745/81,1,mixed_fraction,This is a bounded computational sample. It does not prove the complete associate-class structure of the infinite monoid.
845,1747/81,1,1747/81,1,mixed_fraction,This is a bounded computational sample. It does not prove the complete associate-class structure of the infinite monoid.
846,1750/81,1,1750/81,1,mixed_fraction,This is a bounded computational sample. It does not prove the complete associate-class structure of the infinite monoid.
847,1751/27,1,1751/27,1,mixed_fraction,This is a bounded computational sample. It does not prove the complete associate-class structure of the infinite monoid.
848,1753/81,1,1753/81,1,mixed_fraction,This is a bounded computational sample. It does not prove the complete associate-class structure of the infinite monoid.
849,1754/27,1,1754/27,1,mixed_fraction,This is a bounded computational sample. It does not prove the complete associate-class structure of the infinite monoid.
850,1756/81,1,1756/81,1,mixed_fraction,This is a bounded computational sample. It does not prove the complete associate-class structure of the infinite monoid.
851,1760/27,1,1760/27,1,mixed_fraction,This is a bounded computational sample. It does not prove the complete associate-class structure of the infinite monoid.
852,1760/81,1,1760/81,1,mixed_fraction,This is a bounded computational sample. It does not prove the complete associate-class structure of the infinite monoid.
853,1762/27,1,1762/27,1,mixed_fraction,This is a bounded computational sample. It does not prove the complete associate-class structure of the infinite monoid.
854,1762/81,1,1762/81,1,mixed_fraction,This is a bounded computational sample. It does not prove the complete associate-class structure of the infinite monoid.
855,1763/81,1,1763/81,1,mixed_fraction,This is a bounded computational sample. It does not prove the complete associate-class structure of the infinite monoid.
856,1769/27,1,1769/27,1,mixed_fraction,This is a bounded computational sample. It does not prove the complete associate-class structure of the infinite monoid.
857,1771/27,1,1771/27,1,mixed_fraction,This is a bounded computational sample. It does not prove the complete associate-class structure of the infinite monoid.
858,1772/27,1,1772/27,1,mixed_fraction,This is a bounded computational sample. It does not prove the complete associate-class structure of the infinite monoid.
859,1772/81,1,1772/81,1,mixed_fraction,This is a bounded computational sample. It does not prove the complete associate-class structure of the infinite monoid.
860,1775/27,1,1775/27,1,mixed_fraction,This is a bounded computational sample. It does not prove the complete associate-class structure of the infinite monoid.
861,1780/81,1,1780/81,1,mixed_fraction,This is a bounded computational sample. It does not prove the complete associate-class structure of the infinite monoid.
862,1781/27,1,1781/27,1,mixed_fraction,This is a bounded computational sample. It does not prove the complete associate-class structure of the infinite monoid.
863,1781/81,1,1781/81,1,mixed_fraction,This is a bounded computational sample. It does not prove the complete associate-class structure of the infinite monoid.
864,1786/81,1,1786/81,1,mixed_fraction,This is a bounded computational sample. It does not prove the complete associate-class structure of the infinite monoid.
865,1787/27,1,1787/27,1,mixed_fraction,This is a bounded computational sample. It does not prove the complete associate-class structure of the infinite monoid.
866,1787/81,1,1787/81,1,mixed_fraction,This is a bounded computational sample. It does not prove the complete associate-class structure of the infinite monoid.
867,1789/27,1,1789/27,1,mixed_fraction,This is a bounded computational sample. It does not prove the complete associate-class structure of the infinite monoid.
868,1790/27,1,1790/27,1,mixed_fraction,This is a bounded computational sample. It does not prove the complete associate-class structure of the infinite monoid.
869,1792/81,1,1792/81,1,mixed_fraction,This is a bounded computational sample. It does not prove the complete associate-class structure of the infinite monoid.
870,1796/27,1,1796/27,1,mixed_fraction,This is a bounded computational sample. It does not prove the complete associate-class structure of the infinite monoid.
871,1799/27,1,1799/27,1,mixed_fraction,This is a bounded computational sample. It does not prove the complete associate-class structure of the infinite monoid.
872,1801/81,1,1801/81,1,mixed_fraction,This is a bounded computational sample. It does not prove the complete associate-class structure of the infinite monoid.
873,1802/27,1,1802/27,1,mixed_fraction,This is a bounded computational sample. It does not prove the complete associate-class structure of the infinite monoid.
874,1807/81,1,1807/81,1,mixed_fraction,This is a bounded computational sample. It does not prove the complete associate-class structure of the infinite monoid.
875,1810/81,1,1810/81,1,mixed_fraction,This is a bounded computational sample. It does not prove the complete associate-class structure of the infinite monoid.
876,1813/81,1,1813/81,1,mixed_fraction,This is a bounded computational sample. It does not prove the complete associate-class structure of the infinite monoid.
877,1814/27,1,1814/27,1,mixed_fraction,This is a bounded computational sample. It does not prove the complete associate-class structure of the infinite monoid.
878,1816/27,1,1816/27,1,mixed_fraction,This is a bounded computational sample. It does not prove the complete associate-class structure of the infinite monoid.
879,1816/81,1,1816/81,1,mixed_fraction,This is a bounded computational sample. It does not prove the complete associate-class structure of the infinite monoid.
880,1817/27,1,1817/27,1,mixed_fraction,This is a bounded computational sample. It does not prove the complete associate-class structure of the infinite monoid.
881,1817/81,1,1817/81,1,mixed_fraction,This is a bounded computational sample. It does not prove the complete associate-class structure of the infinite monoid.
882,1820/27,1,1820/27,1,mixed_fraction,This is a bounded computational sample. It does not prove the complete associate-class structure of the infinite monoid.
883,1825/81,1,1825/81,1,mixed_fraction,This is a bounded computational sample. It does not prove the complete associate-class structure of the infinite monoid.
884,1826/27,1,1826/27,1,mixed_fraction,This is a bounded computational sample. It does not prove the complete associate-class structure of the infinite monoid.
885,1826/81,1,1826/81,1,mixed_fraction,This is a bounded computational sample. It does not prove the complete associate-class structure of the infinite monoid.
886,1828/81,1,1828/81,1,mixed_fraction,This is a bounded computational sample. It does not prove the complete associate-class structure of the infinite monoid.
887,1829/27,1,1829/27,1,mixed_fraction,This is a bounded computational sample. It does not prove the complete associate-class structure of the infinite monoid.
888,1831/81,1,1831/81,1,mixed_fraction,This is a bounded computational sample. It does not prove the complete associate-class structure of the infinite monoid.
889,1835/27,1,1835/27,1,mixed_fraction,This is a bounded computational sample. It does not prove the complete associate-class structure of the infinite monoid.
890,1835/81,1,1835/81,1,mixed_fraction,This is a bounded computational sample. It does not prove the complete associate-class structure of the infinite monoid.
891,1837/81,1,1837/81,1,mixed_fraction,This is a bounded computational sample. It does not prove the complete associate-class structure of the infinite monoid.
892,1841/27,1,1841/27,1,mixed_fraction,This is a bounded computational sample. It does not prove the complete associate-class structure of the infinite monoid.
893,1841/81,1,1841/81,1,mixed_fraction,This is a bounded computational sample. It does not prove the complete associate-class structure of the infinite monoid.
894,1843/81,1,1843/81,1,mixed_fraction,This is a bounded computational sample. It does not prove the complete associate-class structure of the infinite monoid.
895,1844/27,1,1844/27,1,mixed_fraction,This is a bounded computational sample. It does not prove the complete associate-class structure of the infinite monoid.
896,1847/27,1,1847/27,1,mixed_fraction,This is a bounded computational sample. It does not prove the complete associate-class structure of the infinite monoid.
897,1850/27,1,1850/27,1,mixed_fraction,This is a bounded computational sample. It does not prove the complete associate-class structure of the infinite monoid.
898,1850/81,1,1850/81,1,mixed_fraction,This is a bounded computational sample. It does not prove the complete associate-class structure of the infinite monoid.
899,1853/81,1,1853/81,1,mixed_fraction,This is a bounded computational sample. It does not prove the complete associate-class structure of the infinite monoid.
900,1855/81,1,1855/81,1,mixed_fraction,This is a bounded computational sample. It does not prove the complete associate-class structure of the infinite monoid.
901,1856/27,1,1856/27,1,mixed_fraction,This is a bounded computational sample. It does not prove the complete associate-class structure of the infinite monoid.
902,1861/81,1,1861/81,1,mixed_fraction,This is a bounded computational sample. It does not prove the complete associate-class structure of the infinite monoid.
903,1862/27,1,1862/27,1,mixed_fraction,This is a bounded computational sample. It does not prove the complete associate-class structure of the infinite monoid.
904,1862/81,1,1862/81,1,mixed_fraction,This is a bounded computational sample. It does not prove the complete associate-class structure of the infinite monoid.
905,1865/27,1,1865/27,1,mixed_fraction,This is a bounded computational sample. It does not prove the complete associate-class structure of the infinite monoid.
906,1867/81,1,1867/81,1,mixed_fraction,This is a bounded computational sample. It does not prove the complete associate-class structure of the infinite monoid.
907,1868/81,1,1868/81,1,mixed_fraction,This is a bounded computational sample. It does not prove the complete associate-class structure of the infinite monoid.
908,1870/81,1,1870/81,1,mixed_fraction,This is a bounded computational sample. It does not prove the complete associate-class structure of the infinite monoid.
909,1871/27,1,1871/27,1,mixed_fraction,This is a bounded computational sample. It does not prove the complete associate-class structure of the infinite monoid.
910,1873/81,1,1873/81,1,mixed_fraction,This is a bounded computational sample. It does not prove the complete associate-class structure of the infinite monoid.
911,1874/27,1,1874/27,1,mixed_fraction,This is a bounded computational sample. It does not prove the complete associate-class structure of the infinite monoid.
912,1877/27,1,1877/27,1,mixed_fraction,This is a bounded computational sample. It does not prove the complete associate-class structure of the infinite monoid.
913,1880/81,1,1880/81,1,mixed_fraction,This is a bounded computational sample. It does not prove the complete associate-class structure of the infinite monoid.
914,1882/81,1,1882/81,1,mixed_fraction,This is a bounded computational sample. It does not prove the complete associate-class structure of the infinite monoid.
915,1885/81,1,1885/81,1,mixed_fraction,This is a bounded computational sample. It does not prove the complete associate-class structure of the infinite monoid.
916,1888/81,1,1888/81,1,mixed_fraction,This is a bounded computational sample. It does not prove the complete associate-class structure of the infinite monoid.
917,1889/27,1,1889/27,1,mixed_fraction,This is a bounded computational sample. It does not prove the complete associate-class structure of the infinite monoid.
918,1891/81,1,1891/81,1,mixed_fraction,This is a bounded computational sample. It does not prove the complete associate-class structure of the infinite monoid.
919,1892/27,1,1892/27,1,mixed_fraction,This is a bounded computational sample. It does not prove the complete associate-class structure of the infinite monoid.
920,1895/27,1,1895/27,1,mixed_fraction,This is a bounded computational sample. It does not prove the complete associate-class structure of the infinite monoid.
921,1895/81,1,1895/81,1,mixed_fraction,This is a bounded computational sample. It does not prove the complete associate-class structure of the infinite monoid.
922,1897/81,1,1897/81,1,mixed_fraction,This is a bounded computational sample. It does not prove the complete associate-class structure of the infinite monoid.
923,1898/81,1,1898/81,1,mixed_fraction,This is a bounded computational sample. It does not prove the complete associate-class structure of the infinite monoid.
924,1901/27,1,1901/27,1,mixed_fraction,This is a bounded computational sample. It does not prove the complete associate-class structure of the infinite monoid.
925,1904/27,1,1904/27,1,mixed_fraction,This is a bounded computational sample. It does not prove the complete associate-class structure of the infinite monoid.
926,1906/81,1,1906/81,1,mixed_fraction,This is a bounded computational sample. It does not prove the complete associate-class structure of the infinite monoid.
927,1907/81,1,1907/81,1,mixed_fraction,This is a bounded computational sample. It does not prove the complete associate-class structure of the infinite monoid.
928,1910/27,1,1910/27,1,mixed_fraction,This is a bounded computational sample. It does not prove the complete associate-class structure of the infinite monoid.
929,1912/81,1,1912/81,1,mixed_fraction,This is a bounded computational sample. It does not prove the complete associate-class structure of the infinite monoid.
930,1916/27,1,1916/27,1,mixed_fraction,This is a bounded computational sample. It does not prove the complete associate-class structure of the infinite monoid.
931,1916/81,1,1916/81,1,mixed_fraction,This is a bounded computational sample. It does not prove the complete associate-class structure of the infinite monoid.
932,1918/81,1,1918/81,1,mixed_fraction,This is a bounded computational sample. It does not prove the complete associate-class structure of the infinite monoid.
933,1919/27,1,1919/27,1,mixed_fraction,This is a bounded computational sample. It does not prove the complete associate-class structure of the infinite monoid.
934,1922/27,1,1922/27,1,mixed_fraction,This is a bounded computational sample. It does not prove the complete associate-class structure of the infinite monoid.
935,1922/81,1,1922/81,1,mixed_fraction,This is a bounded computational sample. It does not prove the complete associate-class structure of the infinite monoid.
936,1925/81,1,1925/81,1,mixed_fraction,This is a bounded computational sample. It does not prove the complete associate-class structure of the infinite monoid.
937,1931/27,1,1931/27,1,mixed_fraction,This is a bounded computational sample. It does not prove the complete associate-class structure of the infinite monoid.
938,1931/81,1,1931/81,1,mixed_fraction,This is a bounded computational sample. It does not prove the complete associate-class structure of the infinite monoid.
939,1936/81,1,1936/81,1,mixed_fraction,This is a bounded computational sample. It does not prove the complete associate-class structure of the infinite monoid.
940,1937/27,1,1937/27,1,mixed_fraction,This is a bounded computational sample. It does not prove the complete associate-class structure of the infinite monoid.
941,1940/27,1,1940/27,1,mixed_fraction,This is a bounded computational sample. It does not prove the complete associate-class structure of the infinite monoid.
942,1942/81,1,1942/81,1,mixed_fraction,This is a bounded computational sample. It does not prove the complete associate-class structure of the infinite monoid.
943,1943/81,1,1943/81,1,mixed_fraction,This is a bounded computational sample. It does not prove the complete associate-class structure of the infinite monoid.
944,1945/81,1,1945/81,1,mixed_fraction,This is a bounded computational sample. It does not prove the complete associate-class structure of the infinite monoid.
945,1946/27,1,1946/27,1,mixed_fraction,This is a bounded computational sample. It does not prove the complete associate-class structure of the infinite monoid.
946,1948/81,1,1948/81,1,mixed_fraction,This is a bounded computational sample. It does not prove the complete associate-class structure of the infinite monoid.
947,1949/27,1,1949/27,1,mixed_fraction,This is a bounded computational sample. It does not prove the complete associate-class structure of the infinite monoid.
948,1951/81,1,1951/81,1,mixed_fraction,This is a bounded computational sample. It does not prove the complete associate-class structure of the infinite monoid.
949,1960/81,1,1960/81,1,mixed_fraction,This is a bounded computational sample. It does not prove the complete associate-class structure of the infinite monoid.
950,1961/81,1,1961/81,1,mixed_fraction,This is a bounded computational sample. It does not prove the complete associate-class structure of the infinite monoid.
951,1963/81,1,1963/81,1,mixed_fraction,This is a bounded computational sample. It does not prove the complete associate-class structure of the infinite monoid.
952,1964/27,1,1964/27,1,mixed_fraction,This is a bounded computational sample. It does not prove the complete associate-class structure of the infinite monoid.
953,1966/81,1,1966/81,1,mixed_fraction,This is a bounded computational sample. It does not prove the complete associate-class structure of the infinite monoid.
954,1967/27,1,1967/27,1,mixed_fraction,This is a bounded computational sample. It does not prove the complete associate-class structure of the infinite monoid.
955,1970/81,1,1970/81,1,mixed_fraction,This is a bounded computational sample. It does not prove the complete associate-class structure of the infinite monoid.
956,1972/81,1,1972/81,1,mixed_fraction,This is a bounded computational sample. It does not prove the complete associate-class structure of the infinite monoid.
957,1975/81,1,1975/81,1,mixed_fraction,This is a bounded computational sample. It does not prove the complete associate-class structure of the infinite monoid.
958,1976/27,1,1976/27,1,mixed_fraction,This is a bounded computational sample. It does not prove the complete associate-class structure of the infinite monoid.
959,1976/81,1,1976/81,1,mixed_fraction,This is a bounded computational sample. It does not prove the complete associate-class structure of the infinite monoid.
960,1978/81,1,1978/81,1,mixed_fraction,This is a bounded computational sample. It does not prove the complete associate-class structure of the infinite monoid.
961,1985/27,1,1985/27,1,mixed_fraction,This is a bounded computational sample. It does not prove the complete associate-class structure of the infinite monoid.
962,1985/81,1,1985/81,1,mixed_fraction,This is a bounded computational sample. It does not prove the complete associate-class structure of the infinite monoid.
963,1987/81,1,1987/81,1,mixed_fraction,This is a bounded computational sample. It does not prove the complete associate-class structure of the infinite monoid.
964,1988/81,1,1988/81,1,mixed_fraction,This is a bounded computational sample. It does not prove the complete associate-class structure of the infinite monoid.
965,1991/27,1,1991/27,1,mixed_fraction,This is a bounded computational sample. It does not prove the complete associate-class structure of the infinite monoid.
966,1993/81,1,1993/81,1,mixed_fraction,This is a bounded computational sample. It does not prove the complete associate-class structure of the infinite monoid.
967,1994/27,1,1994/27,1,mixed_fraction,This is a bounded computational sample. It does not prove the complete associate-class structure of the infinite monoid.
968,1997/81,1,1997/81,1,mixed_fraction,This is a bounded computational sample. It does not prove the complete associate-class structure of the infinite monoid.
969,2000/81,1,2000/81,1,mixed_fraction,This is a bounded computational sample. It does not prove the complete associate-class structure of the infinite monoid.
970,2003/81,1,2003/81,1,mixed_fraction,This is a bounded computational sample. It does not prove the complete associate-class structure of the infinite monoid.
971,2005/81,1,2005/81,1,mixed_fraction,This is a bounded computational sample. It does not prove the complete associate-class structure of the infinite monoid.
972,2006/81,1,2006/81,1,mixed_fraction,This is a bounded computational sample. It does not prove the complete associate-class structure of the infinite monoid.
973,2012/27,1,2012/27,1,mixed_fraction,This is a bounded computational sample. It does not prove the complete associate-class structure of the infinite monoid.
974,2012/81,1,2012/81,1,mixed_fraction,This is a bounded computational sample. It does not prove the complete associate-class structure of the infinite monoid.
975,2017/81,1,2017/81,1,mixed_fraction,This is a bounded computational sample. It does not prove the complete associate-class structure of the infinite monoid.
976,2020/81,1,2020/81,1,mixed_fraction,This is a bounded computational sample. It does not prove the complete associate-class structure of the infinite monoid.
977,2021/27,1,2021/27,1,mixed_fraction,This is a bounded computational sample. It does not prove the complete associate-class structure of the infinite monoid.
978,2023/81,1,2023/81,1,mixed_fraction,This is a bounded computational sample. It does not prove the complete associate-class structure of the infinite monoid.
979,2026/81,1,2026/81,1,mixed_fraction,This is a bounded computational sample. It does not prove the complete associate-class structure of the infinite monoid.
980,2030/81,1,2030/81,1,mixed_fraction,This is a bounded computational sample. It does not prove the complete associate-class structure of the infinite monoid.
981,2032/81,1,2032/81,1,mixed_fraction,This is a bounded computational sample. It does not prove the complete associate-class structure of the infinite monoid.
982,2039/27,1,2039/27,1,mixed_fraction,This is a bounded computational sample. It does not prove the complete associate-class structure of the infinite monoid.
983,2041/81,1,2041/81,1,mixed_fraction,This is a bounded computational sample. It does not prove the complete associate-class structure of the infinite monoid.
984,2042/81,1,2042/81,1,mixed_fraction,This is a bounded computational sample. It does not prove the complete associate-class structure of the infinite monoid.
985,2047/81,1,2047/81,1,mixed_fraction,This is a bounded computational sample. It does not prove the complete associate-class structure of the infinite monoid.
986,2050/81,1,2050/81,1,mixed_fraction,This is a bounded computational sample. It does not prove the complete associate-class structure of the infinite monoid.
987,2051/81,1,2051/81,1,mixed_fraction,This is a bounded computational sample. It does not prove the complete associate-class structure of the infinite monoid.
988,2053/81,1,2053/81,1,mixed_fraction,This is a bounded computational sample. It does not prove the complete associate-class structure of the infinite monoid.
989,2056/81,1,2056/81,1,mixed_fraction,This is a bounded computational sample. It does not prove the complete associate-class structure of the infinite monoid.
990,2057/81,1,2057/81,1,mixed_fraction,This is a bounded computational sample. It does not prove the complete associate-class structure of the infinite monoid.
991,2060/81,1,2060/81,1,mixed_fraction,This is a bounded computational sample. It does not prove the complete associate-class structure of the infinite monoid.
992,2066/27,1,2066/27,1,mixed_fraction,This is a bounded computational sample. It does not prove the complete associate-class structure of the infinite monoid.
993,2066/81,1,2066/81,1,mixed_fraction,This is a bounded computational sample. It does not prove the complete associate-class structure of the infinite monoid.
994,2068/81,1,2068/81,1,mixed_fraction,This is a bounded computational sample. It does not prove the complete associate-class structure of the infinite monoid.
995,2075/81,1,2075/81,1,mixed_fraction,This is a bounded computational sample. It does not prove the complete associate-class structure of the infinite monoid.
996,2078/81,1,2078/81,1,mixed_fraction,This is a bounded computational sample. It does not prove the complete associate-class structure of the infinite monoid.
997,2080/81,1,2080/81,1,mixed_fraction,This is a bounded computational sample. It does not prove the complete associate-class structure of the infinite monoid.
998,2081/81,1,2081/81,1,mixed_fraction,This is a bounded computational sample. It does not prove the complete associate-class structure of the infinite monoid.
999,2086/81,1,2086/81,1,mixed_fraction,This is a bounded computational sample. It does not prove the complete associate-class structure of the infinite monoid.
1000,2087/81,1,2087/81,1,mixed_fraction,This is a bounded computational sample. It does not prove the complete associate-class structure of the infinite monoid.
1001,2093/81,1,2093/81,1,mixed_fraction,This is a bounded computational sample. It does not prove the complete associate-class structure of the infinite monoid.
1002,2095/81,1,2095/81,1,mixed_fraction,This is a bounded computational sample. It does not prove the complete associate-class structure of the infinite monoid.
1003,2098/81,1,2098/81,1,mixed_fraction,This is a bounded computational sample. It does not prove the complete associate-class structure of the infinite monoid.
1004,2101/81,1,2101/81,1,mixed_fraction,This is a bounded computational sample. It does not prove the complete associate-class structure of the infinite monoid.
1005,2105/81,1,2105/81,1,mixed_fraction,This is a bounded computational sample. It does not prove the complete associate-class structure of the infinite monoid.
1006,2107/81,1,2107/81,1,mixed_fraction,This is a bounded computational sample. It does not prove the complete associate-class structure of the infinite monoid.
1007,2110/81,1,2110/81,1,mixed_fraction,This is a bounded computational sample. It does not prove the complete associate-class structure of the infinite monoid.
1008,2111/81,1,2111/81,1,mixed_fraction,This is a bounded computational sample. It does not prove the complete associate-class structure of the infinite monoid.
1009,2113/81,1,2113/81,1,mixed_fraction,This is a bounded computational sample. It does not prove the complete associate-class structure of the infinite monoid.
1010,2120/81,1,2120/81,1,mixed_fraction,This is a bounded computational sample. It does not prove the complete associate-class structure of the infinite monoid.
1011,2122/81,1,2122/81,1,mixed_fraction,This is a bounded computational sample. It does not prove the complete associate-class structure of the infinite monoid.
1012,2123/81,1,2123/81,1,mixed_fraction,This is a bounded computational sample. It does not prove the complete associate-class structure of the infinite monoid.
1013,2128/81,1,2128/81,1,mixed_fraction,This is a bounded computational sample. It does not prove the complete associate-class structure of the infinite monoid.
1014,2131/81,1,2131/81,1,mixed_fraction,This is a bounded computational sample. It does not prove the complete associate-class structure of the infinite monoid.
1015,2132/81,1,2132/81,1,mixed_fraction,This is a bounded computational sample. It does not prove the complete associate-class structure of the infinite monoid.
1016,2135/81,1,2135/81,1,mixed_fraction,This is a bounded computational sample. It does not prove the complete associate-class structure of the infinite monoid.
1017,2137/81,1,2137/81,1,mixed_fraction,This is a bounded computational sample. It does not prove the complete associate-class structure of the infinite monoid.
1018,2138/81,1,2138/81,1,mixed_fraction,This is a bounded computational sample. It does not prove the complete associate-class structure of the infinite monoid.
1019,2141/81,1,2141/81,1,mixed_fraction,This is a bounded computational sample. It does not prove the complete associate-class structure of the infinite monoid.
1020,2147/81,1,2147/81,1,mixed_fraction,This is a bounded computational sample. It does not prove the complete associate-class structure of the infinite monoid.
1021,2155/81,1,2155/81,1,mixed_fraction,This is a bounded computational sample. It does not prove the complete associate-class structure of the infinite monoid.
1022,2156/81,1,2156/81,1,mixed_fraction,This is a bounded computational sample. It does not prove the complete associate-class structure of the infinite monoid.
1023,2161/81,1,2161/81,1,mixed_fraction,This is a bounded computational sample. It does not prove the complete associate-class structure of the infinite monoid.
1024,2162/81,1,2162/81,1,mixed_fraction,This is a bounded computational sample. It does not prove the complete associate-class structure of the infinite monoid.
1025,2167/81,1,2167/81,1,mixed_fraction,This is a bounded computational sample. It does not prove the complete associate-class structure of the infinite monoid.
1026,2168/81,1,2168/81,1,mixed_fraction,This is a bounded computational sample. It does not prove the complete associate-class structure of the infinite monoid.
1027,2176/81,1,2176/81,1,mixed_fraction,This is a bounded computational sample. It does not prove the complete associate-class structure of the infinite monoid.
1028,2182/81,1,2182/81,1,mixed_fraction,This is a bounded computational sample. It does not prove the complete associate-class structure of the infinite monoid.
1029,2185/81,1,2185/81,1,mixed_fraction,This is a bounded computational sample. It does not prove the complete associate-class structure of the infinite monoid.
1030,2186/81,1,2186/81,1,mixed_fraction,This is a bounded computational sample. It does not prove the complete associate-class structure of the infinite monoid.
1031,2188/81,1,2188/81,1,mixed_fraction,This is a bounded computational sample. It does not prove the complete associate-class structure of the infinite monoid.
1032,2191/81,1,2191/81,1,mixed_fraction,This is a bounded computational sample. It does not prove the complete associate-class structure of the infinite monoid.
1033,2192/81,1,2192/81,1,mixed_fraction,This is a bounded computational sample. It does not prove the complete associate-class structure of the infinite monoid.
1034,2195/81,1,2195/81,1,mixed_fraction,This is a bounded computational sample. It does not prove the complete associate-class structure of the infinite monoid.
1035,2200/81,1,2200/81,1,mixed_fraction,This is a bounded computational sample. It does not prove the complete associate-class structure of the infinite monoid.
1036,2201/81,1,2201/81,1,mixed_fraction,This is a bounded computational sample. It does not prove the complete associate-class structure of the infinite monoid.
1037,2203/81,1,2203/81,1,mixed_fraction,This is a bounded computational sample. It does not prove the complete associate-class structure of the infinite monoid.
1038,2210/81,1,2210/81,1,mixed_fraction,This is a bounded computational sample. It does not prove the complete associate-class structure of the infinite monoid.
1039,2212/81,1,2212/81,1,mixed_fraction,This is a bounded computational sample. It does not prove the complete associate-class structure of the infinite monoid.
1040,2213/81,1,2213/81,1,mixed_fraction,This is a bounded computational sample. It does not prove the complete associate-class structure of the infinite monoid.
1041,2216/81,1,2216/81,1,mixed_fraction,This is a bounded computational sample. It does not prove the complete associate-class structure of the infinite monoid.
1042,2218/81,1,2218/81,1,mixed_fraction,This is a bounded computational sample. It does not prove the complete associate-class structure of the infinite monoid.
1043,2222/81,1,2222/81,1,mixed_fraction,This is a bounded computational sample. It does not prove the complete associate-class structure of the infinite monoid.
1044,2225/81,1,2225/81,1,mixed_fraction,This is a bounded computational sample. It does not prove the complete associate-class structure of the infinite monoid.
1045,2228/81,1,2228/81,1,mixed_fraction,This is a bounded computational sample. It does not prove the complete associate-class structure of the infinite monoid.
1046,2230/81,1,2230/81,1,mixed_fraction,This is a bounded computational sample. It does not prove the complete associate-class structure of the infinite monoid.
1047,2236/81,1,2236/81,1,mixed_fraction,This is a bounded computational sample. It does not prove the complete associate-class structure of the infinite monoid.
1048,2237/81,1,2237/81,1,mixed_fraction,This is a bounded computational sample. It does not prove the complete associate-class structure of the infinite monoid.
1049,2242/81,1,2242/81,1,mixed_fraction,This is a bounded computational sample. It does not prove the complete associate-class structure of the infinite monoid.
1050,2243/81,1,2243/81,1,mixed_fraction,This is a bounded computational sample. It does not prove the complete associate-class structure of the infinite monoid.
1051,2245/81,1,2245/81,1,mixed_fraction,This is a bounded computational sample. It does not prove the complete associate-class structure of the infinite monoid.
1052,2248/81,1,2248/81,1,mixed_fraction,This is a bounded computational sample. It does not prove the complete associate-class structure of the infinite monoid.
1053,2255/81,1,2255/81,1,mixed_fraction,This is a bounded computational sample. It does not prove the complete associate-class structure of the infinite monoid.
1054,2257/81,1,2257/81,1,mixed_fraction,This is a bounded computational sample. It does not prove the complete associate-class structure of the infinite monoid.
1055,2263/81,1,2263/81,1,mixed_fraction,This is a bounded computational sample. It does not prove the complete associate-class structure of the infinite monoid.
1056,2266/81,1,2266/81,1,mixed_fraction,This is a bounded computational sample. It does not prove the complete associate-class structure of the infinite monoid.
1057,2267/81,1,2267/81,1,mixed_fraction,This is a bounded computational sample. It does not prove the complete associate-class structure of the infinite monoid.
1058,2270/81,1,2270/81,1,mixed_fraction,This is a bounded computational sample. It does not prove the complete associate-class structure of the infinite monoid.
1059,2272/81,1,2272/81,1,mixed_fraction,This is a bounded computational sample. It does not prove the complete associate-class structure of the infinite monoid.
1060,2273/81,1,2273/81,1,mixed_fraction,This is a bounded computational sample. It does not prove the complete associate-class structure of the infinite monoid.
1061,2276/81,1,2276/81,1,mixed_fraction,This is a bounded computational sample. It does not prove the complete associate-class structure of the infinite monoid.
1062,2281/81,1,2281/81,1,mixed_fraction,This is a bounded computational sample. It does not prove the complete associate-class structure of the infinite monoid.
1063,2282/81,1,2282/81,1,mixed_fraction,This is a bounded computational sample. It does not prove the complete associate-class structure of the infinite monoid.
1064,2291/81,1,2291/81,1,mixed_fraction,This is a bounded computational sample. It does not prove the complete associate-class structure of the infinite monoid.
1065,2293/81,1,2293/81,1,mixed_fraction,This is a bounded computational sample. It does not prove the complete associate-class structure of the infinite monoid.
1066,2297/81,1,2297/81,1,mixed_fraction,This is a bounded computational sample. It does not prove the complete associate-class structure of the infinite monoid.
1067,2300/81,1,2300/81,1,mixed_fraction,This is a bounded computational sample. It does not prove the complete associate-class structure of the infinite monoid.
1068,2303/81,1,2303/81,1,mixed_fraction,This is a bounded computational sample. It does not prove the complete associate-class structure of the infinite monoid.
1069,2306/81,1,2306/81,1,mixed_fraction,This is a bounded computational sample. It does not prove the complete associate-class structure of the infinite monoid.
1070,2311/81,1,2311/81,1,mixed_fraction,This is a bounded computational sample. It does not prove the complete associate-class structure of the infinite monoid.
1071,2317/81,1,2317/81,1,mixed_fraction,This is a bounded computational sample. It does not prove the complete associate-class structure of the infinite monoid.
1072,2318/81,1,2318/81,1,mixed_fraction,This is a bounded computational sample. It does not prove the complete associate-class structure of the infinite monoid.
1073,2320/81,1,2320/81,1,mixed_fraction,This is a bounded computational sample. It does not prove the complete associate-class structure of the infinite monoid.
1074,2323/81,1,2323/81,1,mixed_fraction,This is a bounded computational sample. It does not prove the complete associate-class structure of the infinite monoid.
1075,2326/81,1,2326/81,1,mixed_fraction,This is a bounded computational sample. It does not prove the complete associate-class structure of the infinite monoid.
1076,2330/81,1,2330/81,1,mixed_fraction,This is a bounded computational sample. It does not prove the complete associate-class structure of the infinite monoid.
1077,2335/81,1,2335/81,1,mixed_fraction,This is a bounded computational sample. It does not prove the complete associate-class structure of the infinite monoid.
1078,2336/81,1,2336/81,1,mixed_fraction,This is a bounded computational sample. It does not prove the complete associate-class structure of the infinite monoid.
1079,2338/81,1,2338/81,1,mixed_fraction,This is a bounded computational sample. It does not prove the complete associate-class structure of the infinite monoid.
1080,2345/81,1,2345/81,1,mixed_fraction,This is a bounded computational sample. It does not prove the complete associate-class structure of the infinite monoid.
1081,2347/81,1,2347/81,1,mixed_fraction,This is a bounded computational sample. It does not prove the complete associate-class structure of the infinite monoid.
1082,2348/81,1,2348/81,1,mixed_fraction,This is a bounded computational sample. It does not prove the complete associate-class structure of the infinite monoid.
1083,2351/81,1,2351/81,1,mixed_fraction,This is a bounded computational sample. It does not prove the complete associate-class structure of the infinite monoid.
1084,2353/81,1,2353/81,1,mixed_fraction,This is a bounded computational sample. It does not prove the complete associate-class structure of the infinite monoid.
1085,2357/81,1,2357/81,1,mixed_fraction,This is a bounded computational sample. It does not prove the complete associate-class structure of the infinite monoid.
1086,2360/81,1,2360/81,1,mixed_fraction,This is a bounded computational sample. It does not prove the complete associate-class structure of the infinite monoid.
1087,2362/81,1,2362/81,1,mixed_fraction,This is a bounded computational sample. It does not prove the complete associate-class structure of the infinite monoid.
1088,2363/81,1,2363/81,1,mixed_fraction,This is a bounded computational sample. It does not prove the complete associate-class structure of the infinite monoid.
1089,2372/81,1,2372/81,1,mixed_fraction,This is a bounded computational sample. It does not prove the complete associate-class structure of the infinite monoid.
1090,2375/81,1,2375/81,1,mixed_fraction,This is a bounded computational sample. It does not prove the complete associate-class structure of the infinite monoid.
1091,2378/81,1,2378/81,1,mixed_fraction,This is a bounded computational sample. It does not prove the complete associate-class structure of the infinite monoid.
1092,2380/81,1,2380/81,1,mixed_fraction,This is a bounded computational sample. It does not prove the complete associate-class structure of the infinite monoid.
1093,2381/81,1,2381/81,1,mixed_fraction,This is a bounded computational sample. It does not prove the complete associate-class structure of the infinite monoid.
1094,2387/81,1,2387/81,1,mixed_fraction,This is a bounded computational sample. It does not prove the complete associate-class structure of the infinite monoid.
1095,2392/81,1,2392/81,1,mixed_fraction,This is a bounded computational sample. It does not prove the complete associate-class structure of the infinite monoid.
1096,2398/81,1,2398/81,1,mixed_fraction,This is a bounded computational sample. It does not prove the complete associate-class structure of the infinite monoid.
1097,2401/81,1,2401/81,1,mixed_fraction,This is a bounded computational sample. It does not prove the complete associate-class structure of the infinite monoid.
1098,2405/81,1,2405/81,1,mixed_fraction,This is a bounded computational sample. It does not prove the complete associate-class structure of the infinite monoid.
1099,2407/81,1,2407/81,1,mixed_fraction,This is a bounded computational sample. It does not prove the complete associate-class structure of the infinite monoid.
1100,2411/81,1,2411/81,1,mixed_fraction,This is a bounded computational sample. It does not prove the complete associate-class structure of the infinite monoid.
1101,2416/81,1,2416/81,1,mixed_fraction,This is a bounded computational sample. It does not prove the complete associate-class structure of the infinite monoid.
1102,2417/81,1,2417/81,1,mixed_fraction,This is a bounded computational sample. It does not prove the complete associate-class structure of the infinite monoid.
1103,2425/81,1,2425/81,1,mixed_fraction,This is a bounded computational sample. It does not prove the complete associate-class structure of the infinite monoid.
1104,2426/81,1,2426/81,1,mixed_fraction,This is a bounded computational sample. It does not prove the complete associate-class structure of the infinite monoid.
1105,2428/81,1,2428/81,1,mixed_fraction,This is a bounded computational sample. It does not prove the complete associate-class structure of the infinite monoid.
1106,2432/81,1,2432/81,1,mixed_fraction,This is a bounded computational sample. It does not prove the complete associate-class structure of the infinite monoid.
1107,2435/81,1,2435/81,1,mixed_fraction,This is a bounded computational sample. It does not prove the complete associate-class structure of the infinite monoid.
1108,2438/81,1,2438/81,1,mixed_fraction,This is a bounded computational sample. It does not prove the complete associate-class structure of the infinite monoid.
1109,2441/81,1,2441/81,1,mixed_fraction,This is a bounded computational sample. It does not prove the complete associate-class structure of the infinite monoid.
1110,2443/81,1,2443/81,1,mixed_fraction,This is a bounded computational sample. It does not prove the complete associate-class structure of the infinite monoid.
1111,2450/81,1,2450/81,1,mixed_fraction,This is a bounded computational sample. It does not prove the complete associate-class structure of the infinite monoid.
1112,2453/81,1,2453/81,1,mixed_fraction,This is a bounded computational sample. It does not prove the complete associate-class structure of the infinite monoid.
1113,2455/81,1,2455/81,1,mixed_fraction,This is a bounded computational sample. It does not prove the complete associate-class structure of the infinite monoid.
1114,2456/81,1,2456/81,1,mixed_fraction,This is a bounded computational sample. It does not prove the complete associate-class structure of the infinite monoid.
1115,2461/81,1,2461/81,1,mixed_fraction,This is a bounded computational sample. It does not prove the complete associate-class structure of the infinite monoid.
1116,2462/81,1,2462/81,1,mixed_fraction,This is a bounded computational sample. It does not prove the complete associate-class structure of the infinite monoid.
1117,2468/81,1,2468/81,1,mixed_fraction,This is a bounded computational sample. It does not prove the complete associate-class structure of the infinite monoid.
1118,2470/81,1,2470/81,1,mixed_fraction,This is a bounded computational sample. It does not prove the complete associate-class structure of the infinite monoid.
1119,2473/81,1,2473/81,1,mixed_fraction,This is a bounded computational sample. It does not prove the complete associate-class structure of the infinite monoid.
1120,2480/81,1,2480/81,1,mixed_fraction,This is a bounded computational sample. It does not prove the complete associate-class structure of the infinite monoid.
1121,2482/81,1,2482/81,1,mixed_fraction,This is a bounded computational sample. It does not prove the complete associate-class structure of the infinite monoid.
1122,2486/81,1,2486/81,1,mixed_fraction,This is a bounded computational sample. It does not prove the complete associate-class structure of the infinite monoid.
1123,2488/81,1,2488/81,1,mixed_fraction,This is a bounded computational sample. It does not prove the complete associate-class structure of the infinite monoid.
1124,2492/81,1,2492/81,1,mixed_fraction,This is a bounded computational sample. It does not prove the complete associate-class structure of the infinite monoid.
1125,2495/81,1,2495/81,1,mixed_fraction,This is a bounded computational sample. It does not prove the complete associate-class structure of the infinite monoid.
1126,2497/81,1,2497/81,1,mixed_fraction,This is a bounded computational sample. It does not prove the complete associate-class structure of the infinite monoid.
1127,2498/81,1,2498/81,1,mixed_fraction,This is a bounded computational sample. It does not prove the complete associate-class structure of the infinite monoid.
1128,2506/81,1,2506/81,1,mixed_fraction,This is a bounded computational sample. It does not prove the complete associate-class structure of the infinite monoid.
1129,2507/81,1,2507/81,1,mixed_fraction,This is a bounded computational sample. It does not prove the complete associate-class structure of the infinite monoid.
1130,2510/81,1,2510/81,1,mixed_fraction,This is a bounded computational sample. It does not prove the complete associate-class structure of the infinite monoid.
1131,2513/81,1,2513/81,1,mixed_fraction,This is a bounded computational sample. It does not prove the complete associate-class structure of the infinite monoid.
1132,2516/81,1,2516/81,1,mixed_fraction,This is a bounded computational sample. It does not prove the complete associate-class structure of the infinite monoid.
1133,2522/81,1,2522/81,1,mixed_fraction,This is a bounded computational sample. It does not prove the complete associate-class structure of the infinite monoid.
1134,2531/81,1,2531/81,1,mixed_fraction,This is a bounded computational sample. It does not prove the complete associate-class structure of the infinite monoid.
1135,2536/81,1,2536/81,1,mixed_fraction,This is a bounded computational sample. It does not prove the complete associate-class structure of the infinite monoid.
1136,2537/81,1,2537/81,1,mixed_fraction,This is a bounded computational sample. It does not prove the complete associate-class structure of the infinite monoid.
1137,2542/81,1,2542/81,1,mixed_fraction,This is a bounded computational sample. It does not prove the complete associate-class structure of the infinite monoid.
1138,2543/81,1,2543/81,1,mixed_fraction,This is a bounded computational sample. It does not prove the complete associate-class structure of the infinite monoid.
1139,2551/81,1,2551/81,1,mixed_fraction,This is a bounded computational sample. It does not prove the complete associate-class structure of the infinite monoid.
1140,2560/81,1,2560/81,1,mixed_fraction,This is a bounded computational sample. It does not prove the complete associate-class structure of the infinite monoid.
1141,2561/81,1,2561/81,1,mixed_fraction,This is a bounded computational sample. It does not prove the complete associate-class structure of the infinite monoid.
1142,2563/81,1,2563/81,1,mixed_fraction,This is a bounded computational sample. It does not prove the complete associate-class structure of the infinite monoid.
1143,2567/81,1,2567/81,1,mixed_fraction,This is a bounded computational sample. It does not prove the complete associate-class structure of the infinite monoid.
1144,2570/81,1,2570/81,1,mixed_fraction,This is a bounded computational sample. It does not prove the complete associate-class structure of the infinite monoid.
1145,2573/81,1,2573/81,1,mixed_fraction,This is a bounded computational sample. It does not prove the complete associate-class structure of the infinite monoid.
1146,2576/81,1,2576/81,1,mixed_fraction,This is a bounded computational sample. It does not prove the complete associate-class structure of the infinite monoid.
1147,2578/81,1,2578/81,1,mixed_fraction,This is a bounded computational sample. It does not prove the complete associate-class structure of the infinite monoid.
1148,2585/81,1,2585/81,1,mixed_fraction,This is a bounded computational sample. It does not prove the complete associate-class structure of the infinite monoid.
1149,2587/81,1,2587/81,1,mixed_fraction,This is a bounded computational sample. It does not prove the complete associate-class structure of the infinite monoid.
1150,2588/81,1,2588/81,1,mixed_fraction,This is a bounded computational sample. It does not prove the complete associate-class structure of the infinite monoid.
1151,2591/81,1,2591/81,1,mixed_fraction,This is a bounded computational sample. It does not prove the complete associate-class structure of the infinite monoid.
1152,2597/81,1,2597/81,1,mixed_fraction,This is a bounded computational sample. It does not prove the complete associate-class structure of the infinite monoid.
1153,2600/81,1,2600/81,1,mixed_fraction,This is a bounded computational sample. It does not prove the complete associate-class structure of the infinite monoid.
1154,2603/81,1,2603/81,1,mixed_fraction,This is a bounded computational sample. It does not prove the complete associate-class structure of the infinite monoid.
1155,2605/81,1,2605/81,1,mixed_fraction,This is a bounded computational sample. It does not prove the complete associate-class structure of the infinite monoid.
1156,2612/81,1,2612/81,1,mixed_fraction,This is a bounded computational sample. It does not prove the complete associate-class structure of the infinite monoid.
1157,2617/81,1,2617/81,1,mixed_fraction,This is a bounded computational sample. It does not prove the complete associate-class structure of the infinite monoid.
1158,2618/81,1,2618/81,1,mixed_fraction,This is a bounded computational sample. It does not prove the complete associate-class structure of the infinite monoid.
1159,2623/81,1,2623/81,1,mixed_fraction,This is a bounded computational sample. It does not prove the complete associate-class structure of the infinite monoid.
1160,2630/81,1,2630/81,1,mixed_fraction,This is a bounded computational sample. It does not prove the complete associate-class structure of the infinite monoid.
1161,2632/81,1,2632/81,1,mixed_fraction,This is a bounded computational sample. It does not prove the complete associate-class structure of the infinite monoid.
1162,2641/81,1,2641/81,1,mixed_fraction,This is a bounded computational sample. It does not prove the complete associate-class structure of the infinite monoid.
1163,2642/81,1,2642/81,1,mixed_fraction,This is a bounded computational sample. It does not prove the complete associate-class structure of the infinite monoid.
1164,2645/81,1,2645/81,1,mixed_fraction,This is a bounded computational sample. It does not prove the complete associate-class structure of the infinite monoid.
1165,2648/81,1,2648/81,1,mixed_fraction,This is a bounded computational sample. It does not prove the complete associate-class structure of the infinite monoid.
1166,2651/81,1,2651/81,1,mixed_fraction,This is a bounded computational sample. It does not prove the complete associate-class structure of the infinite monoid.
1167,2657/81,1,2657/81,1,mixed_fraction,This is a bounded computational sample. It does not prove the complete associate-class structure of the infinite monoid.
1168,2666/81,1,2666/81,1,mixed_fraction,This is a bounded computational sample. It does not prove the complete associate-class structure of the infinite monoid.
1169,2668/81,1,2668/81,1,mixed_fraction,This is a bounded computational sample. It does not prove the complete associate-class structure of the infinite monoid.
1170,2672/81,1,2672/81,1,mixed_fraction,This is a bounded computational sample. It does not prove the complete associate-class structure of the infinite monoid.
1171,2675/81,1,2675/81,1,mixed_fraction,This is a bounded computational sample. It does not prove the complete associate-class structure of the infinite monoid.
1172,2678/81,1,2678/81,1,mixed_fraction,This is a bounded computational sample. It does not prove the complete associate-class structure of the infinite monoid.
1173,2681/81,1,2681/81,1,mixed_fraction,This is a bounded computational sample. It does not prove the complete associate-class structure of the infinite monoid.
1174,2686/81,1,2686/81,1,mixed_fraction,This is a bounded computational sample. It does not prove the complete associate-class structure of the infinite monoid.
1175,2693/81,1,2693/81,1,mixed_fraction,This is a bounded computational sample. It does not prove the complete associate-class structure of the infinite monoid.
1176,2695/81,1,2695/81,1,mixed_fraction,This is a bounded computational sample. It does not prove the complete associate-class structure of the infinite monoid.
1177,2698/81,1,2698/81,1,mixed_fraction,This is a bounded computational sample. It does not prove the complete associate-class structure of the infinite monoid.
1178,2705/81,1,2705/81,1,mixed_fraction,This is a bounded computational sample. It does not prove the complete associate-class structure of the infinite monoid.
1179,2711/81,1,2711/81,1,mixed_fraction,This is a bounded computational sample. It does not prove the complete associate-class structure of the infinite monoid.
1180,2713/81,1,2713/81,1,mixed_fraction,This is a bounded computational sample. It does not prove the complete associate-class structure of the infinite monoid.
1181,2720/81,1,2720/81,1,mixed_fraction,This is a bounded computational sample. It does not prove the complete associate-class structure of the infinite monoid.
1182,2722/81,1,2722/81,1,mixed_fraction,This is a bounded computational sample. It does not prove the complete associate-class structure of the infinite monoid.
1183,2723/81,1,2723/81,1,mixed_fraction,This is a bounded computational sample. It does not prove the complete associate-class structure of the infinite monoid.
1184,2726/81,1,2726/81,1,mixed_fraction,This is a bounded computational sample. It does not prove the complete associate-class structure of the infinite monoid.
1185,2732/81,1,2732/81,1,mixed_fraction,This is a bounded computational sample. It does not prove the complete associate-class structure of the infinite monoid.
1186,2735/81,1,2735/81,1,mixed_fraction,This is a bounded computational sample. It does not prove the complete associate-class structure of the infinite monoid.
1187,2738/81,1,2738/81,1,mixed_fraction,This is a bounded computational sample. It does not prove the complete associate-class structure of the infinite monoid.
1188,2747/81,1,2747/81,1,mixed_fraction,This is a bounded computational sample. It does not prove the complete associate-class structure of the infinite monoid.
1189,2753/81,1,2753/81,1,mixed_fraction,This is a bounded computational sample. It does not prove the complete associate-class structure of the infinite monoid.
1190,2756/81,1,2756/81,1,mixed_fraction,This is a bounded computational sample. It does not prove the complete associate-class structure of the infinite monoid.
1191,2762/81,1,2762/81,1,mixed_fraction,This is a bounded computational sample. It does not prove the complete associate-class structure of the infinite monoid.
1192,2767/81,1,2767/81,1,mixed_fraction,This is a bounded computational sample. It does not prove the complete associate-class structure of the infinite monoid.
1193,2776/81,1,2776/81,1,mixed_fraction,This is a bounded computational sample. It does not prove the complete associate-class structure of the infinite monoid.
1194,2780/81,1,2780/81,1,mixed_fraction,This is a bounded computational sample. It does not prove the complete associate-class structure of the infinite monoid.
1195,2786/81,1,2786/81,1,mixed_fraction,This is a bounded computational sample. It does not prove the complete associate-class structure of the infinite monoid.
1196,2792/81,1,2792/81,1,mixed_fraction,This is a bounded computational sample. It does not prove the complete associate-class structure of the infinite monoid.
1197,2801/81,1,2801/81,1,mixed_fraction,This is a bounded computational sample. It does not prove the complete associate-class structure of the infinite monoid.
1198,2803/81,1,2803/81,1,mixed_fraction,This is a bounded computational sample. It does not prove the complete associate-class structure of the infinite monoid.
1199,2807/81,1,2807/81,1,mixed_fraction,This is a bounded computational sample. It does not prove the complete associate-class structure of the infinite monoid.
1200,2810/81,1,2810/81,1,mixed_fraction,This is a bounded computational sample. It does not prove the complete associate-class structure of the infinite monoid.
1201,2813/81,1,2813/81,1,mixed_fraction,This is a bounded computational sample. It does not prove the complete associate-class structure of the infinite monoid.
1202,2816/81,1,2816/81,1,mixed_fraction,This is a bounded computational sample. It does not prove the complete associate-class structure of the infinite monoid.
1203,2825/81,1,2825/81,1,mixed_fraction,This is a bounded computational sample. It does not prove the complete associate-class structure of the infinite monoid.
1204,2828/81,1,2828/81,1,mixed_fraction,This is a bounded computational sample. It does not prove the complete associate-class structure of the infinite monoid.
1205,2830/81,1,2830/81,1,mixed_fraction,This is a bounded computational sample. It does not prove the complete associate-class structure of the infinite monoid.
1206,2837/81,1,2837/81,1,mixed_fraction,This is a bounded computational sample. It does not prove the complete associate-class structure of the infinite monoid.
1207,2843/81,1,2843/81,1,mixed_fraction,This is a bounded computational sample. It does not prove the complete associate-class structure of the infinite monoid.
1208,2848/81,1,2848/81,1,mixed_fraction,This is a bounded computational sample. It does not prove the complete associate-class structure of the infinite monoid.
1209,2855/81,1,2855/81,1,mixed_fraction,This is a bounded computational sample. It does not prove the complete associate-class structure of the infinite monoid.
1210,2857/81,1,2857/81,1,mixed_fraction,This is a bounded computational sample. It does not prove the complete associate-class structure of the infinite monoid.
1211,2861/81,1,2861/81,1,mixed_fraction,This is a bounded computational sample. It does not prove the complete associate-class structure of the infinite monoid.
1212,2867/81,1,2867/81,1,mixed_fraction,This is a bounded computational sample. It does not prove the complete associate-class structure of the infinite monoid.
1213,2870/81,1,2870/81,1,mixed_fraction,This is a bounded computational sample. It does not prove the complete associate-class structure of the infinite monoid.
1214,2873/81,1,2873/81,1,mixed_fraction,This is a bounded computational sample. It does not prove the complete associate-class structure of the infinite monoid.
1215,2882/81,1,2882/81,1,mixed_fraction,This is a bounded computational sample. It does not prove the complete associate-class structure of the infinite monoid.
1216,2888/81,1,2888/81,1,mixed_fraction,This is a bounded computational sample. It does not prove the complete associate-class structure of the infinite monoid.
1217,2891/81,1,2891/81,1,mixed_fraction,This is a bounded computational sample. It does not prove the complete associate-class structure of the infinite monoid.
1218,2897/81,1,2897/81,1,mixed_fraction,This is a bounded computational sample. It does not prove the complete associate-class structure of the infinite monoid.
1219,2906/81,1,2906/81,1,mixed_fraction,This is a bounded computational sample. It does not prove the complete associate-class structure of the infinite monoid.
1220,2911/81,1,2911/81,1,mixed_fraction,This is a bounded computational sample. It does not prove the complete associate-class structure of the infinite monoid.
1221,2918/81,1,2918/81,1,mixed_fraction,This is a bounded computational sample. It does not prove the complete associate-class structure of the infinite monoid.
1222,2936/81,1,2936/81,1,mixed_fraction,This is a bounded computational sample. It does not prove the complete associate-class structure of the infinite monoid.
1223,2938/81,1,2938/81,1,mixed_fraction,This is a bounded computational sample. It does not prove the complete associate-class structure of the infinite monoid.
1224,2942/81,1,2942/81,1,mixed_fraction,This is a bounded computational sample. It does not prove the complete associate-class structure of the infinite monoid.
1225,2945/81,1,2945/81,1,mixed_fraction,This is a bounded computational sample. It does not prove the complete associate-class structure of the infinite monoid.
1226,2948/81,1,2948/81,1,mixed_fraction,This is a bounded computational sample. It does not prove the complete associate-class structure of the infinite monoid.
1227,2951/81,1,2951/81,1,mixed_fraction,This is a bounded computational sample. It does not prove the complete associate-class structure of the infinite monoid.
1228,2960/81,1,2960/81,1,mixed_fraction,This is a bounded computational sample. It does not prove the complete associate-class structure of the infinite monoid.
1229,2963/81,1,2963/81,1,mixed_fraction,This is a bounded computational sample. It does not prove the complete associate-class structure of the infinite monoid.
1230,2972/81,1,2972/81,1,mixed_fraction,This is a bounded computational sample. It does not prove the complete associate-class structure of the infinite monoid.
1231,2978/81,1,2978/81,1,mixed_fraction,This is a bounded computational sample. It does not prove the complete associate-class structure of the infinite monoid.
1232,2987/81,1,2987/81,1,mixed_fraction,This is a bounded computational sample. It does not prove the complete associate-class structure of the infinite monoid.
1233,2992/81,1,2992/81,1,mixed_fraction,This is a bounded computational sample. It does not prove the complete associate-class structure of the infinite monoid.
1234,3005/81,1,3005/81,1,mixed_fraction,This is a bounded computational sample. It does not prove the complete associate-class structure of the infinite monoid.
1235,3017/81,1,3017/81,1,mixed_fraction,This is a bounded computational sample. It does not prove the complete associate-class structure of the infinite monoid.
1236,3023/81,1,3023/81,1,mixed_fraction,This is a bounded computational sample. It does not prove the complete associate-class structure of the infinite monoid.
1237,3026/81,1,3026/81,1,mixed_fraction,This is a bounded computational sample. It does not prove the complete associate-class structure of the infinite monoid.
1238,3032/81,1,3032/81,1,mixed_fraction,This is a bounded computational sample. It does not prove the complete associate-class structure of the infinite monoid.
1239,3041/81,1,3041/81,1,mixed_fraction,This is a bounded computational sample. It does not prove the complete associate-class structure of the infinite monoid.
1240,3050/81,1,3050/81,1,mixed_fraction,This is a bounded computational sample. It does not prove the complete associate-class structure of the infinite monoid.
1241,3053/81,1,3053/81,1,mixed_fraction,This is a bounded computational sample. It does not prove the complete associate-class structure of the infinite monoid.
1242,3068/81,1,3068/81,1,mixed_fraction,This is a bounded computational sample. It does not prove the complete associate-class structure of the infinite monoid.
1243,3073/81,1,3073/81,1,mixed_fraction,This is a bounded computational sample. It does not prove the complete associate-class structure of the infinite monoid.
1244,3080/81,1,3080/81,1,mixed_fraction,This is a bounded computational sample. It does not prove the complete associate-class structure of the infinite monoid.
1245,3086/81,1,3086/81,1,mixed_fraction,This is a bounded computational sample. It does not prove the complete associate-class structure of the infinite monoid.
1246,3095/81,1,3095/81,1,mixed_fraction,This is a bounded computational sample. It does not prove the complete associate-class structure of the infinite monoid.
1247,3098/81,1,3098/81,1,mixed_fraction,This is a bounded computational sample. It does not prove the complete associate-class structure of the infinite monoid.
1248,3107/81,1,3107/81,1,mixed_fraction,This is a bounded computational sample. It does not prove the complete associate-class structure of the infinite monoid.
1249,3113/81,1,3113/81,1,mixed_fraction,This is a bounded computational sample. It does not prove the complete associate-class structure of the infinite monoid.
1250,3122/81,1,3122/81,1,mixed_fraction,This is a bounded computational sample. It does not prove the complete associate-class structure of the infinite monoid.
1251,3125/81,1,3125/81,1,mixed_fraction,This is a bounded computational sample. It does not prove the complete associate-class structure of the infinite monoid.
1252,3125/243,1,3125/243,1,mixed_fraction,This is a bounded computational sample. It does not prove the complete associate-class structure of the infinite monoid.
1253,3131/81,1,3131/81,1,mixed_fraction,This is a bounded computational sample. It does not prove the complete associate-class structure of the infinite monoid.
1254,3161/81,1,3161/81,1,mixed_fraction,This is a bounded computational sample. It does not prove the complete associate-class structure of the infinite monoid.
1255,3167/81,1,3167/81,1,mixed_fraction,This is a bounded computational sample. It does not prove the complete associate-class structure of the infinite monoid.
1256,3176/81,1,3176/81,1,mixed_fraction,This is a bounded computational sample. It does not prove the complete associate-class structure of the infinite monoid.
1257,3185/81,1,3185/81,1,mixed_fraction,This is a bounded computational sample. It does not prove the complete associate-class structure of the infinite monoid.
1258,3188/81,1,3188/81,1,mixed_fraction,This is a bounded computational sample. It does not prove the complete associate-class structure of the infinite monoid.
1259,3203/81,1,3203/81,1,mixed_fraction,This is a bounded computational sample. It does not prove the complete associate-class structure of the infinite monoid.
1260,3206/81,1,3206/81,1,mixed_fraction,This is a bounded computational sample. It does not prove the complete associate-class structure of the infinite monoid.
1261,3212/81,1,3212/81,1,mixed_fraction,This is a bounded computational sample. It does not prove the complete associate-class structure of the infinite monoid.
1262,3230/81,1,3230/81,1,mixed_fraction,This is a bounded computational sample. It does not prove the complete associate-class structure of the infinite monoid.
1263,3242/81,1,3242/81,1,mixed_fraction,This is a bounded computational sample. It does not prove the complete associate-class structure of the infinite monoid.
1264,3248/81,1,3248/81,1,mixed_fraction,This is a bounded computational sample. It does not prove the complete associate-class structure of the infinite monoid.
1265,3257/81,1,3257/81,1,mixed_fraction,This is a bounded computational sample. It does not prove the complete associate-class structure of the infinite monoid.
1266,3260/81,1,3260/81,1,mixed_fraction,This is a bounded computational sample. It does not prove the complete associate-class structure of the infinite monoid.
1267,3266/81,1,3266/81,1,mixed_fraction,This is a bounded computational sample. It does not prove the complete associate-class structure of the infinite monoid.
1268,3287/81,1,3287/81,1,mixed_fraction,This is a bounded computational sample. It does not prove the complete associate-class structure of the infinite monoid.
1269,3293/81,1,3293/81,1,mixed_fraction,This is a bounded computational sample. It does not prove the complete associate-class structure of the infinite monoid.
1270,3311/81,1,3311/81,1,mixed_fraction,This is a bounded computational sample. It does not prove the complete associate-class structure of the infinite monoid.
1271,3320/81,1,3320/81,1,mixed_fraction,This is a bounded computational sample. It does not prove the complete associate-class structure of the infinite monoid.
1272,3323/81,1,3323/81,1,mixed_fraction,This is a bounded computational sample. It does not prove the complete associate-class structure of the infinite monoid.
1273,3338/81,1,3338/81,1,mixed_fraction,This is a bounded computational sample. It does not prove the complete associate-class structure of the infinite monoid.
1274,3341/81,1,3341/81,1,mixed_fraction,This is a bounded computational sample. It does not prove the complete associate-class structure of the infinite monoid.
1275,3347/81,1,3347/81,1,mixed_fraction,This is a bounded computational sample. It does not prove the complete associate-class structure of the infinite monoid.
1276,3350/81,1,3350/81,1,mixed_fraction,This is a bounded computational sample. It does not prove the complete associate-class structure of the infinite monoid.
1277,3368/81,1,3368/81,1,mixed_fraction,This is a bounded computational sample. It does not prove the complete associate-class structure of the infinite monoid.
1278,3368/243,1,3368/243,1,mixed_fraction,This is a bounded computational sample. It does not prove the complete associate-class structure of the infinite monoid.
1279,3392/81,1,3392/81,1,mixed_fraction,This is a bounded computational sample. It does not prove the complete associate-class structure of the infinite monoid.
1280,3395/81,1,3395/81,1,mixed_fraction,This is a bounded computational sample. It does not prove the complete associate-class structure of the infinite monoid.
1281,3401/81,1,3401/81,1,mixed_fraction,This is a bounded computational sample. It does not prove the complete associate-class structure of the infinite monoid.
1282,3422/81,1,3422/81,1,mixed_fraction,This is a bounded computational sample. It does not prove the complete associate-class structure of the infinite monoid.
1283,3428/81,1,3428/81,1,mixed_fraction,This is a bounded computational sample. It does not prove the complete associate-class structure of the infinite monoid.
1284,3431/81,1,3431/81,1,mixed_fraction,This is a bounded computational sample. It does not prove the complete associate-class structure of the infinite monoid.
1285,3455/81,1,3455/81,1,mixed_fraction,This is a bounded computational sample. It does not prove the complete associate-class structure of the infinite monoid.
1286,3473/81,1,3473/81,1,mixed_fraction,This is a bounded computational sample. It does not prove the complete associate-class structure of the infinite monoid.
1287,3476/81,1,3476/81,1,mixed_fraction,This is a bounded computational sample. It does not prove the complete associate-class structure of the infinite monoid.
1288,3482/81,1,3482/81,1,mixed_fraction,This is a bounded computational sample. It does not prove the complete associate-class structure of the infinite monoid.
1289,3485/81,1,3485/81,1,mixed_fraction,This is a bounded computational sample. It does not prove the complete associate-class structure of the infinite monoid.
1290,3500/81,1,3500/81,1,mixed_fraction,This is a bounded computational sample. It does not prove the complete associate-class structure of the infinite monoid.
1291,3503/81,1,3503/81,1,mixed_fraction,This is a bounded computational sample. It does not prove the complete associate-class structure of the infinite monoid.
1292,3512/81,1,3512/81,1,mixed_fraction,This is a bounded computational sample. It does not prove the complete associate-class structure of the infinite monoid.
1293,3530/81,1,3530/81,1,mixed_fraction,This is a bounded computational sample. It does not prove the complete associate-class structure of the infinite monoid.
1294,3530/243,1,3530/243,1,mixed_fraction,This is a bounded computational sample. It does not prove the complete associate-class structure of the infinite monoid.
1295,3536/81,1,3536/81,1,mixed_fraction,This is a bounded computational sample. It does not prove the complete associate-class structure of the infinite monoid.
1296,3557/81,1,3557/81,1,mixed_fraction,This is a bounded computational sample. It does not prove the complete associate-class structure of the infinite monoid.
1297,3563/81,1,3563/81,1,mixed_fraction,This is a bounded computational sample. It does not prove the complete associate-class structure of the infinite monoid.
1298,3566/81,1,3566/81,1,mixed_fraction,This is a bounded computational sample. It does not prove the complete associate-class structure of the infinite monoid.
1299,3575/81,1,3575/81,1,mixed_fraction,This is a bounded computational sample. It does not prove the complete associate-class structure of the infinite monoid.
1300,3581/81,1,3581/81,1,mixed_fraction,This is a bounded computational sample. It does not prove the complete associate-class structure of the infinite monoid.
1301,3593/81,1,3593/81,1,mixed_fraction,This is a bounded computational sample. It does not prove the complete associate-class structure of the infinite monoid.
1302,3611/81,1,3611/81,1,mixed_fraction,This is a bounded computational sample. It does not prove the complete associate-class structure of the infinite monoid.
1303,3611/243,1,3611/243,1,mixed_fraction,This is a bounded computational sample. It does not prove the complete associate-class structure of the infinite monoid.
1304,3617/81,1,3617/81,1,mixed_fraction,This is a bounded computational sample. It does not prove the complete associate-class structure of the infinite monoid.
1305,3620/81,1,3620/81,1,mixed_fraction,This is a bounded computational sample. It does not prove the complete associate-class structure of the infinite monoid.
1306,3635/81,1,3635/81,1,mixed_fraction,This is a bounded computational sample. It does not prove the complete associate-class structure of the infinite monoid.
1307,3638/81,1,3638/81,1,mixed_fraction,This is a bounded computational sample. It does not prove the complete associate-class structure of the infinite monoid.
1308,3647/81,1,3647/81,1,mixed_fraction,This is a bounded computational sample. It does not prove the complete associate-class structure of the infinite monoid.
1309,3656/81,1,3656/81,1,mixed_fraction,This is a bounded computational sample. It does not prove the complete associate-class structure of the infinite monoid.
1310,3662/81,1,3662/81,1,mixed_fraction,This is a bounded computational sample. It does not prove the complete associate-class structure of the infinite monoid.
1311,3692/81,1,3692/81,1,mixed_fraction,This is a bounded computational sample. It does not prove the complete associate-class structure of the infinite monoid.
1312,3698/81,1,3698/81,1,mixed_fraction,This is a bounded computational sample. It does not prove the complete associate-class structure of the infinite monoid.
1313,3701/81,1,3701/81,1,mixed_fraction,This is a bounded computational sample. It does not prove the complete associate-class structure of the infinite monoid.
1314,3710/81,1,3710/81,1,mixed_fraction,This is a bounded computational sample. It does not prove the complete associate-class structure of the infinite monoid.
1315,3716/81,1,3716/81,1,mixed_fraction,This is a bounded computational sample. It does not prove the complete associate-class structure of the infinite monoid.
1316,3725/81,1,3725/81,1,mixed_fraction,This is a bounded computational sample. It does not prove the complete associate-class structure of the infinite monoid.
1317,3728/81,1,3728/81,1,mixed_fraction,This is a bounded computational sample. It does not prove the complete associate-class structure of the infinite monoid.
1318,3737/81,1,3737/81,1,mixed_fraction,This is a bounded computational sample. It does not prove the complete associate-class structure of the infinite monoid.
1319,3743/81,1,3743/81,1,mixed_fraction,This is a bounded computational sample. It does not prove the complete associate-class structure of the infinite monoid.
1320,3755/81,1,3755/81,1,mixed_fraction,This is a bounded computational sample. It does not prove the complete associate-class structure of the infinite monoid.
1321,3770/81,1,3770/81,1,mixed_fraction,This is a bounded computational sample. It does not prove the complete associate-class structure of the infinite monoid.
1322,3773/81,1,3773/81,1,mixed_fraction,This is a bounded computational sample. It does not prove the complete associate-class structure of the infinite monoid.
1323,3773/243,1,3773/243,1,mixed_fraction,This is a bounded computational sample. It does not prove the complete associate-class structure of the infinite monoid.
1324,3782/81,1,3782/81,1,mixed_fraction,This is a bounded computational sample. It does not prove the complete associate-class structure of the infinite monoid.
1325,3791/81,1,3791/81,1,mixed_fraction,This is a bounded computational sample. It does not prove the complete associate-class structure of the infinite monoid.
1326,3797/81,1,3797/81,1,mixed_fraction,This is a bounded computational sample. It does not prove the complete associate-class structure of the infinite monoid.
1327,3800/81,1,3800/81,1,mixed_fraction,This is a bounded computational sample. It does not prove the complete associate-class structure of the infinite monoid.
1328,3800/243,1,3800/243,1,mixed_fraction,This is a bounded computational sample. It does not prove the complete associate-class structure of the infinite monoid.
1329,3806/81,1,3806/81,1,mixed_fraction,This is a bounded computational sample. It does not prove the complete associate-class structure of the infinite monoid.
1330,3818/81,1,3818/81,1,mixed_fraction,This is a bounded computational sample. It does not prove the complete associate-class structure of the infinite monoid.
1331,3836/81,1,3836/81,1,mixed_fraction,This is a bounded computational sample. It does not prove the complete associate-class structure of the infinite monoid.
1332,3845/81,1,3845/81,1,mixed_fraction,This is a bounded computational sample. It does not prove the complete associate-class structure of the infinite monoid.
1333,3851/81,1,3851/81,1,mixed_fraction,This is a bounded computational sample. It does not prove the complete associate-class structure of the infinite monoid.
1334,3854/243,1,3854/243,1,mixed_fraction,This is a bounded computational sample. It does not prove the complete associate-class structure of the infinite monoid.
1335,3860/81,1,3860/81,1,mixed_fraction,This is a bounded computational sample. It does not prove the complete associate-class structure of the infinite monoid.
1336,3863/81,1,3863/81,1,mixed_fraction,This is a bounded computational sample. It does not prove the complete associate-class structure of the infinite monoid.
1337,3872/81,1,3872/81,1,mixed_fraction,This is a bounded computational sample. It does not prove the complete associate-class structure of the infinite monoid.
1338,3875/81,1,3875/81,1,mixed_fraction,This is a bounded computational sample. It does not prove the complete associate-class structure of the infinite monoid.
1339,3878/81,1,3878/81,1,mixed_fraction,This is a bounded computational sample. It does not prove the complete associate-class structure of the infinite monoid.
1340,3881/81,1,3881/81,1,mixed_fraction,This is a bounded computational sample. It does not prove the complete associate-class structure of the infinite monoid.
1341,3887/81,1,3887/81,1,mixed_fraction,This is a bounded computational sample. It does not prove the complete associate-class structure of the infinite monoid.
1342,3905/81,1,3905/81,1,mixed_fraction,This is a bounded computational sample. It does not prove the complete associate-class structure of the infinite monoid.
1343,3917/81,1,3917/81,1,mixed_fraction,This is a bounded computational sample. It does not prove the complete associate-class structure of the infinite monoid.
1344,3926/81,1,3926/81,1,mixed_fraction,This is a bounded computational sample. It does not prove the complete associate-class structure of the infinite monoid.
1345,3932/81,1,3932/81,1,mixed_fraction,This is a bounded computational sample. It does not prove the complete associate-class structure of the infinite monoid.
1346,3935/81,1,3935/81,1,mixed_fraction,This is a bounded computational sample. It does not prove the complete associate-class structure of the infinite monoid.
1347,3935/243,1,3935/243,1,mixed_fraction,This is a bounded computational sample. It does not prove the complete associate-class structure of the infinite monoid.
1348,3941/81,1,3941/81,1,mixed_fraction,This is a bounded computational sample. It does not prove the complete associate-class structure of the infinite monoid.
1349,3950/81,1,3950/81,1,mixed_fraction,This is a bounded computational sample. It does not prove the complete associate-class structure of the infinite monoid.
1350,3953/81,1,3953/81,1,mixed_fraction,This is a bounded computational sample. It does not prove the complete associate-class structure of the infinite monoid.
1351,3956/81,1,3956/81,1,mixed_fraction,This is a bounded computational sample. It does not prove the complete associate-class structure of the infinite monoid.
1352,3962/81,1,3962/81,1,mixed_fraction,This is a bounded computational sample. It does not prove the complete associate-class structure of the infinite monoid.
1353,3968/81,1,3968/81,1,mixed_fraction,This is a bounded computational sample. It does not prove the complete associate-class structure of the infinite monoid.
1354,3980/81,1,3980/81,1,mixed_fraction,This is a bounded computational sample. It does not prove the complete associate-class structure of the infinite monoid.
1355,3986/81,1,3986/81,1,mixed_fraction,This is a bounded computational sample. It does not prove the complete associate-class structure of the infinite monoid.
1356,3995/81,1,3995/81,1,mixed_fraction,This is a bounded computational sample. It does not prove the complete associate-class structure of the infinite monoid.
1357,3998/81,1,3998/81,1,mixed_fraction,This is a bounded computational sample. It does not prove the complete associate-class structure of the infinite monoid.
1358,4007/81,1,4007/81,1,mixed_fraction,This is a bounded computational sample. It does not prove the complete associate-class structure of the infinite monoid.
1359,4010/81,1,4010/81,1,mixed_fraction,This is a bounded computational sample. It does not prove the complete associate-class structure of the infinite monoid.
1360,4013/81,1,4013/81,1,mixed_fraction,This is a bounded computational sample. It does not prove the complete associate-class structure of the infinite monoid.
1361,4016/81,1,4016/81,1,mixed_fraction,This is a bounded computational sample. It does not prove the complete associate-class structure of the infinite monoid.
1362,4016/243,1,4016/243,1,mixed_fraction,This is a bounded computational sample. It does not prove the complete associate-class structure of the infinite monoid.
1363,4022/81,1,4022/81,1,mixed_fraction,This is a bounded computational sample. It does not prove the complete associate-class structure of the infinite monoid.
1364,4031/81,1,4031/81,1,mixed_fraction,This is a bounded computational sample. It does not prove the complete associate-class structure of the infinite monoid.
1365,4037/81,1,4037/81,1,mixed_fraction,This is a bounded computational sample. It does not prove the complete associate-class structure of the infinite monoid.
1366,4043/81,1,4043/81,1,mixed_fraction,This is a bounded computational sample. It does not prove the complete associate-class structure of the infinite monoid.
1367,4043/243,1,4043/243,1,mixed_fraction,This is a bounded computational sample. It does not prove the complete associate-class structure of the infinite monoid.
1368,4061/81,1,4061/81,1,mixed_fraction,This is a bounded computational sample. It does not prove the complete associate-class structure of the infinite monoid.
1369,4067/81,1,4067/81,1,mixed_fraction,This is a bounded computational sample. It does not prove the complete associate-class structure of the infinite monoid.
1370,4070/81,1,4070/81,1,mixed_fraction,This is a bounded computational sample. It does not prove the complete associate-class structure of the infinite monoid.
1371,4076/81,1,4076/81,1,mixed_fraction,This is a bounded computational sample. It does not prove the complete associate-class structure of the infinite monoid.
1372,4085/81,1,4085/81,1,mixed_fraction,This is a bounded computational sample. It does not prove the complete associate-class structure of the infinite monoid.
1373,4088/81,1,4088/81,1,mixed_fraction,This is a bounded computational sample. It does not prove the complete associate-class structure of the infinite monoid.
1374,4091/81,1,4091/81,1,mixed_fraction,This is a bounded computational sample. It does not prove the complete associate-class structure of the infinite monoid.
1375,4097/81,1,4097/81,1,mixed_fraction,This is a bounded computational sample. It does not prove the complete associate-class structure of the infinite monoid.
1376,4100/81,1,4100/81,1,mixed_fraction,This is a bounded computational sample. It does not prove the complete associate-class structure of the infinite monoid.
1377,4103/81,1,4103/81,1,mixed_fraction,This is a bounded computational sample. It does not prove the complete associate-class structure of the infinite monoid.
1378,4112/81,1,4112/81,1,mixed_fraction,This is a bounded computational sample. It does not prove the complete associate-class structure of the infinite monoid.
1379,4118/81,1,4118/81,1,mixed_fraction,This is a bounded computational sample. It does not prove the complete associate-class structure of the infinite monoid.
1380,4130/81,1,4130/81,1,mixed_fraction,This is a bounded computational sample. It does not prove the complete associate-class structure of the infinite monoid.
1381,4142/81,1,4142/81,1,mixed_fraction,This is a bounded computational sample. It does not prove the complete associate-class structure of the infinite monoid.
1382,4145/81,1,4145/81,1,mixed_fraction,This is a bounded computational sample. It does not prove the complete associate-class structure of the infinite monoid.
1383,4148/81,1,4148/81,1,mixed_fraction,This is a bounded computational sample. It does not prove the complete associate-class structure of the infinite monoid.
1384,4151/81,1,4151/81,1,mixed_fraction,This is a bounded computational sample. It does not prove the complete associate-class structure of the infinite monoid.
1385,4157/81,1,4157/81,1,mixed_fraction,This is a bounded computational sample. It does not prove the complete associate-class structure of the infinite monoid.
1386,4166/81,1,4166/81,1,mixed_fraction,This is a bounded computational sample. It does not prove the complete associate-class structure of the infinite monoid.
1387,4172/81,1,4172/81,1,mixed_fraction,This is a bounded computational sample. It does not prove the complete associate-class structure of the infinite monoid.
1388,4175/81,1,4175/81,1,mixed_fraction,This is a bounded computational sample. It does not prove the complete associate-class structure of the infinite monoid.
1389,4178/81,1,4178/81,1,mixed_fraction,This is a bounded computational sample. It does not prove the complete associate-class structure of the infinite monoid.
1390,4178/243,1,4178/243,1,mixed_fraction,This is a bounded computational sample. It does not prove the complete associate-class structure of the infinite monoid.
1391,4181/81,1,4181/81,1,mixed_fraction,This is a bounded computational sample. It does not prove the complete associate-class structure of the infinite monoid.
1392,4193/81,1,4193/81,1,mixed_fraction,This is a bounded computational sample. It does not prove the complete associate-class structure of the infinite monoid.
1393,4205/81,1,4205/81,1,mixed_fraction,This is a bounded computational sample. It does not prove the complete associate-class structure of the infinite monoid.
1394,4205/243,1,4205/243,1,mixed_fraction,This is a bounded computational sample. It does not prove the complete associate-class structure of the infinite monoid.
1395,4211/81,1,4211/81,1,mixed_fraction,This is a bounded computational sample. It does not prove the complete associate-class structure of the infinite monoid.
1396,4220/81,1,4220/81,1,mixed_fraction,This is a bounded computational sample. It does not prove the complete associate-class structure of the infinite monoid.
1397,4223/81,1,4223/81,1,mixed_fraction,This is a bounded computational sample. It does not prove the complete associate-class structure of the infinite monoid.
1398,4226/81,1,4226/81,1,mixed_fraction,This is a bounded computational sample. It does not prove the complete associate-class structure of the infinite monoid.
1399,4232/81,1,4232/81,1,mixed_fraction,This is a bounded computational sample. It does not prove the complete associate-class structure of the infinite monoid.
1400,4235/81,1,4235/81,1,mixed_fraction,This is a bounded computational sample. It does not prove the complete associate-class structure of the infinite monoid.
1401,4238/81,1,4238/81,1,mixed_fraction,This is a bounded computational sample. It does not prove the complete associate-class structure of the infinite monoid.
1402,4247/81,1,4247/81,1,mixed_fraction,This is a bounded computational sample. It does not prove the complete associate-class structure of the infinite monoid.
1403,4250/81,1,4250/81,1,mixed_fraction,This is a bounded computational sample. It does not prove the complete associate-class structure of the infinite monoid.
1404,4250/243,1,4250/243,1,mixed_fraction,This is a bounded computational sample. It does not prove the complete associate-class structure of the infinite monoid.
1405,4253/81,1,4253/81,1,mixed_fraction,This is a bounded computational sample. It does not prove the complete associate-class structure of the infinite monoid.
1406,4256/81,1,4256/81,1,mixed_fraction,This is a bounded computational sample. It does not prove the complete associate-class structure of the infinite monoid.
1407,4259/243,1,4259/243,1,mixed_fraction,This is a bounded computational sample. It does not prove the complete associate-class structure of the infinite monoid.
1408,4262/81,1,4262/81,1,mixed_fraction,This is a bounded computational sample. It does not prove the complete associate-class structure of the infinite monoid.
1409,4280/81,1,4280/81,1,mixed_fraction,This is a bounded computational sample. It does not prove the complete associate-class structure of the infinite monoid.
1410,4286/81,1,4286/81,1,mixed_fraction,This is a bounded computational sample. It does not prove the complete associate-class structure of the infinite monoid.
1411,4286/243,1,4286/243,1,mixed_fraction,This is a bounded computational sample. It does not prove the complete associate-class structure of the infinite monoid.
1412,4292/81,1,4292/81,1,mixed_fraction,This is a bounded computational sample. It does not prove the complete associate-class structure of the infinite monoid.
1413,4301/81,1,4301/81,1,mixed_fraction,This is a bounded computational sample. It does not prove the complete associate-class structure of the infinite monoid.
1414,4307/81,1,4307/81,1,mixed_fraction,This is a bounded computational sample. It does not prove the complete associate-class structure of the infinite monoid.
1415,4310/81,1,4310/81,1,mixed_fraction,This is a bounded computational sample. It does not prove the complete associate-class structure of the infinite monoid.
1416,4313/81,1,4313/81,1,mixed_fraction,This is a bounded computational sample. It does not prove the complete associate-class structure of the infinite monoid.
1417,4316/81,1,4316/81,1,mixed_fraction,This is a bounded computational sample. It does not prove the complete associate-class structure of the infinite monoid.
1418,4325/81,1,4325/81,1,mixed_fraction,This is a bounded computational sample. It does not prove the complete associate-class structure of the infinite monoid.
1419,4328/81,1,4328/81,1,mixed_fraction,This is a bounded computational sample. It does not prove the complete associate-class structure of the infinite monoid.
1420,4331/81,1,4331/81,1,mixed_fraction,This is a bounded computational sample. It does not prove the complete associate-class structure of the infinite monoid.
1421,4337/81,1,4337/81,1,mixed_fraction,This is a bounded computational sample. It does not prove the complete associate-class structure of the infinite monoid.
1422,4340/243,1,4340/243,1,mixed_fraction,This is a bounded computational sample. It does not prove the complete associate-class structure of the infinite monoid.
1423,4343/81,1,4343/81,1,mixed_fraction,This is a bounded computational sample. It does not prove the complete associate-class structure of the infinite monoid.
1424,4355/81,1,4355/81,1,mixed_fraction,This is a bounded computational sample. It does not prove the complete associate-class structure of the infinite monoid.
1425,4361/81,1,4361/81,1,mixed_fraction,This is a bounded computational sample. It does not prove the complete associate-class structure of the infinite monoid.
1426,4367/81,1,4367/81,1,mixed_fraction,This is a bounded computational sample. It does not prove the complete associate-class structure of the infinite monoid.
1427,4370/81,1,4370/81,1,mixed_fraction,This is a bounded computational sample. It does not prove the complete associate-class structure of the infinite monoid.
1428,4373/81,1,4373/81,1,mixed_fraction,This is a bounded computational sample. It does not prove the complete associate-class structure of the infinite monoid.
1429,4375/81,1,4375/81,1,mixed_fraction,This is a bounded computational sample. It does not prove the complete associate-class structure of the infinite monoid.
1430,4382/81,1,4382/81,1,mixed_fraction,This is a bounded computational sample. It does not prove the complete associate-class structure of the infinite monoid.
1431,4385/81,1,4385/81,1,mixed_fraction,This is a bounded computational sample. It does not prove the complete associate-class structure of the infinite monoid.
1432,4388/81,1,4388/81,1,mixed_fraction,This is a bounded computational sample. It does not prove the complete associate-class structure of the infinite monoid.
1433,4391/81,1,4391/81,1,mixed_fraction,This is a bounded computational sample. It does not prove the complete associate-class structure of the infinite monoid.
1434,4397/81,1,4397/81,1,mixed_fraction,This is a bounded computational sample. It does not prove the complete associate-class structure of the infinite monoid.
1435,4406/81,1,4406/81,1,mixed_fraction,This is a bounded computational sample. It does not prove the complete associate-class structure of the infinite monoid.
1436,4412/81,1,4412/81,1,mixed_fraction,This is a bounded computational sample. It does not prove the complete associate-class structure of the infinite monoid.
1437,4418/81,1,4418/81,1,mixed_fraction,This is a bounded computational sample. It does not prove the complete associate-class structure of the infinite monoid.
1438,4421/243,1,4421/243,1,mixed_fraction,This is a bounded computational sample. It does not prove the complete associate-class structure of the infinite monoid.
1439,4436/81,1,4436/81,1,mixed_fraction,This is a bounded computational sample. It does not prove the complete associate-class structure of the infinite monoid.
1440,4442/81,1,4442/81,1,mixed_fraction,This is a bounded computational sample. It does not prove the complete associate-class structure of the infinite monoid.
1441,4445/81,1,4445/81,1,mixed_fraction,This is a bounded computational sample. It does not prove the complete associate-class structure of the infinite monoid.
1442,4448/81,1,4448/81,1,mixed_fraction,This is a bounded computational sample. It does not prove the complete associate-class structure of the infinite monoid.
1443,4448/243,1,4448/243,1,mixed_fraction,This is a bounded computational sample. It does not prove the complete associate-class structure of the infinite monoid.
1444,4451/81,1,4451/81,1,mixed_fraction,This is a bounded computational sample. It does not prove the complete associate-class structure of the infinite monoid.
1445,4456/81,1,4456/81,1,mixed_fraction,This is a bounded computational sample. It does not prove the complete associate-class structure of the infinite monoid.
1446,4460/81,1,4460/81,1,mixed_fraction,This is a bounded computational sample. It does not prove the complete associate-class structure of the infinite monoid.
1447,4463/81,1,4463/81,1,mixed_fraction,This is a bounded computational sample. It does not prove the complete associate-class structure of the infinite monoid.
1448,4466/81,1,4466/81,1,mixed_fraction,This is a bounded computational sample. It does not prove the complete associate-class structure of the infinite monoid.
1449,4472/81,1,4472/81,1,mixed_fraction,This is a bounded computational sample. It does not prove the complete associate-class structure of the infinite monoid.
1450,4475/81,1,4475/81,1,mixed_fraction,This is a bounded computational sample. It does not prove the complete associate-class structure of the infinite monoid.
1451,4475/243,1,4475/243,1,mixed_fraction,This is a bounded computational sample. It does not prove the complete associate-class structure of the infinite monoid.
1452,4478/81,1,4478/81,1,mixed_fraction,This is a bounded computational sample. It does not prove the complete associate-class structure of the infinite monoid.
1453,4487/81,1,4487/81,1,mixed_fraction,This is a bounded computational sample. It does not prove the complete associate-class structure of the infinite monoid.
1454,4493/81,1,4493/81,1,mixed_fraction,This is a bounded computational sample. It does not prove the complete associate-class structure of the infinite monoid.
1455,4493/243,1,4493/243,1,mixed_fraction,This is a bounded computational sample. It does not prove the complete associate-class structure of the infinite monoid.
1456,4505/81,1,4505/81,1,mixed_fraction,This is a bounded computational sample. It does not prove the complete associate-class structure of the infinite monoid.
1457,4510/81,1,4510/81,1,mixed_fraction,This is a bounded computational sample. It does not prove the complete associate-class structure of the infinite monoid.
1458,4517/81,1,4517/81,1,mixed_fraction,This is a bounded computational sample. It does not prove the complete associate-class structure of the infinite monoid.
1459,4520/81,1,4520/81,1,mixed_fraction,This is a bounded computational sample. It does not prove the complete associate-class structure of the infinite monoid.
1460,4523/81,1,4523/81,1,mixed_fraction,This is a bounded computational sample. It does not prove the complete associate-class structure of the infinite monoid.
1461,4526/81,1,4526/81,1,mixed_fraction,This is a bounded computational sample. It does not prove the complete associate-class structure of the infinite monoid.
1462,4529/243,1,4529/243,1,mixed_fraction,This is a bounded computational sample. It does not prove the complete associate-class structure of the infinite monoid.
1463,4532/81,1,4532/81,1,mixed_fraction,This is a bounded computational sample. It does not prove the complete associate-class structure of the infinite monoid.
1464,4537/81,1,4537/81,1,mixed_fraction,This is a bounded computational sample. It does not prove the complete associate-class structure of the infinite monoid.
1465,4541/81,1,4541/81,1,mixed_fraction,This is a bounded computational sample. It does not prove the complete associate-class structure of the infinite monoid.
1466,4547/81,1,4547/81,1,mixed_fraction,This is a bounded computational sample. It does not prove the complete associate-class structure of the infinite monoid.
1467,4550/81,1,4550/81,1,mixed_fraction,This is a bounded computational sample. It does not prove the complete associate-class structure of the infinite monoid.
1468,4553/81,1,4553/81,1,mixed_fraction,This is a bounded computational sample. It does not prove the complete associate-class structure of the infinite monoid.
1469,4556/81,1,4556/81,1,mixed_fraction,This is a bounded computational sample. It does not prove the complete associate-class structure of the infinite monoid.
1470,4568/81,1,4568/81,1,mixed_fraction,This is a bounded computational sample. It does not prove the complete associate-class structure of the infinite monoid.
1471,4580/81,1,4580/81,1,mixed_fraction,This is a bounded computational sample. It does not prove the complete associate-class structure of the infinite monoid.
1472,4583/243,1,4583/243,1,mixed_fraction,This is a bounded computational sample. It does not prove the complete associate-class structure of the infinite monoid.
1473,4586/81,1,4586/81,1,mixed_fraction,This is a bounded computational sample. It does not prove the complete associate-class structure of the infinite monoid.
1474,4591/81,1,4591/81,1,mixed_fraction,This is a bounded computational sample. It does not prove the complete associate-class structure of the infinite monoid.
1475,4595/81,1,4595/81,1,mixed_fraction,This is a bounded computational sample. It does not prove the complete associate-class structure of the infinite monoid.
1476,4598/81,1,4598/81,1,mixed_fraction,This is a bounded computational sample. It does not prove the complete associate-class structure of the infinite monoid.
1477,4600/81,1,4600/81,1,mixed_fraction,This is a bounded computational sample. It does not prove the complete associate-class structure of the infinite monoid.
1478,4601/81,1,4601/81,1,mixed_fraction,This is a bounded computational sample. It does not prove the complete associate-class structure of the infinite monoid.
1479,4607/81,1,4607/81,1,mixed_fraction,This is a bounded computational sample. It does not prove the complete associate-class structure of the infinite monoid.
1480,4610/81,1,4610/81,1,mixed_fraction,This is a bounded computational sample. It does not prove the complete associate-class structure of the infinite monoid.
1481,4610/243,1,4610/243,1,mixed_fraction,This is a bounded computational sample. It does not prove the complete associate-class structure of the infinite monoid.
1482,4613/81,1,4613/81,1,mixed_fraction,This is a bounded computational sample. It does not prove the complete associate-class structure of the infinite monoid.
1483,4618/81,1,4618/81,1,mixed_fraction,This is a bounded computational sample. It does not prove the complete associate-class structure of the infinite monoid.
1484,4622/81,1,4622/81,1,mixed_fraction,This is a bounded computational sample. It does not prove the complete associate-class structure of the infinite monoid.
1485,4628/81,1,4628/81,1,mixed_fraction,This is a bounded computational sample. It does not prove the complete associate-class structure of the infinite monoid.
1486,4631/81,1,4631/81,1,mixed_fraction,This is a bounded computational sample. It does not prove the complete associate-class structure of the infinite monoid.
1487,4637/81,1,4637/81,1,mixed_fraction,This is a bounded computational sample. It does not prove the complete associate-class structure of the infinite monoid.
1488,4645/81,1,4645/81,1,mixed_fraction,This is a bounded computational sample. It does not prove the complete associate-class structure of the infinite monoid.
1489,4655/81,1,4655/81,1,mixed_fraction,This is a bounded computational sample. It does not prove the complete associate-class structure of the infinite monoid.
1490,4655/243,1,4655/243,1,mixed_fraction,This is a bounded computational sample. It does not prove the complete associate-class structure of the infinite monoid.
1491,4661/81,1,4661/81,1,mixed_fraction,This is a bounded computational sample. It does not prove the complete associate-class structure of the infinite monoid.
1492,4664/243,1,4664/243,1,mixed_fraction,This is a bounded computational sample. It does not prove the complete associate-class structure of the infinite monoid.
1493,4667/81,1,4667/81,1,mixed_fraction,This is a bounded computational sample. It does not prove the complete associate-class structure of the infinite monoid.
1494,4672/81,1,4672/81,1,mixed_fraction,This is a bounded computational sample. It does not prove the complete associate-class structure of the infinite monoid.
1495,4676/81,1,4676/81,1,mixed_fraction,This is a bounded computational sample. It does not prove the complete associate-class structure of the infinite monoid.
1496,4681/81,1,4681/81,1,mixed_fraction,This is a bounded computational sample. It does not prove the complete associate-class structure of the infinite monoid.
1497,4682/81,1,4682/81,1,mixed_fraction,This is a bounded computational sample. It does not prove the complete associate-class structure of the infinite monoid.
1498,4685/81,1,4685/81,1,mixed_fraction,This is a bounded computational sample. It does not prove the complete associate-class structure of the infinite monoid.
1499,4688/81,1,4688/81,1,mixed_fraction,This is a bounded computational sample. It does not prove the complete associate-class structure of the infinite monoid.
1500,4691/81,1,4691/81,1,mixed_fraction,This is a bounded computational sample. It does not prove the complete associate-class structure of the infinite monoid.
1501,4691/243,1,4691/243,1,mixed_fraction,This is a bounded computational sample. It does not prove the complete associate-class structure of the infinite monoid.
1502,4700/81,1,4700/81,1,mixed_fraction,This is a bounded computational sample. It does not prove the complete associate-class structure of the infinite monoid.
1503,4703/81,1,4703/81,1,mixed_fraction,This is a bounded computational sample. It does not prove the complete associate-class structure of the infinite monoid.
1504,4712/81,1,4712/81,1,mixed_fraction,This is a bounded computational sample. It does not prove the complete associate-class structure of the infinite monoid.
1505,4718/81,1,4718/81,1,mixed_fraction,This is a bounded computational sample. It does not prove the complete associate-class structure of the infinite monoid.
1506,4718/243,1,4718/243,1,mixed_fraction,This is a bounded computational sample. It does not prove the complete associate-class structure of the infinite monoid.
1507,4726/81,1,4726/81,1,mixed_fraction,This is a bounded computational sample. It does not prove the complete associate-class structure of the infinite monoid.
1508,4730/81,1,4730/81,1,mixed_fraction,This is a bounded computational sample. It does not prove the complete associate-class structure of the infinite monoid.
1509,4735/81,1,4735/81,1,mixed_fraction,This is a bounded computational sample. It does not prove the complete associate-class structure of the infinite monoid.
1510,4736/81,1,4736/81,1,mixed_fraction,This is a bounded computational sample. It does not prove the complete associate-class structure of the infinite monoid.
1511,4736/243,1,4736/243,1,mixed_fraction,This is a bounded computational sample. It does not prove the complete associate-class structure of the infinite monoid.
1512,4742/81,1,4742/81,1,mixed_fraction,This is a bounded computational sample. It does not prove the complete associate-class structure of the infinite monoid.
1513,4745/81,1,4745/81,1,mixed_fraction,This is a bounded computational sample. It does not prove the complete associate-class structure of the infinite monoid.
1514,4748/81,1,4748/81,1,mixed_fraction,This is a bounded computational sample. It does not prove the complete associate-class structure of the infinite monoid.
1515,4750/81,1,4750/81,1,mixed_fraction,This is a bounded computational sample. It does not prove the complete associate-class structure of the infinite monoid.
1516,4753/81,1,4753/81,1,mixed_fraction,This is a bounded computational sample. It does not prove the complete associate-class structure of the infinite monoid.
1517,4757/81,1,4757/81,1,mixed_fraction,This is a bounded computational sample. It does not prove the complete associate-class structure of the infinite monoid.
1518,4762/81,1,4762/81,1,mixed_fraction,This is a bounded computational sample. It does not prove the complete associate-class structure of the infinite monoid.
1519,4763/81,1,4763/81,1,mixed_fraction,This is a bounded computational sample. It does not prove the complete associate-class structure of the infinite monoid.
1520,4766/81,1,4766/81,1,mixed_fraction,This is a bounded computational sample. It does not prove the complete associate-class structure of the infinite monoid.
1521,4772/81,1,4772/81,1,mixed_fraction,This is a bounded computational sample. It does not prove the complete associate-class structure of the infinite monoid.
1522,4780/81,1,4780/81,1,mixed_fraction,This is a bounded computational sample. It does not prove the complete associate-class structure of the infinite monoid.
1523,4781/81,1,4781/81,1,mixed_fraction,This is a bounded computational sample. It does not prove the complete associate-class structure of the infinite monoid.
1524,4793/81,1,4793/81,1,mixed_fraction,This is a bounded computational sample. It does not prove the complete associate-class structure of the infinite monoid.
1525,4807/81,1,4807/81,1,mixed_fraction,This is a bounded computational sample. It does not prove the complete associate-class structure of the infinite monoid.
1526,4811/81,1,4811/81,1,mixed_fraction,This is a bounded computational sample. It does not prove the complete associate-class structure of the infinite monoid.
1527,4816/81,1,4816/81,1,mixed_fraction,This is a bounded computational sample. It does not prove the complete associate-class structure of the infinite monoid.
1528,4817/81,1,4817/81,1,mixed_fraction,This is a bounded computational sample. It does not prove the complete associate-class structure of the infinite monoid.
1529,4820/81,1,4820/81,1,mixed_fraction,This is a bounded computational sample. It does not prove the complete associate-class structure of the infinite monoid.
1530,4823/81,1,4823/81,1,mixed_fraction,This is a bounded computational sample. It does not prove the complete associate-class structure of the infinite monoid.
1531,4825/81,1,4825/81,1,mixed_fraction,This is a bounded computational sample. It does not prove the complete associate-class structure of the infinite monoid.
1532,4826/81,1,4826/81,1,mixed_fraction,This is a bounded computational sample. It does not prove the complete associate-class structure of the infinite monoid.
1533,4826/243,1,4826/243,1,mixed_fraction,This is a bounded computational sample. It does not prove the complete associate-class structure of the infinite monoid.
1534,4831/81,1,4831/81,1,mixed_fraction,This is a bounded computational sample. It does not prove the complete associate-class structure of the infinite monoid.
1535,4835/81,1,4835/81,1,mixed_fraction,This is a bounded computational sample. It does not prove the complete associate-class structure of the infinite monoid.
1536,4838/81,1,4838/81,1,mixed_fraction,This is a bounded computational sample. It does not prove the complete associate-class structure of the infinite monoid.
1537,4843/81,1,4843/81,1,mixed_fraction,This is a bounded computational sample. It does not prove the complete associate-class structure of the infinite monoid.
1538,4847/81,1,4847/81,1,mixed_fraction,This is a bounded computational sample. It does not prove the complete associate-class structure of the infinite monoid.
1539,4853/81,1,4853/81,1,mixed_fraction,This is a bounded computational sample. It does not prove the complete associate-class structure of the infinite monoid.
1540,4853/243,1,4853/243,1,mixed_fraction,This is a bounded computational sample. It does not prove the complete associate-class structure of the infinite monoid.
1541,4861/81,1,4861/81,1,mixed_fraction,This is a bounded computational sample. It does not prove the complete associate-class structure of the infinite monoid.
1542,4862/81,1,4862/81,1,mixed_fraction,This is a bounded computational sample. It does not prove the complete associate-class structure of the infinite monoid.
1543,4870/81,1,4870/81,1,mixed_fraction,This is a bounded computational sample. It does not prove the complete associate-class structure of the infinite monoid.
1544,4880/81,1,4880/81,1,mixed_fraction,This is a bounded computational sample. It does not prove the complete associate-class structure of the infinite monoid.
1545,4880/243,1,4880/243,1,mixed_fraction,This is a bounded computational sample. It does not prove the complete associate-class structure of the infinite monoid.
1546,4885/81,1,4885/81,1,mixed_fraction,This is a bounded computational sample. It does not prove the complete associate-class structure of the infinite monoid.
1547,4888/81,1,4888/81,1,mixed_fraction,This is a bounded computational sample. It does not prove the complete associate-class structure of the infinite monoid.
1548,4892/81,1,4892/81,1,mixed_fraction,This is a bounded computational sample. It does not prove the complete associate-class structure of the infinite monoid.
1549,4897/81,1,4897/81,1,mixed_fraction,This is a bounded computational sample. It does not prove the complete associate-class structure of the infinite monoid.
1550,4898/81,1,4898/81,1,mixed_fraction,This is a bounded computational sample. It does not prove the complete associate-class structure of the infinite monoid.
1551,4898/243,1,4898/243,1,mixed_fraction,This is a bounded computational sample. It does not prove the complete associate-class structure of the infinite monoid.
1552,4901/81,1,4901/81,1,mixed_fraction,This is a bounded computational sample. It does not prove the complete associate-class structure of the infinite monoid.
1553,4906/81,1,4906/81,1,mixed_fraction,This is a bounded computational sample. It does not prove the complete associate-class structure of the infinite monoid.
1554,4907/81,1,4907/81,1,mixed_fraction,This is a bounded computational sample. It does not prove the complete associate-class structure of the infinite monoid.
1555,4912/81,1,4912/81,1,mixed_fraction,This is a bounded computational sample. It does not prove the complete associate-class structure of the infinite monoid.
1556,4916/81,1,4916/81,1,mixed_fraction,This is a bounded computational sample. It does not prove the complete associate-class structure of the infinite monoid.
1557,4925/81,1,4925/81,1,mixed_fraction,This is a bounded computational sample. It does not prove the complete associate-class structure of the infinite monoid.
1558,4925/243,1,4925/243,1,mixed_fraction,This is a bounded computational sample. It does not prove the complete associate-class structure of the infinite monoid.
1559,4928/81,1,4928/81,1,mixed_fraction,This is a bounded computational sample. It does not prove the complete associate-class structure of the infinite monoid.
1560,4934/243,1,4934/243,1,mixed_fraction,This is a bounded computational sample. It does not prove the complete associate-class structure of the infinite monoid.
1561,4942/81,1,4942/81,1,mixed_fraction,This is a bounded computational sample. It does not prove the complete associate-class structure of the infinite monoid.
1562,4943/81,1,4943/81,1,mixed_fraction,This is a bounded computational sample. It does not prove the complete associate-class structure of the infinite monoid.
1563,4951/81,1,4951/81,1,mixed_fraction,This is a bounded computational sample. It does not prove the complete associate-class structure of the infinite monoid.
1564,4955/81,1,4955/81,1,mixed_fraction,This is a bounded computational sample. It does not prove the complete associate-class structure of the infinite monoid.
1565,4960/81,1,4960/81,1,mixed_fraction,This is a bounded computational sample. It does not prove the complete associate-class structure of the infinite monoid.
1566,4961/81,1,4961/81,1,mixed_fraction,This is a bounded computational sample. It does not prove the complete associate-class structure of the infinite monoid.
1567,4961/243,1,4961/243,1,mixed_fraction,This is a bounded computational sample. It does not prove the complete associate-class structure of the infinite monoid.
1568,4966/81,1,4966/81,1,mixed_fraction,This is a bounded computational sample. It does not prove the complete associate-class structure of the infinite monoid.
1569,4970/81,1,4970/81,1,mixed_fraction,This is a bounded computational sample. It does not prove the complete associate-class structure of the infinite monoid.
1570,4973/81,1,4973/81,1,mixed_fraction,This is a bounded computational sample. It does not prove the complete associate-class structure of the infinite monoid.
1571,4975/81,1,4975/81,1,mixed_fraction,This is a bounded computational sample. It does not prove the complete associate-class structure of the infinite monoid.
1572,4978/81,1,4978/81,1,mixed_fraction,This is a bounded computational sample. It does not prove the complete associate-class structure of the infinite monoid.
1573,4979/243,1,4979/243,1,mixed_fraction,This is a bounded computational sample. It does not prove the complete associate-class structure of the infinite monoid.
1574,4982/81,1,4982/81,1,mixed_fraction,This is a bounded computational sample. It does not prove the complete associate-class structure of the infinite monoid.
1575,4987/81,1,4987/81,1,mixed_fraction,This is a bounded computational sample. It does not prove the complete associate-class structure of the infinite monoid.
1576,4988/81,1,4988/81,1,mixed_fraction,This is a bounded computational sample. It does not prove the complete associate-class structure of the infinite monoid.
1577,4993/81,1,4993/81,1,mixed_fraction,This is a bounded computational sample. It does not prove the complete associate-class structure of the infinite monoid.
1578,4997/81,1,4997/81,1,mixed_fraction,This is a bounded computational sample. It does not prove the complete associate-class structure of the infinite monoid.
1579,5000/81,1,5000/81,1,mixed_fraction,This is a bounded computational sample. It does not prove the complete associate-class structure of the infinite monoid.
1580,5000/243,1,5000/243,1,mixed_fraction,This is a bounded computational sample. It does not prove the complete associate-class structure of the infinite monoid.
1581,5005/81,1,5005/81,1,mixed_fraction,This is a bounded computational sample. It does not prove the complete associate-class structure of the infinite monoid.
1582,5006/81,1,5006/81,1,mixed_fraction,This is a bounded computational sample. It does not prove the complete associate-class structure of the infinite monoid.
1583,5015/243,1,5015/243,1,mixed_fraction,This is a bounded computational sample. It does not prove the complete associate-class structure of the infinite monoid.
1584,5020/81,1,5020/81,1,mixed_fraction,This is a bounded computational sample. It does not prove the complete associate-class structure of the infinite monoid.
1585,5023/81,1,5023/81,1,mixed_fraction,This is a bounded computational sample. It does not prove the complete associate-class structure of the infinite monoid.
1586,5032/81,1,5032/81,1,mixed_fraction,This is a bounded computational sample. It does not prove the complete associate-class structure of the infinite monoid.
1587,5036/81,1,5036/81,1,mixed_fraction,This is a bounded computational sample. It does not prove the complete associate-class structure of the infinite monoid.
1588,5041/81,1,5041/81,1,mixed_fraction,This is a bounded computational sample. It does not prove the complete associate-class structure of the infinite monoid.
1589,5042/81,1,5042/81,1,mixed_fraction,This is a bounded computational sample. It does not prove the complete associate-class structure of the infinite monoid.
1590,5047/81,1,5047/81,1,mixed_fraction,This is a bounded computational sample. It does not prove the complete associate-class structure of the infinite monoid.
1591,5050/81,1,5050/81,1,mixed_fraction,This is a bounded computational sample. It does not prove the complete associate-class structure of the infinite monoid.
1592,5051/81,1,5051/81,1,mixed_fraction,This is a bounded computational sample. It does not prove the complete associate-class structure of the infinite monoid.
1593,5056/81,1,5056/81,1,mixed_fraction,This is a bounded computational sample. It does not prove the complete associate-class structure of the infinite monoid.
1594,5060/81,1,5060/81,1,mixed_fraction,This is a bounded computational sample. It does not prove the complete associate-class structure of the infinite monoid.
1595,5060/243,1,5060/243,1,mixed_fraction,This is a bounded computational sample. It does not prove the complete associate-class structure of the infinite monoid.
1596,5063/81,1,5063/81,1,mixed_fraction,This is a bounded computational sample. It does not prove the complete associate-class structure of the infinite monoid.
1597,5068/81,1,5068/81,1,mixed_fraction,This is a bounded computational sample. It does not prove the complete associate-class structure of the infinite monoid.
1598,5069/243,1,5069/243,1,mixed_fraction,This is a bounded computational sample. It does not prove the complete associate-class structure of the infinite monoid.
1599,5078/81,1,5078/81,1,mixed_fraction,This is a bounded computational sample. It does not prove the complete associate-class structure of the infinite monoid.
1600,5081/81,1,5081/81,1,mixed_fraction,This is a bounded computational sample. It does not prove the complete associate-class structure of the infinite monoid.
1601,5086/81,1,5086/81,1,mixed_fraction,This is a bounded computational sample. It does not prove the complete associate-class structure of the infinite monoid.
1602,5087/81,1,5087/81,1,mixed_fraction,This is a bounded computational sample. It does not prove the complete associate-class structure of the infinite monoid.
1603,5095/81,1,5095/81,1,mixed_fraction,This is a bounded computational sample. It does not prove the complete associate-class structure of the infinite monoid.
1604,5096/243,1,5096/243,1,mixed_fraction,This is a bounded computational sample. It does not prove the complete associate-class structure of the infinite monoid.
1605,5101/81,1,5101/81,1,mixed_fraction,This is a bounded computational sample. It does not prove the complete associate-class structure of the infinite monoid.
1606,5105/81,1,5105/81,1,mixed_fraction,This is a bounded computational sample. It does not prove the complete associate-class structure of the infinite monoid.
1607,5110/81,1,5110/81,1,mixed_fraction,This is a bounded computational sample. It does not prove the complete associate-class structure of the infinite monoid.
1608,5113/81,1,5113/81,1,mixed_fraction,This is a bounded computational sample. It does not prove the complete associate-class structure of the infinite monoid.
1609,5117/81,1,5117/81,1,mixed_fraction,This is a bounded computational sample. It does not prove the complete associate-class structure of the infinite monoid.
1610,5122/81,1,5122/81,1,mixed_fraction,This is a bounded computational sample. It does not prove the complete associate-class structure of the infinite monoid.
1611,5123/81,1,5123/81,1,mixed_fraction,This is a bounded computational sample. It does not prove the complete associate-class structure of the infinite monoid.
1612,5123/243,1,5123/243,1,mixed_fraction,This is a bounded computational sample. It does not prove the complete associate-class structure of the infinite monoid.
1613,5125/81,1,5125/81,1,mixed_fraction,This is a bounded computational sample. It does not prove the complete associate-class structure of the infinite monoid.
1614,5128/81,1,5128/81,1,mixed_fraction,This is a bounded computational sample. It does not prove the complete associate-class structure of the infinite monoid.
1615,5131/81,1,5131/81,1,mixed_fraction,This is a bounded computational sample. It does not prove the complete associate-class structure of the infinite monoid.
1616,5132/81,1,5132/81,1,mixed_fraction,This is a bounded computational sample. It does not prove the complete associate-class structure of the infinite monoid.
1617,5135/81,1,5135/81,1,mixed_fraction,This is a bounded computational sample. It does not prove the complete associate-class structure of the infinite monoid.
1618,5137/81,1,5137/81,1,mixed_fraction,This is a bounded computational sample. It does not prove the complete associate-class structure of the infinite monoid.
1619,5141/81,1,5141/81,1,mixed_fraction,This is a bounded computational sample. It does not prove the complete associate-class structure of the infinite monoid.
1620,5141/243,1,5141/243,1,mixed_fraction,This is a bounded computational sample. It does not prove the complete associate-class structure of the infinite monoid.
1621,5150/243,1,5150/243,1,mixed_fraction,This is a bounded computational sample. It does not prove the complete associate-class structure of the infinite monoid.
1622,5155/81,1,5155/81,1,mixed_fraction,This is a bounded computational sample. It does not prove the complete associate-class structure of the infinite monoid.
1623,5162/81,1,5162/81,1,mixed_fraction,This is a bounded computational sample. It does not prove the complete associate-class structure of the infinite monoid.
1624,5167/81,1,5167/81,1,mixed_fraction,This is a bounded computational sample. It does not prove the complete associate-class structure of the infinite monoid.
1625,5168/81,1,5168/81,1,mixed_fraction,This is a bounded computational sample. It does not prove the complete associate-class structure of the infinite monoid.
1626,5168/243,1,5168/243,1,mixed_fraction,This is a bounded computational sample. It does not prove the complete associate-class structure of the infinite monoid.
1627,5176/81,1,5176/81,1,mixed_fraction,This is a bounded computational sample. It does not prove the complete associate-class structure of the infinite monoid.
1628,5182/81,1,5182/81,1,mixed_fraction,This is a bounded computational sample. It does not prove the complete associate-class structure of the infinite monoid.
1629,5185/81,1,5185/81,1,mixed_fraction,This is a bounded computational sample. It does not prove the complete associate-class structure of the infinite monoid.
1630,5186/81,1,5186/81,1,mixed_fraction,This is a bounded computational sample. It does not prove the complete associate-class structure of the infinite monoid.
1631,5191/81,1,5191/81,1,mixed_fraction,This is a bounded computational sample. It does not prove the complete associate-class structure of the infinite monoid.
1632,5195/81,1,5195/81,1,mixed_fraction,This is a bounded computational sample. It does not prove the complete associate-class structure of the infinite monoid.
1633,5198/81,1,5198/81,1,mixed_fraction,This is a bounded computational sample. It does not prove the complete associate-class structure of the infinite monoid.
1634,5200/81,1,5200/81,1,mixed_fraction,This is a bounded computational sample. It does not prove the complete associate-class structure of the infinite monoid.
1635,5203/81,1,5203/81,1,mixed_fraction,This is a bounded computational sample. It does not prove the complete associate-class structure of the infinite monoid.
1636,5204/243,1,5204/243,1,mixed_fraction,This is a bounded computational sample. It does not prove the complete associate-class structure of the infinite monoid.
1637,5206/81,1,5206/81,1,mixed_fraction,This is a bounded computational sample. It does not prove the complete associate-class structure of the infinite monoid.
1638,5212/81,1,5212/81,1,mixed_fraction,This is a bounded computational sample. It does not prove the complete associate-class structure of the infinite monoid.
1639,5213/81,1,5213/81,1,mixed_fraction,This is a bounded computational sample. It does not prove the complete associate-class structure of the infinite monoid.
1640,5216/81,1,5216/81,1,mixed_fraction,This is a bounded computational sample. It does not prove the complete associate-class structure of the infinite monoid.
1641,5218/81,1,5218/81,1,mixed_fraction,This is a bounded computational sample. It does not prove the complete associate-class structure of the infinite monoid.
1642,5222/81,1,5222/81,1,mixed_fraction,This is a bounded computational sample. It does not prove the complete associate-class structure of the infinite monoid.
1643,5225/81,1,5225/81,1,mixed_fraction,This is a bounded computational sample. It does not prove the complete associate-class structure of the infinite monoid.
1644,5230/81,1,5230/81,1,mixed_fraction,This is a bounded computational sample. It does not prove the complete associate-class structure of the infinite monoid.
1645,5236/81,1,5236/81,1,mixed_fraction,This is a bounded computational sample. It does not prove the complete associate-class structure of the infinite monoid.
1646,5243/81,1,5243/81,1,mixed_fraction,This is a bounded computational sample. It does not prove the complete associate-class structure of the infinite monoid.
1647,5243/243,1,5243/243,1,mixed_fraction,This is a bounded computational sample. It does not prove the complete associate-class structure of the infinite monoid.
1648,5245/81,1,5245/81,1,mixed_fraction,This is a bounded computational sample. It does not prove the complete associate-class structure of the infinite monoid.
1649,5248/81,1,5248/81,1,mixed_fraction,This is a bounded computational sample. It does not prove the complete associate-class structure of the infinite monoid.
1650,5257/81,1,5257/81,1,mixed_fraction,This is a bounded computational sample. It does not prove the complete associate-class structure of the infinite monoid.
1651,5258/243,1,5258/243,1,mixed_fraction,This is a bounded computational sample. It does not prove the complete associate-class structure of the infinite monoid.
1652,5260/81,1,5260/81,1,mixed_fraction,This is a bounded computational sample. It does not prove the complete associate-class structure of the infinite monoid.
1653,5263/81,1,5263/81,1,mixed_fraction,This is a bounded computational sample. It does not prove the complete associate-class structure of the infinite monoid.
1654,5266/81,1,5266/81,1,mixed_fraction,This is a bounded computational sample. It does not prove the complete associate-class structure of the infinite monoid.
1655,5267/81,1,5267/81,1,mixed_fraction,This is a bounded computational sample. It does not prove the complete associate-class structure of the infinite monoid.
1656,5270/81,1,5270/81,1,mixed_fraction,This is a bounded computational sample. It does not prove the complete associate-class structure of the infinite monoid.
1657,5272/81,1,5272/81,1,mixed_fraction,This is a bounded computational sample. It does not prove the complete associate-class structure of the infinite monoid.
1658,5276/81,1,5276/81,1,mixed_fraction,This is a bounded computational sample. It does not prove the complete associate-class structure of the infinite monoid.
1659,5281/81,1,5281/81,1,mixed_fraction,This is a bounded computational sample. It does not prove the complete associate-class structure of the infinite monoid.
1660,5285/243,1,5285/243,1,mixed_fraction,This is a bounded computational sample. It does not prove the complete associate-class structure of the infinite monoid.
1661,5287/81,1,5287/81,1,mixed_fraction,This is a bounded computational sample. It does not prove the complete associate-class structure of the infinite monoid.
1662,5293/81,1,5293/81,1,mixed_fraction,This is a bounded computational sample. It does not prove the complete associate-class structure of the infinite monoid.
1663,5297/81,1,5297/81,1,mixed_fraction,This is a bounded computational sample. It does not prove the complete associate-class structure of the infinite monoid.
1664,5303/81,1,5303/81,1,mixed_fraction,This is a bounded computational sample. It does not prove the complete associate-class structure of the infinite monoid.
1665,5303/243,1,5303/243,1,mixed_fraction,This is a bounded computational sample. It does not prove the complete associate-class structure of the infinite monoid.
1666,5306/81,1,5306/81,1,mixed_fraction,This is a bounded computational sample. It does not prove the complete associate-class structure of the infinite monoid.
1667,5311/81,1,5311/81,1,mixed_fraction,This is a bounded computational sample. It does not prove the complete associate-class structure of the infinite monoid.
1668,5317/81,1,5317/81,1,mixed_fraction,This is a bounded computational sample. It does not prove the complete associate-class structure of the infinite monoid.
1669,5320/81,1,5320/81,1,mixed_fraction,This is a bounded computational sample. It does not prove the complete associate-class structure of the infinite monoid.
1670,5326/81,1,5326/81,1,mixed_fraction,This is a bounded computational sample. It does not prove the complete associate-class structure of the infinite monoid.
1671,5330/81,1,5330/81,1,mixed_fraction,This is a bounded computational sample. It does not prove the complete associate-class structure of the infinite monoid.
1672,5330/243,1,5330/243,1,mixed_fraction,This is a bounded computational sample. It does not prove the complete associate-class structure of the infinite monoid.
1673,5335/81,1,5335/81,1,mixed_fraction,This is a bounded computational sample. It does not prove the complete associate-class structure of the infinite monoid.
1674,5338/81,1,5338/81,1,mixed_fraction,This is a bounded computational sample. It does not prove the complete associate-class structure of the infinite monoid.
1675,5339/243,1,5339/243,1,mixed_fraction,This is a bounded computational sample. It does not prove the complete associate-class structure of the infinite monoid.
1676,5341/81,1,5341/81,1,mixed_fraction,This is a bounded computational sample. It does not prove the complete associate-class structure of the infinite monoid.
1677,5347/81,1,5347/81,1,mixed_fraction,This is a bounded computational sample. It does not prove the complete associate-class structure of the infinite monoid.
1678,5348/81,1,5348/81,1,mixed_fraction,This is a bounded computational sample. It does not prove the complete associate-class structure of the infinite monoid.
1679,5350/81,1,5350/81,1,mixed_fraction,This is a bounded computational sample. It does not prove the complete associate-class structure of the infinite monoid.
1680,5351/81,1,5351/81,1,mixed_fraction,This is a bounded computational sample. It does not prove the complete associate-class structure of the infinite monoid.
1681,5353/81,1,5353/81,1,mixed_fraction,This is a bounded computational sample. It does not prove the complete associate-class structure of the infinite monoid.
1682,5357/81,1,5357/81,1,mixed_fraction,This is a bounded computational sample. It does not prove the complete associate-class structure of the infinite monoid.
1683,5360/81,1,5360/81,1,mixed_fraction,This is a bounded computational sample. It does not prove the complete associate-class structure of the infinite monoid.
1684,5362/81,1,5362/81,1,mixed_fraction,This is a bounded computational sample. It does not prove the complete associate-class structure of the infinite monoid.
1685,5366/243,1,5366/243,1,mixed_fraction,This is a bounded computational sample. It does not prove the complete associate-class structure of the infinite monoid.
1686,5368/81,1,5368/81,1,mixed_fraction,This is a bounded computational sample. It does not prove the complete associate-class structure of the infinite monoid.
1687,5375/81,1,5375/81,1,mixed_fraction,This is a bounded computational sample. It does not prove the complete associate-class structure of the infinite monoid.
1688,5375/243,1,5375/243,1,mixed_fraction,This is a bounded computational sample. It does not prove the complete associate-class structure of the infinite monoid.
1689,5378/81,1,5378/81,1,mixed_fraction,This is a bounded computational sample. It does not prove the complete associate-class structure of the infinite monoid.
1690,5380/81,1,5380/81,1,mixed_fraction,This is a bounded computational sample. It does not prove the complete associate-class structure of the infinite monoid.
1691,5384/243,1,5384/243,1,mixed_fraction,This is a bounded computational sample. It does not prove the complete associate-class structure of the infinite monoid.
1692,5387/81,1,5387/81,1,mixed_fraction,This is a bounded computational sample. It does not prove the complete associate-class structure of the infinite monoid.
1693,5392/81,1,5392/81,1,mixed_fraction,This is a bounded computational sample. It does not prove the complete associate-class structure of the infinite monoid.
1694,5393/243,1,5393/243,1,mixed_fraction,This is a bounded computational sample. It does not prove the complete associate-class structure of the infinite monoid.
1695,5395/81,1,5395/81,1,mixed_fraction,This is a bounded computational sample. It does not prove the complete associate-class structure of the infinite monoid.
1696,5398/81,1,5398/81,1,mixed_fraction,This is a bounded computational sample. It does not prove the complete associate-class structure of the infinite monoid.
1697,5401/81,1,5401/81,1,mixed_fraction,This is a bounded computational sample. It does not prove the complete associate-class structure of the infinite monoid.
1698,5405/81,1,5405/81,1,mixed_fraction,This is a bounded computational sample. It does not prove the complete associate-class structure of the infinite monoid.
1699,5405/243,1,5405/243,1,mixed_fraction,This is a bounded computational sample. It does not prove the complete associate-class structure of the infinite monoid.
1700,5407/81,1,5407/81,1,mixed_fraction,This is a bounded computational sample. It does not prove the complete associate-class structure of the infinite monoid.
1701,5411/81,1,5411/81,1,mixed_fraction,This is a bounded computational sample. It does not prove the complete associate-class structure of the infinite monoid.
1702,5411/243,1,5411/243,1,mixed_fraction,This is a bounded computational sample. It does not prove the complete associate-class structure of the infinite monoid.
1703,5416/81,1,5416/81,1,mixed_fraction,This is a bounded computational sample. It does not prove the complete associate-class structure of the infinite monoid.
1704,5422/81,1,5422/81,1,mixed_fraction,This is a bounded computational sample. It does not prove the complete associate-class structure of the infinite monoid.
1705,5425/81,1,5425/81,1,mixed_fraction,This is a bounded computational sample. It does not prove the complete associate-class structure of the infinite monoid.
1706,5428/81,1,5428/81,1,mixed_fraction,This is a bounded computational sample. It does not prove the complete associate-class structure of the infinite monoid.
1707,5431/81,1,5431/81,1,mixed_fraction,This is a bounded computational sample. It does not prove the complete associate-class structure of the infinite monoid.
1708,5432/81,1,5432/81,1,mixed_fraction,This is a bounded computational sample. It does not prove the complete associate-class structure of the infinite monoid.
1709,5438/81,1,5438/81,1,mixed_fraction,This is a bounded computational sample. It does not prove the complete associate-class structure of the infinite monoid.
1710,5441/81,1,5441/81,1,mixed_fraction,This is a bounded computational sample. It does not prove the complete associate-class structure of the infinite monoid.
1711,5443/81,1,5443/81,1,mixed_fraction,This is a bounded computational sample. It does not prove the complete associate-class structure of the infinite monoid.
1712,5450/81,1,5450/81,1,mixed_fraction,This is a bounded computational sample. It does not prove the complete associate-class structure of the infinite monoid.
1713,5455/81,1,5455/81,1,mixed_fraction,This is a bounded computational sample. It does not prove the complete associate-class structure of the infinite monoid.
1714,5456/81,1,5456/81,1,mixed_fraction,This is a bounded computational sample. It does not prove the complete associate-class structure of the infinite monoid.
1715,5461/81,1,5461/81,1,mixed_fraction,This is a bounded computational sample. It does not prove the complete associate-class structure of the infinite monoid.
1716,5465/243,1,5465/243,1,mixed_fraction,This is a bounded computational sample. It does not prove the complete associate-class structure of the infinite monoid.
1717,5468/81,1,5468/81,1,mixed_fraction,This is a bounded computational sample. It does not prove the complete associate-class structure of the infinite monoid.
1718,5470/81,1,5470/81,1,mixed_fraction,This is a bounded computational sample. It does not prove the complete associate-class structure of the infinite monoid.
1719,5473/81,1,5473/81,1,mixed_fraction,This is a bounded computational sample. It does not prove the complete associate-class structure of the infinite monoid.
1720,5476/81,1,5476/81,1,mixed_fraction,This is a bounded computational sample. It does not prove the complete associate-class structure of the infinite monoid.
1721,5482/81,1,5482/81,1,mixed_fraction,This is a bounded computational sample. It does not prove the complete associate-class structure of the infinite monoid.
1722,5485/81,1,5485/81,1,mixed_fraction,This is a bounded computational sample. It does not prove the complete associate-class structure of the infinite monoid.
1723,5486/81,1,5486/81,1,mixed_fraction,This is a bounded computational sample. It does not prove the complete associate-class structure of the infinite monoid.
1724,5486/243,1,5486/243,1,mixed_fraction,This is a bounded computational sample. It does not prove the complete associate-class structure of the infinite monoid.
1725,5488/81,1,5488/81,1,mixed_fraction,This is a bounded computational sample. It does not prove the complete associate-class structure of the infinite monoid.
1726,5492/81,1,5492/81,1,mixed_fraction,This is a bounded computational sample. It does not prove the complete associate-class structure of the infinite monoid.
1727,5495/81,1,5495/81,1,mixed_fraction,This is a bounded computational sample. It does not prove the complete associate-class structure of the infinite monoid.
1728,5497/81,1,5497/81,1,mixed_fraction,This is a bounded computational sample. It does not prove the complete associate-class structure of the infinite monoid.
1729,5500/81,1,5500/81,1,mixed_fraction,This is a bounded computational sample. It does not prove the complete associate-class structure of the infinite monoid.
1730,5501/243,1,5501/243,1,mixed_fraction,This is a bounded computational sample. It does not prove the complete associate-class structure of the infinite monoid.
1731,5503/81,1,5503/81,1,mixed_fraction,This is a bounded computational sample. It does not prove the complete associate-class structure of the infinite monoid.
1732,5506/81,1,5506/81,1,mixed_fraction,This is a bounded computational sample. It does not prove the complete associate-class structure of the infinite monoid.
1733,5510/81,1,5510/81,1,mixed_fraction,This is a bounded computational sample. It does not prove the complete associate-class structure of the infinite monoid.
1734,5512/81,1,5512/81,1,mixed_fraction,This is a bounded computational sample. It does not prove the complete associate-class structure of the infinite monoid.
1735,5513/81,1,5513/81,1,mixed_fraction,This is a bounded computational sample. It does not prove the complete associate-class structure of the infinite monoid.
1736,5522/81,1,5522/81,1,mixed_fraction,This is a bounded computational sample. It does not prove the complete associate-class structure of the infinite monoid.
1737,5528/243,1,5528/243,1,mixed_fraction,This is a bounded computational sample. It does not prove the complete associate-class structure of the infinite monoid.
1738,5530/81,1,5530/81,1,mixed_fraction,This is a bounded computational sample. It does not prove the complete associate-class structure of the infinite monoid.
1739,5531/81,1,5531/81,1,mixed_fraction,This is a bounded computational sample. It does not prove the complete associate-class structure of the infinite monoid.
1740,5536/81,1,5536/81,1,mixed_fraction,This is a bounded computational sample. It does not prove the complete associate-class structure of the infinite monoid.
1741,5537/81,1,5537/81,1,mixed_fraction,This is a bounded computational sample. It does not prove the complete associate-class structure of the infinite monoid.
1742,5542/81,1,5542/81,1,mixed_fraction,This is a bounded computational sample. It does not prove the complete associate-class structure of the infinite monoid.
1743,5546/243,1,5546/243,1,mixed_fraction,This is a bounded computational sample. It does not prove the complete associate-class structure of the infinite monoid.
1744,5551/81,1,5551/81,1,mixed_fraction,This is a bounded computational sample. It does not prove the complete associate-class structure of the infinite monoid.
1745,5555/243,1,5555/243,1,mixed_fraction,This is a bounded computational sample. It does not prove the complete associate-class structure of the infinite monoid.
1746,5557/81,1,5557/81,1,mixed_fraction,This is a bounded computational sample. It does not prove the complete associate-class structure of the infinite monoid.
1747,5560/81,1,5560/81,1,mixed_fraction,This is a bounded computational sample. It does not prove the complete associate-class structure of the infinite monoid.
1748,5563/81,1,5563/81,1,mixed_fraction,This is a bounded computational sample. It does not prove the complete associate-class structure of the infinite monoid.
1749,5566/81,1,5566/81,1,mixed_fraction,This is a bounded computational sample. It does not prove the complete associate-class structure of the infinite monoid.
1750,5567/81,1,5567/81,1,mixed_fraction,This is a bounded computational sample. It does not prove the complete associate-class structure of the infinite monoid.
1751,5573/81,1,5573/81,1,mixed_fraction,This is a bounded computational sample. It does not prove the complete associate-class structure of the infinite monoid.
1752,5573/243,1,5573/243,1,mixed_fraction,This is a bounded computational sample. It does not prove the complete associate-class structure of the infinite monoid.
1753,5575/81,1,5575/81,1,mixed_fraction,This is a bounded computational sample. It does not prove the complete associate-class structure of the infinite monoid.
1754,5576/81,1,5576/81,1,mixed_fraction,This is a bounded computational sample. It does not prove the complete associate-class structure of the infinite monoid.
1755,5578/81,1,5578/81,1,mixed_fraction,This is a bounded computational sample. It does not prove the complete associate-class structure of the infinite monoid.
1756,5581/81,1,5581/81,1,mixed_fraction,This is a bounded computational sample. It does not prove the complete associate-class structure of the infinite monoid.
1757,5585/81,1,5585/81,1,mixed_fraction,This is a bounded computational sample. It does not prove the complete associate-class structure of the infinite monoid.
1758,5587/81,1,5587/81,1,mixed_fraction,This is a bounded computational sample. It does not prove the complete associate-class structure of the infinite monoid.
1759,5591/81,1,5591/81,1,mixed_fraction,This is a bounded computational sample. It does not prove the complete associate-class structure of the infinite monoid.
1760,5593/81,1,5593/81,1,mixed_fraction,This is a bounded computational sample. It does not prove the complete associate-class structure of the infinite monoid.
1761,5600/81,1,5600/81,1,mixed_fraction,This is a bounded computational sample. It does not prove the complete associate-class structure of the infinite monoid.
1762,5600/243,1,5600/243,1,mixed_fraction,This is a bounded computational sample. It does not prove the complete associate-class structure of the infinite monoid.
1763,5603/81,1,5603/81,1,mixed_fraction,This is a bounded computational sample. It does not prove the complete associate-class structure of the infinite monoid.
1764,5605/81,1,5605/81,1,mixed_fraction,This is a bounded computational sample. It does not prove the complete associate-class structure of the infinite monoid.
1765,5609/243,1,5609/243,1,mixed_fraction,This is a bounded computational sample. It does not prove the complete associate-class structure of the infinite monoid.
1766,5611/81,1,5611/81,1,mixed_fraction,This is a bounded computational sample. It does not prove the complete associate-class structure of the infinite monoid.
1767,5612/81,1,5612/81,1,mixed_fraction,This is a bounded computational sample. It does not prove the complete associate-class structure of the infinite monoid.
1768,5617/81,1,5617/81,1,mixed_fraction,This is a bounded computational sample. It does not prove the complete associate-class structure of the infinite monoid.
1769,5618/81,1,5618/81,1,mixed_fraction,This is a bounded computational sample. It does not prove the complete associate-class structure of the infinite monoid.
1770,5618/243,1,5618/243,1,mixed_fraction,This is a bounded computational sample. It does not prove the complete associate-class structure of the infinite monoid.
1771,5620/81,1,5620/81,1,mixed_fraction,This is a bounded computational sample. It does not prove the complete associate-class structure of the infinite monoid.
1772,5623/81,1,5623/81,1,mixed_fraction,This is a bounded computational sample. It does not prove the complete associate-class structure of the infinite monoid.
1773,5630/81,1,5630/81,1,mixed_fraction,This is a bounded computational sample. It does not prove the complete associate-class structure of the infinite monoid.
1774,5632/81,1,5632/81,1,mixed_fraction,This is a bounded computational sample. It does not prove the complete associate-class structure of the infinite monoid.
1775,5635/81,1,5635/81,1,mixed_fraction,This is a bounded computational sample. It does not prove the complete associate-class structure of the infinite monoid.
1776,5636/243,1,5636/243,1,mixed_fraction,This is a bounded computational sample. It does not prove the complete associate-class structure of the infinite monoid.
1777,5638/81,1,5638/81,1,mixed_fraction,This is a bounded computational sample. It does not prove the complete associate-class structure of the infinite monoid.
1778,5641/81,1,5641/81,1,mixed_fraction,This is a bounded computational sample. It does not prove the complete associate-class structure of the infinite monoid.
1779,5645/81,1,5645/81,1,mixed_fraction,This is a bounded computational sample. It does not prove the complete associate-class structure of the infinite monoid.
1780,5647/81,1,5647/81,1,mixed_fraction,This is a bounded computational sample. It does not prove the complete associate-class structure of the infinite monoid.
1781,5648/81,1,5648/81,1,mixed_fraction,This is a bounded computational sample. It does not prove the complete associate-class structure of the infinite monoid.
1782,5648/243,1,5648/243,1,mixed_fraction,This is a bounded computational sample. It does not prove the complete associate-class structure of the infinite monoid.
1783,5654/243,1,5654/243,1,mixed_fraction,This is a bounded computational sample. It does not prove the complete associate-class structure of the infinite monoid.
1784,5656/81,1,5656/81,1,mixed_fraction,This is a bounded computational sample. It does not prove the complete associate-class structure of the infinite monoid.
1785,5657/81,1,5657/81,1,mixed_fraction,This is a bounded computational sample. It does not prove the complete associate-class structure of the infinite monoid.
1786,5662/81,1,5662/81,1,mixed_fraction,This is a bounded computational sample. It does not prove the complete associate-class structure of the infinite monoid.
1787,5666/81,1,5666/81,1,mixed_fraction,This is a bounded computational sample. It does not prove the complete associate-class structure of the infinite monoid.
1788,5668/81,1,5668/81,1,mixed_fraction,This is a bounded computational sample. It does not prove the complete associate-class structure of the infinite monoid.
1789,5672/81,1,5672/81,1,mixed_fraction,This is a bounded computational sample. It does not prove the complete associate-class structure of the infinite monoid.
1790,5675/81,1,5675/81,1,mixed_fraction,This is a bounded computational sample. It does not prove the complete associate-class structure of the infinite monoid.
1791,5675/243,1,5675/243,1,mixed_fraction,This is a bounded computational sample. It does not prove the complete associate-class structure of the infinite monoid.
1792,5681/81,1,5681/81,1,mixed_fraction,This is a bounded computational sample. It does not prove the complete associate-class structure of the infinite monoid.
1793,5686/81,1,5686/81,1,mixed_fraction,This is a bounded computational sample. It does not prove the complete associate-class structure of the infinite monoid.
1794,5690/243,1,5690/243,1,mixed_fraction,This is a bounded computational sample. It does not prove the complete associate-class structure of the infinite monoid.
1795,5692/81,1,5692/81,1,mixed_fraction,This is a bounded computational sample. It does not prove the complete associate-class structure of the infinite monoid.
1796,5693/81,1,5693/81,1,mixed_fraction,This is a bounded computational sample. It does not prove the complete associate-class structure of the infinite monoid.
1797,5695/81,1,5695/81,1,mixed_fraction,This is a bounded computational sample. It does not prove the complete associate-class structure of the infinite monoid.
1798,5698/81,1,5698/81,1,mixed_fraction,This is a bounded computational sample. It does not prove the complete associate-class structure of the infinite monoid.
1799,5701/81,1,5701/81,1,mixed_fraction,This is a bounded computational sample. It does not prove the complete associate-class structure of the infinite monoid.
1800,5708/243,1,5708/243,1,mixed_fraction,This is a bounded computational sample. It does not prove the complete associate-class structure of the infinite monoid.
1801,5710/81,1,5710/81,1,mixed_fraction,This is a bounded computational sample. It does not prove the complete associate-class structure of the infinite monoid.
1802,5711/81,1,5711/81,1,mixed_fraction,This is a bounded computational sample. It does not prove the complete associate-class structure of the infinite monoid.
1803,5713/81,1,5713/81,1,mixed_fraction,This is a bounded computational sample. It does not prove the complete associate-class structure of the infinite monoid.
1804,5716/81,1,5716/81,1,mixed_fraction,This is a bounded computational sample. It does not prove the complete associate-class structure of the infinite monoid.
1805,5720/81,1,5720/81,1,mixed_fraction,This is a bounded computational sample. It does not prove the complete associate-class structure of the infinite monoid.
1806,5722/81,1,5722/81,1,mixed_fraction,This is a bounded computational sample. It does not prove the complete associate-class structure of the infinite monoid.
1807,5725/81,1,5725/81,1,mixed_fraction,This is a bounded computational sample. It does not prove the complete associate-class structure of the infinite monoid.
1808,5726/81,1,5726/81,1,mixed_fraction,This is a bounded computational sample. It does not prove the complete associate-class structure of the infinite monoid.
1809,5728/81,1,5728/81,1,mixed_fraction,This is a bounded computational sample. It does not prove the complete associate-class structure of the infinite monoid.
1810,5729/243,1,5729/243,1,mixed_fraction,This is a bounded computational sample. It does not prove the complete associate-class structure of the infinite monoid.
1811,5735/81,1,5735/81,1,mixed_fraction,This is a bounded computational sample. It does not prove the complete associate-class structure of the infinite monoid.
1812,5735/243,1,5735/243,1,mixed_fraction,This is a bounded computational sample. It does not prove the complete associate-class structure of the infinite monoid.
1813,5737/81,1,5737/81,1,mixed_fraction,This is a bounded computational sample. It does not prove the complete associate-class structure of the infinite monoid.
1814,5738/81,1,5738/81,1,mixed_fraction,This is a bounded computational sample. It does not prove the complete associate-class structure of the infinite monoid.
1815,5743/81,1,5743/81,1,mixed_fraction,This is a bounded computational sample. It does not prove the complete associate-class structure of the infinite monoid.
1816,5744/243,1,5744/243,1,mixed_fraction,This is a bounded computational sample. It does not prove the complete associate-class structure of the infinite monoid.
1817,5747/81,1,5747/81,1,mixed_fraction,This is a bounded computational sample. It does not prove the complete associate-class structure of the infinite monoid.
1818,5750/81,1,5750/81,1,mixed_fraction,This is a bounded computational sample. It does not prove the complete associate-class structure of the infinite monoid.
1819,5753/81,1,5753/81,1,mixed_fraction,This is a bounded computational sample. It does not prove the complete associate-class structure of the infinite monoid.
1820,5755/81,1,5755/81,1,mixed_fraction,This is a bounded computational sample. It does not prove the complete associate-class structure of the infinite monoid.
1821,5756/81,1,5756/81,1,mixed_fraction,This is a bounded computational sample. It does not prove the complete associate-class structure of the infinite monoid.
1822,5762/81,1,5762/81,1,mixed_fraction,This is a bounded computational sample. It does not prove the complete associate-class structure of the infinite monoid.
1823,5767/81,1,5767/81,1,mixed_fraction,This is a bounded computational sample. It does not prove the complete associate-class structure of the infinite monoid.
1824,5770/81,1,5770/81,1,mixed_fraction,This is a bounded computational sample. It does not prove the complete associate-class structure of the infinite monoid.
1825,5771/243,1,5771/243,1,mixed_fraction,This is a bounded computational sample. It does not prove the complete associate-class structure of the infinite monoid.
1826,5773/81,1,5773/81,1,mixed_fraction,This is a bounded computational sample. It does not prove the complete associate-class structure of the infinite monoid.
1827,5776/81,1,5776/81,1,mixed_fraction,This is a bounded computational sample. It does not prove the complete associate-class structure of the infinite monoid.
1828,5780/81,1,5780/81,1,mixed_fraction,This is a bounded computational sample. It does not prove the complete associate-class structure of the infinite monoid.
1829,5780/243,1,5780/243,1,mixed_fraction,This is a bounded computational sample. It does not prove the complete associate-class structure of the infinite monoid.
1830,5782/81,1,5782/81,1,mixed_fraction,This is a bounded computational sample. It does not prove the complete associate-class structure of the infinite monoid.
1831,5789/243,1,5789/243,1,mixed_fraction,This is a bounded computational sample. It does not prove the complete associate-class structure of the infinite monoid.
1832,5791/81,1,5791/81,1,mixed_fraction,This is a bounded computational sample. It does not prove the complete associate-class structure of the infinite monoid.
1833,5792/81,1,5792/81,1,mixed_fraction,This is a bounded computational sample. It does not prove the complete associate-class structure of the infinite monoid.
1834,5797/81,1,5797/81,1,mixed_fraction,This is a bounded computational sample. It does not prove the complete associate-class structure of the infinite monoid.
1835,5798/243,1,5798/243,1,mixed_fraction,This is a bounded computational sample. It does not prove the complete associate-class structure of the infinite monoid.
1836,5800/81,1,5800/81,1,mixed_fraction,This is a bounded computational sample. It does not prove the complete associate-class structure of the infinite monoid.
1837,5801/81,1,5801/81,1,mixed_fraction,This is a bounded computational sample. It does not prove the complete associate-class structure of the infinite monoid.
1838,5803/81,1,5803/81,1,mixed_fraction,This is a bounded computational sample. It does not prove the complete associate-class structure of the infinite monoid.
1839,5806/81,1,5806/81,1,mixed_fraction,This is a bounded computational sample. It does not prove the complete associate-class structure of the infinite monoid.
1840,5807/81,1,5807/81,1,mixed_fraction,This is a bounded computational sample. It does not prove the complete associate-class structure of the infinite monoid.
1841,5810/81,1,5810/81,1,mixed_fraction,This is a bounded computational sample. It does not prove the complete associate-class structure of the infinite monoid.
1842,5810/243,1,5810/243,1,mixed_fraction,This is a bounded computational sample. It does not prove the complete associate-class structure of the infinite monoid.
1843,5816/81,1,5816/81,1,mixed_fraction,This is a bounded computational sample. It does not prove the complete associate-class structure of the infinite monoid.
1844,5816/243,1,5816/243,1,mixed_fraction,This is a bounded computational sample. It does not prove the complete associate-class structure of the infinite monoid.
1845,5818/81,1,5818/81,1,mixed_fraction,This is a bounded computational sample. It does not prove the complete associate-class structure of the infinite monoid.
1846,5825/81,1,5825/81,1,mixed_fraction,This is a bounded computational sample. It does not prove the complete associate-class structure of the infinite monoid.
1847,5828/81,1,5828/81,1,mixed_fraction,This is a bounded computational sample. It does not prove the complete associate-class structure of the infinite monoid.
1848,5830/81,1,5830/81,1,mixed_fraction,This is a bounded computational sample. It does not prove the complete associate-class structure of the infinite monoid.
1849,5831/81,1,5831/81,1,mixed_fraction,This is a bounded computational sample. It does not prove the complete associate-class structure of the infinite monoid.
1850,5836/81,1,5836/81,1,mixed_fraction,This is a bounded computational sample. It does not prove the complete associate-class structure of the infinite monoid.
1851,5837/81,1,5837/81,1,mixed_fraction,This is a bounded computational sample. It does not prove the complete associate-class structure of the infinite monoid.
1852,5843/81,1,5843/81,1,mixed_fraction,This is a bounded computational sample. It does not prove the complete associate-class structure of the infinite monoid.
1853,5843/243,1,5843/243,1,mixed_fraction,This is a bounded computational sample. It does not prove the complete associate-class structure of the infinite monoid.
1854,5845/81,1,5845/81,1,mixed_fraction,This is a bounded computational sample. It does not prove the complete associate-class structure of the infinite monoid.
1855,5848/81,1,5848/81,1,mixed_fraction,This is a bounded computational sample. It does not prove the complete associate-class structure of the infinite monoid.
1856,5851/81,1,5851/81,1,mixed_fraction,This is a bounded computational sample. It does not prove the complete associate-class structure of the infinite monoid.
1857,5855/81,1,5855/81,1,mixed_fraction,This is a bounded computational sample. It does not prove the complete associate-class structure of the infinite monoid.
1858,5857/81,1,5857/81,1,mixed_fraction,This is a bounded computational sample. It does not prove the complete associate-class structure of the infinite monoid.
1859,5860/81,1,5860/81,1,mixed_fraction,This is a bounded computational sample. It does not prove the complete associate-class structure of the infinite monoid.
1860,5861/81,1,5861/81,1,mixed_fraction,This is a bounded computational sample. It does not prove the complete associate-class structure of the infinite monoid.
1861,5861/243,1,5861/243,1,mixed_fraction,This is a bounded computational sample. It does not prove the complete associate-class structure of the infinite monoid.
1862,5863/81,1,5863/81,1,mixed_fraction,This is a bounded computational sample. It does not prove the complete associate-class structure of the infinite monoid.
1863,5870/81,1,5870/81,1,mixed_fraction,This is a bounded computational sample. It does not prove the complete associate-class structure of the infinite monoid.
1864,5872/81,1,5872/81,1,mixed_fraction,This is a bounded computational sample. It does not prove the complete associate-class structure of the infinite monoid.
1865,5873/81,1,5873/81,1,mixed_fraction,This is a bounded computational sample. It does not prove the complete associate-class structure of the infinite monoid.
1866,5878/81,1,5878/81,1,mixed_fraction,This is a bounded computational sample. It does not prove the complete associate-class structure of the infinite monoid.
1867,5879/243,1,5879/243,1,mixed_fraction,This is a bounded computational sample. It does not prove the complete associate-class structure of the infinite monoid.
1868,5881/81,1,5881/81,1,mixed_fraction,This is a bounded computational sample. It does not prove the complete associate-class structure of the infinite monoid.
1869,5882/81,1,5882/81,1,mixed_fraction,This is a bounded computational sample. It does not prove the complete associate-class structure of the infinite monoid.
1870,5885/81,1,5885/81,1,mixed_fraction,This is a bounded computational sample. It does not prove the complete associate-class structure of the infinite monoid.
1871,5887/81,1,5887/81,1,mixed_fraction,This is a bounded computational sample. It does not prove the complete associate-class structure of the infinite monoid.
1872,5888/81,1,5888/81,1,mixed_fraction,This is a bounded computational sample. It does not prove the complete associate-class structure of the infinite monoid.
1873,5891/81,1,5891/81,1,mixed_fraction,This is a bounded computational sample. It does not prove the complete associate-class structure of the infinite monoid.
1874,5891/243,1,5891/243,1,mixed_fraction,This is a bounded computational sample. It does not prove the complete associate-class structure of the infinite monoid.
1875,5897/81,1,5897/81,1,mixed_fraction,This is a bounded computational sample. It does not prove the complete associate-class structure of the infinite monoid.
1876,5905/81,1,5905/81,1,mixed_fraction,This is a bounded computational sample. It does not prove the complete associate-class structure of the infinite monoid.
1877,5906/81,1,5906/81,1,mixed_fraction,This is a bounded computational sample. It does not prove the complete associate-class structure of the infinite monoid.
1878,5911/81,1,5911/81,1,mixed_fraction,This is a bounded computational sample. It does not prove the complete associate-class structure of the infinite monoid.
1879,5912/81,1,5912/81,1,mixed_fraction,This is a bounded computational sample. It does not prove the complete associate-class structure of the infinite monoid.
1880,5917/81,1,5917/81,1,mixed_fraction,This is a bounded computational sample. It does not prove the complete associate-class structure of the infinite monoid.
1881,5918/81,1,5918/81,1,mixed_fraction,This is a bounded computational sample. It does not prove the complete associate-class structure of the infinite monoid.
1882,5918/243,1,5918/243,1,mixed_fraction,This is a bounded computational sample. It does not prove the complete associate-class structure of the infinite monoid.
1883,5926/81,1,5926/81,1,mixed_fraction,This is a bounded computational sample. It does not prove the complete associate-class structure of the infinite monoid.
1884,5932/81,1,5932/81,1,mixed_fraction,This is a bounded computational sample. It does not prove the complete associate-class structure of the infinite monoid.
1885,5933/243,1,5933/243,1,mixed_fraction,This is a bounded computational sample. It does not prove the complete associate-class structure of the infinite monoid.
1886,5935/81,1,5935/81,1,mixed_fraction,This is a bounded computational sample. It does not prove the complete associate-class structure of the infinite monoid.
1887,5936/81,1,5936/81,1,mixed_fraction,This is a bounded computational sample. It does not prove the complete associate-class structure of the infinite monoid.
1888,5938/81,1,5938/81,1,mixed_fraction,This is a bounded computational sample. It does not prove the complete associate-class structure of the infinite monoid.
1889,5941/81,1,5941/81,1,mixed_fraction,This is a bounded computational sample. It does not prove the complete associate-class structure of the infinite monoid.
1890,5942/81,1,5942/81,1,mixed_fraction,This is a bounded computational sample. It does not prove the complete associate-class structure of the infinite monoid.
1891,5945/81,1,5945/81,1,mixed_fraction,This is a bounded computational sample. It does not prove the complete associate-class structure of the infinite monoid.
1892,5950/81,1,5950/81,1,mixed_fraction,This is a bounded computational sample. It does not prove the complete associate-class structure of the infinite monoid.
1893,5951/81,1,5951/81,1,mixed_fraction,This is a bounded computational sample. It does not prove the complete associate-class structure of the infinite monoid.
1894,5951/243,1,5951/243,1,mixed_fraction,This is a bounded computational sample. It does not prove the complete associate-class structure of the infinite monoid.
1895,5953/81,1,5953/81,1,mixed_fraction,This is a bounded computational sample. It does not prove the complete associate-class structure of the infinite monoid.
1896,5960/81,1,5960/81,1,mixed_fraction,This is a bounded computational sample. It does not prove the complete associate-class structure of the infinite monoid.
1897,5960/243,1,5960/243,1,mixed_fraction,This is a bounded computational sample. It does not prove the complete associate-class structure of the infinite monoid.
1898,5962/81,1,5962/81,1,mixed_fraction,This is a bounded computational sample. It does not prove the complete associate-class structure of the infinite monoid.
1899,5963/81,1,5963/81,1,mixed_fraction,This is a bounded computational sample. It does not prove the complete associate-class structure of the infinite monoid.
1900,5966/81,1,5966/81,1,mixed_fraction,This is a bounded computational sample. It does not prove the complete associate-class structure of the infinite monoid.
1901,5968/81,1,5968/81,1,mixed_fraction,This is a bounded computational sample. It does not prove the complete associate-class structure of the infinite monoid.
1902,5972/81,1,5972/81,1,mixed_fraction,This is a bounded computational sample. It does not prove the complete associate-class structure of the infinite monoid.
1903,5975/81,1,5975/81,1,mixed_fraction,This is a bounded computational sample. It does not prove the complete associate-class structure of the infinite monoid.
1904,5978/81,1,5978/81,1,mixed_fraction,This is a bounded computational sample. It does not prove the complete associate-class structure of the infinite monoid.
1905,5978/243,1,5978/243,1,mixed_fraction,This is a bounded computational sample. It does not prove the complete associate-class structure of the infinite monoid.
1906,5980/81,1,5980/81,1,mixed_fraction,This is a bounded computational sample. It does not prove the complete associate-class structure of the infinite monoid.
1907,5986/81,1,5986/81,1,mixed_fraction,This is a bounded computational sample. It does not prove the complete associate-class structure of the infinite monoid.
1908,5987/81,1,5987/81,1,mixed_fraction,This is a bounded computational sample. It does not prove the complete associate-class structure of the infinite monoid.
1909,5992/81,1,5992/81,1,mixed_fraction,This is a bounded computational sample. It does not prove the complete associate-class structure of the infinite monoid.
1910,5993/81,1,5993/81,1,mixed_fraction,This is a bounded computational sample. It does not prove the complete associate-class structure of the infinite monoid.
1911,5995/81,1,5995/81,1,mixed_fraction,This is a bounded computational sample. It does not prove the complete associate-class structure of the infinite monoid.
1912,5998/81,1,5998/81,1,mixed_fraction,This is a bounded computational sample. It does not prove the complete associate-class structure of the infinite monoid.
1913,6005/81,1,6005/81,1,mixed_fraction,This is a bounded computational sample. It does not prove the complete associate-class structure of the infinite monoid.
1914,6005/243,1,6005/243,1,mixed_fraction,This is a bounded computational sample. It does not prove the complete associate-class structure of the infinite monoid.
1915,6007/81,1,6007/81,1,mixed_fraction,This is a bounded computational sample. It does not prove the complete associate-class structure of the infinite monoid.
1916,6013/81,1,6013/81,1,mixed_fraction,This is a bounded computational sample. It does not prove the complete associate-class structure of the infinite monoid.
1917,6014/243,1,6014/243,1,mixed_fraction,This is a bounded computational sample. It does not prove the complete associate-class structure of the infinite monoid.
1918,6016/81,1,6016/81,1,mixed_fraction,This is a bounded computational sample. It does not prove the complete associate-class structure of the infinite monoid.
1919,6017/81,1,6017/81,1,mixed_fraction,This is a bounded computational sample. It does not prove the complete associate-class structure of the infinite monoid.
1920,6020/81,1,6020/81,1,mixed_fraction,This is a bounded computational sample. It does not prove the complete associate-class structure of the infinite monoid.
1921,6022/81,1,6022/81,1,mixed_fraction,This is a bounded computational sample. It does not prove the complete associate-class structure of the infinite monoid.
1922,6023/81,1,6023/81,1,mixed_fraction,This is a bounded computational sample. It does not prove the complete associate-class structure of the infinite monoid.
1923,6023/243,1,6023/243,1,mixed_fraction,This is a bounded computational sample. It does not prove the complete associate-class structure of the infinite monoid.
1924,6026/81,1,6026/81,1,mixed_fraction,This is a bounded computational sample. It does not prove the complete associate-class structure of the infinite monoid.
1925,6031/81,1,6031/81,1,mixed_fraction,This is a bounded computational sample. It does not prove the complete associate-class structure of the infinite monoid.
1926,6032/81,1,6032/81,1,mixed_fraction,This is a bounded computational sample. It does not prove the complete associate-class structure of the infinite monoid.
1927,6041/81,1,6041/81,1,mixed_fraction,This is a bounded computational sample. It does not prove the complete associate-class structure of the infinite monoid.
1928,6041/243,1,6041/243,1,mixed_fraction,This is a bounded computational sample. It does not prove the complete associate-class structure of the infinite monoid.
1929,6043/81,1,6043/81,1,mixed_fraction,This is a bounded computational sample. It does not prove the complete associate-class structure of the infinite monoid.
1930,6047/81,1,6047/81,1,mixed_fraction,This is a bounded computational sample. It does not prove the complete associate-class structure of the infinite monoid.
1931,6050/81,1,6050/81,1,mixed_fraction,This is a bounded computational sample. It does not prove the complete associate-class structure of the infinite monoid.
1932,6050/243,1,6050/243,1,mixed_fraction,This is a bounded computational sample. It does not prove the complete associate-class structure of the infinite monoid.
1933,6053/81,1,6053/81,1,mixed_fraction,This is a bounded computational sample. It does not prove the complete associate-class structure of the infinite monoid.
1934,6053/243,1,6053/243,1,mixed_fraction,This is a bounded computational sample. It does not prove the complete associate-class structure of the infinite monoid.
1935,6056/81,1,6056/81,1,mixed_fraction,This is a bounded computational sample. It does not prove the complete associate-class structure of the infinite monoid.
1936,6059/243,1,6059/243,1,mixed_fraction,This is a bounded computational sample. It does not prove the complete associate-class structure of the infinite monoid.
1937,6061/81,1,6061/81,1,mixed_fraction,This is a bounded computational sample. It does not prove the complete associate-class structure of the infinite monoid.
1938,6067/81,1,6067/81,1,mixed_fraction,This is a bounded computational sample. It does not prove the complete associate-class structure of the infinite monoid.
1939,6068/81,1,6068/81,1,mixed_fraction,This is a bounded computational sample. It does not prove the complete associate-class structure of the infinite monoid.
1940,6070/81,1,6070/81,1,mixed_fraction,This is a bounded computational sample. It does not prove the complete associate-class structure of the infinite monoid.
1941,6073/81,1,6073/81,1,mixed_fraction,This is a bounded computational sample. It does not prove the complete associate-class structure of the infinite monoid.
1942,6076/81,1,6076/81,1,mixed_fraction,This is a bounded computational sample. It does not prove the complete associate-class structure of the infinite monoid.
1943,6080/81,1,6080/81,1,mixed_fraction,This is a bounded computational sample. It does not prove the complete associate-class structure of the infinite monoid.
1944,6080/243,1,6080/243,1,mixed_fraction,This is a bounded computational sample. It does not prove the complete associate-class structure of the infinite monoid.
1945,6085/81,1,6085/81,1,mixed_fraction,This is a bounded computational sample. It does not prove the complete associate-class structure of the infinite monoid.
1946,6086/81,1,6086/81,1,mixed_fraction,This is a bounded computational sample. It does not prove the complete associate-class structure of the infinite monoid.
1947,6086/243,1,6086/243,1,mixed_fraction,This is a bounded computational sample. It does not prove the complete associate-class structure of the infinite monoid.
1948,6088/81,1,6088/81,1,mixed_fraction,This is a bounded computational sample. It does not prove the complete associate-class structure of the infinite monoid.
1949,6095/81,1,6095/81,1,mixed_fraction,This is a bounded computational sample. It does not prove the complete associate-class structure of the infinite monoid.
1950,6097/81,1,6097/81,1,mixed_fraction,This is a bounded computational sample. It does not prove the complete associate-class structure of the infinite monoid.
1951,6098/81,1,6098/81,1,mixed_fraction,This is a bounded computational sample. It does not prove the complete associate-class structure of the infinite monoid.
1952,6101/81,1,6101/81,1,mixed_fraction,This is a bounded computational sample. It does not prove the complete associate-class structure of the infinite monoid.
1953,6103/81,1,6103/81,1,mixed_fraction,This is a bounded computational sample. It does not prove the complete associate-class structure of the infinite monoid.
1954,6104/243,1,6104/243,1,mixed_fraction,This is a bounded computational sample. It does not prove the complete associate-class structure of the infinite monoid.
1955,6107/81,1,6107/81,1,mixed_fraction,This is a bounded computational sample. It does not prove the complete associate-class structure of the infinite monoid.
1956,6110/81,1,6110/81,1,mixed_fraction,This is a bounded computational sample. It does not prove the complete associate-class structure of the infinite monoid.
1957,6112/81,1,6112/81,1,mixed_fraction,This is a bounded computational sample. It does not prove the complete associate-class structure of the infinite monoid.
1958,6113/81,1,6113/81,1,mixed_fraction,This is a bounded computational sample. It does not prove the complete associate-class structure of the infinite monoid.
1959,6122/81,1,6122/81,1,mixed_fraction,This is a bounded computational sample. It does not prove the complete associate-class structure of the infinite monoid.
1960,6125/81,1,6125/81,1,mixed_fraction,This is a bounded computational sample. It does not prove the complete associate-class structure of the infinite monoid.
1961,6125/243,1,6125/243,1,mixed_fraction,This is a bounded computational sample. It does not prove the complete associate-class structure of the infinite monoid.
1962,6128/81,1,6128/81,1,mixed_fraction,This is a bounded computational sample. It does not prove the complete associate-class structure of the infinite monoid.
1963,6130/81,1,6130/81,1,mixed_fraction,This is a bounded computational sample. It does not prove the complete associate-class structure of the infinite monoid.
1964,6131/81,1,6131/81,1,mixed_fraction,This is a bounded computational sample. It does not prove the complete associate-class structure of the infinite monoid.
1965,6134/243,1,6134/243,1,mixed_fraction,This is a bounded computational sample. It does not prove the complete associate-class structure of the infinite monoid.
1966,6137/81,1,6137/81,1,mixed_fraction,This is a bounded computational sample. It does not prove the complete associate-class structure of the infinite monoid.
1967,6140/243,1,6140/243,1,mixed_fraction,This is a bounded computational sample. It does not prove the complete associate-class structure of the infinite monoid.
1968,6142/81,1,6142/81,1,mixed_fraction,This is a bounded computational sample. It does not prove the complete associate-class structure of the infinite monoid.
1969,6148/81,1,6148/81,1,mixed_fraction,This is a bounded computational sample. It does not prove the complete associate-class structure of the infinite monoid.
1970,6151/81,1,6151/81,1,mixed_fraction,This is a bounded computational sample. It does not prove the complete associate-class structure of the infinite monoid.
1971,6155/81,1,6155/81,1,mixed_fraction,This is a bounded computational sample. It does not prove the complete associate-class structure of the infinite monoid.
1972,6157/81,1,6157/81,1,mixed_fraction,This is a bounded computational sample. It does not prove the complete associate-class structure of the infinite monoid.
1973,6161/81,1,6161/81,1,mixed_fraction,This is a bounded computational sample. It does not prove the complete associate-class structure of the infinite monoid.
1974,6161/243,1,6161/243,1,mixed_fraction,This is a bounded computational sample. It does not prove the complete associate-class structure of the infinite monoid.
1975,6166/81,1,6166/81,1,mixed_fraction,This is a bounded computational sample. It does not prove the complete associate-class structure of the infinite monoid.
1976,6167/81,1,6167/81,1,mixed_fraction,This is a bounded computational sample. It does not prove the complete associate-class structure of the infinite monoid.
1977,6175/81,1,6175/81,1,mixed_fraction,This is a bounded computational sample. It does not prove the complete associate-class structure of the infinite monoid.
1978,6176/81,1,6176/81,1,mixed_fraction,This is a bounded computational sample. It does not prove the complete associate-class structure of the infinite monoid.
1979,6176/243,1,6176/243,1,mixed_fraction,This is a bounded computational sample. It does not prove the complete associate-class structure of the infinite monoid.
1980,6178/81,1,6178/81,1,mixed_fraction,This is a bounded computational sample. It does not prove the complete associate-class structure of the infinite monoid.
1981,6182/81,1,6182/81,1,mixed_fraction,This is a bounded computational sample. It does not prove the complete associate-class structure of the infinite monoid.
1982,6185/81,1,6185/81,1,mixed_fraction,This is a bounded computational sample. It does not prove the complete associate-class structure of the infinite monoid.
1983,6185/243,1,6185/243,1,mixed_fraction,This is a bounded computational sample. It does not prove the complete associate-class structure of the infinite monoid.
1984,6188/81,1,6188/81,1,mixed_fraction,This is a bounded computational sample. It does not prove the complete associate-class structure of the infinite monoid.
1985,6191/81,1,6191/81,1,mixed_fraction,This is a bounded computational sample. It does not prove the complete associate-class structure of the infinite monoid.
1986,6193/81,1,6193/81,1,mixed_fraction,This is a bounded computational sample. It does not prove the complete associate-class structure of the infinite monoid.
1987,6194/243,1,6194/243,1,mixed_fraction,This is a bounded computational sample. It does not prove the complete associate-class structure of the infinite monoid.
1988,6200/81,1,6200/81,1,mixed_fraction,This is a bounded computational sample. It does not prove the complete associate-class structure of the infinite monoid.
1989,6203/81,1,6203/81,1,mixed_fraction,This is a bounded computational sample. It does not prove the complete associate-class structure of the infinite monoid.
1990,6203/243,1,6203/243,1,mixed_fraction,This is a bounded computational sample. It does not prove the complete associate-class structure of the infinite monoid.
1991,6205/81,1,6205/81,1,mixed_fraction,This is a bounded computational sample. It does not prove the complete associate-class structure of the infinite monoid.
1992,6206/81,1,6206/81,1,mixed_fraction,This is a bounded computational sample. It does not prove the complete associate-class structure of the infinite monoid.
1993,6211/81,1,6211/81,1,mixed_fraction,This is a bounded computational sample. It does not prove the complete associate-class structure of the infinite monoid.
1994,6212/81,1,6212/81,1,mixed_fraction,This is a bounded computational sample. It does not prove the complete associate-class structure of the infinite monoid.
1995,6215/243,1,6215/243,1,mixed_fraction,This is a bounded computational sample. It does not prove the complete associate-class structure of the infinite monoid.
1996,6218/81,1,6218/81,1,mixed_fraction,This is a bounded computational sample. It does not prove the complete associate-class structure of the infinite monoid.
1997,6220/81,1,6220/81,1,mixed_fraction,This is a bounded computational sample. It does not prove the complete associate-class structure of the infinite monoid.
1998,6221/243,1,6221/243,1,mixed_fraction,This is a bounded computational sample. It does not prove the complete associate-class structure of the infinite monoid.
1999,6223/81,1,6223/81,1,mixed_fraction,This is a bounded computational sample. It does not prove the complete associate-class structure of the infinite monoid.
2000,6230/81,1,6230/81,1,mixed_fraction,This is a bounded computational sample. It does not prove the complete associate-class structure of the infinite monoid.
2001,6232/81,1,6232/81,1,mixed_fraction,This is a bounded computational sample. It does not prove the complete associate-class structure of the infinite monoid.
2002,6236/81,1,6236/81,1,mixed_fraction,This is a bounded computational sample. It does not prove the complete associate-class structure of the infinite monoid.
2003,6238/81,1,6238/81,1,mixed_fraction,This is a bounded computational sample. It does not prove the complete associate-class structure of the infinite monoid.
2004,6242/81,1,6242/81,1,mixed_fraction,This is a bounded computational sample. It does not prove the complete associate-class structure of the infinite monoid.
2005,6245/81,1,6245/81,1,mixed_fraction,This is a bounded computational sample. It does not prove the complete associate-class structure of the infinite monoid.
2006,6247/81,1,6247/81,1,mixed_fraction,This is a bounded computational sample. It does not prove the complete associate-class structure of the infinite monoid.
2007,6248/81,1,6248/81,1,mixed_fraction,This is a bounded computational sample. It does not prove the complete associate-class structure of the infinite monoid.
2008,6248/243,1,6248/243,1,mixed_fraction,This is a bounded computational sample. It does not prove the complete associate-class structure of the infinite monoid.
2009,6250/243,1,6250/243,1,mixed_fraction,This is a bounded computational sample. It does not prove the complete associate-class structure of the infinite monoid.
2010,6256/81,1,6256/81,1,mixed_fraction,This is a bounded computational sample. It does not prove the complete associate-class structure of the infinite monoid.
2011,6257/81,1,6257/81,1,mixed_fraction,This is a bounded computational sample. It does not prove the complete associate-class structure of the infinite monoid.
2012,6260/81,1,6260/81,1,mixed_fraction,This is a bounded computational sample. It does not prove the complete associate-class structure of the infinite monoid.
2013,6263/81,1,6263/81,1,mixed_fraction,This is a bounded computational sample. It does not prove the complete associate-class structure of the infinite monoid.
2014,6266/81,1,6266/81,1,mixed_fraction,This is a bounded computational sample. It does not prove the complete associate-class structure of the infinite monoid.
2015,6266/243,1,6266/243,1,mixed_fraction,This is a bounded computational sample. It does not prove the complete associate-class structure of the infinite monoid.
2016,6272/81,1,6272/81,1,mixed_fraction,This is a bounded computational sample. It does not prove the complete associate-class structure of the infinite monoid.
2017,6275/243,1,6275/243,1,mixed_fraction,This is a bounded computational sample. It does not prove the complete associate-class structure of the infinite monoid.
2018,6281/81,1,6281/81,1,mixed_fraction,This is a bounded computational sample. It does not prove the complete associate-class structure of the infinite monoid.
2019,6284/243,1,6284/243,1,mixed_fraction,This is a bounded computational sample. It does not prove the complete associate-class structure of the infinite monoid.
2020,6286/81,1,6286/81,1,mixed_fraction,This is a bounded computational sample. It does not prove the complete associate-class structure of the infinite monoid.
2021,6287/81,1,6287/81,1,mixed_fraction,This is a bounded computational sample. It does not prove the complete associate-class structure of the infinite monoid.
2022,6292/81,1,6292/81,1,mixed_fraction,This is a bounded computational sample. It does not prove the complete associate-class structure of the infinite monoid.
2023,6293/81,1,6293/81,1,mixed_fraction,This is a bounded computational sample. It does not prove the complete associate-class structure of the infinite monoid.
2024,6293/243,1,6293/243,1,mixed_fraction,This is a bounded computational sample. It does not prove the complete associate-class structure of the infinite monoid.
2025,6296/243,1,6296/243,1,mixed_fraction,This is a bounded computational sample. It does not prove the complete associate-class structure of the infinite monoid.
2026,6301/81,1,6301/81,1,mixed_fraction,This is a bounded computational sample. It does not prove the complete associate-class structure of the infinite monoid.
2027,6310/81,1,6310/81,1,mixed_fraction,This is a bounded computational sample. It does not prove the complete associate-class structure of the infinite monoid.
2028,6311/81,1,6311/81,1,mixed_fraction,This is a bounded computational sample. It does not prove the complete associate-class structure of the infinite monoid.
2029,6313/81,1,6313/81,1,mixed_fraction,This is a bounded computational sample. It does not prove the complete associate-class structure of the infinite monoid.
2030,6317/81,1,6317/81,1,mixed_fraction,This is a bounded computational sample. It does not prove the complete associate-class structure of the infinite monoid.
2031,6320/81,1,6320/81,1,mixed_fraction,This is a bounded computational sample. It does not prove the complete associate-class structure of the infinite monoid.
2032,6323/81,1,6323/81,1,mixed_fraction,This is a bounded computational sample. It does not prove the complete associate-class structure of the infinite monoid.
2033,6323/243,1,6323/243,1,mixed_fraction,This is a bounded computational sample. It does not prove the complete associate-class structure of the infinite monoid.
2034,6326/81,1,6326/81,1,mixed_fraction,This is a bounded computational sample. It does not prove the complete associate-class structure of the infinite monoid.
2035,6328/81,1,6328/81,1,mixed_fraction,This is a bounded computational sample. It does not prove the complete associate-class structure of the infinite monoid.
2036,6329/243,1,6329/243,1,mixed_fraction,This is a bounded computational sample. It does not prove the complete associate-class structure of the infinite monoid.
2037,6335/81,1,6335/81,1,mixed_fraction,This is a bounded computational sample. It does not prove the complete associate-class structure of the infinite monoid.
2038,6337/81,1,6337/81,1,mixed_fraction,This is a bounded computational sample. It does not prove the complete associate-class structure of the infinite monoid.
2039,6338/81,1,6338/81,1,mixed_fraction,This is a bounded computational sample. It does not prove the complete associate-class structure of the infinite monoid.
2040,6341/81,1,6341/81,1,mixed_fraction,This is a bounded computational sample. It does not prove the complete associate-class structure of the infinite monoid.
2041,6347/81,1,6347/81,1,mixed_fraction,This is a bounded computational sample. It does not prove the complete associate-class structure of the infinite monoid.
2042,6350/81,1,6350/81,1,mixed_fraction,This is a bounded computational sample. It does not prove the complete associate-class structure of the infinite monoid.
2043,6350/243,1,6350/243,1,mixed_fraction,This is a bounded computational sample. It does not prove the complete associate-class structure of the infinite monoid.
2044,6353/81,1,6353/81,1,mixed_fraction,This is a bounded computational sample. It does not prove the complete associate-class structure of the infinite monoid.
2045,6355/81,1,6355/81,1,mixed_fraction,This is a bounded computational sample. It does not prove the complete associate-class structure of the infinite monoid.
2046,6362/81,1,6362/81,1,mixed_fraction,This is a bounded computational sample. It does not prove the complete associate-class structure of the infinite monoid.
2047,6365/243,1,6365/243,1,mixed_fraction,This is a bounded computational sample. It does not prove the complete associate-class structure of the infinite monoid.
2048,6367/81,1,6367/81,1,mixed_fraction,This is a bounded computational sample. It does not prove the complete associate-class structure of the infinite monoid.
2049,6368/81,1,6368/81,1,mixed_fraction,This is a bounded computational sample. It does not prove the complete associate-class structure of the infinite monoid.
2050,6368/243,1,6368/243,1,mixed_fraction,This is a bounded computational sample. It does not prove the complete associate-class structure of the infinite monoid.
2051,6373/81,1,6373/81,1,mixed_fraction,This is a bounded computational sample. It does not prove the complete associate-class structure of the infinite monoid.
2052,6380/81,1,6380/81,1,mixed_fraction,This is a bounded computational sample. It does not prove the complete associate-class structure of the infinite monoid.
2053,6382/81,1,6382/81,1,mixed_fraction,This is a bounded computational sample. It does not prove the complete associate-class structure of the infinite monoid.
2054,6383/243,1,6383/243,1,mixed_fraction,This is a bounded computational sample. It does not prove the complete associate-class structure of the infinite monoid.
2055,6391/81,1,6391/81,1,mixed_fraction,This is a bounded computational sample. It does not prove the complete associate-class structure of the infinite monoid.
2056,6392/81,1,6392/81,1,mixed_fraction,This is a bounded computational sample. It does not prove the complete associate-class structure of the infinite monoid.
2057,6395/81,1,6395/81,1,mixed_fraction,This is a bounded computational sample. It does not prove the complete associate-class structure of the infinite monoid.
2058,6398/81,1,6398/81,1,mixed_fraction,This is a bounded computational sample. It does not prove the complete associate-class structure of the infinite monoid.
2059,6401/81,1,6401/81,1,mixed_fraction,This is a bounded computational sample. It does not prove the complete associate-class structure of the infinite monoid.
2060,6404/243,1,6404/243,1,mixed_fraction,This is a bounded computational sample. It does not prove the complete associate-class structure of the infinite monoid.
2061,6407/81,1,6407/81,1,mixed_fraction,This is a bounded computational sample. It does not prove the complete associate-class structure of the infinite monoid.
2062,6410/243,1,6410/243,1,mixed_fraction,This is a bounded computational sample. It does not prove the complete associate-class structure of the infinite monoid.
2063,6416/81,1,6416/81,1,mixed_fraction,This is a bounded computational sample. It does not prove the complete associate-class structure of the infinite monoid.
2064,6418/81,1,6418/81,1,mixed_fraction,This is a bounded computational sample. It does not prove the complete associate-class structure of the infinite monoid.
2065,6419/243,1,6419/243,1,mixed_fraction,This is a bounded computational sample. It does not prove the complete associate-class structure of the infinite monoid.
2066,6422/81,1,6422/81,1,mixed_fraction,This is a bounded computational sample. It does not prove the complete associate-class structure of the infinite monoid.
2067,6425/81,1,6425/81,1,mixed_fraction,This is a bounded computational sample. It does not prove the complete associate-class structure of the infinite monoid.
2068,6428/81,1,6428/81,1,mixed_fraction,This is a bounded computational sample. It does not prove the complete associate-class structure of the infinite monoid.
2069,6428/243,1,6428/243,1,mixed_fraction,This is a bounded computational sample. It does not prove the complete associate-class structure of the infinite monoid.
2070,6431/81,1,6431/81,1,mixed_fraction,This is a bounded computational sample. It does not prove the complete associate-class structure of the infinite monoid.
2071,6436/81,1,6436/81,1,mixed_fraction,This is a bounded computational sample. It does not prove the complete associate-class structure of the infinite monoid.
2072,6443/81,1,6443/81,1,mixed_fraction,This is a bounded computational sample. It does not prove the complete associate-class structure of the infinite monoid.
2073,6445/81,1,6445/81,1,mixed_fraction,This is a bounded computational sample. It does not prove the complete associate-class structure of the infinite monoid.
2074,6446/243,1,6446/243,1,mixed_fraction,This is a bounded computational sample. It does not prove the complete associate-class structure of the infinite monoid.
2075,6448/81,1,6448/81,1,mixed_fraction,This is a bounded computational sample. It does not prove the complete associate-class structure of the infinite monoid.
2076,6455/81,1,6455/81,1,mixed_fraction,This is a bounded computational sample. It does not prove the complete associate-class structure of the infinite monoid.
2077,6455/243,1,6455/243,1,mixed_fraction,This is a bounded computational sample. It does not prove the complete associate-class structure of the infinite monoid.
2078,6458/243,1,6458/243,1,mixed_fraction,This is a bounded computational sample. It does not prove the complete associate-class structure of the infinite monoid.
2079,6461/81,1,6461/81,1,mixed_fraction,This is a bounded computational sample. It does not prove the complete associate-class structure of the infinite monoid.
2080,6463/81,1,6463/81,1,mixed_fraction,This is a bounded computational sample. It does not prove the complete associate-class structure of the infinite monoid.
2081,6464/243,1,6464/243,1,mixed_fraction,This is a bounded computational sample. It does not prove the complete associate-class structure of the infinite monoid.
2082,6470/81,1,6470/81,1,mixed_fraction,This is a bounded computational sample. It does not prove the complete associate-class structure of the infinite monoid.
2083,6472/81,1,6472/81,1,mixed_fraction,This is a bounded computational sample. It does not prove the complete associate-class structure of the infinite monoid.
2084,6473/81,1,6473/81,1,mixed_fraction,This is a bounded computational sample. It does not prove the complete associate-class structure of the infinite monoid.
2085,6476/81,1,6476/81,1,mixed_fraction,This is a bounded computational sample. It does not prove the complete associate-class structure of the infinite monoid.
2086,6482/81,1,6482/81,1,mixed_fraction,This is a bounded computational sample. It does not prove the complete associate-class structure of the infinite monoid.
2087,6485/81,1,6485/81,1,mixed_fraction,This is a bounded computational sample. It does not prove the complete associate-class structure of the infinite monoid.
2088,6485/243,1,6485/243,1,mixed_fraction,This is a bounded computational sample. It does not prove the complete associate-class structure of the infinite monoid.
2089,6488/81,1,6488/81,1,mixed_fraction,This is a bounded computational sample. It does not prove the complete associate-class structure of the infinite monoid.
2090,6491/243,1,6491/243,1,mixed_fraction,This is a bounded computational sample. It does not prove the complete associate-class structure of the infinite monoid.
2091,6493/243,1,6493/243,1,mixed_fraction,This is a bounded computational sample. It does not prove the complete associate-class structure of the infinite monoid.
2092,6497/81,1,6497/81,1,mixed_fraction,This is a bounded computational sample. It does not prove the complete associate-class structure of the infinite monoid.
2093,6500/243,1,6500/243,1,mixed_fraction,This is a bounded computational sample. It does not prove the complete associate-class structure of the infinite monoid.
2094,6503/81,1,6503/81,1,mixed_fraction,This is a bounded computational sample. It does not prove the complete associate-class structure of the infinite monoid.
2095,6506/81,1,6506/81,1,mixed_fraction,This is a bounded computational sample. It does not prove the complete associate-class structure of the infinite monoid.
2096,6509/243,1,6509/243,1,mixed_fraction,This is a bounded computational sample. It does not prove the complete associate-class structure of the infinite monoid.
2097,6512/81,1,6512/81,1,mixed_fraction,This is a bounded computational sample. It does not prove the complete associate-class structure of the infinite monoid.
2098,6517/81,1,6517/81,1,mixed_fraction,This is a bounded computational sample. It does not prove the complete associate-class structure of the infinite monoid.
2099,6518/243,1,6518/243,1,mixed_fraction,This is a bounded computational sample. It does not prove the complete associate-class structure of the infinite monoid.
2100,6526/81,1,6526/81,1,mixed_fraction,This is a bounded computational sample. It does not prove the complete associate-class structure of the infinite monoid.
2101,6530/81,1,6530/81,1,mixed_fraction,This is a bounded computational sample. It does not prove the complete associate-class structure of the infinite monoid.
2102,6530/243,1,6530/243,1,mixed_fraction,This is a bounded computational sample. It does not prove the complete associate-class structure of the infinite monoid.
2103,6536/81,1,6536/81,1,mixed_fraction,This is a bounded computational sample. It does not prove the complete associate-class structure of the infinite monoid.
2104,6536/243,1,6536/243,1,mixed_fraction,This is a bounded computational sample. It does not prove the complete associate-class structure of the infinite monoid.
2105,6539/243,1,6539/243,1,mixed_fraction,This is a bounded computational sample. It does not prove the complete associate-class structure of the infinite monoid.
2106,6542/81,1,6542/81,1,mixed_fraction,This is a bounded computational sample. It does not prove the complete associate-class structure of the infinite monoid.
2107,6551/81,1,6551/81,1,mixed_fraction,This is a bounded computational sample. It does not prove the complete associate-class structure of the infinite monoid.
2108,6553/81,1,6553/81,1,mixed_fraction,This is a bounded computational sample. It does not prove the complete associate-class structure of the infinite monoid.
2109,6557/81,1,6557/81,1,mixed_fraction,This is a bounded computational sample. It does not prove the complete associate-class structure of the infinite monoid.
2110,6560/81,1,6560/81,1,mixed_fraction,This is a bounded computational sample. It does not prove the complete associate-class structure of the infinite monoid.
2111,6563/81,1,6563/81,1,mixed_fraction,This is a bounded computational sample. It does not prove the complete associate-class structure of the infinite monoid.
2112,6566/81,1,6566/81,1,mixed_fraction,This is a bounded computational sample. It does not prove the complete associate-class structure of the infinite monoid.
2113,6566/243,1,6566/243,1,mixed_fraction,This is a bounded computational sample. It does not prove the complete associate-class structure of the infinite monoid.
2114,6575/81,1,6575/81,1,mixed_fraction,This is a bounded computational sample. It does not prove the complete associate-class structure of the infinite monoid.
2115,6578/81,1,6578/81,1,mixed_fraction,This is a bounded computational sample. It does not prove the complete associate-class structure of the infinite monoid.
2116,6580/81,1,6580/81,1,mixed_fraction,This is a bounded computational sample. It does not prove the complete associate-class structure of the infinite monoid.
2117,6587/81,1,6587/81,1,mixed_fraction,This is a bounded computational sample. It does not prove the complete associate-class structure of the infinite monoid.
2118,6590/243,1,6590/243,1,mixed_fraction,This is a bounded computational sample. It does not prove the complete associate-class structure of the infinite monoid.
2119,6593/81,1,6593/81,1,mixed_fraction,This is a bounded computational sample. It does not prove the complete associate-class structure of the infinite monoid.
2120,6593/243,1,6593/243,1,mixed_fraction,This is a bounded computational sample. It does not prove the complete associate-class structure of the infinite monoid.
2121,6598/81,1,6598/81,1,mixed_fraction,This is a bounded computational sample. It does not prove the complete associate-class structure of the infinite monoid.
2122,6605/81,1,6605/81,1,mixed_fraction,This is a bounded computational sample. It does not prove the complete associate-class structure of the infinite monoid.
2123,6607/81,1,6607/81,1,mixed_fraction,This is a bounded computational sample. It does not prove the complete associate-class structure of the infinite monoid.
2124,6608/243,1,6608/243,1,mixed_fraction,This is a bounded computational sample. It does not prove the complete associate-class structure of the infinite monoid.
2125,6611/81,1,6611/81,1,mixed_fraction,This is a bounded computational sample. It does not prove the complete associate-class structure of the infinite monoid.
2126,6611/243,1,6611/243,1,mixed_fraction,This is a bounded computational sample. It does not prove the complete associate-class structure of the infinite monoid.
2127,6617/81,1,6617/81,1,mixed_fraction,This is a bounded computational sample. It does not prove the complete associate-class structure of the infinite monoid.
2128,6620/81,1,6620/81,1,mixed_fraction,This is a bounded computational sample. It does not prove the complete associate-class structure of the infinite monoid.
2129,6623/81,1,6623/81,1,mixed_fraction,This is a bounded computational sample. It does not prove the complete associate-class structure of the infinite monoid.
2130,6626/243,1,6626/243,1,mixed_fraction,This is a bounded computational sample. It does not prove the complete associate-class structure of the infinite monoid.
2131,6632/81,1,6632/81,1,mixed_fraction,This is a bounded computational sample. It does not prove the complete associate-class structure of the infinite monoid.
2132,6638/81,1,6638/81,1,mixed_fraction,This is a bounded computational sample. It does not prove the complete associate-class structure of the infinite monoid.
2133,6641/81,1,6641/81,1,mixed_fraction,This is a bounded computational sample. It does not prove the complete associate-class structure of the infinite monoid.
2134,6647/81,1,6647/81,1,mixed_fraction,This is a bounded computational sample. It does not prove the complete associate-class structure of the infinite monoid.
2135,6653/243,1,6653/243,1,mixed_fraction,This is a bounded computational sample. It does not prove the complete associate-class structure of the infinite monoid.
2136,6655/243,1,6655/243,1,mixed_fraction,This is a bounded computational sample. It does not prove the complete associate-class structure of the infinite monoid.
2137,6656/81,1,6656/81,1,mixed_fraction,This is a bounded computational sample. It does not prove the complete associate-class structure of the infinite monoid.
2138,6661/81,1,6661/81,1,mixed_fraction,This is a bounded computational sample. It does not prove the complete associate-class structure of the infinite monoid.
2139,6668/81,1,6668/81,1,mixed_fraction,This is a bounded computational sample. It does not prove the complete associate-class structure of the infinite monoid.
2140,6671/243,1,6671/243,1,mixed_fraction,This is a bounded computational sample. It does not prove the complete associate-class structure of the infinite monoid.
2141,6680/243,1,6680/243,1,mixed_fraction,This is a bounded computational sample. It does not prove the complete associate-class structure of the infinite monoid.
2142,6686/81,1,6686/81,1,mixed_fraction,This is a bounded computational sample. It does not prove the complete associate-class structure of the infinite monoid.
2143,6688/81,1,6688/81,1,mixed_fraction,This is a bounded computational sample. It does not prove the complete associate-class structure of the infinite monoid.
2144,6689/243,1,6689/243,1,mixed_fraction,This is a bounded computational sample. It does not prove the complete associate-class structure of the infinite monoid.
2145,6692/81,1,6692/81,1,mixed_fraction,This is a bounded computational sample. It does not prove the complete associate-class structure of the infinite monoid.
2146,6695/81,1,6695/81,1,mixed_fraction,This is a bounded computational sample. It does not prove the complete associate-class structure of the infinite monoid.
2147,6698/81,1,6698/81,1,mixed_fraction,This is a bounded computational sample. It does not prove the complete associate-class structure of the infinite monoid.
2148,6698/243,1,6698/243,1,mixed_fraction,This is a bounded computational sample. It does not prove the complete associate-class structure of the infinite monoid.
2149,6701/81,1,6701/81,1,mixed_fraction,This is a bounded computational sample. It does not prove the complete associate-class structure of the infinite monoid.
2150,6701/243,1,6701/243,1,mixed_fraction,This is a bounded computational sample. It does not prove the complete associate-class structure of the infinite monoid.
2151,6710/81,1,6710/81,1,mixed_fraction,This is a bounded computational sample. It does not prove the complete associate-class structure of the infinite monoid.
2152,6713/81,1,6713/81,1,mixed_fraction,This is a bounded computational sample. It does not prove the complete associate-class structure of the infinite monoid.
2153,6722/81,1,6722/81,1,mixed_fraction,This is a bounded computational sample. It does not prove the complete associate-class structure of the infinite monoid.
2154,6725/243,1,6725/243,1,mixed_fraction,This is a bounded computational sample. It does not prove the complete associate-class structure of the infinite monoid.
2155,6728/81,1,6728/81,1,mixed_fraction,This is a bounded computational sample. It does not prove the complete associate-class structure of the infinite monoid.
2156,6728/243,1,6728/243,1,mixed_fraction,This is a bounded computational sample. It does not prove the complete associate-class structure of the infinite monoid.
2157,6734/243,1,6734/243,1,mixed_fraction,This is a bounded computational sample. It does not prove the complete associate-class structure of the infinite monoid.
2158,6736/243,1,6736/243,1,mixed_fraction,This is a bounded computational sample. It does not prove the complete associate-class structure of the infinite monoid.
2159,6737/81,1,6737/81,1,mixed_fraction,This is a bounded computational sample. It does not prove the complete associate-class structure of the infinite monoid.
2160,6742/81,1,6742/81,1,mixed_fraction,This is a bounded computational sample. It does not prove the complete associate-class structure of the infinite monoid.
2161,6743/243,1,6743/243,1,mixed_fraction,This is a bounded computational sample. It does not prove the complete associate-class structure of the infinite monoid.
2162,6755/81,1,6755/81,1,mixed_fraction,This is a bounded computational sample. It does not prove the complete associate-class structure of the infinite monoid.
2163,6755/243,1,6755/243,1,mixed_fraction,This is a bounded computational sample. It does not prove the complete associate-class structure of the infinite monoid.
2164,6761/243,1,6761/243,1,mixed_fraction,This is a bounded computational sample. It does not prove the complete associate-class structure of the infinite monoid.
2165,6767/81,1,6767/81,1,mixed_fraction,This is a bounded computational sample. It does not prove the complete associate-class structure of the infinite monoid.
2166,6773/81,1,6773/81,1,mixed_fraction,This is a bounded computational sample. It does not prove the complete associate-class structure of the infinite monoid.
2167,6773/243,1,6773/243,1,mixed_fraction,This is a bounded computational sample. It does not prove the complete associate-class structure of the infinite monoid.
2168,6776/81,1,6776/81,1,mixed_fraction,This is a bounded computational sample. It does not prove the complete associate-class structure of the infinite monoid.
2169,6779/243,1,6779/243,1,mixed_fraction,This is a bounded computational sample. It does not prove the complete associate-class structure of the infinite monoid.
2170,6782/81,1,6782/81,1,mixed_fraction,This is a bounded computational sample. It does not prove the complete associate-class structure of the infinite monoid.
2171,6791/81,1,6791/81,1,mixed_fraction,This is a bounded computational sample. It does not prove the complete associate-class structure of the infinite monoid.
2172,6800/81,1,6800/81,1,mixed_fraction,This is a bounded computational sample. It does not prove the complete associate-class structure of the infinite monoid.
2173,6800/243,1,6800/243,1,mixed_fraction,This is a bounded computational sample. It does not prove the complete associate-class structure of the infinite monoid.
2174,6803/81,1,6803/81,1,mixed_fraction,This is a bounded computational sample. It does not prove the complete associate-class structure of the infinite monoid.
2175,6809/243,1,6809/243,1,mixed_fraction,This is a bounded computational sample. It does not prove the complete associate-class structure of the infinite monoid.
2176,6815/243,1,6815/243,1,mixed_fraction,This is a bounded computational sample. It does not prove the complete associate-class structure of the infinite monoid.
2177,6818/81,1,6818/81,1,mixed_fraction,This is a bounded computational sample. It does not prove the complete associate-class structure of the infinite monoid.
2178,6823/81,1,6823/81,1,mixed_fraction,This is a bounded computational sample. It does not prove the complete associate-class structure of the infinite monoid.
2179,6830/81,1,6830/81,1,mixed_fraction,This is a bounded computational sample. It does not prove the complete associate-class structure of the infinite monoid.
2180,6833/243,1,6833/243,1,mixed_fraction,This is a bounded computational sample. It does not prove the complete associate-class structure of the infinite monoid.
2181,6836/81,1,6836/81,1,mixed_fraction,This is a bounded computational sample. It does not prove the complete associate-class structure of the infinite monoid.
2182,6836/243,1,6836/243,1,mixed_fraction,This is a bounded computational sample. It does not prove the complete associate-class structure of the infinite monoid.
2183,6845/81,1,6845/81,1,mixed_fraction,This is a bounded computational sample. It does not prove the complete associate-class structure of the infinite monoid.
2184,6848/81,1,6848/81,1,mixed_fraction,This is a bounded computational sample. It does not prove the complete associate-class structure of the infinite monoid.
2185,6851/243,1,6851/243,1,mixed_fraction,This is a bounded computational sample. It does not prove the complete associate-class structure of the infinite monoid.
2186,6854/243,1,6854/243,1,mixed_fraction,This is a bounded computational sample. It does not prove the complete associate-class structure of the infinite monoid.
2187,6857/81,1,6857/81,1,mixed_fraction,This is a bounded computational sample. It does not prove the complete associate-class structure of the infinite monoid.
2188,6860/243,1,6860/243,1,mixed_fraction,This is a bounded computational sample. It does not prove the complete associate-class structure of the infinite monoid.
2189,6863/81,1,6863/81,1,mixed_fraction,This is a bounded computational sample. It does not prove the complete associate-class structure of the infinite monoid.
2190,6869/243,1,6869/243,1,mixed_fraction,This is a bounded computational sample. It does not prove the complete associate-class structure of the infinite monoid.
2191,6872/81,1,6872/81,1,mixed_fraction,This is a bounded computational sample. It does not prove the complete associate-class structure of the infinite monoid.
2192,6875/243,1,6875/243,1,mixed_fraction,This is a bounded computational sample. It does not prove the complete associate-class structure of the infinite monoid.
2193,6881/81,1,6881/81,1,mixed_fraction,This is a bounded computational sample. It does not prove the complete associate-class structure of the infinite monoid.
2194,6890/243,1,6890/243,1,mixed_fraction,This is a bounded computational sample. It does not prove the complete associate-class structure of the infinite monoid.
2195,6896/243,1,6896/243,1,mixed_fraction,This is a bounded computational sample. It does not prove the complete associate-class structure of the infinite monoid.
2196,6898/243,1,6898/243,1,mixed_fraction,This is a bounded computational sample. It does not prove the complete associate-class structure of the infinite monoid.
2197,6905/243,1,6905/243,1,mixed_fraction,This is a bounded computational sample. It does not prove the complete associate-class structure of the infinite monoid.
2198,6911/81,1,6911/81,1,mixed_fraction,This is a bounded computational sample. It does not prove the complete associate-class structure of the infinite monoid.
2199,6914/243,1,6914/243,1,mixed_fraction,This is a bounded computational sample. It does not prove the complete associate-class structure of the infinite monoid.
2200,6917/81,1,6917/81,1,mixed_fraction,This is a bounded computational sample. It does not prove the complete associate-class structure of the infinite monoid.
2201,6923/243,1,6923/243,1,mixed_fraction,This is a bounded computational sample. It does not prove the complete associate-class structure of the infinite monoid.
2202,6925/243,1,6925/243,1,mixed_fraction,This is a bounded computational sample. It does not prove the complete associate-class structure of the infinite monoid.
2203,6926/81,1,6926/81,1,mixed_fraction,This is a bounded computational sample. It does not prove the complete associate-class structure of the infinite monoid.
2204,6935/81,1,6935/81,1,mixed_fraction,This is a bounded computational sample. It does not prove the complete associate-class structure of the infinite monoid.
2205,6935/243,1,6935/243,1,mixed_fraction,This is a bounded computational sample. It does not prove the complete associate-class structure of the infinite monoid.
2206,6938/81,1,6938/81,1,mixed_fraction,This is a bounded computational sample. It does not prove the complete associate-class structure of the infinite monoid.
2207,6941/243,1,6941/243,1,mixed_fraction,This is a bounded computational sample. It does not prove the complete associate-class structure of the infinite monoid.
2208,6944/243,1,6944/243,1,mixed_fraction,This is a bounded computational sample. It does not prove the complete associate-class structure of the infinite monoid.
2209,6953/81,1,6953/81,1,mixed_fraction,This is a bounded computational sample. It does not prove the complete associate-class structure of the infinite monoid.
2210,6962/81,1,6962/81,1,mixed_fraction,This is a bounded computational sample. It does not prove the complete associate-class structure of the infinite monoid.
2211,6968/243,1,6968/243,1,mixed_fraction,This is a bounded computational sample. It does not prove the complete associate-class structure of the infinite monoid.
2212,6971/243,1,6971/243,1,mixed_fraction,This is a bounded computational sample. It does not prove the complete associate-class structure of the infinite monoid.
2213,6979/243,1,6979/243,1,mixed_fraction,This is a bounded computational sample. It does not prove the complete associate-class structure of the infinite monoid.
2214,6980/81,1,6980/81,1,mixed_fraction,This is a bounded computational sample. It does not prove the complete associate-class structure of the infinite monoid.
2215,6986/243,1,6986/243,1,mixed_fraction,This is a bounded computational sample. It does not prove the complete associate-class structure of the infinite monoid.
2216,6992/81,1,6992/81,1,mixed_fraction,This is a bounded computational sample. It does not prove the complete associate-class structure of the infinite monoid.
2217,6998/81,1,6998/81,1,mixed_fraction,This is a bounded computational sample. It does not prove the complete associate-class structure of the infinite monoid.
2218,6998/243,1,6998/243,1,mixed_fraction,This is a bounded computational sample. It does not prove the complete associate-class structure of the infinite monoid.
2219,7004/243,1,7004/243,1,mixed_fraction,This is a bounded computational sample. It does not prove the complete associate-class structure of the infinite monoid.
2220,7007/81,1,7007/81,1,mixed_fraction,This is a bounded computational sample. It does not prove the complete associate-class structure of the infinite monoid.
2221,7016/81,1,7016/81,1,mixed_fraction,This is a bounded computational sample. It does not prove the complete associate-class structure of the infinite monoid.
2222,7016/243,1,7016/243,1,mixed_fraction,This is a bounded computational sample. It does not prove the complete associate-class structure of the infinite monoid.
2223,7025/243,1,7025/243,1,mixed_fraction,This is a bounded computational sample. It does not prove the complete associate-class structure of the infinite monoid.
2224,7043/81,1,7043/81,1,mixed_fraction,This is a bounded computational sample. It does not prove the complete associate-class structure of the infinite monoid.
2225,7043/243,1,7043/243,1,mixed_fraction,This is a bounded computational sample. It does not prove the complete associate-class structure of the infinite monoid.
2226,7058/243,1,7058/243,1,mixed_fraction,This is a bounded computational sample. It does not prove the complete associate-class structure of the infinite monoid.
2227,7060/243,1,7060/243,1,mixed_fraction,This is a bounded computational sample. It does not prove the complete associate-class structure of the infinite monoid.
2228,7061/81,1,7061/81,1,mixed_fraction,This is a bounded computational sample. It does not prove the complete associate-class structure of the infinite monoid.
2229,7070/81,1,7070/81,1,mixed_fraction,This is a bounded computational sample. It does not prove the complete associate-class structure of the infinite monoid.
2230,7073/81,1,7073/81,1,mixed_fraction,This is a bounded computational sample. It does not prove the complete associate-class structure of the infinite monoid.
2231,7076/243,1,7076/243,1,mixed_fraction,This is a bounded computational sample. It does not prove the complete associate-class structure of the infinite monoid.
2232,7079/243,1,7079/243,1,mixed_fraction,This is a bounded computational sample. It does not prove the complete associate-class structure of the infinite monoid.
2233,7085/243,1,7085/243,1,mixed_fraction,This is a bounded computational sample. It does not prove the complete associate-class structure of the infinite monoid.
2234,7088/81,1,7088/81,1,mixed_fraction,This is a bounded computational sample. It does not prove the complete associate-class structure of the infinite monoid.
2235,7094/243,1,7094/243,1,mixed_fraction,This is a bounded computational sample. It does not prove the complete associate-class structure of the infinite monoid.
2236,7097/81,1,7097/81,1,mixed_fraction,This is a bounded computational sample. It does not prove the complete associate-class structure of the infinite monoid.
2237,7103/243,1,7103/243,1,mixed_fraction,This is a bounded computational sample. It does not prove the complete associate-class structure of the infinite monoid.
2238,7118/243,1,7118/243,1,mixed_fraction,This is a bounded computational sample. It does not prove the complete associate-class structure of the infinite monoid.
2239,7130/243,1,7130/243,1,mixed_fraction,This is a bounded computational sample. It does not prove the complete associate-class structure of the infinite monoid.
2240,7133/243,1,7133/243,1,mixed_fraction,This is a bounded computational sample. It does not prove the complete associate-class structure of the infinite monoid.
2241,7139/243,1,7139/243,1,mixed_fraction,This is a bounded computational sample. It does not prove the complete associate-class structure of the infinite monoid.
2242,7141/243,1,7141/243,1,mixed_fraction,This is a bounded computational sample. It does not prove the complete associate-class structure of the infinite monoid.
2243,7142/81,1,7142/81,1,mixed_fraction,This is a bounded computational sample. It does not prove the complete associate-class structure of the infinite monoid.
2244,7148/243,1,7148/243,1,mixed_fraction,This is a bounded computational sample. It does not prove the complete associate-class structure of the infinite monoid.
2245,7151/81,1,7151/81,1,mixed_fraction,This is a bounded computational sample. It does not prove the complete associate-class structure of the infinite monoid.
2246,7160/243,1,7160/243,1,mixed_fraction,This is a bounded computational sample. It does not prove the complete associate-class structure of the infinite monoid.
2247,7166/243,1,7166/243,1,mixed_fraction,This is a bounded computational sample. It does not prove the complete associate-class structure of the infinite monoid.
2248,7168/243,1,7168/243,1,mixed_fraction,This is a bounded computational sample. It does not prove the complete associate-class structure of the infinite monoid.
2249,7175/243,1,7175/243,1,mixed_fraction,This is a bounded computational sample. It does not prove the complete associate-class structure of the infinite monoid.
2250,7178/81,1,7178/81,1,mixed_fraction,This is a bounded computational sample. It does not prove the complete associate-class structure of the infinite monoid.
2251,7178/243,1,7178/243,1,mixed_fraction,This is a bounded computational sample. It does not prove the complete associate-class structure of the infinite monoid.
2252,7184/243,1,7184/243,1,mixed_fraction,This is a bounded computational sample. It does not prove the complete associate-class structure of the infinite monoid.
2253,7205/81,1,7205/81,1,mixed_fraction,This is a bounded computational sample. It does not prove the complete associate-class structure of the infinite monoid.
2254,7205/243,1,7205/243,1,mixed_fraction,This is a bounded computational sample. It does not prove the complete associate-class structure of the infinite monoid.
2255,7211/243,1,7211/243,1,mixed_fraction,This is a bounded computational sample. It does not prove the complete associate-class structure of the infinite monoid.
2256,7214/243,1,7214/243,1,mixed_fraction,This is a bounded computational sample. It does not prove the complete associate-class structure of the infinite monoid.
2257,7223/81,1,7223/81,1,mixed_fraction,This is a bounded computational sample. It does not prove the complete associate-class structure of the infinite monoid.
2258,7229/243,1,7229/243,1,mixed_fraction,This is a bounded computational sample. It does not prove the complete associate-class structure of the infinite monoid.
2259,7232/81,1,7232/81,1,mixed_fraction,This is a bounded computational sample. It does not prove the complete associate-class structure of the infinite monoid.
2260,7241/243,1,7241/243,1,mixed_fraction,This is a bounded computational sample. It does not prove the complete associate-class structure of the infinite monoid.
2261,7250/243,1,7250/243,1,mixed_fraction,This is a bounded computational sample. It does not prove the complete associate-class structure of the infinite monoid.
2262,7259/243,1,7259/243,1,mixed_fraction,This is a bounded computational sample. It does not prove the complete associate-class structure of the infinite monoid.
2263,7265/243,1,7265/243,1,mixed_fraction,This is a bounded computational sample. It does not prove the complete associate-class structure of the infinite monoid.
2264,7268/243,1,7268/243,1,mixed_fraction,This is a bounded computational sample. It does not prove the complete associate-class structure of the infinite monoid.
2265,7280/243,1,7280/243,1,mixed_fraction,This is a bounded computational sample. It does not prove the complete associate-class structure of the infinite monoid.
2266,7286/81,1,7286/81,1,mixed_fraction,This is a bounded computational sample. It does not prove the complete associate-class structure of the infinite monoid.
2267,7286/243,1,7286/243,1,mixed_fraction,This is a bounded computational sample. It does not prove the complete associate-class structure of the infinite monoid.
2268,7301/243,1,7301/243,1,mixed_fraction,This is a bounded computational sample. It does not prove the complete associate-class structure of the infinite monoid.
2269,7303/243,1,7303/243,1,mixed_fraction,This is a bounded computational sample. It does not prove the complete associate-class structure of the infinite monoid.
2270,7310/243,1,7310/243,1,mixed_fraction,This is a bounded computational sample. It does not prove the complete associate-class structure of the infinite monoid.
2271,7313/81,1,7313/81,1,mixed_fraction,This is a bounded computational sample. It does not prove the complete associate-class structure of the infinite monoid.
2272,7319/243,1,7319/243,1,mixed_fraction,This is a bounded computational sample. It does not prove the complete associate-class structure of the infinite monoid.
2273,7328/243,1,7328/243,1,mixed_fraction,This is a bounded computational sample. It does not prove the complete associate-class structure of the infinite monoid.
2274,7330/243,1,7330/243,1,mixed_fraction,This is a bounded computational sample. It does not prove the complete associate-class structure of the infinite monoid.
2275,7340/243,1,7340/243,1,mixed_fraction,This is a bounded computational sample. It does not prove the complete associate-class structure of the infinite monoid.
2276,7346/243,1,7346/243,1,mixed_fraction,This is a bounded computational sample. It does not prove the complete associate-class structure of the infinite monoid.
2277,7361/243,1,7361/243,1,mixed_fraction,This is a bounded computational sample. It does not prove the complete associate-class structure of the infinite monoid.
2278,7367/81,1,7367/81,1,mixed_fraction,This is a bounded computational sample. It does not prove the complete associate-class structure of the infinite monoid.
2279,7373/243,1,7373/243,1,mixed_fraction,This is a bounded computational sample. It does not prove the complete associate-class structure of the infinite monoid.
2280,7375/243,1,7375/243,1,mixed_fraction,This is a bounded computational sample. It does not prove the complete associate-class structure of the infinite monoid.
2281,7376/243,1,7376/243,1,mixed_fraction,This is a bounded computational sample. It does not prove the complete associate-class structure of the infinite monoid.
2282,7384/243,1,7384/243,1,mixed_fraction,This is a bounded computational sample. It does not prove the complete associate-class structure of the infinite monoid.
2283,7391/243,1,7391/243,1,mixed_fraction,This is a bounded computational sample. It does not prove the complete associate-class structure of the infinite monoid.
2284,7400/243,1,7400/243,1,mixed_fraction,This is a bounded computational sample. It does not prove the complete associate-class structure of the infinite monoid.
2285,7403/243,1,7403/243,1,mixed_fraction,This is a bounded computational sample. It does not prove the complete associate-class structure of the infinite monoid.
2286,7409/243,1,7409/243,1,mixed_fraction,This is a bounded computational sample. It does not prove the complete associate-class structure of the infinite monoid.
2287,7411/243,1,7411/243,1,mixed_fraction,This is a bounded computational sample. It does not prove the complete associate-class structure of the infinite monoid.
2288,7418/243,1,7418/243,1,mixed_fraction,This is a bounded computational sample. It does not prove the complete associate-class structure of the infinite monoid.
2289,7421/243,1,7421/243,1,mixed_fraction,This is a bounded computational sample. It does not prove the complete associate-class structure of the infinite monoid.
2290,7430/243,1,7430/243,1,mixed_fraction,This is a bounded computational sample. It does not prove the complete associate-class structure of the infinite monoid.
2291,7448/81,1,7448/81,1,mixed_fraction,This is a bounded computational sample. It does not prove the complete associate-class structure of the infinite monoid.
2292,7448/243,1,7448/243,1,mixed_fraction,This is a bounded computational sample. It does not prove the complete associate-class structure of the infinite monoid.
2293,7454/243,1,7454/243,1,mixed_fraction,This is a bounded computational sample. It does not prove the complete associate-class structure of the infinite monoid.
2294,7465/243,1,7465/243,1,mixed_fraction,This is a bounded computational sample. It does not prove the complete associate-class structure of the infinite monoid.
2295,7475/243,1,7475/243,1,mixed_fraction,This is a bounded computational sample. It does not prove the complete associate-class structure of the infinite monoid.
2296,7484/243,1,7484/243,1,mixed_fraction,This is a bounded computational sample. It does not prove the complete associate-class structure of the infinite monoid.
2297,7490/243,1,7490/243,1,mixed_fraction,This is a bounded computational sample. It does not prove the complete associate-class structure of the infinite monoid.
2298,7493/243,1,7493/243,1,mixed_fraction,This is a bounded computational sample. It does not prove the complete associate-class structure of the infinite monoid.
2299,7508/243,1,7508/243,1,mixed_fraction,This is a bounded computational sample. It does not prove the complete associate-class structure of the infinite monoid.
2300,7511/243,1,7511/243,1,mixed_fraction,This is a bounded computational sample. It does not prove the complete associate-class structure of the infinite monoid.
2301,7523/243,1,7523/243,1,mixed_fraction,This is a bounded computational sample. It does not prove the complete associate-class structure of the infinite monoid.
2302,7529/243,1,7529/243,1,mixed_fraction,This is a bounded computational sample. It does not prove the complete associate-class structure of the infinite monoid.
2303,7535/243,1,7535/243,1,mixed_fraction,This is a bounded computational sample. It does not prove the complete associate-class structure of the infinite monoid.
2304,7544/243,1,7544/243,1,mixed_fraction,This is a bounded computational sample. It does not prove the complete associate-class structure of the infinite monoid.
2305,7546/243,1,7546/243,1,mixed_fraction,This is a bounded computational sample. It does not prove the complete associate-class structure of the infinite monoid.
2306,7550/243,1,7550/243,1,mixed_fraction,This is a bounded computational sample. It does not prove the complete associate-class structure of the infinite monoid.
2307,7553/243,1,7553/243,1,mixed_fraction,This is a bounded computational sample. It does not prove the complete associate-class structure of the infinite monoid.
2308,7565/243,1,7565/243,1,mixed_fraction,This is a bounded computational sample. It does not prove the complete associate-class structure of the infinite monoid.
2309,7571/243,1,7571/243,1,mixed_fraction,This is a bounded computational sample. It does not prove the complete associate-class structure of the infinite monoid.
2310,7573/243,1,7573/243,1,mixed_fraction,This is a bounded computational sample. It does not prove the complete associate-class structure of the infinite monoid.
2311,7580/243,1,7580/243,1,mixed_fraction,This is a bounded computational sample. It does not prove the complete associate-class structure of the infinite monoid.
2312,7583/243,1,7583/243,1,mixed_fraction,This is a bounded computational sample. It does not prove the complete associate-class structure of the infinite monoid.
2313,7589/243,1,7589/243,1,mixed_fraction,This is a bounded computational sample. It does not prove the complete associate-class structure of the infinite monoid.
2314,7600/243,1,7600/243,1,mixed_fraction,This is a bounded computational sample. It does not prove the complete associate-class structure of the infinite monoid.
2315,7604/243,1,7604/243,1,mixed_fraction,This is a bounded computational sample. It does not prove the complete associate-class structure of the infinite monoid.
2316,7610/243,1,7610/243,1,mixed_fraction,This is a bounded computational sample. It does not prove the complete associate-class structure of the infinite monoid.
2317,7616/243,1,7616/243,1,mixed_fraction,This is a bounded computational sample. It does not prove the complete associate-class structure of the infinite monoid.
2318,7618/243,1,7618/243,1,mixed_fraction,This is a bounded computational sample. It does not prove the complete associate-class structure of the infinite monoid.
2319,7619/243,1,7619/243,1,mixed_fraction,This is a bounded computational sample. It does not prove the complete associate-class structure of the infinite monoid.
2320,7634/243,1,7634/243,1,mixed_fraction,This is a bounded computational sample. It does not prove the complete associate-class structure of the infinite monoid.
2321,7643/243,1,7643/243,1,mixed_fraction,This is a bounded computational sample. It does not prove the complete associate-class structure of the infinite monoid.
2322,7646/243,1,7646/243,1,mixed_fraction,This is a bounded computational sample. It does not prove the complete associate-class structure of the infinite monoid.
2323,7654/243,1,7654/243,1,mixed_fraction,This is a bounded computational sample. It does not prove the complete associate-class structure of the infinite monoid.
2324,7655/243,1,7655/243,1,mixed_fraction,This is a bounded computational sample. It does not prove the complete associate-class structure of the infinite monoid.
2325,7661/243,1,7661/243,1,mixed_fraction,This is a bounded computational sample. It does not prove the complete associate-class structure of the infinite monoid.
2326,7664/243,1,7664/243,1,mixed_fraction,This is a bounded computational sample. It does not prove the complete associate-class structure of the infinite monoid.
2327,7673/243,1,7673/243,1,mixed_fraction,This is a bounded computational sample. It does not prove the complete associate-class structure of the infinite monoid.
2328,7685/243,1,7685/243,1,mixed_fraction,This is a bounded computational sample. It does not prove the complete associate-class structure of the infinite monoid.
2329,7691/243,1,7691/243,1,mixed_fraction,This is a bounded computational sample. It does not prove the complete associate-class structure of the infinite monoid.
2330,7708/243,1,7708/243,1,mixed_fraction,This is a bounded computational sample. It does not prove the complete associate-class structure of the infinite monoid.
2331,7715/243,1,7715/243,1,mixed_fraction,This is a bounded computational sample. It does not prove the complete associate-class structure of the infinite monoid.
2332,7718/243,1,7718/243,1,mixed_fraction,This is a bounded computational sample. It does not prove the complete associate-class structure of the infinite monoid.
2333,7733/243,1,7733/243,1,mixed_fraction,This is a bounded computational sample. It does not prove the complete associate-class structure of the infinite monoid.
2334,7735/243,1,7735/243,1,mixed_fraction,This is a bounded computational sample. It does not prove the complete associate-class structure of the infinite monoid.
2335,7736/243,1,7736/243,1,mixed_fraction,This is a bounded computational sample. It does not prove the complete associate-class structure of the infinite monoid.
2336,7751/243,1,7751/243,1,mixed_fraction,This is a bounded computational sample. It does not prove the complete associate-class structure of the infinite monoid.
2337,7754/243,1,7754/243,1,mixed_fraction,This is a bounded computational sample. It does not prove the complete associate-class structure of the infinite monoid.
2338,7766/243,1,7766/243,1,mixed_fraction,This is a bounded computational sample. It does not prove the complete associate-class structure of the infinite monoid.
2339,7778/243,1,7778/243,1,mixed_fraction,This is a bounded computational sample. It does not prove the complete associate-class structure of the infinite monoid.
2340,7780/243,1,7780/243,1,mixed_fraction,This is a bounded computational sample. It does not prove the complete associate-class structure of the infinite monoid.
2341,7789/243,1,7789/243,1,mixed_fraction,This is a bounded computational sample. It does not prove the complete associate-class structure of the infinite monoid.
2342,7793/243,1,7793/243,1,mixed_fraction,This is a bounded computational sample. It does not prove the complete associate-class structure of the infinite monoid.
2343,7796/243,1,7796/243,1,mixed_fraction,This is a bounded computational sample. It does not prove the complete associate-class structure of the infinite monoid.
2344,7805/243,1,7805/243,1,mixed_fraction,This is a bounded computational sample. It does not prove the complete associate-class structure of the infinite monoid.
2345,7808/243,1,7808/243,1,mixed_fraction,This is a bounded computational sample. It does not prove the complete associate-class structure of the infinite monoid.
2346,7814/243,1,7814/243,1,mixed_fraction,This is a bounded computational sample. It does not prove the complete associate-class structure of the infinite monoid.
2347,7816/243,1,7816/243,1,mixed_fraction,This is a bounded computational sample. It does not prove the complete associate-class structure of the infinite monoid.
2348,7823/243,1,7823/243,1,mixed_fraction,This is a bounded computational sample. It does not prove the complete associate-class structure of the infinite monoid.
2349,7826/243,1,7826/243,1,mixed_fraction,This is a bounded computational sample. It does not prove the complete associate-class structure of the infinite monoid.
2350,7835/243,1,7835/243,1,mixed_fraction,This is a bounded computational sample. It does not prove the complete associate-class structure of the infinite monoid.
2351,7843/243,1,7843/243,1,mixed_fraction,This is a bounded computational sample. It does not prove the complete associate-class structure of the infinite monoid.
2352,7850/243,1,7850/243,1,mixed_fraction,This is a bounded computational sample. It does not prove the complete associate-class structure of the infinite monoid.
2353,7853/243,1,7853/243,1,mixed_fraction,This is a bounded computational sample. It does not prove the complete associate-class structure of the infinite monoid.
2354,7859/243,1,7859/243,1,mixed_fraction,This is a bounded computational sample. It does not prove the complete associate-class structure of the infinite monoid.
2355,7861/243,1,7861/243,1,mixed_fraction,This is a bounded computational sample. It does not prove the complete associate-class structure of the infinite monoid.
2356,7880/243,1,7880/243,1,mixed_fraction,This is a bounded computational sample. It does not prove the complete associate-class structure of the infinite monoid.
2357,7886/243,1,7886/243,1,mixed_fraction,This is a bounded computational sample. It does not prove the complete associate-class structure of the infinite monoid.
2358,7889/243,1,7889/243,1,mixed_fraction,This is a bounded computational sample. It does not prove the complete associate-class structure of the infinite monoid.
2359,7898/243,1,7898/243,1,mixed_fraction,This is a bounded computational sample. It does not prove the complete associate-class structure of the infinite monoid.
2360,7904/243,1,7904/243,1,mixed_fraction,This is a bounded computational sample. It does not prove the complete associate-class structure of the infinite monoid.
2361,7916/243,1,7916/243,1,mixed_fraction,This is a bounded computational sample. It does not prove the complete associate-class structure of the infinite monoid.
2362,7925/243,1,7925/243,1,mixed_fraction,This is a bounded computational sample. It does not prove the complete associate-class structure of the infinite monoid.
2363,7928/243,1,7928/243,1,mixed_fraction,This is a bounded computational sample. It does not prove the complete associate-class structure of the infinite monoid.
2364,7934/243,1,7934/243,1,mixed_fraction,This is a bounded computational sample. It does not prove the complete associate-class structure of the infinite monoid.
2365,7940/243,1,7940/243,1,mixed_fraction,This is a bounded computational sample. It does not prove the complete associate-class structure of the infinite monoid.
2366,7951/243,1,7951/243,1,mixed_fraction,This is a bounded computational sample. It does not prove the complete associate-class structure of the infinite monoid.
2367,7955/243,1,7955/243,1,mixed_fraction,This is a bounded computational sample. It does not prove the complete associate-class structure of the infinite monoid.
2368,7958/243,1,7958/243,1,mixed_fraction,This is a bounded computational sample. It does not prove the complete associate-class structure of the infinite monoid.
2369,7961/243,1,7961/243,1,mixed_fraction,This is a bounded computational sample. It does not prove the complete associate-class structure of the infinite monoid.
2370,7976/243,1,7976/243,1,mixed_fraction,This is a bounded computational sample. It does not prove the complete associate-class structure of the infinite monoid.
2371,7978/243,1,7978/243,1,mixed_fraction,This is a bounded computational sample. It does not prove the complete associate-class structure of the infinite monoid.
2372,7979/243,1,7979/243,1,mixed_fraction,This is a bounded computational sample. It does not prove the complete associate-class structure of the infinite monoid.
2373,7985/243,1,7985/243,1,mixed_fraction,This is a bounded computational sample. It does not prove the complete associate-class structure of the infinite monoid.
2374,7994/243,1,7994/243,1,mixed_fraction,This is a bounded computational sample. It does not prove the complete associate-class structure of the infinite monoid.
2375,8000/243,1,8000/243,1,mixed_fraction,This is a bounded computational sample. It does not prove the complete associate-class structure of the infinite monoid.
2376,8005/243,1,8005/243,1,mixed_fraction,This is a bounded computational sample. It does not prove the complete associate-class structure of the infinite monoid.
2377,8009/243,1,8009/243,1,mixed_fraction,This is a bounded computational sample. It does not prove the complete associate-class structure of the infinite monoid.
2378,8015/243,1,8015/243,1,mixed_fraction,This is a bounded computational sample. It does not prove the complete associate-class structure of the infinite monoid.
2379,8021/243,1,8021/243,1,mixed_fraction,This is a bounded computational sample. It does not prove the complete associate-class structure of the infinite monoid.
2380,8023/243,1,8023/243,1,mixed_fraction,This is a bounded computational sample. It does not prove the complete associate-class structure of the infinite monoid.
2381,8036/243,1,8036/243,1,mixed_fraction,This is a bounded computational sample. It does not prove the complete associate-class structure of the infinite monoid.
2382,8039/243,1,8039/243,1,mixed_fraction,This is a bounded computational sample. It does not prove the complete associate-class structure of the infinite monoid.
2383,8048/243,1,8048/243,1,mixed_fraction,This is a bounded computational sample. It does not prove the complete associate-class structure of the infinite monoid.
2384,8050/243,1,8050/243,1,mixed_fraction,This is a bounded computational sample. It does not prove the complete associate-class structure of the infinite monoid.
2385,8051/243,1,8051/243,1,mixed_fraction,This is a bounded computational sample. It does not prove the complete associate-class structure of the infinite monoid.
2386,8059/243,1,8059/243,1,mixed_fraction,This is a bounded computational sample. It does not prove the complete associate-class structure of the infinite monoid.
2387,8060/243,1,8060/243,1,mixed_fraction,This is a bounded computational sample. It does not prove the complete associate-class structure of the infinite monoid.
2388,8066/243,1,8066/243,1,mixed_fraction,This is a bounded computational sample. It does not prove the complete associate-class structure of the infinite monoid.
2389,8069/243,1,8069/243,1,mixed_fraction,This is a bounded computational sample. It does not prove the complete associate-class structure of the infinite monoid.
2390,8078/243,1,8078/243,1,mixed_fraction,This is a bounded computational sample. It does not prove the complete associate-class structure of the infinite monoid.
2391,8086/243,1,8086/243,1,mixed_fraction,This is a bounded computational sample. It does not prove the complete associate-class structure of the infinite monoid.
2392,8090/243,1,8090/243,1,mixed_fraction,This is a bounded computational sample. It does not prove the complete associate-class structure of the infinite monoid.
2393,8093/243,1,8093/243,1,mixed_fraction,This is a bounded computational sample. It does not prove the complete associate-class structure of the infinite monoid.
2394,8096/243,1,8096/243,1,mixed_fraction,This is a bounded computational sample. It does not prove the complete associate-class structure of the infinite monoid.
2395,8104/243,1,8104/243,1,mixed_fraction,This is a bounded computational sample. It does not prove the complete associate-class structure of the infinite monoid.
2396,8123/243,1,8123/243,1,mixed_fraction,This is a bounded computational sample. It does not prove the complete associate-class structure of the infinite monoid.
2397,8125/243,1,8125/243,1,mixed_fraction,This is a bounded computational sample. It does not prove the complete associate-class structure of the infinite monoid.
2398,8129/243,1,8129/243,1,mixed_fraction,This is a bounded computational sample. It does not prove the complete associate-class structure of the infinite monoid.
2399,8140/243,1,8140/243,1,mixed_fraction,This is a bounded computational sample. It does not prove the complete associate-class structure of the infinite monoid.
2400,8141/243,1,8141/243,1,mixed_fraction,This is a bounded computational sample. It does not prove the complete associate-class structure of the infinite monoid.
2401,8150/243,1,8150/243,1,mixed_fraction,This is a bounded computational sample. It does not prove the complete associate-class structure of the infinite monoid.
2402,8159/243,1,8159/243,1,mixed_fraction,This is a bounded computational sample. It does not prove the complete associate-class structure of the infinite monoid.
2403,8168/243,1,8168/243,1,mixed_fraction,This is a bounded computational sample. It does not prove the complete associate-class structure of the infinite monoid.
2404,8171/243,1,8171/243,1,mixed_fraction,This is a bounded computational sample. It does not prove the complete associate-class structure of the infinite monoid.
2405,8183/243,1,8183/243,1,mixed_fraction,This is a bounded computational sample. It does not prove the complete associate-class structure of the infinite monoid.
2406,8185/243,1,8185/243,1,mixed_fraction,This is a bounded computational sample. It does not prove the complete associate-class structure of the infinite monoid.
2407,8194/243,1,8194/243,1,mixed_fraction,This is a bounded computational sample. It does not prove the complete associate-class structure of the infinite monoid.
2408,8198/243,1,8198/243,1,mixed_fraction,This is a bounded computational sample. It does not prove the complete associate-class structure of the infinite monoid.
2409,8201/243,1,8201/243,1,mixed_fraction,This is a bounded computational sample. It does not prove the complete associate-class structure of the infinite monoid.
2410,8204/243,1,8204/243,1,mixed_fraction,This is a bounded computational sample. It does not prove the complete associate-class structure of the infinite monoid.
2411,8210/243,1,8210/243,1,mixed_fraction,This is a bounded computational sample. It does not prove the complete associate-class structure of the infinite monoid.
2412,8219/243,1,8219/243,1,mixed_fraction,This is a bounded computational sample. It does not prove the complete associate-class structure of the infinite monoid.
2413,8221/243,1,8221/243,1,mixed_fraction,This is a bounded computational sample. It does not prove the complete associate-class structure of the infinite monoid.
2414,8225/243,1,8225/243,1,mixed_fraction,This is a bounded computational sample. It does not prove the complete associate-class structure of the infinite monoid.
2415,8228/243,1,8228/243,1,mixed_fraction,This is a bounded computational sample. It does not prove the complete associate-class structure of the infinite monoid.
2416,8240/243,1,8240/243,1,mixed_fraction,This is a bounded computational sample. It does not prove the complete associate-class structure of the infinite monoid.
2417,8243/243,1,8243/243,1,mixed_fraction,This is a bounded computational sample. It does not prove the complete associate-class structure of the infinite monoid.
2418,8248/243,1,8248/243,1,mixed_fraction,This is a bounded computational sample. It does not prove the complete associate-class structure of the infinite monoid.
2419,8255/243,1,8255/243,1,mixed_fraction,This is a bounded computational sample. It does not prove the complete associate-class structure of the infinite monoid.
2420,8258/243,1,8258/243,1,mixed_fraction,This is a bounded computational sample. It does not prove the complete associate-class structure of the infinite monoid.
2421,8264/243,1,8264/243,1,mixed_fraction,This is a bounded computational sample. It does not prove the complete associate-class structure of the infinite monoid.
2422,8266/243,1,8266/243,1,mixed_fraction,This is a bounded computational sample. It does not prove the complete associate-class structure of the infinite monoid.
2423,8275/243,1,8275/243,1,mixed_fraction,This is a bounded computational sample. It does not prove the complete associate-class structure of the infinite monoid.
2424,8279/243,1,8279/243,1,mixed_fraction,This is a bounded computational sample. It does not prove the complete associate-class structure of the infinite monoid.
2425,8285/243,1,8285/243,1,mixed_fraction,This is a bounded computational sample. It does not prove the complete associate-class structure of the infinite monoid.
2426,8291/243,1,8291/243,1,mixed_fraction,This is a bounded computational sample. It does not prove the complete associate-class structure of the infinite monoid.
2427,8293/243,1,8293/243,1,mixed_fraction,This is a bounded computational sample. It does not prove the complete associate-class structure of the infinite monoid.
2428,8294/243,1,8294/243,1,mixed_fraction,This is a bounded computational sample. It does not prove the complete associate-class structure of the infinite monoid.
2429,8303/243,1,8303/243,1,mixed_fraction,This is a bounded computational sample. It does not prove the complete associate-class structure of the infinite monoid.
2430,8309/243,1,8309/243,1,mixed_fraction,This is a bounded computational sample. It does not prove the complete associate-class structure of the infinite monoid.
2431,8321/243,1,8321/243,1,mixed_fraction,This is a bounded computational sample. It does not prove the complete associate-class structure of the infinite monoid.
2432,8329/243,1,8329/243,1,mixed_fraction,This is a bounded computational sample. It does not prove the complete associate-class structure of the infinite monoid.
2433,8330/243,1,8330/243,1,mixed_fraction,This is a bounded computational sample. It does not prove the complete associate-class structure of the infinite monoid.
2434,8333/243,1,8333/243,1,mixed_fraction,This is a bounded computational sample. It does not prove the complete associate-class structure of the infinite monoid.
2435,8336/243,1,8336/243,1,mixed_fraction,This is a bounded computational sample. It does not prove the complete associate-class structure of the infinite monoid.
2436,8339/243,1,8339/243,1,mixed_fraction,This is a bounded computational sample. It does not prove the complete associate-class structure of the infinite monoid.
2437,8360/243,1,8360/243,1,mixed_fraction,This is a bounded computational sample. It does not prove the complete associate-class structure of the infinite monoid.
2438,8366/243,1,8366/243,1,mixed_fraction,This is a bounded computational sample. It does not prove the complete associate-class structure of the infinite monoid.
2439,8368/243,1,8368/243,1,mixed_fraction,This is a bounded computational sample. It does not prove the complete associate-class structure of the infinite monoid.
2440,8375/243,1,8375/243,1,mixed_fraction,This is a bounded computational sample. It does not prove the complete associate-class structure of the infinite monoid.
2441,8383/243,1,8383/243,1,mixed_fraction,This is a bounded computational sample. It does not prove the complete associate-class structure of the infinite monoid.
2442,8384/243,1,8384/243,1,mixed_fraction,This is a bounded computational sample. It does not prove the complete associate-class structure of the infinite monoid.
2443,8390/243,1,8390/243,1,mixed_fraction,This is a bounded computational sample. It does not prove the complete associate-class structure of the infinite monoid.
2444,8393/243,1,8393/243,1,mixed_fraction,This is a bounded computational sample. It does not prove the complete associate-class structure of the infinite monoid.
2445,8405/243,1,8405/243,1,mixed_fraction,This is a bounded computational sample. It does not prove the complete associate-class structure of the infinite monoid.
2446,8410/243,1,8410/243,1,mixed_fraction,This is a bounded computational sample. It does not prove the complete associate-class structure of the infinite monoid.
2447,8411/243,1,8411/243,1,mixed_fraction,This is a bounded computational sample. It does not prove the complete associate-class structure of the infinite monoid.
2448,8414/243,1,8414/243,1,mixed_fraction,This is a bounded computational sample. It does not prove the complete associate-class structure of the infinite monoid.
2449,8426/243,1,8426/243,1,mixed_fraction,This is a bounded computational sample. It does not prove the complete associate-class structure of the infinite monoid.
2450,8428/243,1,8428/243,1,mixed_fraction,This is a bounded computational sample. It does not prove the complete associate-class structure of the infinite monoid.
2451,8441/243,1,8441/243,1,mixed_fraction,This is a bounded computational sample. It does not prove the complete associate-class structure of the infinite monoid.
2452,8444/243,1,8444/243,1,mixed_fraction,This is a bounded computational sample. It does not prove the complete associate-class structure of the infinite monoid.
2453,8453/243,1,8453/243,1,mixed_fraction,This is a bounded computational sample. It does not prove the complete associate-class structure of the infinite monoid.
2454,8455/243,1,8455/243,1,mixed_fraction,This is a bounded computational sample. It does not prove the complete associate-class structure of the infinite monoid.
2455,8464/243,1,8464/243,1,mixed_fraction,This is a bounded computational sample. It does not prove the complete associate-class structure of the infinite monoid.
2456,8465/243,1,8465/243,1,mixed_fraction,This is a bounded computational sample. It does not prove the complete associate-class structure of the infinite monoid.
2457,8468/243,1,8468/243,1,mixed_fraction,This is a bounded computational sample. It does not prove the complete associate-class structure of the infinite monoid.
2458,8471/243,1,8471/243,1,mixed_fraction,This is a bounded computational sample. It does not prove the complete associate-class structure of the infinite monoid.
2459,8483/243,1,8483/243,1,mixed_fraction,This is a bounded computational sample. It does not prove the complete associate-class structure of the infinite monoid.
2460,8486/243,1,8486/243,1,mixed_fraction,This is a bounded computational sample. It does not prove the complete associate-class structure of the infinite monoid.
2461,8491/243,1,8491/243,1,mixed_fraction,This is a bounded computational sample. It does not prove the complete associate-class structure of the infinite monoid.
2462,8498/243,1,8498/243,1,mixed_fraction,This is a bounded computational sample. It does not prove the complete associate-class structure of the infinite monoid.
2463,8500/243,1,8500/243,1,mixed_fraction,This is a bounded computational sample. It does not prove the complete associate-class structure of the infinite monoid.
2464,8501/243,1,8501/243,1,mixed_fraction,This is a bounded computational sample. It does not prove the complete associate-class structure of the infinite monoid.
2465,8509/243,1,8509/243,1,mixed_fraction,This is a bounded computational sample. It does not prove the complete associate-class structure of the infinite monoid.
2466,8518/243,1,8518/243,1,mixed_fraction,This is a bounded computational sample. It does not prove the complete associate-class structure of the infinite monoid.
2467,8525/243,1,8525/243,1,mixed_fraction,This is a bounded computational sample. It does not prove the complete associate-class structure of the infinite monoid.
2468,8528/243,1,8528/243,1,mixed_fraction,This is a bounded computational sample. It does not prove the complete associate-class structure of the infinite monoid.
2469,8530/243,1,8530/243,1,mixed_fraction,This is a bounded computational sample. It does not prove the complete associate-class structure of the infinite monoid.
2470,8534/243,1,8534/243,1,mixed_fraction,This is a bounded computational sample. It does not prove the complete associate-class structure of the infinite monoid.
2471,8536/243,1,8536/243,1,mixed_fraction,This is a bounded computational sample. It does not prove the complete associate-class structure of the infinite monoid.
2472,8546/243,1,8546/243,1,mixed_fraction,This is a bounded computational sample. It does not prove the complete associate-class structure of the infinite monoid.
2473,8555/243,1,8555/243,1,mixed_fraction,This is a bounded computational sample. It does not prove the complete associate-class structure of the infinite monoid.
2474,8564/243,1,8564/243,1,mixed_fraction,This is a bounded computational sample. It does not prove the complete associate-class structure of the infinite monoid.
2475,8573/243,1,8573/243,1,mixed_fraction,This is a bounded computational sample. It does not prove the complete associate-class structure of the infinite monoid.
2476,8576/243,1,8576/243,1,mixed_fraction,This is a bounded computational sample. It does not prove the complete associate-class structure of the infinite monoid.
2477,8579/243,1,8579/243,1,mixed_fraction,This is a bounded computational sample. It does not prove the complete associate-class structure of the infinite monoid.
2478,8590/243,1,8590/243,1,mixed_fraction,This is a bounded computational sample. It does not prove the complete associate-class structure of the infinite monoid.
2479,8600/243,1,8600/243,1,mixed_fraction,This is a bounded computational sample. It does not prove the complete associate-class structure of the infinite monoid.
2480,8603/243,1,8603/243,1,mixed_fraction,This is a bounded computational sample. It does not prove the complete associate-class structure of the infinite monoid.
2481,8609/243,1,8609/243,1,mixed_fraction,This is a bounded computational sample. It does not prove the complete associate-class structure of the infinite monoid.
2482,8611/243,1,8611/243,1,mixed_fraction,This is a bounded computational sample. It does not prove the complete associate-class structure of the infinite monoid.
2483,8615/243,1,8615/243,1,mixed_fraction,This is a bounded computational sample. It does not prove the complete associate-class structure of the infinite monoid.
2484,8618/243,1,8618/243,1,mixed_fraction,This is a bounded computational sample. It does not prove the complete associate-class structure of the infinite monoid.
2485,8626/243,1,8626/243,1,mixed_fraction,This is a bounded computational sample. It does not prove the complete associate-class structure of the infinite monoid.
2486,8630/243,1,8630/243,1,mixed_fraction,This is a bounded computational sample. It does not prove the complete associate-class structure of the infinite monoid.
2487,8633/243,1,8633/243,1,mixed_fraction,This is a bounded computational sample. It does not prove the complete associate-class structure of the infinite monoid.
2488,8636/243,1,8636/243,1,mixed_fraction,This is a bounded computational sample. It does not prove the complete associate-class structure of the infinite monoid.
2489,8648/243,1,8648/243,1,mixed_fraction,This is a bounded computational sample. It does not prove the complete associate-class structure of the infinite monoid.
2490,8653/243,1,8653/243,1,mixed_fraction,This is a bounded computational sample. It does not prove the complete associate-class structure of the infinite monoid.
2491,8654/243,1,8654/243,1,mixed_fraction,This is a bounded computational sample. It does not prove the complete associate-class structure of the infinite monoid.
2492,8660/243,1,8660/243,1,mixed_fraction,This is a bounded computational sample. It does not prove the complete associate-class structure of the infinite monoid.
2493,8669/243,1,8669/243,1,mixed_fraction,This is a bounded computational sample. It does not prove the complete associate-class structure of the infinite monoid.
2494,8671/243,1,8671/243,1,mixed_fraction,This is a bounded computational sample. It does not prove the complete associate-class structure of the infinite monoid.
2495,8675/243,1,8675/243,1,mixed_fraction,This is a bounded computational sample. It does not prove the complete associate-class structure of the infinite monoid.
2496,8680/243,1,8680/243,1,mixed_fraction,This is a bounded computational sample. It does not prove the complete associate-class structure of the infinite monoid.
2497,8684/243,1,8684/243,1,mixed_fraction,This is a bounded computational sample. It does not prove the complete associate-class structure of the infinite monoid.
2498,8690/243,1,8690/243,1,mixed_fraction,This is a bounded computational sample. It does not prove the complete associate-class structure of the infinite monoid.
2499,8696/243,1,8696/243,1,mixed_fraction,This is a bounded computational sample. It does not prove the complete associate-class structure of the infinite monoid.
2500,8698/243,1,8698/243,1,mixed_fraction,This is a bounded computational sample. It does not prove the complete associate-class structure of the infinite monoid.
2501,8708/243,1,8708/243,1,mixed_fraction,This is a bounded computational sample. It does not prove the complete associate-class structure of the infinite monoid.
2502,8711/243,1,8711/243,1,mixed_fraction,This is a bounded computational sample. It does not prove the complete associate-class structure of the infinite monoid.
2503,8714/243,1,8714/243,1,mixed_fraction,This is a bounded computational sample. It does not prove the complete associate-class structure of the infinite monoid.
2504,8725/243,1,8725/243,1,mixed_fraction,This is a bounded computational sample. It does not prove the complete associate-class structure of the infinite monoid.
2505,8726/243,1,8726/243,1,mixed_fraction,This is a bounded computational sample. It does not prove the complete associate-class structure of the infinite monoid.
2506,8729/243,1,8729/243,1,mixed_fraction,This is a bounded computational sample. It does not prove the complete associate-class structure of the infinite monoid.
2507,8734/243,1,8734/243,1,mixed_fraction,This is a bounded computational sample. It does not prove the complete associate-class structure of the infinite monoid.
2508,8735/243,1,8735/243,1,mixed_fraction,This is a bounded computational sample. It does not prove the complete associate-class structure of the infinite monoid.
2509,8741/243,1,8741/243,1,mixed_fraction,This is a bounded computational sample. It does not prove the complete associate-class structure of the infinite monoid.
2510,8743/243,1,8743/243,1,mixed_fraction,This is a bounded computational sample. It does not prove the complete associate-class structure of the infinite monoid.
2511,8744/243,1,8744/243,1,mixed_fraction,This is a bounded computational sample. It does not prove the complete associate-class structure of the infinite monoid.
2512,8750/243,1,8750/243,1,mixed_fraction,This is a bounded computational sample. It does not prove the complete associate-class structure of the infinite monoid.
2513,8761/243,1,8761/243,1,mixed_fraction,This is a bounded computational sample. It does not prove the complete associate-class structure of the infinite monoid.
2514,8765/243,1,8765/243,1,mixed_fraction,This is a bounded computational sample. It does not prove the complete associate-class structure of the infinite monoid.
2515,8768/243,1,8768/243,1,mixed_fraction,This is a bounded computational sample. It does not prove the complete associate-class structure of the infinite monoid.
2516,8771/243,1,8771/243,1,mixed_fraction,This is a bounded computational sample. It does not prove the complete associate-class structure of the infinite monoid.
2517,8773/243,1,8773/243,1,mixed_fraction,This is a bounded computational sample. It does not prove the complete associate-class structure of the infinite monoid.
2518,8779/243,1,8779/243,1,mixed_fraction,This is a bounded computational sample. It does not prove the complete associate-class structure of the infinite monoid.
2519,8780/243,1,8780/243,1,mixed_fraction,This is a bounded computational sample. It does not prove the complete associate-class structure of the infinite monoid.
2520,8789/243,1,8789/243,1,mixed_fraction,This is a bounded computational sample. It does not prove the complete associate-class structure of the infinite monoid.
2521,8798/243,1,8798/243,1,mixed_fraction,This is a bounded computational sample. It does not prove the complete associate-class structure of the infinite monoid.
2522,8800/243,1,8800/243,1,mixed_fraction,This is a bounded computational sample. It does not prove the complete associate-class structure of the infinite monoid.
2523,8810/243,1,8810/243,1,mixed_fraction,This is a bounded computational sample. It does not prove the complete associate-class structure of the infinite monoid.
2524,8815/243,1,8815/243,1,mixed_fraction,This is a bounded computational sample. It does not prove the complete associate-class structure of the infinite monoid.
2525,8816/243,1,8816/243,1,mixed_fraction,This is a bounded computational sample. It does not prove the complete associate-class structure of the infinite monoid.
2526,8819/243,1,8819/243,1,mixed_fraction,This is a bounded computational sample. It does not prove the complete associate-class structure of the infinite monoid.
2527,8833/243,1,8833/243,1,mixed_fraction,This is a bounded computational sample. It does not prove the complete associate-class structure of the infinite monoid.
2528,8843/243,1,8843/243,1,mixed_fraction,This is a bounded computational sample. It does not prove the complete associate-class structure of the infinite monoid.
2529,8846/243,1,8846/243,1,mixed_fraction,This is a bounded computational sample. It does not prove the complete associate-class structure of the infinite monoid.
2530,8854/243,1,8854/243,1,mixed_fraction,This is a bounded computational sample. It does not prove the complete associate-class structure of the infinite monoid.
2531,8858/243,1,8858/243,1,mixed_fraction,This is a bounded computational sample. It does not prove the complete associate-class structure of the infinite monoid.
2532,8860/243,1,8860/243,1,mixed_fraction,This is a bounded computational sample. It does not prove the complete associate-class structure of the infinite monoid.
2533,8861/243,1,8861/243,1,mixed_fraction,This is a bounded computational sample. It does not prove the complete associate-class structure of the infinite monoid.
2534,8869/243,1,8869/243,1,mixed_fraction,This is a bounded computational sample. It does not prove the complete associate-class structure of the infinite monoid.
2535,8873/243,1,8873/243,1,mixed_fraction,This is a bounded computational sample. It does not prove the complete associate-class structure of the infinite monoid.
2536,8876/243,1,8876/243,1,mixed_fraction,This is a bounded computational sample. It does not prove the complete associate-class structure of the infinite monoid.
2537,8879/243,1,8879/243,1,mixed_fraction,This is a bounded computational sample. It does not prove the complete associate-class structure of the infinite monoid.
2538,8891/243,1,8891/243,1,mixed_fraction,This is a bounded computational sample. It does not prove the complete associate-class structure of the infinite monoid.
2539,8896/243,1,8896/243,1,mixed_fraction,This is a bounded computational sample. It does not prove the complete associate-class structure of the infinite monoid.
2540,8900/243,1,8900/243,1,mixed_fraction,This is a bounded computational sample. It does not prove the complete associate-class structure of the infinite monoid.
2541,8903/243,1,8903/243,1,mixed_fraction,This is a bounded computational sample. It does not prove the complete associate-class structure of the infinite monoid.
2542,8905/243,1,8905/243,1,mixed_fraction,This is a bounded computational sample. It does not prove the complete associate-class structure of the infinite monoid.
2543,8914/243,1,8914/243,1,mixed_fraction,This is a bounded computational sample. It does not prove the complete associate-class structure of the infinite monoid.
2544,8918/243,1,8918/243,1,mixed_fraction,This is a bounded computational sample. It does not prove the complete associate-class structure of the infinite monoid.
2545,8923/243,1,8923/243,1,mixed_fraction,This is a bounded computational sample. It does not prove the complete associate-class structure of the infinite monoid.
2546,8930/243,1,8930/243,1,mixed_fraction,This is a bounded computational sample. It does not prove the complete associate-class structure of the infinite monoid.
2547,8933/243,1,8933/243,1,mixed_fraction,This is a bounded computational sample. It does not prove the complete associate-class structure of the infinite monoid.
2548,8935/243,1,8935/243,1,mixed_fraction,This is a bounded computational sample. It does not prove the complete associate-class structure of the infinite monoid.
2549,8939/243,1,8939/243,1,mixed_fraction,This is a bounded computational sample. It does not prove the complete associate-class structure of the infinite monoid.
2550,8941/243,1,8941/243,1,mixed_fraction,This is a bounded computational sample. It does not prove the complete associate-class structure of the infinite monoid.
2551,8951/243,1,8951/243,1,mixed_fraction,This is a bounded computational sample. It does not prove the complete associate-class structure of the infinite monoid.
2552,8954/243,1,8954/243,1,mixed_fraction,This is a bounded computational sample. It does not prove the complete associate-class structure of the infinite monoid.
2553,8960/243,1,8960/243,1,mixed_fraction,This is a bounded computational sample. It does not prove the complete associate-class structure of the infinite monoid.
2554,8968/243,1,8968/243,1,mixed_fraction,This is a bounded computational sample. It does not prove the complete associate-class structure of the infinite monoid.
2555,8969/243,1,8969/243,1,mixed_fraction,This is a bounded computational sample. It does not prove the complete associate-class structure of the infinite monoid.
2556,8978/243,1,8978/243,1,mixed_fraction,This is a bounded computational sample. It does not prove the complete associate-class structure of the infinite monoid.
2557,8984/243,1,8984/243,1,mixed_fraction,This is a bounded computational sample. It does not prove the complete associate-class structure of the infinite monoid.
2558,8986/243,1,8986/243,1,mixed_fraction,This is a bounded computational sample. It does not prove the complete associate-class structure of the infinite monoid.
2559,8993/243,1,8993/243,1,mixed_fraction,This is a bounded computational sample. It does not prove the complete associate-class structure of the infinite monoid.
2560,9004/243,1,9004/243,1,mixed_fraction,This is a bounded computational sample. It does not prove the complete associate-class structure of the infinite monoid.
2561,9005/243,1,9005/243,1,mixed_fraction,This is a bounded computational sample. It does not prove the complete associate-class structure of the infinite monoid.
2562,9008/243,1,9008/243,1,mixed_fraction,This is a bounded computational sample. It does not prove the complete associate-class structure of the infinite monoid.
2563,9011/243,1,9011/243,1,mixed_fraction,This is a bounded computational sample. It does not prove the complete associate-class structure of the infinite monoid.
2564,9014/243,1,9014/243,1,mixed_fraction,This is a bounded computational sample. It does not prove the complete associate-class structure of the infinite monoid.
2565,9016/243,1,9016/243,1,mixed_fraction,This is a bounded computational sample. It does not prove the complete associate-class structure of the infinite monoid.
2566,9023/243,1,9023/243,1,mixed_fraction,This is a bounded computational sample. It does not prove the complete associate-class structure of the infinite monoid.
2567,9035/243,1,9035/243,1,mixed_fraction,This is a bounded computational sample. It does not prove the complete associate-class structure of the infinite monoid.
2568,9041/243,1,9041/243,1,mixed_fraction,This is a bounded computational sample. It does not prove the complete associate-class structure of the infinite monoid.
2569,9043/243,1,9043/243,1,mixed_fraction,This is a bounded computational sample. It does not prove the complete associate-class structure of the infinite monoid.
2570,9050/243,1,9050/243,1,mixed_fraction,This is a bounded computational sample. It does not prove the complete associate-class structure of the infinite monoid.
2571,9053/243,1,9053/243,1,mixed_fraction,This is a bounded computational sample. It does not prove the complete associate-class structure of the infinite monoid.
2572,9058/243,1,9058/243,1,mixed_fraction,This is a bounded computational sample. It does not prove the complete associate-class structure of the infinite monoid.
2573,9059/243,1,9059/243,1,mixed_fraction,This is a bounded computational sample. It does not prove the complete associate-class structure of the infinite monoid.
2574,9065/243,1,9065/243,1,mixed_fraction,This is a bounded computational sample. It does not prove the complete associate-class structure of the infinite monoid.
2575,9076/243,1,9076/243,1,mixed_fraction,This is a bounded computational sample. It does not prove the complete associate-class structure of the infinite monoid.
2576,9080/243,1,9080/243,1,mixed_fraction,This is a bounded computational sample. It does not prove the complete associate-class structure of the infinite monoid.
2577,9085/243,1,9085/243,1,mixed_fraction,This is a bounded computational sample. It does not prove the complete associate-class structure of the infinite monoid.
2578,9086/243,1,9086/243,1,mixed_fraction,This is a bounded computational sample. It does not prove the complete associate-class structure of the infinite monoid.
2579,9089/243,1,9089/243,1,mixed_fraction,This is a bounded computational sample. It does not prove the complete associate-class structure of the infinite monoid.
2580,9101/243,1,9101/243,1,mixed_fraction,This is a bounded computational sample. It does not prove the complete associate-class structure of the infinite monoid.
2581,9103/243,1,9103/243,1,mixed_fraction,This is a bounded computational sample. It does not prove the complete associate-class structure of the infinite monoid.
2582,9104/243,1,9104/243,1,mixed_fraction,This is a bounded computational sample. It does not prove the complete associate-class structure of the infinite monoid.
2583,9116/243,1,9116/243,1,mixed_fraction,This is a bounded computational sample. It does not prove the complete associate-class structure of the infinite monoid.
2584,9119/243,1,9119/243,1,mixed_fraction,This is a bounded computational sample. It does not prove the complete associate-class structure of the infinite monoid.
2585,9125/243,1,9125/243,1,mixed_fraction,This is a bounded computational sample. It does not prove the complete associate-class structure of the infinite monoid.
2586,9130/243,1,9130/243,1,mixed_fraction,This is a bounded computational sample. It does not prove the complete associate-class structure of the infinite monoid.
2587,9134/243,1,9134/243,1,mixed_fraction,This is a bounded computational sample. It does not prove the complete associate-class structure of the infinite monoid.
2588,9139/243,1,9139/243,1,mixed_fraction,This is a bounded computational sample. It does not prove the complete associate-class structure of the infinite monoid.
2589,9140/243,1,9140/243,1,mixed_fraction,This is a bounded computational sample. It does not prove the complete associate-class structure of the infinite monoid.
2590,9143/243,1,9143/243,1,mixed_fraction,This is a bounded computational sample. It does not prove the complete associate-class structure of the infinite monoid.
2591,9146/243,1,9146/243,1,mixed_fraction,This is a bounded computational sample. It does not prove the complete associate-class structure of the infinite monoid.
2592,9148/243,1,9148/243,1,mixed_fraction,This is a bounded computational sample. It does not prove the complete associate-class structure of the infinite monoid.
2593,9155/243,1,9155/243,1,mixed_fraction,This is a bounded computational sample. It does not prove the complete associate-class structure of the infinite monoid.
2594,9161/243,1,9161/243,1,mixed_fraction,This is a bounded computational sample. It does not prove the complete associate-class structure of the infinite monoid.
2595,9166/243,1,9166/243,1,mixed_fraction,This is a bounded computational sample. It does not prove the complete associate-class structure of the infinite monoid.
2596,9173/243,1,9173/243,1,mixed_fraction,This is a bounded computational sample. It does not prove the complete associate-class structure of the infinite monoid.
2597,9175/243,1,9175/243,1,mixed_fraction,This is a bounded computational sample. It does not prove the complete associate-class structure of the infinite monoid.
2598,9176/243,1,9176/243,1,mixed_fraction,This is a bounded computational sample. It does not prove the complete associate-class structure of the infinite monoid.
2599,9178/243,1,9178/243,1,mixed_fraction,This is a bounded computational sample. It does not prove the complete associate-class structure of the infinite monoid.
2600,9184/243,1,9184/243,1,mixed_fraction,This is a bounded computational sample. It does not prove the complete associate-class structure of the infinite monoid.
2601,9185/243,1,9185/243,1,mixed_fraction,This is a bounded computational sample. It does not prove the complete associate-class structure of the infinite monoid.
2602,9194/243,1,9194/243,1,mixed_fraction,This is a bounded computational sample. It does not prove the complete associate-class structure of the infinite monoid.
2603,9203/243,1,9203/243,1,mixed_fraction,This is a bounded computational sample. It does not prove the complete associate-class structure of the infinite monoid.
2604,9205/243,1,9205/243,1,mixed_fraction,This is a bounded computational sample. It does not prove the complete associate-class structure of the infinite monoid.
2605,9211/243,1,9211/243,1,mixed_fraction,This is a bounded computational sample. It does not prove the complete associate-class structure of the infinite monoid.
2606,9215/243,1,9215/243,1,mixed_fraction,This is a bounded computational sample. It does not prove the complete associate-class structure of the infinite monoid.
2607,9221/243,1,9221/243,1,mixed_fraction,This is a bounded computational sample. It does not prove the complete associate-class structure of the infinite monoid.
2608,9229/243,1,9229/243,1,mixed_fraction,This is a bounded computational sample. It does not prove the complete associate-class structure of the infinite monoid.
2609,9236/243,1,9236/243,1,mixed_fraction,This is a bounded computational sample. It does not prove the complete associate-class structure of the infinite monoid.
2610,9248/243,1,9248/243,1,mixed_fraction,This is a bounded computational sample. It does not prove the complete associate-class structure of the infinite monoid.
2611,9250/243,1,9250/243,1,mixed_fraction,This is a bounded computational sample. It does not prove the complete associate-class structure of the infinite monoid.
2612,9251/243,1,9251/243,1,mixed_fraction,This is a bounded computational sample. It does not prove the complete associate-class structure of the infinite monoid.
2613,9254/243,1,9254/243,1,mixed_fraction,This is a bounded computational sample. It does not prove the complete associate-class structure of the infinite monoid.
2614,9259/243,1,9259/243,1,mixed_fraction,This is a bounded computational sample. It does not prove the complete associate-class structure of the infinite monoid.
2615,9265/243,1,9265/243,1,mixed_fraction,This is a bounded computational sample. It does not prove the complete associate-class structure of the infinite monoid.
2616,9266/243,1,9266/243,1,mixed_fraction,This is a bounded computational sample. It does not prove the complete associate-class structure of the infinite monoid.
2617,9275/243,1,9275/243,1,mixed_fraction,This is a bounded computational sample. It does not prove the complete associate-class structure of the infinite monoid.
2618,9278/243,1,9278/243,1,mixed_fraction,This is a bounded computational sample. It does not prove the complete associate-class structure of the infinite monoid.
2619,9284/243,1,9284/243,1,mixed_fraction,This is a bounded computational sample. It does not prove the complete associate-class structure of the infinite monoid.
2620,9286/243,1,9286/243,1,mixed_fraction,This is a bounded computational sample. It does not prove the complete associate-class structure of the infinite monoid.
2621,9293/243,1,9293/243,1,mixed_fraction,This is a bounded computational sample. It does not prove the complete associate-class structure of the infinite monoid.
2622,9296/243,1,9296/243,1,mixed_fraction,This is a bounded computational sample. It does not prove the complete associate-class structure of the infinite monoid.
2623,9301/243,1,9301/243,1,mixed_fraction,This is a bounded computational sample. It does not prove the complete associate-class structure of the infinite monoid.
2624,9305/243,1,9305/243,1,mixed_fraction,This is a bounded computational sample. It does not prove the complete associate-class structure of the infinite monoid.
2625,9308/243,1,9308/243,1,mixed_fraction,This is a bounded computational sample. It does not prove the complete associate-class structure of the infinite monoid.
2626,9310/243,1,9310/243,1,mixed_fraction,This is a bounded computational sample. It does not prove the complete associate-class structure of the infinite monoid.
2627,9319/243,1,9319/243,1,mixed_fraction,This is a bounded computational sample. It does not prove the complete associate-class structure of the infinite monoid.
2628,9323/243,1,9323/243,1,mixed_fraction,This is a bounded computational sample. It does not prove the complete associate-class structure of the infinite monoid.
2629,9328/243,1,9328/243,1,mixed_fraction,This is a bounded computational sample. It does not prove the complete associate-class structure of the infinite monoid.
2630,9329/243,1,9329/243,1,mixed_fraction,This is a bounded computational sample. It does not prove the complete associate-class structure of the infinite monoid.
2631,9335/243,1,9335/243,1,mixed_fraction,This is a bounded computational sample. It does not prove the complete associate-class structure of the infinite monoid.
2632,9340/243,1,9340/243,1,mixed_fraction,This is a bounded computational sample. It does not prove the complete associate-class structure of the infinite monoid.
2633,9344/243,1,9344/243,1,mixed_fraction,This is a bounded computational sample. It does not prove the complete associate-class structure of the infinite monoid.
2634,9346/243,1,9346/243,1,mixed_fraction,This is a bounded computational sample. It does not prove the complete associate-class structure of the infinite monoid.
2635,9350/243,1,9350/243,1,mixed_fraction,This is a bounded computational sample. It does not prove the complete associate-class structure of the infinite monoid.
2636,9359/243,1,9359/243,1,mixed_fraction,This is a bounded computational sample. It does not prove the complete associate-class structure of the infinite monoid.
2637,9365/243,1,9365/243,1,mixed_fraction,This is a bounded computational sample. It does not prove the complete associate-class structure of the infinite monoid.
2638,9368/243,1,9368/243,1,mixed_fraction,This is a bounded computational sample. It does not prove the complete associate-class structure of the infinite monoid.
2639,9373/243,1,9373/243,1,mixed_fraction,This is a bounded computational sample. It does not prove the complete associate-class structure of the infinite monoid.
2640,9383/243,1,9383/243,1,mixed_fraction,This is a bounded computational sample. It does not prove the complete associate-class structure of the infinite monoid.
2641,9386/243,1,9386/243,1,mixed_fraction,This is a bounded computational sample. It does not prove the complete associate-class structure of the infinite monoid.
2642,9389/243,1,9389/243,1,mixed_fraction,This is a bounded computational sample. It does not prove the complete associate-class structure of the infinite monoid.
2643,9391/243,1,9391/243,1,mixed_fraction,This is a bounded computational sample. It does not prove the complete associate-class structure of the infinite monoid.
2644,9398/243,1,9398/243,1,mixed_fraction,This is a bounded computational sample. It does not prove the complete associate-class structure of the infinite monoid.
2645,9400/243,1,9400/243,1,mixed_fraction,This is a bounded computational sample. It does not prove the complete associate-class structure of the infinite monoid.
2646,9404/243,1,9404/243,1,mixed_fraction,This is a bounded computational sample. It does not prove the complete associate-class structure of the infinite monoid.
2647,9409/243,1,9409/243,1,mixed_fraction,This is a bounded computational sample. It does not prove the complete associate-class structure of the infinite monoid.
2648,9410/243,1,9410/243,1,mixed_fraction,This is a bounded computational sample. It does not prove the complete associate-class structure of the infinite monoid.
2649,9416/243,1,9416/243,1,mixed_fraction,This is a bounded computational sample. It does not prove the complete associate-class structure of the infinite monoid.
2650,9418/243,1,9418/243,1,mixed_fraction,This is a bounded computational sample. It does not prove the complete associate-class structure of the infinite monoid.
2651,9419/243,1,9419/243,1,mixed_fraction,This is a bounded computational sample. It does not prove the complete associate-class structure of the infinite monoid.
2652,9421/243,1,9421/243,1,mixed_fraction,This is a bounded computational sample. It does not prove the complete associate-class structure of the infinite monoid.
2653,9425/243,1,9425/243,1,mixed_fraction,This is a bounded computational sample. It does not prove the complete associate-class structure of the infinite monoid.
2654,9428/243,1,9428/243,1,mixed_fraction,This is a bounded computational sample. It does not prove the complete associate-class structure of the infinite monoid.
2655,9440/243,1,9440/243,1,mixed_fraction,This is a bounded computational sample. It does not prove the complete associate-class structure of the infinite monoid.
2656,9446/243,1,9446/243,1,mixed_fraction,This is a bounded computational sample. It does not prove the complete associate-class structure of the infinite monoid.
2657,9448/243,1,9448/243,1,mixed_fraction,This is a bounded computational sample. It does not prove the complete associate-class structure of the infinite monoid.
2658,9454/243,1,9454/243,1,mixed_fraction,This is a bounded computational sample. It does not prove the complete associate-class structure of the infinite monoid.
2659,9455/243,1,9455/243,1,mixed_fraction,This is a bounded computational sample. It does not prove the complete associate-class structure of the infinite monoid.
2660,9458/243,1,9458/243,1,mixed_fraction,This is a bounded computational sample. It does not prove the complete associate-class structure of the infinite monoid.
2661,9464/243,1,9464/243,1,mixed_fraction,This is a bounded computational sample. It does not prove the complete associate-class structure of the infinite monoid.
2662,9475/243,1,9475/243,1,mixed_fraction,This is a bounded computational sample. It does not prove the complete associate-class structure of the infinite monoid.
2663,9479/243,1,9479/243,1,mixed_fraction,This is a bounded computational sample. It does not prove the complete associate-class structure of the infinite monoid.
2664,9485/243,1,9485/243,1,mixed_fraction,This is a bounded computational sample. It does not prove the complete associate-class structure of the infinite monoid.
2665,9490/243,1,9490/243,1,mixed_fraction,This is a bounded computational sample. It does not prove the complete associate-class structure of the infinite monoid.
2666,9491/243,1,9491/243,1,mixed_fraction,This is a bounded computational sample. It does not prove the complete associate-class structure of the infinite monoid.
2667,9493/243,1,9493/243,1,mixed_fraction,This is a bounded computational sample. It does not prove the complete associate-class structure of the infinite monoid.
2668,9494/243,1,9494/243,1,mixed_fraction,This is a bounded computational sample. It does not prove the complete associate-class structure of the infinite monoid.
2669,9508/243,1,9508/243,1,mixed_fraction,This is a bounded computational sample. It does not prove the complete associate-class structure of the infinite monoid.
2670,9509/243,1,9509/243,1,mixed_fraction,This is a bounded computational sample. It does not prove the complete associate-class structure of the infinite monoid.
2671,9518/243,1,9518/243,1,mixed_fraction,This is a bounded computational sample. It does not prove the complete associate-class structure of the infinite monoid.
2672,9521/243,1,9521/243,1,mixed_fraction,This is a bounded computational sample. It does not prove the complete associate-class structure of the infinite monoid.
2673,9529/243,1,9529/243,1,mixed_fraction,This is a bounded computational sample. It does not prove the complete associate-class structure of the infinite monoid.
2674,9530/243,1,9530/243,1,mixed_fraction,This is a bounded computational sample. It does not prove the complete associate-class structure of the infinite monoid.
2675,9535/243,1,9535/243,1,mixed_fraction,This is a bounded computational sample. It does not prove the complete associate-class structure of the infinite monoid.
2676,9536/243,1,9536/243,1,mixed_fraction,This is a bounded computational sample. It does not prove the complete associate-class structure of the infinite monoid.
2677,9539/243,1,9539/243,1,mixed_fraction,This is a bounded computational sample. It does not prove the complete associate-class structure of the infinite monoid.
2678,9544/243,1,9544/243,1,mixed_fraction,This is a bounded computational sample. It does not prove the complete associate-class structure of the infinite monoid.
2679,9548/243,1,9548/243,1,mixed_fraction,This is a bounded computational sample. It does not prove the complete associate-class structure of the infinite monoid.
2680,9551/243,1,9551/243,1,mixed_fraction,This is a bounded computational sample. It does not prove the complete associate-class structure of the infinite monoid.
2681,9553/243,1,9553/243,1,mixed_fraction,This is a bounded computational sample. It does not prove the complete associate-class structure of the infinite monoid.
2682,9560/243,1,9560/243,1,mixed_fraction,This is a bounded computational sample. It does not prove the complete associate-class structure of the infinite monoid.
2683,9566/243,1,9566/243,1,mixed_fraction,This is a bounded computational sample. It does not prove the complete associate-class structure of the infinite monoid.
2684,9571/243,1,9571/243,1,mixed_fraction,This is a bounded computational sample. It does not prove the complete associate-class structure of the infinite monoid.
2685,9578/243,1,9578/243,1,mixed_fraction,This is a bounded computational sample. It does not prove the complete associate-class structure of the infinite monoid.
2686,9580/243,1,9580/243,1,mixed_fraction,This is a bounded computational sample. It does not prove the complete associate-class structure of the infinite monoid.
2687,9583/243,1,9583/243,1,mixed_fraction,This is a bounded computational sample. It does not prove the complete associate-class structure of the infinite monoid.
2688,9589/243,1,9589/243,1,mixed_fraction,This is a bounded computational sample. It does not prove the complete associate-class structure of the infinite monoid.
2689,9590/243,1,9590/243,1,mixed_fraction,This is a bounded computational sample. It does not prove the complete associate-class structure of the infinite monoid.
2690,9593/243,1,9593/243,1,mixed_fraction,This is a bounded computational sample. It does not prove the complete associate-class structure of the infinite monoid.
2691,9608/243,1,9608/243,1,mixed_fraction,This is a bounded computational sample. It does not prove the complete associate-class structure of the infinite monoid.
2692,9610/243,1,9610/243,1,mixed_fraction,This is a bounded computational sample. It does not prove the complete associate-class structure of the infinite monoid.
2693,9611/243,1,9611/243,1,mixed_fraction,This is a bounded computational sample. It does not prove the complete associate-class structure of the infinite monoid.
2694,9616/243,1,9616/243,1,mixed_fraction,This is a bounded computational sample. It does not prove the complete associate-class structure of the infinite monoid.
2695,9625/243,1,9625/243,1,mixed_fraction,This is a bounded computational sample. It does not prove the complete associate-class structure of the infinite monoid.
2696,9626/243,1,9626/243,1,mixed_fraction,This is a bounded computational sample. It does not prove the complete associate-class structure of the infinite monoid.
2697,9629/243,1,9629/243,1,mixed_fraction,This is a bounded computational sample. It does not prove the complete associate-class structure of the infinite monoid.
2698,9634/243,1,9634/243,1,mixed_fraction,This is a bounded computational sample. It does not prove the complete associate-class structure of the infinite monoid.
2699,9641/243,1,9641/243,1,mixed_fraction,This is a bounded computational sample. It does not prove the complete associate-class structure of the infinite monoid.
2700,9643/243,1,9643/243,1,mixed_fraction,This is a bounded computational sample. It does not prove the complete associate-class structure of the infinite monoid.
2701,9653/243,1,9653/243,1,mixed_fraction,This is a bounded computational sample. It does not prove the complete associate-class structure of the infinite monoid.
2702,9655/243,1,9655/243,1,mixed_fraction,This is a bounded computational sample. It does not prove the complete associate-class structure of the infinite monoid.
2703,9659/243,1,9659/243,1,mixed_fraction,This is a bounded computational sample. It does not prove the complete associate-class structure of the infinite monoid.
2704,9661/243,1,9661/243,1,mixed_fraction,This is a bounded computational sample. It does not prove the complete associate-class structure of the infinite monoid.
2705,9664/243,1,9664/243,1,mixed_fraction,This is a bounded computational sample. It does not prove the complete associate-class structure of the infinite monoid.
2706,9668/243,1,9668/243,1,mixed_fraction,This is a bounded computational sample. It does not prove the complete associate-class structure of the infinite monoid.
2707,9671/243,1,9671/243,1,mixed_fraction,This is a bounded computational sample. It does not prove the complete associate-class structure of the infinite monoid.
2708,9680/243,1,9680/243,1,mixed_fraction,This is a bounded computational sample. It does not prove the complete associate-class structure of the infinite monoid.
2709,9683/243,1,9683/243,1,mixed_fraction,This is a bounded computational sample. It does not prove the complete associate-class structure of the infinite monoid.
2710,9689/243,1,9689/243,1,mixed_fraction,This is a bounded computational sample. It does not prove the complete associate-class structure of the infinite monoid.
2711,9691/243,1,9691/243,1,mixed_fraction,This is a bounded computational sample. It does not prove the complete associate-class structure of the infinite monoid.
2712,9698/243,1,9698/243,1,mixed_fraction,This is a bounded computational sample. It does not prove the complete associate-class structure of the infinite monoid.
2713,9701/243,1,9701/243,1,mixed_fraction,This is a bounded computational sample. It does not prove the complete associate-class structure of the infinite monoid.
2714,9710/243,1,9710/243,1,mixed_fraction,This is a bounded computational sample. It does not prove the complete associate-class structure of the infinite monoid.
2715,9715/243,1,9715/243,1,mixed_fraction,This is a bounded computational sample. It does not prove the complete associate-class structure of the infinite monoid.
2716,9718/243,1,9718/243,1,mixed_fraction,This is a bounded computational sample. It does not prove the complete associate-class structure of the infinite monoid.
2717,9725/243,1,9725/243,1,mixed_fraction,This is a bounded computational sample. It does not prove the complete associate-class structure of the infinite monoid.
2718,9728/243,1,9728/243,1,mixed_fraction,This is a bounded computational sample. It does not prove the complete associate-class structure of the infinite monoid.
2719,9733/243,1,9733/243,1,mixed_fraction,This is a bounded computational sample. It does not prove the complete associate-class structure of the infinite monoid.
2720,9734/243,1,9734/243,1,mixed_fraction,This is a bounded computational sample. It does not prove the complete associate-class structure of the infinite monoid.
2721,9736/243,1,9736/243,1,mixed_fraction,This is a bounded computational sample. It does not prove the complete associate-class structure of the infinite monoid.
2722,9740/243,1,9740/243,1,mixed_fraction,This is a bounded computational sample. It does not prove the complete associate-class structure of the infinite monoid.
2723,9751/243,1,9751/243,1,mixed_fraction,This is a bounded computational sample. It does not prove the complete associate-class structure of the infinite monoid.
2724,9755/243,1,9755/243,1,mixed_fraction,This is a bounded computational sample. It does not prove the complete associate-class structure of the infinite monoid.
2725,9761/243,1,9761/243,1,mixed_fraction,This is a bounded computational sample. It does not prove the complete associate-class structure of the infinite monoid.
2726,9764/243,1,9764/243,1,mixed_fraction,This is a bounded computational sample. It does not prove the complete associate-class structure of the infinite monoid.
2727,9773/243,1,9773/243,1,mixed_fraction,This is a bounded computational sample. It does not prove the complete associate-class structure of the infinite monoid.
2728,9778/243,1,9778/243,1,mixed_fraction,This is a bounded computational sample. It does not prove the complete associate-class structure of the infinite monoid.
2729,9779/243,1,9779/243,1,mixed_fraction,This is a bounded computational sample. It does not prove the complete associate-class structure of the infinite monoid.
2730,9791/243,1,9791/243,1,mixed_fraction,This is a bounded computational sample. It does not prove the complete associate-class structure of the infinite monoid.
2731,9794/243,1,9794/243,1,mixed_fraction,This is a bounded computational sample. It does not prove the complete associate-class structure of the infinite monoid.
2732,9796/243,1,9796/243,1,mixed_fraction,This is a bounded computational sample. It does not prove the complete associate-class structure of the infinite monoid.
2733,9800/243,1,9800/243,1,mixed_fraction,This is a bounded computational sample. It does not prove the complete associate-class structure of the infinite monoid.
2734,9803/243,1,9803/243,1,mixed_fraction,This is a bounded computational sample. It does not prove the complete associate-class structure of the infinite monoid.
2735,9805/243,1,9805/243,1,mixed_fraction,This is a bounded computational sample. It does not prove the complete associate-class structure of the infinite monoid.
2736,9809/243,1,9809/243,1,mixed_fraction,This is a bounded computational sample. It does not prove the complete associate-class structure of the infinite monoid.
2737,9814/243,1,9814/243,1,mixed_fraction,This is a bounded computational sample. It does not prove the complete associate-class structure of the infinite monoid.
2738,9815/243,1,9815/243,1,mixed_fraction,This is a bounded computational sample. It does not prove the complete associate-class structure of the infinite monoid.
2739,9821/243,1,9821/243,1,mixed_fraction,This is a bounded computational sample. It does not prove the complete associate-class structure of the infinite monoid.
2740,9823/243,1,9823/243,1,mixed_fraction,This is a bounded computational sample. It does not prove the complete associate-class structure of the infinite monoid.
2741,9826/243,1,9826/243,1,mixed_fraction,This is a bounded computational sample. It does not prove the complete associate-class structure of the infinite monoid.
2742,9830/243,1,9830/243,1,mixed_fraction,This is a bounded computational sample. It does not prove the complete associate-class structure of the infinite monoid.
2743,9833/243,1,9833/243,1,mixed_fraction,This is a bounded computational sample. It does not prove the complete associate-class structure of the infinite monoid.
2744,9836/243,1,9836/243,1,mixed_fraction,This is a bounded computational sample. It does not prove the complete associate-class structure of the infinite monoid.
2745,9850/243,1,9850/243,1,mixed_fraction,This is a bounded computational sample. It does not prove the complete associate-class structure of the infinite monoid.
2746,9851/243,1,9851/243,1,mixed_fraction,This is a bounded computational sample. It does not prove the complete associate-class structure of the infinite monoid.
2747,9853/243,1,9853/243,1,mixed_fraction,This is a bounded computational sample. It does not prove the complete associate-class structure of the infinite monoid.
2748,9854/243,1,9854/243,1,mixed_fraction,This is a bounded computational sample. It does not prove the complete associate-class structure of the infinite monoid.
2749,9859/243,1,9859/243,1,mixed_fraction,This is a bounded computational sample. It does not prove the complete associate-class structure of the infinite monoid.
2750,9860/243,1,9860/243,1,mixed_fraction,This is a bounded computational sample. It does not prove the complete associate-class structure of the infinite monoid.
2751,9868/243,1,9868/243,1,mixed_fraction,This is a bounded computational sample. It does not prove the complete associate-class structure of the infinite monoid.
2752,9869/243,1,9869/243,1,mixed_fraction,This is a bounded computational sample. It does not prove the complete associate-class structure of the infinite monoid.
2753,9875/243,1,9875/243,1,mixed_fraction,This is a bounded computational sample. It does not prove the complete associate-class structure of the infinite monoid.
2754,9880/243,1,9880/243,1,mixed_fraction,This is a bounded computational sample. It does not prove the complete associate-class structure of the infinite monoid.
2755,9884/243,1,9884/243,1,mixed_fraction,This is a bounded computational sample. It does not prove the complete associate-class structure of the infinite monoid.
2756,9886/243,1,9886/243,1,mixed_fraction,This is a bounded computational sample. It does not prove the complete associate-class structure of the infinite monoid.
2757,9890/243,1,9890/243,1,mixed_fraction,This is a bounded computational sample. It does not prove the complete associate-class structure of the infinite monoid.
2758,9896/243,1,9896/243,1,mixed_fraction,This is a bounded computational sample. It does not prove the complete associate-class structure of the infinite monoid.
2759,9898/243,1,9898/243,1,mixed_fraction,This is a bounded computational sample. It does not prove the complete associate-class structure of the infinite monoid.
2760,9904/243,1,9904/243,1,mixed_fraction,This is a bounded computational sample. It does not prove the complete associate-class structure of the infinite monoid.
2761,9911/243,1,9911/243,1,mixed_fraction,This is a bounded computational sample. It does not prove the complete associate-class structure of the infinite monoid.
2762,9914/243,1,9914/243,1,mixed_fraction,This is a bounded computational sample. It does not prove the complete associate-class structure of the infinite monoid.
2763,9923/243,1,9923/243,1,mixed_fraction,This is a bounded computational sample. It does not prove the complete associate-class structure of the infinite monoid.
2764,9925/243,1,9925/243,1,mixed_fraction,This is a bounded computational sample. It does not prove the complete associate-class structure of the infinite monoid.
2765,9926/243,1,9926/243,1,mixed_fraction,This is a bounded computational sample. It does not prove the complete associate-class structure of the infinite monoid.
2766,9934/243,1,9934/243,1,mixed_fraction,This is a bounded computational sample. It does not prove the complete associate-class structure of the infinite monoid.
2767,9935/243,1,9935/243,1,mixed_fraction,This is a bounded computational sample. It does not prove the complete associate-class structure of the infinite monoid.
2768,9940/243,1,9940/243,1,mixed_fraction,This is a bounded computational sample. It does not prove the complete associate-class structure of the infinite monoid.
2769,9941/243,1,9941/243,1,mixed_fraction,This is a bounded computational sample. It does not prove the complete associate-class structure of the infinite monoid.
2770,9944/243,1,9944/243,1,mixed_fraction,This is a bounded computational sample. It does not prove the complete associate-class structure of the infinite monoid.
2771,9953/243,1,9953/243,1,mixed_fraction,This is a bounded computational sample. It does not prove the complete associate-class structure of the infinite monoid.
2772,9958/243,1,9958/243,1,mixed_fraction,This is a bounded computational sample. It does not prove the complete associate-class structure of the infinite monoid.
2773,9961/243,1,9961/243,1,mixed_fraction,This is a bounded computational sample. It does not prove the complete associate-class structure of the infinite monoid.
2774,9965/243,1,9965/243,1,mixed_fraction,This is a bounded computational sample. It does not prove the complete associate-class structure of the infinite monoid.
2775,9968/243,1,9968/243,1,mixed_fraction,This is a bounded computational sample. It does not prove the complete associate-class structure of the infinite monoid.
2776,9971/243,1,9971/243,1,mixed_fraction,This is a bounded computational sample. It does not prove the complete associate-class structure of the infinite monoid.
2777,9976/243,1,9976/243,1,mixed_fraction,This is a bounded computational sample. It does not prove the complete associate-class structure of the infinite monoid.
2778,9979/243,1,9979/243,1,mixed_fraction,This is a bounded computational sample. It does not prove the complete associate-class structure of the infinite monoid.
2779,9983/243,1,9983/243,1,mixed_fraction,This is a bounded computational sample. It does not prove the complete associate-class structure of the infinite monoid.
2780,9985/243,1,9985/243,1,mixed_fraction,This is a bounded computational sample. It does not prove the complete associate-class structure of the infinite monoid.
2781,9994/243,1,9994/243,1,mixed_fraction,This is a bounded computational sample. It does not prove the complete associate-class structure of the infinite monoid.
2782,9998/243,1,9998/243,1,mixed_fraction,This is a bounded computational sample. It does not prove the complete associate-class structure of the infinite monoid.
2783,10000/243,1,10000/243,1,mixed_fraction,This is a bounded computational sample. It does not prove the complete associate-class structure of the infinite monoid.
2784,10004/243,1,10004/243,1,mixed_fraction,This is a bounded computational sample. It does not prove the complete associate-class structure of the infinite monoid.
2785,10015/243,1,10015/243,1,mixed_fraction,This is a bounded computational sample. It does not prove the complete associate-class structure of the infinite monoid.
2786,10016/243,1,10016/243,1,mixed_fraction,This is a bounded computational sample. It does not prove the complete associate-class structure of the infinite monoid.
2787,10021/243,1,10021/243,1,mixed_fraction,This is a bounded computational sample. It does not prove the complete associate-class structure of the infinite monoid.
2788,10025/243,1,10025/243,1,mixed_fraction,This is a bounded computational sample. It does not prove the complete associate-class structure of the infinite monoid.
2789,10030/243,1,10030/243,1,mixed_fraction,This is a bounded computational sample. It does not prove the complete associate-class structure of the infinite monoid.
2790,10034/243,1,10034/243,1,mixed_fraction,This is a bounded computational sample. It does not prove the complete associate-class structure of the infinite monoid.
2791,10039/243,1,10039/243,1,mixed_fraction,This is a bounded computational sample. It does not prove the complete associate-class structure of the infinite monoid.
2792,10043/243,1,10043/243,1,mixed_fraction,This is a bounded computational sample. It does not prove the complete associate-class structure of the infinite monoid.
2793,10046/243,1,10046/243,1,mixed_fraction,This is a bounded computational sample. It does not prove the complete associate-class structure of the infinite monoid.
2794,10048/243,1,10048/243,1,mixed_fraction,This is a bounded computational sample. It does not prove the complete associate-class structure of the infinite monoid.
2795,10058/243,1,10058/243,1,mixed_fraction,This is a bounded computational sample. It does not prove the complete associate-class structure of the infinite monoid.
2796,10060/243,1,10060/243,1,mixed_fraction,This is a bounded computational sample. It does not prove the complete associate-class structure of the infinite monoid.
2797,10064/243,1,10064/243,1,mixed_fraction,This is a bounded computational sample. It does not prove the complete associate-class structure of the infinite monoid.
2798,10066/243,1,10066/243,1,mixed_fraction,This is a bounded computational sample. It does not prove the complete associate-class structure of the infinite monoid.
2799,10069/243,1,10069/243,1,mixed_fraction,This is a bounded computational sample. It does not prove the complete associate-class structure of the infinite monoid.
2800,10073/243,1,10073/243,1,mixed_fraction,This is a bounded computational sample. It does not prove the complete associate-class structure of the infinite monoid.
2801,10076/243,1,10076/243,1,mixed_fraction,This is a bounded computational sample. It does not prove the complete associate-class structure of the infinite monoid.
2802,10079/243,1,10079/243,1,mixed_fraction,This is a bounded computational sample. It does not prove the complete associate-class structure of the infinite monoid.
2803,10085/243,1,10085/243,1,mixed_fraction,This is a bounded computational sample. It does not prove the complete associate-class structure of the infinite monoid.
2804,10093/243,1,10093/243,1,mixed_fraction,This is a bounded computational sample. It does not prove the complete associate-class structure of the infinite monoid.
2805,10094/243,1,10094/243,1,mixed_fraction,This is a bounded computational sample. It does not prove the complete associate-class structure of the infinite monoid.
2806,10096/243,1,10096/243,1,mixed_fraction,This is a bounded computational sample. It does not prove the complete associate-class structure of the infinite monoid.
2807,10100/243,1,10100/243,1,mixed_fraction,This is a bounded computational sample. It does not prove the complete associate-class structure of the infinite monoid.
2808,10103/243,1,10103/243,1,mixed_fraction,This is a bounded computational sample. It does not prove the complete associate-class structure of the infinite monoid.
2809,10111/243,1,10111/243,1,mixed_fraction,This is a bounded computational sample. It does not prove the complete associate-class structure of the infinite monoid.
2810,10115/243,1,10115/243,1,mixed_fraction,This is a bounded computational sample. It does not prove the complete associate-class structure of the infinite monoid.
2811,10118/243,1,10118/243,1,mixed_fraction,This is a bounded computational sample. It does not prove the complete associate-class structure of the infinite monoid.
2812,10123/243,1,10123/243,1,mixed_fraction,This is a bounded computational sample. It does not prove the complete associate-class structure of the infinite monoid.
2813,10129/243,1,10129/243,1,mixed_fraction,This is a bounded computational sample. It does not prove the complete associate-class structure of the infinite monoid.
2814,10130/243,1,10130/243,1,mixed_fraction,This is a bounded computational sample. It does not prove the complete associate-class structure of the infinite monoid.
2815,10133/243,1,10133/243,1,mixed_fraction,This is a bounded computational sample. It does not prove the complete associate-class structure of the infinite monoid.
2816,10139/243,1,10139/243,1,mixed_fraction,This is a bounded computational sample. It does not prove the complete associate-class structure of the infinite monoid.
2817,10141/243,1,10141/243,1,mixed_fraction,This is a bounded computational sample. It does not prove the complete associate-class structure of the infinite monoid.
2818,10150/243,1,10150/243,1,mixed_fraction,This is a bounded computational sample. It does not prove the complete associate-class structure of the infinite monoid.
2819,10154/243,1,10154/243,1,mixed_fraction,This is a bounded computational sample. It does not prove the complete associate-class structure of the infinite monoid.
2820,10160/243,1,10160/243,1,mixed_fraction,This is a bounded computational sample. It does not prove the complete associate-class structure of the infinite monoid.
2821,10166/243,1,10166/243,1,mixed_fraction,This is a bounded computational sample. It does not prove the complete associate-class structure of the infinite monoid.
2822,10168/243,1,10168/243,1,mixed_fraction,This is a bounded computational sample. It does not prove the complete associate-class structure of the infinite monoid.
2823,10169/243,1,10169/243,1,mixed_fraction,This is a bounded computational sample. It does not prove the complete associate-class structure of the infinite monoid.
2824,10178/243,1,10178/243,1,mixed_fraction,This is a bounded computational sample. It does not prove the complete associate-class structure of the infinite monoid.
2825,10183/243,1,10183/243,1,mixed_fraction,This is a bounded computational sample. It does not prove the complete associate-class structure of the infinite monoid.
2826,10184/243,1,10184/243,1,mixed_fraction,This is a bounded computational sample. It does not prove the complete associate-class structure of the infinite monoid.
2827,10196/243,1,10196/243,1,mixed_fraction,This is a bounded computational sample. It does not prove the complete associate-class structure of the infinite monoid.
2828,10201/243,1,10201/243,1,mixed_fraction,This is a bounded computational sample. It does not prove the complete associate-class structure of the infinite monoid.
2829,10204/243,1,10204/243,1,mixed_fraction,This is a bounded computational sample. It does not prove the complete associate-class structure of the infinite monoid.
2830,10205/243,1,10205/243,1,mixed_fraction,This is a bounded computational sample. It does not prove the complete associate-class structure of the infinite monoid.
2831,10208/243,1,10208/243,1,mixed_fraction,This is a bounded computational sample. It does not prove the complete associate-class structure of the infinite monoid.
2832,10210/243,1,10210/243,1,mixed_fraction,This is a bounded computational sample. It does not prove the complete associate-class structure of the infinite monoid.
2833,10211/243,1,10211/243,1,mixed_fraction,This is a bounded computational sample. It does not prove the complete associate-class structure of the infinite monoid.
2834,10214/243,1,10214/243,1,mixed_fraction,This is a bounded computational sample. It does not prove the complete associate-class structure of the infinite monoid.
2835,10219/243,1,10219/243,1,mixed_fraction,This is a bounded computational sample. It does not prove the complete associate-class structure of the infinite monoid.
2836,10226/243,1,10226/243,1,mixed_fraction,This is a bounded computational sample. It does not prove the complete associate-class structure of the infinite monoid.
2837,10228/243,1,10228/243,1,mixed_fraction,This is a bounded computational sample. It does not prove the complete associate-class structure of the infinite monoid.
2838,10235/243,1,10235/243,1,mixed_fraction,This is a bounded computational sample. It does not prove the complete associate-class structure of the infinite monoid.
2839,10241/243,1,10241/243,1,mixed_fraction,This is a bounded computational sample. It does not prove the complete associate-class structure of the infinite monoid.
2840,10243/243,1,10243/243,1,mixed_fraction,This is a bounded computational sample. It does not prove the complete associate-class structure of the infinite monoid.
2841,10250/243,1,10250/243,1,mixed_fraction,This is a bounded computational sample. It does not prove the complete associate-class structure of the infinite monoid.
2842,10255/243,1,10255/243,1,mixed_fraction,This is a bounded computational sample. It does not prove the complete associate-class structure of the infinite monoid.
2843,10258/243,1,10258/243,1,mixed_fraction,This is a bounded computational sample. It does not prove the complete associate-class structure of the infinite monoid.
2844,10259/243,1,10259/243,1,mixed_fraction,This is a bounded computational sample. It does not prove the complete associate-class structure of the infinite monoid.
2845,10264/243,1,10264/243,1,mixed_fraction,This is a bounded computational sample. It does not prove the complete associate-class structure of the infinite monoid.
2846,10265/243,1,10265/243,1,mixed_fraction,This is a bounded computational sample. It does not prove the complete associate-class structure of the infinite monoid.
2847,10268/243,1,10268/243,1,mixed_fraction,This is a bounded computational sample. It does not prove the complete associate-class structure of the infinite monoid.
2848,10273/243,1,10273/243,1,mixed_fraction,This is a bounded computational sample. It does not prove the complete associate-class structure of the infinite monoid.
2849,10280/243,1,10280/243,1,mixed_fraction,This is a bounded computational sample. It does not prove the complete associate-class structure of the infinite monoid.
2850,10285/243,1,10285/243,1,mixed_fraction,This is a bounded computational sample. It does not prove the complete associate-class structure of the infinite monoid.
2851,10286/243,1,10286/243,1,mixed_fraction,This is a bounded computational sample. It does not prove the complete associate-class structure of the infinite monoid.
2852,10289/243,1,10289/243,1,mixed_fraction,This is a bounded computational sample. It does not prove the complete associate-class structure of the infinite monoid.
2853,10291/243,1,10291/243,1,mixed_fraction,This is a bounded computational sample. It does not prove the complete associate-class structure of the infinite monoid.
2854,10300/243,1,10300/243,1,mixed_fraction,This is a bounded computational sample. It does not prove the complete associate-class structure of the infinite monoid.
2855,10301/243,1,10301/243,1,mixed_fraction,This is a bounded computational sample. It does not prove the complete associate-class structure of the infinite monoid.
2856,10303/243,1,10303/243,1,mixed_fraction,This is a bounded computational sample. It does not prove the complete associate-class structure of the infinite monoid.
2857,10309/243,1,10309/243,1,mixed_fraction,This is a bounded computational sample. It does not prove the complete associate-class structure of the infinite monoid.
2858,10316/243,1,10316/243,1,mixed_fraction,This is a bounded computational sample. It does not prove the complete associate-class structure of the infinite monoid.
2859,10319/243,1,10319/243,1,mixed_fraction,This is a bounded computational sample. It does not prove the complete associate-class structure of the infinite monoid.
2860,10328/243,1,10328/243,1,mixed_fraction,This is a bounded computational sample. It does not prove the complete associate-class structure of the infinite monoid.
2861,10330/243,1,10330/243,1,mixed_fraction,This is a bounded computational sample. It does not prove the complete associate-class structure of the infinite monoid.
2862,10336/243,1,10336/243,1,mixed_fraction,This is a bounded computational sample. It does not prove the complete associate-class structure of the infinite monoid.
2863,10339/243,1,10339/243,1,mixed_fraction,This is a bounded computational sample. It does not prove the complete associate-class structure of the infinite monoid.
2864,10340/243,1,10340/243,1,mixed_fraction,This is a bounded computational sample. It does not prove the complete associate-class structure of the infinite monoid.
2865,10343/243,1,10343/243,1,mixed_fraction,This is a bounded computational sample. It does not prove the complete associate-class structure of the infinite monoid.
2866,10346/243,1,10346/243,1,mixed_fraction,This is a bounded computational sample. It does not prove the complete associate-class structure of the infinite monoid.
2867,10354/243,1,10354/243,1,mixed_fraction,This is a bounded computational sample. It does not prove the complete associate-class structure of the infinite monoid.
2868,10358/243,1,10358/243,1,mixed_fraction,This is a bounded computational sample. It does not prove the complete associate-class structure of the infinite monoid.
2869,10361/243,1,10361/243,1,mixed_fraction,This is a bounded computational sample. It does not prove the complete associate-class structure of the infinite monoid.
2870,10366/243,1,10366/243,1,mixed_fraction,This is a bounded computational sample. It does not prove the complete associate-class structure of the infinite monoid.
2871,10373/243,1,10373/243,1,mixed_fraction,This is a bounded computational sample. It does not prove the complete associate-class structure of the infinite monoid.
2872,10375/243,1,10375/243,1,mixed_fraction,This is a bounded computational sample. It does not prove the complete associate-class structure of the infinite monoid.
2873,10376/243,1,10376/243,1,mixed_fraction,This is a bounded computational sample. It does not prove the complete associate-class structure of the infinite monoid.
2874,10384/243,1,10384/243,1,mixed_fraction,This is a bounded computational sample. It does not prove the complete associate-class structure of the infinite monoid.
2875,10390/243,1,10390/243,1,mixed_fraction,This is a bounded computational sample. It does not prove the complete associate-class structure of the infinite monoid.
2876,10393/243,1,10393/243,1,mixed_fraction,This is a bounded computational sample. It does not prove the complete associate-class structure of the infinite monoid.
2877,10400/243,1,10400/243,1,mixed_fraction,This is a bounded computational sample. It does not prove the complete associate-class structure of the infinite monoid.
2878,10403/243,1,10403/243,1,mixed_fraction,This is a bounded computational sample. It does not prove the complete associate-class structure of the infinite monoid.
2879,10405/243,1,10405/243,1,mixed_fraction,This is a bounded computational sample. It does not prove the complete associate-class structure of the infinite monoid.
2880,10409/243,1,10409/243,1,mixed_fraction,This is a bounded computational sample. It does not prove the complete associate-class structure of the infinite monoid.
2881,10411/243,1,10411/243,1,mixed_fraction,This is a bounded computational sample. It does not prove the complete associate-class structure of the infinite monoid.
2882,10421/243,1,10421/243,1,mixed_fraction,This is a bounded computational sample. It does not prove the complete associate-class structure of the infinite monoid.
2883,10426/243,1,10426/243,1,mixed_fraction,This is a bounded computational sample. It does not prove the complete associate-class structure of the infinite monoid.
2884,10430/243,1,10430/243,1,mixed_fraction,This is a bounded computational sample. It does not prove the complete associate-class structure of the infinite monoid.
2885,10435/243,1,10435/243,1,mixed_fraction,This is a bounded computational sample. It does not prove the complete associate-class structure of the infinite monoid.
2886,10439/243,1,10439/243,1,mixed_fraction,This is a bounded computational sample. It does not prove the complete associate-class structure of the infinite monoid.
2887,10444/243,1,10444/243,1,mixed_fraction,This is a bounded computational sample. It does not prove the complete associate-class structure of the infinite monoid.
2888,10448/243,1,10448/243,1,mixed_fraction,This is a bounded computational sample. It does not prove the complete associate-class structure of the infinite monoid.
2889,10451/243,1,10451/243,1,mixed_fraction,This is a bounded computational sample. It does not prove the complete associate-class structure of the infinite monoid.
2890,10453/243,1,10453/243,1,mixed_fraction,This is a bounded computational sample. It does not prove the complete associate-class structure of the infinite monoid.
2891,10454/243,1,10454/243,1,mixed_fraction,This is a bounded computational sample. It does not prove the complete associate-class structure of the infinite monoid.
2892,10465/243,1,10465/243,1,mixed_fraction,This is a bounded computational sample. It does not prove the complete associate-class structure of the infinite monoid.
2893,10469/243,1,10469/243,1,mixed_fraction,This is a bounded computational sample. It does not prove the complete associate-class structure of the infinite monoid.
2894,10471/243,1,10471/243,1,mixed_fraction,This is a bounded computational sample. It does not prove the complete associate-class structure of the infinite monoid.
2895,10475/243,1,10475/243,1,mixed_fraction,This is a bounded computational sample. It does not prove the complete associate-class structure of the infinite monoid.
2896,10478/243,1,10478/243,1,mixed_fraction,This is a bounded computational sample. It does not prove the complete associate-class structure of the infinite monoid.
2897,10484/243,1,10484/243,1,mixed_fraction,This is a bounded computational sample. It does not prove the complete associate-class structure of the infinite monoid.
2898,10486/243,1,10486/243,1,mixed_fraction,This is a bounded computational sample. It does not prove the complete associate-class structure of the infinite monoid.
2899,10490/243,1,10490/243,1,mixed_fraction,This is a bounded computational sample. It does not prove the complete associate-class structure of the infinite monoid.
2900,10493/243,1,10493/243,1,mixed_fraction,This is a bounded computational sample. It does not prove the complete associate-class structure of the infinite monoid.
2901,10498/243,1,10498/243,1,mixed_fraction,This is a bounded computational sample. It does not prove the complete associate-class structure of the infinite monoid.
2902,10501/243,1,10501/243,1,mixed_fraction,This is a bounded computational sample. It does not prove the complete associate-class structure of the infinite monoid.
2903,10505/243,1,10505/243,1,mixed_fraction,This is a bounded computational sample. It does not prove the complete associate-class structure of the infinite monoid.
2904,10508/243,1,10508/243,1,mixed_fraction,This is a bounded computational sample. It does not prove the complete associate-class structure of the infinite monoid.
2905,10511/243,1,10511/243,1,mixed_fraction,This is a bounded computational sample. It does not prove the complete associate-class structure of the infinite monoid.
2906,10516/243,1,10516/243,1,mixed_fraction,This is a bounded computational sample. It does not prove the complete associate-class structure of the infinite monoid.
2907,10523/243,1,10523/243,1,mixed_fraction,This is a bounded computational sample. It does not prove the complete associate-class structure of the infinite monoid.
2908,10525/243,1,10525/243,1,mixed_fraction,This is a bounded computational sample. It does not prove the complete associate-class structure of the infinite monoid.
2909,10528/243,1,10528/243,1,mixed_fraction,This is a bounded computational sample. It does not prove the complete associate-class structure of the infinite monoid.
2910,10529/243,1,10529/243,1,mixed_fraction,This is a bounded computational sample. It does not prove the complete associate-class structure of the infinite monoid.
2911,10534/243,1,10534/243,1,mixed_fraction,This is a bounded computational sample. It does not prove the complete associate-class structure of the infinite monoid.
2912,10535/243,1,10535/243,1,mixed_fraction,This is a bounded computational sample. It does not prove the complete associate-class structure of the infinite monoid.
2913,10543/243,1,10543/243,1,mixed_fraction,This is a bounded computational sample. It does not prove the complete associate-class structure of the infinite monoid.
2914,10544/243,1,10544/243,1,mixed_fraction,This is a bounded computational sample. It does not prove the complete associate-class structure of the infinite monoid.
2915,10546/243,1,10546/243,1,mixed_fraction,This is a bounded computational sample. It does not prove the complete associate-class structure of the infinite monoid.
2916,10550/243,1,10550/243,1,mixed_fraction,This is a bounded computational sample. It does not prove the complete associate-class structure of the infinite monoid.
2917,10555/243,1,10555/243,1,mixed_fraction,This is a bounded computational sample. It does not prove the complete associate-class structure of the infinite monoid.
2918,10559/243,1,10559/243,1,mixed_fraction,This is a bounded computational sample. It does not prove the complete associate-class structure of the infinite monoid.
2919,10565/243,1,10565/243,1,mixed_fraction,This is a bounded computational sample. It does not prove the complete associate-class structure of the infinite monoid.
2920,10571/243,1,10571/243,1,mixed_fraction,This is a bounded computational sample. It does not prove the complete associate-class structure of the infinite monoid.
2921,10573/243,1,10573/243,1,mixed_fraction,This is a bounded computational sample. It does not prove the complete associate-class structure of the infinite monoid.
2922,10579/243,1,10579/243,1,mixed_fraction,This is a bounded computational sample. It does not prove the complete associate-class structure of the infinite monoid.
2923,10583/243,1,10583/243,1,mixed_fraction,This is a bounded computational sample. It does not prove the complete associate-class structure of the infinite monoid.
2924,10586/243,1,10586/243,1,mixed_fraction,This is a bounded computational sample. It does not prove the complete associate-class structure of the infinite monoid.
2925,10589/243,1,10589/243,1,mixed_fraction,This is a bounded computational sample. It does not prove the complete associate-class structure of the infinite monoid.
2926,10600/243,1,10600/243,1,mixed_fraction,This is a bounded computational sample. It does not prove the complete associate-class structure of the infinite monoid.
2927,10601/243,1,10601/243,1,mixed_fraction,This is a bounded computational sample. It does not prove the complete associate-class structure of the infinite monoid.
2928,10604/243,1,10604/243,1,mixed_fraction,This is a bounded computational sample. It does not prove the complete associate-class structure of the infinite monoid.
2929,10609/243,1,10609/243,1,mixed_fraction,This is a bounded computational sample. It does not prove the complete associate-class structure of the infinite monoid.
2930,10610/243,1,10610/243,1,mixed_fraction,This is a bounded computational sample. It does not prove the complete associate-class structure of the infinite monoid.
2931,10615/243,1,10615/243,1,mixed_fraction,This is a bounded computational sample. It does not prove the complete associate-class structure of the infinite monoid.
2932,10616/243,1,10616/243,1,mixed_fraction,This is a bounded computational sample. It does not prove the complete associate-class structure of the infinite monoid.
2933,10618/243,1,10618/243,1,mixed_fraction,This is a bounded computational sample. It does not prove the complete associate-class structure of the infinite monoid.
2934,10619/243,1,10619/243,1,mixed_fraction,This is a bounded computational sample. It does not prove the complete associate-class structure of the infinite monoid.
2935,10633/243,1,10633/243,1,mixed_fraction,This is a bounded computational sample. It does not prove the complete associate-class structure of the infinite monoid.
2936,10636/243,1,10636/243,1,mixed_fraction,This is a bounded computational sample. It does not prove the complete associate-class structure of the infinite monoid.
2937,10640/243,1,10640/243,1,mixed_fraction,This is a bounded computational sample. It does not prove the complete associate-class structure of the infinite monoid.
2938,10643/243,1,10643/243,1,mixed_fraction,This is a bounded computational sample. It does not prove the complete associate-class structure of the infinite monoid.
2939,10646/243,1,10646/243,1,mixed_fraction,This is a bounded computational sample. It does not prove the complete associate-class structure of the infinite monoid.
2940,10648/243,1,10648/243,1,mixed_fraction,This is a bounded computational sample. It does not prove the complete associate-class structure of the infinite monoid.
2941,10654/243,1,10654/243,1,mixed_fraction,This is a bounded computational sample. It does not prove the complete associate-class structure of the infinite monoid.
2942,10655/243,1,10655/243,1,mixed_fraction,This is a bounded computational sample. It does not prove the complete associate-class structure of the infinite monoid.
2943,10660/243,1,10660/243,1,mixed_fraction,This is a bounded computational sample. It does not prove the complete associate-class structure of the infinite monoid.
2944,10664/243,1,10664/243,1,mixed_fraction,This is a bounded computational sample. It does not prove the complete associate-class structure of the infinite monoid.
2945,10669/243,1,10669/243,1,mixed_fraction,This is a bounded computational sample. It does not prove the complete associate-class structure of the infinite monoid.
2946,10673/243,1,10673/243,1,mixed_fraction,This is a bounded computational sample. It does not prove the complete associate-class structure of the infinite monoid.
2947,10675/243,1,10675/243,1,mixed_fraction,This is a bounded computational sample. It does not prove the complete associate-class structure of the infinite monoid.
2948,10678/243,1,10678/243,1,mixed_fraction,This is a bounded computational sample. It does not prove the complete associate-class structure of the infinite monoid.
2949,10685/243,1,10685/243,1,mixed_fraction,This is a bounded computational sample. It does not prove the complete associate-class structure of the infinite monoid.
2950,10690/243,1,10690/243,1,mixed_fraction,This is a bounded computational sample. It does not prove the complete associate-class structure of the infinite monoid.
2951,10691/243,1,10691/243,1,mixed_fraction,This is a bounded computational sample. It does not prove the complete associate-class structure of the infinite monoid.
2952,10694/243,1,10694/243,1,mixed_fraction,This is a bounded computational sample. It does not prove the complete associate-class structure of the infinite monoid.
2953,10696/243,1,10696/243,1,mixed_fraction,This is a bounded computational sample. It does not prove the complete associate-class structure of the infinite monoid.
2954,10705/243,1,10705/243,1,mixed_fraction,This is a bounded computational sample. It does not prove the complete associate-class structure of the infinite monoid.
2955,10708/243,1,10708/243,1,mixed_fraction,This is a bounded computational sample. It does not prove the complete associate-class structure of the infinite monoid.
2956,10714/243,1,10714/243,1,mixed_fraction,This is a bounded computational sample. It does not prove the complete associate-class structure of the infinite monoid.
2957,10718/243,1,10718/243,1,mixed_fraction,This is a bounded computational sample. It does not prove the complete associate-class structure of the infinite monoid.
2958,10721/243,1,10721/243,1,mixed_fraction,This is a bounded computational sample. It does not prove the complete associate-class structure of the infinite monoid.
2959,10729/243,1,10729/243,1,mixed_fraction,This is a bounded computational sample. It does not prove the complete associate-class structure of the infinite monoid.
2960,10733/243,1,10733/243,1,mixed_fraction,This is a bounded computational sample. It does not prove the complete associate-class structure of the infinite monoid.
2961,10735/243,1,10735/243,1,mixed_fraction,This is a bounded computational sample. It does not prove the complete associate-class structure of the infinite monoid.
2962,10736/243,1,10736/243,1,mixed_fraction,This is a bounded computational sample. It does not prove the complete associate-class structure of the infinite monoid.
2963,10741/243,1,10741/243,1,mixed_fraction,This is a bounded computational sample. It does not prove the complete associate-class structure of the infinite monoid.
2964,10744/243,1,10744/243,1,mixed_fraction,This is a bounded computational sample. It does not prove the complete associate-class structure of the infinite monoid.
2965,10748/243,1,10748/243,1,mixed_fraction,This is a bounded computational sample. It does not prove the complete associate-class structure of the infinite monoid.
2966,10751/243,1,10751/243,1,mixed_fraction,This is a bounded computational sample. It does not prove the complete associate-class structure of the infinite monoid.
2967,10754/243,1,10754/243,1,mixed_fraction,This is a bounded computational sample. It does not prove the complete associate-class structure of the infinite monoid.
2968,10759/243,1,10759/243,1,mixed_fraction,This is a bounded computational sample. It does not prove the complete associate-class structure of the infinite monoid.
2969,10766/243,1,10766/243,1,mixed_fraction,This is a bounded computational sample. It does not prove the complete associate-class structure of the infinite monoid.
2970,10768/243,1,10768/243,1,mixed_fraction,This is a bounded computational sample. It does not prove the complete associate-class structure of the infinite monoid.
2971,10771/243,1,10771/243,1,mixed_fraction,This is a bounded computational sample. It does not prove the complete associate-class structure of the infinite monoid.
2972,10775/243,1,10775/243,1,mixed_fraction,This is a bounded computational sample. It does not prove the complete associate-class structure of the infinite monoid.
2973,10778/243,1,10778/243,1,mixed_fraction,This is a bounded computational sample. It does not prove the complete associate-class structure of the infinite monoid.
2974,10780/243,1,10780/243,1,mixed_fraction,This is a bounded computational sample. It does not prove the complete associate-class structure of the infinite monoid.
2975,10786/243,1,10786/243,1,mixed_fraction,This is a bounded computational sample. It does not prove the complete associate-class structure of the infinite monoid.
2976,10789/243,1,10789/243,1,mixed_fraction,This is a bounded computational sample. It does not prove the complete associate-class structure of the infinite monoid.
2977,10793/243,1,10793/243,1,mixed_fraction,This is a bounded computational sample. It does not prove the complete associate-class structure of the infinite monoid.
2978,10798/243,1,10798/243,1,mixed_fraction,This is a bounded computational sample. It does not prove the complete associate-class structure of the infinite monoid.
2979,10805/243,1,10805/243,1,mixed_fraction,This is a bounded computational sample. It does not prove the complete associate-class structure of the infinite monoid.
2980,10808/243,1,10808/243,1,mixed_fraction,This is a bounded computational sample. It does not prove the complete associate-class structure of the infinite monoid.
2981,10810/243,1,10810/243,1,mixed_fraction,This is a bounded computational sample. It does not prove the complete associate-class structure of the infinite monoid.
2982,10814/243,1,10814/243,1,mixed_fraction,This is a bounded computational sample. It does not prove the complete associate-class structure of the infinite monoid.
2983,10816/243,1,10816/243,1,mixed_fraction,This is a bounded computational sample. It does not prove the complete associate-class structure of the infinite monoid.
2984,10826/243,1,10826/243,1,mixed_fraction,This is a bounded computational sample. It does not prove the complete associate-class structure of the infinite monoid.
2985,10829/243,1,10829/243,1,mixed_fraction,This is a bounded computational sample. It does not prove the complete associate-class structure of the infinite monoid.
2986,10835/243,1,10835/243,1,mixed_fraction,This is a bounded computational sample. It does not prove the complete associate-class structure of the infinite monoid.
2987,10840/243,1,10840/243,1,mixed_fraction,This is a bounded computational sample. It does not prove the complete associate-class structure of the infinite monoid.
2988,10843/243,1,10843/243,1,mixed_fraction,This is a bounded computational sample. It does not prove the complete associate-class structure of the infinite monoid.
2989,10844/243,1,10844/243,1,mixed_fraction,This is a bounded computational sample. It does not prove the complete associate-class structure of the infinite monoid.
2990,10853/243,1,10853/243,1,mixed_fraction,This is a bounded computational sample. It does not prove the complete associate-class structure of the infinite monoid.
2991,10858/243,1,10858/243,1,mixed_fraction,This is a bounded computational sample. It does not prove the complete associate-class structure of the infinite monoid.
2992,10859/243,1,10859/243,1,mixed_fraction,This is a bounded computational sample. It does not prove the complete associate-class structure of the infinite monoid.
2993,10861/243,1,10861/243,1,mixed_fraction,This is a bounded computational sample. It does not prove the complete associate-class structure of the infinite monoid.
2994,10876/243,1,10876/243,1,mixed_fraction,This is a bounded computational sample. It does not prove the complete associate-class structure of the infinite monoid.
2995,10879/243,1,10879/243,1,mixed_fraction,This is a bounded computational sample. It does not prove the complete associate-class structure of the infinite monoid.
2996,10880/243,1,10880/243,1,mixed_fraction,This is a bounded computational sample. It does not prove the complete associate-class structure of the infinite monoid.
2997,10883/243,1,10883/243,1,mixed_fraction,This is a bounded computational sample. It does not prove the complete associate-class structure of the infinite monoid.
2998,10886/243,1,10886/243,1,mixed_fraction,This is a bounded computational sample. It does not prove the complete associate-class structure of the infinite monoid.
2999,10889/243,1,10889/243,1,mixed_fraction,This is a bounded computational sample. It does not prove the complete associate-class structure of the infinite monoid.
3000,10891/243,1,10891/243,1,mixed_fraction,This is a bounded computational sample. It does not prove the complete associate-class structure of the infinite monoid.
3001,10898/243,1,10898/243,1,mixed_fraction,This is a bounded computational sample. It does not prove the complete associate-class structure of the infinite monoid.
3002,10903/243,1,10903/243,1,mixed_fraction,This is a bounded computational sample. It does not prove the complete associate-class structure of the infinite monoid.
3003,10910/243,1,10910/243,1,mixed_fraction,This is a bounded computational sample. It does not prove the complete associate-class structure of the infinite monoid.
3004,10916/243,1,10916/243,1,mixed_fraction,This is a bounded computational sample. It does not prove the complete associate-class structure of the infinite monoid.
3005,10918/243,1,10918/243,1,mixed_fraction,This is a bounded computational sample. It does not prove the complete associate-class structure of the infinite monoid.
3006,10921/243,1,10921/243,1,mixed_fraction,This is a bounded computational sample. It does not prove the complete associate-class structure of the infinite monoid.
3007,10925/243,1,10925/243,1,mixed_fraction,This is a bounded computational sample. It does not prove the complete associate-class structure of the infinite monoid.
3008,10928/243,1,10928/243,1,mixed_fraction,This is a bounded computational sample. It does not prove the complete associate-class structure of the infinite monoid.
3009,10930/243,1,10930/243,1,mixed_fraction,This is a bounded computational sample. It does not prove the complete associate-class structure of the infinite monoid.
3010,10933/243,1,10933/243,1,mixed_fraction,This is a bounded computational sample. It does not prove the complete associate-class structure of the infinite monoid.
3011,10934/243,1,10934/243,1,mixed_fraction,This is a bounded computational sample. It does not prove the complete associate-class structure of the infinite monoid.
3012,10939/243,1,10939/243,1,mixed_fraction,This is a bounded computational sample. It does not prove the complete associate-class structure of the infinite monoid.
3013,10940/243,1,10940/243,1,mixed_fraction,This is a bounded computational sample. It does not prove the complete associate-class structure of the infinite monoid.
3014,10948/243,1,10948/243,1,mixed_fraction,This is a bounded computational sample. It does not prove the complete associate-class structure of the infinite monoid.
3015,10951/243,1,10951/243,1,mixed_fraction,This is a bounded computational sample. It does not prove the complete associate-class structure of the infinite monoid.
3016,10955/243,1,10955/243,1,mixed_fraction,This is a bounded computational sample. It does not prove the complete associate-class structure of the infinite monoid.
3017,10960/243,1,10960/243,1,mixed_fraction,This is a bounded computational sample. It does not prove the complete associate-class structure of the infinite monoid.
3018,10961/243,1,10961/243,1,mixed_fraction,This is a bounded computational sample. It does not prove the complete associate-class structure of the infinite monoid.
3019,10964/243,1,10964/243,1,mixed_fraction,This is a bounded computational sample. It does not prove the complete associate-class structure of the infinite monoid.
3020,10975/243,1,10975/243,1,mixed_fraction,This is a bounded computational sample. It does not prove the complete associate-class structure of the infinite monoid.
3021,10976/243,1,10976/243,1,mixed_fraction,This is a bounded computational sample. It does not prove the complete associate-class structure of the infinite monoid.
3022,10978/243,1,10978/243,1,mixed_fraction,This is a bounded computational sample. It does not prove the complete associate-class structure of the infinite monoid.
3023,10979/243,1,10979/243,1,mixed_fraction,This is a bounded computational sample. It does not prove the complete associate-class structure of the infinite monoid.
3024,10984/243,1,10984/243,1,mixed_fraction,This is a bounded computational sample. It does not prove the complete associate-class structure of the infinite monoid.
3025,10991/243,1,10991/243,1,mixed_fraction,This is a bounded computational sample. It does not prove the complete associate-class structure of the infinite monoid.
3026,10994/243,1,10994/243,1,mixed_fraction,This is a bounded computational sample. It does not prove the complete associate-class structure of the infinite monoid.
3027,11000/243,1,11000/243,1,mixed_fraction,This is a bounded computational sample. It does not prove the complete associate-class structure of the infinite monoid.
3028,11005/243,1,11005/243,1,mixed_fraction,This is a bounded computational sample. It does not prove the complete associate-class structure of the infinite monoid.
3029,11009/243,1,11009/243,1,mixed_fraction,This is a bounded computational sample. It does not prove the complete associate-class structure of the infinite monoid.
3030,11011/243,1,11011/243,1,mixed_fraction,This is a bounded computational sample. It does not prove the complete associate-class structure of the infinite monoid.
3031,11014/243,1,11014/243,1,mixed_fraction,This is a bounded computational sample. It does not prove the complete associate-class structure of the infinite monoid.
3032,11015/243,1,11015/243,1,mixed_fraction,This is a bounded computational sample. It does not prove the complete associate-class structure of the infinite monoid.
3033,11018/243,1,11018/243,1,mixed_fraction,This is a bounded computational sample. It does not prove the complete associate-class structure of the infinite monoid.
3034,11021/243,1,11021/243,1,mixed_fraction,This is a bounded computational sample. It does not prove the complete associate-class structure of the infinite monoid.
3035,11023/243,1,11023/243,1,mixed_fraction,This is a bounded computational sample. It does not prove the complete associate-class structure of the infinite monoid.
3036,11029/243,1,11029/243,1,mixed_fraction,This is a bounded computational sample. It does not prove the complete associate-class structure of the infinite monoid.
3037,11036/243,1,11036/243,1,mixed_fraction,This is a bounded computational sample. It does not prove the complete associate-class structure of the infinite monoid.
3038,11041/243,1,11041/243,1,mixed_fraction,This is a bounded computational sample. It does not prove the complete associate-class structure of the infinite monoid.
3039,11048/243,1,11048/243,1,mixed_fraction,This is a bounded computational sample. It does not prove the complete associate-class structure of the infinite monoid.
3040,11050/243,1,11050/243,1,mixed_fraction,This is a bounded computational sample. It does not prove the complete associate-class structure of the infinite monoid.
3041,11051/243,1,11051/243,1,mixed_fraction,This is a bounded computational sample. It does not prove the complete associate-class structure of the infinite monoid.
3042,11053/243,1,11053/243,1,mixed_fraction,This is a bounded computational sample. It does not prove the complete associate-class structure of the infinite monoid.
3043,11059/243,1,11059/243,1,mixed_fraction,This is a bounded computational sample. It does not prove the complete associate-class structure of the infinite monoid.
3044,11060/243,1,11060/243,1,mixed_fraction,This is a bounded computational sample. It does not prove the complete associate-class structure of the infinite monoid.
3045,11065/243,1,11065/243,1,mixed_fraction,This is a bounded computational sample. It does not prove the complete associate-class structure of the infinite monoid.
3046,11069/243,1,11069/243,1,mixed_fraction,This is a bounded computational sample. It does not prove the complete associate-class structure of the infinite monoid.
3047,11078/243,1,11078/243,1,mixed_fraction,This is a bounded computational sample. It does not prove the complete associate-class structure of the infinite monoid.
3048,11080/243,1,11080/243,1,mixed_fraction,This is a bounded computational sample. It does not prove the complete associate-class structure of the infinite monoid.
3049,11083/243,1,11083/243,1,mixed_fraction,This is a bounded computational sample. It does not prove the complete associate-class structure of the infinite monoid.
3050,11086/243,1,11086/243,1,mixed_fraction,This is a bounded computational sample. It does not prove the complete associate-class structure of the infinite monoid.
3051,11090/243,1,11090/243,1,mixed_fraction,This is a bounded computational sample. It does not prove the complete associate-class structure of the infinite monoid.
3052,11096/243,1,11096/243,1,mixed_fraction,This is a bounded computational sample. It does not prove the complete associate-class structure of the infinite monoid.
3053,11101/243,1,11101/243,1,mixed_fraction,This is a bounded computational sample. It does not prove the complete associate-class structure of the infinite monoid.
3054,11104/243,1,11104/243,1,mixed_fraction,This is a bounded computational sample. It does not prove the complete associate-class structure of the infinite monoid.
3055,11110/243,1,11110/243,1,mixed_fraction,This is a bounded computational sample. It does not prove the complete associate-class structure of the infinite monoid.
3056,11119/243,1,11119/243,1,mixed_fraction,This is a bounded computational sample. It does not prove the complete associate-class structure of the infinite monoid.
3057,11123/243,1,11123/243,1,mixed_fraction,This is a bounded computational sample. It does not prove the complete associate-class structure of the infinite monoid.
3058,11125/243,1,11125/243,1,mixed_fraction,This is a bounded computational sample. It does not prove the complete associate-class structure of the infinite monoid.
3059,11126/243,1,11126/243,1,mixed_fraction,This is a bounded computational sample. It does not prove the complete associate-class structure of the infinite monoid.
3060,11129/243,1,11129/243,1,mixed_fraction,This is a bounded computational sample. It does not prove the complete associate-class structure of the infinite monoid.
3061,11134/243,1,11134/243,1,mixed_fraction,This is a bounded computational sample. It does not prove the complete associate-class structure of the infinite monoid.
3062,11140/243,1,11140/243,1,mixed_fraction,This is a bounded computational sample. It does not prove the complete associate-class structure of the infinite monoid.
3063,11141/243,1,11141/243,1,mixed_fraction,This is a bounded computational sample. It does not prove the complete associate-class structure of the infinite monoid.
3064,11146/243,1,11146/243,1,mixed_fraction,This is a bounded computational sample. It does not prove the complete associate-class structure of the infinite monoid.
3065,11150/243,1,11150/243,1,mixed_fraction,This is a bounded computational sample. It does not prove the complete associate-class structure of the infinite monoid.
3066,11153/243,1,11153/243,1,mixed_fraction,This is a bounded computational sample. It does not prove the complete associate-class structure of the infinite monoid.
3067,11159/243,1,11159/243,1,mixed_fraction,This is a bounded computational sample. It does not prove the complete associate-class structure of the infinite monoid.
3068,11161/243,1,11161/243,1,mixed_fraction,This is a bounded computational sample. It does not prove the complete associate-class structure of the infinite monoid.
3069,11164/243,1,11164/243,1,mixed_fraction,This is a bounded computational sample. It does not prove the complete associate-class structure of the infinite monoid.
3070,11168/243,1,11168/243,1,mixed_fraction,This is a bounded computational sample. It does not prove the complete associate-class structure of the infinite monoid.
3071,11171/243,1,11171/243,1,mixed_fraction,This is a bounded computational sample. It does not prove the complete associate-class structure of the infinite monoid.
3072,11173/243,1,11173/243,1,mixed_fraction,This is a bounded computational sample. It does not prove the complete associate-class structure of the infinite monoid.
3073,11176/243,1,11176/243,1,mixed_fraction,This is a bounded computational sample. It does not prove the complete associate-class structure of the infinite monoid.
3074,11180/243,1,11180/243,1,mixed_fraction,This is a bounded computational sample. It does not prove the complete associate-class structure of the infinite monoid.
3075,11183/243,1,11183/243,1,mixed_fraction,This is a bounded computational sample. It does not prove the complete associate-class structure of the infinite monoid.
3076,11185/243,1,11185/243,1,mixed_fraction,This is a bounded computational sample. It does not prove the complete associate-class structure of the infinite monoid.
3077,11191/243,1,11191/243,1,mixed_fraction,This is a bounded computational sample. It does not prove the complete associate-class structure of the infinite monoid.
3078,11194/243,1,11194/243,1,mixed_fraction,This is a bounded computational sample. It does not prove the complete associate-class structure of the infinite monoid.
3079,11198/243,1,11198/243,1,mixed_fraction,This is a bounded computational sample. It does not prove the complete associate-class structure of the infinite monoid.
3080,11203/243,1,11203/243,1,mixed_fraction,This is a bounded computational sample. It does not prove the complete associate-class structure of the infinite monoid.
3081,11204/243,1,11204/243,1,mixed_fraction,This is a bounded computational sample. It does not prove the complete associate-class structure of the infinite monoid.
3082,11210/243,1,11210/243,1,mixed_fraction,This is a bounded computational sample. It does not prove the complete associate-class structure of the infinite monoid.
3083,11215/243,1,11215/243,1,mixed_fraction,This is a bounded computational sample. It does not prove the complete associate-class structure of the infinite monoid.
3084,11218/243,1,11218/243,1,mixed_fraction,This is a bounded computational sample. It does not prove the complete associate-class structure of the infinite monoid.
3085,11219/243,1,11219/243,1,mixed_fraction,This is a bounded computational sample. It does not prove the complete associate-class structure of the infinite monoid.
3086,11221/243,1,11221/243,1,mixed_fraction,This is a bounded computational sample. It does not prove the complete associate-class structure of the infinite monoid.
3087,11225/243,1,11225/243,1,mixed_fraction,This is a bounded computational sample. It does not prove the complete associate-class structure of the infinite monoid.
3088,11234/243,1,11234/243,1,mixed_fraction,This is a bounded computational sample. It does not prove the complete associate-class structure of the infinite monoid.
3089,11240/243,1,11240/243,1,mixed_fraction,This is a bounded computational sample. It does not prove the complete associate-class structure of the infinite monoid.
3090,11243/243,1,11243/243,1,mixed_fraction,This is a bounded computational sample. It does not prove the complete associate-class structure of the infinite monoid.
3091,11248/243,1,11248/243,1,mixed_fraction,This is a bounded computational sample. It does not prove the complete associate-class structure of the infinite monoid.
3092,11254/243,1,11254/243,1,mixed_fraction,This is a bounded computational sample. It does not prove the complete associate-class structure of the infinite monoid.
3093,11258/243,1,11258/243,1,mixed_fraction,This is a bounded computational sample. It does not prove the complete associate-class structure of the infinite monoid.
3094,11261/243,1,11261/243,1,mixed_fraction,This is a bounded computational sample. It does not prove the complete associate-class structure of the infinite monoid.
3095,11264/243,1,11264/243,1,mixed_fraction,This is a bounded computational sample. It does not prove the complete associate-class structure of the infinite monoid.
3096,11266/243,1,11266/243,1,mixed_fraction,This is a bounded computational sample. It does not prove the complete associate-class structure of the infinite monoid.
3097,11275/243,1,11275/243,1,mixed_fraction,This is a bounded computational sample. It does not prove the complete associate-class structure of the infinite monoid.
3098,11279/243,1,11279/243,1,mixed_fraction,This is a bounded computational sample. It does not prove the complete associate-class structure of the infinite monoid.
3099,11284/243,1,11284/243,1,mixed_fraction,This is a bounded computational sample. It does not prove the complete associate-class structure of the infinite monoid.
3100,11285/243,1,11285/243,1,mixed_fraction,This is a bounded computational sample. It does not prove the complete associate-class structure of the infinite monoid.
3101,11291/243,1,11291/243,1,mixed_fraction,This is a bounded computational sample. It does not prove the complete associate-class structure of the infinite monoid.
3102,11293/243,1,11293/243,1,mixed_fraction,This is a bounded computational sample. It does not prove the complete associate-class structure of the infinite monoid.
3103,11294/243,1,11294/243,1,mixed_fraction,This is a bounded computational sample. It does not prove the complete associate-class structure of the infinite monoid.
3104,11296/243,1,11296/243,1,mixed_fraction,This is a bounded computational sample. It does not prove the complete associate-class structure of the infinite monoid.
3105,11303/243,1,11303/243,1,mixed_fraction,This is a bounded computational sample. It does not prove the complete associate-class structure of the infinite monoid.
3106,11308/243,1,11308/243,1,mixed_fraction,This is a bounded computational sample. It does not prove the complete associate-class structure of the infinite monoid.
3107,11315/243,1,11315/243,1,mixed_fraction,This is a bounded computational sample. It does not prove the complete associate-class structure of the infinite monoid.
3108,11321/243,1,11321/243,1,mixed_fraction,This is a bounded computational sample. It does not prove the complete associate-class structure of the infinite monoid.
3109,11323/243,1,11323/243,1,mixed_fraction,This is a bounded computational sample. It does not prove the complete associate-class structure of the infinite monoid.
3110,11326/243,1,11326/243,1,mixed_fraction,This is a bounded computational sample. It does not prove the complete associate-class structure of the infinite monoid.
3111,11329/243,1,11329/243,1,mixed_fraction,This is a bounded computational sample. It does not prove the complete associate-class structure of the infinite monoid.
3112,11330/243,1,11330/243,1,mixed_fraction,This is a bounded computational sample. It does not prove the complete associate-class structure of the infinite monoid.
3113,11333/243,1,11333/243,1,mixed_fraction,This is a bounded computational sample. It does not prove the complete associate-class structure of the infinite monoid.
3114,11335/243,1,11335/243,1,mixed_fraction,This is a bounded computational sample. It does not prove the complete associate-class structure of the infinite monoid.
3115,11339/243,1,11339/243,1,mixed_fraction,This is a bounded computational sample. It does not prove the complete associate-class structure of the infinite monoid.
3116,11344/243,1,11344/243,1,mixed_fraction,This is a bounded computational sample. It does not prove the complete associate-class structure of the infinite monoid.
3117,11350/243,1,11350/243,1,mixed_fraction,This is a bounded computational sample. It does not prove the complete associate-class structure of the infinite monoid.
3118,11353/243,1,11353/243,1,mixed_fraction,This is a bounded computational sample. It does not prove the complete associate-class structure of the infinite monoid.
3119,11360/243,1,11360/243,1,mixed_fraction,This is a bounded computational sample. It does not prove the complete associate-class structure of the infinite monoid.
3120,11365/243,1,11365/243,1,mixed_fraction,This is a bounded computational sample. It does not prove the complete associate-class structure of the infinite monoid.
3121,11366/243,1,11366/243,1,mixed_fraction,This is a bounded computational sample. It does not prove the complete associate-class structure of the infinite monoid.
3122,11368/243,1,11368/243,1,mixed_fraction,This is a bounded computational sample. It does not prove the complete associate-class structure of the infinite monoid.
3123,11369/243,1,11369/243,1,mixed_fraction,This is a bounded computational sample. It does not prove the complete associate-class structure of the infinite monoid.
3124,11380/243,1,11380/243,1,mixed_fraction,This is a bounded computational sample. It does not prove the complete associate-class structure of the infinite monoid.
3125,11383/243,1,11383/243,1,mixed_fraction,This is a bounded computational sample. It does not prove the complete associate-class structure of the infinite monoid.
3126,11384/243,1,11384/243,1,mixed_fraction,This is a bounded computational sample. It does not prove the complete associate-class structure of the infinite monoid.
3127,11389/243,1,11389/243,1,mixed_fraction,This is a bounded computational sample. It does not prove the complete associate-class structure of the infinite monoid.
3128,11393/243,1,11393/243,1,mixed_fraction,This is a bounded computational sample. It does not prove the complete associate-class structure of the infinite monoid.
3129,11396/243,1,11396/243,1,mixed_fraction,This is a bounded computational sample. It does not prove the complete associate-class structure of the infinite monoid.
3130,11404/243,1,11404/243,1,mixed_fraction,This is a bounded computational sample. It does not prove the complete associate-class structure of the infinite monoid.
3131,11405/243,1,11405/243,1,mixed_fraction,This is a bounded computational sample. It does not prove the complete associate-class structure of the infinite monoid.
3132,11410/243,1,11410/243,1,mixed_fraction,This is a bounded computational sample. It does not prove the complete associate-class structure of the infinite monoid.
3133,11411/243,1,11411/243,1,mixed_fraction,This is a bounded computational sample. It does not prove the complete associate-class structure of the infinite monoid.
3134,11414/243,1,11414/243,1,mixed_fraction,This is a bounded computational sample. It does not prove the complete associate-class structure of the infinite monoid.
3135,11416/243,1,11416/243,1,mixed_fraction,This is a bounded computational sample. It does not prove the complete associate-class structure of the infinite monoid.
3136,11419/243,1,11419/243,1,mixed_fraction,This is a bounded computational sample. It does not prove the complete associate-class structure of the infinite monoid.
3137,11423/243,1,11423/243,1,mixed_fraction,This is a bounded computational sample. It does not prove the complete associate-class structure of the infinite monoid.
3138,11426/243,1,11426/243,1,mixed_fraction,This is a bounded computational sample. It does not prove the complete associate-class structure of the infinite monoid.
3139,11428/243,1,11428/243,1,mixed_fraction,This is a bounded computational sample. It does not prove the complete associate-class structure of the infinite monoid.
3140,11434/243,1,11434/243,1,mixed_fraction,This is a bounded computational sample. It does not prove the complete associate-class structure of the infinite monoid.
3141,11441/243,1,11441/243,1,mixed_fraction,This is a bounded computational sample. It does not prove the complete associate-class structure of the infinite monoid.
3142,11446/243,1,11446/243,1,mixed_fraction,This is a bounded computational sample. It does not prove the complete associate-class structure of the infinite monoid.
3143,11453/243,1,11453/243,1,mixed_fraction,This is a bounded computational sample. It does not prove the complete associate-class structure of the infinite monoid.
3144,11455/243,1,11455/243,1,mixed_fraction,This is a bounded computational sample. It does not prove the complete associate-class structure of the infinite monoid.
3145,11458/243,1,11458/243,1,mixed_fraction,This is a bounded computational sample. It does not prove the complete associate-class structure of the infinite monoid.
3146,11461/243,1,11461/243,1,mixed_fraction,This is a bounded computational sample. It does not prove the complete associate-class structure of the infinite monoid.
3147,11464/243,1,11464/243,1,mixed_fraction,This is a bounded computational sample. It does not prove the complete associate-class structure of the infinite monoid.
3148,11465/243,1,11465/243,1,mixed_fraction,This is a bounded computational sample. It does not prove the complete associate-class structure of the infinite monoid.
3149,11468/243,1,11468/243,1,mixed_fraction,This is a bounded computational sample. It does not prove the complete associate-class structure of the infinite monoid.
3150,11483/243,1,11483/243,1,mixed_fraction,This is a bounded computational sample. It does not prove the complete associate-class structure of the infinite monoid.
3151,11485/243,1,11485/243,1,mixed_fraction,This is a bounded computational sample. It does not prove the complete associate-class structure of the infinite monoid.
3152,11486/243,1,11486/243,1,mixed_fraction,This is a bounded computational sample. It does not prove the complete associate-class structure of the infinite monoid.
3153,11491/243,1,11491/243,1,mixed_fraction,This is a bounded computational sample. It does not prove the complete associate-class structure of the infinite monoid.
3154,11500/243,1,11500/243,1,mixed_fraction,This is a bounded computational sample. It does not prove the complete associate-class structure of the infinite monoid.
3155,11501/243,1,11501/243,1,mixed_fraction,This is a bounded computational sample. It does not prove the complete associate-class structure of the infinite monoid.
3156,11504/243,1,11504/243,1,mixed_fraction,This is a bounded computational sample. It does not prove the complete associate-class structure of the infinite monoid.
3157,11509/243,1,11509/243,1,mixed_fraction,This is a bounded computational sample. It does not prove the complete associate-class structure of the infinite monoid.
3158,11515/243,1,11515/243,1,mixed_fraction,This is a bounded computational sample. It does not prove the complete associate-class structure of the infinite monoid.
3159,11518/243,1,11518/243,1,mixed_fraction,This is a bounded computational sample. It does not prove the complete associate-class structure of the infinite monoid.
3160,11528/243,1,11528/243,1,mixed_fraction,This is a bounded computational sample. It does not prove the complete associate-class structure of the infinite monoid.
3161,11530/243,1,11530/243,1,mixed_fraction,This is a bounded computational sample. It does not prove the complete associate-class structure of the infinite monoid.
3162,11534/243,1,11534/243,1,mixed_fraction,This is a bounded computational sample. It does not prove the complete associate-class structure of the infinite monoid.
3163,11536/243,1,11536/243,1,mixed_fraction,This is a bounded computational sample. It does not prove the complete associate-class structure of the infinite monoid.
3164,11539/243,1,11539/243,1,mixed_fraction,This is a bounded computational sample. It does not prove the complete associate-class structure of the infinite monoid.
3165,11546/243,1,11546/243,1,mixed_fraction,This is a bounded computational sample. It does not prove the complete associate-class structure of the infinite monoid.
3166,11551/243,1,11551/243,1,mixed_fraction,This is a bounded computational sample. It does not prove the complete associate-class structure of the infinite monoid.
3167,11555/243,1,11555/243,1,mixed_fraction,This is a bounded computational sample. It does not prove the complete associate-class structure of the infinite monoid.
3168,11558/243,1,11558/243,1,mixed_fraction,This is a bounded computational sample. It does not prove the complete associate-class structure of the infinite monoid.
3169,11564/243,1,11564/243,1,mixed_fraction,This is a bounded computational sample. It does not prove the complete associate-class structure of the infinite monoid.
3170,11566/243,1,11566/243,1,mixed_fraction,This is a bounded computational sample. It does not prove the complete associate-class structure of the infinite monoid.
3171,11569/243,1,11569/243,1,mixed_fraction,This is a bounded computational sample. It does not prove the complete associate-class structure of the infinite monoid.
3172,11573/243,1,11573/243,1,mixed_fraction,This is a bounded computational sample. It does not prove the complete associate-class structure of the infinite monoid.
3173,11576/243,1,11576/243,1,mixed_fraction,This is a bounded computational sample. It does not prove the complete associate-class structure of the infinite monoid.
3174,11578/243,1,11578/243,1,mixed_fraction,This is a bounded computational sample. It does not prove the complete associate-class structure of the infinite monoid.
3175,11585/243,1,11585/243,1,mixed_fraction,This is a bounded computational sample. It does not prove the complete associate-class structure of the infinite monoid.
3176,11590/243,1,11590/243,1,mixed_fraction,This is a bounded computational sample. It does not prove the complete associate-class structure of the infinite monoid.
3177,11593/243,1,11593/243,1,mixed_fraction,This is a bounded computational sample. It does not prove the complete associate-class structure of the infinite monoid.
3178,11596/243,1,11596/243,1,mixed_fraction,This is a bounded computational sample. It does not prove the complete associate-class structure of the infinite monoid.
3179,11600/243,1,11600/243,1,mixed_fraction,This is a bounded computational sample. It does not prove the complete associate-class structure of the infinite monoid.
3180,11603/243,1,11603/243,1,mixed_fraction,This is a bounded computational sample. It does not prove the complete associate-class structure of the infinite monoid.
3181,11608/243,1,11608/243,1,mixed_fraction,This is a bounded computational sample. It does not prove the complete associate-class structure of the infinite monoid.
3182,11609/243,1,11609/243,1,mixed_fraction,This is a bounded computational sample. It does not prove the complete associate-class structure of the infinite monoid.
3183,11611/243,1,11611/243,1,mixed_fraction,This is a bounded computational sample. It does not prove the complete associate-class structure of the infinite monoid.
3184,11615/243,1,11615/243,1,mixed_fraction,This is a bounded computational sample. It does not prove the complete associate-class structure of the infinite monoid.
3185,11623/243,1,11623/243,1,mixed_fraction,This is a bounded computational sample. It does not prove the complete associate-class structure of the infinite monoid.
3186,11626/243,1,11626/243,1,mixed_fraction,This is a bounded computational sample. It does not prove the complete associate-class structure of the infinite monoid.
3187,11630/243,1,11630/243,1,mixed_fraction,This is a bounded computational sample. It does not prove the complete associate-class structure of the infinite monoid.
3188,11636/243,1,11636/243,1,mixed_fraction,This is a bounded computational sample. It does not prove the complete associate-class structure of the infinite monoid.
3189,11639/243,1,11639/243,1,mixed_fraction,This is a bounded computational sample. It does not prove the complete associate-class structure of the infinite monoid.
3190,11648/243,1,11648/243,1,mixed_fraction,This is a bounded computational sample. It does not prove the complete associate-class structure of the infinite monoid.
3191,11650/243,1,11650/243,1,mixed_fraction,This is a bounded computational sample. It does not prove the complete associate-class structure of the infinite monoid.
3192,11653/243,1,11653/243,1,mixed_fraction,This is a bounded computational sample. It does not prove the complete associate-class structure of the infinite monoid.
3193,11654/243,1,11654/243,1,mixed_fraction,This is a bounded computational sample. It does not prove the complete associate-class structure of the infinite monoid.
3194,11659/243,1,11659/243,1,mixed_fraction,This is a bounded computational sample. It does not prove the complete associate-class structure of the infinite monoid.
3195,11666/243,1,11666/243,1,mixed_fraction,This is a bounded computational sample. It does not prove the complete associate-class structure of the infinite monoid.
3196,11669/243,1,11669/243,1,mixed_fraction,This is a bounded computational sample. It does not prove the complete associate-class structure of the infinite monoid.
3197,11671/243,1,11671/243,1,mixed_fraction,This is a bounded computational sample. It does not prove the complete associate-class structure of the infinite monoid.
3198,11675/243,1,11675/243,1,mixed_fraction,This is a bounded computational sample. It does not prove the complete associate-class structure of the infinite monoid.
3199,11680/243,1,11680/243,1,mixed_fraction,This is a bounded computational sample. It does not prove the complete associate-class structure of the infinite monoid.
3200,11684/243,1,11684/243,1,mixed_fraction,This is a bounded computational sample. It does not prove the complete associate-class structure of the infinite monoid.
3201,11689/243,1,11689/243,1,mixed_fraction,This is a bounded computational sample. It does not prove the complete associate-class structure of the infinite monoid.
3202,11690/243,1,11690/243,1,mixed_fraction,This is a bounded computational sample. It does not prove the complete associate-class structure of the infinite monoid.
3203,11696/243,1,11696/243,1,mixed_fraction,This is a bounded computational sample. It does not prove the complete associate-class structure of the infinite monoid.
3204,11698/243,1,11698/243,1,mixed_fraction,This is a bounded computational sample. It does not prove the complete associate-class structure of the infinite monoid.
3205,11701/243,1,11701/243,1,mixed_fraction,This is a bounded computational sample. It does not prove the complete associate-class structure of the infinite monoid.
3206,11704/243,1,11704/243,1,mixed_fraction,This is a bounded computational sample. It does not prove the complete associate-class structure of the infinite monoid.
3207,11708/243,1,11708/243,1,mixed_fraction,This is a bounded computational sample. It does not prove the complete associate-class structure of the infinite monoid.
3208,11711/243,1,11711/243,1,mixed_fraction,This is a bounded computational sample. It does not prove the complete associate-class structure of the infinite monoid.
3209,11725/243,1,11725/243,1,mixed_fraction,This is a bounded computational sample. It does not prove the complete associate-class structure of the infinite monoid.
3210,11726/243,1,11726/243,1,mixed_fraction,This is a bounded computational sample. It does not prove the complete associate-class structure of the infinite monoid.
3211,11728/243,1,11728/243,1,mixed_fraction,This is a bounded computational sample. It does not prove the complete associate-class structure of the infinite monoid.
3212,11729/243,1,11729/243,1,mixed_fraction,This is a bounded computational sample. It does not prove the complete associate-class structure of the infinite monoid.
3213,11734/243,1,11734/243,1,mixed_fraction,This is a bounded computational sample. It does not prove the complete associate-class structure of the infinite monoid.
3214,11735/243,1,11735/243,1,mixed_fraction,This is a bounded computational sample. It does not prove the complete associate-class structure of the infinite monoid.
3215,11740/243,1,11740/243,1,mixed_fraction,This is a bounded computational sample. It does not prove the complete associate-class structure of the infinite monoid.
3216,11743/243,1,11743/243,1,mixed_fraction,This is a bounded computational sample. It does not prove the complete associate-class structure of the infinite monoid.
3217,11744/243,1,11744/243,1,mixed_fraction,This is a bounded computational sample. It does not prove the complete associate-class structure of the infinite monoid.
3218,11755/243,1,11755/243,1,mixed_fraction,This is a bounded computational sample. It does not prove the complete associate-class structure of the infinite monoid.
3219,11758/243,1,11758/243,1,mixed_fraction,This is a bounded computational sample. It does not prove the complete associate-class structure of the infinite monoid.
3220,11761/243,1,11761/243,1,mixed_fraction,This is a bounded computational sample. It does not prove the complete associate-class structure of the infinite monoid.
3221,11765/243,1,11765/243,1,mixed_fraction,This is a bounded computational sample. It does not prove the complete associate-class structure of the infinite monoid.
3222,11771/243,1,11771/243,1,mixed_fraction,This is a bounded computational sample. It does not prove the complete associate-class structure of the infinite monoid.
3223,11773/243,1,11773/243,1,mixed_fraction,This is a bounded computational sample. It does not prove the complete associate-class structure of the infinite monoid.
3224,11779/243,1,11779/243,1,mixed_fraction,This is a bounded computational sample. It does not prove the complete associate-class structure of the infinite monoid.
3225,11785/243,1,11785/243,1,mixed_fraction,This is a bounded computational sample. It does not prove the complete associate-class structure of the infinite monoid.
3226,11789/243,1,11789/243,1,mixed_fraction,This is a bounded computational sample. It does not prove the complete associate-class structure of the infinite monoid.
3227,11794/243,1,11794/243,1,mixed_fraction,This is a bounded computational sample. It does not prove the complete associate-class structure of the infinite monoid.
3228,11798/243,1,11798/243,1,mixed_fraction,This is a bounded computational sample. It does not prove the complete associate-class structure of the infinite monoid.
3229,11800/243,1,11800/243,1,mixed_fraction,This is a bounded computational sample. It does not prove the complete associate-class structure of the infinite monoid.
3230,11801/243,1,11801/243,1,mixed_fraction,This is a bounded computational sample. It does not prove the complete associate-class structure of the infinite monoid.
3231,11809/243,1,11809/243,1,mixed_fraction,This is a bounded computational sample. It does not prove the complete associate-class structure of the infinite monoid.
3232,11810/243,1,11810/243,1,mixed_fraction,This is a bounded computational sample. It does not prove the complete associate-class structure of the infinite monoid.
3233,11815/243,1,11815/243,1,mixed_fraction,This is a bounded computational sample. It does not prove the complete associate-class structure of the infinite monoid.
3234,11816/243,1,11816/243,1,mixed_fraction,This is a bounded computational sample. It does not prove the complete associate-class structure of the infinite monoid.
3235,11819/243,1,11819/243,1,mixed_fraction,This is a bounded computational sample. It does not prove the complete associate-class structure of the infinite monoid.
3236,11821/243,1,11821/243,1,mixed_fraction,This is a bounded computational sample. It does not prove the complete associate-class structure of the infinite monoid.
3237,11828/243,1,11828/243,1,mixed_fraction,This is a bounded computational sample. It does not prove the complete associate-class structure of the infinite monoid.
3238,11833/243,1,11833/243,1,mixed_fraction,This is a bounded computational sample. It does not prove the complete associate-class structure of the infinite monoid.
3239,11836/243,1,11836/243,1,mixed_fraction,This is a bounded computational sample. It does not prove the complete associate-class structure of the infinite monoid.
3240,11839/243,1,11839/243,1,mixed_fraction,This is a bounded computational sample. It does not prove the complete associate-class structure of the infinite monoid.
3241,11843/243,1,11843/243,1,mixed_fraction,This is a bounded computational sample. It does not prove the complete associate-class structure of the infinite monoid.
3242,11846/243,1,11846/243,1,mixed_fraction,This is a bounded computational sample. It does not prove the complete associate-class structure of the infinite monoid.
3243,11851/243,1,11851/243,1,mixed_fraction,This is a bounded computational sample. It does not prove the complete associate-class structure of the infinite monoid.
3244,11854/243,1,11854/243,1,mixed_fraction,This is a bounded computational sample. It does not prove the complete associate-class structure of the infinite monoid.
3245,11858/243,1,11858/243,1,mixed_fraction,This is a bounded computational sample. It does not prove the complete associate-class structure of the infinite monoid.
3246,11860/243,1,11860/243,1,mixed_fraction,This is a bounded computational sample. It does not prove the complete associate-class structure of the infinite monoid.
3247,11866/243,1,11866/243,1,mixed_fraction,This is a bounded computational sample. It does not prove the complete associate-class structure of the infinite monoid.
3248,11869/243,1,11869/243,1,mixed_fraction,This is a bounded computational sample. It does not prove the complete associate-class structure of the infinite monoid.
3249,11873/243,1,11873/243,1,mixed_fraction,This is a bounded computational sample. It does not prove the complete associate-class structure of the infinite monoid.
3250,11875/243,1,11875/243,1,mixed_fraction,This is a bounded computational sample. It does not prove the complete associate-class structure of the infinite monoid.
3251,11879/243,1,11879/243,1,mixed_fraction,This is a bounded computational sample. It does not prove the complete associate-class structure of the infinite monoid.
3252,11890/243,1,11890/243,1,mixed_fraction,This is a bounded computational sample. It does not prove the complete associate-class structure of the infinite monoid.
3253,11891/243,1,11891/243,1,mixed_fraction,This is a bounded computational sample. It does not prove the complete associate-class structure of the infinite monoid.
3254,11893/243,1,11893/243,1,mixed_fraction,This is a bounded computational sample. It does not prove the complete associate-class structure of the infinite monoid.
3255,11896/243,1,11896/243,1,mixed_fraction,This is a bounded computational sample. It does not prove the complete associate-class structure of the infinite monoid.
3256,11900/243,1,11900/243,1,mixed_fraction,This is a bounded computational sample. It does not prove the complete associate-class structure of the infinite monoid.
3257,11905/243,1,11905/243,1,mixed_fraction,This is a bounded computational sample. It does not prove the complete associate-class structure of the infinite monoid.
3258,11909/243,1,11909/243,1,mixed_fraction,This is a bounded computational sample. It does not prove the complete associate-class structure of the infinite monoid.
3259,11914/243,1,11914/243,1,mixed_fraction,This is a bounded computational sample. It does not prove the complete associate-class structure of the infinite monoid.
3260,11918/243,1,11918/243,1,mixed_fraction,This is a bounded computational sample. It does not prove the complete associate-class structure of the infinite monoid.
3261,11923/243,1,11923/243,1,mixed_fraction,This is a bounded computational sample. It does not prove the complete associate-class structure of the infinite monoid.
3262,11933/243,1,11933/243,1,mixed_fraction,This is a bounded computational sample. It does not prove the complete associate-class structure of the infinite monoid.
3263,11935/243,1,11935/243,1,mixed_fraction,This is a bounded computational sample. It does not prove the complete associate-class structure of the infinite monoid.
3264,11939/243,1,11939/243,1,mixed_fraction,This is a bounded computational sample. It does not prove the complete associate-class structure of the infinite monoid.
3265,11941/243,1,11941/243,1,mixed_fraction,This is a bounded computational sample. It does not prove the complete associate-class structure of the infinite monoid.
3266,11944/243,1,11944/243,1,mixed_fraction,This is a bounded computational sample. It does not prove the complete associate-class structure of the infinite monoid.
3267,11951/243,1,11951/243,1,mixed_fraction,This is a bounded computational sample. It does not prove the complete associate-class structure of the infinite monoid.
3268,11954/243,1,11954/243,1,mixed_fraction,This is a bounded computational sample. It does not prove the complete associate-class structure of the infinite monoid.
3269,11960/243,1,11960/243,1,mixed_fraction,This is a bounded computational sample. It does not prove the complete associate-class structure of the infinite monoid.
3270,11968/243,1,11968/243,1,mixed_fraction,This is a bounded computational sample. It does not prove the complete associate-class structure of the infinite monoid.
3271,11969/243,1,11969/243,1,mixed_fraction,This is a bounded computational sample. It does not prove the complete associate-class structure of the infinite monoid.
3272,11971/243,1,11971/243,1,mixed_fraction,This is a bounded computational sample. It does not prove the complete associate-class structure of the infinite monoid.
3273,11978/243,1,11978/243,1,mixed_fraction,This is a bounded computational sample. It does not prove the complete associate-class structure of the infinite monoid.
3274,11983/243,1,11983/243,1,mixed_fraction,This is a bounded computational sample. It does not prove the complete associate-class structure of the infinite monoid.
3275,11986/243,1,11986/243,1,mixed_fraction,This is a bounded computational sample. It does not prove the complete associate-class structure of the infinite monoid.
3276,11990/243,1,11990/243,1,mixed_fraction,This is a bounded computational sample. It does not prove the complete associate-class structure of the infinite monoid.
3277,11998/243,1,11998/243,1,mixed_fraction,This is a bounded computational sample. It does not prove the complete associate-class structure of the infinite monoid.
3278,12001/243,1,12001/243,1,mixed_fraction,This is a bounded computational sample. It does not prove the complete associate-class structure of the infinite monoid.
3279,12004/243,1,12004/243,1,mixed_fraction,This is a bounded computational sample. It does not prove the complete associate-class structure of the infinite monoid.
3280,12005/243,1,12005/243,1,mixed_fraction,This is a bounded computational sample. It does not prove the complete associate-class structure of the infinite monoid.
3281,12008/243,1,12008/243,1,mixed_fraction,This is a bounded computational sample. It does not prove the complete associate-class structure of the infinite monoid.
3282,12014/243,1,12014/243,1,mixed_fraction,This is a bounded computational sample. It does not prove the complete associate-class structure of the infinite monoid.
3283,12016/243,1,12016/243,1,mixed_fraction,This is a bounded computational sample. It does not prove the complete associate-class structure of the infinite monoid.
3284,12025/243,1,12025/243,1,mixed_fraction,This is a bounded computational sample. It does not prove the complete associate-class structure of the infinite monoid.
3285,12028/243,1,12028/243,1,mixed_fraction,This is a bounded computational sample. It does not prove the complete associate-class structure of the infinite monoid.
3286,12035/243,1,12035/243,1,mixed_fraction,This is a bounded computational sample. It does not prove the complete associate-class structure of the infinite monoid.
3287,12041/243,1,12041/243,1,mixed_fraction,This is a bounded computational sample. It does not prove the complete associate-class structure of the infinite monoid.
3288,12043/243,1,12043/243,1,mixed_fraction,This is a bounded computational sample. It does not prove the complete associate-class structure of the infinite monoid.
3289,12044/243,1,12044/243,1,mixed_fraction,This is a bounded computational sample. It does not prove the complete associate-class structure of the infinite monoid.
3290,12053/243,1,12053/243,1,mixed_fraction,This is a bounded computational sample. It does not prove the complete associate-class structure of the infinite monoid.
3291,12055/243,1,12055/243,1,mixed_fraction,This is a bounded computational sample. It does not prove the complete associate-class structure of the infinite monoid.
3292,12058/243,1,12058/243,1,mixed_fraction,This is a bounded computational sample. It does not prove the complete associate-class structure of the infinite monoid.
3293,12059/243,1,12059/243,1,mixed_fraction,This is a bounded computational sample. It does not prove the complete associate-class structure of the infinite monoid.
3294,12064/243,1,12064/243,1,mixed_fraction,This is a bounded computational sample. It does not prove the complete associate-class structure of the infinite monoid.
3295,12071/243,1,12071/243,1,mixed_fraction,This is a bounded computational sample. It does not prove the complete associate-class structure of the infinite monoid.
3296,12076/243,1,12076/243,1,mixed_fraction,This is a bounded computational sample. It does not prove the complete associate-class structure of the infinite monoid.
3297,12079/243,1,12079/243,1,mixed_fraction,This is a bounded computational sample. It does not prove the complete associate-class structure of the infinite monoid.
3298,12080/243,1,12080/243,1,mixed_fraction,This is a bounded computational sample. It does not prove the complete associate-class structure of the infinite monoid.
3299,12085/243,1,12085/243,1,mixed_fraction,This is a bounded computational sample. It does not prove the complete associate-class structure of the infinite monoid.
3300,12086/243,1,12086/243,1,mixed_fraction,This is a bounded computational sample. It does not prove the complete associate-class structure of the infinite monoid.
3301,12089/243,1,12089/243,1,mixed_fraction,This is a bounded computational sample. It does not prove the complete associate-class structure of the infinite monoid.
3302,12094/243,1,12094/243,1,mixed_fraction,This is a bounded computational sample. It does not prove the complete associate-class structure of the infinite monoid.
3303,12101/243,1,12101/243,1,mixed_fraction,This is a bounded computational sample. It does not prove the complete associate-class structure of the infinite monoid.
3304,12103/243,1,12103/243,1,mixed_fraction,This is a bounded computational sample. It does not prove the complete associate-class structure of the infinite monoid.
3305,12109/243,1,12109/243,1,mixed_fraction,This is a bounded computational sample. It does not prove the complete associate-class structure of the infinite monoid.
3306,12116/243,1,12116/243,1,mixed_fraction,This is a bounded computational sample. It does not prove the complete associate-class structure of the infinite monoid.
3307,12118/243,1,12118/243,1,mixed_fraction,This is a bounded computational sample. It does not prove the complete associate-class structure of the infinite monoid.
3308,12125/243,1,12125/243,1,mixed_fraction,This is a bounded computational sample. It does not prove the complete associate-class structure of the infinite monoid.
3309,12130/243,1,12130/243,1,mixed_fraction,This is a bounded computational sample. It does not prove the complete associate-class structure of the infinite monoid.
3310,12133/243,1,12133/243,1,mixed_fraction,This is a bounded computational sample. It does not prove the complete associate-class structure of the infinite monoid.
3311,12134/243,1,12134/243,1,mixed_fraction,This is a bounded computational sample. It does not prove the complete associate-class structure of the infinite monoid.
3312,12136/243,1,12136/243,1,mixed_fraction,This is a bounded computational sample. It does not prove the complete associate-class structure of the infinite monoid.
3313,12139/243,1,12139/243,1,mixed_fraction,This is a bounded computational sample. It does not prove the complete associate-class structure of the infinite monoid.
3314,12140/243,1,12140/243,1,mixed_fraction,This is a bounded computational sample. It does not prove the complete associate-class structure of the infinite monoid.
3315,12143/243,1,12143/243,1,mixed_fraction,This is a bounded computational sample. It does not prove the complete associate-class structure of the infinite monoid.
3316,12148/243,1,12148/243,1,mixed_fraction,This is a bounded computational sample. It does not prove the complete associate-class structure of the infinite monoid.
3317,12160/243,1,12160/243,1,mixed_fraction,This is a bounded computational sample. It does not prove the complete associate-class structure of the infinite monoid.
3318,12161/243,1,12161/243,1,mixed_fraction,This is a bounded computational sample. It does not prove the complete associate-class structure of the infinite monoid.
3319,12166/243,1,12166/243,1,mixed_fraction,This is a bounded computational sample. It does not prove the complete associate-class structure of the infinite monoid.
3320,12175/243,1,12175/243,1,mixed_fraction,This is a bounded computational sample. It does not prove the complete associate-class structure of the infinite monoid.
3321,12176/243,1,12176/243,1,mixed_fraction,This is a bounded computational sample. It does not prove the complete associate-class structure of the infinite monoid.
3322,12178/243,1,12178/243,1,mixed_fraction,This is a bounded computational sample. It does not prove the complete associate-class structure of the infinite monoid.
3323,12184/243,1,12184/243,1,mixed_fraction,This is a bounded computational sample. It does not prove the complete associate-class structure of the infinite monoid.
3324,12190/243,1,12190/243,1,mixed_fraction,This is a bounded computational sample. It does not prove the complete associate-class structure of the infinite monoid.
3325,12194/243,1,12194/243,1,mixed_fraction,This is a bounded computational sample. It does not prove the complete associate-class structure of the infinite monoid.
3326,12203/243,1,12203/243,1,mixed_fraction,This is a bounded computational sample. It does not prove the complete associate-class structure of the infinite monoid.
3327,12205/243,1,12205/243,1,mixed_fraction,This is a bounded computational sample. It does not prove the complete associate-class structure of the infinite monoid.
3328,12211/243,1,12211/243,1,mixed_fraction,This is a bounded computational sample. It does not prove the complete associate-class structure of the infinite monoid.
3329,12214/243,1,12214/243,1,mixed_fraction,This is a bounded computational sample. It does not prove the complete associate-class structure of the infinite monoid.
3330,12215/243,1,12215/243,1,mixed_fraction,This is a bounded computational sample. It does not prove the complete associate-class structure of the infinite monoid.
3331,12221/243,1,12221/243,1,mixed_fraction,This is a bounded computational sample. It does not prove the complete associate-class structure of the infinite monoid.
3332,12226/243,1,12226/243,1,mixed_fraction,This is a bounded computational sample. It does not prove the complete associate-class structure of the infinite monoid.
3333,12229/243,1,12229/243,1,mixed_fraction,This is a bounded computational sample. It does not prove the complete associate-class structure of the infinite monoid.
3334,12233/243,1,12233/243,1,mixed_fraction,This is a bounded computational sample. It does not prove the complete associate-class structure of the infinite monoid.
3335,12241/243,1,12241/243,1,mixed_fraction,This is a bounded computational sample. It does not prove the complete associate-class structure of the infinite monoid.
3336,12244/243,1,12244/243,1,mixed_fraction,This is a bounded computational sample. It does not prove the complete associate-class structure of the infinite monoid.
3337,12248/243,1,12248/243,1,mixed_fraction,This is a bounded computational sample. It does not prove the complete associate-class structure of the infinite monoid.
3338,12250/243,1,12250/243,1,mixed_fraction,This is a bounded computational sample. It does not prove the complete associate-class structure of the infinite monoid.
3339,12251/243,1,12251/243,1,mixed_fraction,This is a bounded computational sample. It does not prove the complete associate-class structure of the infinite monoid.
3340,12259/243,1,12259/243,1,mixed_fraction,This is a bounded computational sample. It does not prove the complete associate-class structure of the infinite monoid.
3341,12265/243,1,12265/243,1,mixed_fraction,This is a bounded computational sample. It does not prove the complete associate-class structure of the infinite monoid.
3342,12268/243,1,12268/243,1,mixed_fraction,This is a bounded computational sample. It does not prove the complete associate-class structure of the infinite monoid.
3343,12271/243,1,12271/243,1,mixed_fraction,This is a bounded computational sample. It does not prove the complete associate-class structure of the infinite monoid.
3344,12275/243,1,12275/243,1,mixed_fraction,This is a bounded computational sample. It does not prove the complete associate-class structure of the infinite monoid.
3345,12278/243,1,12278/243,1,mixed_fraction,This is a bounded computational sample. It does not prove the complete associate-class structure of the infinite monoid.
3346,12280/243,1,12280/243,1,mixed_fraction,This is a bounded computational sample. It does not prove the complete associate-class structure of the infinite monoid.
3347,12284/243,1,12284/243,1,mixed_fraction,This is a bounded computational sample. It does not prove the complete associate-class structure of the infinite monoid.
3348,12286/243,1,12286/243,1,mixed_fraction,This is a bounded computational sample. It does not prove the complete associate-class structure of the infinite monoid.
3349,12296/243,1,12296/243,1,mixed_fraction,This is a bounded computational sample. It does not prove the complete associate-class structure of the infinite monoid.
3350,12298/243,1,12298/243,1,mixed_fraction,This is a bounded computational sample. It does not prove the complete associate-class structure of the infinite monoid.
3351,12301/243,1,12301/243,1,mixed_fraction,This is a bounded computational sample. It does not prove the complete associate-class structure of the infinite monoid.
3352,12305/243,1,12305/243,1,mixed_fraction,This is a bounded computational sample. It does not prove the complete associate-class structure of the infinite monoid.
3353,12310/243,1,12310/243,1,mixed_fraction,This is a bounded computational sample. It does not prove the complete associate-class structure of the infinite monoid.
3354,12314/243,1,12314/243,1,mixed_fraction,This is a bounded computational sample. It does not prove the complete associate-class structure of the infinite monoid.
3355,12319/243,1,12319/243,1,mixed_fraction,This is a bounded computational sample. It does not prove the complete associate-class structure of the infinite monoid.
3356,12323/243,1,12323/243,1,mixed_fraction,This is a bounded computational sample. It does not prove the complete associate-class structure of the infinite monoid.
3357,12328/243,1,12328/243,1,mixed_fraction,This is a bounded computational sample. It does not prove the complete associate-class structure of the infinite monoid.
3358,12329/243,1,12329/243,1,mixed_fraction,This is a bounded computational sample. It does not prove the complete associate-class structure of the infinite monoid.
3359,12340/243,1,12340/243,1,mixed_fraction,This is a bounded computational sample. It does not prove the complete associate-class structure of the infinite monoid.
3360,12344/243,1,12344/243,1,mixed_fraction,This is a bounded computational sample. It does not prove the complete associate-class structure of the infinite monoid.
3361,12346/243,1,12346/243,1,mixed_fraction,This is a bounded computational sample. It does not prove the complete associate-class structure of the infinite monoid.
3362,12350/243,1,12350/243,1,mixed_fraction,This is a bounded computational sample. It does not prove the complete associate-class structure of the infinite monoid.
3363,12359/243,1,12359/243,1,mixed_fraction,This is a bounded computational sample. It does not prove the complete associate-class structure of the infinite monoid.
3364,12361/243,1,12361/243,1,mixed_fraction,This is a bounded computational sample. It does not prove the complete associate-class structure of the infinite monoid.
3365,12365/243,1,12365/243,1,mixed_fraction,This is a bounded computational sample. It does not prove the complete associate-class structure of the infinite monoid.
3366,12368/243,1,12368/243,1,mixed_fraction,This is a bounded computational sample. It does not prove the complete associate-class structure of the infinite monoid.
3367,12373/243,1,12373/243,1,mixed_fraction,This is a bounded computational sample. It does not prove the complete associate-class structure of the infinite monoid.
3368,12376/243,1,12376/243,1,mixed_fraction,This is a bounded computational sample. It does not prove the complete associate-class structure of the infinite monoid.
3369,12379/243,1,12379/243,1,mixed_fraction,This is a bounded computational sample. It does not prove the complete associate-class structure of the infinite monoid.
3370,12383/243,1,12383/243,1,mixed_fraction,This is a bounded computational sample. It does not prove the complete associate-class structure of the infinite monoid.
3371,12386/243,1,12386/243,1,mixed_fraction,This is a bounded computational sample. It does not prove the complete associate-class structure of the infinite monoid.
3372,12391/243,1,12391/243,1,mixed_fraction,This is a bounded computational sample. It does not prove the complete associate-class structure of the infinite monoid.
3373,12400/243,1,12400/243,1,mixed_fraction,This is a bounded computational sample. It does not prove the complete associate-class structure of the infinite monoid.
3374,12403/243,1,12403/243,1,mixed_fraction,This is a bounded computational sample. It does not prove the complete associate-class structure of the infinite monoid.
3375,12404/243,1,12404/243,1,mixed_fraction,This is a bounded computational sample. It does not prove the complete associate-class structure of the infinite monoid.
3376,12409/243,1,12409/243,1,mixed_fraction,This is a bounded computational sample. It does not prove the complete associate-class structure of the infinite monoid.
3377,12410/243,1,12410/243,1,mixed_fraction,This is a bounded computational sample. It does not prove the complete associate-class structure of the infinite monoid.
3378,12418/243,1,12418/243,1,mixed_fraction,This is a bounded computational sample. It does not prove the complete associate-class structure of the infinite monoid.
3379,12419/243,1,12419/243,1,mixed_fraction,This is a bounded computational sample. It does not prove the complete associate-class structure of the infinite monoid.
3380,12421/243,1,12421/243,1,mixed_fraction,This is a bounded computational sample. It does not prove the complete associate-class structure of the infinite monoid.
3381,12430/243,1,12430/243,1,mixed_fraction,This is a bounded computational sample. It does not prove the complete associate-class structure of the infinite monoid.
3382,12433/243,1,12433/243,1,mixed_fraction,This is a bounded computational sample. It does not prove the complete associate-class structure of the infinite monoid.
3383,12440/243,1,12440/243,1,mixed_fraction,This is a bounded computational sample. It does not prove the complete associate-class structure of the infinite monoid.
3384,12446/243,1,12446/243,1,mixed_fraction,This is a bounded computational sample. It does not prove the complete associate-class structure of the infinite monoid.
3385,12448/243,1,12448/243,1,mixed_fraction,This is a bounded computational sample. It does not prove the complete associate-class structure of the infinite monoid.
3386,12454/243,1,12454/243,1,mixed_fraction,This is a bounded computational sample. It does not prove the complete associate-class structure of the infinite monoid.
3387,12458/243,1,12458/243,1,mixed_fraction,This is a bounded computational sample. It does not prove the complete associate-class structure of the infinite monoid.
3388,12460/243,1,12460/243,1,mixed_fraction,This is a bounded computational sample. It does not prove the complete associate-class structure of the infinite monoid.
3389,12464/243,1,12464/243,1,mixed_fraction,This is a bounded computational sample. It does not prove the complete associate-class structure of the infinite monoid.
3390,12469/243,1,12469/243,1,mixed_fraction,This is a bounded computational sample. It does not prove the complete associate-class structure of the infinite monoid.
3391,12475/243,1,12475/243,1,mixed_fraction,This is a bounded computational sample. It does not prove the complete associate-class structure of the infinite monoid.
3392,12476/243,1,12476/243,1,mixed_fraction,This is a bounded computational sample. It does not prove the complete associate-class structure of the infinite monoid.
3393,12484/243,1,12484/243,1,mixed_fraction,This is a bounded computational sample. It does not prove the complete associate-class structure of the infinite monoid.
3394,12485/243,1,12485/243,1,mixed_fraction,This is a bounded computational sample. It does not prove the complete associate-class structure of the infinite monoid.
3395,12490/243,1,12490/243,1,mixed_fraction,This is a bounded computational sample. It does not prove the complete associate-class structure of the infinite monoid.
3396,12491/243,1,12491/243,1,mixed_fraction,This is a bounded computational sample. It does not prove the complete associate-class structure of the infinite monoid.
3397,12493/243,1,12493/243,1,mixed_fraction,This is a bounded computational sample. It does not prove the complete associate-class structure of the infinite monoid.
3398,12494/243,1,12494/243,1,mixed_fraction,This is a bounded computational sample. It does not prove the complete associate-class structure of the infinite monoid.
3399,12508/243,1,12508/243,1,mixed_fraction,This is a bounded computational sample. It does not prove the complete associate-class structure of the infinite monoid.
3400,12511/243,1,12511/243,1,mixed_fraction,This is a bounded computational sample. It does not prove the complete associate-class structure of the infinite monoid.
3401,12514/243,1,12514/243,1,mixed_fraction,This is a bounded computational sample. It does not prove the complete associate-class structure of the infinite monoid.
3402,12518/243,1,12518/243,1,mixed_fraction,This is a bounded computational sample. It does not prove the complete associate-class structure of the infinite monoid.
3403,12521/243,1,12521/243,1,mixed_fraction,This is a bounded computational sample. It does not prove the complete associate-class structure of the infinite monoid.
3404,12523/243,1,12523/243,1,mixed_fraction,This is a bounded computational sample. It does not prove the complete associate-class structure of the infinite monoid.
3405,12529/243,1,12529/243,1,mixed_fraction,This is a bounded computational sample. It does not prove the complete associate-class structure of the infinite monoid.
3406,12530/243,1,12530/243,1,mixed_fraction,This is a bounded computational sample. It does not prove the complete associate-class structure of the infinite monoid.
3407,12535/243,1,12535/243,1,mixed_fraction,This is a bounded computational sample. It does not prove the complete associate-class structure of the infinite monoid.
3408,12539/243,1,12539/243,1,mixed_fraction,This is a bounded computational sample. It does not prove the complete associate-class structure of the infinite monoid.
3409,12541/243,1,12541/243,1,mixed_fraction,This is a bounded computational sample. It does not prove the complete associate-class structure of the infinite monoid.
3410,12544/243,1,12544/243,1,mixed_fraction,This is a bounded computational sample. It does not prove the complete associate-class structure of the infinite monoid.
3411,12548/243,1,12548/243,1,mixed_fraction,This is a bounded computational sample. It does not prove the complete associate-class structure of the infinite monoid.
3412,12550/243,1,12550/243,1,mixed_fraction,This is a bounded computational sample. It does not prove the complete associate-class structure of the infinite monoid.
3413,12553/243,1,12553/243,1,mixed_fraction,This is a bounded computational sample. It does not prove the complete associate-class structure of the infinite monoid.
3414,12565/243,1,12565/243,1,mixed_fraction,This is a bounded computational sample. It does not prove the complete associate-class structure of the infinite monoid.
3415,12566/243,1,12566/243,1,mixed_fraction,This is a bounded computational sample. It does not prove the complete associate-class structure of the infinite monoid.
3416,12571/243,1,12571/243,1,mixed_fraction,This is a bounded computational sample. It does not prove the complete associate-class structure of the infinite monoid.
3417,12580/243,1,12580/243,1,mixed_fraction,This is a bounded computational sample. It does not prove the complete associate-class structure of the infinite monoid.
3418,12583/243,1,12583/243,1,mixed_fraction,This is a bounded computational sample. It does not prove the complete associate-class structure of the infinite monoid.
3419,12589/243,1,12589/243,1,mixed_fraction,This is a bounded computational sample. It does not prove the complete associate-class structure of the infinite monoid.
3420,12593/243,1,12593/243,1,mixed_fraction,This is a bounded computational sample. It does not prove the complete associate-class structure of the infinite monoid.
3421,12604/243,1,12604/243,1,mixed_fraction,This is a bounded computational sample. It does not prove the complete associate-class structure of the infinite monoid.
3422,12608/243,1,12608/243,1,mixed_fraction,This is a bounded computational sample. It does not prove the complete associate-class structure of the infinite monoid.
3423,12610/243,1,12610/243,1,mixed_fraction,This is a bounded computational sample. It does not prove the complete associate-class structure of the infinite monoid.
3424,12611/243,1,12611/243,1,mixed_fraction,This is a bounded computational sample. It does not prove the complete associate-class structure of the infinite monoid.
3425,12616/243,1,12616/243,1,mixed_fraction,This is a bounded computational sample. It does not prove the complete associate-class structure of the infinite monoid.
3426,12619/243,1,12619/243,1,mixed_fraction,This is a bounded computational sample. It does not prove the complete associate-class structure of the infinite monoid.
3427,12626/243,1,12626/243,1,mixed_fraction,This is a bounded computational sample. It does not prove the complete associate-class structure of the infinite monoid.
3428,12629/243,1,12629/243,1,mixed_fraction,This is a bounded computational sample. It does not prove the complete associate-class structure of the infinite monoid.
3429,12634/243,1,12634/243,1,mixed_fraction,This is a bounded computational sample. It does not prove the complete associate-class structure of the infinite monoid.
3430,12643/243,1,12643/243,1,mixed_fraction,This is a bounded computational sample. It does not prove the complete associate-class structure of the infinite monoid.
3431,12646/243,1,12646/243,1,mixed_fraction,This is a bounded computational sample. It does not prove the complete associate-class structure of the infinite monoid.
3432,12653/243,1,12653/243,1,mixed_fraction,This is a bounded computational sample. It does not prove the complete associate-class structure of the infinite monoid.
3433,12655/243,1,12655/243,1,mixed_fraction,This is a bounded computational sample. It does not prove the complete associate-class structure of the infinite monoid.
3434,12661/243,1,12661/243,1,mixed_fraction,This is a bounded computational sample. It does not prove the complete associate-class structure of the infinite monoid.
3435,12664/243,1,12664/243,1,mixed_fraction,This is a bounded computational sample. It does not prove the complete associate-class structure of the infinite monoid.
3436,12673/243,1,12673/243,1,mixed_fraction,This is a bounded computational sample. It does not prove the complete associate-class structure of the infinite monoid.
3437,12676/243,1,12676/243,1,mixed_fraction,This is a bounded computational sample. It does not prove the complete associate-class structure of the infinite monoid.
3438,12680/243,1,12680/243,1,mixed_fraction,This is a bounded computational sample. It does not prove the complete associate-class structure of the infinite monoid.
3439,12683/243,1,12683/243,1,mixed_fraction,This is a bounded computational sample. It does not prove the complete associate-class structure of the infinite monoid.
3440,12685/243,1,12685/243,1,mixed_fraction,This is a bounded computational sample. It does not prove the complete associate-class structure of the infinite monoid.
3441,12689/243,1,12689/243,1,mixed_fraction,This is a bounded computational sample. It does not prove the complete associate-class structure of the infinite monoid.
3442,12691/243,1,12691/243,1,mixed_fraction,This is a bounded computational sample. It does not prove the complete associate-class structure of the infinite monoid.
3443,12701/243,1,12701/243,1,mixed_fraction,This is a bounded computational sample. It does not prove the complete associate-class structure of the infinite monoid.
3444,12703/243,1,12703/243,1,mixed_fraction,This is a bounded computational sample. It does not prove the complete associate-class structure of the infinite monoid.
3445,12710/243,1,12710/243,1,mixed_fraction,This is a bounded computational sample. It does not prove the complete associate-class structure of the infinite monoid.
3446,12715/243,1,12715/243,1,mixed_fraction,This is a bounded computational sample. It does not prove the complete associate-class structure of the infinite monoid.
3447,12718/243,1,12718/243,1,mixed_fraction,This is a bounded computational sample. It does not prove the complete associate-class structure of the infinite monoid.
3448,12719/243,1,12719/243,1,mixed_fraction,This is a bounded computational sample. It does not prove the complete associate-class structure of the infinite monoid.
3449,12728/243,1,12728/243,1,mixed_fraction,This is a bounded computational sample. It does not prove the complete associate-class structure of the infinite monoid.
3450,12733/243,1,12733/243,1,mixed_fraction,This is a bounded computational sample. It does not prove the complete associate-class structure of the infinite monoid.
3451,12734/243,1,12734/243,1,mixed_fraction,This is a bounded computational sample. It does not prove the complete associate-class structure of the infinite monoid.
3452,12736/243,1,12736/243,1,mixed_fraction,This is a bounded computational sample. It does not prove the complete associate-class structure of the infinite monoid.
3453,12751/243,1,12751/243,1,mixed_fraction,This is a bounded computational sample. It does not prove the complete associate-class structure of the infinite monoid.
3454,12754/243,1,12754/243,1,mixed_fraction,This is a bounded computational sample. It does not prove the complete associate-class structure of the infinite monoid.
3455,12755/243,1,12755/243,1,mixed_fraction,This is a bounded computational sample. It does not prove the complete associate-class structure of the infinite monoid.
3456,12761/243,1,12761/243,1,mixed_fraction,This is a bounded computational sample. It does not prove the complete associate-class structure of the infinite monoid.
3457,12764/243,1,12764/243,1,mixed_fraction,This is a bounded computational sample. It does not prove the complete associate-class structure of the infinite monoid.
3458,12766/243,1,12766/243,1,mixed_fraction,This is a bounded computational sample. It does not prove the complete associate-class structure of the infinite monoid.
3459,12773/243,1,12773/243,1,mixed_fraction,This is a bounded computational sample. It does not prove the complete associate-class structure of the infinite monoid.
3460,12778/243,1,12778/243,1,mixed_fraction,This is a bounded computational sample. It does not prove the complete associate-class structure of the infinite monoid.
3461,12784/243,1,12784/243,1,mixed_fraction,This is a bounded computational sample. It does not prove the complete associate-class structure of the infinite monoid.
3462,12791/243,1,12791/243,1,mixed_fraction,This is a bounded computational sample. It does not prove the complete associate-class structure of the infinite monoid.
3463,12793/243,1,12793/243,1,mixed_fraction,This is a bounded computational sample. It does not prove the complete associate-class structure of the infinite monoid.
3464,12796/243,1,12796/243,1,mixed_fraction,This is a bounded computational sample. It does not prove the complete associate-class structure of the infinite monoid.
3465,12800/243,1,12800/243,1,mixed_fraction,This is a bounded computational sample. It does not prove the complete associate-class structure of the infinite monoid.
3466,12805/243,1,12805/243,1,mixed_fraction,This is a bounded computational sample. It does not prove the complete associate-class structure of the infinite monoid.
3467,12808/243,1,12808/243,1,mixed_fraction,This is a bounded computational sample. It does not prove the complete associate-class structure of the infinite monoid.
3468,12809/243,1,12809/243,1,mixed_fraction,This is a bounded computational sample. It does not prove the complete associate-class structure of the infinite monoid.
3469,12814/243,1,12814/243,1,mixed_fraction,This is a bounded computational sample. It does not prove the complete associate-class structure of the infinite monoid.
3470,12815/243,1,12815/243,1,mixed_fraction,This is a bounded computational sample. It does not prove the complete associate-class structure of the infinite monoid.
3471,12823/243,1,12823/243,1,mixed_fraction,This is a bounded computational sample. It does not prove the complete associate-class structure of the infinite monoid.
3472,12826/243,1,12826/243,1,mixed_fraction,This is a bounded computational sample. It does not prove the complete associate-class structure of the infinite monoid.
3473,12835/243,1,12835/243,1,mixed_fraction,This is a bounded computational sample. It does not prove the complete associate-class structure of the infinite monoid.
3474,12836/243,1,12836/243,1,mixed_fraction,This is a bounded computational sample. It does not prove the complete associate-class structure of the infinite monoid.
3475,12850/243,1,12850/243,1,mixed_fraction,This is a bounded computational sample. It does not prove the complete associate-class structure of the infinite monoid.
3476,12851/243,1,12851/243,1,mixed_fraction,This is a bounded computational sample. It does not prove the complete associate-class structure of the infinite monoid.
3477,12853/243,1,12853/243,1,mixed_fraction,This is a bounded computational sample. It does not prove the complete associate-class structure of the infinite monoid.
3478,12854/243,1,12854/243,1,mixed_fraction,This is a bounded computational sample. It does not prove the complete associate-class structure of the infinite monoid.
3479,12859/243,1,12859/243,1,mixed_fraction,This is a bounded computational sample. It does not prove the complete associate-class structure of the infinite monoid.
3480,12865/243,1,12865/243,1,mixed_fraction,This is a bounded computational sample. It does not prove the complete associate-class structure of the infinite monoid.
3481,12869/243,1,12869/243,1,mixed_fraction,This is a bounded computational sample. It does not prove the complete associate-class structure of the infinite monoid.
3482,12880/243,1,12880/243,1,mixed_fraction,This is a bounded computational sample. It does not prove the complete associate-class structure of the infinite monoid.
3483,12886/243,1,12886/243,1,mixed_fraction,This is a bounded computational sample. It does not prove the complete associate-class structure of the infinite monoid.
3484,12889/243,1,12889/243,1,mixed_fraction,This is a bounded computational sample. It does not prove the complete associate-class structure of the infinite monoid.
3485,12890/243,1,12890/243,1,mixed_fraction,This is a bounded computational sample. It does not prove the complete associate-class structure of the infinite monoid.
3486,12896/243,1,12896/243,1,mixed_fraction,This is a bounded computational sample. It does not prove the complete associate-class structure of the infinite monoid.
3487,12898/243,1,12898/243,1,mixed_fraction,This is a bounded computational sample. It does not prove the complete associate-class structure of the infinite monoid.
3488,12904/243,1,12904/243,1,mixed_fraction,This is a bounded computational sample. It does not prove the complete associate-class structure of the infinite monoid.
3489,12916/243,1,12916/243,1,mixed_fraction,This is a bounded computational sample. It does not prove the complete associate-class structure of the infinite monoid.
3490,12919/243,1,12919/243,1,mixed_fraction,This is a bounded computational sample. It does not prove the complete associate-class structure of the infinite monoid.
3491,12923/243,1,12923/243,1,mixed_fraction,This is a bounded computational sample. It does not prove the complete associate-class structure of the infinite monoid.
3492,12925/243,1,12925/243,1,mixed_fraction,This is a bounded computational sample. It does not prove the complete associate-class structure of the infinite monoid.
3493,12926/243,1,12926/243,1,mixed_fraction,This is a bounded computational sample. It does not prove the complete associate-class structure of the infinite monoid.
3494,12928/243,1,12928/243,1,mixed_fraction,This is a bounded computational sample. It does not prove the complete associate-class structure of the infinite monoid.
3495,12934/243,1,12934/243,1,mixed_fraction,This is a bounded computational sample. It does not prove the complete associate-class structure of the infinite monoid.
3496,12935/243,1,12935/243,1,mixed_fraction,This is a bounded computational sample. It does not prove the complete associate-class structure of the infinite monoid.
3497,12940/243,1,12940/243,1,mixed_fraction,This is a bounded computational sample. It does not prove the complete associate-class structure of the infinite monoid.
3498,12944/243,1,12944/243,1,mixed_fraction,This is a bounded computational sample. It does not prove the complete associate-class structure of the infinite monoid.
3499,12946/243,1,12946/243,1,mixed_fraction,This is a bounded computational sample. It does not prove the complete associate-class structure of the infinite monoid.
3500,12953/243,1,12953/243,1,mixed_fraction,This is a bounded computational sample. It does not prove the complete associate-class structure of the infinite monoid.
3501,12955/243,1,12955/243,1,mixed_fraction,This is a bounded computational sample. It does not prove the complete associate-class structure of the infinite monoid.
3502,12958/243,1,12958/243,1,mixed_fraction,This is a bounded computational sample. It does not prove the complete associate-class structure of the infinite monoid.
3503,12961/243,1,12961/243,1,mixed_fraction,This is a bounded computational sample. It does not prove the complete associate-class structure of the infinite monoid.
3504,12971/243,1,12971/243,1,mixed_fraction,This is a bounded computational sample. It does not prove the complete associate-class structure of the infinite monoid.
3505,12976/243,1,12976/243,1,mixed_fraction,This is a bounded computational sample. It does not prove the complete associate-class structure of the infinite monoid.
3506,12979/243,1,12979/243,1,mixed_fraction,This is a bounded computational sample. It does not prove the complete associate-class structure of the infinite monoid.
3507,12985/243,1,12985/243,1,mixed_fraction,This is a bounded computational sample. It does not prove the complete associate-class structure of the infinite monoid.
3508,12994/243,1,12994/243,1,mixed_fraction,This is a bounded computational sample. It does not prove the complete associate-class structure of the infinite monoid.
3509,12998/243,1,12998/243,1,mixed_fraction,This is a bounded computational sample. It does not prove the complete associate-class structure of the infinite monoid.
3510,13000/243,1,13000/243,1,mixed_fraction,This is a bounded computational sample. It does not prove the complete associate-class structure of the infinite monoid.
3511,13004/243,1,13004/243,1,mixed_fraction,This is a bounded computational sample. It does not prove the complete associate-class structure of the infinite monoid.
3512,13009/243,1,13009/243,1,mixed_fraction,This is a bounded computational sample. It does not prove the complete associate-class structure of the infinite monoid.
3513,13015/243,1,13015/243,1,mixed_fraction,This is a bounded computational sample. It does not prove the complete associate-class structure of the infinite monoid.
3514,13016/243,1,13016/243,1,mixed_fraction,This is a bounded computational sample. It does not prove the complete associate-class structure of the infinite monoid.
3515,13021/243,1,13021/243,1,mixed_fraction,This is a bounded computational sample. It does not prove the complete associate-class structure of the infinite monoid.
3516,13025/243,1,13025/243,1,mixed_fraction,This is a bounded computational sample. It does not prove the complete associate-class structure of the infinite monoid.
3517,13034/243,1,13034/243,1,mixed_fraction,This is a bounded computational sample. It does not prove the complete associate-class structure of the infinite monoid.
3518,13036/243,1,13036/243,1,mixed_fraction,This is a bounded computational sample. It does not prove the complete associate-class structure of the infinite monoid.
3519,13039/243,1,13039/243,1,mixed_fraction,This is a bounded computational sample. It does not prove the complete associate-class structure of the infinite monoid.
3520,13043/243,1,13043/243,1,mixed_fraction,This is a bounded computational sample. It does not prove the complete associate-class structure of the infinite monoid.
3521,13048/243,1,13048/243,1,mixed_fraction,This is a bounded computational sample. It does not prove the complete associate-class structure of the infinite monoid.
3522,13051/243,1,13051/243,1,mixed_fraction,This is a bounded computational sample. It does not prove the complete associate-class structure of the infinite monoid.
3523,13058/243,1,13058/243,1,mixed_fraction,This is a bounded computational sample. It does not prove the complete associate-class structure of the infinite monoid.
3524,13060/243,1,13060/243,1,mixed_fraction,This is a bounded computational sample. It does not prove the complete associate-class structure of the infinite monoid.
3525,13066/243,1,13066/243,1,mixed_fraction,This is a bounded computational sample. It does not prove the complete associate-class structure of the infinite monoid.
3526,13069/243,1,13069/243,1,mixed_fraction,This is a bounded computational sample. It does not prove the complete associate-class structure of the infinite monoid.
3527,13078/243,1,13078/243,1,mixed_fraction,This is a bounded computational sample. It does not prove the complete associate-class structure of the infinite monoid.
3528,13079/243,1,13079/243,1,mixed_fraction,This is a bounded computational sample. It does not prove the complete associate-class structure of the infinite monoid.
3529,13085/243,1,13085/243,1,mixed_fraction,This is a bounded computational sample. It does not prove the complete associate-class structure of the infinite monoid.
3530,13090/243,1,13090/243,1,mixed_fraction,This is a bounded computational sample. It does not prove the complete associate-class structure of the infinite monoid.
3531,13093/243,1,13093/243,1,mixed_fraction,This is a bounded computational sample. It does not prove the complete associate-class structure of the infinite monoid.
3532,13094/243,1,13094/243,1,mixed_fraction,This is a bounded computational sample. It does not prove the complete associate-class structure of the infinite monoid.
3533,13096/243,1,13096/243,1,mixed_fraction,This is a bounded computational sample. It does not prove the complete associate-class structure of the infinite monoid.
3534,13108/243,1,13108/243,1,mixed_fraction,This is a bounded computational sample. It does not prove the complete associate-class structure of the infinite monoid.
3535,13115/243,1,13115/243,1,mixed_fraction,This is a bounded computational sample. It does not prove the complete associate-class structure of the infinite monoid.
3536,13123/243,1,13123/243,1,mixed_fraction,This is a bounded computational sample. It does not prove the complete associate-class structure of the infinite monoid.
3537,13129/243,1,13129/243,1,mixed_fraction,This is a bounded computational sample. It does not prove the complete associate-class structure of the infinite monoid.
3538,13133/243,1,13133/243,1,mixed_fraction,This is a bounded computational sample. It does not prove the complete associate-class structure of the infinite monoid.
3539,13139/243,1,13139/243,1,mixed_fraction,This is a bounded computational sample. It does not prove the complete associate-class structure of the infinite monoid.
3540,13141/243,1,13141/243,1,mixed_fraction,This is a bounded computational sample. It does not prove the complete associate-class structure of the infinite monoid.
3541,13150/243,1,13150/243,1,mixed_fraction,This is a bounded computational sample. It does not prove the complete associate-class structure of the infinite monoid.
3542,13159/243,1,13159/243,1,mixed_fraction,This is a bounded computational sample. It does not prove the complete associate-class structure of the infinite monoid.
3543,13160/243,1,13160/243,1,mixed_fraction,This is a bounded computational sample. It does not prove the complete associate-class structure of the infinite monoid.
3544,13166/243,1,13166/243,1,mixed_fraction,This is a bounded computational sample. It does not prove the complete associate-class structure of the infinite monoid.
3545,13168/243,1,13168/243,1,mixed_fraction,This is a bounded computational sample. It does not prove the complete associate-class structure of the infinite monoid.
3546,13169/243,1,13169/243,1,mixed_fraction,This is a bounded computational sample. It does not prove the complete associate-class structure of the infinite monoid.
3547,13171/243,1,13171/243,1,mixed_fraction,This is a bounded computational sample. It does not prove the complete associate-class structure of the infinite monoid.
3548,13178/243,1,13178/243,1,mixed_fraction,This is a bounded computational sample. It does not prove the complete associate-class structure of the infinite monoid.
3549,13183/243,1,13183/243,1,mixed_fraction,This is a bounded computational sample. It does not prove the complete associate-class structure of the infinite monoid.
3550,13189/243,1,13189/243,1,mixed_fraction,This is a bounded computational sample. It does not prove the complete associate-class structure of the infinite monoid.
3551,13196/243,1,13196/243,1,mixed_fraction,This is a bounded computational sample. It does not prove the complete associate-class structure of the infinite monoid.
3552,13198/243,1,13198/243,1,mixed_fraction,This is a bounded computational sample. It does not prove the complete associate-class structure of the infinite monoid.
3553,13201/243,1,13201/243,1,mixed_fraction,This is a bounded computational sample. It does not prove the complete associate-class structure of the infinite monoid.
3554,13204/243,1,13204/243,1,mixed_fraction,This is a bounded computational sample. It does not prove the complete associate-class structure of the infinite monoid.
3555,13205/243,1,13205/243,1,mixed_fraction,This is a bounded computational sample. It does not prove the complete associate-class structure of the infinite monoid.
3556,13210/243,1,13210/243,1,mixed_fraction,This is a bounded computational sample. It does not prove the complete associate-class structure of the infinite monoid.
3557,13214/243,1,13214/243,1,mixed_fraction,This is a bounded computational sample. It does not prove the complete associate-class structure of the infinite monoid.
3558,13219/243,1,13219/243,1,mixed_fraction,This is a bounded computational sample. It does not prove the complete associate-class structure of the infinite monoid.
3559,13225/243,1,13225/243,1,mixed_fraction,This is a bounded computational sample. It does not prove the complete associate-class structure of the infinite monoid.
3560,13228/243,1,13228/243,1,mixed_fraction,This is a bounded computational sample. It does not prove the complete associate-class structure of the infinite monoid.
3561,13240/243,1,13240/243,1,mixed_fraction,This is a bounded computational sample. It does not prove the complete associate-class structure of the infinite monoid.
3562,13241/243,1,13241/243,1,mixed_fraction,This is a bounded computational sample. It does not prove the complete associate-class structure of the infinite monoid.
3563,13243/243,1,13243/243,1,mixed_fraction,This is a bounded computational sample. It does not prove the complete associate-class structure of the infinite monoid.
3564,13255/243,1,13255/243,1,mixed_fraction,This is a bounded computational sample. It does not prove the complete associate-class structure of the infinite monoid.
3565,13258/243,1,13258/243,1,mixed_fraction,This is a bounded computational sample. It does not prove the complete associate-class structure of the infinite monoid.
3566,13259/243,1,13259/243,1,mixed_fraction,This is a bounded computational sample. It does not prove the complete associate-class structure of the infinite monoid.
3567,13264/243,1,13264/243,1,mixed_fraction,This is a bounded computational sample. It does not prove the complete associate-class structure of the infinite monoid.
3568,13268/243,1,13268/243,1,mixed_fraction,This is a bounded computational sample. It does not prove the complete associate-class structure of the infinite monoid.
3569,13279/243,1,13279/243,1,mixed_fraction,This is a bounded computational sample. It does not prove the complete associate-class structure of the infinite monoid.
3570,13285/243,1,13285/243,1,mixed_fraction,This is a bounded computational sample. It does not prove the complete associate-class structure of the infinite monoid.
3571,13286/243,1,13286/243,1,mixed_fraction,This is a bounded computational sample. It does not prove the complete associate-class structure of the infinite monoid.
3572,13291/243,1,13291/243,1,mixed_fraction,This is a bounded computational sample. It does not prove the complete associate-class structure of the infinite monoid.
3573,13294/243,1,13294/243,1,mixed_fraction,This is a bounded computational sample. It does not prove the complete associate-class structure of the infinite monoid.
3574,13301/243,1,13301/243,1,mixed_fraction,This is a bounded computational sample. It does not prove the complete associate-class structure of the infinite monoid.
3575,13303/243,1,13303/243,1,mixed_fraction,This is a bounded computational sample. It does not prove the complete associate-class structure of the infinite monoid.
3576,13309/243,1,13309/243,1,mixed_fraction,This is a bounded computational sample. It does not prove the complete associate-class structure of the infinite monoid.
3577,13321/243,1,13321/243,1,mixed_fraction,This is a bounded computational sample. It does not prove the complete associate-class structure of the infinite monoid.
3578,13328/243,1,13328/243,1,mixed_fraction,This is a bounded computational sample. It does not prove the complete associate-class structure of the infinite monoid.
3579,13330/243,1,13330/243,1,mixed_fraction,This is a bounded computational sample. It does not prove the complete associate-class structure of the infinite monoid.
3580,13333/243,1,13333/243,1,mixed_fraction,This is a bounded computational sample. It does not prove the complete associate-class structure of the infinite monoid.
3581,13336/243,1,13336/243,1,mixed_fraction,This is a bounded computational sample. It does not prove the complete associate-class structure of the infinite monoid.
3582,13339/243,1,13339/243,1,mixed_fraction,This is a bounded computational sample. It does not prove the complete associate-class structure of the infinite monoid.
3583,13340/243,1,13340/243,1,mixed_fraction,This is a bounded computational sample. It does not prove the complete associate-class structure of the infinite monoid.
3584,13351/243,1,13351/243,1,mixed_fraction,This is a bounded computational sample. It does not prove the complete associate-class structure of the infinite monoid.
3585,13358/243,1,13358/243,1,mixed_fraction,This is a bounded computational sample. It does not prove the complete associate-class structure of the infinite monoid.
3586,13360/243,1,13360/243,1,mixed_fraction,This is a bounded computational sample. It does not prove the complete associate-class structure of the infinite monoid.
3587,13366/243,1,13366/243,1,mixed_fraction,This is a bounded computational sample. It does not prove the complete associate-class structure of the infinite monoid.
3588,13375/243,1,13375/243,1,mixed_fraction,This is a bounded computational sample. It does not prove the complete associate-class structure of the infinite monoid.
3589,13376/243,1,13376/243,1,mixed_fraction,This is a bounded computational sample. It does not prove the complete associate-class structure of the infinite monoid.
3590,13384/243,1,13384/243,1,mixed_fraction,This is a bounded computational sample. It does not prove the complete associate-class structure of the infinite monoid.
3591,13390/243,1,13390/243,1,mixed_fraction,This is a bounded computational sample. It does not prove the complete associate-class structure of the infinite monoid.
3592,13393/243,1,13393/243,1,mixed_fraction,This is a bounded computational sample. It does not prove the complete associate-class structure of the infinite monoid.
3593,13403/243,1,13403/243,1,mixed_fraction,This is a bounded computational sample. It does not prove the complete associate-class structure of the infinite monoid.
3594,13405/243,1,13405/243,1,mixed_fraction,This is a bounded computational sample. It does not prove the complete associate-class structure of the infinite monoid.
3595,13409/243,1,13409/243,1,mixed_fraction,This is a bounded computational sample. It does not prove the complete associate-class structure of the infinite monoid.
3596,13411/243,1,13411/243,1,mixed_fraction,This is a bounded computational sample. It does not prove the complete associate-class structure of the infinite monoid.
3597,13414/243,1,13414/243,1,mixed_fraction,This is a bounded computational sample. It does not prove the complete associate-class structure of the infinite monoid.
3598,13421/243,1,13421/243,1,mixed_fraction,This is a bounded computational sample. It does not prove the complete associate-class structure of the infinite monoid.
3599,13426/243,1,13426/243,1,mixed_fraction,This is a bounded computational sample. It does not prove the complete associate-class structure of the infinite monoid.
3600,13430/243,1,13430/243,1,mixed_fraction,This is a bounded computational sample. It does not prove the complete associate-class structure of the infinite monoid.
3601,13439/243,1,13439/243,1,mixed_fraction,This is a bounded computational sample. It does not prove the complete associate-class structure of the infinite monoid.
3602,13441/243,1,13441/243,1,mixed_fraction,This is a bounded computational sample. It does not prove the complete associate-class structure of the infinite monoid.
3603,13444/243,1,13444/243,1,mixed_fraction,This is a bounded computational sample. It does not prove the complete associate-class structure of the infinite monoid.
3604,13448/243,1,13448/243,1,mixed_fraction,This is a bounded computational sample. It does not prove the complete associate-class structure of the infinite monoid.
3605,13453/243,1,13453/243,1,mixed_fraction,This is a bounded computational sample. It does not prove the complete associate-class structure of the infinite monoid.
3606,13465/243,1,13465/243,1,mixed_fraction,This is a bounded computational sample. It does not prove the complete associate-class structure of the infinite monoid.
3607,13468/243,1,13468/243,1,mixed_fraction,This is a bounded computational sample. It does not prove the complete associate-class structure of the infinite monoid.
3608,13471/243,1,13471/243,1,mixed_fraction,This is a bounded computational sample. It does not prove the complete associate-class structure of the infinite monoid.
3609,13475/243,1,13475/243,1,mixed_fraction,This is a bounded computational sample. It does not prove the complete associate-class structure of the infinite monoid.
3610,13483/243,1,13483/243,1,mixed_fraction,This is a bounded computational sample. It does not prove the complete associate-class structure of the infinite monoid.
3611,13484/243,1,13484/243,1,mixed_fraction,This is a bounded computational sample. It does not prove the complete associate-class structure of the infinite monoid.
3612,13486/243,1,13486/243,1,mixed_fraction,This is a bounded computational sample. It does not prove the complete associate-class structure of the infinite monoid.
3613,13490/243,1,13490/243,1,mixed_fraction,This is a bounded computational sample. It does not prove the complete associate-class structure of the infinite monoid.
3614,13498/243,1,13498/243,1,mixed_fraction,This is a bounded computational sample. It does not prove the complete associate-class structure of the infinite monoid.
3615,13501/243,1,13501/243,1,mixed_fraction,This is a bounded computational sample. It does not prove the complete associate-class structure of the infinite monoid.
3616,13511/243,1,13511/243,1,mixed_fraction,This is a bounded computational sample. It does not prove the complete associate-class structure of the infinite monoid.
3617,13525/243,1,13525/243,1,mixed_fraction,This is a bounded computational sample. It does not prove the complete associate-class structure of the infinite monoid.
3618,13528/243,1,13528/243,1,mixed_fraction,This is a bounded computational sample. It does not prove the complete associate-class structure of the infinite monoid.
3619,13529/243,1,13529/243,1,mixed_fraction,This is a bounded computational sample. It does not prove the complete associate-class structure of the infinite monoid.
3620,13534/243,1,13534/243,1,mixed_fraction,This is a bounded computational sample. It does not prove the complete associate-class structure of the infinite monoid.
3621,13544/243,1,13544/243,1,mixed_fraction,This is a bounded computational sample. It does not prove the complete associate-class structure of the infinite monoid.
3622,13546/243,1,13546/243,1,mixed_fraction,This is a bounded computational sample. It does not prove the complete associate-class structure of the infinite monoid.
3623,13555/243,1,13555/243,1,mixed_fraction,This is a bounded computational sample. It does not prove the complete associate-class structure of the infinite monoid.
3624,13564/243,1,13564/243,1,mixed_fraction,This is a bounded computational sample. It does not prove the complete associate-class structure of the infinite monoid.
3625,13565/243,1,13565/243,1,mixed_fraction,This is a bounded computational sample. It does not prove the complete associate-class structure of the infinite monoid.
3626,13571/243,1,13571/243,1,mixed_fraction,This is a bounded computational sample. It does not prove the complete associate-class structure of the infinite monoid.
3627,13573/243,1,13573/243,1,mixed_fraction,This is a bounded computational sample. It does not prove the complete associate-class structure of the infinite monoid.
3628,13576/243,1,13576/243,1,mixed_fraction,This is a bounded computational sample. It does not prove the complete associate-class structure of the infinite monoid.
3629,13579/243,1,13579/243,1,mixed_fraction,This is a bounded computational sample. It does not prove the complete associate-class structure of the infinite monoid.
3630,13583/243,1,13583/243,1,mixed_fraction,This is a bounded computational sample. It does not prove the complete associate-class structure of the infinite monoid.
3631,13594/243,1,13594/243,1,mixed_fraction,This is a bounded computational sample. It does not prove the complete associate-class structure of the infinite monoid.
3632,13600/243,1,13600/243,1,mixed_fraction,This is a bounded computational sample. It does not prove the complete associate-class structure of the infinite monoid.
3633,13601/243,1,13601/243,1,mixed_fraction,This is a bounded computational sample. It does not prove the complete associate-class structure of the infinite monoid.
3634,13603/243,1,13603/243,1,mixed_fraction,This is a bounded computational sample. It does not prove the complete associate-class structure of the infinite monoid.
3635,13609/243,1,13609/243,1,mixed_fraction,This is a bounded computational sample. It does not prove the complete associate-class structure of the infinite monoid.
3636,13610/243,1,13610/243,1,mixed_fraction,This is a bounded computational sample. It does not prove the complete associate-class structure of the infinite monoid.
3637,13615/243,1,13615/243,1,mixed_fraction,This is a bounded computational sample. It does not prove the complete associate-class structure of the infinite monoid.
3638,13618/243,1,13618/243,1,mixed_fraction,This is a bounded computational sample. It does not prove the complete associate-class structure of the infinite monoid.
3639,13619/243,1,13619/243,1,mixed_fraction,This is a bounded computational sample. It does not prove the complete associate-class structure of the infinite monoid.
3640,13630/243,1,13630/243,1,mixed_fraction,This is a bounded computational sample. It does not prove the complete associate-class structure of the infinite monoid.
3641,13633/243,1,13633/243,1,mixed_fraction,This is a bounded computational sample. It does not prove the complete associate-class structure of the infinite monoid.
3642,13636/243,1,13636/243,1,mixed_fraction,This is a bounded computational sample. It does not prove the complete associate-class structure of the infinite monoid.
3643,13646/243,1,13646/243,1,mixed_fraction,This is a bounded computational sample. It does not prove the complete associate-class structure of the infinite monoid.
3644,13648/243,1,13648/243,1,mixed_fraction,This is a bounded computational sample. It does not prove the complete associate-class structure of the infinite monoid.
3645,13654/243,1,13654/243,1,mixed_fraction,This is a bounded computational sample. It does not prove the complete associate-class structure of the infinite monoid.
3646,13660/243,1,13660/243,1,mixed_fraction,This is a bounded computational sample. It does not prove the complete associate-class structure of the infinite monoid.
3647,13664/243,1,13664/243,1,mixed_fraction,This is a bounded computational sample. It does not prove the complete associate-class structure of the infinite monoid.
3648,13669/243,1,13669/243,1,mixed_fraction,This is a bounded computational sample. It does not prove the complete associate-class structure of the infinite monoid.
3649,13673/243,1,13673/243,1,mixed_fraction,This is a bounded computational sample. It does not prove the complete associate-class structure of the infinite monoid.
3650,13675/243,1,13675/243,1,mixed_fraction,This is a bounded computational sample. It does not prove the complete associate-class structure of the infinite monoid.
3651,13684/243,1,13684/243,1,mixed_fraction,This is a bounded computational sample. It does not prove the complete associate-class structure of the infinite monoid.
3652,13690/243,1,13690/243,1,mixed_fraction,This is a bounded computational sample. It does not prove the complete associate-class structure of the infinite monoid.
3653,13691/243,1,13691/243,1,mixed_fraction,This is a bounded computational sample. It does not prove the complete associate-class structure of the infinite monoid.
3654,13696/243,1,13696/243,1,mixed_fraction,This is a bounded computational sample. It does not prove the complete associate-class structure of the infinite monoid.
3655,13708/243,1,13708/243,1,mixed_fraction,This is a bounded computational sample. It does not prove the complete associate-class structure of the infinite monoid.
3656,13711/243,1,13711/243,1,mixed_fraction,This is a bounded computational sample. It does not prove the complete associate-class structure of the infinite monoid.
3657,13714/243,1,13714/243,1,mixed_fraction,This is a bounded computational sample. It does not prove the complete associate-class structure of the infinite monoid.
3658,13718/243,1,13718/243,1,mixed_fraction,This is a bounded computational sample. It does not prove the complete associate-class structure of the infinite monoid.
3659,13726/243,1,13726/243,1,mixed_fraction,This is a bounded computational sample. It does not prove the complete associate-class structure of the infinite monoid.
3660,13729/243,1,13729/243,1,mixed_fraction,This is a bounded computational sample. It does not prove the complete associate-class structure of the infinite monoid.
3661,13733/243,1,13733/243,1,mixed_fraction,This is a bounded computational sample. It does not prove the complete associate-class structure of the infinite monoid.
3662,13735/243,1,13735/243,1,mixed_fraction,This is a bounded computational sample. It does not prove the complete associate-class structure of the infinite monoid.
3663,13741/243,1,13741/243,1,mixed_fraction,This is a bounded computational sample. It does not prove the complete associate-class structure of the infinite monoid.
3664,13744/243,1,13744/243,1,mixed_fraction,This is a bounded computational sample. It does not prove the complete associate-class structure of the infinite monoid.
3665,13754/243,1,13754/243,1,mixed_fraction,This is a bounded computational sample. It does not prove the complete associate-class structure of the infinite monoid.
3666,13765/243,1,13765/243,1,mixed_fraction,This is a bounded computational sample. It does not prove the complete associate-class structure of the infinite monoid.
3667,13768/243,1,13768/243,1,mixed_fraction,This is a bounded computational sample. It does not prove the complete associate-class structure of the infinite monoid.
3668,13771/243,1,13771/243,1,mixed_fraction,This is a bounded computational sample. It does not prove the complete associate-class structure of the infinite monoid.
3669,13780/243,1,13780/243,1,mixed_fraction,This is a bounded computational sample. It does not prove the complete associate-class structure of the infinite monoid.
3670,13789/243,1,13789/243,1,mixed_fraction,This is a bounded computational sample. It does not prove the complete associate-class structure of the infinite monoid.
3671,13798/243,1,13798/243,1,mixed_fraction,This is a bounded computational sample. It does not prove the complete associate-class structure of the infinite monoid.
3672,13808/243,1,13808/243,1,mixed_fraction,This is a bounded computational sample. It does not prove the complete associate-class structure of the infinite monoid.
3673,13810/243,1,13810/243,1,mixed_fraction,This is a bounded computational sample. It does not prove the complete associate-class structure of the infinite monoid.
3674,13814/243,1,13814/243,1,mixed_fraction,This is a bounded computational sample. It does not prove the complete associate-class structure of the infinite monoid.
3675,13816/243,1,13816/243,1,mixed_fraction,This is a bounded computational sample. It does not prove the complete associate-class structure of the infinite monoid.
3676,13819/243,1,13819/243,1,mixed_fraction,This is a bounded computational sample. It does not prove the complete associate-class structure of the infinite monoid.
3677,13826/243,1,13826/243,1,mixed_fraction,This is a bounded computational sample. It does not prove the complete associate-class structure of the infinite monoid.
3678,13835/243,1,13835/243,1,mixed_fraction,This is a bounded computational sample. It does not prove the complete associate-class structure of the infinite monoid.
3679,13843/243,1,13843/243,1,mixed_fraction,This is a bounded computational sample. It does not prove the complete associate-class structure of the infinite monoid.
3680,13844/243,1,13844/243,1,mixed_fraction,This is a bounded computational sample. It does not prove the complete associate-class structure of the infinite monoid.
3681,13846/243,1,13846/243,1,mixed_fraction,This is a bounded computational sample. It does not prove the complete associate-class structure of the infinite monoid.
3682,13853/243,1,13853/243,1,mixed_fraction,This is a bounded computational sample. It does not prove the complete associate-class structure of the infinite monoid.
3683,13858/243,1,13858/243,1,mixed_fraction,This is a bounded computational sample. It does not prove the complete associate-class structure of the infinite monoid.
3684,13861/243,1,13861/243,1,mixed_fraction,This is a bounded computational sample. It does not prove the complete associate-class structure of the infinite monoid.
3685,13873/243,1,13873/243,1,mixed_fraction,This is a bounded computational sample. It does not prove the complete associate-class structure of the infinite monoid.
3686,13876/243,1,13876/243,1,mixed_fraction,This is a bounded computational sample. It does not prove the complete associate-class structure of the infinite monoid.
3687,13879/243,1,13879/243,1,mixed_fraction,This is a bounded computational sample. It does not prove the complete associate-class structure of the infinite monoid.
3688,13880/243,1,13880/243,1,mixed_fraction,This is a bounded computational sample. It does not prove the complete associate-class structure of the infinite monoid.
3689,13889/243,1,13889/243,1,mixed_fraction,This is a bounded computational sample. It does not prove the complete associate-class structure of the infinite monoid.
3690,13891/243,1,13891/243,1,mixed_fraction,This is a bounded computational sample. It does not prove the complete associate-class structure of the infinite monoid.
3691,13900/243,1,13900/243,1,mixed_fraction,This is a bounded computational sample. It does not prove the complete associate-class structure of the infinite monoid.
3692,13903/243,1,13903/243,1,mixed_fraction,This is a bounded computational sample. It does not prove the complete associate-class structure of the infinite monoid.
3693,13916/243,1,13916/243,1,mixed_fraction,This is a bounded computational sample. It does not prove the complete associate-class structure of the infinite monoid.
3694,13918/243,1,13918/243,1,mixed_fraction,This is a bounded computational sample. It does not prove the complete associate-class structure of the infinite monoid.
3695,13930/243,1,13930/243,1,mixed_fraction,This is a bounded computational sample. It does not prove the complete associate-class structure of the infinite monoid.
3696,13933/243,1,13933/243,1,mixed_fraction,This is a bounded computational sample. It does not prove the complete associate-class structure of the infinite monoid.
3697,13934/243,1,13934/243,1,mixed_fraction,This is a bounded computational sample. It does not prove the complete associate-class structure of the infinite monoid.
3698,13939/243,1,13939/243,1,mixed_fraction,This is a bounded computational sample. It does not prove the complete associate-class structure of the infinite monoid.
3699,13951/243,1,13951/243,1,mixed_fraction,This is a bounded computational sample. It does not prove the complete associate-class structure of the infinite monoid.
3700,13954/243,1,13954/243,1,mixed_fraction,This is a bounded computational sample. It does not prove the complete associate-class structure of the infinite monoid.
3701,13960/243,1,13960/243,1,mixed_fraction,This is a bounded computational sample. It does not prove the complete associate-class structure of the infinite monoid.
3702,13961/243,1,13961/243,1,mixed_fraction,This is a bounded computational sample. It does not prove the complete associate-class structure of the infinite monoid.
3703,13969/243,1,13969/243,1,mixed_fraction,This is a bounded computational sample. It does not prove the complete associate-class structure of the infinite monoid.
3704,13976/243,1,13976/243,1,mixed_fraction,This is a bounded computational sample. It does not prove the complete associate-class structure of the infinite monoid.
3705,13978/243,1,13978/243,1,mixed_fraction,This is a bounded computational sample. It does not prove the complete associate-class structure of the infinite monoid.
3706,13984/243,1,13984/243,1,mixed_fraction,This is a bounded computational sample. It does not prove the complete associate-class structure of the infinite monoid.
3707,14005/243,1,14005/243,1,mixed_fraction,This is a bounded computational sample. It does not prove the complete associate-class structure of the infinite monoid.
3708,14008/243,1,14008/243,1,mixed_fraction,This is a bounded computational sample. It does not prove the complete associate-class structure of the infinite monoid.
3709,14011/243,1,14011/243,1,mixed_fraction,This is a bounded computational sample. It does not prove the complete associate-class structure of the infinite monoid.
3710,14014/243,1,14014/243,1,mixed_fraction,This is a bounded computational sample. It does not prove the complete associate-class structure of the infinite monoid.
3711,14015/243,1,14015/243,1,mixed_fraction,This is a bounded computational sample. It does not prove the complete associate-class structure of the infinite monoid.
3712,14023/243,1,14023/243,1,mixed_fraction,This is a bounded computational sample. It does not prove the complete associate-class structure of the infinite monoid.
3713,14035/243,1,14035/243,1,mixed_fraction,This is a bounded computational sample. It does not prove the complete associate-class structure of the infinite monoid.
3714,14041/243,1,14041/243,1,mixed_fraction,This is a bounded computational sample. It does not prove the complete associate-class structure of the infinite monoid.
3715,14050/243,1,14050/243,1,mixed_fraction,This is a bounded computational sample. It does not prove the complete associate-class structure of the infinite monoid.
3716,14051/243,1,14051/243,1,mixed_fraction,This is a bounded computational sample. It does not prove the complete associate-class structure of the infinite monoid.
3717,14053/243,1,14053/243,1,mixed_fraction,This is a bounded computational sample. It does not prove the complete associate-class structure of the infinite monoid.
3718,14059/243,1,14059/243,1,mixed_fraction,This is a bounded computational sample. It does not prove the complete associate-class structure of the infinite monoid.
3719,14065/243,1,14065/243,1,mixed_fraction,This is a bounded computational sample. It does not prove the complete associate-class structure of the infinite monoid.
3720,14069/243,1,14069/243,1,mixed_fraction,This is a bounded computational sample. It does not prove the complete associate-class structure of the infinite monoid.
3721,14078/243,1,14078/243,1,mixed_fraction,This is a bounded computational sample. It does not prove the complete associate-class structure of the infinite monoid.
3722,14080/243,1,14080/243,1,mixed_fraction,This is a bounded computational sample. It does not prove the complete associate-class structure of the infinite monoid.
3723,14086/243,1,14086/243,1,mixed_fraction,This is a bounded computational sample. It does not prove the complete associate-class structure of the infinite monoid.
3724,14089/243,1,14089/243,1,mixed_fraction,This is a bounded computational sample. It does not prove the complete associate-class structure of the infinite monoid.
3725,14096/243,1,14096/243,1,mixed_fraction,This is a bounded computational sample. It does not prove the complete associate-class structure of the infinite monoid.
3726,14101/243,1,14101/243,1,mixed_fraction,This is a bounded computational sample. It does not prove the complete associate-class structure of the infinite monoid.
3727,14104/243,1,14104/243,1,mixed_fraction,This is a bounded computational sample. It does not prove the complete associate-class structure of the infinite monoid.
3728,14116/243,1,14116/243,1,mixed_fraction,This is a bounded computational sample. It does not prove the complete associate-class structure of the infinite monoid.
3729,14119/243,1,14119/243,1,mixed_fraction,This is a bounded computational sample. It does not prove the complete associate-class structure of the infinite monoid.
3730,14123/243,1,14123/243,1,mixed_fraction,This is a bounded computational sample. It does not prove the complete associate-class structure of the infinite monoid.
3731,14125/243,1,14125/243,1,mixed_fraction,This is a bounded computational sample. It does not prove the complete associate-class structure of the infinite monoid.
3732,14134/243,1,14134/243,1,mixed_fraction,This is a bounded computational sample. It does not prove the complete associate-class structure of the infinite monoid.
3733,14140/243,1,14140/243,1,mixed_fraction,This is a bounded computational sample. It does not prove the complete associate-class structure of the infinite monoid.
3734,14143/243,1,14143/243,1,mixed_fraction,This is a bounded computational sample. It does not prove the complete associate-class structure of the infinite monoid.
3735,14146/243,1,14146/243,1,mixed_fraction,This is a bounded computational sample. It does not prove the complete associate-class structure of the infinite monoid.
3736,14150/243,1,14150/243,1,mixed_fraction,This is a bounded computational sample. It does not prove the complete associate-class structure of the infinite monoid.
3737,14159/243,1,14159/243,1,mixed_fraction,This is a bounded computational sample. It does not prove the complete associate-class structure of the infinite monoid.
3738,14161/243,1,14161/243,1,mixed_fraction,This is a bounded computational sample. It does not prove the complete associate-class structure of the infinite monoid.
3739,14173/243,1,14173/243,1,mixed_fraction,This is a bounded computational sample. It does not prove the complete associate-class structure of the infinite monoid.
3740,14176/243,1,14176/243,1,mixed_fraction,This is a bounded computational sample. It does not prove the complete associate-class structure of the infinite monoid.
3741,14185/243,1,14185/243,1,mixed_fraction,This is a bounded computational sample. It does not prove the complete associate-class structure of the infinite monoid.
3742,14194/243,1,14194/243,1,mixed_fraction,This is a bounded computational sample. It does not prove the complete associate-class structure of the infinite monoid.
3743,14203/243,1,14203/243,1,mixed_fraction,This is a bounded computational sample. It does not prove the complete associate-class structure of the infinite monoid.
3744,14204/243,1,14204/243,1,mixed_fraction,This is a bounded computational sample. It does not prove the complete associate-class structure of the infinite monoid.
3745,14215/243,1,14215/243,1,mixed_fraction,This is a bounded computational sample. It does not prove the complete associate-class structure of the infinite monoid.
3746,14219/243,1,14219/243,1,mixed_fraction,This is a bounded computational sample. It does not prove the complete associate-class structure of the infinite monoid.
3747,14221/243,1,14221/243,1,mixed_fraction,This is a bounded computational sample. It does not prove the complete associate-class structure of the infinite monoid.
3748,14240/243,1,14240/243,1,mixed_fraction,This is a bounded computational sample. It does not prove the complete associate-class structure of the infinite monoid.
3749,14248/243,1,14248/243,1,mixed_fraction,This is a bounded computational sample. It does not prove the complete associate-class structure of the infinite monoid.
3750,14251/243,1,14251/243,1,mixed_fraction,This is a bounded computational sample. It does not prove the complete associate-class structure of the infinite monoid.
3751,14254/243,1,14254/243,1,mixed_fraction,This is a bounded computational sample. It does not prove the complete associate-class structure of the infinite monoid.
3752,14258/243,1,14258/243,1,mixed_fraction,This is a bounded computational sample. It does not prove the complete associate-class structure of the infinite monoid.
3753,14266/243,1,14266/243,1,mixed_fraction,This is a bounded computational sample. It does not prove the complete associate-class structure of the infinite monoid.
3754,14275/243,1,14275/243,1,mixed_fraction,This is a bounded computational sample. It does not prove the complete associate-class structure of the infinite monoid.
3755,14278/243,1,14278/243,1,mixed_fraction,This is a bounded computational sample. It does not prove the complete associate-class structure of the infinite monoid.
3756,14284/243,1,14284/243,1,mixed_fraction,This is a bounded computational sample. It does not prove the complete associate-class structure of the infinite monoid.
3757,14285/243,1,14285/243,1,mixed_fraction,This is a bounded computational sample. It does not prove the complete associate-class structure of the infinite monoid.
3758,14293/243,1,14293/243,1,mixed_fraction,This is a bounded computational sample. It does not prove the complete associate-class structure of the infinite monoid.
3759,14294/243,1,14294/243,1,mixed_fraction,This is a bounded computational sample. It does not prove the complete associate-class structure of the infinite monoid.
3760,14296/243,1,14296/243,1,mixed_fraction,This is a bounded computational sample. It does not prove the complete associate-class structure of the infinite monoid.
3761,14305/243,1,14305/243,1,mixed_fraction,This is a bounded computational sample. It does not prove the complete associate-class structure of the infinite monoid.
3762,14308/243,1,14308/243,1,mixed_fraction,This is a bounded computational sample. It does not prove the complete associate-class structure of the infinite monoid.
3763,14321/243,1,14321/243,1,mixed_fraction,This is a bounded computational sample. It does not prove the complete associate-class structure of the infinite monoid.
3764,14323/243,1,14323/243,1,mixed_fraction,This is a bounded computational sample. It does not prove the complete associate-class structure of the infinite monoid.
3765,14329/243,1,14329/243,1,mixed_fraction,This is a bounded computational sample. It does not prove the complete associate-class structure of the infinite monoid.
3766,14335/243,1,14335/243,1,mixed_fraction,This is a bounded computational sample. It does not prove the complete associate-class structure of the infinite monoid.
3767,14339/243,1,14339/243,1,mixed_fraction,This is a bounded computational sample. It does not prove the complete associate-class structure of the infinite monoid.
3768,14344/243,1,14344/243,1,mixed_fraction,This is a bounded computational sample. It does not prove the complete associate-class structure of the infinite monoid.
3769,14350/243,1,14350/243,1,mixed_fraction,This is a bounded computational sample. It does not prove the complete associate-class structure of the infinite monoid.
3770,14359/243,1,14359/243,1,mixed_fraction,This is a bounded computational sample. It does not prove the complete associate-class structure of the infinite monoid.
3771,14365/243,1,14365/243,1,mixed_fraction,This is a bounded computational sample. It does not prove the complete associate-class structure of the infinite monoid.
3772,14366/243,1,14366/243,1,mixed_fraction,This is a bounded computational sample. It does not prove the complete associate-class structure of the infinite monoid.
3773,14368/243,1,14368/243,1,mixed_fraction,This is a bounded computational sample. It does not prove the complete associate-class structure of the infinite monoid.
3774,14383/243,1,14383/243,1,mixed_fraction,This is a bounded computational sample. It does not prove the complete associate-class structure of the infinite monoid.
3775,14386/243,1,14386/243,1,mixed_fraction,This is a bounded computational sample. It does not prove the complete associate-class structure of the infinite monoid.
3776,14389/243,1,14389/243,1,mixed_fraction,This is a bounded computational sample. It does not prove the complete associate-class structure of the infinite monoid.
3777,14393/243,1,14393/243,1,mixed_fraction,This is a bounded computational sample. It does not prove the complete associate-class structure of the infinite monoid.
3778,14404/243,1,14404/243,1,mixed_fraction,This is a bounded computational sample. It does not prove the complete associate-class structure of the infinite monoid.
3779,14410/243,1,14410/243,1,mixed_fraction,This is a bounded computational sample. It does not prove the complete associate-class structure of the infinite monoid.
3780,14416/243,1,14416/243,1,mixed_fraction,This is a bounded computational sample. It does not prove the complete associate-class structure of the infinite monoid.
3781,14419/243,1,14419/243,1,mixed_fraction,This is a bounded computational sample. It does not prove the complete associate-class structure of the infinite monoid.
3782,14428/243,1,14428/243,1,mixed_fraction,This is a bounded computational sample. It does not prove the complete associate-class structure of the infinite monoid.
3783,14440/243,1,14440/243,1,mixed_fraction,This is a bounded computational sample. It does not prove the complete associate-class structure of the infinite monoid.
3784,14446/243,1,14446/243,1,mixed_fraction,This is a bounded computational sample. It does not prove the complete associate-class structure of the infinite monoid.
3785,14455/243,1,14455/243,1,mixed_fraction,This is a bounded computational sample. It does not prove the complete associate-class structure of the infinite monoid.
3786,14458/243,1,14458/243,1,mixed_fraction,This is a bounded computational sample. It does not prove the complete associate-class structure of the infinite monoid.
3787,14464/243,1,14464/243,1,mixed_fraction,This is a bounded computational sample. It does not prove the complete associate-class structure of the infinite monoid.
3788,14483/243,1,14483/243,1,mixed_fraction,This is a bounded computational sample. It does not prove the complete associate-class structure of the infinite monoid.
3789,14485/243,1,14485/243,1,mixed_fraction,This is a bounded computational sample. It does not prove the complete associate-class structure of the infinite monoid.
3790,14491/243,1,14491/243,1,mixed_fraction,This is a bounded computational sample. It does not prove the complete associate-class structure of the infinite monoid.
3791,14494/243,1,14494/243,1,mixed_fraction,This is a bounded computational sample. It does not prove the complete associate-class structure of the infinite monoid.
3792,14501/243,1,14501/243,1,mixed_fraction,This is a bounded computational sample. It does not prove the complete associate-class structure of the infinite monoid.
3793,14509/243,1,14509/243,1,mixed_fraction,This is a bounded computational sample. It does not prove the complete associate-class structure of the infinite monoid.
3794,14518/243,1,14518/243,1,mixed_fraction,This is a bounded computational sample. It does not prove the complete associate-class structure of the infinite monoid.
3795,14521/243,1,14521/243,1,mixed_fraction,This is a bounded computational sample. It does not prove the complete associate-class structure of the infinite monoid.
3796,14528/243,1,14528/243,1,mixed_fraction,This is a bounded computational sample. It does not prove the complete associate-class structure of the infinite monoid.
3797,14530/243,1,14530/243,1,mixed_fraction,This is a bounded computational sample. It does not prove the complete associate-class structure of the infinite monoid.
3798,14536/243,1,14536/243,1,mixed_fraction,This is a bounded computational sample. It does not prove the complete associate-class structure of the infinite monoid.
3799,14539/243,1,14539/243,1,mixed_fraction,This is a bounded computational sample. It does not prove the complete associate-class structure of the infinite monoid.
3800,14548/243,1,14548/243,1,mixed_fraction,This is a bounded computational sample. It does not prove the complete associate-class structure of the infinite monoid.
3801,14551/243,1,14551/243,1,mixed_fraction,This is a bounded computational sample. It does not prove the complete associate-class structure of the infinite monoid.
3802,14555/243,1,14555/243,1,mixed_fraction,This is a bounded computational sample. It does not prove the complete associate-class structure of the infinite monoid.
3803,14564/243,1,14564/243,1,mixed_fraction,This is a bounded computational sample. It does not prove the complete associate-class structure of the infinite monoid.
3804,14566/243,1,14566/243,1,mixed_fraction,This is a bounded computational sample. It does not prove the complete associate-class structure of the infinite monoid.
3805,14578/243,1,14578/243,1,mixed_fraction,This is a bounded computational sample. It does not prove the complete associate-class structure of the infinite monoid.
3806,14590/243,1,14590/243,1,mixed_fraction,This is a bounded computational sample. It does not prove the complete associate-class structure of the infinite monoid.
3807,14593/243,1,14593/243,1,mixed_fraction,This is a bounded computational sample. It does not prove the complete associate-class structure of the infinite monoid.
3808,14608/243,1,14608/243,1,mixed_fraction,This is a bounded computational sample. It does not prove the complete associate-class structure of the infinite monoid.
3809,14609/243,1,14609/243,1,mixed_fraction,This is a bounded computational sample. It does not prove the complete associate-class structure of the infinite monoid.
3810,14611/243,1,14611/243,1,mixed_fraction,This is a bounded computational sample. It does not prove the complete associate-class structure of the infinite monoid.
3811,14626/243,1,14626/243,1,mixed_fraction,This is a bounded computational sample. It does not prove the complete associate-class structure of the infinite monoid.
3812,14629/243,1,14629/243,1,mixed_fraction,This is a bounded computational sample. It does not prove the complete associate-class structure of the infinite monoid.
3813,14636/243,1,14636/243,1,mixed_fraction,This is a bounded computational sample. It does not prove the complete associate-class structure of the infinite monoid.
3814,14653/243,1,14653/243,1,mixed_fraction,This is a bounded computational sample. It does not prove the complete associate-class structure of the infinite monoid.
3815,14659/243,1,14659/243,1,mixed_fraction,This is a bounded computational sample. It does not prove the complete associate-class structure of the infinite monoid.
3816,14671/243,1,14671/243,1,mixed_fraction,This is a bounded computational sample. It does not prove the complete associate-class structure of the infinite monoid.
3817,14680/243,1,14680/243,1,mixed_fraction,This is a bounded computational sample. It does not prove the complete associate-class structure of the infinite monoid.
3818,14683/243,1,14683/243,1,mixed_fraction,This is a bounded computational sample. It does not prove the complete associate-class structure of the infinite monoid.
3819,14689/243,1,14689/243,1,mixed_fraction,This is a bounded computational sample. It does not prove the complete associate-class structure of the infinite monoid.
3820,14690/243,1,14690/243,1,mixed_fraction,This is a bounded computational sample. It does not prove the complete associate-class structure of the infinite monoid.
3821,14698/243,1,14698/243,1,mixed_fraction,This is a bounded computational sample. It does not prove the complete associate-class structure of the infinite monoid.
3822,14701/243,1,14701/243,1,mixed_fraction,This is a bounded computational sample. It does not prove the complete associate-class structure of the infinite monoid.
3823,14710/243,1,14710/243,1,mixed_fraction,This is a bounded computational sample. It does not prove the complete associate-class structure of the infinite monoid.
3824,14725/243,1,14725/243,1,mixed_fraction,This is a bounded computational sample. It does not prove the complete associate-class structure of the infinite monoid.
3825,14726/243,1,14726/243,1,mixed_fraction,This is a bounded computational sample. It does not prove the complete associate-class structure of the infinite monoid.
3826,14728/243,1,14728/243,1,mixed_fraction,This is a bounded computational sample. It does not prove the complete associate-class structure of the infinite monoid.
3827,14734/243,1,14734/243,1,mixed_fraction,This is a bounded computational sample. It does not prove the complete associate-class structure of the infinite monoid.
3828,14740/243,1,14740/243,1,mixed_fraction,This is a bounded computational sample. It does not prove the complete associate-class structure of the infinite monoid.
3829,14744/243,1,14744/243,1,mixed_fraction,This is a bounded computational sample. It does not prove the complete associate-class structure of the infinite monoid.
3830,14755/243,1,14755/243,1,mixed_fraction,This is a bounded computational sample. It does not prove the complete associate-class structure of the infinite monoid.
3831,14761/243,1,14761/243,1,mixed_fraction,This is a bounded computational sample. It does not prove the complete associate-class structure of the infinite monoid.
3832,14764/243,1,14764/243,1,mixed_fraction,This is a bounded computational sample. It does not prove the complete associate-class structure of the infinite monoid.
3833,14771/243,1,14771/243,1,mixed_fraction,This is a bounded computational sample. It does not prove the complete associate-class structure of the infinite monoid.
3834,14773/243,1,14773/243,1,mixed_fraction,This is a bounded computational sample. It does not prove the complete associate-class structure of the infinite monoid.
3835,14779/243,1,14779/243,1,mixed_fraction,This is a bounded computational sample. It does not prove the complete associate-class structure of the infinite monoid.
3836,14791/243,1,14791/243,1,mixed_fraction,This is a bounded computational sample. It does not prove the complete associate-class structure of the infinite monoid.
3837,14794/243,1,14794/243,1,mixed_fraction,This is a bounded computational sample. It does not prove the complete associate-class structure of the infinite monoid.
3838,14798/243,1,14798/243,1,mixed_fraction,This is a bounded computational sample. It does not prove the complete associate-class structure of the infinite monoid.
3839,14800/243,1,14800/243,1,mixed_fraction,This is a bounded computational sample. It does not prove the complete associate-class structure of the infinite monoid.
3840,14809/243,1,14809/243,1,mixed_fraction,This is a bounded computational sample. It does not prove the complete associate-class structure of the infinite monoid.
3841,14815/243,1,14815/243,1,mixed_fraction,This is a bounded computational sample. It does not prove the complete associate-class structure of the infinite monoid.
3842,14821/243,1,14821/243,1,mixed_fraction,This is a bounded computational sample. It does not prove the complete associate-class structure of the infinite monoid.
3843,14833/243,1,14833/243,1,mixed_fraction,This is a bounded computational sample. It does not prove the complete associate-class structure of the infinite monoid.
3844,14836/243,1,14836/243,1,mixed_fraction,This is a bounded computational sample. It does not prove the complete associate-class structure of the infinite monoid.
3845,14851/243,1,14851/243,1,mixed_fraction,This is a bounded computational sample. It does not prove the complete associate-class structure of the infinite monoid.
3846,14854/243,1,14854/243,1,mixed_fraction,This is a bounded computational sample. It does not prove the complete associate-class structure of the infinite monoid.
3847,14860/243,1,14860/243,1,mixed_fraction,This is a bounded computational sample. It does not prove the complete associate-class structure of the infinite monoid.
3848,14869/243,1,14869/243,1,mixed_fraction,This is a bounded computational sample. It does not prove the complete associate-class structure of the infinite monoid.
3849,14879/243,1,14879/243,1,mixed_fraction,This is a bounded computational sample. It does not prove the complete associate-class structure of the infinite monoid.
3850,14890/243,1,14890/243,1,mixed_fraction,This is a bounded computational sample. It does not prove the complete associate-class structure of the infinite monoid.
3851,14896/243,1,14896/243,1,mixed_fraction,This is a bounded computational sample. It does not prove the complete associate-class structure of the infinite monoid.
3852,14914/243,1,14914/243,1,mixed_fraction,This is a bounded computational sample. It does not prove the complete associate-class structure of the infinite monoid.
3853,14923/243,1,14923/243,1,mixed_fraction,This is a bounded computational sample. It does not prove the complete associate-class structure of the infinite monoid.
3854,14926/243,1,14926/243,1,mixed_fraction,This is a bounded computational sample. It does not prove the complete associate-class structure of the infinite monoid.
3855,14933/243,1,14933/243,1,mixed_fraction,This is a bounded computational sample. It does not prove the complete associate-class structure of the infinite monoid.
3856,14935/243,1,14935/243,1,mixed_fraction,This is a bounded computational sample. It does not prove the complete associate-class structure of the infinite monoid.
3857,14941/243,1,14941/243,1,mixed_fraction,This is a bounded computational sample. It does not prove the complete associate-class structure of the infinite monoid.
3858,14944/243,1,14944/243,1,mixed_fraction,This is a bounded computational sample. It does not prove the complete associate-class structure of the infinite monoid.
3859,14953/243,1,14953/243,1,mixed_fraction,This is a bounded computational sample. It does not prove the complete associate-class structure of the infinite monoid.
3860,14960/243,1,14960/243,1,mixed_fraction,This is a bounded computational sample. It does not prove the complete associate-class structure of the infinite monoid.
3861,14968/243,1,14968/243,1,mixed_fraction,This is a bounded computational sample. It does not prove the complete associate-class structure of the infinite monoid.
3862,14969/243,1,14969/243,1,mixed_fraction,This is a bounded computational sample. It does not prove the complete associate-class structure of the infinite monoid.
3863,14971/243,1,14971/243,1,mixed_fraction,This is a bounded computational sample. It does not prove the complete associate-class structure of the infinite monoid.
3864,14983/243,1,14983/243,1,mixed_fraction,This is a bounded computational sample. It does not prove the complete associate-class structure of the infinite monoid.
3865,14998/243,1,14998/243,1,mixed_fraction,This is a bounded computational sample. It does not prove the complete associate-class structure of the infinite monoid.
3866,15004/243,1,15004/243,1,mixed_fraction,This is a bounded computational sample. It does not prove the complete associate-class structure of the infinite monoid.
3867,15014/243,1,15014/243,1,mixed_fraction,This is a bounded computational sample. It does not prove the complete associate-class structure of the infinite monoid.
3868,15016/243,1,15016/243,1,mixed_fraction,This is a bounded computational sample. It does not prove the complete associate-class structure of the infinite monoid.
3869,15025/243,1,15025/243,1,mixed_fraction,This is a bounded computational sample. It does not prove the complete associate-class structure of the infinite monoid.
3870,15034/243,1,15034/243,1,mixed_fraction,This is a bounded computational sample. It does not prove the complete associate-class structure of the infinite monoid.
3871,15041/243,1,15041/243,1,mixed_fraction,This is a bounded computational sample. It does not prove the complete associate-class structure of the infinite monoid.
3872,15043/243,1,15043/243,1,mixed_fraction,This is a bounded computational sample. It does not prove the complete associate-class structure of the infinite monoid.
3873,15058/243,1,15058/243,1,mixed_fraction,This is a bounded computational sample. It does not prove the complete associate-class structure of the infinite monoid.
3874,15064/243,1,15064/243,1,mixed_fraction,This is a bounded computational sample. It does not prove the complete associate-class structure of the infinite monoid.
3875,15076/243,1,15076/243,1,mixed_fraction,This is a bounded computational sample. It does not prove the complete associate-class structure of the infinite monoid.
3876,15079/243,1,15079/243,1,mixed_fraction,This is a bounded computational sample. It does not prove the complete associate-class structure of the infinite monoid.
3877,15085/243,1,15085/243,1,mixed_fraction,This is a bounded computational sample. It does not prove the complete associate-class structure of the infinite monoid.
3878,15094/243,1,15094/243,1,mixed_fraction,This is a bounded computational sample. It does not prove the complete associate-class structure of the infinite monoid.
3879,15103/243,1,15103/243,1,mixed_fraction,This is a bounded computational sample. It does not prove the complete associate-class structure of the infinite monoid.
3880,15115/243,1,15115/243,1,mixed_fraction,This is a bounded computational sample. It does not prove the complete associate-class structure of the infinite monoid.
3881,15130/243,1,15130/243,1,mixed_fraction,This is a bounded computational sample. It does not prove the complete associate-class structure of the infinite monoid.
3882,15133/243,1,15133/243,1,mixed_fraction,This is a bounded computational sample. It does not prove the complete associate-class structure of the infinite monoid.
3883,15139/243,1,15139/243,1,mixed_fraction,This is a bounded computational sample. It does not prove the complete associate-class structure of the infinite monoid.
3884,15160/243,1,15160/243,1,mixed_fraction,This is a bounded computational sample. It does not prove the complete associate-class structure of the infinite monoid.
3885,15166/243,1,15166/243,1,mixed_fraction,This is a bounded computational sample. It does not prove the complete associate-class structure of the infinite monoid.
3886,15169/243,1,15169/243,1,mixed_fraction,This is a bounded computational sample. It does not prove the complete associate-class structure of the infinite monoid.
3887,15176/243,1,15176/243,1,mixed_fraction,This is a bounded computational sample. It does not prove the complete associate-class structure of the infinite monoid.
3888,15178/243,1,15178/243,1,mixed_fraction,This is a bounded computational sample. It does not prove the complete associate-class structure of the infinite monoid.
3889,15184/243,1,15184/243,1,mixed_fraction,This is a bounded computational sample. It does not prove the complete associate-class structure of the infinite monoid.
3890,15196/243,1,15196/243,1,mixed_fraction,This is a bounded computational sample. It does not prove the complete associate-class structure of the infinite monoid.
3891,15203/243,1,15203/243,1,mixed_fraction,This is a bounded computational sample. It does not prove the complete associate-class structure of the infinite monoid.
3892,15205/243,1,15205/243,1,mixed_fraction,This is a bounded computational sample. It does not prove the complete associate-class structure of the infinite monoid.
3893,15211/243,1,15211/243,1,mixed_fraction,This is a bounded computational sample. It does not prove the complete associate-class structure of the infinite monoid.
3894,15214/243,1,15214/243,1,mixed_fraction,This is a bounded computational sample. It does not prove the complete associate-class structure of the infinite monoid.
3895,15226/243,1,15226/243,1,mixed_fraction,This is a bounded computational sample. It does not prove the complete associate-class structure of the infinite monoid.
3896,15241/243,1,15241/243,1,mixed_fraction,This is a bounded computational sample. It does not prove the complete associate-class structure of the infinite monoid.
3897,15250/243,1,15250/243,1,mixed_fraction,This is a bounded computational sample. It does not prove the complete associate-class structure of the infinite monoid.
3898,15259/243,1,15259/243,1,mixed_fraction,This is a bounded computational sample. It does not prove the complete associate-class structure of the infinite monoid.
3899,15265/243,1,15265/243,1,mixed_fraction,This is a bounded computational sample. It does not prove the complete associate-class structure of the infinite monoid.
3900,15268/243,1,15268/243,1,mixed_fraction,This is a bounded computational sample. It does not prove the complete associate-class structure of the infinite monoid.
3901,15284/243,1,15284/243,1,mixed_fraction,This is a bounded computational sample. It does not prove the complete associate-class structure of the infinite monoid.
3902,15286/243,1,15286/243,1,mixed_fraction,This is a bounded computational sample. It does not prove the complete associate-class structure of the infinite monoid.
3903,15301/243,1,15301/243,1,mixed_fraction,This is a bounded computational sample. It does not prove the complete associate-class structure of the infinite monoid.
3904,15319/243,1,15319/243,1,mixed_fraction,This is a bounded computational sample. It does not prove the complete associate-class structure of the infinite monoid.
3905,15328/243,1,15328/243,1,mixed_fraction,This is a bounded computational sample. It does not prove the complete associate-class structure of the infinite monoid.
3906,15340/243,1,15340/243,1,mixed_fraction,This is a bounded computational sample. It does not prove the complete associate-class structure of the infinite monoid.
3907,15346/243,1,15346/243,1,mixed_fraction,This is a bounded computational sample. It does not prove the complete associate-class structure of the infinite monoid.
3908,15358/243,1,15358/243,1,mixed_fraction,This is a bounded computational sample. It does not prove the complete associate-class structure of the infinite monoid.
3909,15365/243,1,15365/243,1,mixed_fraction,This is a bounded computational sample. It does not prove the complete associate-class structure of the infinite monoid.
3910,15373/243,1,15373/243,1,mixed_fraction,This is a bounded computational sample. It does not prove the complete associate-class structure of the infinite monoid.
3911,15376/243,1,15376/243,1,mixed_fraction,This is a bounded computational sample. It does not prove the complete associate-class structure of the infinite monoid.
3912,15400/243,1,15400/243,1,mixed_fraction,This is a bounded computational sample. It does not prove the complete associate-class structure of the infinite monoid.
3913,15403/243,1,15403/243,1,mixed_fraction,This is a bounded computational sample. It does not prove the complete associate-class structure of the infinite monoid.
3914,15409/243,1,15409/243,1,mixed_fraction,This is a bounded computational sample. It does not prove the complete associate-class structure of the infinite monoid.
3915,15419/243,1,15419/243,1,mixed_fraction,This is a bounded computational sample. It does not prove the complete associate-class structure of the infinite monoid.
3916,15421/243,1,15421/243,1,mixed_fraction,This is a bounded computational sample. It does not prove the complete associate-class structure of the infinite monoid.
3917,15430/243,1,15430/243,1,mixed_fraction,This is a bounded computational sample. It does not prove the complete associate-class structure of the infinite monoid.
3918,15439/243,1,15439/243,1,mixed_fraction,This is a bounded computational sample. It does not prove the complete associate-class structure of the infinite monoid.
3919,15446/243,1,15446/243,1,mixed_fraction,This is a bounded computational sample. It does not prove the complete associate-class structure of the infinite monoid.
3920,15448/243,1,15448/243,1,mixed_fraction,This is a bounded computational sample. It does not prove the complete associate-class structure of the infinite monoid.
3921,15454/243,1,15454/243,1,mixed_fraction,This is a bounded computational sample. It does not prove the complete associate-class structure of the infinite monoid.
3922,15469/243,1,15469/243,1,mixed_fraction,This is a bounded computational sample. It does not prove the complete associate-class structure of the infinite monoid.
3923,15475/243,1,15475/243,1,mixed_fraction,This is a bounded computational sample. It does not prove the complete associate-class structure of the infinite monoid.
3924,15484/243,1,15484/243,1,mixed_fraction,This is a bounded computational sample. It does not prove the complete associate-class structure of the infinite monoid.
3925,15490/243,1,15490/243,1,mixed_fraction,This is a bounded computational sample. It does not prove the complete associate-class structure of the infinite monoid.
3926,15493/243,1,15493/243,1,mixed_fraction,This is a bounded computational sample. It does not prove the complete associate-class structure of the infinite monoid.
3927,15508/243,1,15508/243,1,mixed_fraction,This is a bounded computational sample. It does not prove the complete associate-class structure of the infinite monoid.
3928,15511/243,1,15511/243,1,mixed_fraction,This is a bounded computational sample. It does not prove the complete associate-class structure of the infinite monoid.
3929,15529/243,1,15529/243,1,mixed_fraction,This is a bounded computational sample. It does not prove the complete associate-class structure of the infinite monoid.
3930,15535/243,1,15535/243,1,mixed_fraction,This is a bounded computational sample. It does not prove the complete associate-class structure of the infinite monoid.
3931,15544/243,1,15544/243,1,mixed_fraction,This is a bounded computational sample. It does not prove the complete associate-class structure of the infinite monoid.
3932,15565/243,1,15565/243,1,mixed_fraction,This is a bounded computational sample. It does not prove the complete associate-class structure of the infinite monoid.
3933,15571/243,1,15571/243,1,mixed_fraction,This is a bounded computational sample. It does not prove the complete associate-class structure of the infinite monoid.
3934,15583/243,1,15583/243,1,mixed_fraction,This is a bounded computational sample. It does not prove the complete associate-class structure of the infinite monoid.
3935,15589/243,1,15589/243,1,mixed_fraction,This is a bounded computational sample. It does not prove the complete associate-class structure of the infinite monoid.
3936,15601/243,1,15601/243,1,mixed_fraction,This is a bounded computational sample. It does not prove the complete associate-class structure of the infinite monoid.
3937,15608/243,1,15608/243,1,mixed_fraction,This is a bounded computational sample. It does not prove the complete associate-class structure of the infinite monoid.
3938,15610/243,1,15610/243,1,mixed_fraction,This is a bounded computational sample. It does not prove the complete associate-class structure of the infinite monoid.
3939,15616/243,1,15616/243,1,mixed_fraction,This is a bounded computational sample. It does not prove the complete associate-class structure of the infinite monoid.
3940,15619/243,1,15619/243,1,mixed_fraction,This is a bounded computational sample. It does not prove the complete associate-class structure of the infinite monoid.
3941,15643/243,1,15643/243,1,mixed_fraction,This is a bounded computational sample. It does not prove the complete associate-class structure of the infinite monoid.
3942,15646/243,1,15646/243,1,mixed_fraction,This is a bounded computational sample. It does not prove the complete associate-class structure of the infinite monoid.
3943,15655/243,1,15655/243,1,mixed_fraction,This is a bounded computational sample. It does not prove the complete associate-class structure of the infinite monoid.
3944,15664/243,1,15664/243,1,mixed_fraction,This is a bounded computational sample. It does not prove the complete associate-class structure of the infinite monoid.
3945,15673/243,1,15673/243,1,mixed_fraction,This is a bounded computational sample. It does not prove the complete associate-class structure of the infinite monoid.
3946,15689/243,1,15689/243,1,mixed_fraction,This is a bounded computational sample. It does not prove the complete associate-class structure of the infinite monoid.
3947,15691/243,1,15691/243,1,mixed_fraction,This is a bounded computational sample. It does not prove the complete associate-class structure of the infinite monoid.
3948,15718/243,1,15718/243,1,mixed_fraction,This is a bounded computational sample. It does not prove the complete associate-class structure of the infinite monoid.
3949,15733/243,1,15733/243,1,mixed_fraction,This is a bounded computational sample. It does not prove the complete associate-class structure of the infinite monoid.
3950,15736/243,1,15736/243,1,mixed_fraction,This is a bounded computational sample. It does not prove the complete associate-class structure of the infinite monoid.
3951,15751/243,1,15751/243,1,mixed_fraction,This is a bounded computational sample. It does not prove the complete associate-class structure of the infinite monoid.
3952,15754/243,1,15754/243,1,mixed_fraction,This is a bounded computational sample. It does not prove the complete associate-class structure of the infinite monoid.
3953,15778/243,1,15778/243,1,mixed_fraction,This is a bounded computational sample. It does not prove the complete associate-class structure of the infinite monoid.
3954,15805/243,1,15805/243,1,mixed_fraction,This is a bounded computational sample. It does not prove the complete associate-class structure of the infinite monoid.
3955,15808/243,1,15808/243,1,mixed_fraction,This is a bounded computational sample. It does not prove the complete associate-class structure of the infinite monoid.
3956,15814/243,1,15814/243,1,mixed_fraction,This is a bounded computational sample. It does not prove the complete associate-class structure of the infinite monoid.
3957,15826/243,1,15826/243,1,mixed_fraction,This is a bounded computational sample. It does not prove the complete associate-class structure of the infinite monoid.
3958,15835/243,1,15835/243,1,mixed_fraction,This is a bounded computational sample. It does not prove the complete associate-class structure of the infinite monoid.
3959,15844/243,1,15844/243,1,mixed_fraction,This is a bounded computational sample. It does not prove the complete associate-class structure of the infinite monoid.
3960,15851/243,1,15851/243,1,mixed_fraction,This is a bounded computational sample. It does not prove the complete associate-class structure of the infinite monoid.
3961,15853/243,1,15853/243,1,mixed_fraction,This is a bounded computational sample. It does not prove the complete associate-class structure of the infinite monoid.
3962,15859/243,1,15859/243,1,mixed_fraction,This is a bounded computational sample. It does not prove the complete associate-class structure of the infinite monoid.
3963,15880/243,1,15880/243,1,mixed_fraction,This is a bounded computational sample. It does not prove the complete associate-class structure of the infinite monoid.
3964,15886/243,1,15886/243,1,mixed_fraction,This is a bounded computational sample. It does not prove the complete associate-class structure of the infinite monoid.
3965,15889/243,1,15889/243,1,mixed_fraction,This is a bounded computational sample. It does not prove the complete associate-class structure of the infinite monoid.
3966,15898/243,1,15898/243,1,mixed_fraction,This is a bounded computational sample. It does not prove the complete associate-class structure of the infinite monoid.
3967,15916/243,1,15916/243,1,mixed_fraction,This is a bounded computational sample. It does not prove the complete associate-class structure of the infinite monoid.
3968,15925/243,1,15925/243,1,mixed_fraction,This is a bounded computational sample. It does not prove the complete associate-class structure of the infinite monoid.
3969,15934/243,1,15934/243,1,mixed_fraction,This is a bounded computational sample. It does not prove the complete associate-class structure of the infinite monoid.
3970,15940/243,1,15940/243,1,mixed_fraction,This is a bounded computational sample. It does not prove the complete associate-class structure of the infinite monoid.
3971,15961/243,1,15961/243,1,mixed_fraction,This is a bounded computational sample. It does not prove the complete associate-class structure of the infinite monoid.
3972,15976/243,1,15976/243,1,mixed_fraction,This is a bounded computational sample. It does not prove the complete associate-class structure of the infinite monoid.
3973,15979/243,1,15979/243,1,mixed_fraction,This is a bounded computational sample. It does not prove the complete associate-class structure of the infinite monoid.
3974,15994/243,1,15994/243,1,mixed_fraction,This is a bounded computational sample. It does not prove the complete associate-class structure of the infinite monoid.
3975,16015/243,1,16015/243,1,mixed_fraction,This is a bounded computational sample. It does not prove the complete associate-class structure of the infinite monoid.
3976,16021/243,1,16021/243,1,mixed_fraction,This is a bounded computational sample. It does not prove the complete associate-class structure of the infinite monoid.
3977,16048/243,1,16048/243,1,mixed_fraction,This is a bounded computational sample. It does not prove the complete associate-class structure of the infinite monoid.
3978,16051/243,1,16051/243,1,mixed_fraction,This is a bounded computational sample. It does not prove the complete associate-class structure of the infinite monoid.
3979,16060/243,1,16060/243,1,mixed_fraction,This is a bounded computational sample. It does not prove the complete associate-class structure of the infinite monoid.
3980,16069/243,1,16069/243,1,mixed_fraction,This is a bounded computational sample. It does not prove the complete associate-class structure of the infinite monoid.
3981,16078/243,1,16078/243,1,mixed_fraction,This is a bounded computational sample. It does not prove the complete associate-class structure of the infinite monoid.
3982,16094/243,1,16094/243,1,mixed_fraction,This is a bounded computational sample. It does not prove the complete associate-class structure of the infinite monoid.
3983,16096/243,1,16096/243,1,mixed_fraction,This is a bounded computational sample. It does not prove the complete associate-class structure of the infinite monoid.
3984,16123/243,1,16123/243,1,mixed_fraction,This is a bounded computational sample. It does not prove the complete associate-class structure of the infinite monoid.
3985,16129/243,1,16129/243,1,mixed_fraction,This is a bounded computational sample. It does not prove the complete associate-class structure of the infinite monoid.
3986,16141/243,1,16141/243,1,mixed_fraction,This is a bounded computational sample. It does not prove the complete associate-class structure of the infinite monoid.
3987,16150/243,1,16150/243,1,mixed_fraction,This is a bounded computational sample. It does not prove the complete associate-class structure of the infinite monoid.
3988,16159/243,1,16159/243,1,mixed_fraction,This is a bounded computational sample. It does not prove the complete associate-class structure of the infinite monoid.
3989,16168/243,1,16168/243,1,mixed_fraction,This is a bounded computational sample. It does not prove the complete associate-class structure of the infinite monoid.
3990,16183/243,1,16183/243,1,mixed_fraction,This is a bounded computational sample. It does not prove the complete associate-class structure of the infinite monoid.
3991,16204/243,1,16204/243,1,mixed_fraction,This is a bounded computational sample. It does not prove the complete associate-class structure of the infinite monoid.
3992,16210/243,1,16210/243,1,mixed_fraction,This is a bounded computational sample. It does not prove the complete associate-class structure of the infinite monoid.
3993,16219/243,1,16219/243,1,mixed_fraction,This is a bounded computational sample. It does not prove the complete associate-class structure of the infinite monoid.
3994,16240/243,1,16240/243,1,mixed_fraction,This is a bounded computational sample. It does not prove the complete associate-class structure of the infinite monoid.
3995,16258/243,1,16258/243,1,mixed_fraction,This is a bounded computational sample. It does not prove the complete associate-class structure of the infinite monoid.
3996,16264/243,1,16264/243,1,mixed_fraction,This is a bounded computational sample. It does not prove the complete associate-class structure of the infinite monoid.
3997,16285/243,1,16285/243,1,mixed_fraction,This is a bounded computational sample. It does not prove the complete associate-class structure of the infinite monoid.
3998,16291/243,1,16291/243,1,mixed_fraction,This is a bounded computational sample. It does not prove the complete associate-class structure of the infinite monoid.
3999,16294/243,1,16294/243,1,mixed_fraction,This is a bounded computational sample. It does not prove the complete associate-class structure of the infinite monoid.
4000,16303/243,1,16303/243,1,mixed_fraction,This is a bounded computational sample. It does not prove the complete associate-class structure of the infinite monoid.
4001,16321/243,1,16321/243,1,mixed_fraction,This is a bounded computational sample. It does not prove the complete associate-class structure of the infinite monoid.
4002,16330/243,1,16330/243,1,mixed_fraction,This is a bounded computational sample. It does not prove the complete associate-class structure of the infinite monoid.
4003,16339/243,1,16339/243,1,mixed_fraction,This is a bounded computational sample. It does not prove the complete associate-class structure of the infinite monoid.
4004,16366/243,1,16366/243,1,mixed_fraction,This is a bounded computational sample. It does not prove the complete associate-class structure of the infinite monoid.
4005,16384/243,1,16384/243,1,mixed_fraction,This is a bounded computational sample. It does not prove the complete associate-class structure of the infinite monoid.
4006,16393/243,1,16393/243,1,mixed_fraction,This is a bounded computational sample. It does not prove the complete associate-class structure of the infinite monoid.
4007,16411/243,1,16411/243,1,mixed_fraction,This is a bounded computational sample. It does not prove the complete associate-class structure of the infinite monoid.
4008,16426/243,1,16426/243,1,mixed_fraction,This is a bounded computational sample. It does not prove the complete associate-class structure of the infinite monoid.
4009,16453/243,1,16453/243,1,mixed_fraction,This is a bounded computational sample. It does not prove the complete associate-class structure of the infinite monoid.
4010,16465/243,1,16465/243,1,mixed_fraction,This is a bounded computational sample. It does not prove the complete associate-class structure of the infinite monoid.
4011,16483/243,1,16483/243,1,mixed_fraction,This is a bounded computational sample. It does not prove the complete associate-class structure of the infinite monoid.
4012,16501/243,1,16501/243,1,mixed_fraction,This is a bounded computational sample. It does not prove the complete associate-class structure of the infinite monoid.
4013,16528/243,1,16528/243,1,mixed_fraction,This is a bounded computational sample. It does not prove the complete associate-class structure of the infinite monoid.
4014,16534/243,1,16534/243,1,mixed_fraction,This is a bounded computational sample. It does not prove the complete associate-class structure of the infinite monoid.
4015,16546/243,1,16546/243,1,mixed_fraction,This is a bounded computational sample. It does not prove the complete associate-class structure of the infinite monoid.
4016,16555/243,1,16555/243,1,mixed_fraction,This is a bounded computational sample. It does not prove the complete associate-class structure of the infinite monoid.
4017,16564/243,1,16564/243,1,mixed_fraction,This is a bounded computational sample. It does not prove the complete associate-class structure of the infinite monoid.
4018,16573/243,1,16573/243,1,mixed_fraction,This is a bounded computational sample. It does not prove the complete associate-class structure of the infinite monoid.
4019,16600/243,1,16600/243,1,mixed_fraction,This is a bounded computational sample. It does not prove the complete associate-class structure of the infinite monoid.
4020,16609/243,1,16609/243,1,mixed_fraction,This is a bounded computational sample. It does not prove the complete associate-class structure of the infinite monoid.
4021,16615/243,1,16615/243,1,mixed_fraction,This is a bounded computational sample. It does not prove the complete associate-class structure of the infinite monoid.
4022,16636/243,1,16636/243,1,mixed_fraction,This is a bounded computational sample. It does not prove the complete associate-class structure of the infinite monoid.
4023,16654/243,1,16654/243,1,mixed_fraction,This is a bounded computational sample. It does not prove the complete associate-class structure of the infinite monoid.
4024,16669/243,1,16669/243,1,mixed_fraction,This is a bounded computational sample. It does not prove the complete associate-class structure of the infinite monoid.
4025,16690/243,1,16690/243,1,mixed_fraction,This is a bounded computational sample. It does not prove the complete associate-class structure of the infinite monoid.
4026,16696/243,1,16696/243,1,mixed_fraction,This is a bounded computational sample. It does not prove the complete associate-class structure of the infinite monoid.
4027,16708/243,1,16708/243,1,mixed_fraction,This is a bounded computational sample. It does not prove the complete associate-class structure of the infinite monoid.
4028,16726/243,1,16726/243,1,mixed_fraction,This is a bounded computational sample. It does not prove the complete associate-class structure of the infinite monoid.
4029,16735/243,1,16735/243,1,mixed_fraction,This is a bounded computational sample. It does not prove the complete associate-class structure of the infinite monoid.
4030,16744/243,1,16744/243,1,mixed_fraction,This is a bounded computational sample. It does not prove the complete associate-class structure of the infinite monoid.
4031,16771/243,1,16771/243,1,mixed_fraction,This is a bounded computational sample. It does not prove the complete associate-class structure of the infinite monoid.
4032,16789/243,1,16789/243,1,mixed_fraction,This is a bounded computational sample. It does not prove the complete associate-class structure of the infinite monoid.
4033,16798/243,1,16798/243,1,mixed_fraction,This is a bounded computational sample. It does not prove the complete associate-class structure of the infinite monoid.
4034,16816/243,1,16816/243,1,mixed_fraction,This is a bounded computational sample. It does not prove the complete associate-class structure of the infinite monoid.
4035,16843/243,1,16843/243,1,mixed_fraction,This is a bounded computational sample. It does not prove the complete associate-class structure of the infinite monoid.
4036,16858/243,1,16858/243,1,mixed_fraction,This is a bounded computational sample. It does not prove the complete associate-class structure of the infinite monoid.
4037,16879/243,1,16879/243,1,mixed_fraction,This is a bounded computational sample. It does not prove the complete associate-class structure of the infinite monoid.
4038,16933/243,1,16933/243,1,mixed_fraction,This is a bounded computational sample. It does not prove the complete associate-class structure of the infinite monoid.
4039,16939/243,1,16939/243,1,mixed_fraction,This is a bounded computational sample. It does not prove the complete associate-class structure of the infinite monoid.
4040,16951/243,1,16951/243,1,mixed_fraction,This is a bounded computational sample. It does not prove the complete associate-class structure of the infinite monoid.
4041,16960/243,1,16960/243,1,mixed_fraction,This is a bounded computational sample. It does not prove the complete associate-class structure of the infinite monoid.
4042,16969/243,1,16969/243,1,mixed_fraction,This is a bounded computational sample. It does not prove the complete associate-class structure of the infinite monoid.
4043,16978/243,1,16978/243,1,mixed_fraction,This is a bounded computational sample. It does not prove the complete associate-class structure of the infinite monoid.
4044,17005/243,1,17005/243,1,mixed_fraction,This is a bounded computational sample. It does not prove the complete associate-class structure of the infinite monoid.
4045,17014/243,1,17014/243,1,mixed_fraction,This is a bounded computational sample. It does not prove the complete associate-class structure of the infinite monoid.
4046,17041/243,1,17041/243,1,mixed_fraction,This is a bounded computational sample. It does not prove the complete associate-class structure of the infinite monoid.
4047,17059/243,1,17059/243,1,mixed_fraction,This is a bounded computational sample. It does not prove the complete associate-class structure of the infinite monoid.
4048,17086/243,1,17086/243,1,mixed_fraction,This is a bounded computational sample. It does not prove the complete associate-class structure of the infinite monoid.
4049,17101/243,1,17101/243,1,mixed_fraction,This is a bounded computational sample. It does not prove the complete associate-class structure of the infinite monoid.
4050,17140/243,1,17140/243,1,mixed_fraction,This is a bounded computational sample. It does not prove the complete associate-class structure of the infinite monoid.
4051,17176/243,1,17176/243,1,mixed_fraction,This is a bounded computational sample. It does not prove the complete associate-class structure of the infinite monoid.
4052,17194/243,1,17194/243,1,mixed_fraction,This is a bounded computational sample. It does not prove the complete associate-class structure of the infinite monoid.
4053,17203/243,1,17203/243,1,mixed_fraction,This is a bounded computational sample. It does not prove the complete associate-class structure of the infinite monoid.
4054,17221/243,1,17221/243,1,mixed_fraction,This is a bounded computational sample. It does not prove the complete associate-class structure of the infinite monoid.
4055,17248/243,1,17248/243,1,mixed_fraction,This is a bounded computational sample. It does not prove the complete associate-class structure of the infinite monoid.
4056,17275/243,1,17275/243,1,mixed_fraction,This is a bounded computational sample. It does not prove the complete associate-class structure of the infinite monoid.
4057,17284/243,1,17284/243,1,mixed_fraction,This is a bounded computational sample. It does not prove the complete associate-class structure of the infinite monoid.
4058,17329/243,1,17329/243,1,mixed_fraction,This is a bounded computational sample. It does not prove the complete associate-class structure of the infinite monoid.
4059,17344/243,1,17344/243,1,mixed_fraction,This is a bounded computational sample. It does not prove the complete associate-class structure of the infinite monoid.
4060,17365/243,1,17365/243,1,mixed_fraction,This is a bounded computational sample. It does not prove the complete associate-class structure of the infinite monoid.
4061,17383/243,1,17383/243,1,mixed_fraction,This is a bounded computational sample. It does not prove the complete associate-class structure of the infinite monoid.
4062,17410/243,1,17410/243,1,mixed_fraction,This is a bounded computational sample. It does not prove the complete associate-class structure of the infinite monoid.
4063,17419/243,1,17419/243,1,mixed_fraction,This is a bounded computational sample. It does not prove the complete associate-class structure of the infinite monoid.
4064,17446/243,1,17446/243,1,mixed_fraction,This is a bounded computational sample. It does not prove the complete associate-class structure of the infinite monoid.
4065,17464/243,1,17464/243,1,mixed_fraction,This is a bounded computational sample. It does not prove the complete associate-class structure of the infinite monoid.
4066,17491/243,1,17491/243,1,mixed_fraction,This is a bounded computational sample. It does not prove the complete associate-class structure of the infinite monoid.
4067,17518/243,1,17518/243,1,mixed_fraction,This is a bounded computational sample. It does not prove the complete associate-class structure of the infinite monoid.
4068,17608/243,1,17608/243,1,mixed_fraction,This is a bounded computational sample. It does not prove the complete associate-class structure of the infinite monoid.
4069,17626/243,1,17626/243,1,mixed_fraction,This is a bounded computational sample. It does not prove the complete associate-class structure of the infinite monoid.
4070,17653/243,1,17653/243,1,mixed_fraction,This is a bounded computational sample. It does not prove the complete associate-class structure of the infinite monoid.
4071,17680/243,1,17680/243,1,mixed_fraction,This is a bounded computational sample. It does not prove the complete associate-class structure of the infinite monoid.
4072,17689/243,1,17689/243,1,mixed_fraction,This is a bounded computational sample. It does not prove the complete associate-class structure of the infinite monoid.
4073,17734/243,1,17734/243,1,mixed_fraction,This is a bounded computational sample. It does not prove the complete associate-class structure of the infinite monoid.
4074,17761/243,1,17761/243,1,mixed_fraction,This is a bounded computational sample. It does not prove the complete associate-class structure of the infinite monoid.
4075,17815/243,1,17815/243,1,mixed_fraction,This is a bounded computational sample. It does not prove the complete associate-class structure of the infinite monoid.
4076,17851/243,1,17851/243,1,mixed_fraction,This is a bounded computational sample. It does not prove the complete associate-class structure of the infinite monoid.
4077,17869/243,1,17869/243,1,mixed_fraction,This is a bounded computational sample. It does not prove the complete associate-class structure of the infinite monoid.
4078,17896/243,1,17896/243,1,mixed_fraction,This is a bounded computational sample. It does not prove the complete associate-class structure of the infinite monoid.
4079,17923/243,1,17923/243,1,mixed_fraction,This is a bounded computational sample. It does not prove the complete associate-class structure of the infinite monoid.
4080,18004/243,1,18004/243,1,mixed_fraction,This is a bounded computational sample. It does not prove the complete associate-class structure of the infinite monoid.
4081,18058/243,1,18058/243,1,mixed_fraction,This is a bounded computational sample. It does not prove the complete associate-class structure of the infinite monoid.
4082,18085/243,1,18085/243,1,mixed_fraction,This is a bounded computational sample. It does not prove the complete associate-class structure of the infinite monoid.
4083,18094/243,1,18094/243,1,mixed_fraction,This is a bounded computational sample. It does not prove the complete associate-class structure of the infinite monoid.
4084,18139/243,1,18139/243,1,mixed_fraction,This is a bounded computational sample. It does not prove the complete associate-class structure of the infinite monoid.
4085,18166/243,1,18166/243,1,mixed_fraction,This is a bounded computational sample. It does not prove the complete associate-class structure of the infinite monoid.
4086,18301/243,1,18301/243,1,mixed_fraction,This is a bounded computational sample. It does not prove the complete associate-class structure of the infinite monoid.
4087,18328/243,1,18328/243,1,mixed_fraction,This is a bounded computational sample. It does not prove the complete associate-class structure of the infinite monoid.
4088,18409/243,1,18409/243,1,mixed_fraction,This is a bounded computational sample. It does not prove the complete associate-class structure of the infinite monoid.
4089,18490/243,1,18490/243,1,mixed_fraction,This is a bounded computational sample. It does not prove the complete associate-class structure of the infinite monoid.
4090,18544/243,1,18544/243,1,mixed_fraction,This is a bounded computational sample. It does not prove the complete associate-class structure of the infinite monoid.
4091,18571/243,1,18571/243,1,mixed_fraction,This is a bounded computational sample. It does not prove the complete associate-class structure of the infinite monoid.
4092,18733/243,1,18733/243,1,mixed_fraction,This is a bounded computational sample. It does not prove the complete associate-class structure of the infinite monoid.
4093,18814/243,1,18814/243,1,mixed_fraction,This is a bounded computational sample. It does not prove the complete associate-class structure of the infinite monoid.
4094,18976/243,1,18976/243,1,mixed_fraction,This is a bounded computational sample. It does not prove the complete associate-class structure of the infinite monoid.
4095,19219/243,1,19219/243,1,mixed_fraction,This is a bounded computational sample. It does not prove the complete associate-class structure of the infinite monoid.
