element,decimal_approx,classification,decomposition_witness,is_theoretical_atom_within_degree_bound,notes
0,0.00000000,zero,,no,Zero is not an atom in any monoid.
1,1.00000000,candidate_atom,,yes,"This is a bounded computational sample. It does not prove atomicity, unique factorization, IDF behavior, or any infinite mathematical property."
2,2.00000000,decomposable,1 + 1,no,"This is a bounded computational sample. It does not prove atomicity, unique factorization, IDF behavior, or any infinite mathematical property."
3,3.00000000,decomposable,3/2 + 3/2,no,"This is a bounded computational sample. It does not prove atomicity, unique factorization, IDF behavior, or any infinite mathematical property."
3/2,1.50000000,candidate_atom,,yes,"This is a bounded computational sample. It does not prove atomicity, unique factorization, IDF behavior, or any infinite mathematical property."
4,4.00000000,decomposable,3/2 + 5/2,no,"This is a bounded computational sample. It does not prove atomicity, unique factorization, IDF behavior, or any infinite mathematical property."
5,5.00000000,decomposable,3/2 + 7/2,no,"This is a bounded computational sample. It does not prove atomicity, unique factorization, IDF behavior, or any infinite mathematical property."
5/2,2.50000000,decomposable,3/2 + 1,no,"This is a bounded computational sample. It does not prove atomicity, unique factorization, IDF behavior, or any infinite mathematical property."
6,6.00000000,decomposable,3/2 + 9/2,no,"This is a bounded computational sample. It does not prove atomicity, unique factorization, IDF behavior, or any infinite mathematical property."
7,7.00000000,decomposable,3/2 + 11/2,no,"This is a bounded computational sample. It does not prove atomicity, unique factorization, IDF behavior, or any infinite mathematical property."
7/2,3.50000000,decomposable,3/2 + 2,no,"This is a bounded computational sample. It does not prove atomicity, unique factorization, IDF behavior, or any infinite mathematical property."
8,8.00000000,decomposable,3/2 + 13/2,no,"This is a bounded computational sample. It does not prove atomicity, unique factorization, IDF behavior, or any infinite mathematical property."
9,9.00000000,decomposable,3/2 + 15/2,no,"This is a bounded computational sample. It does not prove atomicity, unique factorization, IDF behavior, or any infinite mathematical property."
9/2,4.50000000,decomposable,3/2 + 3,no,"This is a bounded computational sample. It does not prove atomicity, unique factorization, IDF behavior, or any infinite mathematical property."
9/4,2.25000000,candidate_atom,,yes,"This is a bounded computational sample. It does not prove atomicity, unique factorization, IDF behavior, or any infinite mathematical property."
10,10.00000000,decomposable,3/2 + 17/2,no,"This is a bounded computational sample. It does not prove atomicity, unique factorization, IDF behavior, or any infinite mathematical property."
11,11.00000000,decomposable,3/2 + 19/2,no,"This is a bounded computational sample. It does not prove atomicity, unique factorization, IDF behavior, or any infinite mathematical property."
11/2,5.50000000,decomposable,3/2 + 4,no,"This is a bounded computational sample. It does not prove atomicity, unique factorization, IDF behavior, or any infinite mathematical property."
12,12.00000000,decomposable,3/2 + 21/2,no,"This is a bounded computational sample. It does not prove atomicity, unique factorization, IDF behavior, or any infinite mathematical property."
13,13.00000000,decomposable,3/2 + 23/2,no,"This is a bounded computational sample. It does not prove atomicity, unique factorization, IDF behavior, or any infinite mathematical property."
13/2,6.50000000,decomposable,3/2 + 5,no,"This is a bounded computational sample. It does not prove atomicity, unique factorization, IDF behavior, or any infinite mathematical property."
13/4,3.25000000,decomposable,9/4 + 1,no,"This is a bounded computational sample. It does not prove atomicity, unique factorization, IDF behavior, or any infinite mathematical property."
14,14.00000000,decomposable,3/2 + 25/2,no,"This is a bounded computational sample. It does not prove atomicity, unique factorization, IDF behavior, or any infinite mathematical property."
15,15.00000000,decomposable,3/2 + 27/2,no,"This is a bounded computational sample. It does not prove atomicity, unique factorization, IDF behavior, or any infinite mathematical property."
15/2,7.50000000,decomposable,3/2 + 6,no,"This is a bounded computational sample. It does not prove atomicity, unique factorization, IDF behavior, or any infinite mathematical property."
15/4,3.75000000,decomposable,3/2 + 9/4,no,"This is a bounded computational sample. It does not prove atomicity, unique factorization, IDF behavior, or any infinite mathematical property."
16,16.00000000,decomposable,3/2 + 29/2,no,"This is a bounded computational sample. It does not prove atomicity, unique factorization, IDF behavior, or any infinite mathematical property."
17,17.00000000,decomposable,3/2 + 31/2,no,"This is a bounded computational sample. It does not prove atomicity, unique factorization, IDF behavior, or any infinite mathematical property."
17/2,8.50000000,decomposable,3/2 + 7,no,"This is a bounded computational sample. It does not prove atomicity, unique factorization, IDF behavior, or any infinite mathematical property."
17/4,4.25000000,decomposable,9/4 + 2,no,"This is a bounded computational sample. It does not prove atomicity, unique factorization, IDF behavior, or any infinite mathematical property."
18,18.00000000,decomposable,3/2 + 33/2,no,"This is a bounded computational sample. It does not prove atomicity, unique factorization, IDF behavior, or any infinite mathematical property."
19,19.00000000,decomposable,3/2 + 35/2,no,"This is a bounded computational sample. It does not prove atomicity, unique factorization, IDF behavior, or any infinite mathematical property."
19/2,9.50000000,decomposable,3/2 + 8,no,"This is a bounded computational sample. It does not prove atomicity, unique factorization, IDF behavior, or any infinite mathematical property."
19/4,4.75000000,decomposable,3/2 + 13/4,no,"This is a bounded computational sample. It does not prove atomicity, unique factorization, IDF behavior, or any infinite mathematical property."
20,20.00000000,decomposable,3/2 + 37/2,no,"This is a bounded computational sample. It does not prove atomicity, unique factorization, IDF behavior, or any infinite mathematical property."
21,21.00000000,decomposable,3/2 + 39/2,no,"This is a bounded computational sample. It does not prove atomicity, unique factorization, IDF behavior, or any infinite mathematical property."
21/2,10.50000000,decomposable,3/2 + 9,no,"This is a bounded computational sample. It does not prove atomicity, unique factorization, IDF behavior, or any infinite mathematical property."
21/4,5.25000000,decomposable,3/2 + 15/4,no,"This is a bounded computational sample. It does not prove atomicity, unique factorization, IDF behavior, or any infinite mathematical property."
22,22.00000000,decomposable,3/2 + 41/2,no,"This is a bounded computational sample. It does not prove atomicity, unique factorization, IDF behavior, or any infinite mathematical property."
23,23.00000000,decomposable,3/2 + 43/2,no,"This is a bounded computational sample. It does not prove atomicity, unique factorization, IDF behavior, or any infinite mathematical property."
23/2,11.50000000,decomposable,3/2 + 10,no,"This is a bounded computational sample. It does not prove atomicity, unique factorization, IDF behavior, or any infinite mathematical property."
23/4,5.75000000,decomposable,3/2 + 17/4,no,"This is a bounded computational sample. It does not prove atomicity, unique factorization, IDF behavior, or any infinite mathematical property."
24,24.00000000,decomposable,3/2 + 45/2,no,"This is a bounded computational sample. It does not prove atomicity, unique factorization, IDF behavior, or any infinite mathematical property."
25,25.00000000,decomposable,3/2 + 47/2,no,"This is a bounded computational sample. It does not prove atomicity, unique factorization, IDF behavior, or any infinite mathematical property."
25/2,12.50000000,decomposable,3/2 + 11,no,"This is a bounded computational sample. It does not prove atomicity, unique factorization, IDF behavior, or any infinite mathematical property."
25/4,6.25000000,decomposable,3/2 + 19/4,no,"This is a bounded computational sample. It does not prove atomicity, unique factorization, IDF behavior, or any infinite mathematical property."
26,26.00000000,decomposable,3/2 + 49/2,no,"This is a bounded computational sample. It does not prove atomicity, unique factorization, IDF behavior, or any infinite mathematical property."
27,27.00000000,decomposable,3/2 + 51/2,no,"This is a bounded computational sample. It does not prove atomicity, unique factorization, IDF behavior, or any infinite mathematical property."
27/2,13.50000000,decomposable,3/2 + 12,no,"This is a bounded computational sample. It does not prove atomicity, unique factorization, IDF behavior, or any infinite mathematical property."
27/4,6.75000000,decomposable,3/2 + 21/4,no,"This is a bounded computational sample. It does not prove atomicity, unique factorization, IDF behavior, or any infinite mathematical property."
27/8,3.37500000,candidate_atom,,yes,"This is a bounded computational sample. It does not prove atomicity, unique factorization, IDF behavior, or any infinite mathematical property."
28,28.00000000,decomposable,3/2 + 53/2,no,"This is a bounded computational sample. It does not prove atomicity, unique factorization, IDF behavior, or any infinite mathematical property."
29,29.00000000,decomposable,3/2 + 55/2,no,"This is a bounded computational sample. It does not prove atomicity, unique factorization, IDF behavior, or any infinite mathematical property."
29/2,14.50000000,decomposable,3/2 + 13,no,"This is a bounded computational sample. It does not prove atomicity, unique factorization, IDF behavior, or any infinite mathematical property."
29/4,7.25000000,decomposable,3/2 + 23/4,no,"This is a bounded computational sample. It does not prove atomicity, unique factorization, IDF behavior, or any infinite mathematical property."
30,30.00000000,decomposable,3/2 + 57/2,no,"This is a bounded computational sample. It does not prove atomicity, unique factorization, IDF behavior, or any infinite mathematical property."
31,31.00000000,decomposable,3/2 + 59/2,no,"This is a bounded computational sample. It does not prove atomicity, unique factorization, IDF behavior, or any infinite mathematical property."
31/2,15.50000000,decomposable,3/2 + 14,no,"This is a bounded computational sample. It does not prove atomicity, unique factorization, IDF behavior, or any infinite mathematical property."
31/4,7.75000000,decomposable,3/2 + 25/4,no,"This is a bounded computational sample. It does not prove atomicity, unique factorization, IDF behavior, or any infinite mathematical property."
32,32.00000000,decomposable,3/2 + 61/2,no,"This is a bounded computational sample. It does not prove atomicity, unique factorization, IDF behavior, or any infinite mathematical property."
33,33.00000000,decomposable,3/2 + 63/2,no,"This is a bounded computational sample. It does not prove atomicity, unique factorization, IDF behavior, or any infinite mathematical property."
33/2,16.50000000,decomposable,3/2 + 15,no,"This is a bounded computational sample. It does not prove atomicity, unique factorization, IDF behavior, or any infinite mathematical property."
33/4,8.25000000,decomposable,3/2 + 27/4,no,"This is a bounded computational sample. It does not prove atomicity, unique factorization, IDF behavior, or any infinite mathematical property."
34,34.00000000,decomposable,3/2 + 65/2,no,"This is a bounded computational sample. It does not prove atomicity, unique factorization, IDF behavior, or any infinite mathematical property."
35,35.00000000,decomposable,3/2 + 67/2,no,"This is a bounded computational sample. It does not prove atomicity, unique factorization, IDF behavior, or any infinite mathematical property."
35/2,17.50000000,decomposable,3/2 + 16,no,"This is a bounded computational sample. It does not prove atomicity, unique factorization, IDF behavior, or any infinite mathematical property."
35/4,8.75000000,decomposable,3/2 + 29/4,no,"This is a bounded computational sample. It does not prove atomicity, unique factorization, IDF behavior, or any infinite mathematical property."
35/8,4.37500000,decomposable,27/8 + 1,no,"This is a bounded computational sample. It does not prove atomicity, unique factorization, IDF behavior, or any infinite mathematical property."
36,36.00000000,decomposable,3/2 + 69/2,no,"This is a bounded computational sample. It does not prove atomicity, unique factorization, IDF behavior, or any infinite mathematical property."
37,37.00000000,decomposable,3/2 + 71/2,no,"This is a bounded computational sample. It does not prove atomicity, unique factorization, IDF behavior, or any infinite mathematical property."
37/2,18.50000000,decomposable,3/2 + 17,no,"This is a bounded computational sample. It does not prove atomicity, unique factorization, IDF behavior, or any infinite mathematical property."
37/4,9.25000000,decomposable,3/2 + 31/4,no,"This is a bounded computational sample. It does not prove atomicity, unique factorization, IDF behavior, or any infinite mathematical property."
38,38.00000000,decomposable,3/2 + 73/2,no,"This is a bounded computational sample. It does not prove atomicity, unique factorization, IDF behavior, or any infinite mathematical property."
39,39.00000000,decomposable,3/2 + 75/2,no,"This is a bounded computational sample. It does not prove atomicity, unique factorization, IDF behavior, or any infinite mathematical property."
39/2,19.50000000,decomposable,3/2 + 18,no,"This is a bounded computational sample. It does not prove atomicity, unique factorization, IDF behavior, or any infinite mathematical property."
39/4,9.75000000,decomposable,3/2 + 33/4,no,"This is a bounded computational sample. It does not prove atomicity, unique factorization, IDF behavior, or any infinite mathematical property."
39/8,4.87500000,decomposable,3/2 + 27/8,no,"This is a bounded computational sample. It does not prove atomicity, unique factorization, IDF behavior, or any infinite mathematical property."
40,40.00000000,decomposable,3/2 + 77/2,no,"This is a bounded computational sample. It does not prove atomicity, unique factorization, IDF behavior, or any infinite mathematical property."
41,41.00000000,decomposable,3/2 + 79/2,no,"This is a bounded computational sample. It does not prove atomicity, unique factorization, IDF behavior, or any infinite mathematical property."
41/2,20.50000000,decomposable,3/2 + 19,no,"This is a bounded computational sample. It does not prove atomicity, unique factorization, IDF behavior, or any infinite mathematical property."
41/4,10.25000000,decomposable,3/2 + 35/4,no,"This is a bounded computational sample. It does not prove atomicity, unique factorization, IDF behavior, or any infinite mathematical property."
42,42.00000000,decomposable,3/2 + 81/2,no,"This is a bounded computational sample. It does not prove atomicity, unique factorization, IDF behavior, or any infinite mathematical property."
43,43.00000000,decomposable,3/2 + 83/2,no,"This is a bounded computational sample. It does not prove atomicity, unique factorization, IDF behavior, or any infinite mathematical property."
43/2,21.50000000,decomposable,3/2 + 20,no,"This is a bounded computational sample. It does not prove atomicity, unique factorization, IDF behavior, or any infinite mathematical property."
43/4,10.75000000,decomposable,3/2 + 37/4,no,"This is a bounded computational sample. It does not prove atomicity, unique factorization, IDF behavior, or any infinite mathematical property."
43/8,5.37500000,decomposable,27/8 + 2,no,"This is a bounded computational sample. It does not prove atomicity, unique factorization, IDF behavior, or any infinite mathematical property."
44,44.00000000,decomposable,3/2 + 85/2,no,"This is a bounded computational sample. It does not prove atomicity, unique factorization, IDF behavior, or any infinite mathematical property."
45,45.00000000,decomposable,3/2 + 87/2,no,"This is a bounded computational sample. It does not prove atomicity, unique factorization, IDF behavior, or any infinite mathematical property."
45/2,22.50000000,decomposable,3/2 + 21,no,"This is a bounded computational sample. It does not prove atomicity, unique factorization, IDF behavior, or any infinite mathematical property."
45/4,11.25000000,decomposable,3/2 + 39/4,no,"This is a bounded computational sample. It does not prove atomicity, unique factorization, IDF behavior, or any infinite mathematical property."
45/8,5.62500000,decomposable,9/4 + 27/8,no,"This is a bounded computational sample. It does not prove atomicity, unique factorization, IDF behavior, or any infinite mathematical property."
46,46.00000000,decomposable,3/2 + 89/2,no,"This is a bounded computational sample. It does not prove atomicity, unique factorization, IDF behavior, or any infinite mathematical property."
47,47.00000000,decomposable,3/2 + 91/2,no,"This is a bounded computational sample. It does not prove atomicity, unique factorization, IDF behavior, or any infinite mathematical property."
47/2,23.50000000,decomposable,3/2 + 22,no,"This is a bounded computational sample. It does not prove atomicity, unique factorization, IDF behavior, or any infinite mathematical property."
47/4,11.75000000,decomposable,3/2 + 41/4,no,"This is a bounded computational sample. It does not prove atomicity, unique factorization, IDF behavior, or any infinite mathematical property."
47/8,5.87500000,decomposable,3/2 + 35/8,no,"This is a bounded computational sample. It does not prove atomicity, unique factorization, IDF behavior, or any infinite mathematical property."
48,48.00000000,decomposable,3/2 + 93/2,no,"This is a bounded computational sample. It does not prove atomicity, unique factorization, IDF behavior, or any infinite mathematical property."
49,49.00000000,decomposable,3/2 + 95/2,no,"This is a bounded computational sample. It does not prove atomicity, unique factorization, IDF behavior, or any infinite mathematical property."
49/2,24.50000000,decomposable,3/2 + 23,no,"This is a bounded computational sample. It does not prove atomicity, unique factorization, IDF behavior, or any infinite mathematical property."
49/4,12.25000000,decomposable,3/2 + 43/4,no,"This is a bounded computational sample. It does not prove atomicity, unique factorization, IDF behavior, or any infinite mathematical property."
50,50.00000000,decomposable,3/2 + 97/2,no,"This is a bounded computational sample. It does not prove atomicity, unique factorization, IDF behavior, or any infinite mathematical property."
51,51.00000000,decomposable,3/2 + 99/2,no,"This is a bounded computational sample. It does not prove atomicity, unique factorization, IDF behavior, or any infinite mathematical property."
51/2,25.50000000,decomposable,3/2 + 24,no,"This is a bounded computational sample. It does not prove atomicity, unique factorization, IDF behavior, or any infinite mathematical property."
51/4,12.75000000,decomposable,3/2 + 45/4,no,"This is a bounded computational sample. It does not prove atomicity, unique factorization, IDF behavior, or any infinite mathematical property."
51/8,6.37500000,decomposable,3/2 + 39/8,no,"This is a bounded computational sample. It does not prove atomicity, unique factorization, IDF behavior, or any infinite mathematical property."
53/2,26.50000000,decomposable,3/2 + 25,no,"This is a bounded computational sample. It does not prove atomicity, unique factorization, IDF behavior, or any infinite mathematical property."
53/4,13.25000000,decomposable,3/2 + 47/4,no,"This is a bounded computational sample. It does not prove atomicity, unique factorization, IDF behavior, or any infinite mathematical property."
53/8,6.62500000,decomposable,9/4 + 35/8,no,"This is a bounded computational sample. It does not prove atomicity, unique factorization, IDF behavior, or any infinite mathematical property."
55/2,27.50000000,decomposable,3/2 + 26,no,"This is a bounded computational sample. It does not prove atomicity, unique factorization, IDF behavior, or any infinite mathematical property."
55/4,13.75000000,decomposable,3/2 + 49/4,no,"This is a bounded computational sample. It does not prove atomicity, unique factorization, IDF behavior, or any infinite mathematical property."
55/8,6.87500000,decomposable,3/2 + 43/8,no,"This is a bounded computational sample. It does not prove atomicity, unique factorization, IDF behavior, or any infinite mathematical property."
57/2,28.50000000,decomposable,3/2 + 27,no,"This is a bounded computational sample. It does not prove atomicity, unique factorization, IDF behavior, or any infinite mathematical property."
57/4,14.25000000,decomposable,3/2 + 51/4,no,"This is a bounded computational sample. It does not prove atomicity, unique factorization, IDF behavior, or any infinite mathematical property."
57/8,7.12500000,decomposable,3/2 + 45/8,no,"This is a bounded computational sample. It does not prove atomicity, unique factorization, IDF behavior, or any infinite mathematical property."
59/2,29.50000000,decomposable,3/2 + 28,no,"This is a bounded computational sample. It does not prove atomicity, unique factorization, IDF behavior, or any infinite mathematical property."
59/4,14.75000000,decomposable,3/2 + 53/4,no,"This is a bounded computational sample. It does not prove atomicity, unique factorization, IDF behavior, or any infinite mathematical property."
59/8,7.37500000,decomposable,3/2 + 47/8,no,"This is a bounded computational sample. It does not prove atomicity, unique factorization, IDF behavior, or any infinite mathematical property."
61/2,30.50000000,decomposable,3/2 + 29,no,"This is a bounded computational sample. It does not prove atomicity, unique factorization, IDF behavior, or any infinite mathematical property."
61/4,15.25000000,decomposable,3/2 + 55/4,no,"This is a bounded computational sample. It does not prove atomicity, unique factorization, IDF behavior, or any infinite mathematical property."
61/8,7.62500000,decomposable,9/4 + 43/8,no,"This is a bounded computational sample. It does not prove atomicity, unique factorization, IDF behavior, or any infinite mathematical property."
63/2,31.50000000,decomposable,3/2 + 30,no,"This is a bounded computational sample. It does not prove atomicity, unique factorization, IDF behavior, or any infinite mathematical property."
63/4,15.75000000,decomposable,3/2 + 57/4,no,"This is a bounded computational sample. It does not prove atomicity, unique factorization, IDF behavior, or any infinite mathematical property."
63/8,7.87500000,decomposable,3/2 + 51/8,no,"This is a bounded computational sample. It does not prove atomicity, unique factorization, IDF behavior, or any infinite mathematical property."
65/2,32.50000000,decomposable,3/2 + 31,no,"This is a bounded computational sample. It does not prove atomicity, unique factorization, IDF behavior, or any infinite mathematical property."
65/4,16.25000000,decomposable,3/2 + 59/4,no,"This is a bounded computational sample. It does not prove atomicity, unique factorization, IDF behavior, or any infinite mathematical property."
65/8,8.12500000,decomposable,3/2 + 53/8,no,"This is a bounded computational sample. It does not prove atomicity, unique factorization, IDF behavior, or any infinite mathematical property."
67/2,33.50000000,decomposable,3/2 + 32,no,"This is a bounded computational sample. It does not prove atomicity, unique factorization, IDF behavior, or any infinite mathematical property."
67/4,16.75000000,decomposable,3/2 + 61/4,no,"This is a bounded computational sample. It does not prove atomicity, unique factorization, IDF behavior, or any infinite mathematical property."
67/8,8.37500000,decomposable,3/2 + 55/8,no,"This is a bounded computational sample. It does not prove atomicity, unique factorization, IDF behavior, or any infinite mathematical property."
69/2,34.50000000,decomposable,3/2 + 33,no,"This is a bounded computational sample. It does not prove atomicity, unique factorization, IDF behavior, or any infinite mathematical property."
69/4,17.25000000,decomposable,3/2 + 63/4,no,"This is a bounded computational sample. It does not prove atomicity, unique factorization, IDF behavior, or any infinite mathematical property."
69/8,8.62500000,decomposable,3/2 + 57/8,no,"This is a bounded computational sample. It does not prove atomicity, unique factorization, IDF behavior, or any infinite mathematical property."
71/2,35.50000000,decomposable,3/2 + 34,no,"This is a bounded computational sample. It does not prove atomicity, unique factorization, IDF behavior, or any infinite mathematical property."
71/4,17.75000000,decomposable,3/2 + 65/4,no,"This is a bounded computational sample. It does not prove atomicity, unique factorization, IDF behavior, or any infinite mathematical property."
71/8,8.87500000,decomposable,3/2 + 59/8,no,"This is a bounded computational sample. It does not prove atomicity, unique factorization, IDF behavior, or any infinite mathematical property."
73/2,36.50000000,decomposable,3/2 + 35,no,"This is a bounded computational sample. It does not prove atomicity, unique factorization, IDF behavior, or any infinite mathematical property."
73/4,18.25000000,decomposable,3/2 + 67/4,no,"This is a bounded computational sample. It does not prove atomicity, unique factorization, IDF behavior, or any infinite mathematical property."
73/8,9.12500000,decomposable,3/2 + 61/8,no,"This is a bounded computational sample. It does not prove atomicity, unique factorization, IDF behavior, or any infinite mathematical property."
75/2,37.50000000,decomposable,3/2 + 36,no,"This is a bounded computational sample. It does not prove atomicity, unique factorization, IDF behavior, or any infinite mathematical property."
75/4,18.75000000,decomposable,3/2 + 69/4,no,"This is a bounded computational sample. It does not prove atomicity, unique factorization, IDF behavior, or any infinite mathematical property."
75/8,9.37500000,decomposable,3/2 + 63/8,no,"This is a bounded computational sample. It does not prove atomicity, unique factorization, IDF behavior, or any infinite mathematical property."
77/2,38.50000000,decomposable,3/2 + 37,no,"This is a bounded computational sample. It does not prove atomicity, unique factorization, IDF behavior, or any infinite mathematical property."
77/4,19.25000000,decomposable,3/2 + 71/4,no,"This is a bounded computational sample. It does not prove atomicity, unique factorization, IDF behavior, or any infinite mathematical property."
77/8,9.62500000,decomposable,3/2 + 65/8,no,"This is a bounded computational sample. It does not prove atomicity, unique factorization, IDF behavior, or any infinite mathematical property."
79/2,39.50000000,decomposable,3/2 + 38,no,"This is a bounded computational sample. It does not prove atomicity, unique factorization, IDF behavior, or any infinite mathematical property."
79/4,19.75000000,decomposable,3/2 + 73/4,no,"This is a bounded computational sample. It does not prove atomicity, unique factorization, IDF behavior, or any infinite mathematical property."
79/8,9.87500000,decomposable,3/2 + 67/8,no,"This is a bounded computational sample. It does not prove atomicity, unique factorization, IDF behavior, or any infinite mathematical property."
81/2,40.50000000,decomposable,3/2 + 39,no,"This is a bounded computational sample. It does not prove atomicity, unique factorization, IDF behavior, or any infinite mathematical property."
81/4,20.25000000,decomposable,3/2 + 75/4,no,"This is a bounded computational sample. It does not prove atomicity, unique factorization, IDF behavior, or any infinite mathematical property."
81/8,10.12500000,decomposable,3/2 + 69/8,no,"This is a bounded computational sample. It does not prove atomicity, unique factorization, IDF behavior, or any infinite mathematical property."
81/16,5.06250000,candidate_atom,,yes,"This is a bounded computational sample. It does not prove atomicity, unique factorization, IDF behavior, or any infinite mathematical property."
83/2,41.50000000,decomposable,3/2 + 40,no,"This is a bounded computational sample. It does not prove atomicity, unique factorization, IDF behavior, or any infinite mathematical property."
83/4,20.75000000,decomposable,3/2 + 77/4,no,"This is a bounded computational sample. It does not prove atomicity, unique factorization, IDF behavior, or any infinite mathematical property."
83/8,10.37500000,decomposable,3/2 + 71/8,no,"This is a bounded computational sample. It does not prove atomicity, unique factorization, IDF behavior, or any infinite mathematical property."
85/2,42.50000000,decomposable,3/2 + 41,no,"This is a bounded computational sample. It does not prove atomicity, unique factorization, IDF behavior, or any infinite mathematical property."
85/4,21.25000000,decomposable,3/2 + 79/4,no,"This is a bounded computational sample. It does not prove atomicity, unique factorization, IDF behavior, or any infinite mathematical property."
85/8,10.62500000,decomposable,3/2 + 73/8,no,"This is a bounded computational sample. It does not prove atomicity, unique factorization, IDF behavior, or any infinite mathematical property."
87/2,43.50000000,decomposable,3/2 + 42,no,"This is a bounded computational sample. It does not prove atomicity, unique factorization, IDF behavior, or any infinite mathematical property."
87/4,21.75000000,decomposable,3/2 + 81/4,no,"This is a bounded computational sample. It does not prove atomicity, unique factorization, IDF behavior, or any infinite mathematical property."
87/8,10.87500000,decomposable,3/2 + 75/8,no,"This is a bounded computational sample. It does not prove atomicity, unique factorization, IDF behavior, or any infinite mathematical property."
89/2,44.50000000,decomposable,3/2 + 43,no,"This is a bounded computational sample. It does not prove atomicity, unique factorization, IDF behavior, or any infinite mathematical property."
89/4,22.25000000,decomposable,3/2 + 83/4,no,"This is a bounded computational sample. It does not prove atomicity, unique factorization, IDF behavior, or any infinite mathematical property."
89/8,11.12500000,decomposable,3/2 + 77/8,no,"This is a bounded computational sample. It does not prove atomicity, unique factorization, IDF behavior, or any infinite mathematical property."
91/2,45.50000000,decomposable,3/2 + 44,no,"This is a bounded computational sample. It does not prove atomicity, unique factorization, IDF behavior, or any infinite mathematical property."
91/4,22.75000000,decomposable,3/2 + 85/4,no,"This is a bounded computational sample. It does not prove atomicity, unique factorization, IDF behavior, or any infinite mathematical property."
91/8,11.37500000,decomposable,3/2 + 79/8,no,"This is a bounded computational sample. It does not prove atomicity, unique factorization, IDF behavior, or any infinite mathematical property."
93/2,46.50000000,decomposable,3/2 + 45,no,"This is a bounded computational sample. It does not prove atomicity, unique factorization, IDF behavior, or any infinite mathematical property."
93/4,23.25000000,decomposable,3/2 + 87/4,no,"This is a bounded computational sample. It does not prove atomicity, unique factorization, IDF behavior, or any infinite mathematical property."
93/8,11.62500000,decomposable,3/2 + 81/8,no,"This is a bounded computational sample. It does not prove atomicity, unique factorization, IDF behavior, or any infinite mathematical property."
95/2,47.50000000,decomposable,3/2 + 46,no,"This is a bounded computational sample. It does not prove atomicity, unique factorization, IDF behavior, or any infinite mathematical property."
95/4,23.75000000,decomposable,3/2 + 89/4,no,"This is a bounded computational sample. It does not prove atomicity, unique factorization, IDF behavior, or any infinite mathematical property."
95/8,11.87500000,decomposable,3/2 + 83/8,no,"This is a bounded computational sample. It does not prove atomicity, unique factorization, IDF behavior, or any infinite mathematical property."
97/2,48.50000000,decomposable,3/2 + 47,no,"This is a bounded computational sample. It does not prove atomicity, unique factorization, IDF behavior, or any infinite mathematical property."
97/4,24.25000000,decomposable,3/2 + 91/4,no,"This is a bounded computational sample. It does not prove atomicity, unique factorization, IDF behavior, or any infinite mathematical property."
97/8,12.12500000,decomposable,3/2 + 85/8,no,"This is a bounded computational sample. It does not prove atomicity, unique factorization, IDF behavior, or any infinite mathematical property."
97/16,6.06250000,decomposable,81/16 + 1,no,"This is a bounded computational sample. It does not prove atomicity, unique factorization, IDF behavior, or any infinite mathematical property."
99/2,49.50000000,decomposable,3/2 + 48,no,"This is a bounded computational sample. It does not prove atomicity, unique factorization, IDF behavior, or any infinite mathematical property."
99/4,24.75000000,decomposable,3/2 + 93/4,no,"This is a bounded computational sample. It does not prove atomicity, unique factorization, IDF behavior, or any infinite mathematical property."
99/8,12.37500000,decomposable,3/2 + 87/8,no,"This is a bounded computational sample. It does not prove atomicity, unique factorization, IDF behavior, or any infinite mathematical property."
101/2,50.50000000,decomposable,3/2 + 49,no,"This is a bounded computational sample. It does not prove atomicity, unique factorization, IDF behavior, or any infinite mathematical property."
101/4,25.25000000,decomposable,3/2 + 95/4,no,"This is a bounded computational sample. It does not prove atomicity, unique factorization, IDF behavior, or any infinite mathematical property."
101/8,12.62500000,decomposable,3/2 + 89/8,no,"This is a bounded computational sample. It does not prove atomicity, unique factorization, IDF behavior, or any infinite mathematical property."
103/2,51.50000000,decomposable,3/2 + 50,no,"This is a bounded computational sample. It does not prove atomicity, unique factorization, IDF behavior, or any infinite mathematical property."
103/4,25.75000000,decomposable,3/2 + 97/4,no,"This is a bounded computational sample. It does not prove atomicity, unique factorization, IDF behavior, or any infinite mathematical property."
103/8,12.87500000,decomposable,3/2 + 91/8,no,"This is a bounded computational sample. It does not prove atomicity, unique factorization, IDF behavior, or any infinite mathematical property."
105/2,52.50000000,decomposable,3/2 + 51,no,"This is a bounded computational sample. It does not prove atomicity, unique factorization, IDF behavior, or any infinite mathematical property."
105/4,26.25000000,decomposable,3/2 + 99/4,no,"This is a bounded computational sample. It does not prove atomicity, unique factorization, IDF behavior, or any infinite mathematical property."
105/8,13.12500000,decomposable,3/2 + 93/8,no,"This is a bounded computational sample. It does not prove atomicity, unique factorization, IDF behavior, or any infinite mathematical property."
105/16,6.56250000,decomposable,3/2 + 81/16,no,"This is a bounded computational sample. It does not prove atomicity, unique factorization, IDF behavior, or any infinite mathematical property."
107/4,26.75000000,decomposable,3/2 + 101/4,no,"This is a bounded computational sample. It does not prove atomicity, unique factorization, IDF behavior, or any infinite mathematical property."
107/8,13.37500000,decomposable,3/2 + 95/8,no,"This is a bounded computational sample. It does not prove atomicity, unique factorization, IDF behavior, or any infinite mathematical property."
109/4,27.25000000,decomposable,3/2 + 103/4,no,"This is a bounded computational sample. It does not prove atomicity, unique factorization, IDF behavior, or any infinite mathematical property."
109/8,13.62500000,decomposable,3/2 + 97/8,no,"This is a bounded computational sample. It does not prove atomicity, unique factorization, IDF behavior, or any infinite mathematical property."
111/4,27.75000000,decomposable,3/2 + 105/4,no,"This is a bounded computational sample. It does not prove atomicity, unique factorization, IDF behavior, or any infinite mathematical property."
111/8,13.87500000,decomposable,3/2 + 99/8,no,"This is a bounded computational sample. It does not prove atomicity, unique factorization, IDF behavior, or any infinite mathematical property."
113/4,28.25000000,decomposable,3/2 + 107/4,no,"This is a bounded computational sample. It does not prove atomicity, unique factorization, IDF behavior, or any infinite mathematical property."
113/8,14.12500000,decomposable,3/2 + 101/8,no,"This is a bounded computational sample. It does not prove atomicity, unique factorization, IDF behavior, or any infinite mathematical property."
113/16,7.06250000,decomposable,81/16 + 2,no,"This is a bounded computational sample. It does not prove atomicity, unique factorization, IDF behavior, or any infinite mathematical property."
115/4,28.75000000,decomposable,3/2 + 109/4,no,"This is a bounded computational sample. It does not prove atomicity, unique factorization, IDF behavior, or any infinite mathematical property."
115/8,14.37500000,decomposable,3/2 + 103/8,no,"This is a bounded computational sample. It does not prove atomicity, unique factorization, IDF behavior, or any infinite mathematical property."
117/4,29.25000000,decomposable,3/2 + 111/4,no,"This is a bounded computational sample. It does not prove atomicity, unique factorization, IDF behavior, or any infinite mathematical property."
117/8,14.62500000,decomposable,3/2 + 105/8,no,"This is a bounded computational sample. It does not prove atomicity, unique factorization, IDF behavior, or any infinite mathematical property."
117/16,7.31250000,decomposable,9/4 + 81/16,no,"This is a bounded computational sample. It does not prove atomicity, unique factorization, IDF behavior, or any infinite mathematical property."
119/4,29.75000000,decomposable,3/2 + 113/4,no,"This is a bounded computational sample. It does not prove atomicity, unique factorization, IDF behavior, or any infinite mathematical property."
119/8,14.87500000,decomposable,3/2 + 107/8,no,"This is a bounded computational sample. It does not prove atomicity, unique factorization, IDF behavior, or any infinite mathematical property."
121/4,30.25000000,decomposable,3/2 + 115/4,no,"This is a bounded computational sample. It does not prove atomicity, unique factorization, IDF behavior, or any infinite mathematical property."
121/8,15.12500000,decomposable,3/2 + 109/8,no,"This is a bounded computational sample. It does not prove atomicity, unique factorization, IDF behavior, or any infinite mathematical property."
121/16,7.56250000,decomposable,3/2 + 97/16,no,"This is a bounded computational sample. It does not prove atomicity, unique factorization, IDF behavior, or any infinite mathematical property."
123/4,30.75000000,decomposable,3/2 + 117/4,no,"This is a bounded computational sample. It does not prove atomicity, unique factorization, IDF behavior, or any infinite mathematical property."
123/8,15.37500000,decomposable,3/2 + 111/8,no,"This is a bounded computational sample. It does not prove atomicity, unique factorization, IDF behavior, or any infinite mathematical property."
125/4,31.25000000,decomposable,3/2 + 119/4,no,"This is a bounded computational sample. It does not prove atomicity, unique factorization, IDF behavior, or any infinite mathematical property."
125/8,15.62500000,decomposable,3/2 + 113/8,no,"This is a bounded computational sample. It does not prove atomicity, unique factorization, IDF behavior, or any infinite mathematical property."
127/4,31.75000000,decomposable,3/2 + 121/4,no,"This is a bounded computational sample. It does not prove atomicity, unique factorization, IDF behavior, or any infinite mathematical property."
127/8,15.87500000,decomposable,3/2 + 115/8,no,"This is a bounded computational sample. It does not prove atomicity, unique factorization, IDF behavior, or any infinite mathematical property."
129/4,32.25000000,decomposable,3/2 + 123/4,no,"This is a bounded computational sample. It does not prove atomicity, unique factorization, IDF behavior, or any infinite mathematical property."
129/8,16.12500000,decomposable,3/2 + 117/8,no,"This is a bounded computational sample. It does not prove atomicity, unique factorization, IDF behavior, or any infinite mathematical property."
129/16,8.06250000,decomposable,3/2 + 105/16,no,"This is a bounded computational sample. It does not prove atomicity, unique factorization, IDF behavior, or any infinite mathematical property."
131/4,32.75000000,decomposable,3/2 + 125/4,no,"This is a bounded computational sample. It does not prove atomicity, unique factorization, IDF behavior, or any infinite mathematical property."
131/8,16.37500000,decomposable,3/2 + 119/8,no,"This is a bounded computational sample. It does not prove atomicity, unique factorization, IDF behavior, or any infinite mathematical property."
133/4,33.25000000,decomposable,3/2 + 127/4,no,"This is a bounded computational sample. It does not prove atomicity, unique factorization, IDF behavior, or any infinite mathematical property."
133/8,16.62500000,decomposable,3/2 + 121/8,no,"This is a bounded computational sample. It does not prove atomicity, unique factorization, IDF behavior, or any infinite mathematical property."
133/16,8.31250000,decomposable,9/4 + 97/16,no,"This is a bounded computational sample. It does not prove atomicity, unique factorization, IDF behavior, or any infinite mathematical property."
135/4,33.75000000,decomposable,3/2 + 129/4,no,"This is a bounded computational sample. It does not prove atomicity, unique factorization, IDF behavior, or any infinite mathematical property."
135/8,16.87500000,decomposable,3/2 + 123/8,no,"This is a bounded computational sample. It does not prove atomicity, unique factorization, IDF behavior, or any infinite mathematical property."
135/16,8.43750000,decomposable,27/8 + 81/16,no,"This is a bounded computational sample. It does not prove atomicity, unique factorization, IDF behavior, or any infinite mathematical property."
137/4,34.25000000,decomposable,3/2 + 131/4,no,"This is a bounded computational sample. It does not prove atomicity, unique factorization, IDF behavior, or any infinite mathematical property."
137/8,17.12500000,decomposable,3/2 + 125/8,no,"This is a bounded computational sample. It does not prove atomicity, unique factorization, IDF behavior, or any infinite mathematical property."
137/16,8.56250000,decomposable,3/2 + 113/16,no,"This is a bounded computational sample. It does not prove atomicity, unique factorization, IDF behavior, or any infinite mathematical property."
139/4,34.75000000,decomposable,3/2 + 133/4,no,"This is a bounded computational sample. It does not prove atomicity, unique factorization, IDF behavior, or any infinite mathematical property."
139/8,17.37500000,decomposable,3/2 + 127/8,no,"This is a bounded computational sample. It does not prove atomicity, unique factorization, IDF behavior, or any infinite mathematical property."
141/4,35.25000000,decomposable,3/2 + 135/4,no,"This is a bounded computational sample. It does not prove atomicity, unique factorization, IDF behavior, or any infinite mathematical property."
141/8,17.62500000,decomposable,3/2 + 129/8,no,"This is a bounded computational sample. It does not prove atomicity, unique factorization, IDF behavior, or any infinite mathematical property."
141/16,8.81250000,decomposable,3/2 + 117/16,no,"This is a bounded computational sample. It does not prove atomicity, unique factorization, IDF behavior, or any infinite mathematical property."
143/4,35.75000000,decomposable,3/2 + 137/4,no,"This is a bounded computational sample. It does not prove atomicity, unique factorization, IDF behavior, or any infinite mathematical property."
143/8,17.87500000,decomposable,3/2 + 131/8,no,"This is a bounded computational sample. It does not prove atomicity, unique factorization, IDF behavior, or any infinite mathematical property."
145/4,36.25000000,decomposable,3/2 + 139/4,no,"This is a bounded computational sample. It does not prove atomicity, unique factorization, IDF behavior, or any infinite mathematical property."
145/8,18.12500000,decomposable,3/2 + 133/8,no,"This is a bounded computational sample. It does not prove atomicity, unique factorization, IDF behavior, or any infinite mathematical property."
145/16,9.06250000,decomposable,3/2 + 121/16,no,"This is a bounded computational sample. It does not prove atomicity, unique factorization, IDF behavior, or any infinite mathematical property."
147/4,36.75000000,decomposable,3/2 + 141/4,no,"This is a bounded computational sample. It does not prove atomicity, unique factorization, IDF behavior, or any infinite mathematical property."
147/8,18.37500000,decomposable,3/2 + 135/8,no,"This is a bounded computational sample. It does not prove atomicity, unique factorization, IDF behavior, or any infinite mathematical property."
149/4,37.25000000,decomposable,3/2 + 143/4,no,"This is a bounded computational sample. It does not prove atomicity, unique factorization, IDF behavior, or any infinite mathematical property."
149/8,18.62500000,decomposable,3/2 + 137/8,no,"This is a bounded computational sample. It does not prove atomicity, unique factorization, IDF behavior, or any infinite mathematical property."
149/16,9.31250000,decomposable,9/4 + 113/16,no,"This is a bounded computational sample. It does not prove atomicity, unique factorization, IDF behavior, or any infinite mathematical property."
151/4,37.75000000,decomposable,3/2 + 145/4,no,"This is a bounded computational sample. It does not prove atomicity, unique factorization, IDF behavior, or any infinite mathematical property."
151/8,18.87500000,decomposable,3/2 + 139/8,no,"This is a bounded computational sample. It does not prove atomicity, unique factorization, IDF behavior, or any infinite mathematical property."
151/16,9.43750000,decomposable,27/8 + 97/16,no,"This is a bounded computational sample. It does not prove atomicity, unique factorization, IDF behavior, or any infinite mathematical property."
153/4,38.25000000,decomposable,3/2 + 147/4,no,"This is a bounded computational sample. It does not prove atomicity, unique factorization, IDF behavior, or any infinite mathematical property."
153/8,19.12500000,decomposable,3/2 + 141/8,no,"This is a bounded computational sample. It does not prove atomicity, unique factorization, IDF behavior, or any infinite mathematical property."
153/16,9.56250000,decomposable,3/2 + 129/16,no,"This is a bounded computational sample. It does not prove atomicity, unique factorization, IDF behavior, or any infinite mathematical property."
155/4,38.75000000,decomposable,3/2 + 149/4,no,"This is a bounded computational sample. It does not prove atomicity, unique factorization, IDF behavior, or any infinite mathematical property."
155/8,19.37500000,decomposable,3/2 + 143/8,no,"This is a bounded computational sample. It does not prove atomicity, unique factorization, IDF behavior, or any infinite mathematical property."
157/4,39.25000000,decomposable,3/2 + 151/4,no,"This is a bounded computational sample. It does not prove atomicity, unique factorization, IDF behavior, or any infinite mathematical property."
157/8,19.62500000,decomposable,3/2 + 145/8,no,"This is a bounded computational sample. It does not prove atomicity, unique factorization, IDF behavior, or any infinite mathematical property."
157/16,9.81250000,decomposable,3/2 + 133/16,no,"This is a bounded computational sample. It does not prove atomicity, unique factorization, IDF behavior, or any infinite mathematical property."
159/4,39.75000000,decomposable,3/2 + 153/4,no,"This is a bounded computational sample. It does not prove atomicity, unique factorization, IDF behavior, or any infinite mathematical property."
159/8,19.87500000,decomposable,3/2 + 147/8,no,"This is a bounded computational sample. It does not prove atomicity, unique factorization, IDF behavior, or any infinite mathematical property."
159/16,9.93750000,decomposable,3/2 + 135/16,no,"This is a bounded computational sample. It does not prove atomicity, unique factorization, IDF behavior, or any infinite mathematical property."
161/4,40.25000000,decomposable,3/2 + 155/4,no,"This is a bounded computational sample. It does not prove atomicity, unique factorization, IDF behavior, or any infinite mathematical property."
161/8,20.12500000,decomposable,3/2 + 149/8,no,"This is a bounded computational sample. It does not prove atomicity, unique factorization, IDF behavior, or any infinite mathematical property."
161/16,10.06250000,decomposable,3/2 + 137/16,no,"This is a bounded computational sample. It does not prove atomicity, unique factorization, IDF behavior, or any infinite mathematical property."
163/4,40.75000000,decomposable,3/2 + 157/4,no,"This is a bounded computational sample. It does not prove atomicity, unique factorization, IDF behavior, or any infinite mathematical property."
163/8,20.37500000,decomposable,3/2 + 151/8,no,"This is a bounded computational sample. It does not prove atomicity, unique factorization, IDF behavior, or any infinite mathematical property."
165/4,41.25000000,decomposable,3/2 + 159/4,no,"This is a bounded computational sample. It does not prove atomicity, unique factorization, IDF behavior, or any infinite mathematical property."
165/8,20.62500000,decomposable,3/2 + 153/8,no,"This is a bounded computational sample. It does not prove atomicity, unique factorization, IDF behavior, or any infinite mathematical property."
165/16,10.31250000,decomposable,3/2 + 141/16,no,"This is a bounded computational sample. It does not prove atomicity, unique factorization, IDF behavior, or any infinite mathematical property."
167/4,41.75000000,decomposable,3/2 + 161/4,no,"This is a bounded computational sample. It does not prove atomicity, unique factorization, IDF behavior, or any infinite mathematical property."
167/8,20.87500000,decomposable,3/2 + 155/8,no,"This is a bounded computational sample. It does not prove atomicity, unique factorization, IDF behavior, or any infinite mathematical property."
167/16,10.43750000,decomposable,27/8 + 113/16,no,"This is a bounded computational sample. It does not prove atomicity, unique factorization, IDF behavior, or any infinite mathematical property."
169/4,42.25000000,decomposable,3/2 + 163/4,no,"This is a bounded computational sample. It does not prove atomicity, unique factorization, IDF behavior, or any infinite mathematical property."
169/8,21.12500000,decomposable,3/2 + 157/8,no,"This is a bounded computational sample. It does not prove atomicity, unique factorization, IDF behavior, or any infinite mathematical property."
169/16,10.56250000,decomposable,3/2 + 145/16,no,"This is a bounded computational sample. It does not prove atomicity, unique factorization, IDF behavior, or any infinite mathematical property."
171/4,42.75000000,decomposable,3/2 + 165/4,no,"This is a bounded computational sample. It does not prove atomicity, unique factorization, IDF behavior, or any infinite mathematical property."
171/8,21.37500000,decomposable,3/2 + 159/8,no,"This is a bounded computational sample. It does not prove atomicity, unique factorization, IDF behavior, or any infinite mathematical property."
171/16,10.68750000,decomposable,9/4 + 135/16,no,"This is a bounded computational sample. It does not prove atomicity, unique factorization, IDF behavior, or any infinite mathematical property."
173/4,43.25000000,decomposable,3/2 + 167/4,no,"This is a bounded computational sample. It does not prove atomicity, unique factorization, IDF behavior, or any infinite mathematical property."
173/8,21.62500000,decomposable,3/2 + 161/8,no,"This is a bounded computational sample. It does not prove atomicity, unique factorization, IDF behavior, or any infinite mathematical property."
173/16,10.81250000,decomposable,3/2 + 149/16,no,"This is a bounded computational sample. It does not prove atomicity, unique factorization, IDF behavior, or any infinite mathematical property."
175/4,43.75000000,decomposable,3/2 + 169/4,no,"This is a bounded computational sample. It does not prove atomicity, unique factorization, IDF behavior, or any infinite mathematical property."
175/8,21.87500000,decomposable,3/2 + 163/8,no,"This is a bounded computational sample. It does not prove atomicity, unique factorization, IDF behavior, or any infinite mathematical property."
175/16,10.93750000,decomposable,3/2 + 151/16,no,"This is a bounded computational sample. It does not prove atomicity, unique factorization, IDF behavior, or any infinite mathematical property."
177/4,44.25000000,decomposable,3/2 + 171/4,no,"This is a bounded computational sample. It does not prove atomicity, unique factorization, IDF behavior, or any infinite mathematical property."
177/8,22.12500000,decomposable,3/2 + 165/8,no,"This is a bounded computational sample. It does not prove atomicity, unique factorization, IDF behavior, or any infinite mathematical property."
177/16,11.06250000,decomposable,3/2 + 153/16,no,"This is a bounded computational sample. It does not prove atomicity, unique factorization, IDF behavior, or any infinite mathematical property."
179/4,44.75000000,decomposable,3/2 + 173/4,no,"This is a bounded computational sample. It does not prove atomicity, unique factorization, IDF behavior, or any infinite mathematical property."
179/8,22.37500000,decomposable,3/2 + 167/8,no,"This is a bounded computational sample. It does not prove atomicity, unique factorization, IDF behavior, or any infinite mathematical property."
181/4,45.25000000,decomposable,3/2 + 175/4,no,"This is a bounded computational sample. It does not prove atomicity, unique factorization, IDF behavior, or any infinite mathematical property."
181/8,22.62500000,decomposable,3/2 + 169/8,no,"This is a bounded computational sample. It does not prove atomicity, unique factorization, IDF behavior, or any infinite mathematical property."
181/16,11.31250000,decomposable,3/2 + 157/16,no,"This is a bounded computational sample. It does not prove atomicity, unique factorization, IDF behavior, or any infinite mathematical property."
183/4,45.75000000,decomposable,3/2 + 177/4,no,"This is a bounded computational sample. It does not prove atomicity, unique factorization, IDF behavior, or any infinite mathematical property."
183/8,22.87500000,decomposable,3/2 + 171/8,no,"This is a bounded computational sample. It does not prove atomicity, unique factorization, IDF behavior, or any infinite mathematical property."
183/16,11.43750000,decomposable,3/2 + 159/16,no,"This is a bounded computational sample. It does not prove atomicity, unique factorization, IDF behavior, or any infinite mathematical property."
185/4,46.25000000,decomposable,3/2 + 179/4,no,"This is a bounded computational sample. It does not prove atomicity, unique factorization, IDF behavior, or any infinite mathematical property."
185/8,23.12500000,decomposable,3/2 + 173/8,no,"This is a bounded computational sample. It does not prove atomicity, unique factorization, IDF behavior, or any infinite mathematical property."
185/16,11.56250000,decomposable,3/2 + 161/16,no,"This is a bounded computational sample. It does not prove atomicity, unique factorization, IDF behavior, or any infinite mathematical property."
187/4,46.75000000,decomposable,3/2 + 181/4,no,"This is a bounded computational sample. It does not prove atomicity, unique factorization, IDF behavior, or any infinite mathematical property."
187/8,23.37500000,decomposable,3/2 + 175/8,no,"This is a bounded computational sample. It does not prove atomicity, unique factorization, IDF behavior, or any infinite mathematical property."
187/16,11.68750000,decomposable,9/4 + 151/16,no,"This is a bounded computational sample. It does not prove atomicity, unique factorization, IDF behavior, or any infinite mathematical property."
189/4,47.25000000,decomposable,3/2 + 183/4,no,"This is a bounded computational sample. It does not prove atomicity, unique factorization, IDF behavior, or any infinite mathematical property."
189/8,23.62500000,decomposable,3/2 + 177/8,no,"This is a bounded computational sample. It does not prove atomicity, unique factorization, IDF behavior, or any infinite mathematical property."
189/16,11.81250000,decomposable,3/2 + 165/16,no,"This is a bounded computational sample. It does not prove atomicity, unique factorization, IDF behavior, or any infinite mathematical property."
191/4,47.75000000,decomposable,3/2 + 185/4,no,"This is a bounded computational sample. It does not prove atomicity, unique factorization, IDF behavior, or any infinite mathematical property."
191/8,23.87500000,decomposable,3/2 + 179/8,no,"This is a bounded computational sample. It does not prove atomicity, unique factorization, IDF behavior, or any infinite mathematical property."
191/16,11.93750000,decomposable,3/2 + 167/16,no,"This is a bounded computational sample. It does not prove atomicity, unique factorization, IDF behavior, or any infinite mathematical property."
193/4,48.25000000,decomposable,3/2 + 187/4,no,"This is a bounded computational sample. It does not prove atomicity, unique factorization, IDF behavior, or any infinite mathematical property."
193/8,24.12500000,decomposable,3/2 + 181/8,no,"This is a bounded computational sample. It does not prove atomicity, unique factorization, IDF behavior, or any infinite mathematical property."
193/16,12.06250000,decomposable,3/2 + 169/16,no,"This is a bounded computational sample. It does not prove atomicity, unique factorization, IDF behavior, or any infinite mathematical property."
195/4,48.75000000,decomposable,3/2 + 189/4,no,"This is a bounded computational sample. It does not prove atomicity, unique factorization, IDF behavior, or any infinite mathematical property."
195/8,24.37500000,decomposable,3/2 + 183/8,no,"This is a bounded computational sample. It does not prove atomicity, unique factorization, IDF behavior, or any infinite mathematical property."
195/16,12.18750000,decomposable,3/2 + 171/16,no,"This is a bounded computational sample. It does not prove atomicity, unique factorization, IDF behavior, or any infinite mathematical property."
197/4,49.25000000,decomposable,3/2 + 191/4,no,"This is a bounded computational sample. It does not prove atomicity, unique factorization, IDF behavior, or any infinite mathematical property."
197/8,24.62500000,decomposable,3/2 + 185/8,no,"This is a bounded computational sample. It does not prove atomicity, unique factorization, IDF behavior, or any infinite mathematical property."
197/16,12.31250000,decomposable,3/2 + 173/16,no,"This is a bounded computational sample. It does not prove atomicity, unique factorization, IDF behavior, or any infinite mathematical property."
199/4,49.75000000,decomposable,3/2 + 193/4,no,"This is a bounded computational sample. It does not prove atomicity, unique factorization, IDF behavior, or any infinite mathematical property."
199/8,24.87500000,decomposable,3/2 + 187/8,no,"This is a bounded computational sample. It does not prove atomicity, unique factorization, IDF behavior, or any infinite mathematical property."
199/16,12.43750000,decomposable,3/2 + 175/16,no,"This is a bounded computational sample. It does not prove atomicity, unique factorization, IDF behavior, or any infinite mathematical property."
201/4,50.25000000,decomposable,3/2 + 195/4,no,"This is a bounded computational sample. It does not prove atomicity, unique factorization, IDF behavior, or any infinite mathematical property."
201/8,25.12500000,decomposable,3/2 + 189/8,no,"This is a bounded computational sample. It does not prove atomicity, unique factorization, IDF behavior, or any infinite mathematical property."
201/16,12.56250000,decomposable,3/2 + 177/16,no,"This is a bounded computational sample. It does not prove atomicity, unique factorization, IDF behavior, or any infinite mathematical property."
203/4,50.75000000,decomposable,3/2 + 197/4,no,"This is a bounded computational sample. It does not prove atomicity, unique factorization, IDF behavior, or any infinite mathematical property."
203/8,25.37500000,decomposable,3/2 + 191/8,no,"This is a bounded computational sample. It does not prove atomicity, unique factorization, IDF behavior, or any infinite mathematical property."
203/16,12.68750000,decomposable,9/4 + 167/16,no,"This is a bounded computational sample. It does not prove atomicity, unique factorization, IDF behavior, or any infinite mathematical property."
205/4,51.25000000,decomposable,3/2 + 199/4,no,"This is a bounded computational sample. It does not prove atomicity, unique factorization, IDF behavior, or any infinite mathematical property."
205/8,25.62500000,decomposable,3/2 + 193/8,no,"This is a bounded computational sample. It does not prove atomicity, unique factorization, IDF behavior, or any infinite mathematical property."
205/16,12.81250000,decomposable,3/2 + 181/16,no,"This is a bounded computational sample. It does not prove atomicity, unique factorization, IDF behavior, or any infinite mathematical property."
207/4,51.75000000,decomposable,3/2 + 201/4,no,"This is a bounded computational sample. It does not prove atomicity, unique factorization, IDF behavior, or any infinite mathematical property."
207/8,25.87500000,decomposable,3/2 + 195/8,no,"This is a bounded computational sample. It does not prove atomicity, unique factorization, IDF behavior, or any infinite mathematical property."
207/16,12.93750000,decomposable,3/2 + 183/16,no,"This is a bounded computational sample. It does not prove atomicity, unique factorization, IDF behavior, or any infinite mathematical property."
209/4,52.25000000,decomposable,3/2 + 203/4,no,"This is a bounded computational sample. It does not prove atomicity, unique factorization, IDF behavior, or any infinite mathematical property."
209/8,26.12500000,decomposable,3/2 + 197/8,no,"This is a bounded computational sample. It does not prove atomicity, unique factorization, IDF behavior, or any infinite mathematical property."
209/16,13.06250000,decomposable,3/2 + 185/16,no,"This is a bounded computational sample. It does not prove atomicity, unique factorization, IDF behavior, or any infinite mathematical property."
211/4,52.75000000,decomposable,3/2 + 205/4,no,"This is a bounded computational sample. It does not prove atomicity, unique factorization, IDF behavior, or any infinite mathematical property."
211/8,26.37500000,decomposable,3/2 + 199/8,no,"This is a bounded computational sample. It does not prove atomicity, unique factorization, IDF behavior, or any infinite mathematical property."
211/16,13.18750000,decomposable,3/2 + 187/16,no,"This is a bounded computational sample. It does not prove atomicity, unique factorization, IDF behavior, or any infinite mathematical property."
213/4,53.25000000,decomposable,3/2 + 207/4,no,"This is a bounded computational sample. It does not prove atomicity, unique factorization, IDF behavior, or any infinite mathematical property."
213/8,26.62500000,decomposable,3/2 + 201/8,no,"This is a bounded computational sample. It does not prove atomicity, unique factorization, IDF behavior, or any infinite mathematical property."
213/16,13.31250000,decomposable,3/2 + 189/16,no,"This is a bounded computational sample. It does not prove atomicity, unique factorization, IDF behavior, or any infinite mathematical property."
215/4,53.75000000,decomposable,3/2 + 209/4,no,"This is a bounded computational sample. It does not prove atomicity, unique factorization, IDF behavior, or any infinite mathematical property."
215/8,26.87500000,decomposable,3/2 + 203/8,no,"This is a bounded computational sample. It does not prove atomicity, unique factorization, IDF behavior, or any infinite mathematical property."
215/16,13.43750000,decomposable,3/2 + 191/16,no,"This is a bounded computational sample. It does not prove atomicity, unique factorization, IDF behavior, or any infinite mathematical property."
217/8,27.12500000,decomposable,3/2 + 205/8,no,"This is a bounded computational sample. It does not prove atomicity, unique factorization, IDF behavior, or any infinite mathematical property."
217/16,13.56250000,decomposable,3/2 + 193/16,no,"This is a bounded computational sample. It does not prove atomicity, unique factorization, IDF behavior, or any infinite mathematical property."
219/4,54.75000000,decomposable,3/2 + 213/4,no,"This is a bounded computational sample. It does not prove atomicity, unique factorization, IDF behavior, or any infinite mathematical property."
219/8,27.37500000,decomposable,3/2 + 207/8,no,"This is a bounded computational sample. It does not prove atomicity, unique factorization, IDF behavior, or any infinite mathematical property."
219/16,13.68750000,decomposable,3/2 + 195/16,no,"This is a bounded computational sample. It does not prove atomicity, unique factorization, IDF behavior, or any infinite mathematical property."
221/8,27.62500000,decomposable,3/2 + 209/8,no,"This is a bounded computational sample. It does not prove atomicity, unique factorization, IDF behavior, or any infinite mathematical property."
221/16,13.81250000,decomposable,3/2 + 197/16,no,"This is a bounded computational sample. It does not prove atomicity, unique factorization, IDF behavior, or any infinite mathematical property."
223/8,27.87500000,decomposable,3/2 + 211/8,no,"This is a bounded computational sample. It does not prove atomicity, unique factorization, IDF behavior, or any infinite mathematical property."
223/16,13.93750000,decomposable,3/2 + 199/16,no,"This is a bounded computational sample. It does not prove atomicity, unique factorization, IDF behavior, or any infinite mathematical property."
225/8,28.12500000,decomposable,3/2 + 213/8,no,"This is a bounded computational sample. It does not prove atomicity, unique factorization, IDF behavior, or any infinite mathematical property."
225/16,14.06250000,decomposable,3/2 + 201/16,no,"This is a bounded computational sample. It does not prove atomicity, unique factorization, IDF behavior, or any infinite mathematical property."
227/8,28.37500000,decomposable,3/2 + 215/8,no,"This is a bounded computational sample. It does not prove atomicity, unique factorization, IDF behavior, or any infinite mathematical property."
227/16,14.18750000,decomposable,3/2 + 203/16,no,"This is a bounded computational sample. It does not prove atomicity, unique factorization, IDF behavior, or any infinite mathematical property."
229/8,28.62500000,decomposable,3/2 + 217/8,no,"This is a bounded computational sample. It does not prove atomicity, unique factorization, IDF behavior, or any infinite mathematical property."
229/16,14.31250000,decomposable,3/2 + 205/16,no,"This is a bounded computational sample. It does not prove atomicity, unique factorization, IDF behavior, or any infinite mathematical property."
231/8,28.87500000,decomposable,3/2 + 219/8,no,"This is a bounded computational sample. It does not prove atomicity, unique factorization, IDF behavior, or any infinite mathematical property."
231/16,14.43750000,decomposable,3/2 + 207/16,no,"This is a bounded computational sample. It does not prove atomicity, unique factorization, IDF behavior, or any infinite mathematical property."
233/8,29.12500000,decomposable,3/2 + 221/8,no,"This is a bounded computational sample. It does not prove atomicity, unique factorization, IDF behavior, or any infinite mathematical property."
233/16,14.56250000,decomposable,3/2 + 209/16,no,"This is a bounded computational sample. It does not prove atomicity, unique factorization, IDF behavior, or any infinite mathematical property."
235/8,29.37500000,decomposable,3/2 + 223/8,no,"This is a bounded computational sample. It does not prove atomicity, unique factorization, IDF behavior, or any infinite mathematical property."
235/16,14.68750000,decomposable,3/2 + 211/16,no,"This is a bounded computational sample. It does not prove atomicity, unique factorization, IDF behavior, or any infinite mathematical property."
237/8,29.62500000,decomposable,3/2 + 225/8,no,"This is a bounded computational sample. It does not prove atomicity, unique factorization, IDF behavior, or any infinite mathematical property."
237/16,14.81250000,decomposable,3/2 + 213/16,no,"This is a bounded computational sample. It does not prove atomicity, unique factorization, IDF behavior, or any infinite mathematical property."
239/8,29.87500000,decomposable,3/2 + 227/8,no,"This is a bounded computational sample. It does not prove atomicity, unique factorization, IDF behavior, or any infinite mathematical property."
239/16,14.93750000,decomposable,3/2 + 215/16,no,"This is a bounded computational sample. It does not prove atomicity, unique factorization, IDF behavior, or any infinite mathematical property."
241/8,30.12500000,decomposable,3/2 + 229/8,no,"This is a bounded computational sample. It does not prove atomicity, unique factorization, IDF behavior, or any infinite mathematical property."
241/16,15.06250000,decomposable,3/2 + 217/16,no,"This is a bounded computational sample. It does not prove atomicity, unique factorization, IDF behavior, or any infinite mathematical property."
243/8,30.37500000,decomposable,3/2 + 231/8,no,"This is a bounded computational sample. It does not prove atomicity, unique factorization, IDF behavior, or any infinite mathematical property."
243/16,15.18750000,decomposable,3/2 + 219/16,no,"This is a bounded computational sample. It does not prove atomicity, unique factorization, IDF behavior, or any infinite mathematical property."
243/32,7.59375000,candidate_atom,,yes,"This is a bounded computational sample. It does not prove atomicity, unique factorization, IDF behavior, or any infinite mathematical property."
245/8,30.62500000,decomposable,3/2 + 233/8,no,"This is a bounded computational sample. It does not prove atomicity, unique factorization, IDF behavior, or any infinite mathematical property."
245/16,15.31250000,decomposable,3/2 + 221/16,no,"This is a bounded computational sample. It does not prove atomicity, unique factorization, IDF behavior, or any infinite mathematical property."
247/8,30.87500000,decomposable,3/2 + 235/8,no,"This is a bounded computational sample. It does not prove atomicity, unique factorization, IDF behavior, or any infinite mathematical property."
247/16,15.43750000,decomposable,3/2 + 223/16,no,"This is a bounded computational sample. It does not prove atomicity, unique factorization, IDF behavior, or any infinite mathematical property."
249/8,31.12500000,decomposable,3/2 + 237/8,no,"This is a bounded computational sample. It does not prove atomicity, unique factorization, IDF behavior, or any infinite mathematical property."
249/16,15.56250000,decomposable,3/2 + 225/16,no,"This is a bounded computational sample. It does not prove atomicity, unique factorization, IDF behavior, or any infinite mathematical property."
251/8,31.37500000,decomposable,3/2 + 239/8,no,"This is a bounded computational sample. It does not prove atomicity, unique factorization, IDF behavior, or any infinite mathematical property."
251/16,15.68750000,decomposable,3/2 + 227/16,no,"This is a bounded computational sample. It does not prove atomicity, unique factorization, IDF behavior, or any infinite mathematical property."
253/8,31.62500000,decomposable,3/2 + 241/8,no,"This is a bounded computational sample. It does not prove atomicity, unique factorization, IDF behavior, or any infinite mathematical property."
253/16,15.81250000,decomposable,3/2 + 229/16,no,"This is a bounded computational sample. It does not prove atomicity, unique factorization, IDF behavior, or any infinite mathematical property."
255/8,31.87500000,decomposable,3/2 + 243/8,no,"This is a bounded computational sample. It does not prove atomicity, unique factorization, IDF behavior, or any infinite mathematical property."
255/16,15.93750000,decomposable,3/2 + 231/16,no,"This is a bounded computational sample. It does not prove atomicity, unique factorization, IDF behavior, or any infinite mathematical property."
257/8,32.12500000,decomposable,3/2 + 245/8,no,"This is a bounded computational sample. It does not prove atomicity, unique factorization, IDF behavior, or any infinite mathematical property."
257/16,16.06250000,decomposable,3/2 + 233/16,no,"This is a bounded computational sample. It does not prove atomicity, unique factorization, IDF behavior, or any infinite mathematical property."
259/8,32.37500000,decomposable,3/2 + 247/8,no,"This is a bounded computational sample. It does not prove atomicity, unique factorization, IDF behavior, or any infinite mathematical property."
259/16,16.18750000,decomposable,3/2 + 235/16,no,"This is a bounded computational sample. It does not prove atomicity, unique factorization, IDF behavior, or any infinite mathematical property."
261/8,32.62500000,decomposable,3/2 + 249/8,no,"This is a bounded computational sample. It does not prove atomicity, unique factorization, IDF behavior, or any infinite mathematical property."
261/16,16.31250000,decomposable,3/2 + 237/16,no,"This is a bounded computational sample. It does not prove atomicity, unique factorization, IDF behavior, or any infinite mathematical property."
263/8,32.87500000,decomposable,3/2 + 251/8,no,"This is a bounded computational sample. It does not prove atomicity, unique factorization, IDF behavior, or any infinite mathematical property."
263/16,16.43750000,decomposable,3/2 + 239/16,no,"This is a bounded computational sample. It does not prove atomicity, unique factorization, IDF behavior, or any infinite mathematical property."
265/8,33.12500000,decomposable,3/2 + 253/8,no,"This is a bounded computational sample. It does not prove atomicity, unique factorization, IDF behavior, or any infinite mathematical property."
265/16,16.56250000,decomposable,3/2 + 241/16,no,"This is a bounded computational sample. It does not prove atomicity, unique factorization, IDF behavior, or any infinite mathematical property."
267/8,33.37500000,decomposable,3/2 + 255/8,no,"This is a bounded computational sample. It does not prove atomicity, unique factorization, IDF behavior, or any infinite mathematical property."
267/16,16.68750000,decomposable,3/2 + 243/16,no,"This is a bounded computational sample. It does not prove atomicity, unique factorization, IDF behavior, or any infinite mathematical property."
269/8,33.62500000,decomposable,3/2 + 257/8,no,"This is a bounded computational sample. It does not prove atomicity, unique factorization, IDF behavior, or any infinite mathematical property."
269/16,16.81250000,decomposable,3/2 + 245/16,no,"This is a bounded computational sample. It does not prove atomicity, unique factorization, IDF behavior, or any infinite mathematical property."
271/8,33.87500000,decomposable,3/2 + 259/8,no,"This is a bounded computational sample. It does not prove atomicity, unique factorization, IDF behavior, or any infinite mathematical property."
271/16,16.93750000,decomposable,3/2 + 247/16,no,"This is a bounded computational sample. It does not prove atomicity, unique factorization, IDF behavior, or any infinite mathematical property."
273/8,34.12500000,decomposable,3/2 + 261/8,no,"This is a bounded computational sample. It does not prove atomicity, unique factorization, IDF behavior, or any infinite mathematical property."
273/16,17.06250000,decomposable,3/2 + 249/16,no,"This is a bounded computational sample. It does not prove atomicity, unique factorization, IDF behavior, or any infinite mathematical property."
275/8,34.37500000,decomposable,3/2 + 263/8,no,"This is a bounded computational sample. It does not prove atomicity, unique factorization, IDF behavior, or any infinite mathematical property."
275/16,17.18750000,decomposable,3/2 + 251/16,no,"This is a bounded computational sample. It does not prove atomicity, unique factorization, IDF behavior, or any infinite mathematical property."
275/32,8.59375000,decomposable,243/32 + 1,no,"This is a bounded computational sample. It does not prove atomicity, unique factorization, IDF behavior, or any infinite mathematical property."
277/8,34.62500000,decomposable,3/2 + 265/8,no,"This is a bounded computational sample. It does not prove atomicity, unique factorization, IDF behavior, or any infinite mathematical property."
277/16,17.31250000,decomposable,3/2 + 253/16,no,"This is a bounded computational sample. It does not prove atomicity, unique factorization, IDF behavior, or any infinite mathematical property."
279/8,34.87500000,decomposable,3/2 + 267/8,no,"This is a bounded computational sample. It does not prove atomicity, unique factorization, IDF behavior, or any infinite mathematical property."
279/16,17.43750000,decomposable,3/2 + 255/16,no,"This is a bounded computational sample. It does not prove atomicity, unique factorization, IDF behavior, or any infinite mathematical property."
281/8,35.12500000,decomposable,3/2 + 269/8,no,"This is a bounded computational sample. It does not prove atomicity, unique factorization, IDF behavior, or any infinite mathematical property."
281/16,17.56250000,decomposable,3/2 + 257/16,no,"This is a bounded computational sample. It does not prove atomicity, unique factorization, IDF behavior, or any infinite mathematical property."
283/8,35.37500000,decomposable,3/2 + 271/8,no,"This is a bounded computational sample. It does not prove atomicity, unique factorization, IDF behavior, or any infinite mathematical property."
283/16,17.68750000,decomposable,3/2 + 259/16,no,"This is a bounded computational sample. It does not prove atomicity, unique factorization, IDF behavior, or any infinite mathematical property."
285/8,35.62500000,decomposable,3/2 + 273/8,no,"This is a bounded computational sample. It does not prove atomicity, unique factorization, IDF behavior, or any infinite mathematical property."
285/16,17.81250000,decomposable,3/2 + 261/16,no,"This is a bounded computational sample. It does not prove atomicity, unique factorization, IDF behavior, or any infinite mathematical property."
287/8,35.87500000,decomposable,3/2 + 275/8,no,"This is a bounded computational sample. It does not prove atomicity, unique factorization, IDF behavior, or any infinite mathematical property."
287/16,17.93750000,decomposable,3/2 + 263/16,no,"This is a bounded computational sample. It does not prove atomicity, unique factorization, IDF behavior, or any infinite mathematical property."
289/8,36.12500000,decomposable,3/2 + 277/8,no,"This is a bounded computational sample. It does not prove atomicity, unique factorization, IDF behavior, or any infinite mathematical property."
289/16,18.06250000,decomposable,3/2 + 265/16,no,"This is a bounded computational sample. It does not prove atomicity, unique factorization, IDF behavior, or any infinite mathematical property."
291/8,36.37500000,decomposable,3/2 + 279/8,no,"This is a bounded computational sample. It does not prove atomicity, unique factorization, IDF behavior, or any infinite mathematical property."
291/16,18.18750000,decomposable,3/2 + 267/16,no,"This is a bounded computational sample. It does not prove atomicity, unique factorization, IDF behavior, or any infinite mathematical property."
291/32,9.09375000,decomposable,3/2 + 243/32,no,"This is a bounded computational sample. It does not prove atomicity, unique factorization, IDF behavior, or any infinite mathematical property."
293/8,36.62500000,decomposable,3/2 + 281/8,no,"This is a bounded computational sample. It does not prove atomicity, unique factorization, IDF behavior, or any infinite mathematical property."
293/16,18.31250000,decomposable,3/2 + 269/16,no,"This is a bounded computational sample. It does not prove atomicity, unique factorization, IDF behavior, or any infinite mathematical property."
295/8,36.87500000,decomposable,3/2 + 283/8,no,"This is a bounded computational sample. It does not prove atomicity, unique factorization, IDF behavior, or any infinite mathematical property."
295/16,18.43750000,decomposable,3/2 + 271/16,no,"This is a bounded computational sample. It does not prove atomicity, unique factorization, IDF behavior, or any infinite mathematical property."
297/8,37.12500000,decomposable,3/2 + 285/8,no,"This is a bounded computational sample. It does not prove atomicity, unique factorization, IDF behavior, or any infinite mathematical property."
297/16,18.56250000,decomposable,3/2 + 273/16,no,"This is a bounded computational sample. It does not prove atomicity, unique factorization, IDF behavior, or any infinite mathematical property."
299/8,37.37500000,decomposable,3/2 + 287/8,no,"This is a bounded computational sample. It does not prove atomicity, unique factorization, IDF behavior, or any infinite mathematical property."
299/16,18.68750000,decomposable,3/2 + 275/16,no,"This is a bounded computational sample. It does not prove atomicity, unique factorization, IDF behavior, or any infinite mathematical property."
301/8,37.62500000,decomposable,3/2 + 289/8,no,"This is a bounded computational sample. It does not prove atomicity, unique factorization, IDF behavior, or any infinite mathematical property."
301/16,18.81250000,decomposable,3/2 + 277/16,no,"This is a bounded computational sample. It does not prove atomicity, unique factorization, IDF behavior, or any infinite mathematical property."
303/8,37.87500000,decomposable,3/2 + 291/8,no,"This is a bounded computational sample. It does not prove atomicity, unique factorization, IDF behavior, or any infinite mathematical property."
303/16,18.93750000,decomposable,3/2 + 279/16,no,"This is a bounded computational sample. It does not prove atomicity, unique factorization, IDF behavior, or any infinite mathematical property."
305/8,38.12500000,decomposable,3/2 + 293/8,no,"This is a bounded computational sample. It does not prove atomicity, unique factorization, IDF behavior, or any infinite mathematical property."
305/16,19.06250000,decomposable,3/2 + 281/16,no,"This is a bounded computational sample. It does not prove atomicity, unique factorization, IDF behavior, or any infinite mathematical property."
307/8,38.37500000,decomposable,3/2 + 295/8,no,"This is a bounded computational sample. It does not prove atomicity, unique factorization, IDF behavior, or any infinite mathematical property."
307/16,19.18750000,decomposable,3/2 + 283/16,no,"This is a bounded computational sample. It does not prove atomicity, unique factorization, IDF behavior, or any infinite mathematical property."
307/32,9.59375000,decomposable,243/32 + 2,no,"This is a bounded computational sample. It does not prove atomicity, unique factorization, IDF behavior, or any infinite mathematical property."
309/8,38.62500000,decomposable,3/2 + 297/8,no,"This is a bounded computational sample. It does not prove atomicity, unique factorization, IDF behavior, or any infinite mathematical property."
309/16,19.31250000,decomposable,3/2 + 285/16,no,"This is a bounded computational sample. It does not prove atomicity, unique factorization, IDF behavior, or any infinite mathematical property."
311/8,38.87500000,decomposable,3/2 + 299/8,no,"This is a bounded computational sample. It does not prove atomicity, unique factorization, IDF behavior, or any infinite mathematical property."
311/16,19.43750000,decomposable,3/2 + 287/16,no,"This is a bounded computational sample. It does not prove atomicity, unique factorization, IDF behavior, or any infinite mathematical property."
313/8,39.12500000,decomposable,3/2 + 301/8,no,"This is a bounded computational sample. It does not prove atomicity, unique factorization, IDF behavior, or any infinite mathematical property."
313/16,19.56250000,decomposable,3/2 + 289/16,no,"This is a bounded computational sample. It does not prove atomicity, unique factorization, IDF behavior, or any infinite mathematical property."
315/8,39.37500000,decomposable,3/2 + 303/8,no,"This is a bounded computational sample. It does not prove atomicity, unique factorization, IDF behavior, or any infinite mathematical property."
315/16,19.68750000,decomposable,3/2 + 291/16,no,"This is a bounded computational sample. It does not prove atomicity, unique factorization, IDF behavior, or any infinite mathematical property."
315/32,9.84375000,decomposable,9/4 + 243/32,no,"This is a bounded computational sample. It does not prove atomicity, unique factorization, IDF behavior, or any infinite mathematical property."
317/8,39.62500000,decomposable,3/2 + 305/8,no,"This is a bounded computational sample. It does not prove atomicity, unique factorization, IDF behavior, or any infinite mathematical property."
317/16,19.81250000,decomposable,3/2 + 293/16,no,"This is a bounded computational sample. It does not prove atomicity, unique factorization, IDF behavior, or any infinite mathematical property."
319/8,39.87500000,decomposable,3/2 + 307/8,no,"This is a bounded computational sample. It does not prove atomicity, unique factorization, IDF behavior, or any infinite mathematical property."
319/16,19.93750000,decomposable,3/2 + 295/16,no,"This is a bounded computational sample. It does not prove atomicity, unique factorization, IDF behavior, or any infinite mathematical property."
321/8,40.12500000,decomposable,3/2 + 309/8,no,"This is a bounded computational sample. It does not prove atomicity, unique factorization, IDF behavior, or any infinite mathematical property."
321/16,20.06250000,decomposable,3/2 + 297/16,no,"This is a bounded computational sample. It does not prove atomicity, unique factorization, IDF behavior, or any infinite mathematical property."
323/8,40.37500000,decomposable,3/2 + 311/8,no,"This is a bounded computational sample. It does not prove atomicity, unique factorization, IDF behavior, or any infinite mathematical property."
323/16,20.18750000,decomposable,3/2 + 299/16,no,"This is a bounded computational sample. It does not prove atomicity, unique factorization, IDF behavior, or any infinite mathematical property."
323/32,10.09375000,decomposable,3/2 + 275/32,no,"This is a bounded computational sample. It does not prove atomicity, unique factorization, IDF behavior, or any infinite mathematical property."
325/8,40.62500000,decomposable,3/2 + 313/8,no,"This is a bounded computational sample. It does not prove atomicity, unique factorization, IDF behavior, or any infinite mathematical property."
325/16,20.31250000,decomposable,3/2 + 301/16,no,"This is a bounded computational sample. It does not prove atomicity, unique factorization, IDF behavior, or any infinite mathematical property."
327/8,40.87500000,decomposable,3/2 + 315/8,no,"This is a bounded computational sample. It does not prove atomicity, unique factorization, IDF behavior, or any infinite mathematical property."
327/16,20.43750000,decomposable,3/2 + 303/16,no,"This is a bounded computational sample. It does not prove atomicity, unique factorization, IDF behavior, or any infinite mathematical property."
329/8,41.12500000,decomposable,3/2 + 317/8,no,"This is a bounded computational sample. It does not prove atomicity, unique factorization, IDF behavior, or any infinite mathematical property."
329/16,20.56250000,decomposable,3/2 + 305/16,no,"This is a bounded computational sample. It does not prove atomicity, unique factorization, IDF behavior, or any infinite mathematical property."
331/8,41.37500000,decomposable,3/2 + 319/8,no,"This is a bounded computational sample. It does not prove atomicity, unique factorization, IDF behavior, or any infinite mathematical property."
331/16,20.68750000,decomposable,3/2 + 307/16,no,"This is a bounded computational sample. It does not prove atomicity, unique factorization, IDF behavior, or any infinite mathematical property."
333/8,41.62500000,decomposable,3/2 + 321/8,no,"This is a bounded computational sample. It does not prove atomicity, unique factorization, IDF behavior, or any infinite mathematical property."
333/16,20.81250000,decomposable,3/2 + 309/16,no,"This is a bounded computational sample. It does not prove atomicity, unique factorization, IDF behavior, or any infinite mathematical property."
335/8,41.87500000,decomposable,3/2 + 323/8,no,"This is a bounded computational sample. It does not prove atomicity, unique factorization, IDF behavior, or any infinite mathematical property."
335/16,20.93750000,decomposable,3/2 + 311/16,no,"This is a bounded computational sample. It does not prove atomicity, unique factorization, IDF behavior, or any infinite mathematical property."
337/8,42.12500000,decomposable,3/2 + 325/8,no,"This is a bounded computational sample. It does not prove atomicity, unique factorization, IDF behavior, or any infinite mathematical property."
337/16,21.06250000,decomposable,3/2 + 313/16,no,"This is a bounded computational sample. It does not prove atomicity, unique factorization, IDF behavior, or any infinite mathematical property."
339/8,42.37500000,decomposable,3/2 + 327/8,no,"This is a bounded computational sample. It does not prove atomicity, unique factorization, IDF behavior, or any infinite mathematical property."
339/16,21.18750000,decomposable,3/2 + 315/16,no,"This is a bounded computational sample. It does not prove atomicity, unique factorization, IDF behavior, or any infinite mathematical property."
339/32,10.59375000,decomposable,3/2 + 291/32,no,"This is a bounded computational sample. It does not prove atomicity, unique factorization, IDF behavior, or any infinite mathematical property."
341/8,42.62500000,decomposable,3/2 + 329/8,no,"This is a bounded computational sample. It does not prove atomicity, unique factorization, IDF behavior, or any infinite mathematical property."
341/16,21.31250000,decomposable,3/2 + 317/16,no,"This is a bounded computational sample. It does not prove atomicity, unique factorization, IDF behavior, or any infinite mathematical property."
343/8,42.87500000,decomposable,3/2 + 331/8,no,"This is a bounded computational sample. It does not prove atomicity, unique factorization, IDF behavior, or any infinite mathematical property."
343/16,21.43750000,decomposable,3/2 + 319/16,no,"This is a bounded computational sample. It does not prove atomicity, unique factorization, IDF behavior, or any infinite mathematical property."
345/8,43.12500000,decomposable,3/2 + 333/8,no,"This is a bounded computational sample. It does not prove atomicity, unique factorization, IDF behavior, or any infinite mathematical property."
345/16,21.56250000,decomposable,3/2 + 321/16,no,"This is a bounded computational sample. It does not prove atomicity, unique factorization, IDF behavior, or any infinite mathematical property."
347/8,43.37500000,decomposable,3/2 + 335/8,no,"This is a bounded computational sample. It does not prove atomicity, unique factorization, IDF behavior, or any infinite mathematical property."
347/16,21.68750000,decomposable,3/2 + 323/16,no,"This is a bounded computational sample. It does not prove atomicity, unique factorization, IDF behavior, or any infinite mathematical property."
347/32,10.84375000,decomposable,9/4 + 275/32,no,"This is a bounded computational sample. It does not prove atomicity, unique factorization, IDF behavior, or any infinite mathematical property."
349/8,43.62500000,decomposable,3/2 + 337/8,no,"This is a bounded computational sample. It does not prove atomicity, unique factorization, IDF behavior, or any infinite mathematical property."
349/16,21.81250000,decomposable,3/2 + 325/16,no,"This is a bounded computational sample. It does not prove atomicity, unique factorization, IDF behavior, or any infinite mathematical property."
351/8,43.87500000,decomposable,3/2 + 339/8,no,"This is a bounded computational sample. It does not prove atomicity, unique factorization, IDF behavior, or any infinite mathematical property."
351/16,21.93750000,decomposable,3/2 + 327/16,no,"This is a bounded computational sample. It does not prove atomicity, unique factorization, IDF behavior, or any infinite mathematical property."
351/32,10.96875000,decomposable,27/8 + 243/32,no,"This is a bounded computational sample. It does not prove atomicity, unique factorization, IDF behavior, or any infinite mathematical property."
353/8,44.12500000,decomposable,3/2 + 341/8,no,"This is a bounded computational sample. It does not prove atomicity, unique factorization, IDF behavior, or any infinite mathematical property."
353/16,22.06250000,decomposable,3/2 + 329/16,no,"This is a bounded computational sample. It does not prove atomicity, unique factorization, IDF behavior, or any infinite mathematical property."
355/8,44.37500000,decomposable,3/2 + 343/8,no,"This is a bounded computational sample. It does not prove atomicity, unique factorization, IDF behavior, or any infinite mathematical property."
355/16,22.18750000,decomposable,3/2 + 331/16,no,"This is a bounded computational sample. It does not prove atomicity, unique factorization, IDF behavior, or any infinite mathematical property."
355/32,11.09375000,decomposable,3/2 + 307/32,no,"This is a bounded computational sample. It does not prove atomicity, unique factorization, IDF behavior, or any infinite mathematical property."
357/8,44.62500000,decomposable,3/2 + 345/8,no,"This is a bounded computational sample. It does not prove atomicity, unique factorization, IDF behavior, or any infinite mathematical property."
357/16,22.31250000,decomposable,3/2 + 333/16,no,"This is a bounded computational sample. It does not prove atomicity, unique factorization, IDF behavior, or any infinite mathematical property."
359/8,44.87500000,decomposable,3/2 + 347/8,no,"This is a bounded computational sample. It does not prove atomicity, unique factorization, IDF behavior, or any infinite mathematical property."
359/16,22.43750000,decomposable,3/2 + 335/16,no,"This is a bounded computational sample. It does not prove atomicity, unique factorization, IDF behavior, or any infinite mathematical property."
361/8,45.12500000,decomposable,3/2 + 349/8,no,"This is a bounded computational sample. It does not prove atomicity, unique factorization, IDF behavior, or any infinite mathematical property."
361/16,22.56250000,decomposable,3/2 + 337/16,no,"This is a bounded computational sample. It does not prove atomicity, unique factorization, IDF behavior, or any infinite mathematical property."
363/8,45.37500000,decomposable,3/2 + 351/8,no,"This is a bounded computational sample. It does not prove atomicity, unique factorization, IDF behavior, or any infinite mathematical property."
363/16,22.68750000,decomposable,3/2 + 339/16,no,"This is a bounded computational sample. It does not prove atomicity, unique factorization, IDF behavior, or any infinite mathematical property."
363/32,11.34375000,decomposable,3/2 + 315/32,no,"This is a bounded computational sample. It does not prove atomicity, unique factorization, IDF behavior, or any infinite mathematical property."
365/8,45.62500000,decomposable,3/2 + 353/8,no,"This is a bounded computational sample. It does not prove atomicity, unique factorization, IDF behavior, or any infinite mathematical property."
365/16,22.81250000,decomposable,3/2 + 341/16,no,"This is a bounded computational sample. It does not prove atomicity, unique factorization, IDF behavior, or any infinite mathematical property."
367/8,45.87500000,decomposable,3/2 + 355/8,no,"This is a bounded computational sample. It does not prove atomicity, unique factorization, IDF behavior, or any infinite mathematical property."
367/16,22.93750000,decomposable,3/2 + 343/16,no,"This is a bounded computational sample. It does not prove atomicity, unique factorization, IDF behavior, or any infinite mathematical property."
369/8,46.12500000,decomposable,3/2 + 357/8,no,"This is a bounded computational sample. It does not prove atomicity, unique factorization, IDF behavior, or any infinite mathematical property."
369/16,23.06250000,decomposable,3/2 + 345/16,no,"This is a bounded computational sample. It does not prove atomicity, unique factorization, IDF behavior, or any infinite mathematical property."
371/8,46.37500000,decomposable,3/2 + 359/8,no,"This is a bounded computational sample. It does not prove atomicity, unique factorization, IDF behavior, or any infinite mathematical property."
371/16,23.18750000,decomposable,3/2 + 347/16,no,"This is a bounded computational sample. It does not prove atomicity, unique factorization, IDF behavior, or any infinite mathematical property."
371/32,11.59375000,decomposable,3/2 + 323/32,no,"This is a bounded computational sample. It does not prove atomicity, unique factorization, IDF behavior, or any infinite mathematical property."
373/8,46.62500000,decomposable,3/2 + 361/8,no,"This is a bounded computational sample. It does not prove atomicity, unique factorization, IDF behavior, or any infinite mathematical property."
373/16,23.31250000,decomposable,3/2 + 349/16,no,"This is a bounded computational sample. It does not prove atomicity, unique factorization, IDF behavior, or any infinite mathematical property."
375/8,46.87500000,decomposable,3/2 + 363/8,no,"This is a bounded computational sample. It does not prove atomicity, unique factorization, IDF behavior, or any infinite mathematical property."
375/16,23.43750000,decomposable,3/2 + 351/16,no,"This is a bounded computational sample. It does not prove atomicity, unique factorization, IDF behavior, or any infinite mathematical property."
377/8,47.12500000,decomposable,3/2 + 365/8,no,"This is a bounded computational sample. It does not prove atomicity, unique factorization, IDF behavior, or any infinite mathematical property."
377/16,23.56250000,decomposable,3/2 + 353/16,no,"This is a bounded computational sample. It does not prove atomicity, unique factorization, IDF behavior, or any infinite mathematical property."
379/8,47.37500000,decomposable,3/2 + 367/8,no,"This is a bounded computational sample. It does not prove atomicity, unique factorization, IDF behavior, or any infinite mathematical property."
379/16,23.68750000,decomposable,3/2 + 355/16,no,"This is a bounded computational sample. It does not prove atomicity, unique factorization, IDF behavior, or any infinite mathematical property."
379/32,11.84375000,decomposable,9/4 + 307/32,no,"This is a bounded computational sample. It does not prove atomicity, unique factorization, IDF behavior, or any infinite mathematical property."
381/8,47.62500000,decomposable,3/2 + 369/8,no,"This is a bounded computational sample. It does not prove atomicity, unique factorization, IDF behavior, or any infinite mathematical property."
381/16,23.81250000,decomposable,3/2 + 357/16,no,"This is a bounded computational sample. It does not prove atomicity, unique factorization, IDF behavior, or any infinite mathematical property."
383/8,47.87500000,decomposable,3/2 + 371/8,no,"This is a bounded computational sample. It does not prove atomicity, unique factorization, IDF behavior, or any infinite mathematical property."
383/16,23.93750000,decomposable,3/2 + 359/16,no,"This is a bounded computational sample. It does not prove atomicity, unique factorization, IDF behavior, or any infinite mathematical property."
383/32,11.96875000,decomposable,27/8 + 275/32,no,"This is a bounded computational sample. It does not prove atomicity, unique factorization, IDF behavior, or any infinite mathematical property."
385/8,48.12500000,decomposable,3/2 + 373/8,no,"This is a bounded computational sample. It does not prove atomicity, unique factorization, IDF behavior, or any infinite mathematical property."
385/16,24.06250000,decomposable,3/2 + 361/16,no,"This is a bounded computational sample. It does not prove atomicity, unique factorization, IDF behavior, or any infinite mathematical property."
387/8,48.37500000,decomposable,3/2 + 375/8,no,"This is a bounded computational sample. It does not prove atomicity, unique factorization, IDF behavior, or any infinite mathematical property."
387/16,24.18750000,decomposable,3/2 + 363/16,no,"This is a bounded computational sample. It does not prove atomicity, unique factorization, IDF behavior, or any infinite mathematical property."
387/32,12.09375000,decomposable,3/2 + 339/32,no,"This is a bounded computational sample. It does not prove atomicity, unique factorization, IDF behavior, or any infinite mathematical property."
389/16,24.31250000,decomposable,3/2 + 365/16,no,"This is a bounded computational sample. It does not prove atomicity, unique factorization, IDF behavior, or any infinite mathematical property."
391/8,48.87500000,decomposable,3/2 + 379/8,no,"This is a bounded computational sample. It does not prove atomicity, unique factorization, IDF behavior, or any infinite mathematical property."
391/16,24.43750000,decomposable,3/2 + 367/16,no,"This is a bounded computational sample. It does not prove atomicity, unique factorization, IDF behavior, or any infinite mathematical property."
393/8,49.12500000,decomposable,3/2 + 381/8,no,"This is a bounded computational sample. It does not prove atomicity, unique factorization, IDF behavior, or any infinite mathematical property."
393/16,24.56250000,decomposable,3/2 + 369/16,no,"This is a bounded computational sample. It does not prove atomicity, unique factorization, IDF behavior, or any infinite mathematical property."
395/8,49.37500000,decomposable,3/2 + 383/8,no,"This is a bounded computational sample. It does not prove atomicity, unique factorization, IDF behavior, or any infinite mathematical property."
395/16,24.68750000,decomposable,3/2 + 371/16,no,"This is a bounded computational sample. It does not prove atomicity, unique factorization, IDF behavior, or any infinite mathematical property."
395/32,12.34375000,decomposable,3/2 + 347/32,no,"This is a bounded computational sample. It does not prove atomicity, unique factorization, IDF behavior, or any infinite mathematical property."
397/16,24.81250000,decomposable,3/2 + 373/16,no,"This is a bounded computational sample. It does not prove atomicity, unique factorization, IDF behavior, or any infinite mathematical property."
399/8,49.87500000,decomposable,3/2 + 387/8,no,"This is a bounded computational sample. It does not prove atomicity, unique factorization, IDF behavior, or any infinite mathematical property."
399/16,24.93750000,decomposable,3/2 + 375/16,no,"This is a bounded computational sample. It does not prove atomicity, unique factorization, IDF behavior, or any infinite mathematical property."
399/32,12.46875000,decomposable,3/2 + 351/32,no,"This is a bounded computational sample. It does not prove atomicity, unique factorization, IDF behavior, or any infinite mathematical property."
401/16,25.06250000,decomposable,3/2 + 377/16,no,"This is a bounded computational sample. It does not prove atomicity, unique factorization, IDF behavior, or any infinite mathematical property."
403/8,50.37500000,decomposable,3/2 + 391/8,no,"This is a bounded computational sample. It does not prove atomicity, unique factorization, IDF behavior, or any infinite mathematical property."
403/16,25.18750000,decomposable,3/2 + 379/16,no,"This is a bounded computational sample. It does not prove atomicity, unique factorization, IDF behavior, or any infinite mathematical property."
403/32,12.59375000,decomposable,3/2 + 355/32,no,"This is a bounded computational sample. It does not prove atomicity, unique factorization, IDF behavior, or any infinite mathematical property."
405/16,25.31250000,decomposable,3/2 + 381/16,no,"This is a bounded computational sample. It does not prove atomicity, unique factorization, IDF behavior, or any infinite mathematical property."
405/32,12.65625000,decomposable,81/16 + 243/32,no,"This is a bounded computational sample. It does not prove atomicity, unique factorization, IDF behavior, or any infinite mathematical property."
407/16,25.43750000,decomposable,3/2 + 383/16,no,"This is a bounded computational sample. It does not prove atomicity, unique factorization, IDF behavior, or any infinite mathematical property."
409/16,25.56250000,decomposable,3/2 + 385/16,no,"This is a bounded computational sample. It does not prove atomicity, unique factorization, IDF behavior, or any infinite mathematical property."
411/8,51.37500000,decomposable,3/2 + 399/8,no,"This is a bounded computational sample. It does not prove atomicity, unique factorization, IDF behavior, or any infinite mathematical property."
411/16,25.68750000,decomposable,3/2 + 387/16,no,"This is a bounded computational sample. It does not prove atomicity, unique factorization, IDF behavior, or any infinite mathematical property."
411/32,12.84375000,decomposable,3/2 + 363/32,no,"This is a bounded computational sample. It does not prove atomicity, unique factorization, IDF behavior, or any infinite mathematical property."
413/16,25.81250000,decomposable,3/2 + 389/16,no,"This is a bounded computational sample. It does not prove atomicity, unique factorization, IDF behavior, or any infinite mathematical property."
415/16,25.93750000,decomposable,3/2 + 391/16,no,"This is a bounded computational sample. It does not prove atomicity, unique factorization, IDF behavior, or any infinite mathematical property."
415/32,12.96875000,decomposable,27/8 + 307/32,no,"This is a bounded computational sample. It does not prove atomicity, unique factorization, IDF behavior, or any infinite mathematical property."
417/16,26.06250000,decomposable,3/2 + 393/16,no,"This is a bounded computational sample. It does not prove atomicity, unique factorization, IDF behavior, or any infinite mathematical property."
419/16,26.18750000,decomposable,3/2 + 395/16,no,"This is a bounded computational sample. It does not prove atomicity, unique factorization, IDF behavior, or any infinite mathematical property."
419/32,13.09375000,decomposable,3/2 + 371/32,no,"This is a bounded computational sample. It does not prove atomicity, unique factorization, IDF behavior, or any infinite mathematical property."
421/16,26.31250000,decomposable,3/2 + 397/16,no,"This is a bounded computational sample. It does not prove atomicity, unique factorization, IDF behavior, or any infinite mathematical property."
423/16,26.43750000,decomposable,3/2 + 399/16,no,"This is a bounded computational sample. It does not prove atomicity, unique factorization, IDF behavior, or any infinite mathematical property."
423/32,13.21875000,decomposable,9/4 + 351/32,no,"This is a bounded computational sample. It does not prove atomicity, unique factorization, IDF behavior, or any infinite mathematical property."
425/16,26.56250000,decomposable,3/2 + 401/16,no,"This is a bounded computational sample. It does not prove atomicity, unique factorization, IDF behavior, or any infinite mathematical property."
427/16,26.68750000,decomposable,3/2 + 403/16,no,"This is a bounded computational sample. It does not prove atomicity, unique factorization, IDF behavior, or any infinite mathematical property."
427/32,13.34375000,decomposable,3/2 + 379/32,no,"This is a bounded computational sample. It does not prove atomicity, unique factorization, IDF behavior, or any infinite mathematical property."
429/16,26.81250000,decomposable,3/2 + 405/16,no,"This is a bounded computational sample. It does not prove atomicity, unique factorization, IDF behavior, or any infinite mathematical property."
431/16,26.93750000,decomposable,3/2 + 407/16,no,"This is a bounded computational sample. It does not prove atomicity, unique factorization, IDF behavior, or any infinite mathematical property."
431/32,13.46875000,decomposable,3/2 + 383/32,no,"This is a bounded computational sample. It does not prove atomicity, unique factorization, IDF behavior, or any infinite mathematical property."
433/16,27.06250000,decomposable,3/2 + 409/16,no,"This is a bounded computational sample. It does not prove atomicity, unique factorization, IDF behavior, or any infinite mathematical property."
435/16,27.18750000,decomposable,3/2 + 411/16,no,"This is a bounded computational sample. It does not prove atomicity, unique factorization, IDF behavior, or any infinite mathematical property."
435/32,13.59375000,decomposable,3/2 + 387/32,no,"This is a bounded computational sample. It does not prove atomicity, unique factorization, IDF behavior, or any infinite mathematical property."
437/16,27.31250000,decomposable,3/2 + 413/16,no,"This is a bounded computational sample. It does not prove atomicity, unique factorization, IDF behavior, or any infinite mathematical property."
437/32,13.65625000,decomposable,81/16 + 275/32,no,"This is a bounded computational sample. It does not prove atomicity, unique factorization, IDF behavior, or any infinite mathematical property."
439/16,27.43750000,decomposable,3/2 + 415/16,no,"This is a bounded computational sample. It does not prove atomicity, unique factorization, IDF behavior, or any infinite mathematical property."
441/16,27.56250000,decomposable,3/2 + 417/16,no,"This is a bounded computational sample. It does not prove atomicity, unique factorization, IDF behavior, or any infinite mathematical property."
443/16,27.68750000,decomposable,3/2 + 419/16,no,"This is a bounded computational sample. It does not prove atomicity, unique factorization, IDF behavior, or any infinite mathematical property."
443/32,13.84375000,decomposable,3/2 + 395/32,no,"This is a bounded computational sample. It does not prove atomicity, unique factorization, IDF behavior, or any infinite mathematical property."
445/16,27.81250000,decomposable,3/2 + 421/16,no,"This is a bounded computational sample. It does not prove atomicity, unique factorization, IDF behavior, or any infinite mathematical property."
447/16,27.93750000,decomposable,3/2 + 423/16,no,"This is a bounded computational sample. It does not prove atomicity, unique factorization, IDF behavior, or any infinite mathematical property."
447/32,13.96875000,decomposable,3/2 + 399/32,no,"This is a bounded computational sample. It does not prove atomicity, unique factorization, IDF behavior, or any infinite mathematical property."
449/16,28.06250000,decomposable,3/2 + 425/16,no,"This is a bounded computational sample. It does not prove atomicity, unique factorization, IDF behavior, or any infinite mathematical property."
451/16,28.18750000,decomposable,3/2 + 427/16,no,"This is a bounded computational sample. It does not prove atomicity, unique factorization, IDF behavior, or any infinite mathematical property."
451/32,14.09375000,decomposable,3/2 + 403/32,no,"This is a bounded computational sample. It does not prove atomicity, unique factorization, IDF behavior, or any infinite mathematical property."
453/16,28.31250000,decomposable,3/2 + 429/16,no,"This is a bounded computational sample. It does not prove atomicity, unique factorization, IDF behavior, or any infinite mathematical property."
453/32,14.15625000,decomposable,3/2 + 405/32,no,"This is a bounded computational sample. It does not prove atomicity, unique factorization, IDF behavior, or any infinite mathematical property."
455/16,28.43750000,decomposable,3/2 + 431/16,no,"This is a bounded computational sample. It does not prove atomicity, unique factorization, IDF behavior, or any infinite mathematical property."
455/32,14.21875000,decomposable,9/4 + 383/32,no,"This is a bounded computational sample. It does not prove atomicity, unique factorization, IDF behavior, or any infinite mathematical property."
457/16,28.56250000,decomposable,3/2 + 433/16,no,"This is a bounded computational sample. It does not prove atomicity, unique factorization, IDF behavior, or any infinite mathematical property."
459/16,28.68750000,decomposable,3/2 + 435/16,no,"This is a bounded computational sample. It does not prove atomicity, unique factorization, IDF behavior, or any infinite mathematical property."
459/32,14.34375000,decomposable,3/2 + 411/32,no,"This is a bounded computational sample. It does not prove atomicity, unique factorization, IDF behavior, or any infinite mathematical property."
461/16,28.81250000,decomposable,3/2 + 437/16,no,"This is a bounded computational sample. It does not prove atomicity, unique factorization, IDF behavior, or any infinite mathematical property."
463/16,28.93750000,decomposable,3/2 + 439/16,no,"This is a bounded computational sample. It does not prove atomicity, unique factorization, IDF behavior, or any infinite mathematical property."
463/32,14.46875000,decomposable,3/2 + 415/32,no,"This is a bounded computational sample. It does not prove atomicity, unique factorization, IDF behavior, or any infinite mathematical property."
465/16,29.06250000,decomposable,3/2 + 441/16,no,"This is a bounded computational sample. It does not prove atomicity, unique factorization, IDF behavior, or any infinite mathematical property."
467/16,29.18750000,decomposable,3/2 + 443/16,no,"This is a bounded computational sample. It does not prove atomicity, unique factorization, IDF behavior, or any infinite mathematical property."
467/32,14.59375000,decomposable,3/2 + 419/32,no,"This is a bounded computational sample. It does not prove atomicity, unique factorization, IDF behavior, or any infinite mathematical property."
469/16,29.31250000,decomposable,3/2 + 445/16,no,"This is a bounded computational sample. It does not prove atomicity, unique factorization, IDF behavior, or any infinite mathematical property."
469/32,14.65625000,decomposable,81/16 + 307/32,no,"This is a bounded computational sample. It does not prove atomicity, unique factorization, IDF behavior, or any infinite mathematical property."
471/16,29.43750000,decomposable,3/2 + 447/16,no,"This is a bounded computational sample. It does not prove atomicity, unique factorization, IDF behavior, or any infinite mathematical property."
471/32,14.71875000,decomposable,3/2 + 423/32,no,"This is a bounded computational sample. It does not prove atomicity, unique factorization, IDF behavior, or any infinite mathematical property."
473/16,29.56250000,decomposable,3/2 + 449/16,no,"This is a bounded computational sample. It does not prove atomicity, unique factorization, IDF behavior, or any infinite mathematical property."
475/16,29.68750000,decomposable,3/2 + 451/16,no,"This is a bounded computational sample. It does not prove atomicity, unique factorization, IDF behavior, or any infinite mathematical property."
475/32,14.84375000,decomposable,3/2 + 427/32,no,"This is a bounded computational sample. It does not prove atomicity, unique factorization, IDF behavior, or any infinite mathematical property."
477/16,29.81250000,decomposable,3/2 + 453/16,no,"This is a bounded computational sample. It does not prove atomicity, unique factorization, IDF behavior, or any infinite mathematical property."
477/32,14.90625000,decomposable,9/4 + 405/32,no,"This is a bounded computational sample. It does not prove atomicity, unique factorization, IDF behavior, or any infinite mathematical property."
479/16,29.93750000,decomposable,3/2 + 455/16,no,"This is a bounded computational sample. It does not prove atomicity, unique factorization, IDF behavior, or any infinite mathematical property."
479/32,14.96875000,decomposable,3/2 + 431/32,no,"This is a bounded computational sample. It does not prove atomicity, unique factorization, IDF behavior, or any infinite mathematical property."
481/16,30.06250000,decomposable,3/2 + 457/16,no,"This is a bounded computational sample. It does not prove atomicity, unique factorization, IDF behavior, or any infinite mathematical property."
483/16,30.18750000,decomposable,3/2 + 459/16,no,"This is a bounded computational sample. It does not prove atomicity, unique factorization, IDF behavior, or any infinite mathematical property."
483/32,15.09375000,decomposable,3/2 + 435/32,no,"This is a bounded computational sample. It does not prove atomicity, unique factorization, IDF behavior, or any infinite mathematical property."
485/16,30.31250000,decomposable,3/2 + 461/16,no,"This is a bounded computational sample. It does not prove atomicity, unique factorization, IDF behavior, or any infinite mathematical property."
485/32,15.15625000,decomposable,3/2 + 437/32,no,"This is a bounded computational sample. It does not prove atomicity, unique factorization, IDF behavior, or any infinite mathematical property."
487/16,30.43750000,decomposable,3/2 + 463/16,no,"This is a bounded computational sample. It does not prove atomicity, unique factorization, IDF behavior, or any infinite mathematical property."
487/32,15.21875000,decomposable,9/4 + 415/32,no,"This is a bounded computational sample. It does not prove atomicity, unique factorization, IDF behavior, or any infinite mathematical property."
489/16,30.56250000,decomposable,3/2 + 465/16,no,"This is a bounded computational sample. It does not prove atomicity, unique factorization, IDF behavior, or any infinite mathematical property."
491/16,30.68750000,decomposable,3/2 + 467/16,no,"This is a bounded computational sample. It does not prove atomicity, unique factorization, IDF behavior, or any infinite mathematical property."
491/32,15.34375000,decomposable,3/2 + 443/32,no,"This is a bounded computational sample. It does not prove atomicity, unique factorization, IDF behavior, or any infinite mathematical property."
493/16,30.81250000,decomposable,3/2 + 469/16,no,"This is a bounded computational sample. It does not prove atomicity, unique factorization, IDF behavior, or any infinite mathematical property."
495/16,30.93750000,decomposable,3/2 + 471/16,no,"This is a bounded computational sample. It does not prove atomicity, unique factorization, IDF behavior, or any infinite mathematical property."
495/32,15.46875000,decomposable,3/2 + 447/32,no,"This is a bounded computational sample. It does not prove atomicity, unique factorization, IDF behavior, or any infinite mathematical property."
497/16,31.06250000,decomposable,3/2 + 473/16,no,"This is a bounded computational sample. It does not prove atomicity, unique factorization, IDF behavior, or any infinite mathematical property."
499/16,31.18750000,decomposable,3/2 + 475/16,no,"This is a bounded computational sample. It does not prove atomicity, unique factorization, IDF behavior, or any infinite mathematical property."
499/32,15.59375000,decomposable,3/2 + 451/32,no,"This is a bounded computational sample. It does not prove atomicity, unique factorization, IDF behavior, or any infinite mathematical property."
501/16,31.31250000,decomposable,3/2 + 477/16,no,"This is a bounded computational sample. It does not prove atomicity, unique factorization, IDF behavior, or any infinite mathematical property."
501/32,15.65625000,decomposable,3/2 + 453/32,no,"This is a bounded computational sample. It does not prove atomicity, unique factorization, IDF behavior, or any infinite mathematical property."
503/16,31.43750000,decomposable,3/2 + 479/16,no,"This is a bounded computational sample. It does not prove atomicity, unique factorization, IDF behavior, or any infinite mathematical property."
503/32,15.71875000,decomposable,3/2 + 455/32,no,"This is a bounded computational sample. It does not prove atomicity, unique factorization, IDF behavior, or any infinite mathematical property."
505/16,31.56250000,decomposable,3/2 + 481/16,no,"This is a bounded computational sample. It does not prove atomicity, unique factorization, IDF behavior, or any infinite mathematical property."
507/16,31.68750000,decomposable,3/2 + 483/16,no,"This is a bounded computational sample. It does not prove atomicity, unique factorization, IDF behavior, or any infinite mathematical property."
507/32,15.84375000,decomposable,3/2 + 459/32,no,"This is a bounded computational sample. It does not prove atomicity, unique factorization, IDF behavior, or any infinite mathematical property."
509/16,31.81250000,decomposable,3/2 + 485/16,no,"This is a bounded computational sample. It does not prove atomicity, unique factorization, IDF behavior, or any infinite mathematical property."
509/32,15.90625000,decomposable,9/4 + 437/32,no,"This is a bounded computational sample. It does not prove atomicity, unique factorization, IDF behavior, or any infinite mathematical property."
511/16,31.93750000,decomposable,3/2 + 487/16,no,"This is a bounded computational sample. It does not prove atomicity, unique factorization, IDF behavior, or any infinite mathematical property."
511/32,15.96875000,decomposable,3/2 + 463/32,no,"This is a bounded computational sample. It does not prove atomicity, unique factorization, IDF behavior, or any infinite mathematical property."
513/16,32.06250000,decomposable,3/2 + 489/16,no,"This is a bounded computational sample. It does not prove atomicity, unique factorization, IDF behavior, or any infinite mathematical property."
513/32,16.03125000,decomposable,27/8 + 405/32,no,"This is a bounded computational sample. It does not prove atomicity, unique factorization, IDF behavior, or any infinite mathematical property."
515/16,32.18750000,decomposable,3/2 + 491/16,no,"This is a bounded computational sample. It does not prove atomicity, unique factorization, IDF behavior, or any infinite mathematical property."
515/32,16.09375000,decomposable,3/2 + 467/32,no,"This is a bounded computational sample. It does not prove atomicity, unique factorization, IDF behavior, or any infinite mathematical property."
517/16,32.31250000,decomposable,3/2 + 493/16,no,"This is a bounded computational sample. It does not prove atomicity, unique factorization, IDF behavior, or any infinite mathematical property."
517/32,16.15625000,decomposable,3/2 + 469/32,no,"This is a bounded computational sample. It does not prove atomicity, unique factorization, IDF behavior, or any infinite mathematical property."
519/16,32.43750000,decomposable,3/2 + 495/16,no,"This is a bounded computational sample. It does not prove atomicity, unique factorization, IDF behavior, or any infinite mathematical property."
519/32,16.21875000,decomposable,3/2 + 471/32,no,"This is a bounded computational sample. It does not prove atomicity, unique factorization, IDF behavior, or any infinite mathematical property."
521/16,32.56250000,decomposable,3/2 + 497/16,no,"This is a bounded computational sample. It does not prove atomicity, unique factorization, IDF behavior, or any infinite mathematical property."
523/16,32.68750000,decomposable,3/2 + 499/16,no,"This is a bounded computational sample. It does not prove atomicity, unique factorization, IDF behavior, or any infinite mathematical property."
523/32,16.34375000,decomposable,3/2 + 475/32,no,"This is a bounded computational sample. It does not prove atomicity, unique factorization, IDF behavior, or any infinite mathematical property."
525/16,32.81250000,decomposable,3/2 + 501/16,no,"This is a bounded computational sample. It does not prove atomicity, unique factorization, IDF behavior, or any infinite mathematical property."
525/32,16.40625000,decomposable,3/2 + 477/32,no,"This is a bounded computational sample. It does not prove atomicity, unique factorization, IDF behavior, or any infinite mathematical property."
527/16,32.93750000,decomposable,3/2 + 503/16,no,"This is a bounded computational sample. It does not prove atomicity, unique factorization, IDF behavior, or any infinite mathematical property."
527/32,16.46875000,decomposable,3/2 + 479/32,no,"This is a bounded computational sample. It does not prove atomicity, unique factorization, IDF behavior, or any infinite mathematical property."
529/16,33.06250000,decomposable,3/2 + 505/16,no,"This is a bounded computational sample. It does not prove atomicity, unique factorization, IDF behavior, or any infinite mathematical property."
531/16,33.18750000,decomposable,3/2 + 507/16,no,"This is a bounded computational sample. It does not prove atomicity, unique factorization, IDF behavior, or any infinite mathematical property."
531/32,16.59375000,decomposable,3/2 + 483/32,no,"This is a bounded computational sample. It does not prove atomicity, unique factorization, IDF behavior, or any infinite mathematical property."
533/16,33.31250000,decomposable,3/2 + 509/16,no,"This is a bounded computational sample. It does not prove atomicity, unique factorization, IDF behavior, or any infinite mathematical property."
533/32,16.65625000,decomposable,3/2 + 485/32,no,"This is a bounded computational sample. It does not prove atomicity, unique factorization, IDF behavior, or any infinite mathematical property."
535/16,33.43750000,decomposable,3/2 + 511/16,no,"This is a bounded computational sample. It does not prove atomicity, unique factorization, IDF behavior, or any infinite mathematical property."
535/32,16.71875000,decomposable,3/2 + 487/32,no,"This is a bounded computational sample. It does not prove atomicity, unique factorization, IDF behavior, or any infinite mathematical property."
537/16,33.56250000,decomposable,3/2 + 513/16,no,"This is a bounded computational sample. It does not prove atomicity, unique factorization, IDF behavior, or any infinite mathematical property."
539/16,33.68750000,decomposable,3/2 + 515/16,no,"This is a bounded computational sample. It does not prove atomicity, unique factorization, IDF behavior, or any infinite mathematical property."
539/32,16.84375000,decomposable,3/2 + 491/32,no,"This is a bounded computational sample. It does not prove atomicity, unique factorization, IDF behavior, or any infinite mathematical property."
541/16,33.81250000,decomposable,3/2 + 517/16,no,"This is a bounded computational sample. It does not prove atomicity, unique factorization, IDF behavior, or any infinite mathematical property."
541/32,16.90625000,decomposable,9/4 + 469/32,no,"This is a bounded computational sample. It does not prove atomicity, unique factorization, IDF behavior, or any infinite mathematical property."
543/16,33.93750000,decomposable,3/2 + 519/16,no,"This is a bounded computational sample. It does not prove atomicity, unique factorization, IDF behavior, or any infinite mathematical property."
543/32,16.96875000,decomposable,3/2 + 495/32,no,"This is a bounded computational sample. It does not prove atomicity, unique factorization, IDF behavior, or any infinite mathematical property."
545/16,34.06250000,decomposable,3/2 + 521/16,no,"This is a bounded computational sample. It does not prove atomicity, unique factorization, IDF behavior, or any infinite mathematical property."
545/32,17.03125000,decomposable,27/8 + 437/32,no,"This is a bounded computational sample. It does not prove atomicity, unique factorization, IDF behavior, or any infinite mathematical property."
547/16,34.18750000,decomposable,3/2 + 523/16,no,"This is a bounded computational sample. It does not prove atomicity, unique factorization, IDF behavior, or any infinite mathematical property."
547/32,17.09375000,decomposable,3/2 + 499/32,no,"This is a bounded computational sample. It does not prove atomicity, unique factorization, IDF behavior, or any infinite mathematical property."
549/16,34.31250000,decomposable,3/2 + 525/16,no,"This is a bounded computational sample. It does not prove atomicity, unique factorization, IDF behavior, or any infinite mathematical property."
549/32,17.15625000,decomposable,3/2 + 501/32,no,"This is a bounded computational sample. It does not prove atomicity, unique factorization, IDF behavior, or any infinite mathematical property."
551/16,34.43750000,decomposable,3/2 + 527/16,no,"This is a bounded computational sample. It does not prove atomicity, unique factorization, IDF behavior, or any infinite mathematical property."
551/32,17.21875000,decomposable,3/2 + 503/32,no,"This is a bounded computational sample. It does not prove atomicity, unique factorization, IDF behavior, or any infinite mathematical property."
553/16,34.56250000,decomposable,3/2 + 529/16,no,"This is a bounded computational sample. It does not prove atomicity, unique factorization, IDF behavior, or any infinite mathematical property."
555/16,34.68750000,decomposable,3/2 + 531/16,no,"This is a bounded computational sample. It does not prove atomicity, unique factorization, IDF behavior, or any infinite mathematical property."
555/32,17.34375000,decomposable,3/2 + 507/32,no,"This is a bounded computational sample. It does not prove atomicity, unique factorization, IDF behavior, or any infinite mathematical property."
557/16,34.81250000,decomposable,3/2 + 533/16,no,"This is a bounded computational sample. It does not prove atomicity, unique factorization, IDF behavior, or any infinite mathematical property."
557/32,17.40625000,decomposable,3/2 + 509/32,no,"This is a bounded computational sample. It does not prove atomicity, unique factorization, IDF behavior, or any infinite mathematical property."
559/16,34.93750000,decomposable,3/2 + 535/16,no,"This is a bounded computational sample. It does not prove atomicity, unique factorization, IDF behavior, or any infinite mathematical property."
559/32,17.46875000,decomposable,3/2 + 511/32,no,"This is a bounded computational sample. It does not prove atomicity, unique factorization, IDF behavior, or any infinite mathematical property."
561/16,35.06250000,decomposable,3/2 + 537/16,no,"This is a bounded computational sample. It does not prove atomicity, unique factorization, IDF behavior, or any infinite mathematical property."
561/32,17.53125000,decomposable,3/2 + 513/32,no,"This is a bounded computational sample. It does not prove atomicity, unique factorization, IDF behavior, or any infinite mathematical property."
563/16,35.18750000,decomposable,3/2 + 539/16,no,"This is a bounded computational sample. It does not prove atomicity, unique factorization, IDF behavior, or any infinite mathematical property."
563/32,17.59375000,decomposable,3/2 + 515/32,no,"This is a bounded computational sample. It does not prove atomicity, unique factorization, IDF behavior, or any infinite mathematical property."
565/16,35.31250000,decomposable,3/2 + 541/16,no,"This is a bounded computational sample. It does not prove atomicity, unique factorization, IDF behavior, or any infinite mathematical property."
565/32,17.65625000,decomposable,3/2 + 517/32,no,"This is a bounded computational sample. It does not prove atomicity, unique factorization, IDF behavior, or any infinite mathematical property."
567/16,35.43750000,decomposable,3/2 + 543/16,no,"This is a bounded computational sample. It does not prove atomicity, unique factorization, IDF behavior, or any infinite mathematical property."
567/32,17.71875000,decomposable,3/2 + 519/32,no,"This is a bounded computational sample. It does not prove atomicity, unique factorization, IDF behavior, or any infinite mathematical property."
569/16,35.56250000,decomposable,3/2 + 545/16,no,"This is a bounded computational sample. It does not prove atomicity, unique factorization, IDF behavior, or any infinite mathematical property."
571/16,35.68750000,decomposable,3/2 + 547/16,no,"This is a bounded computational sample. It does not prove atomicity, unique factorization, IDF behavior, or any infinite mathematical property."
571/32,17.84375000,decomposable,3/2 + 523/32,no,"This is a bounded computational sample. It does not prove atomicity, unique factorization, IDF behavior, or any infinite mathematical property."
573/16,35.81250000,decomposable,3/2 + 549/16,no,"This is a bounded computational sample. It does not prove atomicity, unique factorization, IDF behavior, or any infinite mathematical property."
573/32,17.90625000,decomposable,3/2 + 525/32,no,"This is a bounded computational sample. It does not prove atomicity, unique factorization, IDF behavior, or any infinite mathematical property."
575/16,35.93750000,decomposable,3/2 + 551/16,no,"This is a bounded computational sample. It does not prove atomicity, unique factorization, IDF behavior, or any infinite mathematical property."
575/32,17.96875000,decomposable,3/2 + 527/32,no,"This is a bounded computational sample. It does not prove atomicity, unique factorization, IDF behavior, or any infinite mathematical property."
577/16,36.06250000,decomposable,3/2 + 553/16,no,"This is a bounded computational sample. It does not prove atomicity, unique factorization, IDF behavior, or any infinite mathematical property."
577/32,18.03125000,decomposable,27/8 + 469/32,no,"This is a bounded computational sample. It does not prove atomicity, unique factorization, IDF behavior, or any infinite mathematical property."
579/16,36.18750000,decomposable,3/2 + 555/16,no,"This is a bounded computational sample. It does not prove atomicity, unique factorization, IDF behavior, or any infinite mathematical property."
579/32,18.09375000,decomposable,3/2 + 531/32,no,"This is a bounded computational sample. It does not prove atomicity, unique factorization, IDF behavior, or any infinite mathematical property."
581/16,36.31250000,decomposable,3/2 + 557/16,no,"This is a bounded computational sample. It does not prove atomicity, unique factorization, IDF behavior, or any infinite mathematical property."
581/32,18.15625000,decomposable,3/2 + 533/32,no,"This is a bounded computational sample. It does not prove atomicity, unique factorization, IDF behavior, or any infinite mathematical property."
583/16,36.43750000,decomposable,3/2 + 559/16,no,"This is a bounded computational sample. It does not prove atomicity, unique factorization, IDF behavior, or any infinite mathematical property."
583/32,18.21875000,decomposable,3/2 + 535/32,no,"This is a bounded computational sample. It does not prove atomicity, unique factorization, IDF behavior, or any infinite mathematical property."
585/16,36.56250000,decomposable,3/2 + 561/16,no,"This is a bounded computational sample. It does not prove atomicity, unique factorization, IDF behavior, or any infinite mathematical property."
585/32,18.28125000,decomposable,9/4 + 513/32,no,"This is a bounded computational sample. It does not prove atomicity, unique factorization, IDF behavior, or any infinite mathematical property."
587/16,36.68750000,decomposable,3/2 + 563/16,no,"This is a bounded computational sample. It does not prove atomicity, unique factorization, IDF behavior, or any infinite mathematical property."
587/32,18.34375000,decomposable,3/2 + 539/32,no,"This is a bounded computational sample. It does not prove atomicity, unique factorization, IDF behavior, or any infinite mathematical property."
589/16,36.81250000,decomposable,3/2 + 565/16,no,"This is a bounded computational sample. It does not prove atomicity, unique factorization, IDF behavior, or any infinite mathematical property."
589/32,18.40625000,decomposable,3/2 + 541/32,no,"This is a bounded computational sample. It does not prove atomicity, unique factorization, IDF behavior, or any infinite mathematical property."
591/16,36.93750000,decomposable,3/2 + 567/16,no,"This is a bounded computational sample. It does not prove atomicity, unique factorization, IDF behavior, or any infinite mathematical property."
591/32,18.46875000,decomposable,3/2 + 543/32,no,"This is a bounded computational sample. It does not prove atomicity, unique factorization, IDF behavior, or any infinite mathematical property."
593/16,37.06250000,decomposable,3/2 + 569/16,no,"This is a bounded computational sample. It does not prove atomicity, unique factorization, IDF behavior, or any infinite mathematical property."
593/32,18.53125000,decomposable,3/2 + 545/32,no,"This is a bounded computational sample. It does not prove atomicity, unique factorization, IDF behavior, or any infinite mathematical property."
595/16,37.18750000,decomposable,3/2 + 571/16,no,"This is a bounded computational sample. It does not prove atomicity, unique factorization, IDF behavior, or any infinite mathematical property."
595/32,18.59375000,decomposable,3/2 + 547/32,no,"This is a bounded computational sample. It does not prove atomicity, unique factorization, IDF behavior, or any infinite mathematical property."
597/16,37.31250000,decomposable,3/2 + 573/16,no,"This is a bounded computational sample. It does not prove atomicity, unique factorization, IDF behavior, or any infinite mathematical property."
597/32,18.65625000,decomposable,3/2 + 549/32,no,"This is a bounded computational sample. It does not prove atomicity, unique factorization, IDF behavior, or any infinite mathematical property."
599/16,37.43750000,decomposable,3/2 + 575/16,no,"This is a bounded computational sample. It does not prove atomicity, unique factorization, IDF behavior, or any infinite mathematical property."
599/32,18.71875000,decomposable,3/2 + 551/32,no,"This is a bounded computational sample. It does not prove atomicity, unique factorization, IDF behavior, or any infinite mathematical property."
601/16,37.56250000,decomposable,3/2 + 577/16,no,"This is a bounded computational sample. It does not prove atomicity, unique factorization, IDF behavior, or any infinite mathematical property."
603/16,37.68750000,decomposable,3/2 + 579/16,no,"This is a bounded computational sample. It does not prove atomicity, unique factorization, IDF behavior, or any infinite mathematical property."
603/32,18.84375000,decomposable,3/2 + 555/32,no,"This is a bounded computational sample. It does not prove atomicity, unique factorization, IDF behavior, or any infinite mathematical property."
605/16,37.81250000,decomposable,3/2 + 581/16,no,"This is a bounded computational sample. It does not prove atomicity, unique factorization, IDF behavior, or any infinite mathematical property."
605/32,18.90625000,decomposable,3/2 + 557/32,no,"This is a bounded computational sample. It does not prove atomicity, unique factorization, IDF behavior, or any infinite mathematical property."
607/16,37.93750000,decomposable,3/2 + 583/16,no,"This is a bounded computational sample. It does not prove atomicity, unique factorization, IDF behavior, or any infinite mathematical property."
607/32,18.96875000,decomposable,3/2 + 559/32,no,"This is a bounded computational sample. It does not prove atomicity, unique factorization, IDF behavior, or any infinite mathematical property."
609/16,38.06250000,decomposable,3/2 + 585/16,no,"This is a bounded computational sample. It does not prove atomicity, unique factorization, IDF behavior, or any infinite mathematical property."
609/32,19.03125000,decomposable,3/2 + 561/32,no,"This is a bounded computational sample. It does not prove atomicity, unique factorization, IDF behavior, or any infinite mathematical property."
611/16,38.18750000,decomposable,3/2 + 587/16,no,"This is a bounded computational sample. It does not prove atomicity, unique factorization, IDF behavior, or any infinite mathematical property."
611/32,19.09375000,decomposable,3/2 + 563/32,no,"This is a bounded computational sample. It does not prove atomicity, unique factorization, IDF behavior, or any infinite mathematical property."
613/16,38.31250000,decomposable,3/2 + 589/16,no,"This is a bounded computational sample. It does not prove atomicity, unique factorization, IDF behavior, or any infinite mathematical property."
613/32,19.15625000,decomposable,3/2 + 565/32,no,"This is a bounded computational sample. It does not prove atomicity, unique factorization, IDF behavior, or any infinite mathematical property."
615/16,38.43750000,decomposable,3/2 + 591/16,no,"This is a bounded computational sample. It does not prove atomicity, unique factorization, IDF behavior, or any infinite mathematical property."
615/32,19.21875000,decomposable,3/2 + 567/32,no,"This is a bounded computational sample. It does not prove atomicity, unique factorization, IDF behavior, or any infinite mathematical property."
617/16,38.56250000,decomposable,3/2 + 593/16,no,"This is a bounded computational sample. It does not prove atomicity, unique factorization, IDF behavior, or any infinite mathematical property."
617/32,19.28125000,decomposable,9/4 + 545/32,no,"This is a bounded computational sample. It does not prove atomicity, unique factorization, IDF behavior, or any infinite mathematical property."
619/16,38.68750000,decomposable,3/2 + 595/16,no,"This is a bounded computational sample. It does not prove atomicity, unique factorization, IDF behavior, or any infinite mathematical property."
619/32,19.34375000,decomposable,3/2 + 571/32,no,"This is a bounded computational sample. It does not prove atomicity, unique factorization, IDF behavior, or any infinite mathematical property."
621/16,38.81250000,decomposable,3/2 + 597/16,no,"This is a bounded computational sample. It does not prove atomicity, unique factorization, IDF behavior, or any infinite mathematical property."
621/32,19.40625000,decomposable,3/2 + 573/32,no,"This is a bounded computational sample. It does not prove atomicity, unique factorization, IDF behavior, or any infinite mathematical property."
623/16,38.93750000,decomposable,3/2 + 599/16,no,"This is a bounded computational sample. It does not prove atomicity, unique factorization, IDF behavior, or any infinite mathematical property."
623/32,19.46875000,decomposable,3/2 + 575/32,no,"This is a bounded computational sample. It does not prove atomicity, unique factorization, IDF behavior, or any infinite mathematical property."
625/16,39.06250000,decomposable,3/2 + 601/16,no,"This is a bounded computational sample. It does not prove atomicity, unique factorization, IDF behavior, or any infinite mathematical property."
625/32,19.53125000,decomposable,3/2 + 577/32,no,"This is a bounded computational sample. It does not prove atomicity, unique factorization, IDF behavior, or any infinite mathematical property."
627/16,39.18750000,decomposable,3/2 + 603/16,no,"This is a bounded computational sample. It does not prove atomicity, unique factorization, IDF behavior, or any infinite mathematical property."
627/32,19.59375000,decomposable,3/2 + 579/32,no,"This is a bounded computational sample. It does not prove atomicity, unique factorization, IDF behavior, or any infinite mathematical property."
629/16,39.31250000,decomposable,3/2 + 605/16,no,"This is a bounded computational sample. It does not prove atomicity, unique factorization, IDF behavior, or any infinite mathematical property."
629/32,19.65625000,decomposable,3/2 + 581/32,no,"This is a bounded computational sample. It does not prove atomicity, unique factorization, IDF behavior, or any infinite mathematical property."
631/16,39.43750000,decomposable,3/2 + 607/16,no,"This is a bounded computational sample. It does not prove atomicity, unique factorization, IDF behavior, or any infinite mathematical property."
631/32,19.71875000,decomposable,3/2 + 583/32,no,"This is a bounded computational sample. It does not prove atomicity, unique factorization, IDF behavior, or any infinite mathematical property."
633/16,39.56250000,decomposable,3/2 + 609/16,no,"This is a bounded computational sample. It does not prove atomicity, unique factorization, IDF behavior, or any infinite mathematical property."
633/32,19.78125000,decomposable,3/2 + 585/32,no,"This is a bounded computational sample. It does not prove atomicity, unique factorization, IDF behavior, or any infinite mathematical property."
635/16,39.68750000,decomposable,3/2 + 611/16,no,"This is a bounded computational sample. It does not prove atomicity, unique factorization, IDF behavior, or any infinite mathematical property."
635/32,19.84375000,decomposable,3/2 + 587/32,no,"This is a bounded computational sample. It does not prove atomicity, unique factorization, IDF behavior, or any infinite mathematical property."
637/16,39.81250000,decomposable,3/2 + 613/16,no,"This is a bounded computational sample. It does not prove atomicity, unique factorization, IDF behavior, or any infinite mathematical property."
637/32,19.90625000,decomposable,3/2 + 589/32,no,"This is a bounded computational sample. It does not prove atomicity, unique factorization, IDF behavior, or any infinite mathematical property."
639/16,39.93750000,decomposable,3/2 + 615/16,no,"This is a bounded computational sample. It does not prove atomicity, unique factorization, IDF behavior, or any infinite mathematical property."
639/32,19.96875000,decomposable,3/2 + 591/32,no,"This is a bounded computational sample. It does not prove atomicity, unique factorization, IDF behavior, or any infinite mathematical property."
641/16,40.06250000,decomposable,3/2 + 617/16,no,"This is a bounded computational sample. It does not prove atomicity, unique factorization, IDF behavior, or any infinite mathematical property."
641/32,20.03125000,decomposable,3/2 + 593/32,no,"This is a bounded computational sample. It does not prove atomicity, unique factorization, IDF behavior, or any infinite mathematical property."
643/16,40.18750000,decomposable,3/2 + 619/16,no,"This is a bounded computational sample. It does not prove atomicity, unique factorization, IDF behavior, or any infinite mathematical property."
643/32,20.09375000,decomposable,3/2 + 595/32,no,"This is a bounded computational sample. It does not prove atomicity, unique factorization, IDF behavior, or any infinite mathematical property."
645/16,40.31250000,decomposable,3/2 + 621/16,no,"This is a bounded computational sample. It does not prove atomicity, unique factorization, IDF behavior, or any infinite mathematical property."
645/32,20.15625000,decomposable,3/2 + 597/32,no,"This is a bounded computational sample. It does not prove atomicity, unique factorization, IDF behavior, or any infinite mathematical property."
647/16,40.43750000,decomposable,3/2 + 623/16,no,"This is a bounded computational sample. It does not prove atomicity, unique factorization, IDF behavior, or any infinite mathematical property."
647/32,20.21875000,decomposable,3/2 + 599/32,no,"This is a bounded computational sample. It does not prove atomicity, unique factorization, IDF behavior, or any infinite mathematical property."
649/16,40.56250000,decomposable,3/2 + 625/16,no,"This is a bounded computational sample. It does not prove atomicity, unique factorization, IDF behavior, or any infinite mathematical property."
649/32,20.28125000,decomposable,9/4 + 577/32,no,"This is a bounded computational sample. It does not prove atomicity, unique factorization, IDF behavior, or any infinite mathematical property."
651/16,40.68750000,decomposable,3/2 + 627/16,no,"This is a bounded computational sample. It does not prove atomicity, unique factorization, IDF behavior, or any infinite mathematical property."
651/32,20.34375000,decomposable,3/2 + 603/32,no,"This is a bounded computational sample. It does not prove atomicity, unique factorization, IDF behavior, or any infinite mathematical property."
653/16,40.81250000,decomposable,3/2 + 629/16,no,"This is a bounded computational sample. It does not prove atomicity, unique factorization, IDF behavior, or any infinite mathematical property."
653/32,20.40625000,decomposable,3/2 + 605/32,no,"This is a bounded computational sample. It does not prove atomicity, unique factorization, IDF behavior, or any infinite mathematical property."
655/16,40.93750000,decomposable,3/2 + 631/16,no,"This is a bounded computational sample. It does not prove atomicity, unique factorization, IDF behavior, or any infinite mathematical property."
655/32,20.46875000,decomposable,3/2 + 607/32,no,"This is a bounded computational sample. It does not prove atomicity, unique factorization, IDF behavior, or any infinite mathematical property."
657/16,41.06250000,decomposable,3/2 + 633/16,no,"This is a bounded computational sample. It does not prove atomicity, unique factorization, IDF behavior, or any infinite mathematical property."
657/32,20.53125000,decomposable,3/2 + 609/32,no,"This is a bounded computational sample. It does not prove atomicity, unique factorization, IDF behavior, or any infinite mathematical property."
659/16,41.18750000,decomposable,3/2 + 635/16,no,"This is a bounded computational sample. It does not prove atomicity, unique factorization, IDF behavior, or any infinite mathematical property."
659/32,20.59375000,decomposable,3/2 + 611/32,no,"This is a bounded computational sample. It does not prove atomicity, unique factorization, IDF behavior, or any infinite mathematical property."
661/16,41.31250000,decomposable,3/2 + 637/16,no,"This is a bounded computational sample. It does not prove atomicity, unique factorization, IDF behavior, or any infinite mathematical property."
661/32,20.65625000,decomposable,3/2 + 613/32,no,"This is a bounded computational sample. It does not prove atomicity, unique factorization, IDF behavior, or any infinite mathematical property."
663/16,41.43750000,decomposable,3/2 + 639/16,no,"This is a bounded computational sample. It does not prove atomicity, unique factorization, IDF behavior, or any infinite mathematical property."
663/32,20.71875000,decomposable,3/2 + 615/32,no,"This is a bounded computational sample. It does not prove atomicity, unique factorization, IDF behavior, or any infinite mathematical property."
665/16,41.56250000,decomposable,3/2 + 641/16,no,"This is a bounded computational sample. It does not prove atomicity, unique factorization, IDF behavior, or any infinite mathematical property."
665/32,20.78125000,decomposable,3/2 + 617/32,no,"This is a bounded computational sample. It does not prove atomicity, unique factorization, IDF behavior, or any infinite mathematical property."
667/16,41.68750000,decomposable,3/2 + 643/16,no,"This is a bounded computational sample. It does not prove atomicity, unique factorization, IDF behavior, or any infinite mathematical property."
667/32,20.84375000,decomposable,3/2 + 619/32,no,"This is a bounded computational sample. It does not prove atomicity, unique factorization, IDF behavior, or any infinite mathematical property."
669/16,41.81250000,decomposable,3/2 + 645/16,no,"This is a bounded computational sample. It does not prove atomicity, unique factorization, IDF behavior, or any infinite mathematical property."
669/32,20.90625000,decomposable,3/2 + 621/32,no,"This is a bounded computational sample. It does not prove atomicity, unique factorization, IDF behavior, or any infinite mathematical property."
671/16,41.93750000,decomposable,3/2 + 647/16,no,"This is a bounded computational sample. It does not prove atomicity, unique factorization, IDF behavior, or any infinite mathematical property."
671/32,20.96875000,decomposable,3/2 + 623/32,no,"This is a bounded computational sample. It does not prove atomicity, unique factorization, IDF behavior, or any infinite mathematical property."
673/16,42.06250000,decomposable,3/2 + 649/16,no,"This is a bounded computational sample. It does not prove atomicity, unique factorization, IDF behavior, or any infinite mathematical property."
673/32,21.03125000,decomposable,3/2 + 625/32,no,"This is a bounded computational sample. It does not prove atomicity, unique factorization, IDF behavior, or any infinite mathematical property."
675/16,42.18750000,decomposable,3/2 + 651/16,no,"This is a bounded computational sample. It does not prove atomicity, unique factorization, IDF behavior, or any infinite mathematical property."
675/32,21.09375000,decomposable,3/2 + 627/32,no,"This is a bounded computational sample. It does not prove atomicity, unique factorization, IDF behavior, or any infinite mathematical property."
677/16,42.31250000,decomposable,3/2 + 653/16,no,"This is a bounded computational sample. It does not prove atomicity, unique factorization, IDF behavior, or any infinite mathematical property."
677/32,21.15625000,decomposable,3/2 + 629/32,no,"This is a bounded computational sample. It does not prove atomicity, unique factorization, IDF behavior, or any infinite mathematical property."
679/16,42.43750000,decomposable,3/2 + 655/16,no,"This is a bounded computational sample. It does not prove atomicity, unique factorization, IDF behavior, or any infinite mathematical property."
679/32,21.21875000,decomposable,3/2 + 631/32,no,"This is a bounded computational sample. It does not prove atomicity, unique factorization, IDF behavior, or any infinite mathematical property."
681/16,42.56250000,decomposable,3/2 + 657/16,no,"This is a bounded computational sample. It does not prove atomicity, unique factorization, IDF behavior, or any infinite mathematical property."
681/32,21.28125000,decomposable,3/2 + 633/32,no,"This is a bounded computational sample. It does not prove atomicity, unique factorization, IDF behavior, or any infinite mathematical property."
683/16,42.68750000,decomposable,3/2 + 659/16,no,"This is a bounded computational sample. It does not prove atomicity, unique factorization, IDF behavior, or any infinite mathematical property."
683/32,21.34375000,decomposable,3/2 + 635/32,no,"This is a bounded computational sample. It does not prove atomicity, unique factorization, IDF behavior, or any infinite mathematical property."
685/16,42.81250000,decomposable,3/2 + 661/16,no,"This is a bounded computational sample. It does not prove atomicity, unique factorization, IDF behavior, or any infinite mathematical property."
685/32,21.40625000,decomposable,3/2 + 637/32,no,"This is a bounded computational sample. It does not prove atomicity, unique factorization, IDF behavior, or any infinite mathematical property."
687/16,42.93750000,decomposable,3/2 + 663/16,no,"This is a bounded computational sample. It does not prove atomicity, unique factorization, IDF behavior, or any infinite mathematical property."
687/32,21.46875000,decomposable,3/2 + 639/32,no,"This is a bounded computational sample. It does not prove atomicity, unique factorization, IDF behavior, or any infinite mathematical property."
689/16,43.06250000,decomposable,3/2 + 665/16,no,"This is a bounded computational sample. It does not prove atomicity, unique factorization, IDF behavior, or any infinite mathematical property."
689/32,21.53125000,decomposable,3/2 + 641/32,no,"This is a bounded computational sample. It does not prove atomicity, unique factorization, IDF behavior, or any infinite mathematical property."
691/16,43.18750000,decomposable,3/2 + 667/16,no,"This is a bounded computational sample. It does not prove atomicity, unique factorization, IDF behavior, or any infinite mathematical property."
691/32,21.59375000,decomposable,3/2 + 643/32,no,"This is a bounded computational sample. It does not prove atomicity, unique factorization, IDF behavior, or any infinite mathematical property."
693/16,43.31250000,decomposable,3/2 + 669/16,no,"This is a bounded computational sample. It does not prove atomicity, unique factorization, IDF behavior, or any infinite mathematical property."
693/32,21.65625000,decomposable,3/2 + 645/32,no,"This is a bounded computational sample. It does not prove atomicity, unique factorization, IDF behavior, or any infinite mathematical property."
695/16,43.43750000,decomposable,3/2 + 671/16,no,"This is a bounded computational sample. It does not prove atomicity, unique factorization, IDF behavior, or any infinite mathematical property."
695/32,21.71875000,decomposable,3/2 + 647/32,no,"This is a bounded computational sample. It does not prove atomicity, unique factorization, IDF behavior, or any infinite mathematical property."
697/32,21.78125000,decomposable,3/2 + 649/32,no,"This is a bounded computational sample. It does not prove atomicity, unique factorization, IDF behavior, or any infinite mathematical property."
699/16,43.68750000,decomposable,3/2 + 675/16,no,"This is a bounded computational sample. It does not prove atomicity, unique factorization, IDF behavior, or any infinite mathematical property."
699/32,21.84375000,decomposable,3/2 + 651/32,no,"This is a bounded computational sample. It does not prove atomicity, unique factorization, IDF behavior, or any infinite mathematical property."
701/16,43.81250000,decomposable,3/2 + 677/16,no,"This is a bounded computational sample. It does not prove atomicity, unique factorization, IDF behavior, or any infinite mathematical property."
701/32,21.90625000,decomposable,3/2 + 653/32,no,"This is a bounded computational sample. It does not prove atomicity, unique factorization, IDF behavior, or any infinite mathematical property."
703/16,43.93750000,decomposable,3/2 + 679/16,no,"This is a bounded computational sample. It does not prove atomicity, unique factorization, IDF behavior, or any infinite mathematical property."
703/32,21.96875000,decomposable,3/2 + 655/32,no,"This is a bounded computational sample. It does not prove atomicity, unique factorization, IDF behavior, or any infinite mathematical property."
705/16,44.06250000,decomposable,3/2 + 681/16,no,"This is a bounded computational sample. It does not prove atomicity, unique factorization, IDF behavior, or any infinite mathematical property."
705/32,22.03125000,decomposable,3/2 + 657/32,no,"This is a bounded computational sample. It does not prove atomicity, unique factorization, IDF behavior, or any infinite mathematical property."
707/16,44.18750000,decomposable,3/2 + 683/16,no,"This is a bounded computational sample. It does not prove atomicity, unique factorization, IDF behavior, or any infinite mathematical property."
707/32,22.09375000,decomposable,3/2 + 659/32,no,"This is a bounded computational sample. It does not prove atomicity, unique factorization, IDF behavior, or any infinite mathematical property."
709/16,44.31250000,decomposable,3/2 + 685/16,no,"This is a bounded computational sample. It does not prove atomicity, unique factorization, IDF behavior, or any infinite mathematical property."
709/32,22.15625000,decomposable,3/2 + 661/32,no,"This is a bounded computational sample. It does not prove atomicity, unique factorization, IDF behavior, or any infinite mathematical property."
711/16,44.43750000,decomposable,3/2 + 687/16,no,"This is a bounded computational sample. It does not prove atomicity, unique factorization, IDF behavior, or any infinite mathematical property."
711/32,22.21875000,decomposable,3/2 + 663/32,no,"This is a bounded computational sample. It does not prove atomicity, unique factorization, IDF behavior, or any infinite mathematical property."
713/32,22.28125000,decomposable,3/2 + 665/32,no,"This is a bounded computational sample. It does not prove atomicity, unique factorization, IDF behavior, or any infinite mathematical property."
715/16,44.68750000,decomposable,3/2 + 691/16,no,"This is a bounded computational sample. It does not prove atomicity, unique factorization, IDF behavior, or any infinite mathematical property."
715/32,22.34375000,decomposable,3/2 + 667/32,no,"This is a bounded computational sample. It does not prove atomicity, unique factorization, IDF behavior, or any infinite mathematical property."
717/16,44.81250000,decomposable,3/2 + 693/16,no,"This is a bounded computational sample. It does not prove atomicity, unique factorization, IDF behavior, or any infinite mathematical property."
717/32,22.40625000,decomposable,3/2 + 669/32,no,"This is a bounded computational sample. It does not prove atomicity, unique factorization, IDF behavior, or any infinite mathematical property."
719/16,44.93750000,decomposable,3/2 + 695/16,no,"This is a bounded computational sample. It does not prove atomicity, unique factorization, IDF behavior, or any infinite mathematical property."
719/32,22.46875000,decomposable,3/2 + 671/32,no,"This is a bounded computational sample. It does not prove atomicity, unique factorization, IDF behavior, or any infinite mathematical property."
721/32,22.53125000,decomposable,3/2 + 673/32,no,"This is a bounded computational sample. It does not prove atomicity, unique factorization, IDF behavior, or any infinite mathematical property."
723/16,45.18750000,decomposable,3/2 + 699/16,no,"This is a bounded computational sample. It does not prove atomicity, unique factorization, IDF behavior, or any infinite mathematical property."
723/32,22.59375000,decomposable,3/2 + 675/32,no,"This is a bounded computational sample. It does not prove atomicity, unique factorization, IDF behavior, or any infinite mathematical property."
725/16,45.31250000,decomposable,3/2 + 701/16,no,"This is a bounded computational sample. It does not prove atomicity, unique factorization, IDF behavior, or any infinite mathematical property."
725/32,22.65625000,decomposable,3/2 + 677/32,no,"This is a bounded computational sample. It does not prove atomicity, unique factorization, IDF behavior, or any infinite mathematical property."
727/16,45.43750000,decomposable,3/2 + 703/16,no,"This is a bounded computational sample. It does not prove atomicity, unique factorization, IDF behavior, or any infinite mathematical property."
727/32,22.71875000,decomposable,3/2 + 679/32,no,"This is a bounded computational sample. It does not prove atomicity, unique factorization, IDF behavior, or any infinite mathematical property."
729/32,22.78125000,decomposable,3/2 + 681/32,no,"This is a bounded computational sample. It does not prove atomicity, unique factorization, IDF behavior, or any infinite mathematical property."
731/16,45.68750000,decomposable,3/2 + 707/16,no,"This is a bounded computational sample. It does not prove atomicity, unique factorization, IDF behavior, or any infinite mathematical property."
731/32,22.84375000,decomposable,3/2 + 683/32,no,"This is a bounded computational sample. It does not prove atomicity, unique factorization, IDF behavior, or any infinite mathematical property."
733/32,22.90625000,decomposable,3/2 + 685/32,no,"This is a bounded computational sample. It does not prove atomicity, unique factorization, IDF behavior, or any infinite mathematical property."
735/16,45.93750000,decomposable,3/2 + 711/16,no,"This is a bounded computational sample. It does not prove atomicity, unique factorization, IDF behavior, or any infinite mathematical property."
735/32,22.96875000,decomposable,3/2 + 687/32,no,"This is a bounded computational sample. It does not prove atomicity, unique factorization, IDF behavior, or any infinite mathematical property."
737/32,23.03125000,decomposable,3/2 + 689/32,no,"This is a bounded computational sample. It does not prove atomicity, unique factorization, IDF behavior, or any infinite mathematical property."
739/16,46.18750000,decomposable,3/2 + 715/16,no,"This is a bounded computational sample. It does not prove atomicity, unique factorization, IDF behavior, or any infinite mathematical property."
739/32,23.09375000,decomposable,3/2 + 691/32,no,"This is a bounded computational sample. It does not prove atomicity, unique factorization, IDF behavior, or any infinite mathematical property."
741/16,46.31250000,decomposable,3/2 + 717/16,no,"This is a bounded computational sample. It does not prove atomicity, unique factorization, IDF behavior, or any infinite mathematical property."
741/32,23.15625000,decomposable,3/2 + 693/32,no,"This is a bounded computational sample. It does not prove atomicity, unique factorization, IDF behavior, or any infinite mathematical property."
743/16,46.43750000,decomposable,3/2 + 719/16,no,"This is a bounded computational sample. It does not prove atomicity, unique factorization, IDF behavior, or any infinite mathematical property."
743/32,23.21875000,decomposable,3/2 + 695/32,no,"This is a bounded computational sample. It does not prove atomicity, unique factorization, IDF behavior, or any infinite mathematical property."
745/32,23.28125000,decomposable,3/2 + 697/32,no,"This is a bounded computational sample. It does not prove atomicity, unique factorization, IDF behavior, or any infinite mathematical property."
747/16,46.68750000,decomposable,3/2 + 723/16,no,"This is a bounded computational sample. It does not prove atomicity, unique factorization, IDF behavior, or any infinite mathematical property."
747/32,23.34375000,decomposable,3/2 + 699/32,no,"This is a bounded computational sample. It does not prove atomicity, unique factorization, IDF behavior, or any infinite mathematical property."
749/32,23.40625000,decomposable,3/2 + 701/32,no,"This is a bounded computational sample. It does not prove atomicity, unique factorization, IDF behavior, or any infinite mathematical property."
751/32,23.46875000,decomposable,3/2 + 703/32,no,"This is a bounded computational sample. It does not prove atomicity, unique factorization, IDF behavior, or any infinite mathematical property."
753/32,23.53125000,decomposable,3/2 + 705/32,no,"This is a bounded computational sample. It does not prove atomicity, unique factorization, IDF behavior, or any infinite mathematical property."
755/16,47.18750000,decomposable,3/2 + 731/16,no,"This is a bounded computational sample. It does not prove atomicity, unique factorization, IDF behavior, or any infinite mathematical property."
755/32,23.59375000,decomposable,3/2 + 707/32,no,"This is a bounded computational sample. It does not prove atomicity, unique factorization, IDF behavior, or any infinite mathematical property."
757/32,23.65625000,decomposable,3/2 + 709/32,no,"This is a bounded computational sample. It does not prove atomicity, unique factorization, IDF behavior, or any infinite mathematical property."
759/16,47.43750000,decomposable,3/2 + 735/16,no,"This is a bounded computational sample. It does not prove atomicity, unique factorization, IDF behavior, or any infinite mathematical property."
759/32,23.71875000,decomposable,3/2 + 711/32,no,"This is a bounded computational sample. It does not prove atomicity, unique factorization, IDF behavior, or any infinite mathematical property."
761/32,23.78125000,decomposable,3/2 + 713/32,no,"This is a bounded computational sample. It does not prove atomicity, unique factorization, IDF behavior, or any infinite mathematical property."
763/16,47.68750000,decomposable,3/2 + 739/16,no,"This is a bounded computational sample. It does not prove atomicity, unique factorization, IDF behavior, or any infinite mathematical property."
763/32,23.84375000,decomposable,3/2 + 715/32,no,"This is a bounded computational sample. It does not prove atomicity, unique factorization, IDF behavior, or any infinite mathematical property."
765/32,23.90625000,decomposable,3/2 + 717/32,no,"This is a bounded computational sample. It does not prove atomicity, unique factorization, IDF behavior, or any infinite mathematical property."
767/32,23.96875000,decomposable,3/2 + 719/32,no,"This is a bounded computational sample. It does not prove atomicity, unique factorization, IDF behavior, or any infinite mathematical property."
769/32,24.03125000,decomposable,3/2 + 721/32,no,"This is a bounded computational sample. It does not prove atomicity, unique factorization, IDF behavior, or any infinite mathematical property."
771/16,48.18750000,decomposable,3/2 + 747/16,no,"This is a bounded computational sample. It does not prove atomicity, unique factorization, IDF behavior, or any infinite mathematical property."
771/32,24.09375000,decomposable,3/2 + 723/32,no,"This is a bounded computational sample. It does not prove atomicity, unique factorization, IDF behavior, or any infinite mathematical property."
773/32,24.15625000,decomposable,3/2 + 725/32,no,"This is a bounded computational sample. It does not prove atomicity, unique factorization, IDF behavior, or any infinite mathematical property."
775/32,24.21875000,decomposable,3/2 + 727/32,no,"This is a bounded computational sample. It does not prove atomicity, unique factorization, IDF behavior, or any infinite mathematical property."
777/32,24.28125000,decomposable,3/2 + 729/32,no,"This is a bounded computational sample. It does not prove atomicity, unique factorization, IDF behavior, or any infinite mathematical property."
779/16,48.68750000,decomposable,3/2 + 755/16,no,"This is a bounded computational sample. It does not prove atomicity, unique factorization, IDF behavior, or any infinite mathematical property."
779/32,24.34375000,decomposable,3/2 + 731/32,no,"This is a bounded computational sample. It does not prove atomicity, unique factorization, IDF behavior, or any infinite mathematical property."
781/32,24.40625000,decomposable,3/2 + 733/32,no,"This is a bounded computational sample. It does not prove atomicity, unique factorization, IDF behavior, or any infinite mathematical property."
783/32,24.46875000,decomposable,3/2 + 735/32,no,"This is a bounded computational sample. It does not prove atomicity, unique factorization, IDF behavior, or any infinite mathematical property."
785/32,24.53125000,decomposable,3/2 + 737/32,no,"This is a bounded computational sample. It does not prove atomicity, unique factorization, IDF behavior, or any infinite mathematical property."
787/32,24.59375000,decomposable,3/2 + 739/32,no,"This is a bounded computational sample. It does not prove atomicity, unique factorization, IDF behavior, or any infinite mathematical property."
789/32,24.65625000,decomposable,3/2 + 741/32,no,"This is a bounded computational sample. It does not prove atomicity, unique factorization, IDF behavior, or any infinite mathematical property."
791/32,24.71875000,decomposable,3/2 + 743/32,no,"This is a bounded computational sample. It does not prove atomicity, unique factorization, IDF behavior, or any infinite mathematical property."
793/32,24.78125000,decomposable,3/2 + 745/32,no,"This is a bounded computational sample. It does not prove atomicity, unique factorization, IDF behavior, or any infinite mathematical property."
795/16,49.68750000,decomposable,3/2 + 771/16,no,"This is a bounded computational sample. It does not prove atomicity, unique factorization, IDF behavior, or any infinite mathematical property."
795/32,24.84375000,decomposable,3/2 + 747/32,no,"This is a bounded computational sample. It does not prove atomicity, unique factorization, IDF behavior, or any infinite mathematical property."
797/32,24.90625000,decomposable,3/2 + 749/32,no,"This is a bounded computational sample. It does not prove atomicity, unique factorization, IDF behavior, or any infinite mathematical property."
799/32,24.96875000,decomposable,3/2 + 751/32,no,"This is a bounded computational sample. It does not prove atomicity, unique factorization, IDF behavior, or any infinite mathematical property."
801/32,25.03125000,decomposable,3/2 + 753/32,no,"This is a bounded computational sample. It does not prove atomicity, unique factorization, IDF behavior, or any infinite mathematical property."
803/32,25.09375000,decomposable,3/2 + 755/32,no,"This is a bounded computational sample. It does not prove atomicity, unique factorization, IDF behavior, or any infinite mathematical property."
805/32,25.15625000,decomposable,3/2 + 757/32,no,"This is a bounded computational sample. It does not prove atomicity, unique factorization, IDF behavior, or any infinite mathematical property."
807/32,25.21875000,decomposable,3/2 + 759/32,no,"This is a bounded computational sample. It does not prove atomicity, unique factorization, IDF behavior, or any infinite mathematical property."
809/32,25.28125000,decomposable,3/2 + 761/32,no,"This is a bounded computational sample. It does not prove atomicity, unique factorization, IDF behavior, or any infinite mathematical property."
811/32,25.34375000,decomposable,3/2 + 763/32,no,"This is a bounded computational sample. It does not prove atomicity, unique factorization, IDF behavior, or any infinite mathematical property."
813/32,25.40625000,decomposable,3/2 + 765/32,no,"This is a bounded computational sample. It does not prove atomicity, unique factorization, IDF behavior, or any infinite mathematical property."
815/32,25.46875000,decomposable,3/2 + 767/32,no,"This is a bounded computational sample. It does not prove atomicity, unique factorization, IDF behavior, or any infinite mathematical property."
817/32,25.53125000,decomposable,3/2 + 769/32,no,"This is a bounded computational sample. It does not prove atomicity, unique factorization, IDF behavior, or any infinite mathematical property."
819/32,25.59375000,decomposable,3/2 + 771/32,no,"This is a bounded computational sample. It does not prove atomicity, unique factorization, IDF behavior, or any infinite mathematical property."
821/32,25.65625000,decomposable,3/2 + 773/32,no,"This is a bounded computational sample. It does not prove atomicity, unique factorization, IDF behavior, or any infinite mathematical property."
823/32,25.71875000,decomposable,3/2 + 775/32,no,"This is a bounded computational sample. It does not prove atomicity, unique factorization, IDF behavior, or any infinite mathematical property."
825/32,25.78125000,decomposable,3/2 + 777/32,no,"This is a bounded computational sample. It does not prove atomicity, unique factorization, IDF behavior, or any infinite mathematical property."
827/32,25.84375000,decomposable,3/2 + 779/32,no,"This is a bounded computational sample. It does not prove atomicity, unique factorization, IDF behavior, or any infinite mathematical property."
829/32,25.90625000,decomposable,3/2 + 781/32,no,"This is a bounded computational sample. It does not prove atomicity, unique factorization, IDF behavior, or any infinite mathematical property."
831/32,25.96875000,decomposable,3/2 + 783/32,no,"This is a bounded computational sample. It does not prove atomicity, unique factorization, IDF behavior, or any infinite mathematical property."
833/32,26.03125000,decomposable,3/2 + 785/32,no,"This is a bounded computational sample. It does not prove atomicity, unique factorization, IDF behavior, or any infinite mathematical property."
835/32,26.09375000,decomposable,3/2 + 787/32,no,"This is a bounded computational sample. It does not prove atomicity, unique factorization, IDF behavior, or any infinite mathematical property."
837/32,26.15625000,decomposable,3/2 + 789/32,no,"This is a bounded computational sample. It does not prove atomicity, unique factorization, IDF behavior, or any infinite mathematical property."
839/32,26.21875000,decomposable,3/2 + 791/32,no,"This is a bounded computational sample. It does not prove atomicity, unique factorization, IDF behavior, or any infinite mathematical property."
841/32,26.28125000,decomposable,3/2 + 793/32,no,"This is a bounded computational sample. It does not prove atomicity, unique factorization, IDF behavior, or any infinite mathematical property."
843/32,26.34375000,decomposable,3/2 + 795/32,no,"This is a bounded computational sample. It does not prove atomicity, unique factorization, IDF behavior, or any infinite mathematical property."
845/32,26.40625000,decomposable,3/2 + 797/32,no,"This is a bounded computational sample. It does not prove atomicity, unique factorization, IDF behavior, or any infinite mathematical property."
847/32,26.46875000,decomposable,3/2 + 799/32,no,"This is a bounded computational sample. It does not prove atomicity, unique factorization, IDF behavior, or any infinite mathematical property."
849/32,26.53125000,decomposable,3/2 + 801/32,no,"This is a bounded computational sample. It does not prove atomicity, unique factorization, IDF behavior, or any infinite mathematical property."
851/32,26.59375000,decomposable,3/2 + 803/32,no,"This is a bounded computational sample. It does not prove atomicity, unique factorization, IDF behavior, or any infinite mathematical property."
853/32,26.65625000,decomposable,3/2 + 805/32,no,"This is a bounded computational sample. It does not prove atomicity, unique factorization, IDF behavior, or any infinite mathematical property."
855/32,26.71875000,decomposable,3/2 + 807/32,no,"This is a bounded computational sample. It does not prove atomicity, unique factorization, IDF behavior, or any infinite mathematical property."
857/32,26.78125000,decomposable,3/2 + 809/32,no,"This is a bounded computational sample. It does not prove atomicity, unique factorization, IDF behavior, or any infinite mathematical property."
859/32,26.84375000,decomposable,3/2 + 811/32,no,"This is a bounded computational sample. It does not prove atomicity, unique factorization, IDF behavior, or any infinite mathematical property."
861/32,26.90625000,decomposable,3/2 + 813/32,no,"This is a bounded computational sample. It does not prove atomicity, unique factorization, IDF behavior, or any infinite mathematical property."
863/32,26.96875000,decomposable,3/2 + 815/32,no,"This is a bounded computational sample. It does not prove atomicity, unique factorization, IDF behavior, or any infinite mathematical property."
865/32,27.03125000,decomposable,3/2 + 817/32,no,"This is a bounded computational sample. It does not prove atomicity, unique factorization, IDF behavior, or any infinite mathematical property."
867/32,27.09375000,decomposable,3/2 + 819/32,no,"This is a bounded computational sample. It does not prove atomicity, unique factorization, IDF behavior, or any infinite mathematical property."
869/32,27.15625000,decomposable,3/2 + 821/32,no,"This is a bounded computational sample. It does not prove atomicity, unique factorization, IDF behavior, or any infinite mathematical property."
871/32,27.21875000,decomposable,3/2 + 823/32,no,"This is a bounded computational sample. It does not prove atomicity, unique factorization, IDF behavior, or any infinite mathematical property."
873/32,27.28125000,decomposable,3/2 + 825/32,no,"This is a bounded computational sample. It does not prove atomicity, unique factorization, IDF behavior, or any infinite mathematical property."
875/32,27.34375000,decomposable,3/2 + 827/32,no,"This is a bounded computational sample. It does not prove atomicity, unique factorization, IDF behavior, or any infinite mathematical property."
877/32,27.40625000,decomposable,3/2 + 829/32,no,"This is a bounded computational sample. It does not prove atomicity, unique factorization, IDF behavior, or any infinite mathematical property."
879/32,27.46875000,decomposable,3/2 + 831/32,no,"This is a bounded computational sample. It does not prove atomicity, unique factorization, IDF behavior, or any infinite mathematical property."
881/32,27.53125000,decomposable,3/2 + 833/32,no,"This is a bounded computational sample. It does not prove atomicity, unique factorization, IDF behavior, or any infinite mathematical property."
883/32,27.59375000,decomposable,3/2 + 835/32,no,"This is a bounded computational sample. It does not prove atomicity, unique factorization, IDF behavior, or any infinite mathematical property."
885/32,27.65625000,decomposable,3/2 + 837/32,no,"This is a bounded computational sample. It does not prove atomicity, unique factorization, IDF behavior, or any infinite mathematical property."
887/32,27.71875000,decomposable,3/2 + 839/32,no,"This is a bounded computational sample. It does not prove atomicity, unique factorization, IDF behavior, or any infinite mathematical property."
889/32,27.78125000,decomposable,3/2 + 841/32,no,"This is a bounded computational sample. It does not prove atomicity, unique factorization, IDF behavior, or any infinite mathematical property."
891/32,27.84375000,decomposable,3/2 + 843/32,no,"This is a bounded computational sample. It does not prove atomicity, unique factorization, IDF behavior, or any infinite mathematical property."
893/32,27.90625000,decomposable,3/2 + 845/32,no,"This is a bounded computational sample. It does not prove atomicity, unique factorization, IDF behavior, or any infinite mathematical property."
895/32,27.96875000,decomposable,3/2 + 847/32,no,"This is a bounded computational sample. It does not prove atomicity, unique factorization, IDF behavior, or any infinite mathematical property."
897/32,28.03125000,decomposable,3/2 + 849/32,no,"This is a bounded computational sample. It does not prove atomicity, unique factorization, IDF behavior, or any infinite mathematical property."
899/32,28.09375000,decomposable,3/2 + 851/32,no,"This is a bounded computational sample. It does not prove atomicity, unique factorization, IDF behavior, or any infinite mathematical property."
901/32,28.15625000,decomposable,3/2 + 853/32,no,"This is a bounded computational sample. It does not prove atomicity, unique factorization, IDF behavior, or any infinite mathematical property."
903/32,28.21875000,decomposable,3/2 + 855/32,no,"This is a bounded computational sample. It does not prove atomicity, unique factorization, IDF behavior, or any infinite mathematical property."
905/32,28.28125000,decomposable,3/2 + 857/32,no,"This is a bounded computational sample. It does not prove atomicity, unique factorization, IDF behavior, or any infinite mathematical property."
907/32,28.34375000,decomposable,3/2 + 859/32,no,"This is a bounded computational sample. It does not prove atomicity, unique factorization, IDF behavior, or any infinite mathematical property."
909/32,28.40625000,decomposable,3/2 + 861/32,no,"This is a bounded computational sample. It does not prove atomicity, unique factorization, IDF behavior, or any infinite mathematical property."
911/32,28.46875000,decomposable,3/2 + 863/32,no,"This is a bounded computational sample. It does not prove atomicity, unique factorization, IDF behavior, or any infinite mathematical property."
913/32,28.53125000,decomposable,3/2 + 865/32,no,"This is a bounded computational sample. It does not prove atomicity, unique factorization, IDF behavior, or any infinite mathematical property."
915/32,28.59375000,decomposable,3/2 + 867/32,no,"This is a bounded computational sample. It does not prove atomicity, unique factorization, IDF behavior, or any infinite mathematical property."
917/32,28.65625000,decomposable,3/2 + 869/32,no,"This is a bounded computational sample. It does not prove atomicity, unique factorization, IDF behavior, or any infinite mathematical property."
919/32,28.71875000,decomposable,3/2 + 871/32,no,"This is a bounded computational sample. It does not prove atomicity, unique factorization, IDF behavior, or any infinite mathematical property."
921/32,28.78125000,decomposable,3/2 + 873/32,no,"This is a bounded computational sample. It does not prove atomicity, unique factorization, IDF behavior, or any infinite mathematical property."
923/32,28.84375000,decomposable,3/2 + 875/32,no,"This is a bounded computational sample. It does not prove atomicity, unique factorization, IDF behavior, or any infinite mathematical property."
925/32,28.90625000,decomposable,3/2 + 877/32,no,"This is a bounded computational sample. It does not prove atomicity, unique factorization, IDF behavior, or any infinite mathematical property."
927/32,28.96875000,decomposable,3/2 + 879/32,no,"This is a bounded computational sample. It does not prove atomicity, unique factorization, IDF behavior, or any infinite mathematical property."
929/32,29.03125000,decomposable,3/2 + 881/32,no,"This is a bounded computational sample. It does not prove atomicity, unique factorization, IDF behavior, or any infinite mathematical property."
931/32,29.09375000,decomposable,3/2 + 883/32,no,"This is a bounded computational sample. It does not prove atomicity, unique factorization, IDF behavior, or any infinite mathematical property."
933/32,29.15625000,decomposable,3/2 + 885/32,no,"This is a bounded computational sample. It does not prove atomicity, unique factorization, IDF behavior, or any infinite mathematical property."
935/32,29.21875000,decomposable,3/2 + 887/32,no,"This is a bounded computational sample. It does not prove atomicity, unique factorization, IDF behavior, or any infinite mathematical property."
937/32,29.28125000,decomposable,3/2 + 889/32,no,"This is a bounded computational sample. It does not prove atomicity, unique factorization, IDF behavior, or any infinite mathematical property."
939/32,29.34375000,decomposable,3/2 + 891/32,no,"This is a bounded computational sample. It does not prove atomicity, unique factorization, IDF behavior, or any infinite mathematical property."
941/32,29.40625000,decomposable,3/2 + 893/32,no,"This is a bounded computational sample. It does not prove atomicity, unique factorization, IDF behavior, or any infinite mathematical property."
943/32,29.46875000,decomposable,3/2 + 895/32,no,"This is a bounded computational sample. It does not prove atomicity, unique factorization, IDF behavior, or any infinite mathematical property."
945/32,29.53125000,decomposable,3/2 + 897/32,no,"This is a bounded computational sample. It does not prove atomicity, unique factorization, IDF behavior, or any infinite mathematical property."
947/32,29.59375000,decomposable,3/2 + 899/32,no,"This is a bounded computational sample. It does not prove atomicity, unique factorization, IDF behavior, or any infinite mathematical property."
949/32,29.65625000,decomposable,3/2 + 901/32,no,"This is a bounded computational sample. It does not prove atomicity, unique factorization, IDF behavior, or any infinite mathematical property."
951/32,29.71875000,decomposable,3/2 + 903/32,no,"This is a bounded computational sample. It does not prove atomicity, unique factorization, IDF behavior, or any infinite mathematical property."
953/32,29.78125000,decomposable,3/2 + 905/32,no,"This is a bounded computational sample. It does not prove atomicity, unique factorization, IDF behavior, or any infinite mathematical property."
955/32,29.84375000,decomposable,3/2 + 907/32,no,"This is a bounded computational sample. It does not prove atomicity, unique factorization, IDF behavior, or any infinite mathematical property."
957/32,29.90625000,decomposable,3/2 + 909/32,no,"This is a bounded computational sample. It does not prove atomicity, unique factorization, IDF behavior, or any infinite mathematical property."
959/32,29.96875000,decomposable,3/2 + 911/32,no,"This is a bounded computational sample. It does not prove atomicity, unique factorization, IDF behavior, or any infinite mathematical property."
961/32,30.03125000,decomposable,3/2 + 913/32,no,"This is a bounded computational sample. It does not prove atomicity, unique factorization, IDF behavior, or any infinite mathematical property."
963/32,30.09375000,decomposable,3/2 + 915/32,no,"This is a bounded computational sample. It does not prove atomicity, unique factorization, IDF behavior, or any infinite mathematical property."
965/32,30.15625000,decomposable,3/2 + 917/32,no,"This is a bounded computational sample. It does not prove atomicity, unique factorization, IDF behavior, or any infinite mathematical property."
967/32,30.21875000,decomposable,3/2 + 919/32,no,"This is a bounded computational sample. It does not prove atomicity, unique factorization, IDF behavior, or any infinite mathematical property."
969/32,30.28125000,decomposable,3/2 + 921/32,no,"This is a bounded computational sample. It does not prove atomicity, unique factorization, IDF behavior, or any infinite mathematical property."
971/32,30.34375000,decomposable,3/2 + 923/32,no,"This is a bounded computational sample. It does not prove atomicity, unique factorization, IDF behavior, or any infinite mathematical property."
973/32,30.40625000,decomposable,3/2 + 925/32,no,"This is a bounded computational sample. It does not prove atomicity, unique factorization, IDF behavior, or any infinite mathematical property."
975/32,30.46875000,decomposable,3/2 + 927/32,no,"This is a bounded computational sample. It does not prove atomicity, unique factorization, IDF behavior, or any infinite mathematical property."
977/32,30.53125000,decomposable,3/2 + 929/32,no,"This is a bounded computational sample. It does not prove atomicity, unique factorization, IDF behavior, or any infinite mathematical property."
979/32,30.59375000,decomposable,3/2 + 931/32,no,"This is a bounded computational sample. It does not prove atomicity, unique factorization, IDF behavior, or any infinite mathematical property."
981/32,30.65625000,decomposable,3/2 + 933/32,no,"This is a bounded computational sample. It does not prove atomicity, unique factorization, IDF behavior, or any infinite mathematical property."
983/32,30.71875000,decomposable,3/2 + 935/32,no,"This is a bounded computational sample. It does not prove atomicity, unique factorization, IDF behavior, or any infinite mathematical property."
985/32,30.78125000,decomposable,3/2 + 937/32,no,"This is a bounded computational sample. It does not prove atomicity, unique factorization, IDF behavior, or any infinite mathematical property."
987/32,30.84375000,decomposable,3/2 + 939/32,no,"This is a bounded computational sample. It does not prove atomicity, unique factorization, IDF behavior, or any infinite mathematical property."
989/32,30.90625000,decomposable,3/2 + 941/32,no,"This is a bounded computational sample. It does not prove atomicity, unique factorization, IDF behavior, or any infinite mathematical property."
991/32,30.96875000,decomposable,3/2 + 943/32,no,"This is a bounded computational sample. It does not prove atomicity, unique factorization, IDF behavior, or any infinite mathematical property."
993/32,31.03125000,decomposable,3/2 + 945/32,no,"This is a bounded computational sample. It does not prove atomicity, unique factorization, IDF behavior, or any infinite mathematical property."
995/32,31.09375000,decomposable,3/2 + 947/32,no,"This is a bounded computational sample. It does not prove atomicity, unique factorization, IDF behavior, or any infinite mathematical property."
997/32,31.15625000,decomposable,3/2 + 949/32,no,"This is a bounded computational sample. It does not prove atomicity, unique factorization, IDF behavior, or any infinite mathematical property."
999/32,31.21875000,decomposable,3/2 + 951/32,no,"This is a bounded computational sample. It does not prove atomicity, unique factorization, IDF behavior, or any infinite mathematical property."
1001/32,31.28125000,decomposable,3/2 + 953/32,no,"This is a bounded computational sample. It does not prove atomicity, unique factorization, IDF behavior, or any infinite mathematical property."
1003/32,31.34375000,decomposable,3/2 + 955/32,no,"This is a bounded computational sample. It does not prove atomicity, unique factorization, IDF behavior, or any infinite mathematical property."
1005/32,31.40625000,decomposable,3/2 + 957/32,no,"This is a bounded computational sample. It does not prove atomicity, unique factorization, IDF behavior, or any infinite mathematical property."
1007/32,31.46875000,decomposable,3/2 + 959/32,no,"This is a bounded computational sample. It does not prove atomicity, unique factorization, IDF behavior, or any infinite mathematical property."
1009/32,31.53125000,decomposable,3/2 + 961/32,no,"This is a bounded computational sample. It does not prove atomicity, unique factorization, IDF behavior, or any infinite mathematical property."
1011/32,31.59375000,decomposable,3/2 + 963/32,no,"This is a bounded computational sample. It does not prove atomicity, unique factorization, IDF behavior, or any infinite mathematical property."
1013/32,31.65625000,decomposable,3/2 + 965/32,no,"This is a bounded computational sample. It does not prove atomicity, unique factorization, IDF behavior, or any infinite mathematical property."
1015/32,31.71875000,decomposable,3/2 + 967/32,no,"This is a bounded computational sample. It does not prove atomicity, unique factorization, IDF behavior, or any infinite mathematical property."
1017/32,31.78125000,decomposable,3/2 + 969/32,no,"This is a bounded computational sample. It does not prove atomicity, unique factorization, IDF behavior, or any infinite mathematical property."
1019/32,31.84375000,decomposable,3/2 + 971/32,no,"This is a bounded computational sample. It does not prove atomicity, unique factorization, IDF behavior, or any infinite mathematical property."
1021/32,31.90625000,decomposable,3/2 + 973/32,no,"This is a bounded computational sample. It does not prove atomicity, unique factorization, IDF behavior, or any infinite mathematical property."
1023/32,31.96875000,decomposable,3/2 + 975/32,no,"This is a bounded computational sample. It does not prove atomicity, unique factorization, IDF behavior, or any infinite mathematical property."
1025/32,32.03125000,decomposable,3/2 + 977/32,no,"This is a bounded computational sample. It does not prove atomicity, unique factorization, IDF behavior, or any infinite mathematical property."
1027/32,32.09375000,decomposable,3/2 + 979/32,no,"This is a bounded computational sample. It does not prove atomicity, unique factorization, IDF behavior, or any infinite mathematical property."
1029/32,32.15625000,decomposable,3/2 + 981/32,no,"This is a bounded computational sample. It does not prove atomicity, unique factorization, IDF behavior, or any infinite mathematical property."
1031/32,32.21875000,decomposable,3/2 + 983/32,no,"This is a bounded computational sample. It does not prove atomicity, unique factorization, IDF behavior, or any infinite mathematical property."
1033/32,32.28125000,decomposable,3/2 + 985/32,no,"This is a bounded computational sample. It does not prove atomicity, unique factorization, IDF behavior, or any infinite mathematical property."
1035/32,32.34375000,decomposable,3/2 + 987/32,no,"This is a bounded computational sample. It does not prove atomicity, unique factorization, IDF behavior, or any infinite mathematical property."
1037/32,32.40625000,decomposable,3/2 + 989/32,no,"This is a bounded computational sample. It does not prove atomicity, unique factorization, IDF behavior, or any infinite mathematical property."
1039/32,32.46875000,decomposable,3/2 + 991/32,no,"This is a bounded computational sample. It does not prove atomicity, unique factorization, IDF behavior, or any infinite mathematical property."
1041/32,32.53125000,decomposable,3/2 + 993/32,no,"This is a bounded computational sample. It does not prove atomicity, unique factorization, IDF behavior, or any infinite mathematical property."
1043/32,32.59375000,decomposable,3/2 + 995/32,no,"This is a bounded computational sample. It does not prove atomicity, unique factorization, IDF behavior, or any infinite mathematical property."
1045/32,32.65625000,decomposable,3/2 + 997/32,no,"This is a bounded computational sample. It does not prove atomicity, unique factorization, IDF behavior, or any infinite mathematical property."
1047/32,32.71875000,decomposable,3/2 + 999/32,no,"This is a bounded computational sample. It does not prove atomicity, unique factorization, IDF behavior, or any infinite mathematical property."
1049/32,32.78125000,decomposable,3/2 + 1001/32,no,"This is a bounded computational sample. It does not prove atomicity, unique factorization, IDF behavior, or any infinite mathematical property."
1051/32,32.84375000,decomposable,3/2 + 1003/32,no,"This is a bounded computational sample. It does not prove atomicity, unique factorization, IDF behavior, or any infinite mathematical property."
1053/32,32.90625000,decomposable,3/2 + 1005/32,no,"This is a bounded computational sample. It does not prove atomicity, unique factorization, IDF behavior, or any infinite mathematical property."
1055/32,32.96875000,decomposable,3/2 + 1007/32,no,"This is a bounded computational sample. It does not prove atomicity, unique factorization, IDF behavior, or any infinite mathematical property."
1057/32,33.03125000,decomposable,3/2 + 1009/32,no,"This is a bounded computational sample. It does not prove atomicity, unique factorization, IDF behavior, or any infinite mathematical property."
1059/32,33.09375000,decomposable,3/2 + 1011/32,no,"This is a bounded computational sample. It does not prove atomicity, unique factorization, IDF behavior, or any infinite mathematical property."
1061/32,33.15625000,decomposable,3/2 + 1013/32,no,"This is a bounded computational sample. It does not prove atomicity, unique factorization, IDF behavior, or any infinite mathematical property."
1063/32,33.21875000,decomposable,3/2 + 1015/32,no,"This is a bounded computational sample. It does not prove atomicity, unique factorization, IDF behavior, or any infinite mathematical property."
1065/32,33.28125000,decomposable,3/2 + 1017/32,no,"This is a bounded computational sample. It does not prove atomicity, unique factorization, IDF behavior, or any infinite mathematical property."
1067/32,33.34375000,decomposable,3/2 + 1019/32,no,"This is a bounded computational sample. It does not prove atomicity, unique factorization, IDF behavior, or any infinite mathematical property."
1069/32,33.40625000,decomposable,3/2 + 1021/32,no,"This is a bounded computational sample. It does not prove atomicity, unique factorization, IDF behavior, or any infinite mathematical property."
1071/32,33.46875000,decomposable,3/2 + 1023/32,no,"This is a bounded computational sample. It does not prove atomicity, unique factorization, IDF behavior, or any infinite mathematical property."
1073/32,33.53125000,decomposable,3/2 + 1025/32,no,"This is a bounded computational sample. It does not prove atomicity, unique factorization, IDF behavior, or any infinite mathematical property."
1075/32,33.59375000,decomposable,3/2 + 1027/32,no,"This is a bounded computational sample. It does not prove atomicity, unique factorization, IDF behavior, or any infinite mathematical property."
1077/32,33.65625000,decomposable,3/2 + 1029/32,no,"This is a bounded computational sample. It does not prove atomicity, unique factorization, IDF behavior, or any infinite mathematical property."
1079/32,33.71875000,decomposable,3/2 + 1031/32,no,"This is a bounded computational sample. It does not prove atomicity, unique factorization, IDF behavior, or any infinite mathematical property."
1081/32,33.78125000,decomposable,3/2 + 1033/32,no,"This is a bounded computational sample. It does not prove atomicity, unique factorization, IDF behavior, or any infinite mathematical property."
1083/32,33.84375000,decomposable,3/2 + 1035/32,no,"This is a bounded computational sample. It does not prove atomicity, unique factorization, IDF behavior, or any infinite mathematical property."
1085/32,33.90625000,decomposable,3/2 + 1037/32,no,"This is a bounded computational sample. It does not prove atomicity, unique factorization, IDF behavior, or any infinite mathematical property."
1087/32,33.96875000,decomposable,3/2 + 1039/32,no,"This is a bounded computational sample. It does not prove atomicity, unique factorization, IDF behavior, or any infinite mathematical property."
1089/32,34.03125000,decomposable,3/2 + 1041/32,no,"This is a bounded computational sample. It does not prove atomicity, unique factorization, IDF behavior, or any infinite mathematical property."
1091/32,34.09375000,decomposable,3/2 + 1043/32,no,"This is a bounded computational sample. It does not prove atomicity, unique factorization, IDF behavior, or any infinite mathematical property."
1093/32,34.15625000,decomposable,3/2 + 1045/32,no,"This is a bounded computational sample. It does not prove atomicity, unique factorization, IDF behavior, or any infinite mathematical property."
1095/32,34.21875000,decomposable,3/2 + 1047/32,no,"This is a bounded computational sample. It does not prove atomicity, unique factorization, IDF behavior, or any infinite mathematical property."
1097/32,34.28125000,decomposable,3/2 + 1049/32,no,"This is a bounded computational sample. It does not prove atomicity, unique factorization, IDF behavior, or any infinite mathematical property."
1099/32,34.34375000,decomposable,3/2 + 1051/32,no,"This is a bounded computational sample. It does not prove atomicity, unique factorization, IDF behavior, or any infinite mathematical property."
1101/32,34.40625000,decomposable,3/2 + 1053/32,no,"This is a bounded computational sample. It does not prove atomicity, unique factorization, IDF behavior, or any infinite mathematical property."
1103/32,34.46875000,decomposable,3/2 + 1055/32,no,"This is a bounded computational sample. It does not prove atomicity, unique factorization, IDF behavior, or any infinite mathematical property."
1105/32,34.53125000,decomposable,3/2 + 1057/32,no,"This is a bounded computational sample. It does not prove atomicity, unique factorization, IDF behavior, or any infinite mathematical property."
1107/32,34.59375000,decomposable,3/2 + 1059/32,no,"This is a bounded computational sample. It does not prove atomicity, unique factorization, IDF behavior, or any infinite mathematical property."
1109/32,34.65625000,decomposable,3/2 + 1061/32,no,"This is a bounded computational sample. It does not prove atomicity, unique factorization, IDF behavior, or any infinite mathematical property."
1111/32,34.71875000,decomposable,3/2 + 1063/32,no,"This is a bounded computational sample. It does not prove atomicity, unique factorization, IDF behavior, or any infinite mathematical property."
1113/32,34.78125000,decomposable,3/2 + 1065/32,no,"This is a bounded computational sample. It does not prove atomicity, unique factorization, IDF behavior, or any infinite mathematical property."
1115/32,34.84375000,decomposable,3/2 + 1067/32,no,"This is a bounded computational sample. It does not prove atomicity, unique factorization, IDF behavior, or any infinite mathematical property."
1117/32,34.90625000,decomposable,3/2 + 1069/32,no,"This is a bounded computational sample. It does not prove atomicity, unique factorization, IDF behavior, or any infinite mathematical property."
1119/32,34.96875000,decomposable,3/2 + 1071/32,no,"This is a bounded computational sample. It does not prove atomicity, unique factorization, IDF behavior, or any infinite mathematical property."
1121/32,35.03125000,decomposable,3/2 + 1073/32,no,"This is a bounded computational sample. It does not prove atomicity, unique factorization, IDF behavior, or any infinite mathematical property."
1123/32,35.09375000,decomposable,3/2 + 1075/32,no,"This is a bounded computational sample. It does not prove atomicity, unique factorization, IDF behavior, or any infinite mathematical property."
1125/32,35.15625000,decomposable,3/2 + 1077/32,no,"This is a bounded computational sample. It does not prove atomicity, unique factorization, IDF behavior, or any infinite mathematical property."
1127/32,35.21875000,decomposable,3/2 + 1079/32,no,"This is a bounded computational sample. It does not prove atomicity, unique factorization, IDF behavior, or any infinite mathematical property."
1129/32,35.28125000,decomposable,3/2 + 1081/32,no,"This is a bounded computational sample. It does not prove atomicity, unique factorization, IDF behavior, or any infinite mathematical property."
1131/32,35.34375000,decomposable,3/2 + 1083/32,no,"This is a bounded computational sample. It does not prove atomicity, unique factorization, IDF behavior, or any infinite mathematical property."
1133/32,35.40625000,decomposable,3/2 + 1085/32,no,"This is a bounded computational sample. It does not prove atomicity, unique factorization, IDF behavior, or any infinite mathematical property."
1135/32,35.46875000,decomposable,3/2 + 1087/32,no,"This is a bounded computational sample. It does not prove atomicity, unique factorization, IDF behavior, or any infinite mathematical property."
1137/32,35.53125000,decomposable,3/2 + 1089/32,no,"This is a bounded computational sample. It does not prove atomicity, unique factorization, IDF behavior, or any infinite mathematical property."
1139/32,35.59375000,decomposable,3/2 + 1091/32,no,"This is a bounded computational sample. It does not prove atomicity, unique factorization, IDF behavior, or any infinite mathematical property."
1141/32,35.65625000,decomposable,3/2 + 1093/32,no,"This is a bounded computational sample. It does not prove atomicity, unique factorization, IDF behavior, or any infinite mathematical property."
1143/32,35.71875000,decomposable,3/2 + 1095/32,no,"This is a bounded computational sample. It does not prove atomicity, unique factorization, IDF behavior, or any infinite mathematical property."
1145/32,35.78125000,decomposable,3/2 + 1097/32,no,"This is a bounded computational sample. It does not prove atomicity, unique factorization, IDF behavior, or any infinite mathematical property."
1147/32,35.84375000,decomposable,3/2 + 1099/32,no,"This is a bounded computational sample. It does not prove atomicity, unique factorization, IDF behavior, or any infinite mathematical property."
1149/32,35.90625000,decomposable,3/2 + 1101/32,no,"This is a bounded computational sample. It does not prove atomicity, unique factorization, IDF behavior, or any infinite mathematical property."
1151/32,35.96875000,decomposable,3/2 + 1103/32,no,"This is a bounded computational sample. It does not prove atomicity, unique factorization, IDF behavior, or any infinite mathematical property."
1153/32,36.03125000,decomposable,3/2 + 1105/32,no,"This is a bounded computational sample. It does not prove atomicity, unique factorization, IDF behavior, or any infinite mathematical property."
1155/32,36.09375000,decomposable,3/2 + 1107/32,no,"This is a bounded computational sample. It does not prove atomicity, unique factorization, IDF behavior, or any infinite mathematical property."
1157/32,36.15625000,decomposable,3/2 + 1109/32,no,"This is a bounded computational sample. It does not prove atomicity, unique factorization, IDF behavior, or any infinite mathematical property."
1159/32,36.21875000,decomposable,3/2 + 1111/32,no,"This is a bounded computational sample. It does not prove atomicity, unique factorization, IDF behavior, or any infinite mathematical property."
1161/32,36.28125000,decomposable,3/2 + 1113/32,no,"This is a bounded computational sample. It does not prove atomicity, unique factorization, IDF behavior, or any infinite mathematical property."
1163/32,36.34375000,decomposable,3/2 + 1115/32,no,"This is a bounded computational sample. It does not prove atomicity, unique factorization, IDF behavior, or any infinite mathematical property."
1165/32,36.40625000,decomposable,3/2 + 1117/32,no,"This is a bounded computational sample. It does not prove atomicity, unique factorization, IDF behavior, or any infinite mathematical property."
1167/32,36.46875000,decomposable,3/2 + 1119/32,no,"This is a bounded computational sample. It does not prove atomicity, unique factorization, IDF behavior, or any infinite mathematical property."
1169/32,36.53125000,decomposable,3/2 + 1121/32,no,"This is a bounded computational sample. It does not prove atomicity, unique factorization, IDF behavior, or any infinite mathematical property."
1171/32,36.59375000,decomposable,3/2 + 1123/32,no,"This is a bounded computational sample. It does not prove atomicity, unique factorization, IDF behavior, or any infinite mathematical property."
1173/32,36.65625000,decomposable,3/2 + 1125/32,no,"This is a bounded computational sample. It does not prove atomicity, unique factorization, IDF behavior, or any infinite mathematical property."
1175/32,36.71875000,decomposable,3/2 + 1127/32,no,"This is a bounded computational sample. It does not prove atomicity, unique factorization, IDF behavior, or any infinite mathematical property."
1177/32,36.78125000,decomposable,3/2 + 1129/32,no,"This is a bounded computational sample. It does not prove atomicity, unique factorization, IDF behavior, or any infinite mathematical property."
1179/32,36.84375000,decomposable,3/2 + 1131/32,no,"This is a bounded computational sample. It does not prove atomicity, unique factorization, IDF behavior, or any infinite mathematical property."
1181/32,36.90625000,decomposable,3/2 + 1133/32,no,"This is a bounded computational sample. It does not prove atomicity, unique factorization, IDF behavior, or any infinite mathematical property."
1183/32,36.96875000,decomposable,3/2 + 1135/32,no,"This is a bounded computational sample. It does not prove atomicity, unique factorization, IDF behavior, or any infinite mathematical property."
1185/32,37.03125000,decomposable,3/2 + 1137/32,no,"This is a bounded computational sample. It does not prove atomicity, unique factorization, IDF behavior, or any infinite mathematical property."
1187/32,37.09375000,decomposable,3/2 + 1139/32,no,"This is a bounded computational sample. It does not prove atomicity, unique factorization, IDF behavior, or any infinite mathematical property."
1189/32,37.15625000,decomposable,3/2 + 1141/32,no,"This is a bounded computational sample. It does not prove atomicity, unique factorization, IDF behavior, or any infinite mathematical property."
1191/32,37.21875000,decomposable,3/2 + 1143/32,no,"This is a bounded computational sample. It does not prove atomicity, unique factorization, IDF behavior, or any infinite mathematical property."
1193/32,37.28125000,decomposable,3/2 + 1145/32,no,"This is a bounded computational sample. It does not prove atomicity, unique factorization, IDF behavior, or any infinite mathematical property."
1195/32,37.34375000,decomposable,3/2 + 1147/32,no,"This is a bounded computational sample. It does not prove atomicity, unique factorization, IDF behavior, or any infinite mathematical property."
1197/32,37.40625000,decomposable,3/2 + 1149/32,no,"This is a bounded computational sample. It does not prove atomicity, unique factorization, IDF behavior, or any infinite mathematical property."
1199/32,37.46875000,decomposable,3/2 + 1151/32,no,"This is a bounded computational sample. It does not prove atomicity, unique factorization, IDF behavior, or any infinite mathematical property."
1201/32,37.53125000,decomposable,3/2 + 1153/32,no,"This is a bounded computational sample. It does not prove atomicity, unique factorization, IDF behavior, or any infinite mathematical property."
1203/32,37.59375000,decomposable,3/2 + 1155/32,no,"This is a bounded computational sample. It does not prove atomicity, unique factorization, IDF behavior, or any infinite mathematical property."
1205/32,37.65625000,decomposable,3/2 + 1157/32,no,"This is a bounded computational sample. It does not prove atomicity, unique factorization, IDF behavior, or any infinite mathematical property."
1207/32,37.71875000,decomposable,3/2 + 1159/32,no,"This is a bounded computational sample. It does not prove atomicity, unique factorization, IDF behavior, or any infinite mathematical property."
1209/32,37.78125000,decomposable,3/2 + 1161/32,no,"This is a bounded computational sample. It does not prove atomicity, unique factorization, IDF behavior, or any infinite mathematical property."
1211/32,37.84375000,decomposable,3/2 + 1163/32,no,"This is a bounded computational sample. It does not prove atomicity, unique factorization, IDF behavior, or any infinite mathematical property."
1213/32,37.90625000,decomposable,3/2 + 1165/32,no,"This is a bounded computational sample. It does not prove atomicity, unique factorization, IDF behavior, or any infinite mathematical property."
1215/32,37.96875000,decomposable,3/2 + 1167/32,no,"This is a bounded computational sample. It does not prove atomicity, unique factorization, IDF behavior, or any infinite mathematical property."
1217/32,38.03125000,decomposable,3/2 + 1169/32,no,"This is a bounded computational sample. It does not prove atomicity, unique factorization, IDF behavior, or any infinite mathematical property."
1219/32,38.09375000,decomposable,3/2 + 1171/32,no,"This is a bounded computational sample. It does not prove atomicity, unique factorization, IDF behavior, or any infinite mathematical property."
1221/32,38.15625000,decomposable,3/2 + 1173/32,no,"This is a bounded computational sample. It does not prove atomicity, unique factorization, IDF behavior, or any infinite mathematical property."
1223/32,38.21875000,decomposable,3/2 + 1175/32,no,"This is a bounded computational sample. It does not prove atomicity, unique factorization, IDF behavior, or any infinite mathematical property."
1225/32,38.28125000,decomposable,3/2 + 1177/32,no,"This is a bounded computational sample. It does not prove atomicity, unique factorization, IDF behavior, or any infinite mathematical property."
1227/32,38.34375000,decomposable,3/2 + 1179/32,no,"This is a bounded computational sample. It does not prove atomicity, unique factorization, IDF behavior, or any infinite mathematical property."
1229/32,38.40625000,decomposable,3/2 + 1181/32,no,"This is a bounded computational sample. It does not prove atomicity, unique factorization, IDF behavior, or any infinite mathematical property."
1231/32,38.46875000,decomposable,3/2 + 1183/32,no,"This is a bounded computational sample. It does not prove atomicity, unique factorization, IDF behavior, or any infinite mathematical property."
1233/32,38.53125000,decomposable,3/2 + 1185/32,no,"This is a bounded computational sample. It does not prove atomicity, unique factorization, IDF behavior, or any infinite mathematical property."
1235/32,38.59375000,decomposable,3/2 + 1187/32,no,"This is a bounded computational sample. It does not prove atomicity, unique factorization, IDF behavior, or any infinite mathematical property."
1237/32,38.65625000,decomposable,3/2 + 1189/32,no,"This is a bounded computational sample. It does not prove atomicity, unique factorization, IDF behavior, or any infinite mathematical property."
1239/32,38.71875000,decomposable,3/2 + 1191/32,no,"This is a bounded computational sample. It does not prove atomicity, unique factorization, IDF behavior, or any infinite mathematical property."
1241/32,38.78125000,decomposable,3/2 + 1193/32,no,"This is a bounded computational sample. It does not prove atomicity, unique factorization, IDF behavior, or any infinite mathematical property."
1243/32,38.84375000,decomposable,3/2 + 1195/32,no,"This is a bounded computational sample. It does not prove atomicity, unique factorization, IDF behavior, or any infinite mathematical property."
1245/32,38.90625000,decomposable,3/2 + 1197/32,no,"This is a bounded computational sample. It does not prove atomicity, unique factorization, IDF behavior, or any infinite mathematical property."
1247/32,38.96875000,decomposable,3/2 + 1199/32,no,"This is a bounded computational sample. It does not prove atomicity, unique factorization, IDF behavior, or any infinite mathematical property."
1249/32,39.03125000,decomposable,3/2 + 1201/32,no,"This is a bounded computational sample. It does not prove atomicity, unique factorization, IDF behavior, or any infinite mathematical property."
1251/32,39.09375000,decomposable,3/2 + 1203/32,no,"This is a bounded computational sample. It does not prove atomicity, unique factorization, IDF behavior, or any infinite mathematical property."
1253/32,39.15625000,decomposable,3/2 + 1205/32,no,"This is a bounded computational sample. It does not prove atomicity, unique factorization, IDF behavior, or any infinite mathematical property."
1255/32,39.21875000,decomposable,3/2 + 1207/32,no,"This is a bounded computational sample. It does not prove atomicity, unique factorization, IDF behavior, or any infinite mathematical property."
1257/32,39.28125000,decomposable,3/2 + 1209/32,no,"This is a bounded computational sample. It does not prove atomicity, unique factorization, IDF behavior, or any infinite mathematical property."
1259/32,39.34375000,decomposable,3/2 + 1211/32,no,"This is a bounded computational sample. It does not prove atomicity, unique factorization, IDF behavior, or any infinite mathematical property."
1261/32,39.40625000,decomposable,3/2 + 1213/32,no,"This is a bounded computational sample. It does not prove atomicity, unique factorization, IDF behavior, or any infinite mathematical property."
1263/32,39.46875000,decomposable,3/2 + 1215/32,no,"This is a bounded computational sample. It does not prove atomicity, unique factorization, IDF behavior, or any infinite mathematical property."
1265/32,39.53125000,decomposable,3/2 + 1217/32,no,"This is a bounded computational sample. It does not prove atomicity, unique factorization, IDF behavior, or any infinite mathematical property."
1267/32,39.59375000,decomposable,3/2 + 1219/32,no,"This is a bounded computational sample. It does not prove atomicity, unique factorization, IDF behavior, or any infinite mathematical property."
1269/32,39.65625000,decomposable,3/2 + 1221/32,no,"This is a bounded computational sample. It does not prove atomicity, unique factorization, IDF behavior, or any infinite mathematical property."
1271/32,39.71875000,decomposable,3/2 + 1223/32,no,"This is a bounded computational sample. It does not prove atomicity, unique factorization, IDF behavior, or any infinite mathematical property."
1273/32,39.78125000,decomposable,3/2 + 1225/32,no,"This is a bounded computational sample. It does not prove atomicity, unique factorization, IDF behavior, or any infinite mathematical property."
1275/32,39.84375000,decomposable,3/2 + 1227/32,no,"This is a bounded computational sample. It does not prove atomicity, unique factorization, IDF behavior, or any infinite mathematical property."
1277/32,39.90625000,decomposable,3/2 + 1229/32,no,"This is a bounded computational sample. It does not prove atomicity, unique factorization, IDF behavior, or any infinite mathematical property."
1279/32,39.96875000,decomposable,3/2 + 1231/32,no,"This is a bounded computational sample. It does not prove atomicity, unique factorization, IDF behavior, or any infinite mathematical property."
1281/32,40.03125000,decomposable,3/2 + 1233/32,no,"This is a bounded computational sample. It does not prove atomicity, unique factorization, IDF behavior, or any infinite mathematical property."
1283/32,40.09375000,decomposable,3/2 + 1235/32,no,"This is a bounded computational sample. It does not prove atomicity, unique factorization, IDF behavior, or any infinite mathematical property."
1285/32,40.15625000,decomposable,3/2 + 1237/32,no,"This is a bounded computational sample. It does not prove atomicity, unique factorization, IDF behavior, or any infinite mathematical property."
1287/32,40.21875000,decomposable,3/2 + 1239/32,no,"This is a bounded computational sample. It does not prove atomicity, unique factorization, IDF behavior, or any infinite mathematical property."
1289/32,40.28125000,decomposable,3/2 + 1241/32,no,"This is a bounded computational sample. It does not prove atomicity, unique factorization, IDF behavior, or any infinite mathematical property."
1291/32,40.34375000,decomposable,3/2 + 1243/32,no,"This is a bounded computational sample. It does not prove atomicity, unique factorization, IDF behavior, or any infinite mathematical property."
1293/32,40.40625000,decomposable,3/2 + 1245/32,no,"This is a bounded computational sample. It does not prove atomicity, unique factorization, IDF behavior, or any infinite mathematical property."
1295/32,40.46875000,decomposable,3/2 + 1247/32,no,"This is a bounded computational sample. It does not prove atomicity, unique factorization, IDF behavior, or any infinite mathematical property."
1297/32,40.53125000,decomposable,3/2 + 1249/32,no,"This is a bounded computational sample. It does not prove atomicity, unique factorization, IDF behavior, or any infinite mathematical property."
1299/32,40.59375000,decomposable,3/2 + 1251/32,no,"This is a bounded computational sample. It does not prove atomicity, unique factorization, IDF behavior, or any infinite mathematical property."
1301/32,40.65625000,decomposable,3/2 + 1253/32,no,"This is a bounded computational sample. It does not prove atomicity, unique factorization, IDF behavior, or any infinite mathematical property."
1303/32,40.71875000,decomposable,3/2 + 1255/32,no,"This is a bounded computational sample. It does not prove atomicity, unique factorization, IDF behavior, or any infinite mathematical property."
1305/32,40.78125000,decomposable,3/2 + 1257/32,no,"This is a bounded computational sample. It does not prove atomicity, unique factorization, IDF behavior, or any infinite mathematical property."
1307/32,40.84375000,decomposable,3/2 + 1259/32,no,"This is a bounded computational sample. It does not prove atomicity, unique factorization, IDF behavior, or any infinite mathematical property."
1309/32,40.90625000,decomposable,3/2 + 1261/32,no,"This is a bounded computational sample. It does not prove atomicity, unique factorization, IDF behavior, or any infinite mathematical property."
1311/32,40.96875000,decomposable,3/2 + 1263/32,no,"This is a bounded computational sample. It does not prove atomicity, unique factorization, IDF behavior, or any infinite mathematical property."
1313/32,41.03125000,decomposable,3/2 + 1265/32,no,"This is a bounded computational sample. It does not prove atomicity, unique factorization, IDF behavior, or any infinite mathematical property."
1315/32,41.09375000,decomposable,3/2 + 1267/32,no,"This is a bounded computational sample. It does not prove atomicity, unique factorization, IDF behavior, or any infinite mathematical property."
1317/32,41.15625000,decomposable,3/2 + 1269/32,no,"This is a bounded computational sample. It does not prove atomicity, unique factorization, IDF behavior, or any infinite mathematical property."
1319/32,41.21875000,decomposable,3/2 + 1271/32,no,"This is a bounded computational sample. It does not prove atomicity, unique factorization, IDF behavior, or any infinite mathematical property."
1321/32,41.28125000,decomposable,3/2 + 1273/32,no,"This is a bounded computational sample. It does not prove atomicity, unique factorization, IDF behavior, or any infinite mathematical property."
1323/32,41.34375000,decomposable,3/2 + 1275/32,no,"This is a bounded computational sample. It does not prove atomicity, unique factorization, IDF behavior, or any infinite mathematical property."
1325/32,41.40625000,decomposable,3/2 + 1277/32,no,"This is a bounded computational sample. It does not prove atomicity, unique factorization, IDF behavior, or any infinite mathematical property."
1327/32,41.46875000,decomposable,3/2 + 1279/32,no,"This is a bounded computational sample. It does not prove atomicity, unique factorization, IDF behavior, or any infinite mathematical property."
1329/32,41.53125000,decomposable,3/2 + 1281/32,no,"This is a bounded computational sample. It does not prove atomicity, unique factorization, IDF behavior, or any infinite mathematical property."
1331/32,41.59375000,decomposable,3/2 + 1283/32,no,"This is a bounded computational sample. It does not prove atomicity, unique factorization, IDF behavior, or any infinite mathematical property."
1333/32,41.65625000,decomposable,3/2 + 1285/32,no,"This is a bounded computational sample. It does not prove atomicity, unique factorization, IDF behavior, or any infinite mathematical property."
1335/32,41.71875000,decomposable,3/2 + 1287/32,no,"This is a bounded computational sample. It does not prove atomicity, unique factorization, IDF behavior, or any infinite mathematical property."
1337/32,41.78125000,decomposable,3/2 + 1289/32,no,"This is a bounded computational sample. It does not prove atomicity, unique factorization, IDF behavior, or any infinite mathematical property."
1339/32,41.84375000,decomposable,3/2 + 1291/32,no,"This is a bounded computational sample. It does not prove atomicity, unique factorization, IDF behavior, or any infinite mathematical property."
1341/32,41.90625000,decomposable,3/2 + 1293/32,no,"This is a bounded computational sample. It does not prove atomicity, unique factorization, IDF behavior, or any infinite mathematical property."
1343/32,41.96875000,decomposable,3/2 + 1295/32,no,"This is a bounded computational sample. It does not prove atomicity, unique factorization, IDF behavior, or any infinite mathematical property."
1345/32,42.03125000,decomposable,3/2 + 1297/32,no,"This is a bounded computational sample. It does not prove atomicity, unique factorization, IDF behavior, or any infinite mathematical property."
1347/32,42.09375000,decomposable,3/2 + 1299/32,no,"This is a bounded computational sample. It does not prove atomicity, unique factorization, IDF behavior, or any infinite mathematical property."
1349/32,42.15625000,decomposable,3/2 + 1301/32,no,"This is a bounded computational sample. It does not prove atomicity, unique factorization, IDF behavior, or any infinite mathematical property."
1351/32,42.21875000,decomposable,3/2 + 1303/32,no,"This is a bounded computational sample. It does not prove atomicity, unique factorization, IDF behavior, or any infinite mathematical property."
1353/32,42.28125000,decomposable,3/2 + 1305/32,no,"This is a bounded computational sample. It does not prove atomicity, unique factorization, IDF behavior, or any infinite mathematical property."
1355/32,42.34375000,decomposable,3/2 + 1307/32,no,"This is a bounded computational sample. It does not prove atomicity, unique factorization, IDF behavior, or any infinite mathematical property."
1357/32,42.40625000,decomposable,3/2 + 1309/32,no,"This is a bounded computational sample. It does not prove atomicity, unique factorization, IDF behavior, or any infinite mathematical property."
1359/32,42.46875000,decomposable,3/2 + 1311/32,no,"This is a bounded computational sample. It does not prove atomicity, unique factorization, IDF behavior, or any infinite mathematical property."
1361/32,42.53125000,decomposable,3/2 + 1313/32,no,"This is a bounded computational sample. It does not prove atomicity, unique factorization, IDF behavior, or any infinite mathematical property."
1363/32,42.59375000,decomposable,3/2 + 1315/32,no,"This is a bounded computational sample. It does not prove atomicity, unique factorization, IDF behavior, or any infinite mathematical property."
1365/32,42.65625000,decomposable,3/2 + 1317/32,no,"This is a bounded computational sample. It does not prove atomicity, unique factorization, IDF behavior, or any infinite mathematical property."
1367/32,42.71875000,decomposable,3/2 + 1319/32,no,"This is a bounded computational sample. It does not prove atomicity, unique factorization, IDF behavior, or any infinite mathematical property."
1369/32,42.78125000,decomposable,3/2 + 1321/32,no,"This is a bounded computational sample. It does not prove atomicity, unique factorization, IDF behavior, or any infinite mathematical property."
1371/32,42.84375000,decomposable,3/2 + 1323/32,no,"This is a bounded computational sample. It does not prove atomicity, unique factorization, IDF behavior, or any infinite mathematical property."
1373/32,42.90625000,decomposable,3/2 + 1325/32,no,"This is a bounded computational sample. It does not prove atomicity, unique factorization, IDF behavior, or any infinite mathematical property."
1375/32,42.96875000,decomposable,3/2 + 1327/32,no,"This is a bounded computational sample. It does not prove atomicity, unique factorization, IDF behavior, or any infinite mathematical property."
1377/32,43.03125000,decomposable,3/2 + 1329/32,no,"This is a bounded computational sample. It does not prove atomicity, unique factorization, IDF behavior, or any infinite mathematical property."
1379/32,43.09375000,decomposable,3/2 + 1331/32,no,"This is a bounded computational sample. It does not prove atomicity, unique factorization, IDF behavior, or any infinite mathematical property."
1381/32,43.15625000,decomposable,3/2 + 1333/32,no,"This is a bounded computational sample. It does not prove atomicity, unique factorization, IDF behavior, or any infinite mathematical property."
1383/32,43.21875000,decomposable,3/2 + 1335/32,no,"This is a bounded computational sample. It does not prove atomicity, unique factorization, IDF behavior, or any infinite mathematical property."
1385/32,43.28125000,decomposable,3/2 + 1337/32,no,"This is a bounded computational sample. It does not prove atomicity, unique factorization, IDF behavior, or any infinite mathematical property."
1387/32,43.34375000,decomposable,3/2 + 1339/32,no,"This is a bounded computational sample. It does not prove atomicity, unique factorization, IDF behavior, or any infinite mathematical property."
1389/32,43.40625000,decomposable,3/2 + 1341/32,no,"This is a bounded computational sample. It does not prove atomicity, unique factorization, IDF behavior, or any infinite mathematical property."
1391/32,43.46875000,decomposable,3/2 + 1343/32,no,"This is a bounded computational sample. It does not prove atomicity, unique factorization, IDF behavior, or any infinite mathematical property."
1393/32,43.53125000,decomposable,3/2 + 1345/32,no,"This is a bounded computational sample. It does not prove atomicity, unique factorization, IDF behavior, or any infinite mathematical property."
1395/32,43.59375000,decomposable,3/2 + 1347/32,no,"This is a bounded computational sample. It does not prove atomicity, unique factorization, IDF behavior, or any infinite mathematical property."
1397/32,43.65625000,decomposable,3/2 + 1349/32,no,"This is a bounded computational sample. It does not prove atomicity, unique factorization, IDF behavior, or any infinite mathematical property."
1399/32,43.71875000,decomposable,3/2 + 1351/32,no,"This is a bounded computational sample. It does not prove atomicity, unique factorization, IDF behavior, or any infinite mathematical property."
1401/32,43.78125000,decomposable,3/2 + 1353/32,no,"This is a bounded computational sample. It does not prove atomicity, unique factorization, IDF behavior, or any infinite mathematical property."
1403/32,43.84375000,decomposable,3/2 + 1355/32,no,"This is a bounded computational sample. It does not prove atomicity, unique factorization, IDF behavior, or any infinite mathematical property."
1405/32,43.90625000,decomposable,3/2 + 1357/32,no,"This is a bounded computational sample. It does not prove atomicity, unique factorization, IDF behavior, or any infinite mathematical property."
1407/32,43.96875000,decomposable,3/2 + 1359/32,no,"This is a bounded computational sample. It does not prove atomicity, unique factorization, IDF behavior, or any infinite mathematical property."
1409/32,44.03125000,decomposable,3/2 + 1361/32,no,"This is a bounded computational sample. It does not prove atomicity, unique factorization, IDF behavior, or any infinite mathematical property."
1411/32,44.09375000,decomposable,3/2 + 1363/32,no,"This is a bounded computational sample. It does not prove atomicity, unique factorization, IDF behavior, or any infinite mathematical property."
1413/32,44.15625000,decomposable,3/2 + 1365/32,no,"This is a bounded computational sample. It does not prove atomicity, unique factorization, IDF behavior, or any infinite mathematical property."
1415/32,44.21875000,decomposable,3/2 + 1367/32,no,"This is a bounded computational sample. It does not prove atomicity, unique factorization, IDF behavior, or any infinite mathematical property."
1417/32,44.28125000,decomposable,3/2 + 1369/32,no,"This is a bounded computational sample. It does not prove atomicity, unique factorization, IDF behavior, or any infinite mathematical property."
1419/32,44.34375000,decomposable,3/2 + 1371/32,no,"This is a bounded computational sample. It does not prove atomicity, unique factorization, IDF behavior, or any infinite mathematical property."
1421/32,44.40625000,decomposable,3/2 + 1373/32,no,"This is a bounded computational sample. It does not prove atomicity, unique factorization, IDF behavior, or any infinite mathematical property."
1423/32,44.46875000,decomposable,3/2 + 1375/32,no,"This is a bounded computational sample. It does not prove atomicity, unique factorization, IDF behavior, or any infinite mathematical property."
1425/32,44.53125000,decomposable,3/2 + 1377/32,no,"This is a bounded computational sample. It does not prove atomicity, unique factorization, IDF behavior, or any infinite mathematical property."
1427/32,44.59375000,decomposable,3/2 + 1379/32,no,"This is a bounded computational sample. It does not prove atomicity, unique factorization, IDF behavior, or any infinite mathematical property."
1429/32,44.65625000,decomposable,3/2 + 1381/32,no,"This is a bounded computational sample. It does not prove atomicity, unique factorization, IDF behavior, or any infinite mathematical property."
1431/32,44.71875000,decomposable,3/2 + 1383/32,no,"This is a bounded computational sample. It does not prove atomicity, unique factorization, IDF behavior, or any infinite mathematical property."
1433/32,44.78125000,decomposable,3/2 + 1385/32,no,"This is a bounded computational sample. It does not prove atomicity, unique factorization, IDF behavior, or any infinite mathematical property."
1435/32,44.84375000,decomposable,3/2 + 1387/32,no,"This is a bounded computational sample. It does not prove atomicity, unique factorization, IDF behavior, or any infinite mathematical property."
1437/32,44.90625000,decomposable,3/2 + 1389/32,no,"This is a bounded computational sample. It does not prove atomicity, unique factorization, IDF behavior, or any infinite mathematical property."
1439/32,44.96875000,decomposable,3/2 + 1391/32,no,"This is a bounded computational sample. It does not prove atomicity, unique factorization, IDF behavior, or any infinite mathematical property."
1441/32,45.03125000,decomposable,3/2 + 1393/32,no,"This is a bounded computational sample. It does not prove atomicity, unique factorization, IDF behavior, or any infinite mathematical property."
1443/32,45.09375000,decomposable,3/2 + 1395/32,no,"This is a bounded computational sample. It does not prove atomicity, unique factorization, IDF behavior, or any infinite mathematical property."
1445/32,45.15625000,decomposable,3/2 + 1397/32,no,"This is a bounded computational sample. It does not prove atomicity, unique factorization, IDF behavior, or any infinite mathematical property."
1447/32,45.21875000,decomposable,3/2 + 1399/32,no,"This is a bounded computational sample. It does not prove atomicity, unique factorization, IDF behavior, or any infinite mathematical property."
1449/32,45.28125000,decomposable,3/2 + 1401/32,no,"This is a bounded computational sample. It does not prove atomicity, unique factorization, IDF behavior, or any infinite mathematical property."
1451/32,45.34375000,decomposable,3/2 + 1403/32,no,"This is a bounded computational sample. It does not prove atomicity, unique factorization, IDF behavior, or any infinite mathematical property."
1453/32,45.40625000,decomposable,3/2 + 1405/32,no,"This is a bounded computational sample. It does not prove atomicity, unique factorization, IDF behavior, or any infinite mathematical property."
1455/32,45.46875000,decomposable,3/2 + 1407/32,no,"This is a bounded computational sample. It does not prove atomicity, unique factorization, IDF behavior, or any infinite mathematical property."
1457/32,45.53125000,decomposable,3/2 + 1409/32,no,"This is a bounded computational sample. It does not prove atomicity, unique factorization, IDF behavior, or any infinite mathematical property."
1459/32,45.59375000,decomposable,3/2 + 1411/32,no,"This is a bounded computational sample. It does not prove atomicity, unique factorization, IDF behavior, or any infinite mathematical property."
1461/32,45.65625000,decomposable,3/2 + 1413/32,no,"This is a bounded computational sample. It does not prove atomicity, unique factorization, IDF behavior, or any infinite mathematical property."
1463/32,45.71875000,decomposable,3/2 + 1415/32,no,"This is a bounded computational sample. It does not prove atomicity, unique factorization, IDF behavior, or any infinite mathematical property."
1465/32,45.78125000,decomposable,3/2 + 1417/32,no,"This is a bounded computational sample. It does not prove atomicity, unique factorization, IDF behavior, or any infinite mathematical property."
1467/32,45.84375000,decomposable,3/2 + 1419/32,no,"This is a bounded computational sample. It does not prove atomicity, unique factorization, IDF behavior, or any infinite mathematical property."
1469/32,45.90625000,decomposable,3/2 + 1421/32,no,"This is a bounded computational sample. It does not prove atomicity, unique factorization, IDF behavior, or any infinite mathematical property."
1471/32,45.96875000,decomposable,3/2 + 1423/32,no,"This is a bounded computational sample. It does not prove atomicity, unique factorization, IDF behavior, or any infinite mathematical property."
1473/32,46.03125000,decomposable,3/2 + 1425/32,no,"This is a bounded computational sample. It does not prove atomicity, unique factorization, IDF behavior, or any infinite mathematical property."
1475/32,46.09375000,decomposable,3/2 + 1427/32,no,"This is a bounded computational sample. It does not prove atomicity, unique factorization, IDF behavior, or any infinite mathematical property."
1477/32,46.15625000,decomposable,3/2 + 1429/32,no,"This is a bounded computational sample. It does not prove atomicity, unique factorization, IDF behavior, or any infinite mathematical property."
1479/32,46.21875000,decomposable,3/2 + 1431/32,no,"This is a bounded computational sample. It does not prove atomicity, unique factorization, IDF behavior, or any infinite mathematical property."
1481/32,46.28125000,decomposable,3/2 + 1433/32,no,"This is a bounded computational sample. It does not prove atomicity, unique factorization, IDF behavior, or any infinite mathematical property."
1483/32,46.34375000,decomposable,3/2 + 1435/32,no,"This is a bounded computational sample. It does not prove atomicity, unique factorization, IDF behavior, or any infinite mathematical property."
1485/32,46.40625000,decomposable,3/2 + 1437/32,no,"This is a bounded computational sample. It does not prove atomicity, unique factorization, IDF behavior, or any infinite mathematical property."
1487/32,46.46875000,decomposable,3/2 + 1439/32,no,"This is a bounded computational sample. It does not prove atomicity, unique factorization, IDF behavior, or any infinite mathematical property."
1489/32,46.53125000,decomposable,3/2 + 1441/32,no,"This is a bounded computational sample. It does not prove atomicity, unique factorization, IDF behavior, or any infinite mathematical property."
1491/32,46.59375000,decomposable,3/2 + 1443/32,no,"This is a bounded computational sample. It does not prove atomicity, unique factorization, IDF behavior, or any infinite mathematical property."
1493/32,46.65625000,decomposable,3/2 + 1445/32,no,"This is a bounded computational sample. It does not prove atomicity, unique factorization, IDF behavior, or any infinite mathematical property."
1495/32,46.71875000,decomposable,3/2 + 1447/32,no,"This is a bounded computational sample. It does not prove atomicity, unique factorization, IDF behavior, or any infinite mathematical property."
1497/32,46.78125000,decomposable,3/2 + 1449/32,no,"This is a bounded computational sample. It does not prove atomicity, unique factorization, IDF behavior, or any infinite mathematical property."
1499/32,46.84375000,decomposable,3/2 + 1451/32,no,"This is a bounded computational sample. It does not prove atomicity, unique factorization, IDF behavior, or any infinite mathematical property."
1501/32,46.90625000,decomposable,3/2 + 1453/32,no,"This is a bounded computational sample. It does not prove atomicity, unique factorization, IDF behavior, or any infinite mathematical property."
1503/32,46.96875000,decomposable,3/2 + 1455/32,no,"This is a bounded computational sample. It does not prove atomicity, unique factorization, IDF behavior, or any infinite mathematical property."
1505/32,47.03125000,decomposable,3/2 + 1457/32,no,"This is a bounded computational sample. It does not prove atomicity, unique factorization, IDF behavior, or any infinite mathematical property."
1507/32,47.09375000,decomposable,3/2 + 1459/32,no,"This is a bounded computational sample. It does not prove atomicity, unique factorization, IDF behavior, or any infinite mathematical property."
1509/32,47.15625000,decomposable,3/2 + 1461/32,no,"This is a bounded computational sample. It does not prove atomicity, unique factorization, IDF behavior, or any infinite mathematical property."
1511/32,47.21875000,decomposable,3/2 + 1463/32,no,"This is a bounded computational sample. It does not prove atomicity, unique factorization, IDF behavior, or any infinite mathematical property."
1513/32,47.28125000,decomposable,3/2 + 1465/32,no,"This is a bounded computational sample. It does not prove atomicity, unique factorization, IDF behavior, or any infinite mathematical property."
1515/32,47.34375000,decomposable,3/2 + 1467/32,no,"This is a bounded computational sample. It does not prove atomicity, unique factorization, IDF behavior, or any infinite mathematical property."
1517/32,47.40625000,decomposable,3/2 + 1469/32,no,"This is a bounded computational sample. It does not prove atomicity, unique factorization, IDF behavior, or any infinite mathematical property."
1519/32,47.46875000,decomposable,3/2 + 1471/32,no,"This is a bounded computational sample. It does not prove atomicity, unique factorization, IDF behavior, or any infinite mathematical property."
1521/32,47.53125000,decomposable,3/2 + 1473/32,no,"This is a bounded computational sample. It does not prove atomicity, unique factorization, IDF behavior, or any infinite mathematical property."
1523/32,47.59375000,decomposable,3/2 + 1475/32,no,"This is a bounded computational sample. It does not prove atomicity, unique factorization, IDF behavior, or any infinite mathematical property."
1525/32,47.65625000,decomposable,3/2 + 1477/32,no,"This is a bounded computational sample. It does not prove atomicity, unique factorization, IDF behavior, or any infinite mathematical property."
1527/32,47.71875000,decomposable,3/2 + 1479/32,no,"This is a bounded computational sample. It does not prove atomicity, unique factorization, IDF behavior, or any infinite mathematical property."
1529/32,47.78125000,decomposable,3/2 + 1481/32,no,"This is a bounded computational sample. It does not prove atomicity, unique factorization, IDF behavior, or any infinite mathematical property."
1531/32,47.84375000,decomposable,3/2 + 1483/32,no,"This is a bounded computational sample. It does not prove atomicity, unique factorization, IDF behavior, or any infinite mathematical property."
1533/32,47.90625000,decomposable,3/2 + 1485/32,no,"This is a bounded computational sample. It does not prove atomicity, unique factorization, IDF behavior, or any infinite mathematical property."
1535/32,47.96875000,decomposable,3/2 + 1487/32,no,"This is a bounded computational sample. It does not prove atomicity, unique factorization, IDF behavior, or any infinite mathematical property."
1537/32,48.03125000,decomposable,3/2 + 1489/32,no,"This is a bounded computational sample. It does not prove atomicity, unique factorization, IDF behavior, or any infinite mathematical property."
1539/32,48.09375000,decomposable,3/2 + 1491/32,no,"This is a bounded computational sample. It does not prove atomicity, unique factorization, IDF behavior, or any infinite mathematical property."
1541/32,48.15625000,decomposable,3/2 + 1493/32,no,"This is a bounded computational sample. It does not prove atomicity, unique factorization, IDF behavior, or any infinite mathematical property."
1543/32,48.21875000,decomposable,3/2 + 1495/32,no,"This is a bounded computational sample. It does not prove atomicity, unique factorization, IDF behavior, or any infinite mathematical property."
1545/32,48.28125000,decomposable,3/2 + 1497/32,no,"This is a bounded computational sample. It does not prove atomicity, unique factorization, IDF behavior, or any infinite mathematical property."
1547/32,48.34375000,decomposable,3/2 + 1499/32,no,"This is a bounded computational sample. It does not prove atomicity, unique factorization, IDF behavior, or any infinite mathematical property."
1549/32,48.40625000,decomposable,3/2 + 1501/32,no,"This is a bounded computational sample. It does not prove atomicity, unique factorization, IDF behavior, or any infinite mathematical property."
1551/32,48.46875000,decomposable,3/2 + 1503/32,no,"This is a bounded computational sample. It does not prove atomicity, unique factorization, IDF behavior, or any infinite mathematical property."
1553/32,48.53125000,decomposable,3/2 + 1505/32,no,"This is a bounded computational sample. It does not prove atomicity, unique factorization, IDF behavior, or any infinite mathematical property."
1555/32,48.59375000,decomposable,3/2 + 1507/32,no,"This is a bounded computational sample. It does not prove atomicity, unique factorization, IDF behavior, or any infinite mathematical property."
1557/32,48.65625000,decomposable,3/2 + 1509/32,no,"This is a bounded computational sample. It does not prove atomicity, unique factorization, IDF behavior, or any infinite mathematical property."
1559/32,48.71875000,decomposable,3/2 + 1511/32,no,"This is a bounded computational sample. It does not prove atomicity, unique factorization, IDF behavior, or any infinite mathematical property."
1561/32,48.78125000,decomposable,3/2 + 1513/32,no,"This is a bounded computational sample. It does not prove atomicity, unique factorization, IDF behavior, or any infinite mathematical property."
1563/32,48.84375000,decomposable,3/2 + 1515/32,no,"This is a bounded computational sample. It does not prove atomicity, unique factorization, IDF behavior, or any infinite mathematical property."
1565/32,48.90625000,decomposable,3/2 + 1517/32,no,"This is a bounded computational sample. It does not prove atomicity, unique factorization, IDF behavior, or any infinite mathematical property."
1567/32,48.96875000,decomposable,3/2 + 1519/32,no,"This is a bounded computational sample. It does not prove atomicity, unique factorization, IDF behavior, or any infinite mathematical property."
1569/32,49.03125000,decomposable,3/2 + 1521/32,no,"This is a bounded computational sample. It does not prove atomicity, unique factorization, IDF behavior, or any infinite mathematical property."
1571/32,49.09375000,decomposable,3/2 + 1523/32,no,"This is a bounded computational sample. It does not prove atomicity, unique factorization, IDF behavior, or any infinite mathematical property."
1573/32,49.15625000,decomposable,3/2 + 1525/32,no,"This is a bounded computational sample. It does not prove atomicity, unique factorization, IDF behavior, or any infinite mathematical property."
1575/32,49.21875000,decomposable,3/2 + 1527/32,no,"This is a bounded computational sample. It does not prove atomicity, unique factorization, IDF behavior, or any infinite mathematical property."
1577/32,49.28125000,decomposable,3/2 + 1529/32,no,"This is a bounded computational sample. It does not prove atomicity, unique factorization, IDF behavior, or any infinite mathematical property."
1579/32,49.34375000,decomposable,3/2 + 1531/32,no,"This is a bounded computational sample. It does not prove atomicity, unique factorization, IDF behavior, or any infinite mathematical property."
1581/32,49.40625000,decomposable,3/2 + 1533/32,no,"This is a bounded computational sample. It does not prove atomicity, unique factorization, IDF behavior, or any infinite mathematical property."
1583/32,49.46875000,decomposable,3/2 + 1535/32,no,"This is a bounded computational sample. It does not prove atomicity, unique factorization, IDF behavior, or any infinite mathematical property."
1585/32,49.53125000,decomposable,3/2 + 1537/32,no,"This is a bounded computational sample. It does not prove atomicity, unique factorization, IDF behavior, or any infinite mathematical property."
1587/32,49.59375000,decomposable,3/2 + 1539/32,no,"This is a bounded computational sample. It does not prove atomicity, unique factorization, IDF behavior, or any infinite mathematical property."
1589/32,49.65625000,decomposable,3/2 + 1541/32,no,"This is a bounded computational sample. It does not prove atomicity, unique factorization, IDF behavior, or any infinite mathematical property."
1591/32,49.71875000,decomposable,3/2 + 1543/32,no,"This is a bounded computational sample. It does not prove atomicity, unique factorization, IDF behavior, or any infinite mathematical property."
1593/32,49.78125000,decomposable,3/2 + 1545/32,no,"This is a bounded computational sample. It does not prove atomicity, unique factorization, IDF behavior, or any infinite mathematical property."
1595/32,49.84375000,decomposable,3/2 + 1547/32,no,"This is a bounded computational sample. It does not prove atomicity, unique factorization, IDF behavior, or any infinite mathematical property."
1597/32,49.90625000,decomposable,3/2 + 1549/32,no,"This is a bounded computational sample. It does not prove atomicity, unique factorization, IDF behavior, or any infinite mathematical property."
1599/32,49.96875000,decomposable,3/2 + 1551/32,no,"This is a bounded computational sample. It does not prove atomicity, unique factorization, IDF behavior, or any infinite mathematical property."
1601/32,50.03125000,decomposable,3/2 + 1553/32,no,"This is a bounded computational sample. It does not prove atomicity, unique factorization, IDF behavior, or any infinite mathematical property."
1603/32,50.09375000,decomposable,3/2 + 1555/32,no,"This is a bounded computational sample. It does not prove atomicity, unique factorization, IDF behavior, or any infinite mathematical property."
1605/32,50.15625000,decomposable,3/2 + 1557/32,no,"This is a bounded computational sample. It does not prove atomicity, unique factorization, IDF behavior, or any infinite mathematical property."
1607/32,50.21875000,decomposable,3/2 + 1559/32,no,"This is a bounded computational sample. It does not prove atomicity, unique factorization, IDF behavior, or any infinite mathematical property."
1609/32,50.28125000,decomposable,3/2 + 1561/32,no,"This is a bounded computational sample. It does not prove atomicity, unique factorization, IDF behavior, or any infinite mathematical property."
1611/32,50.34375000,decomposable,3/2 + 1563/32,no,"This is a bounded computational sample. It does not prove atomicity, unique factorization, IDF behavior, or any infinite mathematical property."
1613/32,50.40625000,decomposable,3/2 + 1565/32,no,"This is a bounded computational sample. It does not prove atomicity, unique factorization, IDF behavior, or any infinite mathematical property."
1615/32,50.46875000,decomposable,3/2 + 1567/32,no,"This is a bounded computational sample. It does not prove atomicity, unique factorization, IDF behavior, or any infinite mathematical property."
1617/32,50.53125000,decomposable,3/2 + 1569/32,no,"This is a bounded computational sample. It does not prove atomicity, unique factorization, IDF behavior, or any infinite mathematical property."
1619/32,50.59375000,decomposable,3/2 + 1571/32,no,"This is a bounded computational sample. It does not prove atomicity, unique factorization, IDF behavior, or any infinite mathematical property."
1621/32,50.65625000,decomposable,3/2 + 1573/32,no,"This is a bounded computational sample. It does not prove atomicity, unique factorization, IDF behavior, or any infinite mathematical property."
1623/32,50.71875000,decomposable,3/2 + 1575/32,no,"This is a bounded computational sample. It does not prove atomicity, unique factorization, IDF behavior, or any infinite mathematical property."
1625/32,50.78125000,decomposable,3/2 + 1577/32,no,"This is a bounded computational sample. It does not prove atomicity, unique factorization, IDF behavior, or any infinite mathematical property."
1627/32,50.84375000,decomposable,3/2 + 1579/32,no,"This is a bounded computational sample. It does not prove atomicity, unique factorization, IDF behavior, or any infinite mathematical property."
1629/32,50.90625000,decomposable,3/2 + 1581/32,no,"This is a bounded computational sample. It does not prove atomicity, unique factorization, IDF behavior, or any infinite mathematical property."
1631/32,50.96875000,decomposable,3/2 + 1583/32,no,"This is a bounded computational sample. It does not prove atomicity, unique factorization, IDF behavior, or any infinite mathematical property."
1633/32,51.03125000,decomposable,3/2 + 1585/32,no,"This is a bounded computational sample. It does not prove atomicity, unique factorization, IDF behavior, or any infinite mathematical property."
1635/32,51.09375000,decomposable,3/2 + 1587/32,no,"This is a bounded computational sample. It does not prove atomicity, unique factorization, IDF behavior, or any infinite mathematical property."
1639/32,51.21875000,decomposable,3/2 + 1591/32,no,"This is a bounded computational sample. It does not prove atomicity, unique factorization, IDF behavior, or any infinite mathematical property."
1641/32,51.28125000,decomposable,3/2 + 1593/32,no,"This is a bounded computational sample. It does not prove atomicity, unique factorization, IDF behavior, or any infinite mathematical property."
1643/32,51.34375000,decomposable,3/2 + 1595/32,no,"This is a bounded computational sample. It does not prove atomicity, unique factorization, IDF behavior, or any infinite mathematical property."
1645/32,51.40625000,decomposable,3/2 + 1597/32,no,"This is a bounded computational sample. It does not prove atomicity, unique factorization, IDF behavior, or any infinite mathematical property."
1647/32,51.46875000,decomposable,3/2 + 1599/32,no,"This is a bounded computational sample. It does not prove atomicity, unique factorization, IDF behavior, or any infinite mathematical property."
1649/32,51.53125000,decomposable,3/2 + 1601/32,no,"This is a bounded computational sample. It does not prove atomicity, unique factorization, IDF behavior, or any infinite mathematical property."
1651/32,51.59375000,decomposable,3/2 + 1603/32,no,"This is a bounded computational sample. It does not prove atomicity, unique factorization, IDF behavior, or any infinite mathematical property."
1653/32,51.65625000,decomposable,3/2 + 1605/32,no,"This is a bounded computational sample. It does not prove atomicity, unique factorization, IDF behavior, or any infinite mathematical property."
1655/32,51.71875000,decomposable,3/2 + 1607/32,no,"This is a bounded computational sample. It does not prove atomicity, unique factorization, IDF behavior, or any infinite mathematical property."
1657/32,51.78125000,decomposable,3/2 + 1609/32,no,"This is a bounded computational sample. It does not prove atomicity, unique factorization, IDF behavior, or any infinite mathematical property."
1659/32,51.84375000,decomposable,3/2 + 1611/32,no,"This is a bounded computational sample. It does not prove atomicity, unique factorization, IDF behavior, or any infinite mathematical property."
1661/32,51.90625000,decomposable,3/2 + 1613/32,no,"This is a bounded computational sample. It does not prove atomicity, unique factorization, IDF behavior, or any infinite mathematical property."
1663/32,51.96875000,decomposable,3/2 + 1615/32,no,"This is a bounded computational sample. It does not prove atomicity, unique factorization, IDF behavior, or any infinite mathematical property."
1665/32,52.03125000,decomposable,3/2 + 1617/32,no,"This is a bounded computational sample. It does not prove atomicity, unique factorization, IDF behavior, or any infinite mathematical property."
1667/32,52.09375000,decomposable,3/2 + 1619/32,no,"This is a bounded computational sample. It does not prove atomicity, unique factorization, IDF behavior, or any infinite mathematical property."
1671/32,52.21875000,decomposable,3/2 + 1623/32,no,"This is a bounded computational sample. It does not prove atomicity, unique factorization, IDF behavior, or any infinite mathematical property."
1673/32,52.28125000,decomposable,3/2 + 1625/32,no,"This is a bounded computational sample. It does not prove atomicity, unique factorization, IDF behavior, or any infinite mathematical property."
1675/32,52.34375000,decomposable,3/2 + 1627/32,no,"This is a bounded computational sample. It does not prove atomicity, unique factorization, IDF behavior, or any infinite mathematical property."
1677/32,52.40625000,decomposable,3/2 + 1629/32,no,"This is a bounded computational sample. It does not prove atomicity, unique factorization, IDF behavior, or any infinite mathematical property."
1679/32,52.46875000,decomposable,3/2 + 1631/32,no,"This is a bounded computational sample. It does not prove atomicity, unique factorization, IDF behavior, or any infinite mathematical property."
1681/32,52.53125000,decomposable,3/2 + 1633/32,no,"This is a bounded computational sample. It does not prove atomicity, unique factorization, IDF behavior, or any infinite mathematical property."
1683/32,52.59375000,decomposable,3/2 + 1635/32,no,"This is a bounded computational sample. It does not prove atomicity, unique factorization, IDF behavior, or any infinite mathematical property."
1687/32,52.71875000,decomposable,3/2 + 1639/32,no,"This is a bounded computational sample. It does not prove atomicity, unique factorization, IDF behavior, or any infinite mathematical property."
1689/32,52.78125000,decomposable,3/2 + 1641/32,no,"This is a bounded computational sample. It does not prove atomicity, unique factorization, IDF behavior, or any infinite mathematical property."
1691/32,52.84375000,decomposable,3/2 + 1643/32,no,"This is a bounded computational sample. It does not prove atomicity, unique factorization, IDF behavior, or any infinite mathematical property."
1693/32,52.90625000,decomposable,3/2 + 1645/32,no,"This is a bounded computational sample. It does not prove atomicity, unique factorization, IDF behavior, or any infinite mathematical property."
1695/32,52.96875000,decomposable,3/2 + 1647/32,no,"This is a bounded computational sample. It does not prove atomicity, unique factorization, IDF behavior, or any infinite mathematical property."
1697/32,53.03125000,decomposable,3/2 + 1649/32,no,"This is a bounded computational sample. It does not prove atomicity, unique factorization, IDF behavior, or any infinite mathematical property."
1699/32,53.09375000,decomposable,3/2 + 1651/32,no,"This is a bounded computational sample. It does not prove atomicity, unique factorization, IDF behavior, or any infinite mathematical property."
1703/32,53.21875000,decomposable,3/2 + 1655/32,no,"This is a bounded computational sample. It does not prove atomicity, unique factorization, IDF behavior, or any infinite mathematical property."
1705/32,53.28125000,decomposable,3/2 + 1657/32,no,"This is a bounded computational sample. It does not prove atomicity, unique factorization, IDF behavior, or any infinite mathematical property."
1707/32,53.34375000,decomposable,3/2 + 1659/32,no,"This is a bounded computational sample. It does not prove atomicity, unique factorization, IDF behavior, or any infinite mathematical property."
1711/32,53.46875000,decomposable,3/2 + 1663/32,no,"This is a bounded computational sample. It does not prove atomicity, unique factorization, IDF behavior, or any infinite mathematical property."
1713/32,53.53125000,decomposable,3/2 + 1665/32,no,"This is a bounded computational sample. It does not prove atomicity, unique factorization, IDF behavior, or any infinite mathematical property."
1715/32,53.59375000,decomposable,3/2 + 1667/32,no,"This is a bounded computational sample. It does not prove atomicity, unique factorization, IDF behavior, or any infinite mathematical property."
1719/32,53.71875000,decomposable,3/2 + 1671/32,no,"This is a bounded computational sample. It does not prove atomicity, unique factorization, IDF behavior, or any infinite mathematical property."
1721/32,53.78125000,decomposable,3/2 + 1673/32,no,"This is a bounded computational sample. It does not prove atomicity, unique factorization, IDF behavior, or any infinite mathematical property."
1723/32,53.84375000,decomposable,3/2 + 1675/32,no,"This is a bounded computational sample. It does not prove atomicity, unique factorization, IDF behavior, or any infinite mathematical property."
1725/32,53.90625000,decomposable,3/2 + 1677/32,no,"This is a bounded computational sample. It does not prove atomicity, unique factorization, IDF behavior, or any infinite mathematical property."
1727/32,53.96875000,decomposable,3/2 + 1679/32,no,"This is a bounded computational sample. It does not prove atomicity, unique factorization, IDF behavior, or any infinite mathematical property."
1729/32,54.03125000,decomposable,3/2 + 1681/32,no,"This is a bounded computational sample. It does not prove atomicity, unique factorization, IDF behavior, or any infinite mathematical property."
1731/32,54.09375000,decomposable,3/2 + 1683/32,no,"This is a bounded computational sample. It does not prove atomicity, unique factorization, IDF behavior, or any infinite mathematical property."
1735/32,54.21875000,decomposable,3/2 + 1687/32,no,"This is a bounded computational sample. It does not prove atomicity, unique factorization, IDF behavior, or any infinite mathematical property."
1737/32,54.28125000,decomposable,3/2 + 1689/32,no,"This is a bounded computational sample. It does not prove atomicity, unique factorization, IDF behavior, or any infinite mathematical property."
1739/32,54.34375000,decomposable,3/2 + 1691/32,no,"This is a bounded computational sample. It does not prove atomicity, unique factorization, IDF behavior, or any infinite mathematical property."
1743/32,54.46875000,decomposable,3/2 + 1695/32,no,"This is a bounded computational sample. It does not prove atomicity, unique factorization, IDF behavior, or any infinite mathematical property."
1747/32,54.59375000,decomposable,3/2 + 1699/32,no,"This is a bounded computational sample. It does not prove atomicity, unique factorization, IDF behavior, or any infinite mathematical property."
1751/32,54.71875000,decomposable,3/2 + 1703/32,no,"This is a bounded computational sample. It does not prove atomicity, unique factorization, IDF behavior, or any infinite mathematical property."
1753/32,54.78125000,decomposable,3/2 + 1705/32,no,"This is a bounded computational sample. It does not prove atomicity, unique factorization, IDF behavior, or any infinite mathematical property."
1755/32,54.84375000,decomposable,3/2 + 1707/32,no,"This is a bounded computational sample. It does not prove atomicity, unique factorization, IDF behavior, or any infinite mathematical property."
1759/32,54.96875000,decomposable,3/2 + 1711/32,no,"This is a bounded computational sample. It does not prove atomicity, unique factorization, IDF behavior, or any infinite mathematical property."
1761/32,55.03125000,decomposable,3/2 + 1713/32,no,"This is a bounded computational sample. It does not prove atomicity, unique factorization, IDF behavior, or any infinite mathematical property."
1763/32,55.09375000,decomposable,3/2 + 1715/32,no,"This is a bounded computational sample. It does not prove atomicity, unique factorization, IDF behavior, or any infinite mathematical property."
1767/32,55.21875000,decomposable,3/2 + 1719/32,no,"This is a bounded computational sample. It does not prove atomicity, unique factorization, IDF behavior, or any infinite mathematical property."
1769/32,55.28125000,decomposable,3/2 + 1721/32,no,"This is a bounded computational sample. It does not prove atomicity, unique factorization, IDF behavior, or any infinite mathematical property."
1771/32,55.34375000,decomposable,3/2 + 1723/32,no,"This is a bounded computational sample. It does not prove atomicity, unique factorization, IDF behavior, or any infinite mathematical property."
1775/32,55.46875000,decomposable,3/2 + 1727/32,no,"This is a bounded computational sample. It does not prove atomicity, unique factorization, IDF behavior, or any infinite mathematical property."
1779/32,55.59375000,decomposable,3/2 + 1731/32,no,"This is a bounded computational sample. It does not prove atomicity, unique factorization, IDF behavior, or any infinite mathematical property."
1783/32,55.71875000,decomposable,3/2 + 1735/32,no,"This is a bounded computational sample. It does not prove atomicity, unique factorization, IDF behavior, or any infinite mathematical property."
1785/32,55.78125000,decomposable,3/2 + 1737/32,no,"This is a bounded computational sample. It does not prove atomicity, unique factorization, IDF behavior, or any infinite mathematical property."
1787/32,55.84375000,decomposable,3/2 + 1739/32,no,"This is a bounded computational sample. It does not prove atomicity, unique factorization, IDF behavior, or any infinite mathematical property."
1791/32,55.96875000,decomposable,3/2 + 1743/32,no,"This is a bounded computational sample. It does not prove atomicity, unique factorization, IDF behavior, or any infinite mathematical property."
1795/32,56.09375000,decomposable,3/2 + 1747/32,no,"This is a bounded computational sample. It does not prove atomicity, unique factorization, IDF behavior, or any infinite mathematical property."
1801/32,56.28125000,decomposable,3/2 + 1753/32,no,"This is a bounded computational sample. It does not prove atomicity, unique factorization, IDF behavior, or any infinite mathematical property."
1803/32,56.34375000,decomposable,3/2 + 1755/32,no,"This is a bounded computational sample. It does not prove atomicity, unique factorization, IDF behavior, or any infinite mathematical property."
1807/32,56.46875000,decomposable,3/2 + 1759/32,no,"This is a bounded computational sample. It does not prove atomicity, unique factorization, IDF behavior, or any infinite mathematical property."
1811/32,56.59375000,decomposable,3/2 + 1763/32,no,"This is a bounded computational sample. It does not prove atomicity, unique factorization, IDF behavior, or any infinite mathematical property."
1815/32,56.71875000,decomposable,3/2 + 1767/32,no,"This is a bounded computational sample. It does not prove atomicity, unique factorization, IDF behavior, or any infinite mathematical property."
1819/32,56.84375000,decomposable,3/2 + 1771/32,no,"This is a bounded computational sample. It does not prove atomicity, unique factorization, IDF behavior, or any infinite mathematical property."
1823/32,56.96875000,decomposable,3/2 + 1775/32,no,"This is a bounded computational sample. It does not prove atomicity, unique factorization, IDF behavior, or any infinite mathematical property."
1827/32,57.09375000,decomposable,3/2 + 1779/32,no,"This is a bounded computational sample. It does not prove atomicity, unique factorization, IDF behavior, or any infinite mathematical property."
1833/32,57.28125000,decomposable,3/2 + 1785/32,no,"This is a bounded computational sample. It does not prove atomicity, unique factorization, IDF behavior, or any infinite mathematical property."
1835/32,57.34375000,decomposable,3/2 + 1787/32,no,"This is a bounded computational sample. It does not prove atomicity, unique factorization, IDF behavior, or any infinite mathematical property."
1839/32,57.46875000,decomposable,3/2 + 1791/32,no,"This is a bounded computational sample. It does not prove atomicity, unique factorization, IDF behavior, or any infinite mathematical property."
1843/32,57.59375000,decomposable,3/2 + 1795/32,no,"This is a bounded computational sample. It does not prove atomicity, unique factorization, IDF behavior, or any infinite mathematical property."
1851/32,57.84375000,decomposable,3/2 + 1803/32,no,"This is a bounded computational sample. It does not prove atomicity, unique factorization, IDF behavior, or any infinite mathematical property."
1855/32,57.96875000,decomposable,3/2 + 1807/32,no,"This is a bounded computational sample. It does not prove atomicity, unique factorization, IDF behavior, or any infinite mathematical property."
1859/32,58.09375000,decomposable,3/2 + 1811/32,no,"This is a bounded computational sample. It does not prove atomicity, unique factorization, IDF behavior, or any infinite mathematical property."
1867/32,58.34375000,decomposable,3/2 + 1819/32,no,"This is a bounded computational sample. It does not prove atomicity, unique factorization, IDF behavior, or any infinite mathematical property."
1875/32,58.59375000,decomposable,3/2 + 1827/32,no,"This is a bounded computational sample. It does not prove atomicity, unique factorization, IDF behavior, or any infinite mathematical property."
1883/32,58.84375000,decomposable,3/2 + 1835/32,no,"This is a bounded computational sample. It does not prove atomicity, unique factorization, IDF behavior, or any infinite mathematical property."
1887/32,58.96875000,decomposable,3/2 + 1839/32,no,"This is a bounded computational sample. It does not prove atomicity, unique factorization, IDF behavior, or any infinite mathematical property."
1891/32,59.09375000,decomposable,3/2 + 1843/32,no,"This is a bounded computational sample. It does not prove atomicity, unique factorization, IDF behavior, or any infinite mathematical property."
1899/32,59.34375000,decomposable,3/2 + 1851/32,no,"This is a bounded computational sample. It does not prove atomicity, unique factorization, IDF behavior, or any infinite mathematical property."
1915/32,59.84375000,decomposable,3/2 + 1867/32,no,"This is a bounded computational sample. It does not prove atomicity, unique factorization, IDF behavior, or any infinite mathematical property."
1923/32,60.09375000,decomposable,3/2 + 1875/32,no,"This is a bounded computational sample. It does not prove atomicity, unique factorization, IDF behavior, or any infinite mathematical property."
1931/32,60.34375000,decomposable,3/2 + 1883/32,no,"This is a bounded computational sample. It does not prove atomicity, unique factorization, IDF behavior, or any infinite mathematical property."
1947/32,60.84375000,decomposable,3/2 + 1899/32,no,"This is a bounded computational sample. It does not prove atomicity, unique factorization, IDF behavior, or any infinite mathematical property."
1963/32,61.34375000,decomposable,3/2 + 1915/32,no,"This is a bounded computational sample. It does not prove atomicity, unique factorization, IDF behavior, or any infinite mathematical property."
1995/32,62.34375000,decomposable,3/2 + 1947/32,no,"This is a bounded computational sample. It does not prove atomicity, unique factorization, IDF behavior, or any infinite mathematical property."
