element,decimal_approx,numerator,denominator,support_primes,valuation_vector,selected_primes
1,1.00000000,1,1,[],"[0, 0, 0, 0, 0, 0, 0, 0]","[2, 3, 5, 7, 11, 13, 17, 19]"
2,2.00000000,2,1,[2],"[1, 0, 0, 0, 0, 0, 0, 0]","[2, 3, 5, 7, 11, 13, 17, 19]"
3,3.00000000,3,1,[3],"[0, 1, 0, 0, 0, 0, 0, 0]","[2, 3, 5, 7, 11, 13, 17, 19]"
4/3,1.33333333,4,3,"[2, 3]","[2, -1, 0, 0, 0, 0, 0, 0]","[2, 3, 5, 7, 11, 13, 17, 19]"
4/9,0.44444444,4,9,"[2, 3]","[2, -2, 0, 0, 0, 0, 0, 0]","[2, 3, 5, 7, 11, 13, 17, 19]"
7/3,2.33333333,7,3,"[3, 7]","[0, -1, 0, 1, 0, 0, 0, 0]","[2, 3, 5, 7, 11, 13, 17, 19]"
8/9,0.88888889,8,9,"[2, 3]","[3, -2, 0, 0, 0, 0, 0, 0]","[2, 3, 5, 7, 11, 13, 17, 19]"
10/3,3.33333333,10,3,"[2, 3, 5]","[1, -1, 1, 0, 0, 0, 0, 0]","[2, 3, 5, 7, 11, 13, 17, 19]"
13/3,4.33333333,13,3,"[3, 13]","[0, -1, 0, 0, 0, 1, 0, 0]","[2, 3, 5, 7, 11, 13, 17, 19]"
13/9,1.44444444,13,9,"[3, 13]","[0, -2, 0, 0, 0, 1, 0, 0]","[2, 3, 5, 7, 11, 13, 17, 19]"
16/27,0.59259259,16,27,"[2, 3]","[4, -3, 0, 0, 0, 0, 0, 0]","[2, 3, 5, 7, 11, 13, 17, 19]"
16/81,0.19753086,16,81,"[2, 3]","[4, -4, 0, 0, 0, 0, 0, 0]","[2, 3, 5, 7, 11, 13, 17, 19]"
17/9,1.88888889,17,9,"[3, 17]","[0, -2, 0, 0, 0, 0, 1, 0]","[2, 3, 5, 7, 11, 13, 17, 19]"
22/9,2.44444444,22,9,"[2, 3, 11]","[1, -2, 0, 0, 1, 0, 0, 0]","[2, 3, 5, 7, 11, 13, 17, 19]"
26/9,2.88888889,26,9,"[2, 3, 13]","[1, -2, 0, 0, 0, 1, 0, 0]","[2, 3, 5, 7, 11, 13, 17, 19]"
28/27,1.03703704,28,27,"[2, 3, 7]","[2, -3, 0, 1, 0, 0, 0, 0]","[2, 3, 5, 7, 11, 13, 17, 19]"
31/9,3.44444444,31,9,"[3, 31]","[0, -2, 0, 0, 0, 0, 0, 0]","[2, 3, 5, 7, 11, 13, 17, 19]"
32/81,0.39506173,32,81,"[2, 3]","[5, -4, 0, 0, 0, 0, 0, 0]","[2, 3, 5, 7, 11, 13, 17, 19]"
35/9,3.88888889,35,9,"[3, 5, 7]","[0, -2, 1, 1, 0, 0, 0, 0]","[2, 3, 5, 7, 11, 13, 17, 19]"
40/27,1.48148148,40,27,"[2, 3, 5]","[3, -3, 1, 0, 0, 0, 0, 0]","[2, 3, 5, 7, 11, 13, 17, 19]"
43/27,1.59259259,43,27,"[3, 43]","[0, -3, 0, 0, 0, 0, 0, 0]","[2, 3, 5, 7, 11, 13, 17, 19]"
52/27,1.92592593,52,27,"[2, 3, 13]","[2, -3, 0, 0, 0, 1, 0, 0]","[2, 3, 5, 7, 11, 13, 17, 19]"
52/81,0.64197531,52,81,"[2, 3, 13]","[2, -4, 0, 0, 0, 1, 0, 0]","[2, 3, 5, 7, 11, 13, 17, 19]"
55/27,2.03703704,55,27,"[3, 5, 11]","[0, -3, 1, 0, 1, 0, 0, 0]","[2, 3, 5, 7, 11, 13, 17, 19]"
64/243,0.26337449,64,243,"[2, 3]","[6, -5, 0, 0, 0, 0, 0, 0]","[2, 3, 5, 7, 11, 13, 17, 19]"
64/729,0.08779150,64,729,"[2, 3]","[6, -6, 0, 0, 0, 0, 0, 0]","[2, 3, 5, 7, 11, 13, 17, 19]"
67/27,2.48148148,67,27,"[3, 67]","[0, -3, 0, 0, 0, 0, 0, 0]","[2, 3, 5, 7, 11, 13, 17, 19]"
68/81,0.83950617,68,81,"[2, 3, 17]","[2, -4, 0, 0, 0, 0, 1, 0]","[2, 3, 5, 7, 11, 13, 17, 19]"
70/27,2.59259259,70,27,"[2, 3, 5, 7]","[1, -3, 1, 1, 0, 0, 0, 0]","[2, 3, 5, 7, 11, 13, 17, 19]"
79/27,2.92592593,79,27,"[3, 79]","[0, -3, 0, 0, 0, 0, 0, 0]","[2, 3, 5, 7, 11, 13, 17, 19]"
82/27,3.03703704,82,27,"[2, 3, 41]","[1, -3, 0, 0, 0, 0, 0, 0]","[2, 3, 5, 7, 11, 13, 17, 19]"
88/81,1.08641975,88,81,"[2, 3, 11]","[3, -4, 0, 0, 1, 0, 0, 0]","[2, 3, 5, 7, 11, 13, 17, 19]"
94/27,3.48148148,94,27,"[2, 3, 47]","[1, -3, 0, 0, 0, 0, 0, 0]","[2, 3, 5, 7, 11, 13, 17, 19]"
97/27,3.59259259,97,27,"[3, 97]","[0, -3, 0, 0, 0, 0, 0, 0]","[2, 3, 5, 7, 11, 13, 17, 19]"
97/81,1.19753086,97,81,"[3, 97]","[0, -4, 0, 0, 0, 0, 0, 0]","[2, 3, 5, 7, 11, 13, 17, 19]"
104/81,1.28395062,104,81,"[2, 3, 13]","[3, -4, 0, 0, 0, 1, 0, 0]","[2, 3, 5, 7, 11, 13, 17, 19]"
106/27,3.92592593,106,27,"[2, 3, 53]","[1, -3, 0, 0, 0, 0, 0, 0]","[2, 3, 5, 7, 11, 13, 17, 19]"
109/27,4.03703704,109,27,"[3, 109]","[0, -3, 0, 0, 0, 0, 0, 0]","[2, 3, 5, 7, 11, 13, 17, 19]"
112/243,0.46090535,112,243,"[2, 3, 7]","[4, -5, 0, 1, 0, 0, 0, 0]","[2, 3, 5, 7, 11, 13, 17, 19]"
113/81,1.39506173,113,81,"[3, 113]","[0, -4, 0, 0, 0, 0, 0, 0]","[2, 3, 5, 7, 11, 13, 17, 19]"
121/27,4.48148148,121,27,"[3, 11]","[0, -3, 0, 0, 2, 0, 0, 0]","[2, 3, 5, 7, 11, 13, 17, 19]"
124/81,1.53086420,124,81,"[2, 3, 31]","[2, -4, 0, 0, 0, 0, 0, 0]","[2, 3, 5, 7, 11, 13, 17, 19]"
128/729,0.17558299,128,729,"[2, 3]","[7, -6, 0, 0, 0, 0, 0, 0]","[2, 3, 5, 7, 11, 13, 17, 19]"
133/27,4.92592593,133,27,"[3, 7, 19]","[0, -3, 0, 1, 0, 0, 0, 1]","[2, 3, 5, 7, 11, 13, 17, 19]"
133/81,1.64197531,133,81,"[3, 7, 19]","[0, -4, 0, 1, 0, 0, 0, 1]","[2, 3, 5, 7, 11, 13, 17, 19]"
140/81,1.72839506,140,81,"[2, 3, 5, 7]","[2, -4, 1, 1, 0, 0, 0, 0]","[2, 3, 5, 7, 11, 13, 17, 19]"
149/81,1.83950617,149,81,"[3, 149]","[0, -4, 0, 0, 0, 0, 0, 0]","[2, 3, 5, 7, 11, 13, 17, 19]"
160/243,0.65843621,160,243,"[2, 3, 5]","[5, -5, 1, 0, 0, 0, 0, 0]","[2, 3, 5, 7, 11, 13, 17, 19]"
169/81,2.08641975,169,81,"[3, 13]","[0, -4, 0, 0, 0, 2, 0, 0]","[2, 3, 5, 7, 11, 13, 17, 19]"
172/243,0.70781893,172,243,"[2, 3, 43]","[2, -5, 0, 0, 0, 0, 0, 0]","[2, 3, 5, 7, 11, 13, 17, 19]"
178/81,2.19753086,178,81,"[2, 3, 89]","[1, -4, 0, 0, 0, 0, 0, 0]","[2, 3, 5, 7, 11, 13, 17, 19]"
185/81,2.28395062,185,81,"[3, 5, 37]","[0, -4, 1, 0, 0, 0, 0, 0]","[2, 3, 5, 7, 11, 13, 17, 19]"
194/81,2.39506173,194,81,"[2, 3, 97]","[1, -4, 0, 0, 0, 0, 0, 0]","[2, 3, 5, 7, 11, 13, 17, 19]"
205/81,2.53086420,205,81,"[3, 5, 41]","[0, -4, 1, 0, 0, 0, 0, 0]","[2, 3, 5, 7, 11, 13, 17, 19]"
208/243,0.85596708,208,243,"[2, 3, 13]","[4, -5, 0, 0, 0, 1, 0, 0]","[2, 3, 5, 7, 11, 13, 17, 19]"
208/729,0.28532236,208,729,"[2, 3, 13]","[4, -6, 0, 0, 0, 1, 0, 0]","[2, 3, 5, 7, 11, 13, 17, 19]"
214/81,2.64197531,214,81,"[2, 3, 107]","[1, -4, 0, 0, 0, 0, 0, 0]","[2, 3, 5, 7, 11, 13, 17, 19]"
220/243,0.90534979,220,243,"[2, 3, 5, 11]","[2, -5, 1, 0, 1, 0, 0, 0]","[2, 3, 5, 7, 11, 13, 17, 19]"
221/81,2.72839506,221,81,"[3, 13, 17]","[0, -4, 0, 0, 0, 1, 1, 0]","[2, 3, 5, 7, 11, 13, 17, 19]"
230/81,2.83950617,230,81,"[2, 3, 5, 23]","[1, -4, 1, 0, 0, 0, 0, 0]","[2, 3, 5, 7, 11, 13, 17, 19]"
250/81,3.08641975,250,81,"[2, 3, 5]","[1, -4, 3, 0, 0, 0, 0, 0]","[2, 3, 5, 7, 11, 13, 17, 19]"
256/2187,0.11705533,256,2187,"[2, 3]","[8, -7, 0, 0, 0, 0, 0, 0]","[2, 3, 5, 7, 11, 13, 17, 19]"
256/6561,0.03901844,256,6561,"[2, 3]","[8, -8, 0, 0, 0, 0, 0, 0]","[2, 3, 5, 7, 11, 13, 17, 19]"
259/81,3.19753086,259,81,"[3, 7, 37]","[0, -4, 0, 1, 0, 0, 0, 0]","[2, 3, 5, 7, 11, 13, 17, 19]"
266/81,3.28395062,266,81,"[2, 3, 7, 19]","[1, -4, 0, 1, 0, 0, 0, 1]","[2, 3, 5, 7, 11, 13, 17, 19]"
268/243,1.10288066,268,243,"[2, 3, 67]","[2, -5, 0, 0, 0, 0, 0, 0]","[2, 3, 5, 7, 11, 13, 17, 19]"
272/729,0.37311385,272,729,"[2, 3, 17]","[4, -6, 0, 0, 0, 0, 1, 0]","[2, 3, 5, 7, 11, 13, 17, 19]"
275/81,3.39506173,275,81,"[3, 5, 11]","[0, -4, 2, 0, 1, 0, 0, 0]","[2, 3, 5, 7, 11, 13, 17, 19]"
280/243,1.15226337,280,243,"[2, 3, 5, 7]","[3, -5, 1, 1, 0, 0, 0, 0]","[2, 3, 5, 7, 11, 13, 17, 19]"
286/81,3.53086420,286,81,"[2, 3, 11, 13]","[1, -4, 0, 0, 1, 1, 0, 0]","[2, 3, 5, 7, 11, 13, 17, 19]"
295/81,3.64197531,295,81,"[3, 5, 59]","[0, -4, 1, 0, 0, 0, 0, 0]","[2, 3, 5, 7, 11, 13, 17, 19]"
302/81,3.72839506,302,81,"[2, 3, 151]","[1, -4, 0, 0, 0, 0, 0, 0]","[2, 3, 5, 7, 11, 13, 17, 19]"
307/243,1.26337449,307,243,"[3, 307]","[0, -5, 0, 0, 0, 0, 0, 0]","[2, 3, 5, 7, 11, 13, 17, 19]"
311/81,3.83950617,311,81,"[3, 311]","[0, -4, 0, 0, 0, 0, 0, 0]","[2, 3, 5, 7, 11, 13, 17, 19]"
316/243,1.30041152,316,243,"[2, 3, 79]","[2, -5, 0, 0, 0, 0, 0, 0]","[2, 3, 5, 7, 11, 13, 17, 19]"
328/243,1.34979424,328,243,"[2, 3, 41]","[3, -5, 0, 0, 0, 0, 0, 0]","[2, 3, 5, 7, 11, 13, 17, 19]"
331/81,4.08641975,331,81,"[3, 331]","[0, -4, 0, 0, 0, 0, 0, 0]","[2, 3, 5, 7, 11, 13, 17, 19]"
347/81,4.28395062,347,81,"[3, 347]","[0, -4, 0, 0, 0, 0, 0, 0]","[2, 3, 5, 7, 11, 13, 17, 19]"
352/729,0.48285322,352,729,"[2, 3, 11]","[5, -6, 0, 0, 1, 0, 0, 0]","[2, 3, 5, 7, 11, 13, 17, 19]"
355/243,1.46090535,355,243,"[3, 5, 71]","[0, -5, 1, 0, 0, 0, 0, 0]","[2, 3, 5, 7, 11, 13, 17, 19]"
367/81,4.53086420,367,81,"[3, 367]","[0, -4, 0, 0, 0, 0, 0, 0]","[2, 3, 5, 7, 11, 13, 17, 19]"
376/243,1.54732510,376,243,"[2, 3, 47]","[3, -5, 0, 0, 0, 0, 0, 0]","[2, 3, 5, 7, 11, 13, 17, 19]"
383/81,4.72839506,383,81,"[3, 383]","[0, -4, 0, 0, 0, 0, 0, 0]","[2, 3, 5, 7, 11, 13, 17, 19]"
388/243,1.59670782,388,243,"[2, 3, 97]","[2, -5, 0, 0, 0, 0, 0, 0]","[2, 3, 5, 7, 11, 13, 17, 19]"
388/729,0.53223594,388,729,"[2, 3, 97]","[2, -6, 0, 0, 0, 0, 0, 0]","[2, 3, 5, 7, 11, 13, 17, 19]"
403/243,1.65843621,403,243,"[3, 13, 31]","[0, -5, 0, 0, 0, 1, 0, 0]","[2, 3, 5, 7, 11, 13, 17, 19]"
415/243,1.70781893,415,243,"[3, 5, 83]","[0, -5, 1, 0, 0, 0, 0, 0]","[2, 3, 5, 7, 11, 13, 17, 19]"
416/729,0.57064472,416,729,"[2, 3, 13]","[5, -6, 0, 0, 0, 1, 0, 0]","[2, 3, 5, 7, 11, 13, 17, 19]"
424/243,1.74485597,424,243,"[2, 3, 53]","[3, -5, 0, 0, 0, 0, 0, 0]","[2, 3, 5, 7, 11, 13, 17, 19]"
436/243,1.79423868,436,243,"[2, 3, 109]","[2, -5, 0, 0, 0, 0, 0, 0]","[2, 3, 5, 7, 11, 13, 17, 19]"
448/2187,0.20484682,448,2187,"[2, 3, 7]","[6, -7, 0, 1, 0, 0, 0, 0]","[2, 3, 5, 7, 11, 13, 17, 19]"
451/243,1.85596708,451,243,"[3, 11, 41]","[0, -5, 0, 0, 1, 0, 0, 0]","[2, 3, 5, 7, 11, 13, 17, 19]"
452/729,0.62002743,452,729,"[2, 3, 113]","[2, -6, 0, 0, 0, 0, 0, 0]","[2, 3, 5, 7, 11, 13, 17, 19]"
463/243,1.90534979,463,243,"[3, 463]","[0, -5, 0, 0, 0, 0, 0, 0]","[2, 3, 5, 7, 11, 13, 17, 19]"
484/243,1.99176955,484,243,"[2, 3, 11]","[2, -5, 0, 0, 2, 0, 0, 0]","[2, 3, 5, 7, 11, 13, 17, 19]"
496/729,0.68038409,496,729,"[2, 3, 31]","[4, -6, 0, 0, 0, 0, 0, 0]","[2, 3, 5, 7, 11, 13, 17, 19]"
511/243,2.10288066,511,243,"[3, 7, 73]","[0, -5, 0, 1, 0, 0, 0, 0]","[2, 3, 5, 7, 11, 13, 17, 19]"
512/6561,0.07803688,512,6561,"[2, 3]","[9, -8, 0, 0, 0, 0, 0, 0]","[2, 3, 5, 7, 11, 13, 17, 19]"
523/243,2.15226337,523,243,"[3, 523]","[0, -5, 0, 0, 0, 0, 0, 0]","[2, 3, 5, 7, 11, 13, 17, 19]"
532/243,2.18930041,532,243,"[2, 3, 7, 19]","[2, -5, 0, 1, 0, 0, 0, 1]","[2, 3, 5, 7, 11, 13, 17, 19]"
532/729,0.72976680,532,729,"[2, 3, 7, 19]","[2, -6, 0, 1, 0, 0, 0, 1]","[2, 3, 5, 7, 11, 13, 17, 19]"
550/243,2.26337449,550,243,"[2, 3, 5, 11]","[1, -5, 2, 0, 1, 0, 0, 0]","[2, 3, 5, 7, 11, 13, 17, 19]"
559/243,2.30041152,559,243,"[3, 13, 43]","[0, -5, 0, 0, 0, 1, 0, 0]","[2, 3, 5, 7, 11, 13, 17, 19]"
560/729,0.76817558,560,729,"[2, 3, 5, 7]","[4, -6, 1, 1, 0, 0, 0, 0]","[2, 3, 5, 7, 11, 13, 17, 19]"
571/243,2.34979424,571,243,"[3, 571]","[0, -5, 0, 0, 0, 0, 0, 0]","[2, 3, 5, 7, 11, 13, 17, 19]"
596/729,0.81755830,596,729,"[2, 3, 149]","[2, -6, 0, 0, 0, 0, 0, 0]","[2, 3, 5, 7, 11, 13, 17, 19]"
598/243,2.46090535,598,243,"[2, 3, 13, 23]","[1, -5, 0, 0, 0, 1, 0, 0]","[2, 3, 5, 7, 11, 13, 17, 19]"
619/243,2.54732510,619,243,"[3, 619]","[0, -5, 0, 0, 0, 0, 0, 0]","[2, 3, 5, 7, 11, 13, 17, 19]"
631/243,2.59670782,631,243,"[3, 631]","[0, -5, 0, 0, 0, 0, 0, 0]","[2, 3, 5, 7, 11, 13, 17, 19]"
640/2187,0.29263832,640,2187,"[2, 3, 5]","[7, -7, 1, 0, 0, 0, 0, 0]","[2, 3, 5, 7, 11, 13, 17, 19]"
646/243,2.65843621,646,243,"[2, 3, 17, 19]","[1, -5, 0, 0, 0, 0, 1, 1]","[2, 3, 5, 7, 11, 13, 17, 19]"
658/243,2.70781893,658,243,"[2, 3, 7, 47]","[1, -5, 0, 1, 0, 0, 0, 0]","[2, 3, 5, 7, 11, 13, 17, 19]"
667/243,2.74485597,667,243,"[3, 23, 29]","[0, -5, 0, 0, 0, 0, 0, 0]","[2, 3, 5, 7, 11, 13, 17, 19]"
676/729,0.92729767,676,729,"[2, 3, 13]","[2, -6, 0, 0, 0, 2, 0, 0]","[2, 3, 5, 7, 11, 13, 17, 19]"
679/243,2.79423868,679,243,"[3, 7, 97]","[0, -5, 0, 1, 0, 0, 0, 0]","[2, 3, 5, 7, 11, 13, 17, 19]"
688/2187,0.31458619,688,2187,"[2, 3, 43]","[4, -7, 0, 0, 0, 0, 0, 0]","[2, 3, 5, 7, 11, 13, 17, 19]"
694/243,2.85596708,694,243,"[2, 3, 347]","[1, -5, 0, 0, 0, 0, 0, 0]","[2, 3, 5, 7, 11, 13, 17, 19]"
706/243,2.90534979,706,243,"[2, 3, 353]","[1, -5, 0, 0, 0, 0, 0, 0]","[2, 3, 5, 7, 11, 13, 17, 19]"
712/729,0.97668038,712,729,"[2, 3, 89]","[3, -6, 0, 0, 0, 0, 0, 0]","[2, 3, 5, 7, 11, 13, 17, 19]"
727/243,2.99176955,727,243,"[3, 727]","[0, -5, 0, 0, 0, 0, 0, 0]","[2, 3, 5, 7, 11, 13, 17, 19]"
740/729,1.01508916,740,729,"[2, 3, 5, 37]","[2, -6, 1, 0, 0, 0, 0, 0]","[2, 3, 5, 7, 11, 13, 17, 19]"
754/243,3.10288066,754,243,"[2, 3, 13, 29]","[1, -5, 0, 0, 0, 1, 0, 0]","[2, 3, 5, 7, 11, 13, 17, 19]"
766/243,3.15226337,766,243,"[2, 3, 383]","[1, -5, 0, 0, 0, 0, 0, 0]","[2, 3, 5, 7, 11, 13, 17, 19]"
775/243,3.18930041,775,243,"[3, 5, 31]","[0, -5, 2, 0, 0, 0, 0, 0]","[2, 3, 5, 7, 11, 13, 17, 19]"
776/729,1.06447188,776,729,"[2, 3, 97]","[3, -6, 0, 0, 0, 0, 0, 0]","[2, 3, 5, 7, 11, 13, 17, 19]"
793/243,3.26337449,793,243,"[3, 13, 61]","[0, -5, 0, 0, 0, 1, 0, 0]","[2, 3, 5, 7, 11, 13, 17, 19]"
793/729,1.08779150,793,729,"[3, 13, 61]","[0, -6, 0, 0, 0, 1, 0, 0]","[2, 3, 5, 7, 11, 13, 17, 19]"
802/243,3.30041152,802,243,"[2, 3, 401]","[1, -5, 0, 0, 0, 0, 0, 0]","[2, 3, 5, 7, 11, 13, 17, 19]"
814/243,3.34979424,814,243,"[2, 3, 11, 37]","[1, -5, 0, 0, 1, 0, 0, 0]","[2, 3, 5, 7, 11, 13, 17, 19]"
820/729,1.12482853,820,729,"[2, 3, 5, 41]","[2, -6, 1, 0, 0, 0, 0, 0]","[2, 3, 5, 7, 11, 13, 17, 19]"
832/2187,0.38042981,832,2187,"[2, 3, 13]","[6, -7, 0, 0, 0, 1, 0, 0]","[2, 3, 5, 7, 11, 13, 17, 19]"
832/6561,0.12680994,832,6561,"[2, 3, 13]","[6, -8, 0, 0, 0, 1, 0, 0]","[2, 3, 5, 7, 11, 13, 17, 19]"
841/243,3.46090535,841,243,"[3, 29]","[0, -5, 0, 0, 0, 0, 0, 0]","[2, 3, 5, 7, 11, 13, 17, 19]"
856/729,1.17421125,856,729,"[2, 3, 107]","[3, -6, 0, 0, 0, 0, 0, 0]","[2, 3, 5, 7, 11, 13, 17, 19]"
857/729,1.17558299,857,729,"[3, 857]","[0, -6, 0, 0, 0, 0, 0, 0]","[2, 3, 5, 7, 11, 13, 17, 19]"
862/243,3.54732510,862,243,"[2, 3, 431]","[1, -5, 0, 0, 0, 0, 0, 0]","[2, 3, 5, 7, 11, 13, 17, 19]"
874/243,3.59670782,874,243,"[2, 3, 19, 23]","[1, -5, 0, 0, 0, 0, 0, 1]","[2, 3, 5, 7, 11, 13, 17, 19]"
880/2187,0.40237769,880,2187,"[2, 3, 5, 11]","[4, -7, 1, 0, 1, 0, 0, 0]","[2, 3, 5, 7, 11, 13, 17, 19]"
884/729,1.21262003,884,729,"[2, 3, 13, 17]","[2, -6, 0, 0, 0, 1, 1, 0]","[2, 3, 5, 7, 11, 13, 17, 19]"
889/243,3.65843621,889,243,"[3, 7, 127]","[0, -5, 0, 1, 0, 0, 0, 0]","[2, 3, 5, 7, 11, 13, 17, 19]"
901/243,3.70781893,901,243,"[3, 17, 53]","[0, -5, 0, 0, 0, 0, 1, 0]","[2, 3, 5, 7, 11, 13, 17, 19]"
910/243,3.74485597,910,243,"[2, 3, 5, 7, 13]","[1, -5, 1, 1, 0, 1, 0, 0]","[2, 3, 5, 7, 11, 13, 17, 19]"
920/729,1.26200274,920,729,"[2, 3, 5, 23]","[3, -6, 1, 0, 0, 0, 0, 0]","[2, 3, 5, 7, 11, 13, 17, 19]"
922/243,3.79423868,922,243,"[2, 3, 461]","[1, -5, 0, 0, 0, 0, 0, 0]","[2, 3, 5, 7, 11, 13, 17, 19]"
937/243,3.85596708,937,243,"[3, 937]","[0, -5, 0, 0, 0, 0, 0, 0]","[2, 3, 5, 7, 11, 13, 17, 19]"
937/729,1.28532236,937,729,"[3, 937]","[0, -6, 0, 0, 0, 0, 0, 0]","[2, 3, 5, 7, 11, 13, 17, 19]"
949/243,3.90534979,949,243,"[3, 13, 73]","[0, -5, 0, 0, 0, 1, 0, 0]","[2, 3, 5, 7, 11, 13, 17, 19]"
970/243,3.99176955,970,243,"[2, 3, 5, 97]","[1, -5, 1, 0, 0, 0, 0, 0]","[2, 3, 5, 7, 11, 13, 17, 19]"
997/243,4.10288066,997,243,"[3, 997]","[0, -5, 0, 0, 0, 0, 0, 0]","[2, 3, 5, 7, 11, 13, 17, 19]"
1000/729,1.37174211,1000,729,"[2, 3, 5]","[3, -6, 3, 0, 0, 0, 0, 0]","[2, 3, 5, 7, 11, 13, 17, 19]"
1001/729,1.37311385,1001,729,"[3, 7, 11, 13]","[0, -6, 0, 1, 1, 1, 0, 0]","[2, 3, 5, 7, 11, 13, 17, 19]"
1009/243,4.15226337,1009,243,"[3, 1009]","[0, -5, 0, 0, 0, 0, 0, 0]","[2, 3, 5, 7, 11, 13, 17, 19]"
1018/243,4.18930041,1018,243,"[2, 3, 509]","[1, -5, 0, 0, 0, 0, 0, 0]","[2, 3, 5, 7, 11, 13, 17, 19]"
1024/19683,0.05202459,1024,19683,"[2, 3]","[10, -9, 0, 0, 0, 0, 0, 0]","[2, 3, 5, 7, 11, 13, 17, 19]"
1024/59049,0.01734153,1024,59049,"[2, 3]","[10, -10, 0, 0, 0, 0, 0, 0]","[2, 3, 5, 7, 11, 13, 17, 19]"
1036/729,1.42112483,1036,729,"[2, 3, 7, 37]","[2, -6, 0, 1, 0, 0, 0, 0]","[2, 3, 5, 7, 11, 13, 17, 19]"
1045/243,4.30041152,1045,243,"[3, 5, 11, 19]","[0, -5, 1, 0, 1, 0, 0, 1]","[2, 3, 5, 7, 11, 13, 17, 19]"
1057/243,4.34979424,1057,243,"[3, 7, 151]","[0, -5, 0, 1, 0, 0, 0, 0]","[2, 3, 5, 7, 11, 13, 17, 19]"
1064/729,1.45953361,1064,729,"[2, 3, 7, 19]","[3, -6, 0, 1, 0, 0, 0, 1]","[2, 3, 5, 7, 11, 13, 17, 19]"
1072/2187,0.49016918,1072,2187,"[2, 3, 67]","[4, -7, 0, 0, 0, 0, 0, 0]","[2, 3, 5, 7, 11, 13, 17, 19]"
1081/729,1.48285322,1081,729,"[3, 23, 47]","[0, -6, 0, 0, 0, 0, 0, 0]","[2, 3, 5, 7, 11, 13, 17, 19]"
1088/6561,0.16582838,1088,6561,"[2, 3, 17]","[6, -8, 0, 0, 0, 0, 1, 0]","[2, 3, 5, 7, 11, 13, 17, 19]"
1100/729,1.50891632,1100,729,"[2, 3, 5, 11]","[2, -6, 2, 0, 1, 0, 0, 0]","[2, 3, 5, 7, 11, 13, 17, 19]"
1105/243,4.54732510,1105,243,"[3, 5, 13, 17]","[0, -5, 1, 0, 0, 1, 1, 0]","[2, 3, 5, 7, 11, 13, 17, 19]"
1117/243,4.59670782,1117,243,"[3, 1117]","[0, -5, 0, 0, 0, 0, 0, 0]","[2, 3, 5, 7, 11, 13, 17, 19]"
1117/729,1.53223594,1117,729,"[3, 1117]","[0, -6, 0, 0, 0, 0, 0, 0]","[2, 3, 5, 7, 11, 13, 17, 19]"
1120/2187,0.51211706,1120,2187,"[2, 3, 5, 7]","[5, -7, 1, 1, 0, 0, 0, 0]","[2, 3, 5, 7, 11, 13, 17, 19]"
1144/729,1.56927298,1144,729,"[2, 3, 11, 13]","[3, -6, 0, 0, 1, 1, 0, 0]","[2, 3, 5, 7, 11, 13, 17, 19]"
1145/729,1.57064472,1145,729,"[3, 5, 229]","[0, -6, 1, 0, 0, 0, 0, 0]","[2, 3, 5, 7, 11, 13, 17, 19]"
1153/243,4.74485597,1153,243,"[3, 1153]","[0, -5, 0, 0, 0, 0, 0, 0]","[2, 3, 5, 7, 11, 13, 17, 19]"
1165/243,4.79423868,1165,243,"[3, 5, 233]","[0, -5, 1, 0, 0, 0, 0, 0]","[2, 3, 5, 7, 11, 13, 17, 19]"
1180/729,1.61865569,1180,729,"[2, 3, 5, 59]","[2, -6, 1, 0, 0, 0, 0, 0]","[2, 3, 5, 7, 11, 13, 17, 19]"
1181/729,1.62002743,1181,729,"[3, 1181]","[0, -6, 0, 0, 0, 0, 0, 0]","[2, 3, 5, 7, 11, 13, 17, 19]"
1208/729,1.65706447,1208,729,"[2, 3, 151]","[3, -6, 0, 0, 0, 0, 0, 0]","[2, 3, 5, 7, 11, 13, 17, 19]"
1213/243,4.99176955,1213,243,"[3, 1213]","[0, -5, 0, 0, 0, 0, 0, 0]","[2, 3, 5, 7, 11, 13, 17, 19]"
1225/729,1.68038409,1225,729,"[3, 5, 7]","[0, -6, 2, 2, 0, 0, 0, 0]","[2, 3, 5, 7, 11, 13, 17, 19]"
1228/2187,0.56149977,1228,2187,"[2, 3, 307]","[2, -7, 0, 0, 0, 0, 0, 0]","[2, 3, 5, 7, 11, 13, 17, 19]"
1244/729,1.70644719,1244,729,"[2, 3, 311]","[2, -6, 0, 0, 0, 0, 0, 0]","[2, 3, 5, 7, 11, 13, 17, 19]"
1261/243,5.18930041,1261,243,"[3, 13, 97]","[0, -5, 0, 0, 0, 1, 0, 0]","[2, 3, 5, 7, 11, 13, 17, 19]"
1261/729,1.72976680,1261,729,"[3, 13, 97]","[0, -6, 0, 0, 0, 1, 0, 0]","[2, 3, 5, 7, 11, 13, 17, 19]"
1264/2187,0.57796068,1264,2187,"[2, 3, 79]","[4, -7, 0, 0, 0, 0, 0, 0]","[2, 3, 5, 7, 11, 13, 17, 19]"
1289/729,1.76817558,1289,729,"[3, 1289]","[0, -6, 0, 0, 0, 0, 0, 0]","[2, 3, 5, 7, 11, 13, 17, 19]"
1312/2187,0.59990855,1312,2187,"[2, 3, 41]","[5, -7, 0, 0, 0, 0, 0, 0]","[2, 3, 5, 7, 11, 13, 17, 19]"
1324/729,1.81618656,1324,729,"[2, 3, 331]","[2, -6, 0, 0, 0, 0, 0, 0]","[2, 3, 5, 7, 11, 13, 17, 19]"
1325/729,1.81755830,1325,729,"[3, 5, 53]","[0, -6, 2, 0, 0, 0, 0, 0]","[2, 3, 5, 7, 11, 13, 17, 19]"
1388/729,1.90397805,1388,729,"[2, 3, 347]","[2, -6, 0, 0, 0, 0, 0, 0]","[2, 3, 5, 7, 11, 13, 17, 19]"
1405/729,1.92729767,1405,729,"[3, 5, 281]","[0, -6, 1, 0, 0, 0, 0, 0]","[2, 3, 5, 7, 11, 13, 17, 19]"
1408/6561,0.21460143,1408,6561,"[2, 3, 11]","[7, -8, 0, 0, 1, 0, 0, 0]","[2, 3, 5, 7, 11, 13, 17, 19]"
1420/2187,0.64929127,1420,2187,"[2, 3, 5, 71]","[2, -7, 1, 0, 0, 0, 0, 0]","[2, 3, 5, 7, 11, 13, 17, 19]"
1441/729,1.97668038,1441,729,"[3, 11, 131]","[0, -6, 0, 0, 1, 0, 0, 0]","[2, 3, 5, 7, 11, 13, 17, 19]"
1468/729,2.01371742,1468,729,"[2, 3, 367]","[2, -6, 0, 0, 0, 0, 0, 0]","[2, 3, 5, 7, 11, 13, 17, 19]"
1469/729,2.01508916,1469,729,"[3, 13, 113]","[0, -6, 0, 0, 0, 1, 0, 0]","[2, 3, 5, 7, 11, 13, 17, 19]"
1504/2187,0.68770005,1504,2187,"[2, 3, 47]","[5, -7, 0, 0, 0, 0, 0, 0]","[2, 3, 5, 7, 11, 13, 17, 19]"
1505/729,2.06447188,1505,729,"[3, 5, 7, 43]","[0, -6, 1, 1, 0, 0, 0, 0]","[2, 3, 5, 7, 11, 13, 17, 19]"
1522/729,2.08779150,1522,729,"[2, 3, 761]","[1, -6, 0, 0, 0, 0, 0, 0]","[2, 3, 5, 7, 11, 13, 17, 19]"
1532/729,2.10150892,1532,729,"[2, 3, 383]","[2, -6, 0, 0, 0, 0, 0, 0]","[2, 3, 5, 7, 11, 13, 17, 19]"
1549/729,2.12482853,1549,729,"[3, 1549]","[0, -6, 0, 0, 0, 0, 0, 0]","[2, 3, 5, 7, 11, 13, 17, 19]"
1552/2187,0.70964792,1552,2187,"[2, 3, 97]","[4, -7, 0, 0, 0, 0, 0, 0]","[2, 3, 5, 7, 11, 13, 17, 19]"
1552/6561,0.23654931,1552,6561,"[2, 3, 97]","[4, -8, 0, 0, 0, 0, 0, 0]","[2, 3, 5, 7, 11, 13, 17, 19]"
1585/729,2.17421125,1585,729,"[3, 5, 317]","[0, -6, 1, 0, 0, 0, 0, 0]","[2, 3, 5, 7, 11, 13, 17, 19]"
1586/729,2.17558299,1586,729,"[2, 3, 13, 61]","[1, -6, 0, 0, 0, 1, 0, 0]","[2, 3, 5, 7, 11, 13, 17, 19]"
1612/2187,0.73708276,1612,2187,"[2, 3, 13, 31]","[2, -7, 0, 0, 0, 1, 0, 0]","[2, 3, 5, 7, 11, 13, 17, 19]"
1613/729,2.21262003,1613,729,"[3, 1613]","[0, -6, 0, 0, 0, 0, 0, 0]","[2, 3, 5, 7, 11, 13, 17, 19]"
1649/729,2.26200274,1649,729,"[3, 17, 97]","[0, -6, 0, 0, 0, 0, 1, 0]","[2, 3, 5, 7, 11, 13, 17, 19]"
1660/2187,0.75903064,1660,2187,"[2, 3, 5, 83]","[2, -7, 1, 0, 0, 0, 0, 0]","[2, 3, 5, 7, 11, 13, 17, 19]"
1664/6561,0.25361988,1664,6561,"[2, 3, 13]","[7, -8, 0, 0, 0, 1, 0, 0]","[2, 3, 5, 7, 11, 13, 17, 19]"
1666/729,2.28532236,1666,729,"[2, 3, 7, 17]","[1, -6, 0, 2, 0, 0, 1, 0]","[2, 3, 5, 7, 11, 13, 17, 19]"
1696/2187,0.77549154,1696,2187,"[2, 3, 53]","[5, -7, 0, 0, 0, 0, 0, 0]","[2, 3, 5, 7, 11, 13, 17, 19]"
1729/729,2.37174211,1729,729,"[3, 7, 13, 19]","[0, -6, 0, 1, 0, 1, 0, 1]","[2, 3, 5, 7, 11, 13, 17, 19]"
1730/729,2.37311385,1730,729,"[2, 3, 5, 173]","[1, -6, 1, 0, 0, 0, 0, 0]","[2, 3, 5, 7, 11, 13, 17, 19]"
1744/2187,0.79743941,1744,2187,"[2, 3, 109]","[4, -7, 0, 0, 0, 0, 0, 0]","[2, 3, 5, 7, 11, 13, 17, 19]"
1765/729,2.42112483,1765,729,"[3, 5, 353]","[0, -6, 1, 0, 0, 0, 0, 0]","[2, 3, 5, 7, 11, 13, 17, 19]"
1792/19683,0.09104303,1792,19683,"[2, 3, 7]","[8, -9, 0, 1, 0, 0, 0, 0]","[2, 3, 5, 7, 11, 13, 17, 19]"
1793/729,2.45953361,1793,729,"[3, 11, 163]","[0, -6, 0, 0, 1, 0, 0, 0]","[2, 3, 5, 7, 11, 13, 17, 19]"
1804/2187,0.82487426,1804,2187,"[2, 3, 11, 41]","[2, -7, 0, 0, 1, 0, 0, 0]","[2, 3, 5, 7, 11, 13, 17, 19]"
1808/6561,0.27556775,1808,6561,"[2, 3, 113]","[4, -8, 0, 0, 0, 0, 0, 0]","[2, 3, 5, 7, 11, 13, 17, 19]"
1810/729,2.48285322,1810,729,"[2, 3, 5, 181]","[1, -6, 1, 0, 0, 0, 0, 0]","[2, 3, 5, 7, 11, 13, 17, 19]"
1829/729,2.50891632,1829,729,"[3, 31, 59]","[0, -6, 0, 0, 0, 0, 0, 0]","[2, 3, 5, 7, 11, 13, 17, 19]"
1846/729,2.53223594,1846,729,"[2, 3, 13, 71]","[1, -6, 0, 0, 0, 1, 0, 0]","[2, 3, 5, 7, 11, 13, 17, 19]"
1852/2187,0.84682213,1852,2187,"[2, 3, 463]","[2, -7, 0, 0, 0, 0, 0, 0]","[2, 3, 5, 7, 11, 13, 17, 19]"
1873/729,2.56927298,1873,729,"[3, 1873]","[0, -6, 0, 0, 0, 0, 0, 0]","[2, 3, 5, 7, 11, 13, 17, 19]"
1874/729,2.57064472,1874,729,"[2, 3, 937]","[1, -6, 0, 0, 0, 0, 0, 0]","[2, 3, 5, 7, 11, 13, 17, 19]"
1909/729,2.61865569,1909,729,"[3, 23, 83]","[0, -6, 0, 0, 0, 0, 0, 0]","[2, 3, 5, 7, 11, 13, 17, 19]"
1910/729,2.62002743,1910,729,"[2, 3, 5, 191]","[1, -6, 1, 0, 0, 0, 0, 0]","[2, 3, 5, 7, 11, 13, 17, 19]"
1936/2187,0.88523091,1936,2187,"[2, 3, 11]","[4, -7, 0, 0, 2, 0, 0, 0]","[2, 3, 5, 7, 11, 13, 17, 19]"
1937/729,2.65706447,1937,729,"[3, 13, 149]","[0, -6, 0, 0, 0, 1, 0, 0]","[2, 3, 5, 7, 11, 13, 17, 19]"
1954/729,2.68038409,1954,729,"[2, 3, 977]","[1, -6, 0, 0, 0, 0, 0, 0]","[2, 3, 5, 7, 11, 13, 17, 19]"
1973/729,2.70644719,1973,729,"[3, 1973]","[0, -6, 0, 0, 0, 0, 0, 0]","[2, 3, 5, 7, 11, 13, 17, 19]"
1984/6561,0.30239293,1984,6561,"[2, 3, 31]","[6, -8, 0, 0, 0, 0, 0, 0]","[2, 3, 5, 7, 11, 13, 17, 19]"
1990/729,2.72976680,1990,729,"[2, 3, 5, 199]","[1, -6, 1, 0, 0, 0, 0, 0]","[2, 3, 5, 7, 11, 13, 17, 19]"
2018/729,2.76817558,2018,729,"[2, 3, 1009]","[1, -6, 0, 0, 0, 0, 0, 0]","[2, 3, 5, 7, 11, 13, 17, 19]"
2044/2187,0.93461363,2044,2187,"[2, 3, 7, 73]","[2, -7, 0, 1, 0, 0, 0, 0]","[2, 3, 5, 7, 11, 13, 17, 19]"
2048/59049,0.03468306,2048,59049,"[2, 3]","[11, -10, 0, 0, 0, 0, 0, 0]","[2, 3, 5, 7, 11, 13, 17, 19]"
2053/729,2.81618656,2053,729,"[3, 2053]","[0, -6, 0, 0, 0, 0, 0, 0]","[2, 3, 5, 7, 11, 13, 17, 19]"
2054/729,2.81755830,2054,729,"[2, 3, 13, 79]","[1, -6, 0, 0, 0, 1, 0, 0]","[2, 3, 5, 7, 11, 13, 17, 19]"
2092/2187,0.95656150,2092,2187,"[2, 3, 523]","[2, -7, 0, 0, 0, 0, 0, 0]","[2, 3, 5, 7, 11, 13, 17, 19]"
2117/729,2.90397805,2117,729,"[3, 29, 73]","[0, -6, 0, 0, 0, 0, 0, 0]","[2, 3, 5, 7, 11, 13, 17, 19]"
2128/2187,0.97302241,2128,2187,"[2, 3, 7, 19]","[4, -7, 0, 1, 0, 0, 0, 1]","[2, 3, 5, 7, 11, 13, 17, 19]"
2128/6561,0.32434080,2128,6561,"[2, 3, 7, 19]","[4, -8, 0, 1, 0, 0, 0, 1]","[2, 3, 5, 7, 11, 13, 17, 19]"
2134/729,2.92729767,2134,729,"[2, 3, 11, 97]","[1, -6, 0, 0, 1, 0, 0, 0]","[2, 3, 5, 7, 11, 13, 17, 19]"
2170/729,2.97668038,2170,729,"[2, 3, 5, 7, 31]","[1, -6, 1, 1, 0, 0, 0, 0]","[2, 3, 5, 7, 11, 13, 17, 19]"
2197/729,3.01371742,2197,729,"[3, 13]","[0, -6, 0, 0, 0, 3, 0, 0]","[2, 3, 5, 7, 11, 13, 17, 19]"
2198/729,3.01508916,2198,729,"[2, 3, 7, 157]","[1, -6, 0, 1, 0, 0, 0, 0]","[2, 3, 5, 7, 11, 13, 17, 19]"
2200/2187,1.00594422,2200,2187,"[2, 3, 5, 11]","[3, -7, 2, 0, 1, 0, 0, 0]","[2, 3, 5, 7, 11, 13, 17, 19]"
2234/729,3.06447188,2234,729,"[2, 3, 1117]","[1, -6, 0, 0, 0, 0, 0, 0]","[2, 3, 5, 7, 11, 13, 17, 19]"
2236/2187,1.02240512,2236,2187,"[2, 3, 13, 43]","[2, -7, 0, 0, 0, 1, 0, 0]","[2, 3, 5, 7, 11, 13, 17, 19]"
2240/6561,0.34141137,2240,6561,"[2, 3, 5, 7]","[6, -8, 1, 1, 0, 0, 0, 0]","[2, 3, 5, 7, 11, 13, 17, 19]"
2251/729,3.08779150,2251,729,"[3, 2251]","[0, -6, 0, 0, 0, 0, 0, 0]","[2, 3, 5, 7, 11, 13, 17, 19]"
2261/729,3.10150892,2261,729,"[3, 7, 17, 19]","[0, -6, 0, 1, 0, 0, 1, 1]","[2, 3, 5, 7, 11, 13, 17, 19]"
2278/729,3.12482853,2278,729,"[2, 3, 17, 67]","[1, -6, 0, 0, 0, 0, 1, 0]","[2, 3, 5, 7, 11, 13, 17, 19]"
2284/2187,1.04435299,2284,2187,"[2, 3, 571]","[2, -7, 0, 0, 0, 0, 0, 0]","[2, 3, 5, 7, 11, 13, 17, 19]"
2314/729,3.17421125,2314,729,"[2, 3, 13, 89]","[1, -6, 0, 0, 0, 1, 0, 0]","[2, 3, 5, 7, 11, 13, 17, 19]"
2315/729,3.17558299,2315,729,"[3, 5, 463]","[0, -6, 1, 0, 0, 0, 0, 0]","[2, 3, 5, 7, 11, 13, 17, 19]"
2342/729,3.21262003,2342,729,"[2, 3, 1171]","[1, -6, 0, 0, 0, 0, 0, 0]","[2, 3, 5, 7, 11, 13, 17, 19]"
2378/729,3.26200274,2378,729,"[2, 3, 29, 41]","[1, -6, 0, 0, 0, 0, 0, 0]","[2, 3, 5, 7, 11, 13, 17, 19]"
2384/6561,0.36335924,2384,6561,"[2, 3, 149]","[4, -8, 0, 0, 0, 0, 0, 0]","[2, 3, 5, 7, 11, 13, 17, 19]"
2392/2187,1.09373571,2392,2187,"[2, 3, 13, 23]","[3, -7, 0, 0, 0, 1, 0, 0]","[2, 3, 5, 7, 11, 13, 17, 19]"
2395/729,3.28532236,2395,729,"[3, 5, 479]","[0, -6, 1, 0, 0, 0, 0, 0]","[2, 3, 5, 7, 11, 13, 17, 19]"
2443/2187,1.11705533,2443,2187,"[3, 7, 349]","[0, -7, 0, 1, 0, 0, 0, 0]","[2, 3, 5, 7, 11, 13, 17, 19]"
2458/729,3.37174211,2458,729,"[2, 3, 1229]","[1, -6, 0, 0, 0, 0, 0, 0]","[2, 3, 5, 7, 11, 13, 17, 19]"
2459/729,3.37311385,2459,729,"[3, 2459]","[0, -6, 0, 0, 0, 0, 0, 0]","[2, 3, 5, 7, 11, 13, 17, 19]"
2476/2187,1.13214449,2476,2187,"[2, 3, 619]","[2, -7, 0, 0, 0, 0, 0, 0]","[2, 3, 5, 7, 11, 13, 17, 19]"
2494/729,3.42112483,2494,729,"[2, 3, 29, 43]","[1, -6, 0, 0, 0, 0, 0, 0]","[2, 3, 5, 7, 11, 13, 17, 19]"
2522/729,3.45953361,2522,729,"[2, 3, 13, 97]","[1, -6, 0, 0, 0, 1, 0, 0]","[2, 3, 5, 7, 11, 13, 17, 19]"
2524/2187,1.15409236,2524,2187,"[2, 3, 631]","[2, -7, 0, 0, 0, 0, 0, 0]","[2, 3, 5, 7, 11, 13, 17, 19]"
2539/729,3.48285322,2539,729,"[3, 2539]","[0, -6, 0, 0, 0, 0, 0, 0]","[2, 3, 5, 7, 11, 13, 17, 19]"
2558/729,3.50891632,2558,729,"[2, 3, 1279]","[1, -6, 0, 0, 0, 0, 0, 0]","[2, 3, 5, 7, 11, 13, 17, 19]"
2560/19683,0.13006147,2560,19683,"[2, 3, 5]","[9, -9, 1, 0, 0, 0, 0, 0]","[2, 3, 5, 7, 11, 13, 17, 19]"
2575/729,3.53223594,2575,729,"[3, 5, 103]","[0, -6, 2, 0, 0, 0, 0, 0]","[2, 3, 5, 7, 11, 13, 17, 19]"
2584/2187,1.18152721,2584,2187,"[2, 3, 17, 19]","[3, -7, 0, 0, 0, 0, 1, 1]","[2, 3, 5, 7, 11, 13, 17, 19]"
2602/729,3.56927298,2602,729,"[2, 3, 1301]","[1, -6, 0, 0, 0, 0, 0, 0]","[2, 3, 5, 7, 11, 13, 17, 19]"
2603/729,3.57064472,2603,729,"[3, 19, 137]","[0, -6, 0, 0, 0, 0, 0, 1]","[2, 3, 5, 7, 11, 13, 17, 19]"
2632/2187,1.20347508,2632,2187,"[2, 3, 7, 47]","[3, -7, 0, 1, 0, 0, 0, 0]","[2, 3, 5, 7, 11, 13, 17, 19]"
2635/2187,1.20484682,2635,2187,"[3, 5, 17, 31]","[0, -7, 1, 0, 0, 0, 1, 0]","[2, 3, 5, 7, 11, 13, 17, 19]"
2638/729,3.61865569,2638,729,"[2, 3, 1319]","[1, -6, 0, 0, 0, 0, 0, 0]","[2, 3, 5, 7, 11, 13, 17, 19]"
2639/729,3.62002743,2639,729,"[3, 7, 13, 29]","[0, -6, 0, 1, 0, 1, 0, 0]","[2, 3, 5, 7, 11, 13, 17, 19]"
2666/729,3.65706447,2666,729,"[2, 3, 31, 43]","[1, -6, 0, 0, 0, 0, 0, 0]","[2, 3, 5, 7, 11, 13, 17, 19]"
2668/2187,1.21993599,2668,2187,"[2, 3, 23, 29]","[2, -7, 0, 0, 0, 0, 0, 0]","[2, 3, 5, 7, 11, 13, 17, 19]"
2683/729,3.68038409,2683,729,"[3, 2683]","[0, -6, 0, 0, 0, 0, 0, 0]","[2, 3, 5, 7, 11, 13, 17, 19]"
2702/729,3.70644719,2702,729,"[2, 3, 7, 193]","[1, -6, 0, 1, 0, 0, 0, 0]","[2, 3, 5, 7, 11, 13, 17, 19]"
2704/6561,0.41213230,2704,6561,"[2, 3, 13]","[4, -8, 0, 0, 0, 2, 0, 0]","[2, 3, 5, 7, 11, 13, 17, 19]"
2716/2187,1.24188386,2716,2187,"[2, 3, 7, 97]","[2, -7, 0, 1, 0, 0, 0, 0]","[2, 3, 5, 7, 11, 13, 17, 19]"
2719/729,3.72976680,2719,729,"[3, 2719]","[0, -6, 0, 0, 0, 0, 0, 0]","[2, 3, 5, 7, 11, 13, 17, 19]"
2747/729,3.76817558,2747,729,"[3, 41, 67]","[0, -6, 0, 0, 0, 0, 0, 0]","[2, 3, 5, 7, 11, 13, 17, 19]"
2752/19683,0.13981608,2752,19683,"[2, 3, 43]","[6, -9, 0, 0, 0, 0, 0, 0]","[2, 3, 5, 7, 11, 13, 17, 19]"
2776/2187,1.26931870,2776,2187,"[2, 3, 347]","[3, -7, 0, 0, 0, 0, 0, 0]","[2, 3, 5, 7, 11, 13, 17, 19]"
2782/729,3.81618656,2782,729,"[2, 3, 13, 107]","[1, -6, 0, 0, 0, 1, 0, 0]","[2, 3, 5, 7, 11, 13, 17, 19]"
2783/729,3.81755830,2783,729,"[3, 11, 23]","[0, -6, 0, 0, 2, 0, 0, 0]","[2, 3, 5, 7, 11, 13, 17, 19]"
2824/2187,1.29126658,2824,2187,"[2, 3, 353]","[3, -7, 0, 0, 0, 0, 0, 0]","[2, 3, 5, 7, 11, 13, 17, 19]"
2827/2187,1.29263832,2827,2187,"[3, 11, 257]","[0, -7, 0, 0, 1, 0, 0, 0]","[2, 3, 5, 7, 11, 13, 17, 19]"
2846/729,3.90397805,2846,729,"[2, 3, 1423]","[1, -6, 0, 0, 0, 0, 0, 0]","[2, 3, 5, 7, 11, 13, 17, 19]"
2848/6561,0.43408017,2848,6561,"[2, 3, 89]","[5, -8, 0, 0, 0, 0, 0, 0]","[2, 3, 5, 7, 11, 13, 17, 19]"
2863/729,3.92729767,2863,729,"[3, 7, 409]","[0, -6, 0, 1, 0, 0, 0, 0]","[2, 3, 5, 7, 11, 13, 17, 19]"
2875/2187,1.31458619,2875,2187,"[3, 5, 23]","[0, -7, 3, 0, 0, 0, 0, 0]","[2, 3, 5, 7, 11, 13, 17, 19]"
2899/729,3.97668038,2899,729,"[3, 13, 223]","[0, -6, 0, 0, 0, 1, 0, 0]","[2, 3, 5, 7, 11, 13, 17, 19]"
2908/2187,1.32967535,2908,2187,"[2, 3, 727]","[2, -7, 0, 0, 0, 0, 0, 0]","[2, 3, 5, 7, 11, 13, 17, 19]"
2926/729,4.01371742,2926,729,"[2, 3, 7, 11, 19]","[1, -6, 0, 1, 1, 0, 0, 1]","[2, 3, 5, 7, 11, 13, 17, 19]"
2927/729,4.01508916,2927,729,"[3, 2927]","[0, -6, 0, 0, 0, 0, 0, 0]","[2, 3, 5, 7, 11, 13, 17, 19]"
2960/6561,0.45115074,2960,6561,"[2, 3, 5, 37]","[4, -8, 1, 0, 0, 0, 0, 0]","[2, 3, 5, 7, 11, 13, 17, 19]"
2963/729,4.06447188,2963,729,"[3, 2963]","[0, -6, 0, 0, 0, 0, 0, 0]","[2, 3, 5, 7, 11, 13, 17, 19]"
2990/729,4.10150892,2990,729,"[2, 3, 5, 13, 23]","[1, -6, 1, 0, 0, 1, 0, 0]","[2, 3, 5, 7, 11, 13, 17, 19]"
3007/729,4.12482853,3007,729,"[3, 31, 97]","[0, -6, 0, 0, 0, 0, 0, 0]","[2, 3, 5, 7, 11, 13, 17, 19]"
3016/2187,1.37905807,3016,2187,"[2, 3, 13, 29]","[3, -7, 0, 0, 0, 1, 0, 0]","[2, 3, 5, 7, 11, 13, 17, 19]"
3019/2187,1.38042981,3019,2187,"[3, 3019]","[0, -7, 0, 0, 0, 0, 0, 0]","[2, 3, 5, 7, 11, 13, 17, 19]"
3043/729,4.17421125,3043,729,"[3, 17, 179]","[0, -6, 0, 0, 0, 0, 1, 0]","[2, 3, 5, 7, 11, 13, 17, 19]"
3064/2187,1.40100594,3064,2187,"[2, 3, 383]","[3, -7, 0, 0, 0, 0, 0, 0]","[2, 3, 5, 7, 11, 13, 17, 19]"
3067/2187,1.40237769,3067,2187,"[3, 3067]","[0, -7, 0, 0, 0, 0, 0, 0]","[2, 3, 5, 7, 11, 13, 17, 19]"
3071/729,4.21262003,3071,729,"[3, 37, 83]","[0, -6, 0, 0, 0, 0, 0, 0]","[2, 3, 5, 7, 11, 13, 17, 19]"
3100/2187,1.41746685,3100,2187,"[2, 3, 5, 31]","[2, -7, 2, 0, 0, 0, 0, 0]","[2, 3, 5, 7, 11, 13, 17, 19]"
3104/6561,0.47309861,3104,6561,"[2, 3, 97]","[5, -8, 0, 0, 0, 0, 0, 0]","[2, 3, 5, 7, 11, 13, 17, 19]"
3107/729,4.26200274,3107,729,"[3, 13, 239]","[0, -6, 0, 0, 0, 1, 0, 0]","[2, 3, 5, 7, 11, 13, 17, 19]"
3172/2187,1.45038866,3172,2187,"[2, 3, 13, 61]","[2, -7, 0, 0, 0, 1, 0, 0]","[2, 3, 5, 7, 11, 13, 17, 19]"
3172/6561,0.48346289,3172,6561,"[2, 3, 13, 61]","[2, -8, 0, 0, 0, 1, 0, 0]","[2, 3, 5, 7, 11, 13, 17, 19]"
3187/729,4.37174211,3187,729,"[3, 3187]","[0, -6, 0, 0, 0, 0, 0, 0]","[2, 3, 5, 7, 11, 13, 17, 19]"
3208/2187,1.46684957,3208,2187,"[2, 3, 401]","[3, -7, 0, 0, 0, 0, 0, 0]","[2, 3, 5, 7, 11, 13, 17, 19]"
3223/729,4.42112483,3223,729,"[3, 11, 293]","[0, -6, 0, 0, 1, 0, 0, 0]","[2, 3, 5, 7, 11, 13, 17, 19]"
3251/729,4.45953361,3251,729,"[3, 3251]","[0, -6, 0, 0, 0, 0, 0, 0]","[2, 3, 5, 7, 11, 13, 17, 19]"
3256/2187,1.48879744,3256,2187,"[2, 3, 11, 37]","[3, -7, 0, 0, 1, 0, 0, 0]","[2, 3, 5, 7, 11, 13, 17, 19]"
3259/2187,1.49016918,3259,2187,"[3, 3259]","[0, -7, 0, 0, 0, 0, 0, 0]","[2, 3, 5, 7, 11, 13, 17, 19]"
3280/6561,0.49992379,3280,6561,"[2, 3, 5, 41]","[4, -8, 1, 0, 0, 0, 0, 0]","[2, 3, 5, 7, 11, 13, 17, 19]"
3287/729,4.50891632,3287,729,"[3, 19, 173]","[0, -6, 0, 0, 0, 0, 0, 1]","[2, 3, 5, 7, 11, 13, 17, 19]"
3307/2187,1.51211706,3307,2187,"[3, 3307]","[0, -7, 0, 0, 0, 0, 0, 0]","[2, 3, 5, 7, 11, 13, 17, 19]"
3328/19683,0.16907992,3328,19683,"[2, 3, 13]","[8, -9, 0, 0, 0, 1, 0, 0]","[2, 3, 5, 7, 11, 13, 17, 19]"
3328/59049,0.05635997,3328,59049,"[2, 3, 13]","[8, -10, 0, 0, 0, 1, 0, 0]","[2, 3, 5, 7, 11, 13, 17, 19]"
3331/729,4.56927298,3331,729,"[3, 3331]","[0, -6, 0, 0, 0, 0, 0, 0]","[2, 3, 5, 7, 11, 13, 17, 19]"
3364/2187,1.53818016,3364,2187,"[2, 3, 29]","[2, -7, 0, 0, 0, 0, 0, 0]","[2, 3, 5, 7, 11, 13, 17, 19]"
3367/729,4.61865569,3367,729,"[3, 7, 13, 37]","[0, -6, 0, 1, 0, 1, 0, 0]","[2, 3, 5, 7, 11, 13, 17, 19]"
3395/729,4.65706447,3395,729,"[3, 5, 7, 97]","[0, -6, 1, 1, 0, 0, 0, 0]","[2, 3, 5, 7, 11, 13, 17, 19]"
3415/2187,1.56149977,3415,2187,"[3, 5, 683]","[0, -7, 1, 0, 0, 0, 0, 0]","[2, 3, 5, 7, 11, 13, 17, 19]"
3424/6561,0.52187167,3424,6561,"[2, 3, 107]","[5, -8, 0, 0, 0, 0, 0, 0]","[2, 3, 5, 7, 11, 13, 17, 19]"
3428/6561,0.52248133,3428,6561,"[2, 3, 857]","[2, -8, 0, 0, 0, 0, 0, 0]","[2, 3, 5, 7, 11, 13, 17, 19]"
3431/729,4.70644719,3431,729,"[3, 47, 73]","[0, -6, 0, 0, 0, 0, 0, 0]","[2, 3, 5, 7, 11, 13, 17, 19]"
3448/2187,1.57658893,3448,2187,"[2, 3, 431]","[3, -7, 0, 0, 0, 0, 0, 0]","[2, 3, 5, 7, 11, 13, 17, 19]"
3451/2187,1.57796068,3451,2187,"[3, 7, 17, 29]","[0, -7, 0, 1, 0, 0, 1, 0]","[2, 3, 5, 7, 11, 13, 17, 19]"
3496/2187,1.59853681,3496,2187,"[2, 3, 19, 23]","[3, -7, 0, 0, 0, 0, 0, 1]","[2, 3, 5, 7, 11, 13, 17, 19]"
3499/2187,1.59990855,3499,2187,"[3, 3499]","[0, -7, 0, 0, 0, 0, 0, 0]","[2, 3, 5, 7, 11, 13, 17, 19]"
3511/729,4.81618656,3511,729,"[3, 3511]","[0, -6, 0, 0, 0, 0, 0, 0]","[2, 3, 5, 7, 11, 13, 17, 19]"
3520/19683,0.17883453,3520,19683,"[2, 3, 5, 11]","[6, -9, 1, 0, 1, 0, 0, 0]","[2, 3, 5, 7, 11, 13, 17, 19]"
3536/6561,0.53894223,3536,6561,"[2, 3, 13, 17]","[4, -8, 0, 0, 0, 1, 1, 0]","[2, 3, 5, 7, 11, 13, 17, 19]"
3556/2187,1.62597165,3556,2187,"[2, 3, 7, 127]","[2, -7, 0, 1, 0, 0, 0, 0]","[2, 3, 5, 7, 11, 13, 17, 19]"
3575/729,4.90397805,3575,729,"[3, 5, 11, 13]","[0, -6, 2, 0, 1, 1, 0, 0]","[2, 3, 5, 7, 11, 13, 17, 19]"
3604/2187,1.64791952,3604,2187,"[2, 3, 17, 53]","[2, -7, 0, 0, 0, 0, 1, 0]","[2, 3, 5, 7, 11, 13, 17, 19]"
3607/2187,1.64929127,3607,2187,"[3, 3607]","[0, -7, 0, 0, 0, 0, 0, 0]","[2, 3, 5, 7, 11, 13, 17, 19]"
3640/2187,1.66438043,3640,2187,"[2, 3, 5, 7, 13]","[3, -7, 1, 1, 0, 1, 0, 0]","[2, 3, 5, 7, 11, 13, 17, 19]"
3655/729,5.01371742,3655,729,"[3, 5, 17, 43]","[0, -6, 1, 0, 0, 0, 1, 0]","[2, 3, 5, 7, 11, 13, 17, 19]"
3680/6561,0.56089011,3680,6561,"[2, 3, 5, 23]","[5, -8, 1, 0, 0, 0, 0, 0]","[2, 3, 5, 7, 11, 13, 17, 19]"
3688/2187,1.68632830,3688,2187,"[2, 3, 461]","[3, -7, 0, 0, 0, 0, 0, 0]","[2, 3, 5, 7, 11, 13, 17, 19]"
3691/2187,1.68770005,3691,2187,"[3, 3691]","[0, -7, 0, 0, 0, 0, 0, 0]","[2, 3, 5, 7, 11, 13, 17, 19]"
3719/729,5.10150892,3719,729,"[3, 3719]","[0, -6, 0, 0, 0, 0, 0, 0]","[2, 3, 5, 7, 11, 13, 17, 19]"
3739/2187,1.70964792,3739,2187,"[3, 3739]","[0, -7, 0, 0, 0, 0, 0, 0]","[2, 3, 5, 7, 11, 13, 17, 19]"
3748/2187,1.71376315,3748,2187,"[2, 3, 937]","[2, -7, 0, 0, 0, 0, 0, 0]","[2, 3, 5, 7, 11, 13, 17, 19]"
3748/6561,0.57125438,3748,6561,"[2, 3, 937]","[2, -8, 0, 0, 0, 0, 0, 0]","[2, 3, 5, 7, 11, 13, 17, 19]"
3796/2187,1.73571102,3796,2187,"[2, 3, 13, 73]","[2, -7, 0, 0, 0, 1, 0, 0]","[2, 3, 5, 7, 11, 13, 17, 19]"
3799/2187,1.73708276,3799,2187,"[3, 29, 131]","[0, -7, 0, 0, 0, 0, 0, 0]","[2, 3, 5, 7, 11, 13, 17, 19]"
3847/2187,1.75903064,3847,2187,"[3, 3847]","[0, -7, 0, 0, 0, 0, 0, 0]","[2, 3, 5, 7, 11, 13, 17, 19]"
3880/2187,1.77411980,3880,2187,"[2, 3, 5, 97]","[3, -7, 1, 0, 0, 0, 0, 0]","[2, 3, 5, 7, 11, 13, 17, 19]"
3883/2187,1.77549154,3883,2187,"[3, 11, 353]","[0, -7, 0, 0, 1, 0, 0, 0]","[2, 3, 5, 7, 11, 13, 17, 19]"
3931/2187,1.79743941,3931,2187,"[3, 3931]","[0, -7, 0, 0, 0, 0, 0, 0]","[2, 3, 5, 7, 11, 13, 17, 19]"
3988/2187,1.82350251,3988,2187,"[2, 3, 997]","[2, -7, 0, 0, 0, 0, 0, 0]","[2, 3, 5, 7, 11, 13, 17, 19]"
3991/2187,1.82487426,3991,2187,"[3, 13, 307]","[0, -7, 0, 0, 0, 1, 0, 0]","[2, 3, 5, 7, 11, 13, 17, 19]"
4000/6561,0.60966316,4000,6561,"[2, 3, 5]","[5, -8, 3, 0, 0, 0, 0, 0]","[2, 3, 5, 7, 11, 13, 17, 19]"
4004/6561,0.61027282,4004,6561,"[2, 3, 7, 11, 13]","[2, -8, 0, 1, 1, 1, 0, 0]","[2, 3, 5, 7, 11, 13, 17, 19]"
4036/2187,1.84545039,4036,2187,"[2, 3, 1009]","[2, -7, 0, 0, 0, 0, 0, 0]","[2, 3, 5, 7, 11, 13, 17, 19]"
4039/2187,1.84682213,4039,2187,"[3, 7, 577]","[0, -7, 0, 1, 0, 0, 0, 0]","[2, 3, 5, 7, 11, 13, 17, 19]"
4072/2187,1.86191129,4072,2187,"[2, 3, 509]","[3, -7, 0, 0, 0, 0, 0, 0]","[2, 3, 5, 7, 11, 13, 17, 19]"
4123/2187,1.88523091,4123,2187,"[3, 7, 19, 31]","[0, -7, 0, 1, 0, 0, 0, 1]","[2, 3, 5, 7, 11, 13, 17, 19]"
4144/6561,0.63161103,4144,6561,"[2, 3, 7, 37]","[4, -8, 0, 1, 0, 0, 0, 0]","[2, 3, 5, 7, 11, 13, 17, 19]"
4180/2187,1.91129401,4180,2187,"[2, 3, 5, 11, 19]","[2, -7, 1, 0, 1, 0, 0, 1]","[2, 3, 5, 7, 11, 13, 17, 19]"
4228/2187,1.93324188,4228,2187,"[2, 3, 7, 151]","[2, -7, 0, 1, 0, 0, 0, 0]","[2, 3, 5, 7, 11, 13, 17, 19]"
4231/2187,1.93461363,4231,2187,"[3, 4231]","[0, -7, 0, 0, 0, 0, 0, 0]","[2, 3, 5, 7, 11, 13, 17, 19]"
4256/6561,0.64868160,4256,6561,"[2, 3, 7, 19]","[5, -8, 0, 1, 0, 0, 0, 1]","[2, 3, 5, 7, 11, 13, 17, 19]"
4279/2187,1.95656150,4279,2187,"[3, 11, 389]","[0, -7, 0, 0, 1, 0, 0, 0]","[2, 3, 5, 7, 11, 13, 17, 19]"
4288/19683,0.21785297,4288,19683,"[2, 3, 67]","[6, -9, 0, 0, 0, 0, 0, 0]","[2, 3, 5, 7, 11, 13, 17, 19]"
4315/2187,1.97302241,4315,2187,"[3, 5, 863]","[0, -7, 1, 0, 0, 0, 0, 0]","[2, 3, 5, 7, 11, 13, 17, 19]"
4324/6561,0.65904588,4324,6561,"[2, 3, 23, 47]","[2, -8, 0, 0, 0, 0, 0, 0]","[2, 3, 5, 7, 11, 13, 17, 19]"
4352/59049,0.07370150,4352,59049,"[2, 3, 17]","[8, -10, 0, 0, 0, 0, 1, 0]","[2, 3, 5, 7, 11, 13, 17, 19]"
4387/2187,2.00594422,4387,2187,"[3, 41, 107]","[0, -7, 0, 0, 0, 0, 0, 0]","[2, 3, 5, 7, 11, 13, 17, 19]"
4400/6561,0.67062948,4400,6561,"[2, 3, 5, 11]","[4, -8, 2, 0, 1, 0, 0, 0]","[2, 3, 5, 7, 11, 13, 17, 19]"
4420/2187,2.02103338,4420,2187,"[2, 3, 5, 13, 17]","[2, -7, 1, 0, 0, 1, 1, 0]","[2, 3, 5, 7, 11, 13, 17, 19]"
4423/2187,2.02240512,4423,2187,"[3, 4423]","[0, -7, 0, 0, 0, 0, 0, 0]","[2, 3, 5, 7, 11, 13, 17, 19]"
4468/2187,2.04298125,4468,2187,"[2, 3, 1117]","[2, -7, 0, 0, 0, 0, 0, 0]","[2, 3, 5, 7, 11, 13, 17, 19]"
4468/6561,0.68099375,4468,6561,"[2, 3, 1117]","[2, -8, 0, 0, 0, 0, 0, 0]","[2, 3, 5, 7, 11, 13, 17, 19]"
4471/2187,2.04435299,4471,2187,"[3, 17, 263]","[0, -7, 0, 0, 0, 0, 1, 0]","[2, 3, 5, 7, 11, 13, 17, 19]"
4480/19683,0.22760758,4480,19683,"[2, 3, 5, 7]","[7, -9, 1, 1, 0, 0, 0, 0]","[2, 3, 5, 7, 11, 13, 17, 19]"
4576/6561,0.69745466,4576,6561,"[2, 3, 11, 13]","[5, -8, 0, 0, 1, 1, 0, 0]","[2, 3, 5, 7, 11, 13, 17, 19]"
4579/2187,2.09373571,4579,2187,"[3, 19, 241]","[0, -7, 0, 0, 0, 0, 0, 1]","[2, 3, 5, 7, 11, 13, 17, 19]"
4580/6561,0.69806432,4580,6561,"[2, 3, 5, 229]","[2, -8, 1, 0, 0, 0, 0, 0]","[2, 3, 5, 7, 11, 13, 17, 19]"
4612/2187,2.10882487,4612,2187,"[2, 3, 1153]","[2, -7, 0, 0, 0, 0, 0, 0]","[2, 3, 5, 7, 11, 13, 17, 19]"
4630/2187,2.11705533,4630,2187,"[2, 3, 5, 463]","[1, -7, 1, 0, 0, 0, 0, 0]","[2, 3, 5, 7, 11, 13, 17, 19]"
4660/2187,2.13077275,4660,2187,"[2, 3, 5, 233]","[2, -7, 1, 0, 0, 0, 0, 0]","[2, 3, 5, 7, 11, 13, 17, 19]"
4663/2187,2.13214449,4663,2187,"[3, 4663]","[0, -7, 0, 0, 0, 0, 0, 0]","[2, 3, 5, 7, 11, 13, 17, 19]"
4711/2187,2.15409236,4711,2187,"[3, 7, 673]","[0, -7, 0, 1, 0, 0, 0, 0]","[2, 3, 5, 7, 11, 13, 17, 19]"
4720/6561,0.71940253,4720,6561,"[2, 3, 5, 59]","[4, -8, 1, 0, 0, 0, 0, 0]","[2, 3, 5, 7, 11, 13, 17, 19]"
4724/6561,0.72001219,4724,6561,"[2, 3, 1181]","[2, -8, 0, 0, 0, 0, 0, 0]","[2, 3, 5, 7, 11, 13, 17, 19]"
4771/2187,2.18152721,4771,2187,"[3, 13, 367]","[0, -7, 0, 0, 0, 1, 0, 0]","[2, 3, 5, 7, 11, 13, 17, 19]"
4819/2187,2.20347508,4819,2187,"[3, 61, 79]","[0, -7, 0, 0, 0, 0, 0, 0]","[2, 3, 5, 7, 11, 13, 17, 19]"
4822/2187,2.20484682,4822,2187,"[2, 3, 2411]","[1, -7, 0, 0, 0, 0, 0, 0]","[2, 3, 5, 7, 11, 13, 17, 19]"
4832/6561,0.73647310,4832,6561,"[2, 3, 151]","[5, -8, 0, 0, 0, 0, 0, 0]","[2, 3, 5, 7, 11, 13, 17, 19]"
4852/2187,2.21856424,4852,2187,"[2, 3, 1213]","[2, -7, 0, 0, 0, 0, 0, 0]","[2, 3, 5, 7, 11, 13, 17, 19]"
4855/2187,2.21993599,4855,2187,"[3, 5, 971]","[0, -7, 1, 0, 0, 0, 0, 0]","[2, 3, 5, 7, 11, 13, 17, 19]"
4900/6561,0.74683737,4900,6561,"[2, 3, 5, 7]","[2, -8, 2, 2, 0, 0, 0, 0]","[2, 3, 5, 7, 11, 13, 17, 19]"
4903/2187,2.24188386,4903,2187,"[3, 4903]","[0, -7, 0, 0, 0, 0, 0, 0]","[2, 3, 5, 7, 11, 13, 17, 19]"
4912/19683,0.24955545,4912,19683,"[2, 3, 307]","[4, -9, 0, 0, 0, 0, 0, 0]","[2, 3, 5, 7, 11, 13, 17, 19]"
4963/2187,2.26931870,4963,2187,"[3, 7, 709]","[0, -7, 0, 1, 0, 0, 0, 0]","[2, 3, 5, 7, 11, 13, 17, 19]"
4976/6561,0.75842097,4976,6561,"[2, 3, 311]","[4, -8, 0, 0, 0, 0, 0, 0]","[2, 3, 5, 7, 11, 13, 17, 19]"
5011/2187,2.29126658,5011,2187,"[3, 5011]","[0, -7, 0, 0, 0, 0, 0, 0]","[2, 3, 5, 7, 11, 13, 17, 19]"
5014/2187,2.29263832,5014,2187,"[2, 3, 23, 109]","[1, -7, 0, 0, 0, 0, 0, 0]","[2, 3, 5, 7, 11, 13, 17, 19]"
5044/2187,2.30635574,5044,2187,"[2, 3, 13, 97]","[2, -7, 0, 0, 0, 1, 0, 0]","[2, 3, 5, 7, 11, 13, 17, 19]"
5044/6561,0.76878525,5044,6561,"[2, 3, 13, 97]","[2, -8, 0, 0, 0, 1, 0, 0]","[2, 3, 5, 7, 11, 13, 17, 19]"
5056/19683,0.25687141,5056,19683,"[2, 3, 79]","[6, -9, 0, 0, 0, 0, 0, 0]","[2, 3, 5, 7, 11, 13, 17, 19]"
5062/2187,2.31458619,5062,2187,"[2, 3, 2531]","[1, -7, 0, 0, 0, 0, 0, 0]","[2, 3, 5, 7, 11, 13, 17, 19]"
5095/2187,2.32967535,5095,2187,"[3, 5, 1019]","[0, -7, 1, 0, 0, 0, 0, 0]","[2, 3, 5, 7, 11, 13, 17, 19]"
5156/6561,0.78585581,5156,6561,"[2, 3, 1289]","[2, -8, 0, 0, 0, 0, 0, 0]","[2, 3, 5, 7, 11, 13, 17, 19]"
5203/2187,2.37905807,5203,2187,"[3, 11, 43]","[0, -7, 0, 0, 2, 0, 0, 0]","[2, 3, 5, 7, 11, 13, 17, 19]"
5206/2187,2.38042981,5206,2187,"[2, 3, 19, 137]","[1, -7, 0, 0, 0, 0, 0, 1]","[2, 3, 5, 7, 11, 13, 17, 19]"
5248/19683,0.26662602,5248,19683,"[2, 3, 41]","[7, -9, 0, 0, 0, 0, 0, 0]","[2, 3, 5, 7, 11, 13, 17, 19]"
5251/2187,2.40100594,5251,2187,"[3, 59, 89]","[0, -7, 0, 0, 0, 0, 0, 0]","[2, 3, 5, 7, 11, 13, 17, 19]"
5254/2187,2.40237769,5254,2187,"[2, 3, 37, 71]","[1, -7, 0, 0, 0, 0, 0, 0]","[2, 3, 5, 7, 11, 13, 17, 19]"
5287/2187,2.41746685,5287,2187,"[3, 17, 311]","[0, -7, 0, 0, 0, 0, 1, 0]","[2, 3, 5, 7, 11, 13, 17, 19]"
5296/6561,0.80719403,5296,6561,"[2, 3, 331]","[4, -8, 0, 0, 0, 0, 0, 0]","[2, 3, 5, 7, 11, 13, 17, 19]"
5300/6561,0.80780369,5300,6561,"[2, 3, 5, 53]","[2, -8, 2, 0, 0, 0, 0, 0]","[2, 3, 5, 7, 11, 13, 17, 19]"
5359/2187,2.45038866,5359,2187,"[3, 23, 233]","[0, -7, 0, 0, 0, 0, 0, 0]","[2, 3, 5, 7, 11, 13, 17, 19]"
5395/2187,2.46684957,5395,2187,"[3, 5, 13, 83]","[0, -7, 1, 0, 0, 1, 0, 0]","[2, 3, 5, 7, 11, 13, 17, 19]"
5443/2187,2.48879744,5443,2187,"[3, 5443]","[0, -7, 0, 0, 0, 0, 0, 0]","[2, 3, 5, 7, 11, 13, 17, 19]"
5446/2187,2.49016918,5446,2187,"[2, 3, 7, 389]","[1, -7, 0, 1, 0, 0, 0, 0]","[2, 3, 5, 7, 11, 13, 17, 19]"
5494/2187,2.51211706,5494,2187,"[2, 3, 41, 67]","[1, -7, 0, 0, 0, 0, 0, 0]","[2, 3, 5, 7, 11, 13, 17, 19]"
5551/2187,2.53818016,5551,2187,"[3, 7, 13, 61]","[0, -7, 0, 1, 0, 1, 0, 0]","[2, 3, 5, 7, 11, 13, 17, 19]"
5552/6561,0.84621247,5552,6561,"[2, 3, 347]","[4, -8, 0, 0, 0, 0, 0, 0]","[2, 3, 5, 7, 11, 13, 17, 19]"
5602/2187,2.56149977,5602,2187,"[2, 3, 2801]","[1, -7, 0, 0, 0, 0, 0, 0]","[2, 3, 5, 7, 11, 13, 17, 19]"
5620/6561,0.85657674,5620,6561,"[2, 3, 5, 281]","[2, -8, 1, 0, 0, 0, 0, 0]","[2, 3, 5, 7, 11, 13, 17, 19]"
5632/59049,0.09537841,5632,59049,"[2, 3, 11]","[9, -10, 0, 0, 1, 0, 0, 0]","[2, 3, 5, 7, 11, 13, 17, 19]"
5635/2187,2.57658893,5635,2187,"[3, 5, 7, 23]","[0, -7, 1, 2, 0, 0, 0, 0]","[2, 3, 5, 7, 11, 13, 17, 19]"
5638/2187,2.57796068,5638,2187,"[2, 3, 2819]","[1, -7, 0, 0, 0, 0, 0, 0]","[2, 3, 5, 7, 11, 13, 17, 19]"
5680/19683,0.28857390,5680,19683,"[2, 3, 5, 71]","[4, -9, 1, 0, 0, 0, 0, 0]","[2, 3, 5, 7, 11, 13, 17, 19]"
5683/2187,2.59853681,5683,2187,"[3, 5683]","[0, -7, 0, 0, 0, 0, 0, 0]","[2, 3, 5, 7, 11, 13, 17, 19]"
5686/2187,2.59990855,5686,2187,"[2, 3, 2843]","[1, -7, 0, 0, 0, 0, 0, 0]","[2, 3, 5, 7, 11, 13, 17, 19]"
5743/2187,2.62597165,5743,2187,"[3, 5743]","[0, -7, 0, 0, 0, 0, 0, 0]","[2, 3, 5, 7, 11, 13, 17, 19]"
5764/6561,0.87852462,5764,6561,"[2, 3, 11, 131]","[2, -8, 0, 0, 1, 0, 0, 0]","[2, 3, 5, 7, 11, 13, 17, 19]"
5791/2187,2.64791952,5791,2187,"[3, 5791]","[0, -7, 0, 0, 0, 0, 0, 0]","[2, 3, 5, 7, 11, 13, 17, 19]"
5794/2187,2.64929127,5794,2187,"[2, 3, 2897]","[1, -7, 0, 0, 0, 0, 0, 0]","[2, 3, 5, 7, 11, 13, 17, 19]"
5827/2187,2.66438043,5827,2187,"[3, 5827]","[0, -7, 0, 0, 0, 0, 0, 0]","[2, 3, 5, 7, 11, 13, 17, 19]"
5872/6561,0.89498552,5872,6561,"[2, 3, 367]","[4, -8, 0, 0, 0, 0, 0, 0]","[2, 3, 5, 7, 11, 13, 17, 19]"
5875/2187,2.68632830,5875,2187,"[3, 5, 47]","[0, -7, 3, 0, 0, 0, 0, 0]","[2, 3, 5, 7, 11, 13, 17, 19]"
5876/6561,0.89559518,5876,6561,"[2, 3, 13, 113]","[2, -8, 0, 0, 0, 1, 0, 0]","[2, 3, 5, 7, 11, 13, 17, 19]"
5878/2187,2.68770005,5878,2187,"[2, 3, 2939]","[1, -7, 0, 0, 0, 0, 0, 0]","[2, 3, 5, 7, 11, 13, 17, 19]"
5926/2187,2.70964792,5926,2187,"[2, 3, 2963]","[1, -7, 0, 0, 0, 0, 0, 0]","[2, 3, 5, 7, 11, 13, 17, 19]"
5935/2187,2.71376315,5935,2187,"[3, 5, 1187]","[0, -7, 1, 0, 0, 0, 0, 0]","[2, 3, 5, 7, 11, 13, 17, 19]"
5983/2187,2.73571102,5983,2187,"[3, 31, 193]","[0, -7, 0, 0, 0, 0, 0, 0]","[2, 3, 5, 7, 11, 13, 17, 19]"
5986/2187,2.73708276,5986,2187,"[2, 3, 41, 73]","[1, -7, 0, 0, 0, 0, 0, 0]","[2, 3, 5, 7, 11, 13, 17, 19]"
6016/19683,0.30564446,6016,19683,"[2, 3, 47]","[7, -9, 0, 0, 0, 0, 0, 0]","[2, 3, 5, 7, 11, 13, 17, 19]"
6020/6561,0.91754306,6020,6561,"[2, 3, 5, 7, 43]","[2, -8, 1, 1, 0, 0, 0, 0]","[2, 3, 5, 7, 11, 13, 17, 19]"
6034/2187,2.75903064,6034,2187,"[2, 3, 7, 431]","[1, -7, 0, 1, 0, 0, 0, 0]","[2, 3, 5, 7, 11, 13, 17, 19]"
6067/2187,2.77411980,6067,2187,"[3, 6067]","[0, -7, 0, 0, 0, 0, 0, 0]","[2, 3, 5, 7, 11, 13, 17, 19]"
6070/2187,2.77549154,6070,2187,"[2, 3, 5, 607]","[1, -7, 1, 0, 0, 0, 0, 0]","[2, 3, 5, 7, 11, 13, 17, 19]"
6088/6561,0.92790733,6088,6561,"[2, 3, 761]","[3, -8, 0, 0, 0, 0, 0, 0]","[2, 3, 5, 7, 11, 13, 17, 19]"
6118/2187,2.79743941,6118,2187,"[2, 3, 7, 19, 23]","[1, -7, 0, 1, 0, 0, 0, 1]","[2, 3, 5, 7, 11, 13, 17, 19]"
6128/6561,0.93400396,6128,6561,"[2, 3, 383]","[4, -8, 0, 0, 0, 0, 0, 0]","[2, 3, 5, 7, 11, 13, 17, 19]"
6175/2187,2.82350251,6175,2187,"[3, 5, 13, 19]","[0, -7, 2, 0, 0, 1, 0, 1]","[2, 3, 5, 7, 11, 13, 17, 19]"
6178/2187,2.82487426,6178,2187,"[2, 3, 3089]","[1, -7, 0, 0, 0, 0, 0, 0]","[2, 3, 5, 7, 11, 13, 17, 19]"
6196/6561,0.94436824,6196,6561,"[2, 3, 1549]","[2, -8, 0, 0, 0, 0, 0, 0]","[2, 3, 5, 7, 11, 13, 17, 19]"
6208/19683,0.31539908,6208,19683,"[2, 3, 97]","[6, -9, 0, 0, 0, 0, 0, 0]","[2, 3, 5, 7, 11, 13, 17, 19]"
6208/59049,0.10513303,6208,59049,"[2, 3, 97]","[6, -10, 0, 0, 0, 0, 0, 0]","[2, 3, 5, 7, 11, 13, 17, 19]"
6223/2187,2.84545039,6223,2187,"[3, 7, 127]","[0, -7, 0, 2, 0, 0, 0, 0]","[2, 3, 5, 7, 11, 13, 17, 19]"
6226/2187,2.84682213,6226,2187,"[2, 3, 11, 283]","[1, -7, 0, 0, 1, 0, 0, 0]","[2, 3, 5, 7, 11, 13, 17, 19]"
6259/2187,2.86191129,6259,2187,"[3, 11, 569]","[0, -7, 0, 0, 1, 0, 0, 0]","[2, 3, 5, 7, 11, 13, 17, 19]"
6310/2187,2.88523091,6310,2187,"[2, 3, 5, 631]","[1, -7, 1, 0, 0, 0, 0, 0]","[2, 3, 5, 7, 11, 13, 17, 19]"
6340/6561,0.96631611,6340,6561,"[2, 3, 5, 317]","[2, -8, 1, 0, 0, 0, 0, 0]","[2, 3, 5, 7, 11, 13, 17, 19]"
6344/6561,0.96692577,6344,6561,"[2, 3, 13, 61]","[3, -8, 0, 0, 0, 1, 0, 0]","[2, 3, 5, 7, 11, 13, 17, 19]"
6367/2187,2.91129401,6367,2187,"[3, 6367]","[0, -7, 0, 0, 0, 0, 0, 0]","[2, 3, 5, 7, 11, 13, 17, 19]"
6415/2187,2.93324188,6415,2187,"[3, 5, 1283]","[0, -7, 1, 0, 0, 0, 0, 0]","[2, 3, 5, 7, 11, 13, 17, 19]"
6418/2187,2.93461363,6418,2187,"[2, 3, 3209]","[1, -7, 0, 0, 0, 0, 0, 0]","[2, 3, 5, 7, 11, 13, 17, 19]"
6448/19683,0.32759234,6448,19683,"[2, 3, 13, 31]","[4, -9, 0, 0, 0, 1, 0, 0]","[2, 3, 5, 7, 11, 13, 17, 19]"
6452/6561,0.98338668,6452,6561,"[2, 3, 1613]","[2, -8, 0, 0, 0, 0, 0, 0]","[2, 3, 5, 7, 11, 13, 17, 19]"
6466/2187,2.95656150,6466,2187,"[2, 3, 53, 61]","[1, -7, 0, 0, 0, 0, 0, 0]","[2, 3, 5, 7, 11, 13, 17, 19]"
6502/2187,2.97302241,6502,2187,"[2, 3, 3251]","[1, -7, 0, 0, 0, 0, 0, 0]","[2, 3, 5, 7, 11, 13, 17, 19]"
6574/2187,3.00594422,6574,2187,"[2, 3, 19, 173]","[1, -7, 0, 0, 0, 0, 0, 1]","[2, 3, 5, 7, 11, 13, 17, 19]"
6596/6561,1.00533455,6596,6561,"[2, 3, 17, 97]","[2, -8, 0, 0, 0, 0, 1, 0]","[2, 3, 5, 7, 11, 13, 17, 19]"
6607/2187,3.02103338,6607,2187,"[3, 6607]","[0, -7, 0, 0, 0, 0, 0, 0]","[2, 3, 5, 7, 11, 13, 17, 19]"
6610/2187,3.02240512,6610,2187,"[2, 3, 5, 661]","[1, -7, 1, 0, 0, 0, 0, 0]","[2, 3, 5, 7, 11, 13, 17, 19]"
6640/19683,0.33734695,6640,19683,"[2, 3, 5, 83]","[4, -9, 1, 0, 0, 0, 0, 0]","[2, 3, 5, 7, 11, 13, 17, 19]"
6655/2187,3.04298125,6655,2187,"[3, 5, 11]","[0, -7, 1, 0, 3, 0, 0, 0]","[2, 3, 5, 7, 11, 13, 17, 19]"
6656/59049,0.11271994,6656,59049,"[2, 3, 13]","[9, -10, 0, 0, 0, 1, 0, 0]","[2, 3, 5, 7, 11, 13, 17, 19]"
6658/2187,3.04435299,6658,2187,"[2, 3, 3329]","[1, -7, 0, 0, 0, 0, 0, 0]","[2, 3, 5, 7, 11, 13, 17, 19]"
6664/6561,1.01569883,6664,6561,"[2, 3, 7, 17]","[3, -8, 0, 2, 0, 0, 1, 0]","[2, 3, 5, 7, 11, 13, 17, 19]"
6766/2187,3.09373571,6766,2187,"[2, 3, 17, 199]","[1, -7, 0, 0, 0, 0, 1, 0]","[2, 3, 5, 7, 11, 13, 17, 19]"
6784/19683,0.34466291,6784,19683,"[2, 3, 53]","[7, -9, 0, 0, 0, 0, 0, 0]","[2, 3, 5, 7, 11, 13, 17, 19]"
6799/2187,3.10882487,6799,2187,"[3, 13, 523]","[0, -7, 0, 0, 0, 1, 0, 0]","[2, 3, 5, 7, 11, 13, 17, 19]"
6817/2187,3.11705533,6817,2187,"[3, 17, 401]","[0, -7, 0, 0, 0, 0, 1, 0]","[2, 3, 5, 7, 11, 13, 17, 19]"
6817/6561,1.03901844,6817,6561,"[3, 17, 401]","[0, -8, 0, 0, 0, 0, 1, 0]","[2, 3, 5, 7, 11, 13, 17, 19]"
6847/2187,3.13077275,6847,2187,"[3, 41, 167]","[0, -7, 0, 0, 0, 0, 0, 0]","[2, 3, 5, 7, 11, 13, 17, 19]"
6850/2187,3.13214449,6850,2187,"[2, 3, 5, 137]","[1, -7, 2, 0, 0, 0, 0, 0]","[2, 3, 5, 7, 11, 13, 17, 19]"
6898/2187,3.15409236,6898,2187,"[2, 3, 3449]","[1, -7, 0, 0, 0, 0, 0, 0]","[2, 3, 5, 7, 11, 13, 17, 19]"
6916/6561,1.05410761,6916,6561,"[2, 3, 7, 13, 19]","[2, -8, 0, 1, 0, 1, 0, 1]","[2, 3, 5, 7, 11, 13, 17, 19]"
6920/6561,1.05471727,6920,6561,"[2, 3, 5, 173]","[3, -8, 1, 0, 0, 0, 0, 0]","[2, 3, 5, 7, 11, 13, 17, 19]"
6958/2187,3.18152721,6958,2187,"[2, 3, 7, 71]","[1, -7, 0, 2, 0, 0, 0, 0]","[2, 3, 5, 7, 11, 13, 17, 19]"
6976/19683,0.35441752,6976,19683,"[2, 3, 109]","[6, -9, 0, 0, 0, 0, 0, 0]","[2, 3, 5, 7, 11, 13, 17, 19]"
7006/2187,3.20347508,7006,2187,"[2, 3, 31, 113]","[1, -7, 0, 0, 0, 0, 0, 0]","[2, 3, 5, 7, 11, 13, 17, 19]"
7009/2187,3.20484682,7009,2187,"[3, 43, 163]","[0, -7, 0, 0, 0, 0, 0, 0]","[2, 3, 5, 7, 11, 13, 17, 19]"
7039/2187,3.21856424,7039,2187,"[3, 7039]","[0, -7, 0, 0, 0, 0, 0, 0]","[2, 3, 5, 7, 11, 13, 17, 19]"
7042/2187,3.21993599,7042,2187,"[2, 3, 7, 503]","[1, -7, 0, 1, 0, 0, 0, 0]","[2, 3, 5, 7, 11, 13, 17, 19]"
7060/6561,1.07605548,7060,6561,"[2, 3, 5, 353]","[2, -8, 1, 0, 0, 0, 0, 0]","[2, 3, 5, 7, 11, 13, 17, 19]"
7073/6561,1.07803688,7073,6561,"[3, 11, 643]","[0, -8, 0, 0, 1, 0, 0, 0]","[2, 3, 5, 7, 11, 13, 17, 19]"
7090/2187,3.24188386,7090,2187,"[2, 3, 5, 709]","[1, -7, 1, 0, 0, 0, 0, 0]","[2, 3, 5, 7, 11, 13, 17, 19]"
7150/2187,3.26931870,7150,2187,"[2, 3, 5, 11, 13]","[1, -7, 2, 0, 1, 1, 0, 0]","[2, 3, 5, 7, 11, 13, 17, 19]"
7172/6561,1.09312605,7172,6561,"[2, 3, 11, 163]","[2, -8, 0, 0, 1, 0, 0, 0]","[2, 3, 5, 7, 11, 13, 17, 19]"
7198/2187,3.29126658,7198,2187,"[2, 3, 59, 61]","[1, -7, 0, 0, 0, 0, 0, 0]","[2, 3, 5, 7, 11, 13, 17, 19]"
7201/2187,3.29263832,7201,2187,"[3, 19, 379]","[0, -7, 0, 0, 0, 0, 0, 1]","[2, 3, 5, 7, 11, 13, 17, 19]"
7216/19683,0.36661078,7216,19683,"[2, 3, 11, 41]","[4, -9, 0, 0, 1, 0, 0, 0]","[2, 3, 5, 7, 11, 13, 17, 19]"
7231/2187,3.30635574,7231,2187,"[3, 7, 1033]","[0, -7, 0, 1, 0, 0, 0, 0]","[2, 3, 5, 7, 11, 13, 17, 19]"
7232/59049,0.12247456,7232,59049,"[2, 3, 113]","[6, -10, 0, 0, 0, 0, 0, 0]","[2, 3, 5, 7, 11, 13, 17, 19]"
7240/6561,1.10349032,7240,6561,"[2, 3, 5, 181]","[3, -8, 1, 0, 0, 0, 0, 0]","[2, 3, 5, 7, 11, 13, 17, 19]"
7249/2187,3.31458619,7249,2187,"[3, 11, 659]","[0, -7, 0, 0, 1, 0, 0, 0]","[2, 3, 5, 7, 11, 13, 17, 19]"
7282/2187,3.32967535,7282,2187,"[2, 3, 11, 331]","[1, -7, 0, 0, 1, 0, 0, 0]","[2, 3, 5, 7, 11, 13, 17, 19]"
7316/6561,1.11507392,7316,6561,"[2, 3, 31, 59]","[2, -8, 0, 0, 0, 0, 0, 0]","[2, 3, 5, 7, 11, 13, 17, 19]"
7384/6561,1.12543820,7384,6561,"[2, 3, 13, 71]","[3, -8, 0, 0, 0, 1, 0, 0]","[2, 3, 5, 7, 11, 13, 17, 19]"
7390/2187,3.37905807,7390,2187,"[2, 3, 5, 739]","[1, -7, 1, 0, 0, 0, 0, 0]","[2, 3, 5, 7, 11, 13, 17, 19]"
7393/2187,3.38042981,7393,2187,"[3, 7393]","[0, -7, 0, 0, 0, 0, 0, 0]","[2, 3, 5, 7, 11, 13, 17, 19]"
7393/6561,1.12680994,7393,6561,"[3, 7393]","[0, -8, 0, 0, 0, 0, 0, 0]","[2, 3, 5, 7, 11, 13, 17, 19]"
7408/19683,0.37636539,7408,19683,"[2, 3, 463]","[4, -9, 0, 0, 0, 0, 0, 0]","[2, 3, 5, 7, 11, 13, 17, 19]"
7438/2187,3.40100594,7438,2187,"[2, 3, 3719]","[1, -7, 0, 0, 0, 0, 0, 0]","[2, 3, 5, 7, 11, 13, 17, 19]"
7441/2187,3.40237769,7441,2187,"[3, 7, 1063]","[0, -7, 0, 1, 0, 0, 0, 0]","[2, 3, 5, 7, 11, 13, 17, 19]"
7474/2187,3.41746685,7474,2187,"[2, 3, 37, 101]","[1, -7, 0, 0, 0, 0, 0, 0]","[2, 3, 5, 7, 11, 13, 17, 19]"
7492/6561,1.14189910,7492,6561,"[2, 3, 1873]","[2, -8, 0, 0, 0, 0, 0, 0]","[2, 3, 5, 7, 11, 13, 17, 19]"
7496/6561,1.14250876,7496,6561,"[2, 3, 937]","[3, -8, 0, 0, 0, 0, 0, 0]","[2, 3, 5, 7, 11, 13, 17, 19]"
7546/2187,3.45038866,7546,2187,"[2, 3, 7, 11]","[1, -7, 0, 3, 1, 0, 0, 0]","[2, 3, 5, 7, 11, 13, 17, 19]"
7582/2187,3.46684957,7582,2187,"[2, 3, 17, 223]","[1, -7, 0, 0, 0, 0, 1, 0]","[2, 3, 5, 7, 11, 13, 17, 19]"
7630/2187,3.48879744,7630,2187,"[2, 3, 5, 7, 109]","[1, -7, 1, 1, 0, 0, 0, 0]","[2, 3, 5, 7, 11, 13, 17, 19]"
7633/2187,3.49016918,7633,2187,"[3, 17, 449]","[0, -7, 0, 0, 0, 0, 1, 0]","[2, 3, 5, 7, 11, 13, 17, 19]"
7636/6561,1.16384697,7636,6561,"[2, 3, 23, 83]","[2, -8, 0, 0, 0, 0, 0, 0]","[2, 3, 5, 7, 11, 13, 17, 19]"
7640/6561,1.16445664,7640,6561,"[2, 3, 5, 191]","[3, -8, 1, 0, 0, 0, 0, 0]","[2, 3, 5, 7, 11, 13, 17, 19]"
7649/6561,1.16582838,7649,6561,"[3, 7649]","[0, -8, 0, 0, 0, 0, 0, 0]","[2, 3, 5, 7, 11, 13, 17, 19]"
7681/2187,3.51211706,7681,2187,"[3, 7681]","[0, -7, 0, 0, 0, 0, 0, 0]","[2, 3, 5, 7, 11, 13, 17, 19]"
7738/2187,3.53818016,7738,2187,"[2, 3, 53, 73]","[1, -7, 0, 0, 0, 0, 0, 0]","[2, 3, 5, 7, 11, 13, 17, 19]"
7744/19683,0.39343596,7744,19683,"[2, 3, 11]","[6, -9, 0, 0, 2, 0, 0, 0]","[2, 3, 5, 7, 11, 13, 17, 19]"
7748/6561,1.18091754,7748,6561,"[2, 3, 13, 149]","[2, -8, 0, 0, 0, 1, 0, 0]","[2, 3, 5, 7, 11, 13, 17, 19]"
7789/2187,3.56149977,7789,2187,"[3, 7789]","[0, -7, 0, 0, 0, 0, 0, 0]","[2, 3, 5, 7, 11, 13, 17, 19]"
7816/6561,1.19128182,7816,6561,"[2, 3, 977]","[3, -8, 0, 0, 0, 0, 0, 0]","[2, 3, 5, 7, 11, 13, 17, 19]"
7822/2187,3.57658893,7822,2187,"[2, 3, 3911]","[1, -7, 0, 0, 0, 0, 0, 0]","[2, 3, 5, 7, 11, 13, 17, 19]"
7825/2187,3.57796068,7825,2187,"[3, 5, 313]","[0, -7, 2, 0, 0, 0, 0, 0]","[2, 3, 5, 7, 11, 13, 17, 19]"
7870/2187,3.59853681,7870,2187,"[2, 3, 5, 787]","[1, -7, 1, 0, 0, 0, 0, 0]","[2, 3, 5, 7, 11, 13, 17, 19]"
7873/2187,3.59990855,7873,2187,"[3, 7873]","[0, -7, 0, 0, 0, 0, 0, 0]","[2, 3, 5, 7, 11, 13, 17, 19]"
7892/6561,1.20286542,7892,6561,"[2, 3, 1973]","[2, -8, 0, 0, 0, 0, 0, 0]","[2, 3, 5, 7, 11, 13, 17, 19]"
7930/2187,3.62597165,7930,2187,"[2, 3, 5, 13, 61]","[1, -7, 1, 0, 0, 1, 0, 0]","[2, 3, 5, 7, 11, 13, 17, 19]"
7936/59049,0.13439686,7936,59049,"[2, 3, 31]","[8, -10, 0, 0, 0, 0, 0, 0]","[2, 3, 5, 7, 11, 13, 17, 19]"
7960/6561,1.21322969,7960,6561,"[2, 3, 5, 199]","[3, -8, 1, 0, 0, 0, 0, 0]","[2, 3, 5, 7, 11, 13, 17, 19]"
7969/6561,1.21460143,7969,6561,"[3, 13, 613]","[0, -8, 0, 0, 0, 1, 0, 0]","[2, 3, 5, 7, 11, 13, 17, 19]"
7978/2187,3.64791952,7978,2187,"[2, 3, 3989]","[1, -7, 0, 0, 0, 0, 0, 0]","[2, 3, 5, 7, 11, 13, 17, 19]"
7981/2187,3.64929127,7981,2187,"[3, 23, 347]","[0, -7, 0, 0, 0, 0, 0, 0]","[2, 3, 5, 7, 11, 13, 17, 19]"
8014/2187,3.66438043,8014,2187,"[2, 3, 4007]","[1, -7, 0, 0, 0, 0, 0, 0]","[2, 3, 5, 7, 11, 13, 17, 19]"
8062/2187,3.68632830,8062,2187,"[2, 3, 29, 139]","[1, -7, 0, 0, 0, 0, 0, 0]","[2, 3, 5, 7, 11, 13, 17, 19]"
8065/2187,3.68770005,8065,2187,"[3, 5, 1613]","[0, -7, 1, 0, 0, 0, 0, 0]","[2, 3, 5, 7, 11, 13, 17, 19]"
8072/6561,1.23030026,8072,6561,"[2, 3, 1009]","[3, -8, 0, 0, 0, 0, 0, 0]","[2, 3, 5, 7, 11, 13, 17, 19]"
8113/2187,3.70964792,8113,2187,"[3, 7, 19, 61]","[0, -7, 0, 1, 0, 0, 0, 1]","[2, 3, 5, 7, 11, 13, 17, 19]"
8113/6561,1.23654931,8113,6561,"[3, 7, 19, 61]","[0, -8, 0, 1, 0, 0, 0, 1]","[2, 3, 5, 7, 11, 13, 17, 19]"
8122/2187,3.71376315,8122,2187,"[2, 3, 31, 131]","[1, -7, 0, 0, 0, 0, 0, 0]","[2, 3, 5, 7, 11, 13, 17, 19]"
8170/2187,3.73571102,8170,2187,"[2, 3, 5, 19, 43]","[1, -7, 1, 0, 0, 0, 0, 1]","[2, 3, 5, 7, 11, 13, 17, 19]"
8173/2187,3.73708276,8173,2187,"[3, 11, 743]","[0, -7, 0, 0, 1, 0, 0, 0]","[2, 3, 5, 7, 11, 13, 17, 19]"
8176/19683,0.41538383,8176,19683,"[2, 3, 7, 73]","[4, -9, 0, 1, 0, 0, 0, 0]","[2, 3, 5, 7, 11, 13, 17, 19]"
8212/6561,1.25163847,8212,6561,"[2, 3, 2053]","[2, -8, 0, 0, 0, 0, 0, 0]","[2, 3, 5, 7, 11, 13, 17, 19]"
8216/6561,1.25224813,8216,6561,"[2, 3, 13, 79]","[3, -8, 0, 0, 0, 1, 0, 0]","[2, 3, 5, 7, 11, 13, 17, 19]"
8221/2187,3.75903064,8221,2187,"[3, 8221]","[0, -7, 0, 0, 0, 0, 0, 0]","[2, 3, 5, 7, 11, 13, 17, 19]"
8225/6561,1.25361988,8225,6561,"[3, 5, 7, 47]","[0, -8, 2, 1, 0, 0, 0, 0]","[2, 3, 5, 7, 11, 13, 17, 19]"
8254/2187,3.77411980,8254,2187,"[2, 3, 4127]","[1, -7, 0, 0, 0, 0, 0, 0]","[2, 3, 5, 7, 11, 13, 17, 19]"
8257/2187,3.77549154,8257,2187,"[3, 23, 359]","[0, -7, 0, 0, 0, 0, 0, 0]","[2, 3, 5, 7, 11, 13, 17, 19]"
8305/2187,3.79743941,8305,2187,"[3, 5, 11, 151]","[0, -7, 1, 0, 1, 0, 0, 0]","[2, 3, 5, 7, 11, 13, 17, 19]"
8362/2187,3.82350251,8362,2187,"[2, 3, 37, 113]","[1, -7, 0, 0, 0, 0, 0, 0]","[2, 3, 5, 7, 11, 13, 17, 19]"
8365/2187,3.82487426,8365,2187,"[3, 5, 7, 239]","[0, -7, 1, 1, 0, 0, 0, 0]","[2, 3, 5, 7, 11, 13, 17, 19]"
8368/19683,0.42513844,8368,19683,"[2, 3, 523]","[4, -9, 0, 0, 0, 0, 0, 0]","[2, 3, 5, 7, 11, 13, 17, 19]"
8369/6561,1.27556775,8369,6561,"[3, 8369]","[0, -8, 0, 0, 0, 0, 0, 0]","[2, 3, 5, 7, 11, 13, 17, 19]"
8410/2187,3.84545039,8410,2187,"[2, 3, 5, 29]","[1, -7, 1, 0, 0, 0, 0, 0]","[2, 3, 5, 7, 11, 13, 17, 19]"
8413/2187,3.84682213,8413,2187,"[3, 47, 179]","[0, -7, 0, 0, 0, 0, 0, 0]","[2, 3, 5, 7, 11, 13, 17, 19]"
8446/2187,3.86191129,8446,2187,"[2, 3, 41, 103]","[1, -7, 0, 0, 0, 0, 0, 0]","[2, 3, 5, 7, 11, 13, 17, 19]"
8468/6561,1.29065691,8468,6561,"[2, 3, 29, 73]","[2, -8, 0, 0, 0, 0, 0, 0]","[2, 3, 5, 7, 11, 13, 17, 19]"
8497/2187,3.88523091,8497,2187,"[3, 29, 293]","[0, -7, 0, 0, 0, 0, 0, 0]","[2, 3, 5, 7, 11, 13, 17, 19]"
8512/19683,0.43245440,8512,19683,"[2, 3, 7, 19]","[6, -9, 0, 1, 0, 0, 0, 1]","[2, 3, 5, 7, 11, 13, 17, 19]"
8512/59049,0.14415147,8512,59049,"[2, 3, 7, 19]","[6, -10, 0, 1, 0, 0, 0, 1]","[2, 3, 5, 7, 11, 13, 17, 19]"
8536/6561,1.30102119,8536,6561,"[2, 3, 11, 97]","[3, -8, 0, 0, 1, 0, 0, 0]","[2, 3, 5, 7, 11, 13, 17, 19]"
8545/6561,1.30239293,8545,6561,"[3, 5, 1709]","[0, -8, 1, 0, 0, 0, 0, 0]","[2, 3, 5, 7, 11, 13, 17, 19]"
8554/2187,3.91129401,8554,2187,"[2, 3, 7, 13, 47]","[1, -7, 0, 1, 0, 1, 0, 0]","[2, 3, 5, 7, 11, 13, 17, 19]"
8602/2187,3.93324188,8602,2187,"[2, 3, 11, 17, 23]","[1, -7, 0, 0, 1, 0, 1, 0]","[2, 3, 5, 7, 11, 13, 17, 19]"
8605/2187,3.93461363,8605,2187,"[3, 5, 1721]","[0, -7, 1, 0, 0, 0, 0, 0]","[2, 3, 5, 7, 11, 13, 17, 19]"
8653/2187,3.95656150,8653,2187,"[3, 17, 509]","[0, -7, 0, 0, 0, 0, 1, 0]","[2, 3, 5, 7, 11, 13, 17, 19]"
8680/6561,1.32296906,8680,6561,"[2, 3, 5, 7, 31]","[3, -8, 1, 1, 0, 0, 0, 0]","[2, 3, 5, 7, 11, 13, 17, 19]"
8689/2187,3.97302241,8689,2187,"[3, 8689]","[0, -7, 0, 0, 0, 0, 0, 0]","[2, 3, 5, 7, 11, 13, 17, 19]"
8689/6561,1.32434080,8689,6561,"[3, 8689]","[0, -8, 0, 0, 0, 0, 0, 0]","[2, 3, 5, 7, 11, 13, 17, 19]"
8761/2187,4.00594422,8761,2187,"[3, 8761]","[0, -7, 0, 0, 0, 0, 0, 0]","[2, 3, 5, 7, 11, 13, 17, 19]"
8788/6561,1.33942996,8788,6561,"[2, 3, 13]","[2, -8, 0, 0, 0, 3, 0, 0]","[2, 3, 5, 7, 11, 13, 17, 19]"
8792/6561,1.34003963,8792,6561,"[2, 3, 7, 157]","[3, -8, 0, 1, 0, 0, 0, 0]","[2, 3, 5, 7, 11, 13, 17, 19]"
8794/2187,4.02103338,8794,2187,"[2, 3, 4397]","[1, -7, 0, 0, 0, 0, 0, 0]","[2, 3, 5, 7, 11, 13, 17, 19]"
8797/2187,4.02240512,8797,2187,"[3, 19, 463]","[0, -7, 0, 0, 0, 0, 0, 1]","[2, 3, 5, 7, 11, 13, 17, 19]"
8800/19683,0.44708632,8800,19683,"[2, 3, 5, 11]","[5, -9, 2, 0, 1, 0, 0, 0]","[2, 3, 5, 7, 11, 13, 17, 19]"
8801/6561,1.34141137,8801,6561,"[3, 13, 677]","[0, -8, 0, 0, 0, 1, 0, 0]","[2, 3, 5, 7, 11, 13, 17, 19]"
8842/2187,4.04298125,8842,2187,"[2, 3, 4421]","[1, -7, 0, 0, 0, 0, 0, 0]","[2, 3, 5, 7, 11, 13, 17, 19]"
8845/2187,4.04435299,8845,2187,"[3, 5, 29, 61]","[0, -7, 1, 0, 0, 0, 0, 0]","[2, 3, 5, 7, 11, 13, 17, 19]"
8936/6561,1.36198750,8936,6561,"[2, 3, 1117]","[3, -8, 0, 0, 0, 0, 0, 0]","[2, 3, 5, 7, 11, 13, 17, 19]"
8944/19683,0.45440228,8944,19683,"[2, 3, 13, 43]","[4, -9, 0, 0, 0, 1, 0, 0]","[2, 3, 5, 7, 11, 13, 17, 19]"
8945/6561,1.36335924,8945,6561,"[3, 5, 1789]","[0, -8, 1, 0, 0, 0, 0, 0]","[2, 3, 5, 7, 11, 13, 17, 19]"
8953/2187,4.09373571,8953,2187,"[3, 7, 1279]","[0, -7, 0, 1, 0, 0, 0, 0]","[2, 3, 5, 7, 11, 13, 17, 19]"
8960/59049,0.15173839,8960,59049,"[2, 3, 5, 7]","[8, -10, 1, 1, 0, 0, 0, 0]","[2, 3, 5, 7, 11, 13, 17, 19]"
8986/2187,4.10882487,8986,2187,"[2, 3, 4493]","[1, -7, 0, 0, 0, 0, 0, 0]","[2, 3, 5, 7, 11, 13, 17, 19]"
9004/6561,1.37235178,9004,6561,"[2, 3, 2251]","[2, -8, 0, 0, 0, 0, 0, 0]","[2, 3, 5, 7, 11, 13, 17, 19]"
9034/2187,4.13077275,9034,2187,"[2, 3, 4517]","[1, -7, 0, 0, 0, 0, 0, 0]","[2, 3, 5, 7, 11, 13, 17, 19]"
9037/2187,4.13214449,9037,2187,"[3, 7, 1291]","[0, -7, 0, 1, 0, 0, 0, 0]","[2, 3, 5, 7, 11, 13, 17, 19]"
9044/6561,1.37844841,9044,6561,"[2, 3, 7, 17, 19]","[2, -8, 0, 1, 0, 0, 1, 1]","[2, 3, 5, 7, 11, 13, 17, 19]"
9085/2187,4.15409236,9085,2187,"[3, 5, 23, 79]","[0, -7, 1, 0, 0, 0, 0, 0]","[2, 3, 5, 7, 11, 13, 17, 19]"
9112/6561,1.38881268,9112,6561,"[2, 3, 17, 67]","[3, -8, 0, 0, 0, 0, 1, 0]","[2, 3, 5, 7, 11, 13, 17, 19]"
9136/19683,0.46415689,9136,19683,"[2, 3, 571]","[4, -9, 0, 0, 0, 0, 0, 0]","[2, 3, 5, 7, 11, 13, 17, 19]"
9145/2187,4.18152721,9145,2187,"[3, 5, 31, 59]","[0, -7, 1, 0, 0, 0, 0, 0]","[2, 3, 5, 7, 11, 13, 17, 19]"
9193/2187,4.20347508,9193,2187,"[3, 29, 317]","[0, -7, 0, 0, 0, 0, 0, 0]","[2, 3, 5, 7, 11, 13, 17, 19]"
9226/2187,4.21856424,9226,2187,"[2, 3, 7, 659]","[1, -7, 0, 1, 0, 0, 0, 0]","[2, 3, 5, 7, 11, 13, 17, 19]"
9229/2187,4.21993599,9229,2187,"[3, 11, 839]","[0, -7, 0, 0, 1, 0, 0, 0]","[2, 3, 5, 7, 11, 13, 17, 19]"
9256/6561,1.41076055,9256,6561,"[2, 3, 13, 89]","[3, -8, 0, 0, 0, 1, 0, 0]","[2, 3, 5, 7, 11, 13, 17, 19]"
9260/6561,1.41137022,9260,6561,"[2, 3, 5, 463]","[2, -8, 1, 0, 0, 0, 0, 0]","[2, 3, 5, 7, 11, 13, 17, 19]"
9265/6561,1.41213230,9265,6561,"[3, 5, 17, 109]","[0, -8, 1, 0, 0, 0, 1, 0]","[2, 3, 5, 7, 11, 13, 17, 19]"
9277/2187,4.24188386,9277,2187,"[3, 9277]","[0, -7, 0, 0, 0, 0, 0, 0]","[2, 3, 5, 7, 11, 13, 17, 19]"
9337/2187,4.26931870,9337,2187,"[3, 9337]","[0, -7, 0, 0, 0, 0, 0, 0]","[2, 3, 5, 7, 11, 13, 17, 19]"
9368/6561,1.42783112,9368,6561,"[2, 3, 1171]","[3, -8, 0, 0, 0, 0, 0, 0]","[2, 3, 5, 7, 11, 13, 17, 19]"
9385/2187,4.29126658,9385,2187,"[3, 5, 1877]","[0, -7, 1, 0, 0, 0, 0, 0]","[2, 3, 5, 7, 11, 13, 17, 19]"
9409/6561,1.43408017,9409,6561,"[3, 97]","[0, -8, 0, 0, 0, 0, 0, 0]","[2, 3, 5, 7, 11, 13, 17, 19]"
9418/2187,4.30635574,9418,2187,"[2, 3, 17, 277]","[1, -7, 0, 0, 0, 0, 1, 0]","[2, 3, 5, 7, 11, 13, 17, 19]"
9469/2187,4.32967535,9469,2187,"[3, 17, 557]","[0, -7, 0, 0, 0, 0, 1, 0]","[2, 3, 5, 7, 11, 13, 17, 19]"
9512/6561,1.44977900,9512,6561,"[2, 3, 29, 41]","[3, -8, 0, 0, 0, 0, 0, 0]","[2, 3, 5, 7, 11, 13, 17, 19]"
9521/6561,1.45115074,9521,6561,"[3, 9521]","[0, -8, 0, 0, 0, 0, 0, 0]","[2, 3, 5, 7, 11, 13, 17, 19]"
9536/59049,0.16149300,9536,59049,"[2, 3, 149]","[6, -10, 0, 0, 0, 0, 0, 0]","[2, 3, 5, 7, 11, 13, 17, 19]"
9568/19683,0.48610476,9568,19683,"[2, 3, 13, 23]","[5, -9, 0, 0, 0, 1, 0, 0]","[2, 3, 5, 7, 11, 13, 17, 19]"
9577/2187,4.37905807,9577,2187,"[3, 61, 157]","[0, -7, 0, 0, 0, 0, 0, 0]","[2, 3, 5, 7, 11, 13, 17, 19]"
9580/6561,1.46014327,9580,6561,"[2, 3, 5, 479]","[2, -8, 1, 0, 0, 0, 0, 0]","[2, 3, 5, 7, 11, 13, 17, 19]"
9625/2187,4.40100594,9625,2187,"[3, 5, 7, 11]","[0, -7, 3, 1, 1, 0, 0, 0]","[2, 3, 5, 7, 11, 13, 17, 19]"
9661/2187,4.41746685,9661,2187,"[3, 9661]","[0, -7, 0, 0, 0, 0, 0, 0]","[2, 3, 5, 7, 11, 13, 17, 19]"
9665/6561,1.47309861,9665,6561,"[3, 5, 1933]","[0, -8, 1, 0, 0, 0, 0, 0]","[2, 3, 5, 7, 11, 13, 17, 19]"
9733/2187,4.45038866,9733,2187,"[3, 9733]","[0, -7, 0, 0, 0, 0, 0, 0]","[2, 3, 5, 7, 11, 13, 17, 19]"
9733/6561,1.48346289,9733,6561,"[3, 9733]","[0, -8, 0, 0, 0, 0, 0, 0]","[2, 3, 5, 7, 11, 13, 17, 19]"
9769/2187,4.46684957,9769,2187,"[3, 9769]","[0, -7, 0, 0, 0, 0, 0, 0]","[2, 3, 5, 7, 11, 13, 17, 19]"
9772/19683,0.49646903,9772,19683,"[2, 3, 7, 349]","[2, -9, 0, 1, 0, 0, 0, 0]","[2, 3, 5, 7, 11, 13, 17, 19]"
9817/2187,4.48879744,9817,2187,"[3, 9817]","[0, -7, 0, 0, 0, 0, 0, 0]","[2, 3, 5, 7, 11, 13, 17, 19]"
9832/6561,1.49855205,9832,6561,"[2, 3, 1229]","[3, -8, 0, 0, 0, 0, 0, 0]","[2, 3, 5, 7, 11, 13, 17, 19]"
9836/6561,1.49916171,9836,6561,"[2, 3, 2459]","[2, -8, 0, 0, 0, 0, 0, 0]","[2, 3, 5, 7, 11, 13, 17, 19]"
9841/6561,1.49992379,9841,6561,"[3, 13, 757]","[0, -8, 0, 0, 0, 1, 0, 0]","[2, 3, 5, 7, 11, 13, 17, 19]"
9904/19683,0.50317533,9904,19683,"[2, 3, 619]","[4, -9, 0, 0, 0, 0, 0, 0]","[2, 3, 5, 7, 11, 13, 17, 19]"
9925/2187,4.53818016,9925,2187,"[3, 5, 397]","[0, -7, 2, 0, 0, 0, 0, 0]","[2, 3, 5, 7, 11, 13, 17, 19]"
9976/6561,1.52049992,9976,6561,"[2, 3, 29, 43]","[3, -8, 0, 0, 0, 0, 0, 0]","[2, 3, 5, 7, 11, 13, 17, 19]"
9985/6561,1.52187167,9985,6561,"[3, 5, 1997]","[0, -8, 1, 0, 0, 0, 0, 0]","[2, 3, 5, 7, 11, 13, 17, 19]"
9989/6561,1.52248133,9989,6561,"[3, 7, 1427]","[0, -8, 0, 1, 0, 0, 0, 0]","[2, 3, 5, 7, 11, 13, 17, 19]"
10009/2187,4.57658893,10009,2187,"[3, 10009]","[0, -7, 0, 0, 0, 0, 0, 0]","[2, 3, 5, 7, 11, 13, 17, 19]"
10057/2187,4.59853681,10057,2187,"[3, 89, 113]","[0, -7, 0, 0, 0, 0, 0, 0]","[2, 3, 5, 7, 11, 13, 17, 19]"
10088/6561,1.53757049,10088,6561,"[2, 3, 13, 97]","[3, -8, 0, 0, 0, 1, 0, 0]","[2, 3, 5, 7, 11, 13, 17, 19]"
10096/19683,0.51292994,10096,19683,"[2, 3, 631]","[4, -9, 0, 0, 0, 0, 0, 0]","[2, 3, 5, 7, 11, 13, 17, 19]"
10097/6561,1.53894223,10097,6561,"[3, 23, 439]","[0, -8, 0, 0, 0, 0, 0, 0]","[2, 3, 5, 7, 11, 13, 17, 19]"
10117/2187,4.62597165,10117,2187,"[3, 67, 151]","[0, -7, 0, 0, 0, 0, 0, 0]","[2, 3, 5, 7, 11, 13, 17, 19]"
10156/6561,1.54793477,10156,6561,"[2, 3, 2539]","[2, -8, 0, 0, 0, 0, 0, 0]","[2, 3, 5, 7, 11, 13, 17, 19]"
10165/2187,4.64791952,10165,2187,"[3, 5, 19, 107]","[0, -7, 1, 0, 0, 0, 0, 1]","[2, 3, 5, 7, 11, 13, 17, 19]"
10201/2187,4.66438043,10201,2187,"[3, 101]","[0, -7, 0, 0, 0, 0, 0, 0]","[2, 3, 5, 7, 11, 13, 17, 19]"
10232/6561,1.55951837,10232,6561,"[2, 3, 1279]","[3, -8, 0, 0, 0, 0, 0, 0]","[2, 3, 5, 7, 11, 13, 17, 19]"
10241/6561,1.56089011,10241,6561,"[3, 7, 11, 19]","[0, -8, 0, 2, 1, 0, 0, 1]","[2, 3, 5, 7, 11, 13, 17, 19]"
10249/2187,4.68632830,10249,2187,"[3, 37, 277]","[0, -7, 0, 0, 0, 0, 0, 0]","[2, 3, 5, 7, 11, 13, 17, 19]"
10300/6561,1.56988264,10300,6561,"[2, 3, 5, 103]","[2, -8, 2, 0, 0, 0, 0, 0]","[2, 3, 5, 7, 11, 13, 17, 19]"
10309/2187,4.71376315,10309,2187,"[3, 13, 61]","[0, -7, 0, 0, 0, 2, 0, 0]","[2, 3, 5, 7, 11, 13, 17, 19]"
10309/6561,1.57125438,10309,6561,"[3, 13, 61]","[0, -8, 0, 0, 0, 2, 0, 0]","[2, 3, 5, 7, 11, 13, 17, 19]"
10336/19683,0.52512320,10336,19683,"[2, 3, 17, 19]","[5, -9, 0, 0, 0, 0, 1, 1]","[2, 3, 5, 7, 11, 13, 17, 19]"
10357/2187,4.73571102,10357,2187,"[3, 10357]","[0, -7, 0, 0, 0, 0, 0, 0]","[2, 3, 5, 7, 11, 13, 17, 19]"
10408/6561,1.58634355,10408,6561,"[2, 3, 1301]","[3, -8, 0, 0, 0, 0, 0, 0]","[2, 3, 5, 7, 11, 13, 17, 19]"
10412/6561,1.58695321,10412,6561,"[2, 3, 19, 137]","[2, -8, 0, 0, 0, 0, 0, 1]","[2, 3, 5, 7, 11, 13, 17, 19]"
10441/2187,4.77411980,10441,2187,"[3, 53, 197]","[0, -7, 0, 0, 0, 0, 0, 0]","[2, 3, 5, 7, 11, 13, 17, 19]"
10528/19683,0.53487781,10528,19683,"[2, 3, 7, 47]","[5, -9, 0, 1, 0, 0, 0, 0]","[2, 3, 5, 7, 11, 13, 17, 19]"
10540/19683,0.53548748,10540,19683,"[2, 3, 5, 17, 31]","[2, -9, 1, 0, 0, 0, 1, 0]","[2, 3, 5, 7, 11, 13, 17, 19]"
10549/2187,4.82350251,10549,2187,"[3, 7, 11, 137]","[0, -7, 0, 1, 1, 0, 0, 0]","[2, 3, 5, 7, 11, 13, 17, 19]"
10552/6561,1.60829142,10552,6561,"[2, 3, 1319]","[3, -8, 0, 0, 0, 0, 0, 0]","[2, 3, 5, 7, 11, 13, 17, 19]"
10556/6561,1.60890108,10556,6561,"[2, 3, 7, 13, 29]","[2, -8, 0, 1, 0, 1, 0, 0]","[2, 3, 5, 7, 11, 13, 17, 19]"
10561/6561,1.60966316,10561,6561,"[3, 59, 179]","[0, -8, 0, 0, 0, 0, 0, 0]","[2, 3, 5, 7, 11, 13, 17, 19]"
10565/6561,1.61027282,10565,6561,"[3, 5, 2113]","[0, -8, 1, 0, 0, 0, 0, 0]","[2, 3, 5, 7, 11, 13, 17, 19]"
10597/2187,4.84545039,10597,2187,"[3, 10597]","[0, -7, 0, 0, 0, 0, 0, 0]","[2, 3, 5, 7, 11, 13, 17, 19]"
10633/2187,4.86191129,10633,2187,"[3, 7, 31]","[0, -7, 0, 3, 0, 0, 0, 0]","[2, 3, 5, 7, 11, 13, 17, 19]"
10664/6561,1.62536199,10664,6561,"[2, 3, 31, 43]","[3, -8, 0, 0, 0, 0, 0, 0]","[2, 3, 5, 7, 11, 13, 17, 19]"
10672/19683,0.54219377,10672,19683,"[2, 3, 23, 29]","[4, -9, 0, 0, 0, 0, 0, 0]","[2, 3, 5, 7, 11, 13, 17, 19]"
10705/6561,1.63161103,10705,6561,"[3, 5, 2141]","[0, -8, 1, 0, 0, 0, 0, 0]","[2, 3, 5, 7, 11, 13, 17, 19]"
10732/6561,1.63572626,10732,6561,"[2, 3, 2683]","[2, -8, 0, 0, 0, 0, 0, 0]","[2, 3, 5, 7, 11, 13, 17, 19]"
10741/2187,4.91129401,10741,2187,"[3, 23, 467]","[0, -7, 0, 0, 0, 0, 0, 0]","[2, 3, 5, 7, 11, 13, 17, 19]"
10789/2187,4.93324188,10789,2187,"[3, 10789]","[0, -7, 0, 0, 0, 0, 0, 0]","[2, 3, 5, 7, 11, 13, 17, 19]"
10808/6561,1.64730986,10808,6561,"[2, 3, 7, 193]","[3, -8, 0, 1, 0, 0, 0, 0]","[2, 3, 5, 7, 11, 13, 17, 19]"
10816/59049,0.18316991,10816,59049,"[2, 3, 13]","[6, -10, 0, 0, 0, 2, 0, 0]","[2, 3, 5, 7, 11, 13, 17, 19]"
10817/6561,1.64868160,10817,6561,"[3, 29, 373]","[0, -8, 0, 0, 0, 0, 0, 0]","[2, 3, 5, 7, 11, 13, 17, 19]"
10864/19683,0.55194838,10864,19683,"[2, 3, 7, 97]","[4, -9, 0, 1, 0, 0, 0, 0]","[2, 3, 5, 7, 11, 13, 17, 19]"
10876/6561,1.65767414,10876,6561,"[2, 3, 2719]","[2, -8, 0, 0, 0, 0, 0, 0]","[2, 3, 5, 7, 11, 13, 17, 19]"
10885/6561,1.65904588,10885,6561,"[3, 5, 7, 311]","[0, -8, 1, 1, 0, 0, 0, 0]","[2, 3, 5, 7, 11, 13, 17, 19]"
10961/6561,1.67062948,10961,6561,"[3, 97, 113]","[0, -8, 0, 0, 0, 0, 0, 0]","[2, 3, 5, 7, 11, 13, 17, 19]"
10981/2187,5.02103338,10981,2187,"[3, 79, 139]","[0, -7, 0, 0, 0, 0, 0, 0]","[2, 3, 5, 7, 11, 13, 17, 19]"
10988/6561,1.67474470,10988,6561,"[2, 3, 41, 67]","[2, -8, 0, 0, 0, 0, 0, 0]","[2, 3, 5, 7, 11, 13, 17, 19]"
11029/2187,5.04298125,11029,2187,"[3, 41, 269]","[0, -7, 0, 0, 0, 0, 0, 0]","[2, 3, 5, 7, 11, 13, 17, 19]"
11029/6561,1.68099375,11029,6561,"[3, 41, 269]","[0, -8, 0, 0, 0, 0, 0, 0]","[2, 3, 5, 7, 11, 13, 17, 19]"
11104/19683,0.56414165,11104,19683,"[2, 3, 347]","[5, -9, 0, 0, 0, 0, 0, 0]","[2, 3, 5, 7, 11, 13, 17, 19]"
11128/6561,1.69608291,11128,6561,"[2, 3, 13, 107]","[3, -8, 0, 0, 0, 1, 0, 0]","[2, 3, 5, 7, 11, 13, 17, 19]"
11132/6561,1.69669258,11132,6561,"[2, 3, 11, 23]","[2, -8, 0, 0, 2, 0, 0, 0]","[2, 3, 5, 7, 11, 13, 17, 19]"
11137/6561,1.69745466,11137,6561,"[3, 7, 37, 43]","[0, -8, 0, 1, 0, 0, 0, 0]","[2, 3, 5, 7, 11, 13, 17, 19]"
11141/6561,1.69806432,11141,6561,"[3, 13, 857]","[0, -8, 0, 0, 0, 1, 0, 0]","[2, 3, 5, 7, 11, 13, 17, 19]"
11173/2187,5.10882487,11173,2187,"[3, 11173]","[0, -7, 0, 0, 0, 0, 0, 0]","[2, 3, 5, 7, 11, 13, 17, 19]"
11221/2187,5.13077275,11221,2187,"[3, 7, 229]","[0, -7, 0, 2, 0, 0, 0, 0]","[2, 3, 5, 7, 11, 13, 17, 19]"
11281/6561,1.71940253,11281,6561,"[3, 29, 389]","[0, -8, 0, 0, 0, 0, 0, 0]","[2, 3, 5, 7, 11, 13, 17, 19]"
11285/6561,1.72001219,11285,6561,"[3, 5, 37, 61]","[0, -8, 1, 0, 0, 0, 0, 0]","[2, 3, 5, 7, 11, 13, 17, 19]"
11296/19683,0.57389626,11296,19683,"[2, 3, 353]","[5, -9, 0, 0, 0, 0, 0, 0]","[2, 3, 5, 7, 11, 13, 17, 19]"
11308/19683,0.57450592,11308,19683,"[2, 3, 11, 257]","[2, -9, 0, 0, 1, 0, 0, 0]","[2, 3, 5, 7, 11, 13, 17, 19]"
11384/6561,1.73510136,11384,6561,"[2, 3, 1423]","[3, -8, 0, 0, 0, 0, 0, 0]","[2, 3, 5, 7, 11, 13, 17, 19]"
11392/59049,0.19292452,11392,59049,"[2, 3, 89]","[7, -10, 0, 0, 0, 0, 0, 0]","[2, 3, 5, 7, 11, 13, 17, 19]"
11393/6561,1.73647310,11393,6561,"[3, 11393]","[0, -8, 0, 0, 0, 0, 0, 0]","[2, 3, 5, 7, 11, 13, 17, 19]"
11413/2187,5.21856424,11413,2187,"[3, 101, 113]","[0, -7, 0, 0, 0, 0, 0, 0]","[2, 3, 5, 7, 11, 13, 17, 19]"
11452/6561,1.74546563,11452,6561,"[2, 3, 7, 409]","[2, -8, 0, 1, 0, 0, 0, 0]","[2, 3, 5, 7, 11, 13, 17, 19]"
11461/6561,1.74683737,11461,6561,"[3, 73, 157]","[0, -8, 0, 0, 0, 0, 0, 0]","[2, 3, 5, 7, 11, 13, 17, 19]"
11500/19683,0.58426053,11500,19683,"[2, 3, 5, 23]","[2, -9, 3, 0, 0, 0, 0, 0]","[2, 3, 5, 7, 11, 13, 17, 19]"
11537/6561,1.75842097,11537,6561,"[3, 83, 139]","[0, -8, 0, 0, 0, 0, 0, 0]","[2, 3, 5, 7, 11, 13, 17, 19]"
11596/6561,1.76741350,11596,6561,"[2, 3, 13, 223]","[2, -8, 0, 0, 0, 1, 0, 0]","[2, 3, 5, 7, 11, 13, 17, 19]"
11605/2187,5.30635574,11605,2187,"[3, 5, 11, 211]","[0, -7, 1, 0, 1, 0, 0, 0]","[2, 3, 5, 7, 11, 13, 17, 19]"
11605/6561,1.76878525,11605,6561,"[3, 5, 11, 211]","[0, -8, 1, 0, 1, 0, 0, 0]","[2, 3, 5, 7, 11, 13, 17, 19]"
11632/19683,0.59096682,11632,19683,"[2, 3, 727]","[4, -9, 0, 0, 0, 0, 0, 0]","[2, 3, 5, 7, 11, 13, 17, 19]"
11704/6561,1.78387441,11704,6561,"[2, 3, 7, 11, 19]","[3, -8, 0, 1, 1, 0, 0, 1]","[2, 3, 5, 7, 11, 13, 17, 19]"
11708/6561,1.78448407,11708,6561,"[2, 3, 2927]","[2, -8, 0, 0, 0, 0, 0, 0]","[2, 3, 5, 7, 11, 13, 17, 19]"
11717/6561,1.78585581,11717,6561,"[3, 11717]","[0, -8, 0, 0, 0, 0, 0, 0]","[2, 3, 5, 7, 11, 13, 17, 19]"
11840/59049,0.20051144,11840,59049,"[2, 3, 5, 37]","[6, -10, 1, 0, 0, 0, 0, 0]","[2, 3, 5, 7, 11, 13, 17, 19]"
11852/6561,1.80643195,11852,6561,"[2, 3, 2963]","[2, -8, 0, 0, 0, 0, 0, 0]","[2, 3, 5, 7, 11, 13, 17, 19]"
11857/6561,1.80719403,11857,6561,"[3, 71, 167]","[0, -8, 0, 0, 0, 0, 0, 0]","[2, 3, 5, 7, 11, 13, 17, 19]"
11861/6561,1.80780369,11861,6561,"[3, 29, 409]","[0, -8, 0, 0, 0, 0, 0, 0]","[2, 3, 5, 7, 11, 13, 17, 19]"
11960/6561,1.82289285,11960,6561,"[2, 3, 5, 13, 23]","[3, -8, 1, 0, 0, 1, 0, 0]","[2, 3, 5, 7, 11, 13, 17, 19]"
12028/6561,1.83325713,12028,6561,"[2, 3, 31, 97]","[2, -8, 0, 0, 0, 0, 0, 0]","[2, 3, 5, 7, 11, 13, 17, 19]"
12064/19683,0.61291470,12064,19683,"[2, 3, 13, 29]","[5, -9, 0, 0, 0, 1, 0, 0]","[2, 3, 5, 7, 11, 13, 17, 19]"
12076/19683,0.61352436,12076,19683,"[2, 3, 3019]","[2, -9, 0, 0, 0, 0, 0, 0]","[2, 3, 5, 7, 11, 13, 17, 19]"
12113/6561,1.84621247,12113,6561,"[3, 12113]","[0, -8, 0, 0, 0, 0, 0, 0]","[2, 3, 5, 7, 11, 13, 17, 19]"
12172/6561,1.85520500,12172,6561,"[2, 3, 17, 179]","[2, -8, 0, 0, 0, 0, 1, 0]","[2, 3, 5, 7, 11, 13, 17, 19]"
12181/6561,1.85657674,12181,6561,"[3, 13, 937]","[0, -8, 0, 0, 0, 1, 0, 0]","[2, 3, 5, 7, 11, 13, 17, 19]"
12256/19683,0.62266931,12256,19683,"[2, 3, 383]","[5, -9, 0, 0, 0, 0, 0, 0]","[2, 3, 5, 7, 11, 13, 17, 19]"
12268/19683,0.62327897,12268,19683,"[2, 3, 3067]","[2, -9, 0, 0, 0, 0, 0, 0]","[2, 3, 5, 7, 11, 13, 17, 19]"
12284/6561,1.87227557,12284,6561,"[2, 3, 37, 83]","[2, -8, 0, 0, 0, 0, 0, 0]","[2, 3, 5, 7, 11, 13, 17, 19]"
12325/6561,1.87852462,12325,6561,"[3, 5, 17, 29]","[0, -8, 2, 0, 0, 0, 1, 0]","[2, 3, 5, 7, 11, 13, 17, 19]"
12400/19683,0.62998527,12400,19683,"[2, 3, 5, 31]","[4, -9, 2, 0, 0, 0, 0, 0]","[2, 3, 5, 7, 11, 13, 17, 19]"
12416/59049,0.21026605,12416,59049,"[2, 3, 97]","[7, -10, 0, 0, 0, 0, 0, 0]","[2, 3, 5, 7, 11, 13, 17, 19]"
12428/6561,1.89422344,12428,6561,"[2, 3, 13, 239]","[2, -8, 0, 0, 0, 1, 0, 0]","[2, 3, 5, 7, 11, 13, 17, 19]"
12433/6561,1.89498552,12433,6561,"[3, 12433]","[0, -8, 0, 0, 0, 0, 0, 0]","[2, 3, 5, 7, 11, 13, 17, 19]"
12437/6561,1.89559518,12437,6561,"[3, 12437]","[0, -8, 0, 0, 0, 0, 0, 0]","[2, 3, 5, 7, 11, 13, 17, 19]"
12581/6561,1.91754306,12581,6561,"[3, 23, 547]","[0, -8, 0, 0, 0, 0, 0, 0]","[2, 3, 5, 7, 11, 13, 17, 19]"
12649/6561,1.92790733,12649,6561,"[3, 7, 13, 139]","[0, -8, 0, 1, 0, 1, 0, 0]","[2, 3, 5, 7, 11, 13, 17, 19]"
12688/19683,0.64461718,12688,19683,"[2, 3, 13, 61]","[4, -9, 0, 0, 0, 1, 0, 0]","[2, 3, 5, 7, 11, 13, 17, 19]"
12688/59049,0.21487239,12688,59049,"[2, 3, 13, 61]","[4, -10, 0, 0, 0, 1, 0, 0]","[2, 3, 5, 7, 11, 13, 17, 19]"
12689/6561,1.93400396,12689,6561,"[3, 12689]","[0, -8, 0, 0, 0, 0, 0, 0]","[2, 3, 5, 7, 11, 13, 17, 19]"
12748/6561,1.94299649,12748,6561,"[2, 3, 3187]","[2, -8, 0, 0, 0, 0, 0, 0]","[2, 3, 5, 7, 11, 13, 17, 19]"
12757/6561,1.94436824,12757,6561,"[3, 12757]","[0, -8, 0, 0, 0, 0, 0, 0]","[2, 3, 5, 7, 11, 13, 17, 19]"
12832/19683,0.65193314,12832,19683,"[2, 3, 401]","[5, -9, 0, 0, 0, 0, 0, 0]","[2, 3, 5, 7, 11, 13, 17, 19]"
12892/6561,1.96494437,12892,6561,"[2, 3, 11, 293]","[2, -8, 0, 0, 1, 0, 0, 0]","[2, 3, 5, 7, 11, 13, 17, 19]"
12901/6561,1.96631611,12901,6561,"[3, 7, 19, 97]","[0, -8, 0, 1, 0, 0, 0, 1]","[2, 3, 5, 7, 11, 13, 17, 19]"
12905/6561,1.96692577,12905,6561,"[3, 5, 29, 89]","[0, -8, 1, 0, 0, 0, 0, 0]","[2, 3, 5, 7, 11, 13, 17, 19]"
13004/6561,1.98201494,13004,6561,"[2, 3, 3251]","[2, -8, 0, 0, 0, 0, 0, 0]","[2, 3, 5, 7, 11, 13, 17, 19]"
13013/6561,1.98338668,13013,6561,"[3, 7, 11, 13]","[0, -8, 0, 1, 1, 2, 0, 0]","[2, 3, 5, 7, 11, 13, 17, 19]"
13024/19683,0.66168775,13024,19683,"[2, 3, 11, 37]","[5, -9, 0, 0, 1, 0, 0, 0]","[2, 3, 5, 7, 11, 13, 17, 19]"
13036/19683,0.66229741,13036,19683,"[2, 3, 3259]","[2, -9, 0, 0, 0, 0, 0, 0]","[2, 3, 5, 7, 11, 13, 17, 19]"
13120/59049,0.22218835,13120,59049,"[2, 3, 5, 41]","[6, -10, 1, 0, 0, 0, 0, 0]","[2, 3, 5, 7, 11, 13, 17, 19]"
13148/6561,2.00396281,13148,6561,"[2, 3, 19, 173]","[2, -8, 0, 0, 0, 0, 0, 1]","[2, 3, 5, 7, 11, 13, 17, 19]"
13157/6561,2.00533455,13157,6561,"[3, 59, 223]","[0, -8, 0, 0, 0, 0, 0, 0]","[2, 3, 5, 7, 11, 13, 17, 19]"
13225/6561,2.01569883,13225,6561,"[3, 5, 23]","[0, -8, 2, 0, 0, 0, 0, 0]","[2, 3, 5, 7, 11, 13, 17, 19]"
13228/19683,0.67205202,13228,19683,"[2, 3, 3307]","[2, -9, 0, 0, 0, 0, 0, 0]","[2, 3, 5, 7, 11, 13, 17, 19]"
13324/6561,2.03078799,13324,6561,"[2, 3, 3331]","[2, -8, 0, 0, 0, 0, 0, 0]","[2, 3, 5, 7, 11, 13, 17, 19]"
13378/6561,2.03901844,13378,6561,"[2, 3, 6689]","[1, -8, 0, 0, 0, 0, 0, 0]","[2, 3, 5, 7, 11, 13, 17, 19]"
13456/19683,0.68363562,13456,19683,"[2, 3, 29]","[4, -9, 0, 0, 0, 0, 0, 0]","[2, 3, 5, 7, 11, 13, 17, 19]"
13468/6561,2.05273586,13468,6561,"[2, 3, 7, 13, 37]","[2, -8, 0, 1, 0, 1, 0, 0]","[2, 3, 5, 7, 11, 13, 17, 19]"
13477/6561,2.05410761,13477,6561,"[3, 13477]","[0, -8, 0, 0, 0, 0, 0, 0]","[2, 3, 5, 7, 11, 13, 17, 19]"
13481/6561,2.05471727,13481,6561,"[3, 13, 17, 61]","[0, -8, 0, 0, 0, 1, 1, 0]","[2, 3, 5, 7, 11, 13, 17, 19]"
13580/6561,2.06980643,13580,6561,"[2, 3, 5, 7, 97]","[2, -8, 1, 1, 0, 0, 0, 0]","[2, 3, 5, 7, 11, 13, 17, 19]"
13621/6561,2.07605548,13621,6561,"[3, 53, 257]","[0, -8, 0, 0, 0, 0, 0, 0]","[2, 3, 5, 7, 11, 13, 17, 19]"
13634/6561,2.07803688,13634,6561,"[2, 3, 17, 401]","[1, -8, 0, 0, 0, 0, 1, 0]","[2, 3, 5, 7, 11, 13, 17, 19]"
13660/19683,0.69399990,13660,19683,"[2, 3, 5, 683]","[2, -9, 1, 0, 0, 0, 0, 0]","[2, 3, 5, 7, 11, 13, 17, 19]"
13696/59049,0.23194296,13696,59049,"[2, 3, 107]","[7, -10, 0, 0, 0, 0, 0, 0]","[2, 3, 5, 7, 11, 13, 17, 19]"
13712/59049,0.23221392,13712,59049,"[2, 3, 857]","[4, -10, 0, 0, 0, 0, 0, 0]","[2, 3, 5, 7, 11, 13, 17, 19]"
13724/6561,2.09175431,13724,6561,"[2, 3, 47, 73]","[2, -8, 0, 0, 0, 0, 0, 0]","[2, 3, 5, 7, 11, 13, 17, 19]"
13733/6561,2.09312605,13733,6561,"[3, 31, 443]","[0, -8, 0, 0, 0, 0, 0, 0]","[2, 3, 5, 7, 11, 13, 17, 19]"
13792/19683,0.70070619,13792,19683,"[2, 3, 431]","[5, -9, 0, 0, 0, 0, 0, 0]","[2, 3, 5, 7, 11, 13, 17, 19]"
13801/6561,2.10349032,13801,6561,"[3, 37, 373]","[0, -8, 0, 0, 0, 0, 0, 0]","[2, 3, 5, 7, 11, 13, 17, 19]"
13804/19683,0.70131586,13804,19683,"[2, 3, 7, 17, 29]","[2, -9, 0, 1, 0, 0, 1, 0]","[2, 3, 5, 7, 11, 13, 17, 19]"
13877/6561,2.11507392,13877,6561,"[3, 13877]","[0, -8, 0, 0, 0, 0, 0, 0]","[2, 3, 5, 7, 11, 13, 17, 19]"
13945/6561,2.12543820,13945,6561,"[3, 5, 2789]","[0, -8, 1, 0, 0, 0, 0, 0]","[2, 3, 5, 7, 11, 13, 17, 19]"
13954/6561,2.12680994,13954,6561,"[2, 3, 6977]","[1, -8, 0, 0, 0, 0, 0, 0]","[2, 3, 5, 7, 11, 13, 17, 19]"
13984/19683,0.71046080,13984,19683,"[2, 3, 19, 23]","[5, -9, 0, 0, 0, 0, 0, 1]","[2, 3, 5, 7, 11, 13, 17, 19]"
13996/19683,0.71107047,13996,19683,"[2, 3, 3499]","[2, -9, 0, 0, 0, 0, 0, 0]","[2, 3, 5, 7, 11, 13, 17, 19]"
14044/6561,2.14052736,14044,6561,"[2, 3, 3511]","[2, -8, 0, 0, 0, 0, 0, 0]","[2, 3, 5, 7, 11, 13, 17, 19]"
14053/6561,2.14189910,14053,6561,"[3, 13, 23, 47]","[0, -8, 0, 0, 0, 1, 0, 0]","[2, 3, 5, 7, 11, 13, 17, 19]"
14057/6561,2.14250876,14057,6561,"[3, 14057]","[0, -8, 0, 0, 0, 0, 0, 0]","[2, 3, 5, 7, 11, 13, 17, 19]"
14144/59049,0.23952988,14144,59049,"[2, 3, 13, 17]","[6, -10, 0, 0, 0, 1, 1, 0]","[2, 3, 5, 7, 11, 13, 17, 19]"
14197/6561,2.16384697,14197,6561,"[3, 14197]","[0, -8, 0, 0, 0, 0, 0, 0]","[2, 3, 5, 7, 11, 13, 17, 19]"
14201/6561,2.16445664,14201,6561,"[3, 11, 1291]","[0, -8, 0, 0, 1, 0, 0, 0]","[2, 3, 5, 7, 11, 13, 17, 19]"
14210/6561,2.16582838,14210,6561,"[2, 3, 5, 7, 29]","[1, -8, 1, 2, 0, 0, 0, 0]","[2, 3, 5, 7, 11, 13, 17, 19]"
14224/19683,0.72265407,14224,19683,"[2, 3, 7, 127]","[4, -9, 0, 1, 0, 0, 0, 0]","[2, 3, 5, 7, 11, 13, 17, 19]"
14300/6561,2.17954580,14300,6561,"[2, 3, 5, 11, 13]","[2, -8, 2, 0, 1, 1, 0, 0]","[2, 3, 5, 7, 11, 13, 17, 19]"
14309/6561,2.18091754,14309,6561,"[3, 41, 349]","[0, -8, 0, 0, 0, 0, 0, 0]","[2, 3, 5, 7, 11, 13, 17, 19]"
14377/6561,2.19128182,14377,6561,"[3, 11, 1307]","[0, -8, 0, 0, 1, 0, 0, 0]","[2, 3, 5, 7, 11, 13, 17, 19]"
14416/19683,0.73240868,14416,19683,"[2, 3, 17, 53]","[4, -9, 0, 0, 0, 0, 1, 0]","[2, 3, 5, 7, 11, 13, 17, 19]"
14428/19683,0.73301834,14428,19683,"[2, 3, 3607]","[2, -9, 0, 0, 0, 0, 0, 0]","[2, 3, 5, 7, 11, 13, 17, 19]"
14453/6561,2.20286542,14453,6561,"[3, 97, 149]","[0, -8, 0, 0, 0, 0, 0, 0]","[2, 3, 5, 7, 11, 13, 17, 19]"
14521/6561,2.21322969,14521,6561,"[3, 13, 1117]","[0, -8, 0, 0, 0, 1, 0, 0]","[2, 3, 5, 7, 11, 13, 17, 19]"
14530/6561,2.21460143,14530,6561,"[2, 3, 5, 1453]","[1, -8, 1, 0, 0, 0, 0, 0]","[2, 3, 5, 7, 11, 13, 17, 19]"
14560/19683,0.73972464,14560,19683,"[2, 3, 5, 7, 13]","[5, -9, 1, 1, 0, 1, 0, 0]","[2, 3, 5, 7, 11, 13, 17, 19]"
14620/6561,2.22831885,14620,6561,"[2, 3, 5, 17, 43]","[2, -8, 1, 0, 0, 0, 1, 0]","[2, 3, 5, 7, 11, 13, 17, 19]"
14633/6561,2.23030026,14633,6561,"[3, 14633]","[0, -8, 0, 0, 0, 0, 0, 0]","[2, 3, 5, 7, 11, 13, 17, 19]"
14674/6561,2.23654931,14674,6561,"[2, 3, 11, 23, 29]","[1, -8, 0, 0, 1, 0, 0, 0]","[2, 3, 5, 7, 11, 13, 17, 19]"
14720/59049,0.24928449,14720,59049,"[2, 3, 5, 23]","[7, -10, 1, 0, 0, 0, 0, 0]","[2, 3, 5, 7, 11, 13, 17, 19]"
14752/19683,0.74947925,14752,19683,"[2, 3, 461]","[5, -9, 0, 0, 0, 0, 0, 0]","[2, 3, 5, 7, 11, 13, 17, 19]"
14764/19683,0.75008891,14764,19683,"[2, 3, 3691]","[2, -9, 0, 0, 0, 0, 0, 0]","[2, 3, 5, 7, 11, 13, 17, 19]"
14773/6561,2.25163847,14773,6561,"[3, 11, 17, 79]","[0, -8, 0, 0, 1, 0, 1, 0]","[2, 3, 5, 7, 11, 13, 17, 19]"
14777/6561,2.25224813,14777,6561,"[3, 7, 2111]","[0, -8, 0, 1, 0, 0, 0, 0]","[2, 3, 5, 7, 11, 13, 17, 19]"
14786/6561,2.25361988,14786,6561,"[2, 3, 7393]","[1, -8, 0, 0, 0, 0, 0, 0]","[2, 3, 5, 7, 11, 13, 17, 19]"
14876/6561,2.26733730,14876,6561,"[2, 3, 3719]","[2, -8, 0, 0, 0, 0, 0, 0]","[2, 3, 5, 7, 11, 13, 17, 19]"
14930/6561,2.27556775,14930,6561,"[2, 3, 5, 1493]","[1, -8, 1, 0, 0, 0, 0, 0]","[2, 3, 5, 7, 11, 13, 17, 19]"
14956/19683,0.75984352,14956,19683,"[2, 3, 3739]","[2, -9, 0, 0, 0, 0, 0, 0]","[2, 3, 5, 7, 11, 13, 17, 19]"
14992/19683,0.76167251,14992,19683,"[2, 3, 937]","[4, -9, 0, 0, 0, 0, 0, 0]","[2, 3, 5, 7, 11, 13, 17, 19]"
14992/59049,0.25389084,14992,59049,"[2, 3, 937]","[4, -10, 0, 0, 0, 0, 0, 0]","[2, 3, 5, 7, 11, 13, 17, 19]"
15029/6561,2.29065691,15029,6561,"[3, 7, 19, 113]","[0, -8, 0, 1, 0, 0, 0, 1]","[2, 3, 5, 7, 11, 13, 17, 19]"
15097/6561,2.30102119,15097,6561,"[3, 31, 487]","[0, -8, 0, 0, 0, 0, 0, 0]","[2, 3, 5, 7, 11, 13, 17, 19]"
15106/6561,2.30239293,15106,6561,"[2, 3, 7, 13, 83]","[1, -8, 0, 1, 0, 1, 0, 0]","[2, 3, 5, 7, 11, 13, 17, 19]"
15184/19683,0.77142712,15184,19683,"[2, 3, 13, 73]","[4, -9, 0, 0, 0, 1, 0, 0]","[2, 3, 5, 7, 11, 13, 17, 19]"
15196/19683,0.77203678,15196,19683,"[2, 3, 29, 131]","[2, -9, 0, 0, 0, 0, 0, 0]","[2, 3, 5, 7, 11, 13, 17, 19]"
15241/6561,2.32296906,15241,6561,"[3, 15241]","[0, -8, 0, 0, 0, 0, 0, 0]","[2, 3, 5, 7, 11, 13, 17, 19]"
15250/6561,2.32434080,15250,6561,"[2, 3, 5, 61]","[1, -8, 3, 0, 0, 0, 0, 0]","[2, 3, 5, 7, 11, 13, 17, 19]"
15349/6561,2.33942996,15349,6561,"[3, 15349]","[0, -8, 0, 0, 0, 0, 0, 0]","[2, 3, 5, 7, 11, 13, 17, 19]"
15353/6561,2.34003963,15353,6561,"[3, 13, 1181]","[0, -8, 0, 0, 0, 1, 0, 0]","[2, 3, 5, 7, 11, 13, 17, 19]"
15362/6561,2.34141137,15362,6561,"[2, 3, 7681]","[1, -8, 0, 0, 0, 0, 0, 0]","[2, 3, 5, 7, 11, 13, 17, 19]"
15388/19683,0.78179139,15388,19683,"[2, 3, 3847]","[2, -9, 0, 0, 0, 0, 0, 0]","[2, 3, 5, 7, 11, 13, 17, 19]"
15497/6561,2.36198750,15497,6561,"[3, 15497]","[0, -8, 0, 0, 0, 0, 0, 0]","[2, 3, 5, 7, 11, 13, 17, 19]"
15506/6561,2.36335924,15506,6561,"[2, 3, 7753]","[1, -8, 0, 0, 0, 0, 0, 0]","[2, 3, 5, 7, 11, 13, 17, 19]"
15520/19683,0.78849769,15520,19683,"[2, 3, 5, 97]","[5, -9, 1, 0, 0, 0, 0, 0]","[2, 3, 5, 7, 11, 13, 17, 19]"
15532/19683,0.78910735,15532,19683,"[2, 3, 11, 353]","[2, -9, 0, 0, 1, 0, 0, 0]","[2, 3, 5, 7, 11, 13, 17, 19]"
15565/6561,2.37235178,15565,6561,"[3, 5, 11, 283]","[0, -8, 1, 0, 1, 0, 0, 0]","[2, 3, 5, 7, 11, 13, 17, 19]"
15605/6561,2.37844841,15605,6561,"[3, 5, 3121]","[0, -8, 1, 0, 0, 0, 0, 0]","[2, 3, 5, 7, 11, 13, 17, 19]"
15673/6561,2.38881268,15673,6561,"[3, 7, 2239]","[0, -8, 0, 1, 0, 0, 0, 0]","[2, 3, 5, 7, 11, 13, 17, 19]"
15724/19683,0.79886196,15724,19683,"[2, 3, 3931]","[2, -9, 0, 0, 0, 0, 0, 0]","[2, 3, 5, 7, 11, 13, 17, 19]"
15817/6561,2.41076055,15817,6561,"[3, 15817]","[0, -8, 0, 0, 0, 0, 0, 0]","[2, 3, 5, 7, 11, 13, 17, 19]"
15821/6561,2.41137022,15821,6561,"[3, 13, 1217]","[0, -8, 0, 0, 0, 1, 0, 0]","[2, 3, 5, 7, 11, 13, 17, 19]"
15826/6561,2.41213230,15826,6561,"[2, 3, 41, 193]","[1, -8, 0, 0, 0, 0, 0, 0]","[2, 3, 5, 7, 11, 13, 17, 19]"
15929/6561,2.42783112,15929,6561,"[3, 17, 937]","[0, -8, 0, 0, 0, 0, 1, 0]","[2, 3, 5, 7, 11, 13, 17, 19]"
15952/19683,0.81044556,15952,19683,"[2, 3, 997]","[4, -9, 0, 0, 0, 0, 0, 0]","[2, 3, 5, 7, 11, 13, 17, 19]"
15964/19683,0.81105523,15964,19683,"[2, 3, 13, 307]","[2, -9, 0, 0, 0, 1, 0, 0]","[2, 3, 5, 7, 11, 13, 17, 19]"
15970/6561,2.43408017,15970,6561,"[2, 3, 5, 1597]","[1, -8, 1, 0, 0, 0, 0, 0]","[2, 3, 5, 7, 11, 13, 17, 19]"
16000/59049,0.27096140,16000,59049,"[2, 3, 5]","[7, -10, 3, 0, 0, 0, 0, 0]","[2, 3, 5, 7, 11, 13, 17, 19]"
16016/59049,0.27123237,16016,59049,"[2, 3, 7, 11, 13]","[4, -10, 0, 1, 1, 1, 0, 0]","[2, 3, 5, 7, 11, 13, 17, 19]"
16073/6561,2.44977900,16073,6561,"[3, 16073]","[0, -8, 0, 0, 0, 0, 0, 0]","[2, 3, 5, 7, 11, 13, 17, 19]"
16082/6561,2.45115074,16082,6561,"[2, 3, 11, 17, 43]","[1, -8, 0, 0, 1, 0, 1, 0]","[2, 3, 5, 7, 11, 13, 17, 19]"
16141/6561,2.46014327,16141,6561,"[3, 16141]","[0, -8, 0, 0, 0, 0, 0, 0]","[2, 3, 5, 7, 11, 13, 17, 19]"
16144/19683,0.82020017,16144,19683,"[2, 3, 1009]","[4, -9, 0, 0, 0, 0, 0, 0]","[2, 3, 5, 7, 11, 13, 17, 19]"
16156/19683,0.82080984,16156,19683,"[2, 3, 7, 577]","[2, -9, 0, 1, 0, 0, 0, 0]","[2, 3, 5, 7, 11, 13, 17, 19]"
16226/6561,2.47309861,16226,6561,"[2, 3, 7, 19, 61]","[1, -8, 0, 1, 0, 0, 0, 1]","[2, 3, 5, 7, 11, 13, 17, 19]"
16288/19683,0.82751613,16288,19683,"[2, 3, 509]","[5, -9, 0, 0, 0, 0, 0, 0]","[2, 3, 5, 7, 11, 13, 17, 19]"
16294/6561,2.48346289,16294,6561,"[2, 3, 8147]","[1, -8, 0, 0, 0, 0, 0, 0]","[2, 3, 5, 7, 11, 13, 17, 19]"
16393/6561,2.49855205,16393,6561,"[3, 13, 97]","[0, -8, 0, 0, 0, 2, 0, 0]","[2, 3, 5, 7, 11, 13, 17, 19]"
16397/6561,2.49916171,16397,6561,"[3, 19, 863]","[0, -8, 0, 0, 0, 0, 0, 1]","[2, 3, 5, 7, 11, 13, 17, 19]"
16402/6561,2.49992379,16402,6561,"[2, 3, 59, 139]","[1, -8, 0, 0, 0, 0, 0, 0]","[2, 3, 5, 7, 11, 13, 17, 19]"
16492/19683,0.83788040,16492,19683,"[2, 3, 7, 19, 31]","[2, -9, 0, 1, 0, 0, 0, 1]","[2, 3, 5, 7, 11, 13, 17, 19]"
16537/6561,2.52049992,16537,6561,"[3, 23, 719]","[0, -8, 0, 0, 0, 0, 0, 0]","[2, 3, 5, 7, 11, 13, 17, 19]"
16546/6561,2.52187167,16546,6561,"[2, 3, 8273]","[1, -8, 0, 0, 0, 0, 0, 0]","[2, 3, 5, 7, 11, 13, 17, 19]"
16550/6561,2.52248133,16550,6561,"[2, 3, 5, 331]","[1, -8, 2, 0, 0, 0, 0, 0]","[2, 3, 5, 7, 11, 13, 17, 19]"
16576/59049,0.28071602,16576,59049,"[2, 3, 7, 37]","[6, -10, 0, 1, 0, 0, 0, 0]","[2, 3, 5, 7, 11, 13, 17, 19]"
16649/6561,2.53757049,16649,6561,"[3, 16649]","[0, -8, 0, 0, 0, 0, 0, 0]","[2, 3, 5, 7, 11, 13, 17, 19]"
16658/6561,2.53894223,16658,6561,"[2, 3, 8329]","[1, -8, 0, 0, 0, 0, 0, 0]","[2, 3, 5, 7, 11, 13, 17, 19]"
16717/6561,2.54793477,16717,6561,"[3, 73, 229]","[0, -8, 0, 0, 0, 0, 0, 0]","[2, 3, 5, 7, 11, 13, 17, 19]"
16720/19683,0.84946400,16720,19683,"[2, 3, 5, 11, 19]","[4, -9, 1, 0, 1, 0, 0, 1]","[2, 3, 5, 7, 11, 13, 17, 19]"
16793/6561,2.55951837,16793,6561,"[3, 7, 2399]","[0, -8, 0, 1, 0, 0, 0, 0]","[2, 3, 5, 7, 11, 13, 17, 19]"
16802/6561,2.56089011,16802,6561,"[2, 3, 31, 271]","[1, -8, 0, 0, 0, 0, 0, 0]","[2, 3, 5, 7, 11, 13, 17, 19]"
16861/6561,2.56988264,16861,6561,"[3, 13, 1297]","[0, -8, 0, 0, 0, 1, 0, 0]","[2, 3, 5, 7, 11, 13, 17, 19]"
16870/6561,2.57125438,16870,6561,"[2, 3, 5, 7, 241]","[1, -8, 1, 1, 0, 0, 0, 0]","[2, 3, 5, 7, 11, 13, 17, 19]"
16912/19683,0.85921862,16912,19683,"[2, 3, 7, 151]","[4, -9, 0, 1, 0, 0, 0, 0]","[2, 3, 5, 7, 11, 13, 17, 19]"
16924/19683,0.85982828,16924,19683,"[2, 3, 4231]","[2, -9, 0, 0, 0, 0, 0, 0]","[2, 3, 5, 7, 11, 13, 17, 19]"
16969/6561,2.58634355,16969,6561,"[3, 71, 239]","[0, -8, 0, 0, 0, 0, 0, 0]","[2, 3, 5, 7, 11, 13, 17, 19]"
16973/6561,2.58695321,16973,6561,"[3, 11, 1543]","[0, -8, 0, 0, 1, 0, 0, 0]","[2, 3, 5, 7, 11, 13, 17, 19]"
17024/59049,0.28830293,17024,59049,"[2, 3, 7, 19]","[7, -10, 0, 1, 0, 0, 0, 1]","[2, 3, 5, 7, 11, 13, 17, 19]"
17113/6561,2.60829142,17113,6561,"[3, 109, 157]","[0, -8, 0, 0, 0, 0, 0, 0]","[2, 3, 5, 7, 11, 13, 17, 19]"
17116/19683,0.86958289,17116,19683,"[2, 3, 11, 389]","[2, -9, 0, 0, 1, 0, 0, 0]","[2, 3, 5, 7, 11, 13, 17, 19]"
17117/6561,2.60890108,17117,6561,"[3, 17117]","[0, -8, 0, 0, 0, 0, 0, 0]","[2, 3, 5, 7, 11, 13, 17, 19]"
17122/6561,2.60966316,17122,6561,"[2, 3, 7, 1223]","[1, -8, 0, 1, 0, 0, 0, 0]","[2, 3, 5, 7, 11, 13, 17, 19]"
17126/6561,2.61027282,17126,6561,"[2, 3, 8563]","[1, -8, 0, 0, 0, 0, 0, 0]","[2, 3, 5, 7, 11, 13, 17, 19]"
17225/6561,2.62536199,17225,6561,"[3, 5, 13, 53]","[0, -8, 2, 0, 0, 1, 0, 0]","[2, 3, 5, 7, 11, 13, 17, 19]"
17260/19683,0.87689885,17260,19683,"[2, 3, 5, 863]","[2, -9, 1, 0, 0, 0, 0, 0]","[2, 3, 5, 7, 11, 13, 17, 19]"
17266/6561,2.63161103,17266,6561,"[2, 3, 89, 97]","[1, -8, 0, 0, 0, 0, 0, 0]","[2, 3, 5, 7, 11, 13, 17, 19]"
17293/6561,2.63572626,17293,6561,"[3, 17293]","[0, -8, 0, 0, 0, 0, 0, 0]","[2, 3, 5, 7, 11, 13, 17, 19]"
17296/59049,0.29290928,17296,59049,"[2, 3, 23, 47]","[4, -10, 0, 0, 0, 0, 0, 0]","[2, 3, 5, 7, 11, 13, 17, 19]"
17369/6561,2.64730986,17369,6561,"[3, 11, 1579]","[0, -8, 0, 0, 1, 0, 0, 0]","[2, 3, 5, 7, 11, 13, 17, 19]"
17378/6561,2.64868160,17378,6561,"[2, 3, 8689]","[1, -8, 0, 0, 0, 0, 0, 0]","[2, 3, 5, 7, 11, 13, 17, 19]"
17437/6561,2.65767414,17437,6561,"[3, 7, 47, 53]","[0, -8, 0, 1, 0, 0, 0, 0]","[2, 3, 5, 7, 11, 13, 17, 19]"
17446/6561,2.65904588,17446,6561,"[2, 3, 11, 13, 61]","[1, -8, 0, 0, 1, 1, 0, 0]","[2, 3, 5, 7, 11, 13, 17, 19]"
17522/6561,2.67062948,17522,6561,"[2, 3, 8761]","[1, -8, 0, 0, 0, 0, 0, 0]","[2, 3, 5, 7, 11, 13, 17, 19]"
17548/19683,0.89153076,17548,19683,"[2, 3, 41, 107]","[2, -9, 0, 0, 0, 0, 0, 0]","[2, 3, 5, 7, 11, 13, 17, 19]"
17549/6561,2.67474470,17549,6561,"[3, 7, 23, 109]","[0, -8, 0, 1, 0, 0, 0, 0]","[2, 3, 5, 7, 11, 13, 17, 19]"
17590/6561,2.68099375,17590,6561,"[2, 3, 5, 1759]","[1, -8, 1, 0, 0, 0, 0, 0]","[2, 3, 5, 7, 11, 13, 17, 19]"
17600/59049,0.29805755,17600,59049,"[2, 3, 5, 11]","[6, -10, 2, 0, 1, 0, 0, 0]","[2, 3, 5, 7, 11, 13, 17, 19]"
17680/19683,0.89823706,17680,19683,"[2, 3, 5, 13, 17]","[4, -9, 1, 0, 0, 1, 1, 0]","[2, 3, 5, 7, 11, 13, 17, 19]"
17689/6561,2.69608291,17689,6561,"[3, 7, 19]","[0, -8, 0, 2, 0, 0, 0, 2]","[2, 3, 5, 7, 11, 13, 17, 19]"
17692/19683,0.89884672,17692,19683,"[2, 3, 4423]","[2, -9, 0, 0, 0, 0, 0, 0]","[2, 3, 5, 7, 11, 13, 17, 19]"
17693/6561,2.69669258,17693,6561,"[3, 13, 1361]","[0, -8, 0, 0, 0, 1, 0, 0]","[2, 3, 5, 7, 11, 13, 17, 19]"
17698/6561,2.69745466,17698,6561,"[2, 3, 8849]","[1, -8, 0, 0, 0, 0, 0, 0]","[2, 3, 5, 7, 11, 13, 17, 19]"
17702/6561,2.69806432,17702,6561,"[2, 3, 53, 167]","[1, -8, 0, 0, 0, 0, 0, 0]","[2, 3, 5, 7, 11, 13, 17, 19]"
17842/6561,2.71940253,17842,6561,"[2, 3, 11, 811]","[1, -8, 0, 0, 1, 0, 0, 0]","[2, 3, 5, 7, 11, 13, 17, 19]"
17846/6561,2.72001219,17846,6561,"[2, 3, 8923]","[1, -8, 0, 0, 0, 0, 0, 0]","[2, 3, 5, 7, 11, 13, 17, 19]"
17872/19683,0.90799167,17872,19683,"[2, 3, 1117]","[4, -9, 0, 0, 0, 0, 0, 0]","[2, 3, 5, 7, 11, 13, 17, 19]"
17872/59049,0.30266389,17872,59049,"[2, 3, 1117]","[4, -10, 0, 0, 0, 0, 0, 0]","[2, 3, 5, 7, 11, 13, 17, 19]"
17884/19683,0.90860133,17884,19683,"[2, 3, 17, 263]","[2, -9, 0, 0, 0, 0, 1, 0]","[2, 3, 5, 7, 11, 13, 17, 19]"
17945/6561,2.73510136,17945,6561,"[3, 5, 37, 97]","[0, -8, 1, 0, 0, 0, 0, 0]","[2, 3, 5, 7, 11, 13, 17, 19]"
17954/6561,2.73647310,17954,6561,"[2, 3, 47, 191]","[1, -8, 0, 0, 0, 0, 0, 0]","[2, 3, 5, 7, 11, 13, 17, 19]"
18013/6561,2.74546563,18013,6561,"[3, 18013]","[0, -8, 0, 0, 0, 0, 0, 0]","[2, 3, 5, 7, 11, 13, 17, 19]"
18022/6561,2.74683737,18022,6561,"[2, 3, 9011]","[1, -8, 0, 0, 0, 0, 0, 0]","[2, 3, 5, 7, 11, 13, 17, 19]"
18098/6561,2.75842097,18098,6561,"[2, 3, 9049]","[1, -8, 0, 0, 0, 0, 0, 0]","[2, 3, 5, 7, 11, 13, 17, 19]"
18157/6561,2.76741350,18157,6561,"[3, 67, 271]","[0, -8, 0, 0, 0, 0, 0, 0]","[2, 3, 5, 7, 11, 13, 17, 19]"
18166/6561,2.76878525,18166,6561,"[2, 3, 31, 293]","[1, -8, 0, 0, 0, 0, 0, 0]","[2, 3, 5, 7, 11, 13, 17, 19]"
18265/6561,2.78387441,18265,6561,"[3, 5, 13, 281]","[0, -8, 1, 0, 0, 1, 0, 0]","[2, 3, 5, 7, 11, 13, 17, 19]"
18269/6561,2.78448407,18269,6561,"[3, 18269]","[0, -8, 0, 0, 0, 0, 0, 0]","[2, 3, 5, 7, 11, 13, 17, 19]"
18278/6561,2.78585581,18278,6561,"[2, 3, 13, 19, 37]","[1, -8, 0, 0, 0, 1, 0, 1]","[2, 3, 5, 7, 11, 13, 17, 19]"
18304/59049,0.30997985,18304,59049,"[2, 3, 11, 13]","[7, -10, 0, 0, 1, 1, 0, 0]","[2, 3, 5, 7, 11, 13, 17, 19]"
18316/19683,0.93054920,18316,19683,"[2, 3, 19, 241]","[2, -9, 0, 0, 0, 0, 0, 1]","[2, 3, 5, 7, 11, 13, 17, 19]"
18320/59049,0.31025081,18320,59049,"[2, 3, 5, 229]","[4, -10, 1, 0, 0, 0, 0, 0]","[2, 3, 5, 7, 11, 13, 17, 19]"
18413/6561,2.80643195,18413,6561,"[3, 18413]","[0, -8, 0, 0, 0, 0, 0, 0]","[2, 3, 5, 7, 11, 13, 17, 19]"
18418/6561,2.80719403,18418,6561,"[2, 3, 9209]","[1, -8, 0, 0, 0, 0, 0, 0]","[2, 3, 5, 7, 11, 13, 17, 19]"
18422/6561,2.80780369,18422,6561,"[2, 3, 61, 151]","[1, -8, 0, 0, 0, 0, 0, 0]","[2, 3, 5, 7, 11, 13, 17, 19]"
18448/19683,0.93725550,18448,19683,"[2, 3, 1153]","[4, -9, 0, 0, 0, 0, 0, 0]","[2, 3, 5, 7, 11, 13, 17, 19]"
18520/19683,0.94091348,18520,19683,"[2, 3, 5, 463]","[3, -9, 1, 0, 0, 0, 0, 0]","[2, 3, 5, 7, 11, 13, 17, 19]"
18521/6561,2.82289285,18521,6561,"[3, 18521]","[0, -8, 0, 0, 0, 0, 0, 0]","[2, 3, 5, 7, 11, 13, 17, 19]"
18589/6561,2.83325713,18589,6561,"[3, 29, 641]","[0, -8, 0, 0, 0, 0, 0, 0]","[2, 3, 5, 7, 11, 13, 17, 19]"
18640/19683,0.94701011,18640,19683,"[2, 3, 5, 233]","[4, -9, 1, 0, 0, 0, 0, 0]","[2, 3, 5, 7, 11, 13, 17, 19]"
18652/19683,0.94761977,18652,19683,"[2, 3, 4663]","[2, -9, 0, 0, 0, 0, 0, 0]","[2, 3, 5, 7, 11, 13, 17, 19]"
18674/6561,2.84621247,18674,6561,"[2, 3, 9337]","[1, -8, 0, 0, 0, 0, 0, 0]","[2, 3, 5, 7, 11, 13, 17, 19]"
18733/6561,2.85520500,18733,6561,"[3, 11, 13, 131]","[0, -8, 0, 0, 1, 1, 0, 0]","[2, 3, 5, 7, 11, 13, 17, 19]"
18742/6561,2.85657674,18742,6561,"[2, 3, 9371]","[1, -8, 0, 0, 0, 0, 0, 0]","[2, 3, 5, 7, 11, 13, 17, 19]"
18844/19683,0.95737438,18844,19683,"[2, 3, 7, 673]","[2, -9, 0, 1, 0, 0, 0, 0]","[2, 3, 5, 7, 11, 13, 17, 19]"
18845/6561,2.87227557,18845,6561,"[3, 5, 3769]","[0, -8, 1, 0, 0, 0, 0, 0]","[2, 3, 5, 7, 11, 13, 17, 19]"
18880/59049,0.31973446,18880,59049,"[2, 3, 5, 59]","[6, -10, 1, 0, 0, 0, 0, 0]","[2, 3, 5, 7, 11, 13, 17, 19]"
18886/6561,2.87852462,18886,6561,"[2, 3, 7, 19, 71]","[1, -8, 0, 1, 0, 0, 0, 1]","[2, 3, 5, 7, 11, 13, 17, 19]"
18896/59049,0.32000542,18896,59049,"[2, 3, 1181]","[4, -10, 0, 0, 0, 0, 0, 0]","[2, 3, 5, 7, 11, 13, 17, 19]"
18989/6561,2.89422344,18989,6561,"[3, 17, 1117]","[0, -8, 0, 0, 0, 0, 1, 0]","[2, 3, 5, 7, 11, 13, 17, 19]"
18994/6561,2.89498552,18994,6561,"[2, 3, 9497]","[1, -8, 0, 0, 0, 0, 0, 0]","[2, 3, 5, 7, 11, 13, 17, 19]"
18998/6561,2.89559518,18998,6561,"[2, 3, 7, 23, 59]","[1, -8, 0, 1, 0, 0, 0, 0]","[2, 3, 5, 7, 11, 13, 17, 19]"
19084/19683,0.96956765,19084,19683,"[2, 3, 13, 367]","[2, -9, 0, 0, 0, 1, 0, 0]","[2, 3, 5, 7, 11, 13, 17, 19]"
19142/6561,2.91754306,19142,6561,"[2, 3, 17, 563]","[1, -8, 0, 0, 0, 0, 1, 0]","[2, 3, 5, 7, 11, 13, 17, 19]"
19210/6561,2.92790733,19210,6561,"[2, 3, 5, 17, 113]","[1, -8, 1, 0, 0, 0, 1, 0]","[2, 3, 5, 7, 11, 13, 17, 19]"
19250/6561,2.93400396,19250,6561,"[2, 3, 5, 7, 11]","[1, -8, 3, 1, 1, 0, 0, 0]","[2, 3, 5, 7, 11, 13, 17, 19]"
19276/19683,0.97932226,19276,19683,"[2, 3, 61, 79]","[2, -9, 0, 0, 0, 0, 0, 0]","[2, 3, 5, 7, 11, 13, 17, 19]"
19288/19683,0.97993192,19288,19683,"[2, 3, 2411]","[3, -9, 0, 0, 0, 0, 0, 0]","[2, 3, 5, 7, 11, 13, 17, 19]"
19309/6561,2.94299649,19309,6561,"[3, 19309]","[0, -8, 0, 0, 0, 0, 0, 0]","[2, 3, 5, 7, 11, 13, 17, 19]"
19318/6561,2.94436824,19318,6561,"[2, 3, 13, 743]","[1, -8, 0, 0, 0, 1, 0, 0]","[2, 3, 5, 7, 11, 13, 17, 19]"
19328/59049,0.32732138,19328,59049,"[2, 3, 151]","[7, -10, 0, 0, 0, 0, 0, 0]","[2, 3, 5, 7, 11, 13, 17, 19]"
19408/19683,0.98602855,19408,19683,"[2, 3, 1213]","[4, -9, 0, 0, 0, 0, 0, 0]","[2, 3, 5, 7, 11, 13, 17, 19]"
19420/19683,0.98663822,19420,19683,"[2, 3, 5, 971]","[2, -9, 1, 0, 0, 0, 0, 0]","[2, 3, 5, 7, 11, 13, 17, 19]"
19453/6561,2.96494437,19453,6561,"[3, 7, 397]","[0, -8, 0, 2, 0, 0, 0, 0]","[2, 3, 5, 7, 11, 13, 17, 19]"
19462/6561,2.96631611,19462,6561,"[2, 3, 37, 263]","[1, -8, 0, 0, 0, 0, 0, 0]","[2, 3, 5, 7, 11, 13, 17, 19]"
19466/6561,2.96692577,19466,6561,"[2, 3, 9733]","[1, -8, 0, 0, 0, 0, 0, 0]","[2, 3, 5, 7, 11, 13, 17, 19]"
19565/6561,2.98201494,19565,6561,"[3, 5, 7, 13, 43]","[0, -8, 1, 1, 0, 1, 0, 0]","[2, 3, 5, 7, 11, 13, 17, 19]"
19574/6561,2.98338668,19574,6561,"[2, 3, 9787]","[1, -8, 0, 0, 0, 0, 0, 0]","[2, 3, 5, 7, 11, 13, 17, 19]"
19600/59049,0.33192772,19600,59049,"[2, 3, 5, 7]","[4, -10, 2, 2, 0, 0, 0, 0]","[2, 3, 5, 7, 11, 13, 17, 19]"
19612/19683,0.99639283,19612,19683,"[2, 3, 4903]","[2, -9, 0, 0, 0, 0, 0, 0]","[2, 3, 5, 7, 11, 13, 17, 19]"
19709/6561,3.00396281,19709,6561,"[3, 19709]","[0, -8, 0, 0, 0, 0, 0, 0]","[2, 3, 5, 7, 11, 13, 17, 19]"
19718/6561,3.00533455,19718,6561,"[2, 3, 9859]","[1, -8, 0, 0, 0, 0, 0, 0]","[2, 3, 5, 7, 11, 13, 17, 19]"
19786/6561,3.01569883,19786,6561,"[2, 3, 13, 761]","[1, -8, 0, 0, 0, 1, 0, 0]","[2, 3, 5, 7, 11, 13, 17, 19]"
19852/19683,1.00858609,19852,19683,"[2, 3, 7, 709]","[2, -9, 0, 1, 0, 0, 0, 0]","[2, 3, 5, 7, 11, 13, 17, 19]"
19885/6561,3.03078799,19885,6561,"[3, 5, 41, 97]","[0, -8, 1, 0, 0, 0, 0, 0]","[2, 3, 5, 7, 11, 13, 17, 19]"
19904/59049,0.33707599,19904,59049,"[2, 3, 311]","[6, -10, 0, 0, 0, 0, 0, 0]","[2, 3, 5, 7, 11, 13, 17, 19]"
19939/6561,3.03901844,19939,6561,"[3, 127, 157]","[0, -8, 0, 0, 0, 0, 0, 0]","[2, 3, 5, 7, 11, 13, 17, 19]"
20029/6561,3.05273586,20029,6561,"[3, 20029]","[0, -8, 0, 0, 0, 0, 0, 0]","[2, 3, 5, 7, 11, 13, 17, 19]"
20038/6561,3.05410761,20038,6561,"[2, 3, 43, 233]","[1, -8, 0, 0, 0, 0, 0, 0]","[2, 3, 5, 7, 11, 13, 17, 19]"
20042/6561,3.05471727,20042,6561,"[2, 3, 11, 911]","[1, -8, 0, 0, 1, 0, 0, 0]","[2, 3, 5, 7, 11, 13, 17, 19]"
20044/19683,1.01834070,20044,19683,"[2, 3, 5011]","[2, -9, 0, 0, 0, 0, 0, 0]","[2, 3, 5, 7, 11, 13, 17, 19]"
20056/19683,1.01895036,20056,19683,"[2, 3, 23, 109]","[3, -9, 0, 0, 0, 0, 0, 0]","[2, 3, 5, 7, 11, 13, 17, 19]"
20141/6561,3.06980643,20141,6561,"[3, 11, 1831]","[0, -8, 0, 0, 1, 0, 0, 0]","[2, 3, 5, 7, 11, 13, 17, 19]"
20176/19683,1.02504699,20176,19683,"[2, 3, 13, 97]","[4, -9, 0, 0, 0, 1, 0, 0]","[2, 3, 5, 7, 11, 13, 17, 19]"
20176/59049,0.34168233,20176,59049,"[2, 3, 13, 97]","[4, -10, 0, 0, 0, 1, 0, 0]","[2, 3, 5, 7, 11, 13, 17, 19]"
20182/6561,3.07605548,20182,6561,"[2, 3, 10091]","[1, -8, 0, 0, 0, 0, 0, 0]","[2, 3, 5, 7, 11, 13, 17, 19]"
20195/6561,3.07803688,20195,6561,"[3, 5, 7, 577]","[0, -8, 1, 1, 0, 0, 0, 0]","[2, 3, 5, 7, 11, 13, 17, 19]"
20248/19683,1.02870497,20248,19683,"[2, 3, 2531]","[3, -9, 0, 0, 0, 0, 0, 0]","[2, 3, 5, 7, 11, 13, 17, 19]"
20285/6561,3.09175431,20285,6561,"[3, 5, 4057]","[0, -8, 1, 0, 0, 0, 0, 0]","[2, 3, 5, 7, 11, 13, 17, 19]"
20294/6561,3.09312605,20294,6561,"[2, 3, 73, 139]","[1, -8, 0, 0, 0, 0, 0, 0]","[2, 3, 5, 7, 11, 13, 17, 19]"
20362/6561,3.10349032,20362,6561,"[2, 3, 10181]","[1, -8, 0, 0, 0, 0, 0, 0]","[2, 3, 5, 7, 11, 13, 17, 19]"
20380/19683,1.03541127,20380,19683,"[2, 3, 5, 1019]","[2, -9, 1, 0, 0, 0, 0, 0]","[2, 3, 5, 7, 11, 13, 17, 19]"
20438/6561,3.11507392,20438,6561,"[2, 3, 11, 929]","[1, -8, 0, 0, 1, 0, 0, 0]","[2, 3, 5, 7, 11, 13, 17, 19]"
20506/6561,3.12543820,20506,6561,"[2, 3, 10253]","[1, -8, 0, 0, 0, 0, 0, 0]","[2, 3, 5, 7, 11, 13, 17, 19]"
20515/6561,3.12680994,20515,6561,"[3, 5, 11, 373]","[0, -8, 1, 0, 1, 0, 0, 0]","[2, 3, 5, 7, 11, 13, 17, 19]"
20605/6561,3.14052736,20605,6561,"[3, 5, 13, 317]","[0, -8, 1, 0, 0, 1, 0, 0]","[2, 3, 5, 7, 11, 13, 17, 19]"
20614/6561,3.14189910,20614,6561,"[2, 3, 11, 937]","[1, -8, 0, 0, 1, 0, 0, 0]","[2, 3, 5, 7, 11, 13, 17, 19]"
20618/6561,3.14250876,20618,6561,"[2, 3, 13, 61]","[1, -8, 0, 0, 0, 2, 0, 0]","[2, 3, 5, 7, 11, 13, 17, 19]"
20624/59049,0.34926925,20624,59049,"[2, 3, 1289]","[4, -10, 0, 0, 0, 0, 0, 0]","[2, 3, 5, 7, 11, 13, 17, 19]"
20707/19683,1.05202459,20707,19683,"[3, 20707]","[0, -9, 0, 0, 0, 0, 0, 0]","[2, 3, 5, 7, 11, 13, 17, 19]"
20758/6561,3.16384697,20758,6561,"[2, 3, 97, 107]","[1, -8, 0, 0, 0, 0, 0, 0]","[2, 3, 5, 7, 11, 13, 17, 19]"
20762/6561,3.16445664,20762,6561,"[2, 3, 7, 1483]","[1, -8, 0, 1, 0, 0, 0, 0]","[2, 3, 5, 7, 11, 13, 17, 19]"
20771/6561,3.16582838,20771,6561,"[3, 20771]","[0, -8, 0, 0, 0, 0, 0, 0]","[2, 3, 5, 7, 11, 13, 17, 19]"
20812/19683,1.05735914,20812,19683,"[2, 3, 11, 43]","[2, -9, 0, 0, 2, 0, 0, 0]","[2, 3, 5, 7, 11, 13, 17, 19]"
20824/19683,1.05796881,20824,19683,"[2, 3, 19, 137]","[3, -9, 0, 0, 0, 0, 0, 1]","[2, 3, 5, 7, 11, 13, 17, 19]"
20861/6561,3.17954580,20861,6561,"[3, 23, 907]","[0, -8, 0, 0, 0, 0, 0, 0]","[2, 3, 5, 7, 11, 13, 17, 19]"
20870/6561,3.18091754,20870,6561,"[2, 3, 5, 2087]","[1, -8, 1, 0, 0, 0, 0, 0]","[2, 3, 5, 7, 11, 13, 17, 19]"
20938/6561,3.19128182,20938,6561,"[2, 3, 19, 29]","[1, -8, 0, 0, 0, 0, 0, 2]","[2, 3, 5, 7, 11, 13, 17, 19]"
21004/19683,1.06711375,21004,19683,"[2, 3, 59, 89]","[2, -9, 0, 0, 0, 0, 0, 0]","[2, 3, 5, 7, 11, 13, 17, 19]"
21014/6561,3.20286542,21014,6561,"[2, 3, 7, 19, 79]","[1, -8, 0, 1, 0, 0, 0, 1]","[2, 3, 5, 7, 11, 13, 17, 19]"
21016/19683,1.06772342,21016,19683,"[2, 3, 37, 71]","[3, -9, 0, 0, 0, 0, 0, 0]","[2, 3, 5, 7, 11, 13, 17, 19]"
21082/6561,3.21322969,21082,6561,"[2, 3, 83, 127]","[1, -8, 0, 0, 0, 0, 0, 0]","[2, 3, 5, 7, 11, 13, 17, 19]"
21091/6561,3.21460143,21091,6561,"[3, 7, 23, 131]","[0, -8, 0, 1, 0, 0, 0, 0]","[2, 3, 5, 7, 11, 13, 17, 19]"
21148/19683,1.07442971,21148,19683,"[2, 3, 17, 311]","[2, -9, 0, 0, 0, 0, 1, 0]","[2, 3, 5, 7, 11, 13, 17, 19]"
21181/6561,3.22831885,21181,6561,"[3, 59, 359]","[0, -8, 0, 0, 0, 0, 0, 0]","[2, 3, 5, 7, 11, 13, 17, 19]"
21184/59049,0.35875290,21184,59049,"[2, 3, 331]","[6, -10, 0, 0, 0, 0, 0, 0]","[2, 3, 5, 7, 11, 13, 17, 19]"
21194/6561,3.23030026,21194,6561,"[2, 3, 10597]","[1, -8, 0, 0, 0, 0, 0, 0]","[2, 3, 5, 7, 11, 13, 17, 19]"
21200/59049,0.35902386,21200,59049,"[2, 3, 5, 53]","[4, -10, 2, 0, 0, 0, 0, 0]","[2, 3, 5, 7, 11, 13, 17, 19]"
21235/6561,3.23654931,21235,6561,"[3, 5, 31, 137]","[0, -8, 1, 0, 0, 0, 0, 0]","[2, 3, 5, 7, 11, 13, 17, 19]"
21334/6561,3.25163847,21334,6561,"[2, 3, 10667]","[1, -8, 0, 0, 0, 0, 0, 0]","[2, 3, 5, 7, 11, 13, 17, 19]"
21338/6561,3.25224813,21338,6561,"[2, 3, 47, 227]","[1, -8, 0, 0, 0, 0, 0, 0]","[2, 3, 5, 7, 11, 13, 17, 19]"
21347/6561,3.25361988,21347,6561,"[3, 21347]","[0, -8, 0, 0, 0, 0, 0, 0]","[2, 3, 5, 7, 11, 13, 17, 19]"
21436/19683,1.08906163,21436,19683,"[2, 3, 23, 233]","[2, -9, 0, 0, 0, 0, 0, 0]","[2, 3, 5, 7, 11, 13, 17, 19]"
21437/6561,3.26733730,21437,6561,"[3, 13, 17, 97]","[0, -8, 0, 0, 0, 1, 1, 0]","[2, 3, 5, 7, 11, 13, 17, 19]"
21475/19683,1.09104303,21475,19683,"[3, 5, 859]","[0, -9, 2, 0, 0, 0, 0, 0]","[2, 3, 5, 7, 11, 13, 17, 19]"
21491/6561,3.27556775,21491,6561,"[3, 21491]","[0, -8, 0, 0, 0, 0, 0, 0]","[2, 3, 5, 7, 11, 13, 17, 19]"
21580/19683,1.09637758,21580,19683,"[2, 3, 5, 13, 83]","[2, -9, 1, 0, 0, 1, 0, 0]","[2, 3, 5, 7, 11, 13, 17, 19]"
21590/6561,3.29065691,21590,6561,"[2, 3, 5, 17, 127]","[1, -8, 1, 0, 0, 0, 1, 0]","[2, 3, 5, 7, 11, 13, 17, 19]"
21658/6561,3.30102119,21658,6561,"[2, 3, 7, 13, 17]","[1, -8, 0, 2, 0, 1, 1, 0]","[2, 3, 5, 7, 11, 13, 17, 19]"
21667/6561,3.30239293,21667,6561,"[3, 47, 461]","[0, -8, 0, 0, 0, 0, 0, 0]","[2, 3, 5, 7, 11, 13, 17, 19]"
21772/19683,1.10613220,21772,19683,"[2, 3, 5443]","[2, -9, 0, 0, 0, 0, 0, 0]","[2, 3, 5, 7, 11, 13, 17, 19]"
21784/19683,1.10674186,21784,19683,"[2, 3, 7, 389]","[3, -9, 0, 1, 0, 0, 0, 0]","[2, 3, 5, 7, 11, 13, 17, 19]"
21802/6561,3.32296906,21802,6561,"[2, 3, 11, 991]","[1, -8, 0, 0, 1, 0, 0, 0]","[2, 3, 5, 7, 11, 13, 17, 19]"
21811/6561,3.32434080,21811,6561,"[3, 17, 1283]","[0, -8, 0, 0, 0, 0, 1, 0]","[2, 3, 5, 7, 11, 13, 17, 19]"
21910/6561,3.33942996,21910,6561,"[2, 3, 5, 7, 313]","[1, -8, 1, 1, 0, 0, 0, 0]","[2, 3, 5, 7, 11, 13, 17, 19]"
21914/6561,3.34003963,21914,6561,"[2, 3, 10957]","[1, -8, 0, 0, 0, 0, 0, 0]","[2, 3, 5, 7, 11, 13, 17, 19]"
21923/6561,3.34141137,21923,6561,"[3, 11, 1993]","[0, -8, 0, 0, 1, 0, 0, 0]","[2, 3, 5, 7, 11, 13, 17, 19]"
21976/19683,1.11649647,21976,19683,"[2, 3, 41, 67]","[3, -9, 0, 0, 0, 0, 0, 0]","[2, 3, 5, 7, 11, 13, 17, 19]"
22058/6561,3.36198750,22058,6561,"[2, 3, 41, 269]","[1, -8, 0, 0, 0, 0, 0, 0]","[2, 3, 5, 7, 11, 13, 17, 19]"
22067/6561,3.36335924,22067,6561,"[3, 22067]","[0, -8, 0, 0, 0, 0, 0, 0]","[2, 3, 5, 7, 11, 13, 17, 19]"
22126/6561,3.37235178,22126,6561,"[2, 3, 13, 23, 37]","[1, -8, 0, 0, 0, 1, 0, 0]","[2, 3, 5, 7, 11, 13, 17, 19]"
22166/6561,3.37844841,22166,6561,"[2, 3, 11083]","[1, -8, 0, 0, 0, 0, 0, 0]","[2, 3, 5, 7, 11, 13, 17, 19]"
22204/19683,1.12808007,22204,19683,"[2, 3, 7, 13, 61]","[2, -9, 0, 1, 0, 1, 0, 0]","[2, 3, 5, 7, 11, 13, 17, 19]"
22208/59049,0.37609443,22208,59049,"[2, 3, 347]","[6, -10, 0, 0, 0, 0, 0, 0]","[2, 3, 5, 7, 11, 13, 17, 19]"
22234/6561,3.38881268,22234,6561,"[2, 3, 11117]","[1, -8, 0, 0, 0, 0, 0, 0]","[2, 3, 5, 7, 11, 13, 17, 19]"
22243/19683,1.13006147,22243,19683,"[3, 13, 29, 59]","[0, -9, 0, 0, 0, 1, 0, 0]","[2, 3, 5, 7, 11, 13, 17, 19]"
22378/6561,3.41076055,22378,6561,"[2, 3, 67, 167]","[1, -8, 0, 0, 0, 0, 0, 0]","[2, 3, 5, 7, 11, 13, 17, 19]"
22382/6561,3.41137022,22382,6561,"[2, 3, 19, 31]","[1, -8, 0, 0, 0, 0, 0, 2]","[2, 3, 5, 7, 11, 13, 17, 19]"
22387/6561,3.41213230,22387,6561,"[3, 61, 367]","[0, -8, 0, 0, 0, 0, 0, 0]","[2, 3, 5, 7, 11, 13, 17, 19]"
22408/19683,1.13844434,22408,19683,"[2, 3, 2801]","[3, -9, 0, 0, 0, 0, 0, 0]","[2, 3, 5, 7, 11, 13, 17, 19]"
22435/19683,1.13981608,22435,19683,"[3, 5, 7, 641]","[0, -9, 1, 1, 0, 0, 0, 0]","[2, 3, 5, 7, 11, 13, 17, 19]"
22480/59049,0.38070077,22480,59049,"[2, 3, 5, 281]","[4, -10, 1, 0, 0, 0, 0, 0]","[2, 3, 5, 7, 11, 13, 17, 19]"
22490/6561,3.42783112,22490,6561,"[2, 3, 5, 13, 173]","[1, -8, 1, 0, 0, 1, 0, 0]","[2, 3, 5, 7, 11, 13, 17, 19]"
22531/6561,3.43408017,22531,6561,"[3, 22531]","[0, -8, 0, 0, 0, 0, 0, 0]","[2, 3, 5, 7, 11, 13, 17, 19]"
22540/19683,1.14515064,22540,19683,"[2, 3, 5, 7, 23]","[2, -9, 1, 2, 0, 0, 0, 0]","[2, 3, 5, 7, 11, 13, 17, 19]"
22552/19683,1.14576030,22552,19683,"[2, 3, 2819]","[3, -9, 0, 0, 0, 0, 0, 0]","[2, 3, 5, 7, 11, 13, 17, 19]"
22634/6561,3.44977900,22634,6561,"[2, 3, 11317]","[1, -8, 0, 0, 0, 0, 0, 0]","[2, 3, 5, 7, 11, 13, 17, 19]"
22643/6561,3.45115074,22643,6561,"[3, 22643]","[0, -8, 0, 0, 0, 0, 0, 0]","[2, 3, 5, 7, 11, 13, 17, 19]"
22702/6561,3.46014327,22702,6561,"[2, 3, 11351]","[1, -8, 0, 0, 0, 0, 0, 0]","[2, 3, 5, 7, 11, 13, 17, 19]"
22732/19683,1.15490525,22732,19683,"[2, 3, 5683]","[2, -9, 0, 0, 0, 0, 0, 0]","[2, 3, 5, 7, 11, 13, 17, 19]"
22744/19683,1.15551491,22744,19683,"[2, 3, 2843]","[3, -9, 0, 0, 0, 0, 0, 0]","[2, 3, 5, 7, 11, 13, 17, 19]"
22787/6561,3.47309861,22787,6561,"[3, 22787]","[0, -8, 0, 0, 0, 0, 0, 0]","[2, 3, 5, 7, 11, 13, 17, 19]"
22855/6561,3.48346289,22855,6561,"[3, 5, 7, 653]","[0, -8, 1, 1, 0, 0, 0, 0]","[2, 3, 5, 7, 11, 13, 17, 19]"
22954/6561,3.49855205,22954,6561,"[2, 3, 23, 499]","[1, -8, 0, 0, 0, 0, 0, 0]","[2, 3, 5, 7, 11, 13, 17, 19]"
22958/6561,3.49916171,22958,6561,"[2, 3, 13, 883]","[1, -8, 0, 0, 0, 1, 0, 0]","[2, 3, 5, 7, 11, 13, 17, 19]"
22963/6561,3.49992379,22963,6561,"[3, 22963]","[0, -8, 0, 0, 0, 0, 0, 0]","[2, 3, 5, 7, 11, 13, 17, 19]"
22972/19683,1.16709851,22972,19683,"[2, 3, 5743]","[2, -9, 0, 0, 0, 0, 0, 0]","[2, 3, 5, 7, 11, 13, 17, 19]"
23011/19683,1.16907992,23011,19683,"[3, 23011]","[0, -9, 0, 0, 0, 0, 0, 0]","[2, 3, 5, 7, 11, 13, 17, 19]"
23056/59049,0.39045538,23056,59049,"[2, 3, 11, 131]","[4, -10, 0, 0, 1, 0, 0, 0]","[2, 3, 5, 7, 11, 13, 17, 19]"
23098/6561,3.52049992,23098,6561,"[2, 3, 11549]","[1, -8, 0, 0, 0, 0, 0, 0]","[2, 3, 5, 7, 11, 13, 17, 19]"
23107/6561,3.52187167,23107,6561,"[3, 7, 3301]","[0, -8, 0, 1, 0, 0, 0, 0]","[2, 3, 5, 7, 11, 13, 17, 19]"
23111/6561,3.52248133,23111,6561,"[3, 11, 191]","[0, -8, 0, 0, 2, 0, 0, 0]","[2, 3, 5, 7, 11, 13, 17, 19]"
23164/19683,1.17685312,23164,19683,"[2, 3, 5791]","[2, -9, 0, 0, 0, 0, 0, 0]","[2, 3, 5, 7, 11, 13, 17, 19]"
23176/19683,1.17746279,23176,19683,"[2, 3, 2897]","[3, -9, 0, 0, 0, 0, 0, 0]","[2, 3, 5, 7, 11, 13, 17, 19]"
23203/19683,1.17883453,23203,19683,"[3, 23203]","[0, -9, 0, 0, 0, 0, 0, 0]","[2, 3, 5, 7, 11, 13, 17, 19]"
23210/6561,3.53757049,23210,6561,"[2, 3, 5, 11, 211]","[1, -8, 1, 0, 1, 0, 0, 0]","[2, 3, 5, 7, 11, 13, 17, 19]"
23219/6561,3.53894223,23219,6561,"[3, 7, 31, 107]","[0, -8, 0, 1, 0, 0, 0, 0]","[2, 3, 5, 7, 11, 13, 17, 19]"
23278/6561,3.54793477,23278,6561,"[2, 3, 103, 113]","[1, -8, 0, 0, 0, 0, 0, 0]","[2, 3, 5, 7, 11, 13, 17, 19]"
23308/19683,1.18416908,23308,19683,"[2, 3, 5827]","[2, -9, 0, 0, 0, 0, 0, 0]","[2, 3, 5, 7, 11, 13, 17, 19]"
23354/6561,3.55951837,23354,6561,"[2, 3, 11677]","[1, -8, 0, 0, 0, 0, 0, 0]","[2, 3, 5, 7, 11, 13, 17, 19]"
23363/6561,3.56089011,23363,6561,"[3, 61, 383]","[0, -8, 0, 0, 0, 0, 0, 0]","[2, 3, 5, 7, 11, 13, 17, 19]"
23422/6561,3.56988264,23422,6561,"[2, 3, 7, 239]","[1, -8, 0, 2, 0, 0, 0, 0]","[2, 3, 5, 7, 11, 13, 17, 19]"
23431/6561,3.57125438,23431,6561,"[3, 23431]","[0, -8, 0, 0, 0, 0, 0, 0]","[2, 3, 5, 7, 11, 13, 17, 19]"
23488/59049,0.39777134,23488,59049,"[2, 3, 367]","[6, -10, 0, 0, 0, 0, 0, 0]","[2, 3, 5, 7, 11, 13, 17, 19]"
23500/19683,1.19392369,23500,19683,"[2, 3, 5, 47]","[2, -9, 3, 0, 0, 0, 0, 0]","[2, 3, 5, 7, 11, 13, 17, 19]"
23504/59049,0.39804230,23504,59049,"[2, 3, 13, 113]","[4, -10, 0, 0, 0, 1, 0, 0]","[2, 3, 5, 7, 11, 13, 17, 19]"
23512/19683,1.19453335,23512,19683,"[2, 3, 2939]","[3, -9, 0, 0, 0, 0, 0, 0]","[2, 3, 5, 7, 11, 13, 17, 19]"
23530/6561,3.58634355,23530,6561,"[2, 3, 5, 13, 181]","[1, -8, 1, 0, 0, 1, 0, 0]","[2, 3, 5, 7, 11, 13, 17, 19]"
23534/6561,3.58695321,23534,6561,"[2, 3, 7, 41]","[1, -8, 0, 1, 0, 0, 0, 0]","[2, 3, 5, 7, 11, 13, 17, 19]"
23674/6561,3.60829142,23674,6561,"[2, 3, 7, 19, 89]","[1, -8, 0, 1, 0, 0, 0, 1]","[2, 3, 5, 7, 11, 13, 17, 19]"
23678/6561,3.60890108,23678,6561,"[2, 3, 11839]","[1, -8, 0, 0, 0, 0, 0, 0]","[2, 3, 5, 7, 11, 13, 17, 19]"
23683/6561,3.60966316,23683,6561,"[3, 11, 2153]","[0, -8, 0, 0, 1, 0, 0, 0]","[2, 3, 5, 7, 11, 13, 17, 19]"
23687/6561,3.61027282,23687,6561,"[3, 23687]","[0, -8, 0, 0, 0, 0, 0, 0]","[2, 3, 5, 7, 11, 13, 17, 19]"
23704/19683,1.20428796,23704,19683,"[2, 3, 2963]","[3, -9, 0, 0, 0, 0, 0, 0]","[2, 3, 5, 7, 11, 13, 17, 19]"
23740/19683,1.20611695,23740,19683,"[2, 3, 5, 1187]","[2, -9, 1, 0, 0, 0, 0, 0]","[2, 3, 5, 7, 11, 13, 17, 19]"
23786/6561,3.62536199,23786,6561,"[2, 3, 7, 1699]","[1, -8, 0, 1, 0, 0, 0, 0]","[2, 3, 5, 7, 11, 13, 17, 19]"
23827/6561,3.63161103,23827,6561,"[3, 23827]","[0, -8, 0, 0, 0, 0, 0, 0]","[2, 3, 5, 7, 11, 13, 17, 19]"
23854/6561,3.63572626,23854,6561,"[2, 3, 11927]","[1, -8, 0, 0, 0, 0, 0, 0]","[2, 3, 5, 7, 11, 13, 17, 19]"
23930/6561,3.64730986,23930,6561,"[2, 3, 5, 2393]","[1, -8, 1, 0, 0, 0, 0, 0]","[2, 3, 5, 7, 11, 13, 17, 19]"
23932/19683,1.21587156,23932,19683,"[2, 3, 31, 193]","[2, -9, 0, 0, 0, 0, 0, 0]","[2, 3, 5, 7, 11, 13, 17, 19]"
23939/6561,3.64868160,23939,6561,"[3, 37, 647]","[0, -8, 0, 0, 0, 0, 0, 0]","[2, 3, 5, 7, 11, 13, 17, 19]"
23944/19683,1.21648123,23944,19683,"[2, 3, 41, 73]","[3, -9, 0, 0, 0, 0, 0, 0]","[2, 3, 5, 7, 11, 13, 17, 19]"
23971/19683,1.21785297,23971,19683,"[3, 23971]","[0, -9, 0, 0, 0, 0, 0, 0]","[2, 3, 5, 7, 11, 13, 17, 19]"
23998/6561,3.65767414,23998,6561,"[2, 3, 13, 71]","[1, -8, 0, 0, 0, 2, 0, 0]","[2, 3, 5, 7, 11, 13, 17, 19]"
24007/6561,3.65904588,24007,6561,"[3, 24007]","[0, -8, 0, 0, 0, 0, 0, 0]","[2, 3, 5, 7, 11, 13, 17, 19]"
24080/59049,0.40779691,24080,59049,"[2, 3, 5, 7, 43]","[4, -10, 1, 1, 0, 0, 0, 0]","[2, 3, 5, 7, 11, 13, 17, 19]"
24083/6561,3.67062948,24083,6561,"[3, 24083]","[0, -8, 0, 0, 0, 0, 0, 0]","[2, 3, 5, 7, 11, 13, 17, 19]"
24110/6561,3.67474470,24110,6561,"[2, 3, 5, 2411]","[1, -8, 1, 0, 0, 0, 0, 0]","[2, 3, 5, 7, 11, 13, 17, 19]"
24136/19683,1.22623584,24136,19683,"[2, 3, 7, 431]","[3, -9, 0, 1, 0, 0, 0, 0]","[2, 3, 5, 7, 11, 13, 17, 19]"
24151/6561,3.68099375,24151,6561,"[3, 24151]","[0, -8, 0, 0, 0, 0, 0, 0]","[2, 3, 5, 7, 11, 13, 17, 19]"
24163/19683,1.22760758,24163,19683,"[3, 73, 331]","[0, -9, 0, 0, 0, 0, 0, 0]","[2, 3, 5, 7, 11, 13, 17, 19]"
24250/6561,3.69608291,24250,6561,"[2, 3, 5, 97]","[1, -8, 3, 0, 0, 0, 0, 0]","[2, 3, 5, 7, 11, 13, 17, 19]"
24254/6561,3.69669258,24254,6561,"[2, 3, 67, 181]","[1, -8, 0, 0, 0, 0, 0, 0]","[2, 3, 5, 7, 11, 13, 17, 19]"
24259/6561,3.69745466,24259,6561,"[3, 17, 1427]","[0, -8, 0, 0, 0, 0, 1, 0]","[2, 3, 5, 7, 11, 13, 17, 19]"
24263/6561,3.69806432,24263,6561,"[3, 19, 1277]","[0, -8, 0, 0, 0, 0, 0, 1]","[2, 3, 5, 7, 11, 13, 17, 19]"
24268/19683,1.23294213,24268,19683,"[2, 3, 6067]","[2, -9, 0, 0, 0, 0, 0, 0]","[2, 3, 5, 7, 11, 13, 17, 19]"
24280/19683,1.23355180,24280,19683,"[2, 3, 5, 607]","[3, -9, 1, 0, 0, 0, 0, 0]","[2, 3, 5, 7, 11, 13, 17, 19]"
24352/59049,0.41240326,24352,59049,"[2, 3, 761]","[5, -10, 0, 0, 0, 0, 0, 0]","[2, 3, 5, 7, 11, 13, 17, 19]"
24403/6561,3.71940253,24403,6561,"[3, 23, 1061]","[0, -8, 0, 0, 0, 0, 0, 0]","[2, 3, 5, 7, 11, 13, 17, 19]"
24407/6561,3.72001219,24407,6561,"[3, 24407]","[0, -8, 0, 0, 0, 0, 0, 0]","[2, 3, 5, 7, 11, 13, 17, 19]"
24472/19683,1.24330641,24472,19683,"[2, 3, 7, 19, 23]","[3, -9, 0, 1, 0, 0, 0, 1]","[2, 3, 5, 7, 11, 13, 17, 19]"
24506/6561,3.73510136,24506,6561,"[2, 3, 12253]","[1, -8, 0, 0, 0, 0, 0, 0]","[2, 3, 5, 7, 11, 13, 17, 19]"
24512/59049,0.41511287,24512,59049,"[2, 3, 383]","[6, -10, 0, 0, 0, 0, 0, 0]","[2, 3, 5, 7, 11, 13, 17, 19]"
24515/6561,3.73647310,24515,6561,"[3, 5, 4903]","[0, -8, 1, 0, 0, 0, 0, 0]","[2, 3, 5, 7, 11, 13, 17, 19]"
24574/6561,3.74546563,24574,6561,"[2, 3, 11, 1117]","[1, -8, 0, 0, 1, 0, 0, 0]","[2, 3, 5, 7, 11, 13, 17, 19]"
24583/6561,3.74683737,24583,6561,"[3, 13, 31, 61]","[0, -8, 0, 0, 0, 1, 0, 0]","[2, 3, 5, 7, 11, 13, 17, 19]"
24595/19683,1.24955545,24595,19683,"[3, 5, 4919]","[0, -9, 1, 0, 0, 0, 0, 0]","[2, 3, 5, 7, 11, 13, 17, 19]"
24659/6561,3.75842097,24659,6561,"[3, 24659]","[0, -8, 0, 0, 0, 0, 0, 0]","[2, 3, 5, 7, 11, 13, 17, 19]"
24700/19683,1.25489001,24700,19683,"[2, 3, 5, 13, 19]","[2, -9, 2, 0, 0, 1, 0, 1]","[2, 3, 5, 7, 11, 13, 17, 19]"
24712/19683,1.25549967,24712,19683,"[2, 3, 3089]","[3, -9, 0, 0, 0, 0, 0, 0]","[2, 3, 5, 7, 11, 13, 17, 19]"
24718/6561,3.76741350,24718,6561,"[2, 3, 17, 727]","[1, -8, 0, 0, 0, 0, 1, 0]","[2, 3, 5, 7, 11, 13, 17, 19]"
24727/6561,3.76878525,24727,6561,"[3, 79, 313]","[0, -8, 0, 0, 0, 0, 0, 0]","[2, 3, 5, 7, 11, 13, 17, 19]"
24739/19683,1.25687141,24739,19683,"[3, 11, 13, 173]","[0, -9, 0, 0, 1, 1, 0, 0]","[2, 3, 5, 7, 11, 13, 17, 19]"
24784/59049,0.41971922,24784,59049,"[2, 3, 1549]","[4, -10, 0, 0, 0, 0, 0, 0]","[2, 3, 5, 7, 11, 13, 17, 19]"
24826/6561,3.78387441,24826,6561,"[2, 3, 12413]","[1, -8, 0, 0, 0, 0, 0, 0]","[2, 3, 5, 7, 11, 13, 17, 19]"
24830/6561,3.78448407,24830,6561,"[2, 3, 5, 13, 191]","[1, -8, 1, 0, 0, 1, 0, 0]","[2, 3, 5, 7, 11, 13, 17, 19]"
24839/6561,3.78585581,24839,6561,"[3, 59, 421]","[0, -8, 0, 0, 0, 0, 0, 0]","[2, 3, 5, 7, 11, 13, 17, 19]"
24892/19683,1.26464462,24892,19683,"[2, 3, 7, 127]","[2, -9, 0, 2, 0, 0, 0, 0]","[2, 3, 5, 7, 11, 13, 17, 19]"
24904/19683,1.26525428,24904,19683,"[2, 3, 11, 283]","[3, -9, 0, 0, 1, 0, 0, 0]","[2, 3, 5, 7, 11, 13, 17, 19]"
24931/19683,1.26662602,24931,19683,"[3, 107, 233]","[0, -9, 0, 0, 0, 0, 0, 0]","[2, 3, 5, 7, 11, 13, 17, 19]"
24974/6561,3.80643195,24974,6561,"[2, 3, 12487]","[1, -8, 0, 0, 0, 0, 0, 0]","[2, 3, 5, 7, 11, 13, 17, 19]"
24979/6561,3.80719403,24979,6561,"[3, 24979]","[0, -8, 0, 0, 0, 0, 0, 0]","[2, 3, 5, 7, 11, 13, 17, 19]"
24983/6561,3.80780369,24983,6561,"[3, 7, 43, 83]","[0, -8, 0, 1, 0, 0, 0, 0]","[2, 3, 5, 7, 11, 13, 17, 19]"
25036/19683,1.27196058,25036,19683,"[2, 3, 11, 569]","[2, -9, 0, 0, 1, 0, 0, 0]","[2, 3, 5, 7, 11, 13, 17, 19]"
25082/6561,3.82289285,25082,6561,"[2, 3, 12541]","[1, -8, 0, 0, 0, 0, 0, 0]","[2, 3, 5, 7, 11, 13, 17, 19]"
25150/6561,3.83325713,25150,6561,"[2, 3, 5, 503]","[1, -8, 2, 0, 0, 0, 0, 0]","[2, 3, 5, 7, 11, 13, 17, 19]"
25235/6561,3.84621247,25235,6561,"[3, 5, 7, 103]","[0, -8, 1, 2, 0, 0, 0, 0]","[2, 3, 5, 7, 11, 13, 17, 19]"
25240/19683,1.28232485,25240,19683,"[2, 3, 5, 631]","[3, -9, 1, 0, 0, 0, 0, 0]","[2, 3, 5, 7, 11, 13, 17, 19]"
25294/6561,3.85520500,25294,6561,"[2, 3, 12647]","[1, -8, 0, 0, 0, 0, 0, 0]","[2, 3, 5, 7, 11, 13, 17, 19]"
25303/6561,3.85657674,25303,6561,"[3, 25303]","[0, -8, 0, 0, 0, 0, 0, 0]","[2, 3, 5, 7, 11, 13, 17, 19]"
25360/59049,0.42947383,25360,59049,"[2, 3, 5, 317]","[4, -10, 1, 0, 0, 0, 0, 0]","[2, 3, 5, 7, 11, 13, 17, 19]"
25363/19683,1.28857390,25363,19683,"[3, 13, 1951]","[0, -9, 0, 0, 0, 1, 0, 0]","[2, 3, 5, 7, 11, 13, 17, 19]"
25376/59049,0.42974479,25376,59049,"[2, 3, 13, 61]","[5, -10, 0, 0, 0, 1, 0, 0]","[2, 3, 5, 7, 11, 13, 17, 19]"
25406/6561,3.87227557,25406,6561,"[2, 3, 12703]","[1, -8, 0, 0, 0, 0, 0, 0]","[2, 3, 5, 7, 11, 13, 17, 19]"
25447/6561,3.87852462,25447,6561,"[3, 25447]","[0, -8, 0, 0, 0, 0, 0, 0]","[2, 3, 5, 7, 11, 13, 17, 19]"
25468/19683,1.29390845,25468,19683,"[2, 3, 6367]","[2, -9, 0, 0, 0, 0, 0, 0]","[2, 3, 5, 7, 11, 13, 17, 19]"
25550/6561,3.89422344,25550,6561,"[2, 3, 5, 7, 73]","[1, -8, 2, 1, 0, 0, 0, 0]","[2, 3, 5, 7, 11, 13, 17, 19]"
25555/6561,3.89498552,25555,6561,"[3, 5, 19, 269]","[0, -8, 1, 0, 0, 0, 0, 1]","[2, 3, 5, 7, 11, 13, 17, 19]"
25559/6561,3.89559518,25559,6561,"[3, 61, 419]","[0, -8, 0, 0, 0, 0, 0, 0]","[2, 3, 5, 7, 11, 13, 17, 19]"
25660/19683,1.30366306,25660,19683,"[2, 3, 5, 1283]","[2, -9, 1, 0, 0, 0, 0, 0]","[2, 3, 5, 7, 11, 13, 17, 19]"
25672/19683,1.30427272,25672,19683,"[2, 3, 3209]","[3, -9, 0, 0, 0, 0, 0, 0]","[2, 3, 5, 7, 11, 13, 17, 19]"
25699/19683,1.30564446,25699,19683,"[3, 31, 829]","[0, -9, 0, 0, 0, 0, 0, 0]","[2, 3, 5, 7, 11, 13, 17, 19]"
25703/6561,3.91754306,25703,6561,"[3, 25703]","[0, -8, 0, 0, 0, 0, 0, 0]","[2, 3, 5, 7, 11, 13, 17, 19]"
25771/6561,3.92790733,25771,6561,"[3, 25771]","[0, -8, 0, 0, 0, 0, 0, 0]","[2, 3, 5, 7, 11, 13, 17, 19]"
25808/59049,0.43706075,25808,59049,"[2, 3, 1613]","[4, -10, 0, 0, 0, 0, 0, 0]","[2, 3, 5, 7, 11, 13, 17, 19]"
25811/6561,3.93400396,25811,6561,"[3, 53, 487]","[0, -8, 0, 0, 0, 0, 0, 0]","[2, 3, 5, 7, 11, 13, 17, 19]"
25864/19683,1.31402733,25864,19683,"[2, 3, 53, 61]","[3, -9, 0, 0, 0, 0, 0, 0]","[2, 3, 5, 7, 11, 13, 17, 19]"
25870/6561,3.94299649,25870,6561,"[2, 3, 5, 13, 199]","[1, -8, 1, 0, 0, 1, 0, 0]","[2, 3, 5, 7, 11, 13, 17, 19]"
25879/6561,3.94436824,25879,6561,"[3, 7, 3697]","[0, -8, 0, 1, 0, 0, 0, 0]","[2, 3, 5, 7, 11, 13, 17, 19]"
25891/19683,1.31539908,25891,19683,"[3, 17, 1523]","[0, -9, 0, 0, 0, 0, 1, 0]","[2, 3, 5, 7, 11, 13, 17, 19]"
26008/19683,1.32134329,26008,19683,"[2, 3, 3251]","[3, -9, 0, 0, 0, 0, 0, 0]","[2, 3, 5, 7, 11, 13, 17, 19]"
26014/6561,3.96494437,26014,6561,"[2, 3, 13007]","[1, -8, 0, 0, 0, 0, 0, 0]","[2, 3, 5, 7, 11, 13, 17, 19]"
26023/6561,3.96631611,26023,6561,"[3, 53, 491]","[0, -8, 0, 0, 0, 0, 0, 0]","[2, 3, 5, 7, 11, 13, 17, 19]"
26027/6561,3.96692577,26027,6561,"[3, 17, 1531]","[0, -8, 0, 0, 0, 0, 1, 0]","[2, 3, 5, 7, 11, 13, 17, 19]"
26126/6561,3.98201494,26126,6561,"[2, 3, 13063]","[1, -8, 0, 0, 0, 0, 0, 0]","[2, 3, 5, 7, 11, 13, 17, 19]"
26131/19683,1.32759234,26131,19683,"[3, 7, 3733]","[0, -9, 0, 1, 0, 0, 0, 0]","[2, 3, 5, 7, 11, 13, 17, 19]"
26135/6561,3.98338668,26135,6561,"[3, 5, 5227]","[0, -8, 1, 0, 0, 0, 0, 0]","[2, 3, 5, 7, 11, 13, 17, 19]"
26270/6561,4.00396281,26270,6561,"[2, 3, 5, 37, 71]","[1, -8, 1, 0, 0, 0, 0, 0]","[2, 3, 5, 7, 11, 13, 17, 19]"
26279/6561,4.00533455,26279,6561,"[3, 11, 2389]","[0, -8, 0, 0, 1, 0, 0, 0]","[2, 3, 5, 7, 11, 13, 17, 19]"
26296/19683,1.33597521,26296,19683,"[2, 3, 19, 173]","[3, -9, 0, 0, 0, 0, 0, 1]","[2, 3, 5, 7, 11, 13, 17, 19]"
26323/19683,1.33734695,26323,19683,"[3, 11, 2393]","[0, -9, 0, 0, 1, 0, 0, 0]","[2, 3, 5, 7, 11, 13, 17, 19]"
26347/6561,4.01569883,26347,6561,"[3, 26347]","[0, -8, 0, 0, 0, 0, 0, 0]","[2, 3, 5, 7, 11, 13, 17, 19]"
26384/59049,0.44681536,26384,59049,"[2, 3, 17, 97]","[4, -10, 0, 0, 0, 0, 1, 0]","[2, 3, 5, 7, 11, 13, 17, 19]"
26428/19683,1.34268150,26428,19683,"[2, 3, 6607]","[2, -9, 0, 0, 0, 0, 0, 0]","[2, 3, 5, 7, 11, 13, 17, 19]"
26440/19683,1.34329116,26440,19683,"[2, 3, 5, 661]","[3, -9, 1, 0, 0, 0, 0, 0]","[2, 3, 5, 7, 11, 13, 17, 19]"
26446/6561,4.03078799,26446,6561,"[2, 3, 7, 1889]","[1, -8, 0, 1, 0, 0, 0, 0]","[2, 3, 5, 7, 11, 13, 17, 19]"
26467/19683,1.34466291,26467,19683,"[3, 7, 19, 199]","[0, -9, 0, 1, 0, 0, 0, 1]","[2, 3, 5, 7, 11, 13, 17, 19]"
26590/6561,4.05273586,26590,6561,"[2, 3, 5, 2659]","[1, -8, 1, 0, 0, 0, 0, 0]","[2, 3, 5, 7, 11, 13, 17, 19]"
26599/6561,4.05410761,26599,6561,"[3, 67, 397]","[0, -8, 0, 0, 0, 0, 0, 0]","[2, 3, 5, 7, 11, 13, 17, 19]"
26603/6561,4.05471727,26603,6561,"[3, 37, 719]","[0, -8, 0, 0, 0, 0, 0, 0]","[2, 3, 5, 7, 11, 13, 17, 19]"
26620/19683,1.35243611,26620,19683,"[2, 3, 5, 11]","[2, -9, 1, 0, 3, 0, 0, 0]","[2, 3, 5, 7, 11, 13, 17, 19]"
26632/19683,1.35304578,26632,19683,"[2, 3, 3329]","[3, -9, 0, 0, 0, 0, 0, 0]","[2, 3, 5, 7, 11, 13, 17, 19]"
26656/59049,0.45142170,26656,59049,"[2, 3, 7, 17]","[5, -10, 0, 2, 0, 0, 1, 0]","[2, 3, 5, 7, 11, 13, 17, 19]"
26659/19683,1.35441752,26659,19683,"[3, 53, 503]","[0, -9, 0, 0, 0, 0, 0, 0]","[2, 3, 5, 7, 11, 13, 17, 19]"
26702/6561,4.06980643,26702,6561,"[2, 3, 13, 79]","[1, -8, 0, 0, 0, 2, 0, 0]","[2, 3, 5, 7, 11, 13, 17, 19]"
26743/6561,4.07605548,26743,6561,"[3, 47, 569]","[0, -8, 0, 0, 0, 0, 0, 0]","[2, 3, 5, 7, 11, 13, 17, 19]"
26846/6561,4.09175431,26846,6561,"[2, 3, 31, 433]","[1, -8, 0, 0, 0, 0, 0, 0]","[2, 3, 5, 7, 11, 13, 17, 19]"
26855/6561,4.09312605,26855,6561,"[3, 5, 41, 131]","[0, -8, 1, 0, 0, 0, 0, 0]","[2, 3, 5, 7, 11, 13, 17, 19]"
26899/19683,1.36661078,26899,19683,"[3, 37, 727]","[0, -9, 0, 0, 0, 0, 0, 0]","[2, 3, 5, 7, 11, 13, 17, 19]"
26923/6561,4.10349032,26923,6561,"[3, 13, 19, 109]","[0, -8, 0, 0, 0, 1, 0, 1]","[2, 3, 5, 7, 11, 13, 17, 19]"
26999/6561,4.11507392,26999,6561,"[3, 7, 19, 29]","[0, -8, 0, 2, 0, 0, 0, 1]","[2, 3, 5, 7, 11, 13, 17, 19]"
27064/19683,1.37499365,27064,19683,"[2, 3, 17, 199]","[3, -9, 0, 0, 0, 0, 1, 0]","[2, 3, 5, 7, 11, 13, 17, 19]"
27067/6561,4.12543820,27067,6561,"[3, 27067]","[0, -8, 0, 0, 0, 0, 0, 0]","[2, 3, 5, 7, 11, 13, 17, 19]"
27091/19683,1.37636539,27091,19683,"[3, 27091]","[0, -9, 0, 0, 0, 0, 0, 0]","[2, 3, 5, 7, 11, 13, 17, 19]"
27166/6561,4.14052736,27166,6561,"[2, 3, 17, 47]","[1, -8, 0, 0, 0, 0, 2, 0]","[2, 3, 5, 7, 11, 13, 17, 19]"
27175/6561,4.14189910,27175,6561,"[3, 5, 1087]","[0, -8, 2, 0, 0, 0, 0, 0]","[2, 3, 5, 7, 11, 13, 17, 19]"
27179/6561,4.14250876,27179,6561,"[3, 27179]","[0, -8, 0, 0, 0, 0, 0, 0]","[2, 3, 5, 7, 11, 13, 17, 19]"
27196/19683,1.38169994,27196,19683,"[2, 3, 13, 523]","[2, -9, 0, 0, 0, 1, 0, 0]","[2, 3, 5, 7, 11, 13, 17, 19]"
27268/19683,1.38535792,27268,19683,"[2, 3, 17, 401]","[2, -9, 0, 0, 0, 0, 1, 0]","[2, 3, 5, 7, 11, 13, 17, 19]"
27268/59049,0.46178597,27268,59049,"[2, 3, 17, 401]","[2, -10, 0, 0, 0, 0, 1, 0]","[2, 3, 5, 7, 11, 13, 17, 19]"
27319/6561,4.16384697,27319,6561,"[3, 17, 1607]","[0, -8, 0, 0, 0, 0, 1, 0]","[2, 3, 5, 7, 11, 13, 17, 19]"
27323/6561,4.16445664,27323,6561,"[3, 89, 307]","[0, -8, 0, 0, 0, 0, 0, 0]","[2, 3, 5, 7, 11, 13, 17, 19]"
27388/19683,1.39145455,27388,19683,"[2, 3, 41, 167]","[2, -9, 0, 0, 0, 0, 0, 0]","[2, 3, 5, 7, 11, 13, 17, 19]"
27400/19683,1.39206422,27400,19683,"[2, 3, 5, 137]","[3, -9, 2, 0, 0, 0, 0, 0]","[2, 3, 5, 7, 11, 13, 17, 19]"
27422/6561,4.17954580,27422,6561,"[2, 3, 13711]","[1, -8, 0, 0, 0, 0, 0, 0]","[2, 3, 5, 7, 11, 13, 17, 19]"
27427/19683,1.39343596,27427,19683,"[3, 27427]","[0, -9, 0, 0, 0, 0, 0, 0]","[2, 3, 5, 7, 11, 13, 17, 19]"
27431/6561,4.18091754,27431,6561,"[3, 27431]","[0, -8, 0, 0, 0, 0, 0, 0]","[2, 3, 5, 7, 11, 13, 17, 19]"
27499/6561,4.19128182,27499,6561,"[3, 107, 257]","[0, -8, 0, 0, 0, 0, 0, 0]","[2, 3, 5, 7, 11, 13, 17, 19]"
27575/6561,4.20286542,27575,6561,"[3, 5, 1103]","[0, -8, 2, 0, 0, 0, 0, 0]","[2, 3, 5, 7, 11, 13, 17, 19]"
27592/19683,1.40181883,27592,19683,"[2, 3, 3449]","[3, -9, 0, 0, 0, 0, 0, 0]","[2, 3, 5, 7, 11, 13, 17, 19]"
27643/6561,4.21322969,27643,6561,"[3, 7, 11, 359]","[0, -8, 0, 1, 1, 0, 0, 0]","[2, 3, 5, 7, 11, 13, 17, 19]"
27664/59049,0.46849227,27664,59049,"[2, 3, 7, 13, 19]","[4, -10, 0, 1, 0, 1, 0, 1]","[2, 3, 5, 7, 11, 13, 17, 19]"
27680/59049,0.46876323,27680,59049,"[2, 3, 5, 173]","[5, -10, 1, 0, 0, 0, 0, 0]","[2, 3, 5, 7, 11, 13, 17, 19]"
27742/6561,4.22831885,27742,6561,"[2, 3, 11, 13, 97]","[1, -8, 0, 0, 1, 1, 0, 0]","[2, 3, 5, 7, 11, 13, 17, 19]"
27755/6561,4.23030026,27755,6561,"[3, 5, 7, 13, 61]","[0, -8, 1, 1, 0, 1, 0, 0]","[2, 3, 5, 7, 11, 13, 17, 19]"
27832/19683,1.41401209,27832,19683,"[2, 3, 7, 71]","[3, -9, 0, 2, 0, 0, 0, 0]","[2, 3, 5, 7, 11, 13, 17, 19]"
27859/19683,1.41538383,27859,19683,"[3, 13, 2143]","[0, -9, 0, 0, 0, 1, 0, 0]","[2, 3, 5, 7, 11, 13, 17, 19]"
27895/6561,4.25163847,27895,6561,"[3, 5, 7, 797]","[0, -8, 1, 1, 0, 0, 0, 0]","[2, 3, 5, 7, 11, 13, 17, 19]"
27899/6561,4.25224813,27899,6561,"[3, 23, 1213]","[0, -8, 0, 0, 0, 0, 0, 0]","[2, 3, 5, 7, 11, 13, 17, 19]"
27998/6561,4.26733730,27998,6561,"[2, 3, 13999]","[1, -8, 0, 0, 0, 0, 0, 0]","[2, 3, 5, 7, 11, 13, 17, 19]"
28024/19683,1.42376670,28024,19683,"[2, 3, 31, 113]","[3, -9, 0, 0, 0, 0, 0, 0]","[2, 3, 5, 7, 11, 13, 17, 19]"
28036/19683,1.42437637,28036,19683,"[2, 3, 43, 163]","[2, -9, 0, 0, 0, 0, 0, 0]","[2, 3, 5, 7, 11, 13, 17, 19]"
28051/19683,1.42513844,28051,19683,"[3, 28051]","[0, -9, 0, 0, 0, 0, 0, 0]","[2, 3, 5, 7, 11, 13, 17, 19]"
28151/6561,4.29065691,28151,6561,"[3, 28151]","[0, -8, 0, 0, 0, 0, 0, 0]","[2, 3, 5, 7, 11, 13, 17, 19]"
28156/19683,1.43047300,28156,19683,"[2, 3, 7039]","[2, -9, 0, 0, 0, 0, 0, 0]","[2, 3, 5, 7, 11, 13, 17, 19]"
28168/19683,1.43108266,28168,19683,"[2, 3, 7, 503]","[3, -9, 0, 1, 0, 0, 0, 0]","[2, 3, 5, 7, 11, 13, 17, 19]"
28195/19683,1.43245440,28195,19683,"[3, 5, 5639]","[0, -9, 1, 0, 0, 0, 0, 0]","[2, 3, 5, 7, 11, 13, 17, 19]"
28219/6561,4.30102119,28219,6561,"[3, 28219]","[0, -8, 0, 0, 0, 0, 0, 0]","[2, 3, 5, 7, 11, 13, 17, 19]"
28240/59049,0.47824688,28240,59049,"[2, 3, 5, 353]","[4, -10, 1, 0, 0, 0, 0, 0]","[2, 3, 5, 7, 11, 13, 17, 19]"
28292/59049,0.47912750,28292,59049,"[2, 3, 11, 643]","[2, -10, 0, 0, 1, 0, 0, 0]","[2, 3, 5, 7, 11, 13, 17, 19]"
28360/19683,1.44083727,28360,19683,"[2, 3, 5, 709]","[3, -9, 1, 0, 0, 0, 0, 0]","[2, 3, 5, 7, 11, 13, 17, 19]"
28363/6561,4.32296906,28363,6561,"[3, 113, 251]","[0, -8, 0, 0, 0, 0, 0, 0]","[2, 3, 5, 7, 11, 13, 17, 19]"
28471/6561,4.33942996,28471,6561,"[3, 71, 401]","[0, -8, 0, 0, 0, 0, 0, 0]","[2, 3, 5, 7, 11, 13, 17, 19]"
28475/6561,4.34003963,28475,6561,"[3, 5, 17, 67]","[0, -8, 2, 0, 0, 0, 1, 0]","[2, 3, 5, 7, 11, 13, 17, 19]"
28483/19683,1.44708632,28483,19683,"[3, 7, 13, 313]","[0, -9, 0, 1, 0, 1, 0, 0]","[2, 3, 5, 7, 11, 13, 17, 19]"
28600/19683,1.45303053,28600,19683,"[2, 3, 5, 11, 13]","[3, -9, 2, 0, 1, 1, 0, 0]","[2, 3, 5, 7, 11, 13, 17, 19]"
28619/6561,4.36198750,28619,6561,"[3, 28619]","[0, -8, 0, 0, 0, 0, 0, 0]","[2, 3, 5, 7, 11, 13, 17, 19]"
28627/19683,1.45440228,28627,19683,"[3, 28627]","[0, -9, 0, 0, 0, 0, 0, 0]","[2, 3, 5, 7, 11, 13, 17, 19]"
28687/6561,4.37235178,28687,6561,"[3, 28687]","[0, -8, 0, 0, 0, 0, 0, 0]","[2, 3, 5, 7, 11, 13, 17, 19]"
28688/59049,0.48583380,28688,59049,"[2, 3, 11, 163]","[4, -10, 0, 0, 1, 0, 0, 0]","[2, 3, 5, 7, 11, 13, 17, 19]"
28727/6561,4.37844841,28727,6561,"[3, 23, 1249]","[0, -8, 0, 0, 0, 0, 0, 0]","[2, 3, 5, 7, 11, 13, 17, 19]"
28792/19683,1.46278514,28792,19683,"[2, 3, 59, 61]","[3, -9, 0, 0, 0, 0, 0, 0]","[2, 3, 5, 7, 11, 13, 17, 19]"
28795/6561,4.38881268,28795,6561,"[3, 5, 13, 443]","[0, -8, 1, 0, 0, 1, 0, 0]","[2, 3, 5, 7, 11, 13, 17, 19]"
28804/19683,1.46339481,28804,19683,"[2, 3, 19, 379]","[2, -9, 0, 0, 0, 0, 0, 1]","[2, 3, 5, 7, 11, 13, 17, 19]"
28819/19683,1.46415689,28819,19683,"[3, 7, 23, 179]","[0, -9, 0, 1, 0, 0, 0, 0]","[2, 3, 5, 7, 11, 13, 17, 19]"
28924/19683,1.46949144,28924,19683,"[2, 3, 7, 1033]","[2, -9, 0, 1, 0, 0, 0, 0]","[2, 3, 5, 7, 11, 13, 17, 19]"
28939/6561,4.41076055,28939,6561,"[3, 43, 673]","[0, -8, 0, 0, 0, 0, 0, 0]","[2, 3, 5, 7, 11, 13, 17, 19]"
28943/6561,4.41137022,28943,6561,"[3, 103, 281]","[0, -8, 0, 0, 0, 0, 0, 0]","[2, 3, 5, 7, 11, 13, 17, 19]"
28960/59049,0.49044014,28960,59049,"[2, 3, 5, 181]","[5, -10, 1, 0, 0, 0, 0, 0]","[2, 3, 5, 7, 11, 13, 17, 19]"
28996/19683,1.47314942,28996,19683,"[2, 3, 11, 659]","[2, -9, 0, 0, 1, 0, 0, 0]","[2, 3, 5, 7, 11, 13, 17, 19]"
29051/6561,4.42783112,29051,6561,"[3, 11, 19, 139]","[0, -8, 0, 0, 1, 0, 0, 1]","[2, 3, 5, 7, 11, 13, 17, 19]"
29128/19683,1.47985571,29128,19683,"[2, 3, 11, 331]","[3, -9, 0, 0, 1, 0, 0, 0]","[2, 3, 5, 7, 11, 13, 17, 19]"
29195/6561,4.44977900,29195,6561,"[3, 5, 5839]","[0, -8, 1, 0, 0, 0, 0, 0]","[2, 3, 5, 7, 11, 13, 17, 19]"
29251/19683,1.48610476,29251,19683,"[3, 29251]","[0, -9, 0, 0, 0, 0, 0, 0]","[2, 3, 5, 7, 11, 13, 17, 19]"
29263/6561,4.46014327,29263,6561,"[3, 13, 2251]","[0, -8, 0, 0, 0, 1, 0, 0]","[2, 3, 5, 7, 11, 13, 17, 19]"
29264/59049,0.49558841,29264,59049,"[2, 3, 31, 59]","[4, -10, 0, 0, 0, 0, 0, 0]","[2, 3, 5, 7, 11, 13, 17, 19]"
29455/19683,1.49646903,29455,19683,"[3, 5, 43, 137]","[0, -9, 1, 0, 0, 0, 0, 0]","[2, 3, 5, 7, 11, 13, 17, 19]"
29515/6561,4.49855205,29515,6561,"[3, 5, 5903]","[0, -8, 1, 0, 0, 0, 0, 0]","[2, 3, 5, 7, 11, 13, 17, 19]"
29519/6561,4.49916171,29519,6561,"[3, 7, 4217]","[0, -8, 0, 1, 0, 0, 0, 0]","[2, 3, 5, 7, 11, 13, 17, 19]"
29536/59049,0.50019475,29536,59049,"[2, 3, 13, 71]","[5, -10, 0, 0, 0, 1, 0, 0]","[2, 3, 5, 7, 11, 13, 17, 19]"
29560/19683,1.50180359,29560,19683,"[2, 3, 5, 739]","[3, -9, 1, 0, 0, 0, 0, 0]","[2, 3, 5, 7, 11, 13, 17, 19]"
29572/19683,1.50241325,29572,19683,"[2, 3, 7393]","[2, -9, 0, 0, 0, 0, 0, 0]","[2, 3, 5, 7, 11, 13, 17, 19]"
29572/59049,0.50080442,29572,59049,"[2, 3, 7393]","[2, -10, 0, 0, 0, 0, 0, 0]","[2, 3, 5, 7, 11, 13, 17, 19]"
29587/19683,1.50317533,29587,19683,"[3, 29587]","[0, -9, 0, 0, 0, 0, 0, 0]","[2, 3, 5, 7, 11, 13, 17, 19]"
29659/6561,4.52049992,29659,6561,"[3, 7, 19, 223]","[0, -8, 0, 1, 0, 0, 0, 1]","[2, 3, 5, 7, 11, 13, 17, 19]"
29752/19683,1.51155820,29752,19683,"[2, 3, 3719]","[3, -9, 0, 0, 0, 0, 0, 0]","[2, 3, 5, 7, 11, 13, 17, 19]"
29764/19683,1.51216786,29764,19683,"[2, 3, 7, 1063]","[2, -9, 0, 1, 0, 0, 0, 0]","[2, 3, 5, 7, 11, 13, 17, 19]"
29771/6561,4.53757049,29771,6561,"[3, 7, 4253]","[0, -8, 0, 1, 0, 0, 0, 0]","[2, 3, 5, 7, 11, 13, 17, 19]"
29779/19683,1.51292994,29779,19683,"[3, 97, 307]","[0, -9, 0, 0, 0, 0, 0, 0]","[2, 3, 5, 7, 11, 13, 17, 19]"
29839/6561,4.54793477,29839,6561,"[3, 53, 563]","[0, -8, 0, 0, 0, 0, 0, 0]","[2, 3, 5, 7, 11, 13, 17, 19]"
29896/19683,1.51887416,29896,19683,"[2, 3, 37, 101]","[3, -9, 0, 0, 0, 0, 0, 0]","[2, 3, 5, 7, 11, 13, 17, 19]"
29915/6561,4.55951837,29915,6561,"[3, 5, 31, 193]","[0, -8, 1, 0, 0, 0, 0, 0]","[2, 3, 5, 7, 11, 13, 17, 19]"
29968/59049,0.50751071,29968,59049,"[2, 3, 1873]","[4, -10, 0, 0, 0, 0, 0, 0]","[2, 3, 5, 7, 11, 13, 17, 19]"
29983/6561,4.56988264,29983,6561,"[3, 29983]","[0, -8, 0, 0, 0, 0, 0, 0]","[2, 3, 5, 7, 11, 13, 17, 19]"
29984/59049,0.50778167,29984,59049,"[2, 3, 937]","[5, -10, 0, 0, 0, 0, 0, 0]","[2, 3, 5, 7, 11, 13, 17, 19]"
30019/19683,1.52512320,30019,19683,"[3, 11, 2729]","[0, -9, 0, 0, 1, 0, 0, 0]","[2, 3, 5, 7, 11, 13, 17, 19]"
30091/6561,4.58634355,30091,6561,"[3, 30091]","[0, -8, 0, 0, 0, 0, 0, 0]","[2, 3, 5, 7, 11, 13, 17, 19]"
30095/6561,4.58695321,30095,6561,"[3, 5, 13, 463]","[0, -8, 1, 0, 0, 1, 0, 0]","[2, 3, 5, 7, 11, 13, 17, 19]"
30184/19683,1.53350607,30184,19683,"[2, 3, 7, 11]","[3, -9, 0, 3, 1, 0, 0, 0]","[2, 3, 5, 7, 11, 13, 17, 19]"
30211/19683,1.53487781,30211,19683,"[3, 30211]","[0, -9, 0, 0, 0, 0, 0, 0]","[2, 3, 5, 7, 11, 13, 17, 19]"
30223/19683,1.53548748,30223,19683,"[3, 30223]","[0, -9, 0, 0, 0, 0, 0, 0]","[2, 3, 5, 7, 11, 13, 17, 19]"
30235/6561,4.60829142,30235,6561,"[3, 5, 6047]","[0, -8, 1, 0, 0, 0, 0, 0]","[2, 3, 5, 7, 11, 13, 17, 19]"
30239/6561,4.60890108,30239,6561,"[3, 11, 2749]","[0, -8, 0, 0, 1, 0, 0, 0]","[2, 3, 5, 7, 11, 13, 17, 19]"
30328/19683,1.54082203,30328,19683,"[2, 3, 17, 223]","[3, -9, 0, 0, 0, 0, 1, 0]","[2, 3, 5, 7, 11, 13, 17, 19]"
30347/6561,4.62536199,30347,6561,"[3, 30347]","[0, -8, 0, 0, 0, 0, 0, 0]","[2, 3, 5, 7, 11, 13, 17, 19]"
30355/19683,1.54219377,30355,19683,"[3, 5, 13, 467]","[0, -9, 1, 0, 0, 1, 0, 0]","[2, 3, 5, 7, 11, 13, 17, 19]"
30415/6561,4.63572626,30415,6561,"[3, 5, 7, 11, 79]","[0, -8, 1, 1, 1, 0, 0, 0]","[2, 3, 5, 7, 11, 13, 17, 19]"
30491/6561,4.64730986,30491,6561,"[3, 30491]","[0, -8, 0, 0, 0, 0, 0, 0]","[2, 3, 5, 7, 11, 13, 17, 19]"
30520/19683,1.55057664,30520,19683,"[2, 3, 5, 7, 109]","[3, -9, 1, 1, 0, 0, 0, 0]","[2, 3, 5, 7, 11, 13, 17, 19]"
30532/19683,1.55118630,30532,19683,"[2, 3, 17, 449]","[2, -9, 0, 0, 0, 0, 1, 0]","[2, 3, 5, 7, 11, 13, 17, 19]"
30544/59049,0.51726532,30544,59049,"[2, 3, 23, 83]","[4, -10, 0, 0, 0, 0, 0, 0]","[2, 3, 5, 7, 11, 13, 17, 19]"
30547/19683,1.55194838,30547,19683,"[3, 11, 2777]","[0, -9, 0, 0, 1, 0, 0, 0]","[2, 3, 5, 7, 11, 13, 17, 19]"
30559/6561,4.65767414,30559,6561,"[3, 30559]","[0, -8, 0, 0, 0, 0, 0, 0]","[2, 3, 5, 7, 11, 13, 17, 19]"
30560/59049,0.51753628,30560,59049,"[2, 3, 5, 191]","[5, -10, 1, 0, 0, 0, 0, 0]","[2, 3, 5, 7, 11, 13, 17, 19]"
30596/59049,0.51814595,30596,59049,"[2, 3, 7649]","[2, -10, 0, 0, 0, 0, 0, 0]","[2, 3, 5, 7, 11, 13, 17, 19]"
30671/6561,4.67474470,30671,6561,"[3, 30671]","[0, -8, 0, 0, 0, 0, 0, 0]","[2, 3, 5, 7, 11, 13, 17, 19]"
30724/19683,1.56094091,30724,19683,"[2, 3, 7681]","[2, -9, 0, 0, 0, 0, 0, 0]","[2, 3, 5, 7, 11, 13, 17, 19]"
30787/19683,1.56414165,30787,19683,"[3, 17, 1811]","[0, -9, 0, 0, 0, 0, 1, 0]","[2, 3, 5, 7, 11, 13, 17, 19]"
30811/6561,4.69608291,30811,6561,"[3, 11, 2801]","[0, -8, 0, 0, 1, 0, 0, 0]","[2, 3, 5, 7, 11, 13, 17, 19]"
30815/6561,4.69669258,30815,6561,"[3, 5, 6163]","[0, -8, 1, 0, 0, 0, 0, 0]","[2, 3, 5, 7, 11, 13, 17, 19]"
30952/19683,1.57252451,30952,19683,"[2, 3, 53, 73]","[3, -9, 0, 0, 0, 0, 0, 0]","[2, 3, 5, 7, 11, 13, 17, 19]"
30979/19683,1.57389626,30979,19683,"[3, 13, 2383]","[0, -9, 0, 0, 0, 1, 0, 0]","[2, 3, 5, 7, 11, 13, 17, 19]"
30991/19683,1.57450592,30991,19683,"[3, 17, 1823]","[0, -9, 0, 0, 0, 0, 1, 0]","[2, 3, 5, 7, 11, 13, 17, 19]"
30992/59049,0.52485224,30992,59049,"[2, 3, 13, 149]","[4, -10, 0, 0, 0, 1, 0, 0]","[2, 3, 5, 7, 11, 13, 17, 19]"
31067/6561,4.73510136,31067,6561,"[3, 47, 661]","[0, -8, 0, 0, 0, 0, 0, 0]","[2, 3, 5, 7, 11, 13, 17, 19]"
31135/6561,4.74546563,31135,6561,"[3, 5, 13, 479]","[0, -8, 1, 0, 0, 1, 0, 0]","[2, 3, 5, 7, 11, 13, 17, 19]"
31156/19683,1.58288879,31156,19683,"[2, 3, 7789]","[2, -9, 0, 0, 0, 0, 0, 0]","[2, 3, 5, 7, 11, 13, 17, 19]"
31183/19683,1.58426053,31183,19683,"[3, 31183]","[0, -9, 0, 0, 0, 0, 0, 0]","[2, 3, 5, 7, 11, 13, 17, 19]"
31264/59049,0.52945859,31264,59049,"[2, 3, 977]","[5, -10, 0, 0, 0, 0, 0, 0]","[2, 3, 5, 7, 11, 13, 17, 19]"
31279/6561,4.76741350,31279,6561,"[3, 31, 1009]","[0, -8, 0, 0, 0, 0, 0, 0]","[2, 3, 5, 7, 11, 13, 17, 19]"
31288/19683,1.58959508,31288,19683,"[2, 3, 3911]","[3, -9, 0, 0, 0, 0, 0, 0]","[2, 3, 5, 7, 11, 13, 17, 19]"
31300/19683,1.59020475,31300,19683,"[2, 3, 5, 313]","[2, -9, 2, 0, 0, 0, 0, 0]","[2, 3, 5, 7, 11, 13, 17, 19]"
31315/19683,1.59096682,31315,19683,"[3, 5, 6263]","[0, -9, 1, 0, 0, 0, 0, 0]","[2, 3, 5, 7, 11, 13, 17, 19]"
31387/6561,4.78387441,31387,6561,"[3, 31387]","[0, -8, 0, 0, 0, 0, 0, 0]","[2, 3, 5, 7, 11, 13, 17, 19]"
31391/6561,4.78448407,31391,6561,"[3, 31391]","[0, -8, 0, 0, 0, 0, 0, 0]","[2, 3, 5, 7, 11, 13, 17, 19]"
31480/19683,1.59934969,31480,19683,"[2, 3, 5, 787]","[3, -9, 1, 0, 0, 0, 0, 0]","[2, 3, 5, 7, 11, 13, 17, 19]"
31492/19683,1.59995936,31492,19683,"[2, 3, 7873]","[2, -9, 0, 0, 0, 0, 0, 0]","[2, 3, 5, 7, 11, 13, 17, 19]"
31535/6561,4.80643195,31535,6561,"[3, 5, 7, 17, 53]","[0, -8, 1, 1, 0, 0, 1, 0]","[2, 3, 5, 7, 11, 13, 17, 19]"
31568/59049,0.53460685,31568,59049,"[2, 3, 1973]","[4, -10, 0, 0, 0, 0, 0, 0]","[2, 3, 5, 7, 11, 13, 17, 19]"
31643/6561,4.82289285,31643,6561,"[3, 31643]","[0, -8, 0, 0, 0, 0, 0, 0]","[2, 3, 5, 7, 11, 13, 17, 19]"
31711/6561,4.83325713,31711,6561,"[3, 19, 1669]","[0, -8, 0, 0, 0, 0, 0, 1]","[2, 3, 5, 7, 11, 13, 17, 19]"
31720/19683,1.61154296,31720,19683,"[2, 3, 5, 13, 61]","[3, -9, 1, 0, 0, 1, 0, 0]","[2, 3, 5, 7, 11, 13, 17, 19]"
31747/19683,1.61291470,31747,19683,"[3, 53, 599]","[0, -9, 0, 0, 0, 0, 0, 0]","[2, 3, 5, 7, 11, 13, 17, 19]"
31759/19683,1.61352436,31759,19683,"[3, 7, 13, 349]","[0, -9, 0, 1, 0, 1, 0, 0]","[2, 3, 5, 7, 11, 13, 17, 19]"
31840/59049,0.53921320,31840,59049,"[2, 3, 5, 199]","[5, -10, 1, 0, 0, 0, 0, 0]","[2, 3, 5, 7, 11, 13, 17, 19]"
31855/6561,4.85520500,31855,6561,"[3, 5, 23, 277]","[0, -8, 1, 0, 0, 0, 0, 0]","[2, 3, 5, 7, 11, 13, 17, 19]"
31876/59049,0.53982286,31876,59049,"[2, 3, 13, 613]","[2, -10, 0, 0, 0, 1, 0, 0]","[2, 3, 5, 7, 11, 13, 17, 19]"
31912/19683,1.62129757,31912,19683,"[2, 3, 3989]","[3, -9, 0, 0, 0, 0, 0, 0]","[2, 3, 5, 7, 11, 13, 17, 19]"
31924/19683,1.62190723,31924,19683,"[2, 3, 23, 347]","[2, -9, 0, 0, 0, 0, 0, 0]","[2, 3, 5, 7, 11, 13, 17, 19]"
31939/19683,1.62266931,31939,19683,"[3, 19, 41]","[0, -9, 0, 0, 0, 0, 0, 1]","[2, 3, 5, 7, 11, 13, 17, 19]"
31951/19683,1.62327897,31951,19683,"[3, 89, 359]","[0, -9, 0, 0, 0, 0, 0, 0]","[2, 3, 5, 7, 11, 13, 17, 19]"
31967/6561,4.87227557,31967,6561,"[3, 13, 2459]","[0, -8, 0, 0, 0, 1, 0, 0]","[2, 3, 5, 7, 11, 13, 17, 19]"
32056/19683,1.62861352,32056,19683,"[2, 3, 4007]","[3, -9, 0, 0, 0, 0, 0, 0]","[2, 3, 5, 7, 11, 13, 17, 19]"
32083/19683,1.62998527,32083,19683,"[3, 32083]","[0, -9, 0, 0, 0, 0, 0, 0]","[2, 3, 5, 7, 11, 13, 17, 19]"
32111/6561,4.89422344,32111,6561,"[3, 163, 197]","[0, -8, 0, 0, 0, 0, 0, 0]","[2, 3, 5, 7, 11, 13, 17, 19]"
32248/19683,1.63836813,32248,19683,"[2, 3, 29, 139]","[3, -9, 0, 0, 0, 0, 0, 0]","[2, 3, 5, 7, 11, 13, 17, 19]"
32260/19683,1.63897780,32260,19683,"[2, 3, 5, 1613]","[2, -9, 1, 0, 0, 0, 0, 0]","[2, 3, 5, 7, 11, 13, 17, 19]"
32288/59049,0.54680012,32288,59049,"[2, 3, 1009]","[5, -10, 0, 0, 0, 0, 0, 0]","[2, 3, 5, 7, 11, 13, 17, 19]"
32371/19683,1.64461718,32371,19683,"[3, 32371]","[0, -9, 0, 0, 0, 0, 0, 0]","[2, 3, 5, 7, 11, 13, 17, 19]"
32431/6561,4.94299649,32431,6561,"[3, 7, 41, 113]","[0, -8, 0, 1, 0, 0, 0, 0]","[2, 3, 5, 7, 11, 13, 17, 19]"
32452/19683,1.64873241,32452,19683,"[2, 3, 7, 19, 61]","[2, -9, 0, 1, 0, 0, 0, 1]","[2, 3, 5, 7, 11, 13, 17, 19]"
32452/59049,0.54957747,32452,59049,"[2, 3, 7, 19, 61]","[2, -10, 0, 1, 0, 0, 0, 1]","[2, 3, 5, 7, 11, 13, 17, 19]"
32488/19683,1.65056140,32488,19683,"[2, 3, 31, 131]","[3, -9, 0, 0, 0, 0, 0, 0]","[2, 3, 5, 7, 11, 13, 17, 19]"
32515/19683,1.65193314,32515,19683,"[3, 5, 7, 929]","[0, -9, 1, 1, 0, 0, 0, 0]","[2, 3, 5, 7, 11, 13, 17, 19]"
32575/6561,4.96494437,32575,6561,"[3, 5, 1303]","[0, -8, 2, 0, 0, 0, 0, 0]","[2, 3, 5, 7, 11, 13, 17, 19]"
32680/19683,1.66031601,32680,19683,"[2, 3, 5, 19, 43]","[3, -9, 1, 0, 0, 0, 0, 1]","[2, 3, 5, 7, 11, 13, 17, 19]"
32687/6561,4.98201494,32687,6561,"[3, 32687]","[0, -8, 0, 0, 0, 0, 0, 0]","[2, 3, 5, 7, 11, 13, 17, 19]"
32692/19683,1.66092567,32692,19683,"[2, 3, 11, 743]","[2, -9, 0, 0, 1, 0, 0, 0]","[2, 3, 5, 7, 11, 13, 17, 19]"
32707/19683,1.66168775,32707,19683,"[3, 32707]","[0, -9, 0, 0, 0, 0, 0, 0]","[2, 3, 5, 7, 11, 13, 17, 19]"
32719/19683,1.66229741,32719,19683,"[3, 32719]","[0, -9, 0, 0, 0, 0, 0, 0]","[2, 3, 5, 7, 11, 13, 17, 19]"
32831/6561,5.00396281,32831,6561,"[3, 32831]","[0, -8, 0, 0, 0, 0, 0, 0]","[2, 3, 5, 7, 11, 13, 17, 19]"
32848/59049,0.55628376,32848,59049,"[2, 3, 2053]","[4, -10, 0, 0, 0, 0, 0, 0]","[2, 3, 5, 7, 11, 13, 17, 19]"
32864/59049,0.55655473,32864,59049,"[2, 3, 13, 79]","[5, -10, 0, 0, 0, 1, 0, 0]","[2, 3, 5, 7, 11, 13, 17, 19]"
32884/19683,1.67068028,32884,19683,"[2, 3, 8221]","[2, -9, 0, 0, 0, 0, 0, 0]","[2, 3, 5, 7, 11, 13, 17, 19]"
32900/59049,0.55716439,32900,59049,"[2, 3, 5, 7, 47]","[2, -10, 2, 1, 0, 0, 0, 0]","[2, 3, 5, 7, 11, 13, 17, 19]"
32911/19683,1.67205202,32911,19683,"[3, 32911]","[0, -9, 0, 0, 0, 0, 0, 0]","[2, 3, 5, 7, 11, 13, 17, 19]"
33007/6561,5.03078799,33007,6561,"[3, 13, 2539]","[0, -8, 0, 0, 0, 1, 0, 0]","[2, 3, 5, 7, 11, 13, 17, 19]"
33016/19683,1.67738658,33016,19683,"[2, 3, 4127]","[3, -9, 0, 0, 0, 0, 0, 0]","[2, 3, 5, 7, 11, 13, 17, 19]"
33028/19683,1.67799624,33028,19683,"[2, 3, 23, 359]","[2, -9, 0, 0, 0, 0, 0, 0]","[2, 3, 5, 7, 11, 13, 17, 19]"
33139/19683,1.68363562,33139,19683,"[3, 31, 1069]","[0, -9, 0, 0, 0, 0, 0, 0]","[2, 3, 5, 7, 11, 13, 17, 19]"
33151/6561,5.05273586,33151,6561,"[3, 33151]","[0, -8, 0, 0, 0, 0, 0, 0]","[2, 3, 5, 7, 11, 13, 17, 19]"
33220/19683,1.68775085,33220,19683,"[2, 3, 5, 11, 151]","[2, -9, 1, 0, 1, 0, 0, 0]","[2, 3, 5, 7, 11, 13, 17, 19]"
33263/6561,5.06980643,33263,6561,"[3, 29, 31, 37]","[0, -8, 0, 0, 0, 0, 0, 0]","[2, 3, 5, 7, 11, 13, 17, 19]"
33343/19683,1.69399990,33343,19683,"[3, 33343]","[0, -9, 0, 0, 0, 0, 0, 0]","[2, 3, 5, 7, 11, 13, 17, 19]"
33407/6561,5.09175431,33407,6561,"[3, 11, 3037]","[0, -8, 0, 0, 1, 0, 0, 0]","[2, 3, 5, 7, 11, 13, 17, 19]"
33448/19683,1.69933445,33448,19683,"[2, 3, 37, 113]","[3, -9, 0, 0, 0, 0, 0, 0]","[2, 3, 5, 7, 11, 13, 17, 19]"
33460/19683,1.69994411,33460,19683,"[2, 3, 5, 7, 239]","[2, -9, 1, 1, 0, 0, 0, 0]","[2, 3, 5, 7, 11, 13, 17, 19]"
33475/19683,1.70070619,33475,19683,"[3, 5, 13, 103]","[0, -9, 2, 0, 0, 1, 0, 0]","[2, 3, 5, 7, 11, 13, 17, 19]"
33476/59049,0.56691900,33476,59049,"[2, 3, 8369]","[2, -10, 0, 0, 0, 0, 0, 0]","[2, 3, 5, 7, 11, 13, 17, 19]"
33487/19683,1.70131586,33487,19683,"[3, 33487]","[0, -9, 0, 0, 0, 0, 0, 0]","[2, 3, 5, 7, 11, 13, 17, 19]"
33640/19683,1.70908906,33640,19683,"[2, 3, 5, 29]","[3, -9, 1, 0, 0, 0, 0, 0]","[2, 3, 5, 7, 11, 13, 17, 19]"
33652/19683,1.70969872,33652,19683,"[2, 3, 47, 179]","[2, -9, 0, 0, 0, 0, 0, 0]","[2, 3, 5, 7, 11, 13, 17, 19]"
33667/19683,1.71046080,33667,19683,"[3, 131, 257]","[0, -9, 0, 0, 0, 0, 0, 0]","[2, 3, 5, 7, 11, 13, 17, 19]"
33679/19683,1.71107047,33679,19683,"[3, 33679]","[0, -9, 0, 0, 0, 0, 0, 0]","[2, 3, 5, 7, 11, 13, 17, 19]"
33727/6561,5.14052736,33727,6561,"[3, 29, 1163]","[0, -8, 0, 0, 0, 0, 0, 0]","[2, 3, 5, 7, 11, 13, 17, 19]"
33784/19683,1.71640502,33784,19683,"[2, 3, 41, 103]","[3, -9, 0, 0, 0, 0, 0, 0]","[2, 3, 5, 7, 11, 13, 17, 19]"
33872/59049,0.57362529,33872,59049,"[2, 3, 29, 73]","[4, -10, 0, 0, 0, 0, 0, 0]","[2, 3, 5, 7, 11, 13, 17, 19]"
33907/19683,1.72265407,33907,19683,"[3, 41, 827]","[0, -9, 0, 0, 0, 0, 0, 0]","[2, 3, 5, 7, 11, 13, 17, 19]"
33983/6561,5.17954580,33983,6561,"[3, 17, 1999]","[0, -8, 0, 0, 0, 0, 1, 0]","[2, 3, 5, 7, 11, 13, 17, 19]"
33988/19683,1.72676929,33988,19683,"[2, 3, 29, 293]","[2, -9, 0, 0, 0, 0, 0, 0]","[2, 3, 5, 7, 11, 13, 17, 19]"
34099/19683,1.73240868,34099,19683,"[3, 13, 43, 61]","[0, -9, 0, 0, 0, 1, 0, 0]","[2, 3, 5, 7, 11, 13, 17, 19]"
34111/19683,1.73301834,34111,19683,"[3, 7, 11, 443]","[0, -9, 0, 1, 1, 0, 0, 0]","[2, 3, 5, 7, 11, 13, 17, 19]"
34144/59049,0.57823164,34144,59049,"[2, 3, 11, 97]","[5, -10, 0, 0, 1, 0, 0, 0]","[2, 3, 5, 7, 11, 13, 17, 19]"
34180/59049,0.57884130,34180,59049,"[2, 3, 5, 1709]","[2, -10, 1, 0, 0, 0, 0, 0]","[2, 3, 5, 7, 11, 13, 17, 19]"
34216/19683,1.73835289,34216,19683,"[2, 3, 7, 13, 47]","[3, -9, 0, 1, 0, 1, 0, 0]","[2, 3, 5, 7, 11, 13, 17, 19]"
34243/19683,1.73972464,34243,19683,"[3, 11, 283]","[0, -9, 0, 0, 2, 0, 0, 0]","[2, 3, 5, 7, 11, 13, 17, 19]"
34303/6561,5.22831885,34303,6561,"[3, 34303]","[0, -8, 0, 0, 0, 0, 0, 0]","[2, 3, 5, 7, 11, 13, 17, 19]"
34408/19683,1.74810750,34408,19683,"[2, 3, 11, 17, 23]","[3, -9, 0, 0, 1, 0, 1, 0]","[2, 3, 5, 7, 11, 13, 17, 19]"
34420/19683,1.74871717,34420,19683,"[2, 3, 5, 1721]","[2, -9, 1, 0, 0, 0, 0, 0]","[2, 3, 5, 7, 11, 13, 17, 19]"
34435/19683,1.74947925,34435,19683,"[3, 5, 71, 97]","[0, -9, 1, 0, 0, 0, 0, 0]","[2, 3, 5, 7, 11, 13, 17, 19]"
34447/19683,1.75008891,34447,19683,"[3, 7, 19, 37]","[0, -9, 0, 2, 0, 0, 0, 1]","[2, 3, 5, 7, 11, 13, 17, 19]"
34559/6561,5.26733730,34559,6561,"[3, 7, 4937]","[0, -8, 0, 1, 0, 0, 0, 0]","[2, 3, 5, 7, 11, 13, 17, 19]"
34612/19683,1.75847178,34612,19683,"[2, 3, 17, 509]","[2, -9, 0, 0, 0, 0, 1, 0]","[2, 3, 5, 7, 11, 13, 17, 19]"
34639/19683,1.75984352,34639,19683,"[3, 11, 47, 67]","[0, -9, 0, 0, 1, 0, 0, 0]","[2, 3, 5, 7, 11, 13, 17, 19]"
34675/19683,1.76167251,34675,19683,"[3, 5, 19, 73]","[0, -9, 2, 0, 0, 0, 0, 1]","[2, 3, 5, 7, 11, 13, 17, 19]"
34720/59049,0.58798625,34720,59049,"[2, 3, 5, 7, 31]","[5, -10, 1, 1, 0, 0, 0, 0]","[2, 3, 5, 7, 11, 13, 17, 19]"
34756/19683,1.76578774,34756,19683,"[2, 3, 8689]","[2, -9, 0, 0, 0, 0, 0, 0]","[2, 3, 5, 7, 11, 13, 17, 19]"
34756/59049,0.58859591,34756,59049,"[2, 3, 8689]","[2, -10, 0, 0, 0, 0, 0, 0]","[2, 3, 5, 7, 11, 13, 17, 19]"
34867/19683,1.77142712,34867,19683,"[3, 7, 17, 293]","[0, -9, 0, 1, 0, 0, 1, 0]","[2, 3, 5, 7, 11, 13, 17, 19]"
34879/19683,1.77203678,34879,19683,"[3, 13, 2683]","[0, -9, 0, 0, 0, 1, 0, 0]","[2, 3, 5, 7, 11, 13, 17, 19]"
35044/19683,1.78041965,35044,19683,"[2, 3, 8761]","[2, -9, 0, 0, 0, 0, 0, 0]","[2, 3, 5, 7, 11, 13, 17, 19]"
35071/19683,1.78179139,35071,19683,"[3, 17, 2063]","[0, -9, 0, 0, 0, 0, 1, 0]","[2, 3, 5, 7, 11, 13, 17, 19]"
35152/59049,0.59530221,35152,59049,"[2, 3, 13]","[4, -10, 0, 0, 0, 3, 0, 0]","[2, 3, 5, 7, 11, 13, 17, 19]"
35168/59049,0.59557317,35168,59049,"[2, 3, 7, 157]","[5, -10, 0, 1, 0, 0, 0, 0]","[2, 3, 5, 7, 11, 13, 17, 19]"
35176/19683,1.78712595,35176,19683,"[2, 3, 4397]","[3, -9, 0, 0, 0, 0, 0, 0]","[2, 3, 5, 7, 11, 13, 17, 19]"
35188/19683,1.78773561,35188,19683,"[2, 3, 19, 463]","[2, -9, 0, 0, 0, 0, 0, 1]","[2, 3, 5, 7, 11, 13, 17, 19]"
35203/19683,1.78849769,35203,19683,"[3, 7, 47, 107]","[0, -9, 0, 1, 0, 0, 0, 0]","[2, 3, 5, 7, 11, 13, 17, 19]"
35204/59049,0.59618283,35204,59049,"[2, 3, 13, 677]","[2, -10, 0, 0, 0, 1, 0, 0]","[2, 3, 5, 7, 11, 13, 17, 19]"
35215/19683,1.78910735,35215,19683,"[3, 5, 7043]","[0, -9, 1, 0, 0, 0, 0, 0]","[2, 3, 5, 7, 11, 13, 17, 19]"
35368/19683,1.79688056,35368,19683,"[2, 3, 4421]","[3, -9, 0, 0, 0, 0, 0, 0]","[2, 3, 5, 7, 11, 13, 17, 19]"
35380/19683,1.79749022,35380,19683,"[2, 3, 5, 29, 61]","[2, -9, 1, 0, 0, 0, 0, 0]","[2, 3, 5, 7, 11, 13, 17, 19]"
35407/19683,1.79886196,35407,19683,"[3, 35407]","[0, -9, 0, 0, 0, 0, 0, 0]","[2, 3, 5, 7, 11, 13, 17, 19]"
35635/19683,1.81044556,35635,19683,"[3, 5, 7127]","[0, -9, 1, 0, 0, 0, 0, 0]","[2, 3, 5, 7, 11, 13, 17, 19]"
35647/19683,1.81105523,35647,19683,"[3, 43, 829]","[0, -9, 0, 0, 0, 0, 0, 0]","[2, 3, 5, 7, 11, 13, 17, 19]"
35744/59049,0.60532778,35744,59049,"[2, 3, 1117]","[5, -10, 0, 0, 0, 0, 0, 0]","[2, 3, 5, 7, 11, 13, 17, 19]"
35780/59049,0.60593744,35780,59049,"[2, 3, 5, 1789]","[2, -10, 1, 0, 0, 0, 0, 0]","[2, 3, 5, 7, 11, 13, 17, 19]"
35812/19683,1.81943809,35812,19683,"[2, 3, 7, 1279]","[2, -9, 0, 1, 0, 0, 0, 0]","[2, 3, 5, 7, 11, 13, 17, 19]"
35827/19683,1.82020017,35827,19683,"[3, 11, 3257]","[0, -9, 0, 0, 1, 0, 0, 0]","[2, 3, 5, 7, 11, 13, 17, 19]"
35839/19683,1.82080984,35839,19683,"[3, 35839]","[0, -9, 0, 0, 0, 0, 0, 0]","[2, 3, 5, 7, 11, 13, 17, 19]"
35944/19683,1.82614439,35944,19683,"[2, 3, 4493]","[3, -9, 0, 0, 0, 0, 0, 0]","[2, 3, 5, 7, 11, 13, 17, 19]"
35971/19683,1.82751613,35971,19683,"[3, 13, 2767]","[0, -9, 0, 0, 0, 1, 0, 0]","[2, 3, 5, 7, 11, 13, 17, 19]"
36016/59049,0.60993412,36016,59049,"[2, 3, 2251]","[4, -10, 0, 0, 0, 0, 0, 0]","[2, 3, 5, 7, 11, 13, 17, 19]"
36136/19683,1.83589900,36136,19683,"[2, 3, 4517]","[3, -9, 0, 0, 0, 0, 0, 0]","[2, 3, 5, 7, 11, 13, 17, 19]"
36148/19683,1.83650866,36148,19683,"[2, 3, 7, 1291]","[2, -9, 0, 1, 0, 0, 0, 0]","[2, 3, 5, 7, 11, 13, 17, 19]"
36175/19683,1.83788040,36175,19683,"[3, 5, 1447]","[0, -9, 2, 0, 0, 0, 0, 0]","[2, 3, 5, 7, 11, 13, 17, 19]"
36176/59049,0.61264374,36176,59049,"[2, 3, 7, 17, 19]","[4, -10, 0, 1, 0, 0, 1, 1]","[2, 3, 5, 7, 11, 13, 17, 19]"
36340/19683,1.84626327,36340,19683,"[2, 3, 5, 23, 79]","[2, -9, 1, 0, 0, 0, 0, 0]","[2, 3, 5, 7, 11, 13, 17, 19]"
36403/19683,1.84946400,36403,19683,"[3, 59, 617]","[0, -9, 0, 0, 0, 0, 0, 0]","[2, 3, 5, 7, 11, 13, 17, 19]"
36448/59049,0.61725008,36448,59049,"[2, 3, 17, 67]","[5, -10, 0, 0, 0, 0, 1, 0]","[2, 3, 5, 7, 11, 13, 17, 19]"
36580/19683,1.85845654,36580,19683,"[2, 3, 5, 31, 59]","[2, -9, 1, 0, 0, 0, 0, 0]","[2, 3, 5, 7, 11, 13, 17, 19]"
36595/19683,1.85921862,36595,19683,"[3, 5, 13, 563]","[0, -9, 1, 0, 0, 1, 0, 0]","[2, 3, 5, 7, 11, 13, 17, 19]"
36607/19683,1.85982828,36607,19683,"[3, 36607]","[0, -9, 0, 0, 0, 0, 0, 0]","[2, 3, 5, 7, 11, 13, 17, 19]"
36772/19683,1.86821115,36772,19683,"[2, 3, 29, 317]","[2, -9, 0, 0, 0, 0, 0, 0]","[2, 3, 5, 7, 11, 13, 17, 19]"
36799/19683,1.86958289,36799,19683,"[3, 7, 751]","[0, -9, 0, 2, 0, 0, 0, 0]","[2, 3, 5, 7, 11, 13, 17, 19]"
36904/19683,1.87491744,36904,19683,"[2, 3, 7, 659]","[3, -9, 0, 1, 0, 0, 0, 0]","[2, 3, 5, 7, 11, 13, 17, 19]"
36916/19683,1.87552710,36916,19683,"[2, 3, 11, 839]","[2, -9, 0, 0, 1, 0, 0, 0]","[2, 3, 5, 7, 11, 13, 17, 19]"
36943/19683,1.87689885,36943,19683,"[3, 36943]","[0, -9, 0, 0, 0, 0, 0, 0]","[2, 3, 5, 7, 11, 13, 17, 19]"
37024/59049,0.62700469,37024,59049,"[2, 3, 13, 89]","[5, -10, 0, 0, 0, 1, 0, 0]","[2, 3, 5, 7, 11, 13, 17, 19]"
37040/59049,0.62727565,37040,59049,"[2, 3, 5, 463]","[4, -10, 1, 0, 0, 0, 0, 0]","[2, 3, 5, 7, 11, 13, 17, 19]"
37060/59049,0.62761435,37060,59049,"[2, 3, 5, 17, 109]","[2, -10, 1, 0, 0, 0, 1, 0]","[2, 3, 5, 7, 11, 13, 17, 19]"
37108/19683,1.88528172,37108,19683,"[2, 3, 9277]","[2, -9, 0, 0, 0, 0, 0, 0]","[2, 3, 5, 7, 11, 13, 17, 19]"
37231/19683,1.89153076,37231,19683,"[3, 31, 1201]","[0, -9, 0, 0, 0, 0, 0, 0]","[2, 3, 5, 7, 11, 13, 17, 19]"
37348/19683,1.89747498,37348,19683,"[2, 3, 9337]","[2, -9, 0, 0, 0, 0, 0, 0]","[2, 3, 5, 7, 11, 13, 17, 19]"
37363/19683,1.89823706,37363,19683,"[3, 37363]","[0, -9, 0, 0, 0, 0, 0, 0]","[2, 3, 5, 7, 11, 13, 17, 19]"
37375/19683,1.89884672,37375,19683,"[3, 5, 13, 23]","[0, -9, 3, 0, 0, 1, 0, 0]","[2, 3, 5, 7, 11, 13, 17, 19]"
37472/59049,0.63459161,37472,59049,"[2, 3, 1171]","[5, -10, 0, 0, 0, 0, 0, 0]","[2, 3, 5, 7, 11, 13, 17, 19]"
37540/19683,1.90722959,37540,19683,"[2, 3, 5, 1877]","[2, -9, 1, 0, 0, 0, 0, 0]","[2, 3, 5, 7, 11, 13, 17, 19]"
37555/19683,1.90799167,37555,19683,"[3, 5, 7, 29, 37]","[0, -9, 1, 1, 0, 0, 0, 0]","[2, 3, 5, 7, 11, 13, 17, 19]"
37567/19683,1.90860133,37567,19683,"[3, 37567]","[0, -9, 0, 0, 0, 0, 0, 0]","[2, 3, 5, 7, 11, 13, 17, 19]"
37636/59049,0.63736896,37636,59049,"[2, 3, 97]","[2, -10, 0, 0, 0, 0, 0, 0]","[2, 3, 5, 7, 11, 13, 17, 19]"
37672/19683,1.91393588,37672,19683,"[2, 3, 17, 277]","[3, -9, 0, 0, 0, 0, 1, 0]","[2, 3, 5, 7, 11, 13, 17, 19]"
37876/19683,1.92430016,37876,19683,"[2, 3, 17, 557]","[2, -9, 0, 0, 0, 0, 1, 0]","[2, 3, 5, 7, 11, 13, 17, 19]"
37999/19683,1.93054920,37999,19683,"[3, 13, 37, 79]","[0, -9, 0, 0, 0, 1, 0, 0]","[2, 3, 5, 7, 11, 13, 17, 19]"
38048/59049,0.64434622,38048,59049,"[2, 3, 29, 41]","[5, -10, 0, 0, 0, 0, 0, 0]","[2, 3, 5, 7, 11, 13, 17, 19]"
38084/59049,0.64495588,38084,59049,"[2, 3, 9521]","[2, -10, 0, 0, 0, 0, 0, 0]","[2, 3, 5, 7, 11, 13, 17, 19]"
38131/19683,1.93725550,38131,19683,"[3, 17, 2243]","[0, -9, 0, 0, 0, 0, 1, 0]","[2, 3, 5, 7, 11, 13, 17, 19]"
38203/19683,1.94091348,38203,19683,"[3, 11, 23, 151]","[0, -9, 0, 0, 1, 0, 0, 0]","[2, 3, 5, 7, 11, 13, 17, 19]"
38308/19683,1.94624803,38308,19683,"[2, 3, 61, 157]","[2, -9, 0, 0, 0, 0, 0, 0]","[2, 3, 5, 7, 11, 13, 17, 19]"
38320/59049,0.64895256,38320,59049,"[2, 3, 5, 479]","[4, -10, 1, 0, 0, 0, 0, 0]","[2, 3, 5, 7, 11, 13, 17, 19]"
38323/19683,1.94701011,38323,19683,"[3, 19, 2017]","[0, -9, 0, 0, 0, 0, 0, 1]","[2, 3, 5, 7, 11, 13, 17, 19]"
38335/19683,1.94761977,38335,19683,"[3, 5, 11, 17, 41]","[0, -9, 1, 0, 1, 0, 1, 0]","[2, 3, 5, 7, 11, 13, 17, 19]"
38500/19683,1.95600264,38500,19683,"[2, 3, 5, 7, 11]","[2, -9, 3, 1, 1, 0, 0, 0]","[2, 3, 5, 7, 11, 13, 17, 19]"
38527/19683,1.95737438,38527,19683,"[3, 59, 653]","[0, -9, 0, 0, 0, 0, 0, 0]","[2, 3, 5, 7, 11, 13, 17, 19]"
38644/19683,1.96331860,38644,19683,"[2, 3, 9661]","[2, -9, 0, 0, 0, 0, 0, 0]","[2, 3, 5, 7, 11, 13, 17, 19]"
38660/59049,0.65471049,38660,59049,"[2, 3, 5, 1933]","[2, -10, 1, 0, 0, 0, 0, 0]","[2, 3, 5, 7, 11, 13, 17, 19]"
38767/19683,1.96956765,38767,19683,"[3, 38767]","[0, -9, 0, 0, 0, 0, 0, 0]","[2, 3, 5, 7, 11, 13, 17, 19]"
38932/19683,1.97795052,38932,19683,"[2, 3, 9733]","[2, -9, 0, 0, 0, 0, 0, 0]","[2, 3, 5, 7, 11, 13, 17, 19]"
38932/59049,0.65931684,38932,59049,"[2, 3, 9733]","[2, -10, 0, 0, 0, 0, 0, 0]","[2, 3, 5, 7, 11, 13, 17, 19]"
38959/19683,1.97932226,38959,19683,"[3, 38959]","[0, -9, 0, 0, 0, 0, 0, 0]","[2, 3, 5, 7, 11, 13, 17, 19]"
38971/19683,1.97993192,38971,19683,"[3, 38971]","[0, -9, 0, 0, 0, 0, 0, 0]","[2, 3, 5, 7, 11, 13, 17, 19]"
39076/19683,1.98526647,39076,19683,"[2, 3, 9769]","[2, -9, 0, 0, 0, 0, 0, 0]","[2, 3, 5, 7, 11, 13, 17, 19]"
39091/19683,1.98602855,39091,19683,"[3, 13, 31, 97]","[0, -9, 0, 0, 0, 1, 0, 0]","[2, 3, 5, 7, 11, 13, 17, 19]"
39103/19683,1.98663822,39103,19683,"[3, 39103]","[0, -9, 0, 0, 0, 0, 0, 0]","[2, 3, 5, 7, 11, 13, 17, 19]"
39268/19683,1.99502108,39268,19683,"[2, 3, 9817]","[2, -9, 0, 0, 0, 0, 0, 0]","[2, 3, 5, 7, 11, 13, 17, 19]"
39295/19683,1.99639283,39295,19683,"[3, 5, 29, 271]","[0, -9, 1, 0, 0, 0, 0, 0]","[2, 3, 5, 7, 11, 13, 17, 19]"
39328/59049,0.66602313,39328,59049,"[2, 3, 1229]","[5, -10, 0, 0, 0, 0, 0, 0]","[2, 3, 5, 7, 11, 13, 17, 19]"
39344/59049,0.66629409,39344,59049,"[2, 3, 2459]","[4, -10, 0, 0, 0, 0, 0, 0]","[2, 3, 5, 7, 11, 13, 17, 19]"
39364/59049,0.66663280,39364,59049,"[2, 3, 13, 757]","[2, -10, 0, 0, 0, 1, 0, 0]","[2, 3, 5, 7, 11, 13, 17, 19]"
39535/19683,2.00858609,39535,19683,"[3, 5, 7907]","[0, -9, 1, 0, 0, 0, 0, 0]","[2, 3, 5, 7, 11, 13, 17, 19]"
39700/19683,2.01696896,39700,19683,"[2, 3, 5, 397]","[2, -9, 2, 0, 0, 0, 0, 0]","[2, 3, 5, 7, 11, 13, 17, 19]"
39727/19683,2.01834070,39727,19683,"[3, 39727]","[0, -9, 0, 0, 0, 0, 0, 0]","[2, 3, 5, 7, 11, 13, 17, 19]"
39739/19683,2.01895036,39739,19683,"[3, 7, 811]","[0, -9, 0, 2, 0, 0, 0, 0]","[2, 3, 5, 7, 11, 13, 17, 19]"
39859/19683,2.02504699,39859,19683,"[3, 23, 1733]","[0, -9, 0, 0, 0, 0, 0, 0]","[2, 3, 5, 7, 11, 13, 17, 19]"
39904/59049,0.67577774,39904,59049,"[2, 3, 29, 43]","[5, -10, 0, 0, 0, 0, 0, 0]","[2, 3, 5, 7, 11, 13, 17, 19]"
39931/19683,2.02870497,39931,19683,"[3, 73, 547]","[0, -9, 0, 0, 0, 0, 0, 0]","[2, 3, 5, 7, 11, 13, 17, 19]"
39940/59049,0.67638741,39940,59049,"[2, 3, 5, 1997]","[2, -10, 1, 0, 0, 0, 0, 0]","[2, 3, 5, 7, 11, 13, 17, 19]"
39956/59049,0.67665837,39956,59049,"[2, 3, 7, 1427]","[2, -10, 0, 1, 0, 0, 0, 0]","[2, 3, 5, 7, 11, 13, 17, 19]"
40036/19683,2.03403953,40036,19683,"[2, 3, 10009]","[2, -9, 0, 0, 0, 0, 0, 0]","[2, 3, 5, 7, 11, 13, 17, 19]"
40063/19683,2.03541127,40063,19683,"[3, 40063]","[0, -9, 0, 0, 0, 0, 0, 0]","[2, 3, 5, 7, 11, 13, 17, 19]"
40228/19683,2.04379414,40228,19683,"[2, 3, 89, 113]","[2, -9, 0, 0, 0, 0, 0, 0]","[2, 3, 5, 7, 11, 13, 17, 19]"
40352/59049,0.68336466,40352,59049,"[2, 3, 13, 97]","[5, -10, 0, 0, 0, 1, 0, 0]","[2, 3, 5, 7, 11, 13, 17, 19]"
40388/59049,0.68397433,40388,59049,"[2, 3, 23, 439]","[2, -10, 0, 0, 0, 0, 0, 0]","[2, 3, 5, 7, 11, 13, 17, 19]"
40390/19683,2.05202459,40390,19683,"[2, 3, 5, 7, 577]","[1, -9, 1, 1, 0, 0, 0, 0]","[2, 3, 5, 7, 11, 13, 17, 19]"
40468/19683,2.05598740,40468,19683,"[2, 3, 67, 151]","[2, -9, 0, 0, 0, 0, 0, 0]","[2, 3, 5, 7, 11, 13, 17, 19]"
40495/19683,2.05735914,40495,19683,"[3, 5, 7, 13, 89]","[0, -9, 1, 1, 0, 1, 0, 0]","[2, 3, 5, 7, 11, 13, 17, 19]"
40507/19683,2.05796881,40507,19683,"[3, 40507]","[0, -9, 0, 0, 0, 0, 0, 0]","[2, 3, 5, 7, 11, 13, 17, 19]"
40624/59049,0.68797101,40624,59049,"[2, 3, 2539]","[4, -10, 0, 0, 0, 0, 0, 0]","[2, 3, 5, 7, 11, 13, 17, 19]"
40660/19683,2.06574201,40660,19683,"[2, 3, 5, 19, 107]","[2, -9, 1, 0, 0, 0, 0, 1]","[2, 3, 5, 7, 11, 13, 17, 19]"
40687/19683,2.06711375,40687,19683,"[3, 23, 29, 61]","[0, -9, 0, 0, 0, 0, 0, 0]","[2, 3, 5, 7, 11, 13, 17, 19]"
40699/19683,2.06772342,40699,19683,"[3, 40699]","[0, -9, 0, 0, 0, 0, 0, 0]","[2, 3, 5, 7, 11, 13, 17, 19]"
40804/19683,2.07305797,40804,19683,"[2, 3, 101]","[2, -9, 0, 0, 0, 0, 0, 0]","[2, 3, 5, 7, 11, 13, 17, 19]"
40831/19683,2.07442971,40831,19683,"[3, 7, 19, 307]","[0, -9, 0, 1, 0, 0, 0, 1]","[2, 3, 5, 7, 11, 13, 17, 19]"
40928/59049,0.69311927,40928,59049,"[2, 3, 1279]","[5, -10, 0, 0, 0, 0, 0, 0]","[2, 3, 5, 7, 11, 13, 17, 19]"
40964/59049,0.69372894,40964,59049,"[2, 3, 7, 11, 19]","[2, -10, 0, 2, 1, 0, 0, 1]","[2, 3, 5, 7, 11, 13, 17, 19]"
40996/19683,2.08281258,40996,19683,"[2, 3, 37, 277]","[2, -9, 0, 0, 0, 0, 0, 0]","[2, 3, 5, 7, 11, 13, 17, 19]"
41119/19683,2.08906163,41119,19683,"[3, 13, 3163]","[0, -9, 0, 0, 0, 1, 0, 0]","[2, 3, 5, 7, 11, 13, 17, 19]"
41158/19683,2.09104303,41158,19683,"[2, 3, 13, 1583]","[1, -9, 0, 0, 0, 1, 0, 0]","[2, 3, 5, 7, 11, 13, 17, 19]"
41200/59049,0.69772562,41200,59049,"[2, 3, 5, 103]","[4, -10, 2, 0, 0, 0, 0, 0]","[2, 3, 5, 7, 11, 13, 17, 19]"
41236/19683,2.09500584,41236,19683,"[2, 3, 13, 61]","[2, -9, 0, 0, 0, 2, 0, 0]","[2, 3, 5, 7, 11, 13, 17, 19]"
41236/59049,0.69833528,41236,59049,"[2, 3, 13, 61]","[2, -10, 0, 0, 0, 2, 0, 0]","[2, 3, 5, 7, 11, 13, 17, 19]"
41263/19683,2.09637758,41263,19683,"[3, 41263]","[0, -9, 0, 0, 0, 0, 0, 0]","[2, 3, 5, 7, 11, 13, 17, 19]"
41428/19683,2.10476045,41428,19683,"[2, 3, 10357]","[2, -9, 0, 0, 0, 0, 0, 0]","[2, 3, 5, 7, 11, 13, 17, 19]"
41455/19683,2.10613220,41455,19683,"[3, 5, 8291]","[0, -9, 1, 0, 0, 0, 0, 0]","[2, 3, 5, 7, 11, 13, 17, 19]"
41467/19683,2.10674186,41467,19683,"[3, 41467]","[0, -9, 0, 0, 0, 0, 0, 0]","[2, 3, 5, 7, 11, 13, 17, 19]"
41632/59049,0.70504158,41632,59049,"[2, 3, 1301]","[5, -10, 0, 0, 0, 0, 0, 0]","[2, 3, 5, 7, 11, 13, 17, 19]"
41648/59049,0.70531254,41648,59049,"[2, 3, 19, 137]","[4, -10, 0, 0, 0, 0, 0, 1]","[2, 3, 5, 7, 11, 13, 17, 19]"
41659/19683,2.11649647,41659,19683,"[3, 41659]","[0, -9, 0, 0, 0, 0, 0, 0]","[2, 3, 5, 7, 11, 13, 17, 19]"
41764/19683,2.12183102,41764,19683,"[2, 3, 53, 197]","[2, -9, 0, 0, 0, 0, 0, 0]","[2, 3, 5, 7, 11, 13, 17, 19]"
41887/19683,2.12808007,41887,19683,"[3, 41887]","[0, -9, 0, 0, 0, 0, 0, 0]","[2, 3, 5, 7, 11, 13, 17, 19]"
41926/19683,2.13006147,41926,19683,"[2, 3, 20963]","[1, -9, 0, 0, 0, 0, 0, 0]","[2, 3, 5, 7, 11, 13, 17, 19]"
42091/19683,2.13844434,42091,19683,"[3, 7, 859]","[0, -9, 0, 2, 0, 0, 0, 0]","[2, 3, 5, 7, 11, 13, 17, 19]"
42118/19683,2.13981608,42118,19683,"[2, 3, 21059]","[1, -9, 0, 0, 0, 0, 0, 0]","[2, 3, 5, 7, 11, 13, 17, 19]"
42196/19683,2.14377890,42196,19683,"[2, 3, 7, 11, 137]","[2, -9, 0, 1, 1, 0, 0, 0]","[2, 3, 5, 7, 11, 13, 17, 19]"
42208/59049,0.71479619,42208,59049,"[2, 3, 1319]","[5, -10, 0, 0, 0, 0, 0, 0]","[2, 3, 5, 7, 11, 13, 17, 19]"
42223/19683,2.14515064,42223,19683,"[3, 42223]","[0, -9, 0, 0, 0, 0, 0, 0]","[2, 3, 5, 7, 11, 13, 17, 19]"
42224/59049,0.71506715,42224,59049,"[2, 3, 7, 13, 29]","[4, -10, 0, 1, 0, 1, 0, 0]","[2, 3, 5, 7, 11, 13, 17, 19]"
42235/19683,2.14576030,42235,19683,"[3, 5, 8447]","[0, -9, 1, 0, 0, 0, 0, 0]","[2, 3, 5, 7, 11, 13, 17, 19]"
42244/59049,0.71540585,42244,59049,"[2, 3, 59, 179]","[2, -10, 0, 0, 0, 0, 0, 0]","[2, 3, 5, 7, 11, 13, 17, 19]"
42260/59049,0.71567681,42260,59049,"[2, 3, 5, 2113]","[2, -10, 1, 0, 0, 0, 0, 0]","[2, 3, 5, 7, 11, 13, 17, 19]"
42388/19683,2.15353351,42388,19683,"[2, 3, 10597]","[2, -9, 0, 0, 0, 0, 0, 0]","[2, 3, 5, 7, 11, 13, 17, 19]"
42415/19683,2.15490525,42415,19683,"[3, 5, 17, 499]","[0, -9, 1, 0, 0, 0, 1, 0]","[2, 3, 5, 7, 11, 13, 17, 19]"
42427/19683,2.15551491,42427,19683,"[3, 7, 11, 19, 29]","[0, -9, 0, 1, 1, 0, 0, 1]","[2, 3, 5, 7, 11, 13, 17, 19]"
42532/19683,2.16084946,42532,19683,"[2, 3, 7, 31]","[2, -9, 0, 3, 0, 0, 0, 0]","[2, 3, 5, 7, 11, 13, 17, 19]"
42655/19683,2.16709851,42655,19683,"[3, 5, 19, 449]","[0, -9, 1, 0, 0, 0, 0, 1]","[2, 3, 5, 7, 11, 13, 17, 19]"
42656/59049,0.72238311,42656,59049,"[2, 3, 31, 43]","[5, -10, 0, 0, 0, 0, 0, 0]","[2, 3, 5, 7, 11, 13, 17, 19]"
42694/19683,2.16907992,42694,19683,"[2, 3, 21347]","[1, -9, 0, 0, 0, 0, 0, 0]","[2, 3, 5, 7, 11, 13, 17, 19]"
42820/59049,0.72516046,42820,59049,"[2, 3, 5, 2141]","[2, -10, 1, 0, 0, 0, 0, 0]","[2, 3, 5, 7, 11, 13, 17, 19]"
42847/19683,2.17685312,42847,19683,"[3, 7, 6121]","[0, -9, 0, 1, 0, 0, 0, 0]","[2, 3, 5, 7, 11, 13, 17, 19]"
42859/19683,2.17746279,42859,19683,"[3, 42859]","[0, -9, 0, 0, 0, 0, 0, 0]","[2, 3, 5, 7, 11, 13, 17, 19]"
42886/19683,2.17883453,42886,19683,"[2, 3, 41, 523]","[1, -9, 0, 0, 0, 0, 0, 0]","[2, 3, 5, 7, 11, 13, 17, 19]"
42928/59049,0.72698945,42928,59049,"[2, 3, 2683]","[4, -10, 0, 0, 0, 0, 0, 0]","[2, 3, 5, 7, 11, 13, 17, 19]"
42964/19683,2.18279734,42964,19683,"[2, 3, 23, 467]","[2, -9, 0, 0, 0, 0, 0, 0]","[2, 3, 5, 7, 11, 13, 17, 19]"
42991/19683,2.18416908,42991,19683,"[3, 13, 3307]","[0, -9, 0, 0, 0, 1, 0, 0]","[2, 3, 5, 7, 11, 13, 17, 19]"
43156/19683,2.19255195,43156,19683,"[2, 3, 10789]","[2, -9, 0, 0, 0, 0, 0, 0]","[2, 3, 5, 7, 11, 13, 17, 19]"
43183/19683,2.19392369,43183,19683,"[3, 7, 31, 199]","[0, -9, 0, 1, 0, 0, 0, 0]","[2, 3, 5, 7, 11, 13, 17, 19]"
43195/19683,2.19453335,43195,19683,"[3, 5, 53, 163]","[0, -9, 1, 0, 0, 0, 0, 0]","[2, 3, 5, 7, 11, 13, 17, 19]"
43232/59049,0.73213772,43232,59049,"[2, 3, 7, 193]","[5, -10, 0, 1, 0, 0, 0, 0]","[2, 3, 5, 7, 11, 13, 17, 19]"
43268/59049,0.73274738,43268,59049,"[2, 3, 29, 373]","[2, -10, 0, 0, 0, 0, 0, 0]","[2, 3, 5, 7, 11, 13, 17, 19]"
43387/19683,2.20428796,43387,19683,"[3, 43, 1009]","[0, -9, 0, 0, 0, 0, 0, 0]","[2, 3, 5, 7, 11, 13, 17, 19]"
43423/19683,2.20611695,43423,19683,"[3, 173, 251]","[0, -9, 0, 0, 0, 0, 0, 0]","[2, 3, 5, 7, 11, 13, 17, 19]"
43504/59049,0.73674406,43504,59049,"[2, 3, 2719]","[4, -10, 0, 0, 0, 0, 0, 0]","[2, 3, 5, 7, 11, 13, 17, 19]"
43540/59049,0.73735372,43540,59049,"[2, 3, 5, 7, 311]","[2, -10, 1, 1, 0, 0, 0, 0]","[2, 3, 5, 7, 11, 13, 17, 19]"
43615/19683,2.21587156,43615,19683,"[3, 5, 11, 13, 61]","[0, -9, 1, 0, 1, 1, 0, 0]","[2, 3, 5, 7, 11, 13, 17, 19]"
43627/19683,2.21648123,43627,19683,"[3, 43627]","[0, -9, 0, 0, 0, 0, 0, 0]","[2, 3, 5, 7, 11, 13, 17, 19]"
43654/19683,2.21785297,43654,19683,"[2, 3, 13, 23, 73]","[1, -9, 0, 0, 0, 1, 0, 0]","[2, 3, 5, 7, 11, 13, 17, 19]"
43819/19683,2.22623584,43819,19683,"[3, 29, 1511]","[0, -9, 0, 0, 0, 0, 0, 0]","[2, 3, 5, 7, 11, 13, 17, 19]"
43844/59049,0.74250199,43844,59049,"[2, 3, 97, 113]","[2, -10, 0, 0, 0, 0, 0, 0]","[2, 3, 5, 7, 11, 13, 17, 19]"
43846/19683,2.22760758,43846,19683,"[2, 3, 11, 1993]","[1, -9, 0, 0, 1, 0, 0, 0]","[2, 3, 5, 7, 11, 13, 17, 19]"
43924/19683,2.23157039,43924,19683,"[2, 3, 79, 139]","[2, -9, 0, 0, 0, 0, 0, 0]","[2, 3, 5, 7, 11, 13, 17, 19]"
43951/19683,2.23294213,43951,19683,"[3, 43951]","[0, -9, 0, 0, 0, 0, 0, 0]","[2, 3, 5, 7, 11, 13, 17, 19]"
43952/59049,0.74433098,43952,59049,"[2, 3, 41, 67]","[4, -10, 0, 0, 0, 0, 0, 0]","[2, 3, 5, 7, 11, 13, 17, 19]"
43963/19683,2.23355180,43963,19683,"[3, 43963]","[0, -9, 0, 0, 0, 0, 0, 0]","[2, 3, 5, 7, 11, 13, 17, 19]"
44116/19683,2.24132500,44116,19683,"[2, 3, 41, 269]","[2, -9, 0, 0, 0, 0, 0, 0]","[2, 3, 5, 7, 11, 13, 17, 19]"
44116/59049,0.74710833,44116,59049,"[2, 3, 41, 269]","[2, -10, 0, 0, 0, 0, 0, 0]","[2, 3, 5, 7, 11, 13, 17, 19]"
44155/19683,2.24330641,44155,19683,"[3, 5, 8831]","[0, -9, 1, 0, 0, 0, 0, 0]","[2, 3, 5, 7, 11, 13, 17, 19]"
44278/19683,2.24955545,44278,19683,"[2, 3, 13, 131]","[1, -9, 0, 0, 0, 2, 0, 0]","[2, 3, 5, 7, 11, 13, 17, 19]"
44383/19683,2.25489001,44383,19683,"[3, 44383]","[0, -9, 0, 0, 0, 0, 0, 0]","[2, 3, 5, 7, 11, 13, 17, 19]"
44395/19683,2.25549967,44395,19683,"[3, 5, 13, 683]","[0, -9, 1, 0, 0, 1, 0, 0]","[2, 3, 5, 7, 11, 13, 17, 19]"
44422/19683,2.25687141,44422,19683,"[2, 3, 7, 19, 167]","[1, -9, 0, 1, 0, 0, 0, 1]","[2, 3, 5, 7, 11, 13, 17, 19]"
44512/59049,0.75381463,44512,59049,"[2, 3, 13, 107]","[5, -10, 0, 0, 0, 1, 0, 0]","[2, 3, 5, 7, 11, 13, 17, 19]"
44528/59049,0.75408559,44528,59049,"[2, 3, 11, 23]","[4, -10, 0, 0, 2, 0, 0, 0]","[2, 3, 5, 7, 11, 13, 17, 19]"
44548/59049,0.75442429,44548,59049,"[2, 3, 7, 37, 43]","[2, -10, 0, 1, 0, 0, 0, 0]","[2, 3, 5, 7, 11, 13, 17, 19]"
44564/59049,0.75469525,44564,59049,"[2, 3, 13, 857]","[2, -10, 0, 0, 0, 1, 0, 0]","[2, 3, 5, 7, 11, 13, 17, 19]"
44575/19683,2.26464462,44575,19683,"[3, 5, 1783]","[0, -9, 2, 0, 0, 0, 0, 0]","[2, 3, 5, 7, 11, 13, 17, 19]"
44587/19683,2.26525428,44587,19683,"[3, 44587]","[0, -9, 0, 0, 0, 0, 0, 0]","[2, 3, 5, 7, 11, 13, 17, 19]"
44614/19683,2.26662602,44614,19683,"[2, 3, 22307]","[1, -9, 0, 0, 0, 0, 0, 0]","[2, 3, 5, 7, 11, 13, 17, 19]"
44692/19683,2.27058883,44692,19683,"[2, 3, 11173]","[2, -9, 0, 0, 0, 0, 0, 0]","[2, 3, 5, 7, 11, 13, 17, 19]"
44719/19683,2.27196058,44719,19683,"[3, 197, 227]","[0, -9, 0, 0, 0, 0, 0, 0]","[2, 3, 5, 7, 11, 13, 17, 19]"
44884/19683,2.28034344,44884,19683,"[2, 3, 7, 229]","[2, -9, 0, 2, 0, 0, 0, 0]","[2, 3, 5, 7, 11, 13, 17, 19]"
44923/19683,2.28232485,44923,19683,"[3, 167, 269]","[0, -9, 0, 0, 0, 0, 0, 0]","[2, 3, 5, 7, 11, 13, 17, 19]"
45046/19683,2.28857390,45046,19683,"[2, 3, 101, 223]","[1, -9, 0, 0, 0, 0, 0, 0]","[2, 3, 5, 7, 11, 13, 17, 19]"
45124/59049,0.76417890,45124,59049,"[2, 3, 29, 389]","[2, -10, 0, 0, 0, 0, 0, 0]","[2, 3, 5, 7, 11, 13, 17, 19]"
45140/59049,0.76444986,45140,59049,"[2, 3, 5, 37, 61]","[2, -10, 1, 0, 0, 0, 0, 0]","[2, 3, 5, 7, 11, 13, 17, 19]"
45151/19683,2.29390845,45151,19683,"[3, 163, 277]","[0, -9, 0, 0, 0, 0, 0, 0]","[2, 3, 5, 7, 11, 13, 17, 19]"
45343/19683,2.30366306,45343,19683,"[3, 45343]","[0, -9, 0, 0, 0, 0, 0, 0]","[2, 3, 5, 7, 11, 13, 17, 19]"
45355/19683,2.30427272,45355,19683,"[3, 5, 47, 193]","[0, -9, 1, 0, 0, 0, 0, 0]","[2, 3, 5, 7, 11, 13, 17, 19]"
45382/19683,2.30564446,45382,19683,"[2, 3, 22691]","[1, -9, 0, 0, 0, 0, 0, 0]","[2, 3, 5, 7, 11, 13, 17, 19]"
45536/59049,0.77115616,45536,59049,"[2, 3, 1423]","[5, -10, 0, 0, 0, 0, 0, 0]","[2, 3, 5, 7, 11, 13, 17, 19]"
45547/19683,2.31402733,45547,19683,"[3, 37, 1231]","[0, -9, 0, 0, 0, 0, 0, 0]","[2, 3, 5, 7, 11, 13, 17, 19]"
45572/59049,0.77176582,45572,59049,"[2, 3, 11393]","[2, -10, 0, 0, 0, 0, 0, 0]","[2, 3, 5, 7, 11, 13, 17, 19]"
45574/19683,2.31539908,45574,19683,"[2, 3, 22787]","[1, -9, 0, 0, 0, 0, 0, 0]","[2, 3, 5, 7, 11, 13, 17, 19]"
45652/19683,2.31936189,45652,19683,"[2, 3, 101, 113]","[2, -9, 0, 0, 0, 0, 0, 0]","[2, 3, 5, 7, 11, 13, 17, 19]"
45691/19683,2.32134329,45691,19683,"[3, 45691]","[0, -9, 0, 0, 0, 0, 0, 0]","[2, 3, 5, 7, 11, 13, 17, 19]"
45808/59049,0.77576250,45808,59049,"[2, 3, 7, 409]","[4, -10, 0, 1, 0, 0, 0, 0]","[2, 3, 5, 7, 11, 13, 17, 19]"
45814/19683,2.32759234,45814,19683,"[2, 3, 22907]","[1, -9, 0, 0, 0, 0, 0, 0]","[2, 3, 5, 7, 11, 13, 17, 19]"
45844/59049,0.77637217,45844,59049,"[2, 3, 73, 157]","[2, -10, 0, 0, 0, 0, 0, 0]","[2, 3, 5, 7, 11, 13, 17, 19]"
45979/19683,2.33597521,45979,19683,"[3, 45979]","[0, -9, 0, 0, 0, 0, 0, 0]","[2, 3, 5, 7, 11, 13, 17, 19]"
46006/19683,2.33734695,46006,19683,"[2, 3, 23003]","[1, -9, 0, 0, 0, 0, 0, 0]","[2, 3, 5, 7, 11, 13, 17, 19]"
46111/19683,2.34268150,46111,19683,"[3, 13, 3547]","[0, -9, 0, 0, 0, 1, 0, 0]","[2, 3, 5, 7, 11, 13, 17, 19]"
46123/19683,2.34329116,46123,19683,"[3, 7, 11, 599]","[0, -9, 0, 1, 1, 0, 0, 0]","[2, 3, 5, 7, 11, 13, 17, 19]"
46148/59049,0.78152043,46148,59049,"[2, 3, 83, 139]","[2, -10, 0, 0, 0, 0, 0, 0]","[2, 3, 5, 7, 11, 13, 17, 19]"
46150/19683,2.34466291,46150,19683,"[2, 3, 5, 13, 71]","[1, -9, 2, 0, 0, 1, 0, 0]","[2, 3, 5, 7, 11, 13, 17, 19]"
46303/19683,2.35243611,46303,19683,"[3, 19, 2437]","[0, -9, 0, 0, 0, 0, 0, 1]","[2, 3, 5, 7, 11, 13, 17, 19]"
46315/19683,2.35304578,46315,19683,"[3, 5, 59, 157]","[0, -9, 1, 0, 0, 0, 0, 0]","[2, 3, 5, 7, 11, 13, 17, 19]"
46342/19683,2.35441752,46342,19683,"[2, 3, 17, 29, 47]","[1, -9, 0, 0, 0, 0, 1, 0]","[2, 3, 5, 7, 11, 13, 17, 19]"
46384/59049,0.78551711,46384,59049,"[2, 3, 13, 223]","[4, -10, 0, 0, 0, 1, 0, 0]","[2, 3, 5, 7, 11, 13, 17, 19]"
46420/19683,2.35838033,46420,19683,"[2, 3, 5, 11, 211]","[2, -9, 1, 0, 1, 0, 0, 0]","[2, 3, 5, 7, 11, 13, 17, 19]"
46420/59049,0.78612678,46420,59049,"[2, 3, 5, 11, 211]","[2, -10, 1, 0, 1, 0, 0, 0]","[2, 3, 5, 7, 11, 13, 17, 19]"
46582/19683,2.36661078,46582,19683,"[2, 3, 23291]","[1, -9, 0, 0, 0, 0, 0, 0]","[2, 3, 5, 7, 11, 13, 17, 19]"
46747/19683,2.37499365,46747,19683,"[3, 46747]","[0, -9, 0, 0, 0, 0, 0, 0]","[2, 3, 5, 7, 11, 13, 17, 19]"
46774/19683,2.37636539,46774,19683,"[2, 3, 7, 13, 257]","[1, -9, 0, 1, 0, 1, 0, 0]","[2, 3, 5, 7, 11, 13, 17, 19]"
46816/59049,0.79283307,46816,59049,"[2, 3, 7, 11, 19]","[5, -10, 0, 1, 1, 0, 0, 1]","[2, 3, 5, 7, 11, 13, 17, 19]"
46832/59049,0.79310403,46832,59049,"[2, 3, 2927]","[4, -10, 0, 0, 0, 0, 0, 0]","[2, 3, 5, 7, 11, 13, 17, 19]"
46868/59049,0.79371370,46868,59049,"[2, 3, 11717]","[2, -10, 0, 0, 0, 0, 0, 0]","[2, 3, 5, 7, 11, 13, 17, 19]"
46879/19683,2.38169994,46879,19683,"[3, 7, 37, 181]","[0, -9, 0, 1, 0, 0, 0, 0]","[2, 3, 5, 7, 11, 13, 17, 19]"
46951/19683,2.38535792,46951,19683,"[3, 29, 1619]","[0, -9, 0, 0, 0, 0, 0, 0]","[2, 3, 5, 7, 11, 13, 17, 19]"
47071/19683,2.39145455,47071,19683,"[3, 103, 457]","[0, -9, 0, 0, 0, 0, 0, 0]","[2, 3, 5, 7, 11, 13, 17, 19]"
47083/19683,2.39206422,47083,19683,"[3, 197, 239]","[0, -9, 0, 0, 0, 0, 0, 0]","[2, 3, 5, 7, 11, 13, 17, 19]"
47110/19683,2.39343596,47110,19683,"[2, 3, 5, 7, 673]","[1, -9, 1, 1, 0, 0, 0, 0]","[2, 3, 5, 7, 11, 13, 17, 19]"
47275/19683,2.40181883,47275,19683,"[3, 5, 31, 61]","[0, -9, 2, 0, 0, 0, 0, 0]","[2, 3, 5, 7, 11, 13, 17, 19]"
47408/59049,0.80285864,47408,59049,"[2, 3, 2963]","[4, -10, 0, 0, 0, 0, 0, 0]","[2, 3, 5, 7, 11, 13, 17, 19]"
47428/59049,0.80319734,47428,59049,"[2, 3, 71, 167]","[2, -10, 0, 0, 0, 0, 0, 0]","[2, 3, 5, 7, 11, 13, 17, 19]"
47444/59049,0.80346831,47444,59049,"[2, 3, 29, 409]","[2, -10, 0, 0, 0, 0, 0, 0]","[2, 3, 5, 7, 11, 13, 17, 19]"
47515/19683,2.41401209,47515,19683,"[3, 5, 13, 17, 43]","[0, -9, 1, 0, 0, 1, 1, 0]","[2, 3, 5, 7, 11, 13, 17, 19]"
47542/19683,2.41538383,47542,19683,"[2, 3, 11, 2161]","[1, -9, 0, 0, 1, 0, 0, 0]","[2, 3, 5, 7, 11, 13, 17, 19]"
47707/19683,2.42376670,47707,19683,"[3, 11, 4337]","[0, -9, 0, 0, 1, 0, 0, 0]","[2, 3, 5, 7, 11, 13, 17, 19]"
47719/19683,2.42437637,47719,19683,"[3, 7, 17, 401]","[0, -9, 0, 1, 0, 0, 1, 0]","[2, 3, 5, 7, 11, 13, 17, 19]"
47734/19683,2.42513844,47734,19683,"[2, 3, 29, 823]","[1, -9, 0, 0, 0, 0, 0, 0]","[2, 3, 5, 7, 11, 13, 17, 19]"
47839/19683,2.43047300,47839,19683,"[3, 11, 4349]","[0, -9, 0, 0, 1, 0, 0, 0]","[2, 3, 5, 7, 11, 13, 17, 19]"
47840/59049,0.81017460,47840,59049,"[2, 3, 5, 13, 23]","[5, -10, 1, 0, 0, 1, 0, 0]","[2, 3, 5, 7, 11, 13, 17, 19]"
47851/19683,2.43108266,47851,19683,"[3, 109, 439]","[0, -9, 0, 0, 0, 0, 0, 0]","[2, 3, 5, 7, 11, 13, 17, 19]"
47878/19683,2.43245440,47878,19683,"[2, 3, 37, 647]","[1, -9, 0, 0, 0, 0, 0, 0]","[2, 3, 5, 7, 11, 13, 17, 19]"
48043/19683,2.44083727,48043,19683,"[3, 107, 449]","[0, -9, 0, 0, 0, 0, 0, 0]","[2, 3, 5, 7, 11, 13, 17, 19]"
48112/59049,0.81478094,48112,59049,"[2, 3, 31, 97]","[4, -10, 0, 0, 0, 0, 0, 0]","[2, 3, 5, 7, 11, 13, 17, 19]"
48166/19683,2.44708632,48166,19683,"[2, 3, 24083]","[1, -9, 0, 0, 0, 0, 0, 0]","[2, 3, 5, 7, 11, 13, 17, 19]"
48283/19683,2.45303053,48283,19683,"[3, 53, 911]","[0, -9, 0, 0, 0, 0, 0, 0]","[2, 3, 5, 7, 11, 13, 17, 19]"
48310/19683,2.45440228,48310,19683,"[2, 3, 5, 4831]","[1, -9, 1, 0, 0, 0, 0, 0]","[2, 3, 5, 7, 11, 13, 17, 19]"
48452/59049,0.82053887,48452,59049,"[2, 3, 12113]","[2, -10, 0, 0, 0, 0, 0, 0]","[2, 3, 5, 7, 11, 13, 17, 19]"
48475/19683,2.46278514,48475,19683,"[3, 5, 7, 277]","[0, -9, 2, 1, 0, 0, 0, 0]","[2, 3, 5, 7, 11, 13, 17, 19]"
48487/19683,2.46339481,48487,19683,"[3, 48487]","[0, -9, 0, 0, 0, 0, 0, 0]","[2, 3, 5, 7, 11, 13, 17, 19]"
48502/19683,2.46415689,48502,19683,"[2, 3, 24251]","[1, -9, 0, 0, 0, 0, 0, 0]","[2, 3, 5, 7, 11, 13, 17, 19]"
48607/19683,2.46949144,48607,19683,"[3, 13, 3739]","[0, -9, 0, 0, 0, 1, 0, 0]","[2, 3, 5, 7, 11, 13, 17, 19]"
48679/19683,2.47314942,48679,19683,"[3, 48679]","[0, -9, 0, 0, 0, 0, 0, 0]","[2, 3, 5, 7, 11, 13, 17, 19]"
48688/59049,0.82453556,48688,59049,"[2, 3, 17, 179]","[4, -10, 0, 0, 0, 0, 1, 0]","[2, 3, 5, 7, 11, 13, 17, 19]"
48724/59049,0.82514522,48724,59049,"[2, 3, 13, 937]","[2, -10, 0, 0, 0, 1, 0, 0]","[2, 3, 5, 7, 11, 13, 17, 19]"
48811/19683,2.47985571,48811,19683,"[3, 7, 19, 367]","[0, -9, 0, 1, 0, 0, 0, 1]","[2, 3, 5, 7, 11, 13, 17, 19]"
48934/19683,2.48610476,48934,19683,"[2, 3, 43, 569]","[1, -9, 0, 0, 0, 0, 0, 0]","[2, 3, 5, 7, 11, 13, 17, 19]"
49136/59049,0.83212247,49136,59049,"[2, 3, 37, 83]","[4, -10, 0, 0, 0, 0, 0, 0]","[2, 3, 5, 7, 11, 13, 17, 19]"
49138/19683,2.49646903,49138,19683,"[2, 3, 79, 311]","[1, -9, 0, 0, 0, 0, 0, 0]","[2, 3, 5, 7, 11, 13, 17, 19]"
49243/19683,2.50180359,49243,19683,"[3, 23, 2141]","[0, -9, 0, 0, 0, 0, 0, 0]","[2, 3, 5, 7, 11, 13, 17, 19]"
49255/19683,2.50241325,49255,19683,"[3, 5, 9851]","[0, -9, 1, 0, 0, 0, 0, 0]","[2, 3, 5, 7, 11, 13, 17, 19]"
49270/19683,2.50317533,49270,19683,"[2, 3, 5, 13, 379]","[1, -9, 1, 0, 0, 1, 0, 0]","[2, 3, 5, 7, 11, 13, 17, 19]"
49300/59049,0.83489983,49300,59049,"[2, 3, 5, 17, 29]","[2, -10, 2, 0, 0, 0, 1, 0]","[2, 3, 5, 7, 11, 13, 17, 19]"
49435/19683,2.51155820,49435,19683,"[3, 5, 9887]","[0, -9, 1, 0, 0, 0, 0, 0]","[2, 3, 5, 7, 11, 13, 17, 19]"
49447/19683,2.51216786,49447,19683,"[3, 197, 251]","[0, -9, 0, 0, 0, 0, 0, 0]","[2, 3, 5, 7, 11, 13, 17, 19]"
49462/19683,2.51292994,49462,19683,"[2, 3, 7, 3533]","[1, -9, 0, 1, 0, 0, 0, 0]","[2, 3, 5, 7, 11, 13, 17, 19]"
49579/19683,2.51887416,49579,19683,"[3, 43, 1153]","[0, -9, 0, 0, 0, 0, 0, 0]","[2, 3, 5, 7, 11, 13, 17, 19]"
49702/19683,2.52512320,49702,19683,"[2, 3, 24851]","[1, -9, 0, 0, 0, 0, 0, 0]","[2, 3, 5, 7, 11, 13, 17, 19]"
49712/59049,0.84187709,49712,59049,"[2, 3, 13, 239]","[4, -10, 0, 0, 0, 1, 0, 0]","[2, 3, 5, 7, 11, 13, 17, 19]"
49732/59049,0.84221579,49732,59049,"[2, 3, 12433]","[2, -10, 0, 0, 0, 0, 0, 0]","[2, 3, 5, 7, 11, 13, 17, 19]"
49748/59049,0.84248675,49748,59049,"[2, 3, 12437]","[2, -10, 0, 0, 0, 0, 0, 0]","[2, 3, 5, 7, 11, 13, 17, 19]"
49867/19683,2.53350607,49867,19683,"[3, 47, 1061]","[0, -9, 0, 0, 0, 0, 0, 0]","[2, 3, 5, 7, 11, 13, 17, 19]"
49894/19683,2.53487781,49894,19683,"[2, 3, 13, 19, 101]","[1, -9, 0, 0, 0, 1, 0, 1]","[2, 3, 5, 7, 11, 13, 17, 19]"
49906/19683,2.53548748,49906,19683,"[2, 3, 24953]","[1, -9, 0, 0, 0, 0, 0, 0]","[2, 3, 5, 7, 11, 13, 17, 19]"
50011/19683,2.54082203,50011,19683,"[3, 13, 3847]","[0, -9, 0, 0, 0, 1, 0, 0]","[2, 3, 5, 7, 11, 13, 17, 19]"
50038/19683,2.54219377,50038,19683,"[2, 3, 127, 197]","[1, -9, 0, 0, 0, 0, 0, 0]","[2, 3, 5, 7, 11, 13, 17, 19]"
50203/19683,2.55057664,50203,19683,"[3, 61, 823]","[0, -9, 0, 0, 0, 0, 0, 0]","[2, 3, 5, 7, 11, 13, 17, 19]"
50215/19683,2.55118630,50215,19683,"[3, 5, 11, 83]","[0, -9, 1, 0, 2, 0, 0, 0]","[2, 3, 5, 7, 11, 13, 17, 19]"
50230/19683,2.55194838,50230,19683,"[2, 3, 5, 5023]","[1, -9, 1, 0, 0, 0, 0, 0]","[2, 3, 5, 7, 11, 13, 17, 19]"
50324/59049,0.85224136,50324,59049,"[2, 3, 23, 547]","[2, -10, 0, 0, 0, 0, 0, 0]","[2, 3, 5, 7, 11, 13, 17, 19]"
50407/19683,2.56094091,50407,19683,"[3, 7, 19, 379]","[0, -9, 0, 1, 0, 0, 0, 1]","[2, 3, 5, 7, 11, 13, 17, 19]"
50470/19683,2.56414165,50470,19683,"[2, 3, 5, 7, 103]","[1, -9, 1, 2, 0, 0, 0, 0]","[2, 3, 5, 7, 11, 13, 17, 19]"
50596/59049,0.85684770,50596,59049,"[2, 3, 7, 13, 139]","[2, -10, 0, 1, 0, 1, 0, 0]","[2, 3, 5, 7, 11, 13, 17, 19]"
50635/19683,2.57252451,50635,19683,"[3, 5, 13, 19, 41]","[0, -9, 1, 0, 0, 1, 0, 1]","[2, 3, 5, 7, 11, 13, 17, 19]"
50662/19683,2.57389626,50662,19683,"[2, 3, 73, 347]","[1, -9, 0, 0, 0, 0, 0, 0]","[2, 3, 5, 7, 11, 13, 17, 19]"
50674/19683,2.57450592,50674,19683,"[2, 3, 13, 1949]","[1, -9, 0, 0, 0, 1, 0, 0]","[2, 3, 5, 7, 11, 13, 17, 19]"
50756/59049,0.85955732,50756,59049,"[2, 3, 12689]","[2, -10, 0, 0, 0, 0, 0, 0]","[2, 3, 5, 7, 11, 13, 17, 19]"
50839/19683,2.58288879,50839,19683,"[3, 50839]","[0, -9, 0, 0, 0, 0, 0, 0]","[2, 3, 5, 7, 11, 13, 17, 19]"
50866/19683,2.58426053,50866,19683,"[2, 3, 29, 877]","[1, -9, 0, 0, 0, 0, 0, 0]","[2, 3, 5, 7, 11, 13, 17, 19]"
50971/19683,2.58959508,50971,19683,"[3, 50971]","[0, -9, 0, 0, 0, 0, 0, 0]","[2, 3, 5, 7, 11, 13, 17, 19]"
50983/19683,2.59020475,50983,19683,"[3, 17, 2999]","[0, -9, 0, 0, 0, 0, 1, 0]","[2, 3, 5, 7, 11, 13, 17, 19]"
50992/59049,0.86355400,50992,59049,"[2, 3, 3187]","[4, -10, 0, 0, 0, 0, 0, 0]","[2, 3, 5, 7, 11, 13, 17, 19]"
50998/19683,2.59096682,50998,19683,"[2, 3, 43, 593]","[1, -9, 0, 0, 0, 0, 0, 0]","[2, 3, 5, 7, 11, 13, 17, 19]"
51028/59049,0.86416366,51028,59049,"[2, 3, 12757]","[2, -10, 0, 0, 0, 0, 0, 0]","[2, 3, 5, 7, 11, 13, 17, 19]"
51163/19683,2.59934969,51163,19683,"[3, 7, 7309]","[0, -9, 0, 1, 0, 0, 0, 0]","[2, 3, 5, 7, 11, 13, 17, 19]"
51175/19683,2.59995936,51175,19683,"[3, 5, 23, 89]","[0, -9, 2, 0, 0, 0, 0, 0]","[2, 3, 5, 7, 11, 13, 17, 19]"
51403/19683,2.61154296,51403,19683,"[3, 11, 4673]","[0, -9, 0, 0, 1, 0, 0, 0]","[2, 3, 5, 7, 11, 13, 17, 19]"
51430/19683,2.61291470,51430,19683,"[2, 3, 5, 37, 139]","[1, -9, 1, 0, 0, 0, 0, 0]","[2, 3, 5, 7, 11, 13, 17, 19]"
51442/19683,2.61352436,51442,19683,"[2, 3, 17, 89]","[1, -9, 0, 0, 0, 0, 2, 0]","[2, 3, 5, 7, 11, 13, 17, 19]"
51568/59049,0.87330861,51568,59049,"[2, 3, 11, 293]","[4, -10, 0, 0, 1, 0, 0, 0]","[2, 3, 5, 7, 11, 13, 17, 19]"
51595/19683,2.62129757,51595,19683,"[3, 5, 17, 607]","[0, -9, 1, 0, 0, 0, 1, 0]","[2, 3, 5, 7, 11, 13, 17, 19]"
51604/59049,0.87391827,51604,59049,"[2, 3, 7, 19, 97]","[2, -10, 0, 1, 0, 0, 0, 1]","[2, 3, 5, 7, 11, 13, 17, 19]"
51607/19683,2.62190723,51607,19683,"[3, 51607]","[0, -9, 0, 0, 0, 0, 0, 0]","[2, 3, 5, 7, 11, 13, 17, 19]"
51620/59049,0.87418923,51620,59049,"[2, 3, 5, 29, 89]","[2, -10, 1, 0, 0, 0, 0, 0]","[2, 3, 5, 7, 11, 13, 17, 19]"
51622/19683,2.62266931,51622,19683,"[2, 3, 53, 487]","[1, -9, 0, 0, 0, 0, 0, 0]","[2, 3, 5, 7, 11, 13, 17, 19]"
51634/19683,2.62327897,51634,19683,"[2, 3, 11, 2347]","[1, -9, 0, 0, 1, 0, 0, 0]","[2, 3, 5, 7, 11, 13, 17, 19]"
51739/19683,2.62861352,51739,19683,"[3, 31, 1669]","[0, -9, 0, 0, 0, 0, 0, 0]","[2, 3, 5, 7, 11, 13, 17, 19]"
51766/19683,2.62998527,51766,19683,"[2, 3, 11, 13, 181]","[1, -9, 0, 0, 1, 1, 0, 0]","[2, 3, 5, 7, 11, 13, 17, 19]"
51931/19683,2.63836813,51931,19683,"[3, 11, 4721]","[0, -9, 0, 0, 1, 0, 0, 0]","[2, 3, 5, 7, 11, 13, 17, 19]"
51943/19683,2.63897780,51943,19683,"[3, 127, 409]","[0, -9, 0, 0, 0, 0, 0, 0]","[2, 3, 5, 7, 11, 13, 17, 19]"
52016/59049,0.88089553,52016,59049,"[2, 3, 3251]","[4, -10, 0, 0, 0, 0, 0, 0]","[2, 3, 5, 7, 11, 13, 17, 19]"
52052/59049,0.88150519,52052,59049,"[2, 3, 7, 11, 13]","[2, -10, 0, 1, 1, 2, 0, 0]","[2, 3, 5, 7, 11, 13, 17, 19]"
52054/19683,2.64461718,52054,19683,"[2, 3, 17, 1531]","[1, -9, 0, 0, 0, 0, 1, 0]","[2, 3, 5, 7, 11, 13, 17, 19]"
52135/19683,2.64873241,52135,19683,"[3, 5, 10427]","[0, -9, 1, 0, 0, 0, 0, 0]","[2, 3, 5, 7, 11, 13, 17, 19]"
52171/19683,2.65056140,52171,19683,"[3, 7, 29, 257]","[0, -9, 0, 1, 0, 0, 0, 0]","[2, 3, 5, 7, 11, 13, 17, 19]"
52198/19683,2.65193314,52198,19683,"[2, 3, 26099]","[1, -9, 0, 0, 0, 0, 0, 0]","[2, 3, 5, 7, 11, 13, 17, 19]"
52363/19683,2.66031601,52363,19683,"[3, 52363]","[0, -9, 0, 0, 0, 0, 0, 0]","[2, 3, 5, 7, 11, 13, 17, 19]"
52375/19683,2.66092567,52375,19683,"[3, 5, 419]","[0, -9, 3, 0, 0, 0, 0, 0]","[2, 3, 5, 7, 11, 13, 17, 19]"
52390/19683,2.66168775,52390,19683,"[2, 3, 5, 13, 31]","[1, -9, 1, 0, 0, 2, 0, 0]","[2, 3, 5, 7, 11, 13, 17, 19]"
52402/19683,2.66229741,52402,19683,"[2, 3, 7, 19, 197]","[1, -9, 0, 1, 0, 0, 0, 1]","[2, 3, 5, 7, 11, 13, 17, 19]"
52567/19683,2.67068028,52567,19683,"[3, 52567]","[0, -9, 0, 0, 0, 0, 0, 0]","[2, 3, 5, 7, 11, 13, 17, 19]"
52592/59049,0.89065014,52592,59049,"[2, 3, 19, 173]","[4, -10, 0, 0, 0, 0, 0, 1]","[2, 3, 5, 7, 11, 13, 17, 19]"
52594/19683,2.67205202,52594,19683,"[2, 3, 26297]","[1, -9, 0, 0, 0, 0, 0, 0]","[2, 3, 5, 7, 11, 13, 17, 19]"
52628/59049,0.89125980,52628,59049,"[2, 3, 59, 223]","[2, -10, 0, 0, 0, 0, 0, 0]","[2, 3, 5, 7, 11, 13, 17, 19]"
52699/19683,2.67738658,52699,19683,"[3, 151, 349]","[0, -9, 0, 0, 0, 0, 0, 0]","[2, 3, 5, 7, 11, 13, 17, 19]"
52711/19683,2.67799624,52711,19683,"[3, 52711]","[0, -9, 0, 0, 0, 0, 0, 0]","[2, 3, 5, 7, 11, 13, 17, 19]"
52822/19683,2.68363562,52822,19683,"[2, 3, 7, 11]","[1, -9, 0, 4, 1, 0, 0, 0]","[2, 3, 5, 7, 11, 13, 17, 19]"
52900/59049,0.89586615,52900,59049,"[2, 3, 5, 23]","[2, -10, 2, 0, 0, 0, 0, 0]","[2, 3, 5, 7, 11, 13, 17, 19]"
52903/19683,2.68775085,52903,19683,"[3, 52903]","[0, -9, 0, 0, 0, 0, 0, 0]","[2, 3, 5, 7, 11, 13, 17, 19]"
53026/19683,2.69399990,53026,19683,"[2, 3, 26513]","[1, -9, 0, 0, 0, 0, 0, 0]","[2, 3, 5, 7, 11, 13, 17, 19]"
53131/19683,2.69933445,53131,19683,"[3, 13, 61, 67]","[0, -9, 0, 0, 0, 1, 0, 0]","[2, 3, 5, 7, 11, 13, 17, 19]"
53143/19683,2.69994411,53143,19683,"[3, 19, 2797]","[0, -9, 0, 0, 0, 0, 0, 1]","[2, 3, 5, 7, 11, 13, 17, 19]"
53158/19683,2.70070619,53158,19683,"[2, 3, 7, 3797]","[1, -9, 0, 1, 0, 0, 0, 0]","[2, 3, 5, 7, 11, 13, 17, 19]"
53170/19683,2.70131586,53170,19683,"[2, 3, 5, 13, 409]","[1, -9, 1, 0, 0, 1, 0, 0]","[2, 3, 5, 7, 11, 13, 17, 19]"
53296/59049,0.90257244,53296,59049,"[2, 3, 3331]","[4, -10, 0, 0, 0, 0, 0, 0]","[2, 3, 5, 7, 11, 13, 17, 19]"
53323/19683,2.70908906,53323,19683,"[3, 53323]","[0, -9, 0, 0, 0, 0, 0, 0]","[2, 3, 5, 7, 11, 13, 17, 19]"
53335/19683,2.70969872,53335,19683,"[3, 5, 10667]","[0, -9, 1, 0, 0, 0, 0, 0]","[2, 3, 5, 7, 11, 13, 17, 19]"
53350/19683,2.71046080,53350,19683,"[2, 3, 5, 11, 97]","[1, -9, 2, 0, 1, 0, 0, 0]","[2, 3, 5, 7, 11, 13, 17, 19]"
53362/19683,2.71107047,53362,19683,"[2, 3, 26681]","[1, -9, 0, 0, 0, 0, 0, 0]","[2, 3, 5, 7, 11, 13, 17, 19]"
53467/19683,2.71640502,53467,19683,"[3, 127, 421]","[0, -9, 0, 0, 0, 0, 0, 0]","[2, 3, 5, 7, 11, 13, 17, 19]"
53512/59049,0.90623042,53512,59049,"[2, 3, 6689]","[3, -10, 0, 0, 0, 0, 0, 0]","[2, 3, 5, 7, 11, 13, 17, 19]"
53590/19683,2.72265407,53590,19683,"[2, 3, 5, 23, 233]","[1, -9, 1, 0, 0, 0, 0, 0]","[2, 3, 5, 7, 11, 13, 17, 19]"
53671/19683,2.72676929,53671,19683,"[3, 191, 281]","[0, -9, 0, 0, 0, 0, 0, 0]","[2, 3, 5, 7, 11, 13, 17, 19]"
53782/19683,2.73240868,53782,19683,"[2, 3, 26891]","[1, -9, 0, 0, 0, 0, 0, 0]","[2, 3, 5, 7, 11, 13, 17, 19]"
53794/19683,2.73301834,53794,19683,"[2, 3, 13, 2069]","[1, -9, 0, 0, 0, 1, 0, 0]","[2, 3, 5, 7, 11, 13, 17, 19]"
53872/59049,0.91232705,53872,59049,"[2, 3, 7, 13, 37]","[4, -10, 0, 1, 0, 1, 0, 0]","[2, 3, 5, 7, 11, 13, 17, 19]"
53899/19683,2.73835289,53899,19683,"[3, 53899]","[0, -9, 0, 0, 0, 0, 0, 0]","[2, 3, 5, 7, 11, 13, 17, 19]"
53908/59049,0.91293671,53908,59049,"[2, 3, 13477]","[2, -10, 0, 0, 0, 0, 0, 0]","[2, 3, 5, 7, 11, 13, 17, 19]"
53924/59049,0.91320767,53924,59049,"[2, 3, 13, 17, 61]","[2, -10, 0, 0, 0, 1, 1, 0]","[2, 3, 5, 7, 11, 13, 17, 19]"
53926/19683,2.73972464,53926,19683,"[2, 3, 59, 457]","[1, -9, 0, 0, 0, 0, 0, 0]","[2, 3, 5, 7, 11, 13, 17, 19]"
54091/19683,2.74810750,54091,19683,"[3, 54091]","[0, -9, 0, 0, 0, 0, 0, 0]","[2, 3, 5, 7, 11, 13, 17, 19]"
54103/19683,2.74871717,54103,19683,"[3, 7, 59, 131]","[0, -9, 0, 1, 0, 0, 0, 0]","[2, 3, 5, 7, 11, 13, 17, 19]"
54118/19683,2.74947925,54118,19683,"[2, 3, 27059]","[1, -9, 0, 0, 0, 0, 0, 0]","[2, 3, 5, 7, 11, 13, 17, 19]"
54130/19683,2.75008891,54130,19683,"[2, 3, 5, 5413]","[1, -9, 1, 0, 0, 0, 0, 0]","[2, 3, 5, 7, 11, 13, 17, 19]"
54295/19683,2.75847178,54295,19683,"[3, 5, 10859]","[0, -9, 1, 0, 0, 0, 0, 0]","[2, 3, 5, 7, 11, 13, 17, 19]"
54320/59049,0.91991397,54320,59049,"[2, 3, 5, 7, 97]","[4, -10, 1, 1, 0, 0, 0, 0]","[2, 3, 5, 7, 11, 13, 17, 19]"
54322/19683,2.75984352,54322,19683,"[2, 3, 157, 173]","[1, -9, 0, 0, 0, 0, 0, 0]","[2, 3, 5, 7, 11, 13, 17, 19]"
54358/19683,2.76167251,54358,19683,"[2, 3, 27179]","[1, -9, 0, 0, 0, 0, 0, 0]","[2, 3, 5, 7, 11, 13, 17, 19]"
54439/19683,2.76578774,54439,19683,"[3, 7, 11, 101]","[0, -9, 0, 2, 1, 0, 0, 0]","[2, 3, 5, 7, 11, 13, 17, 19]"
54484/59049,0.92269132,54484,59049,"[2, 3, 53, 257]","[2, -10, 0, 0, 0, 0, 0, 0]","[2, 3, 5, 7, 11, 13, 17, 19]"
54536/59049,0.92357195,54536,59049,"[2, 3, 17, 401]","[3, -10, 0, 0, 0, 0, 1, 0]","[2, 3, 5, 7, 11, 13, 17, 19]"
54550/19683,2.77142712,54550,19683,"[2, 3, 5, 1091]","[1, -9, 2, 0, 0, 0, 0, 0]","[2, 3, 5, 7, 11, 13, 17, 19]"
54562/19683,2.77203678,54562,19683,"[2, 3, 27281]","[1, -9, 0, 0, 0, 0, 0, 0]","[2, 3, 5, 7, 11, 13, 17, 19]"
54727/19683,2.78041965,54727,19683,"[3, 54727]","[0, -9, 0, 0, 0, 0, 0, 0]","[2, 3, 5, 7, 11, 13, 17, 19]"
54754/19683,2.78179139,54754,19683,"[2, 3, 7, 3911]","[1, -9, 0, 1, 0, 0, 0, 0]","[2, 3, 5, 7, 11, 13, 17, 19]"
54859/19683,2.78712595,54859,19683,"[3, 7, 17, 461]","[0, -9, 0, 1, 0, 0, 1, 0]","[2, 3, 5, 7, 11, 13, 17, 19]"
54871/19683,2.78773561,54871,19683,"[3, 37, 1483]","[0, -9, 0, 0, 0, 0, 0, 0]","[2, 3, 5, 7, 11, 13, 17, 19]"
54886/19683,2.78849769,54886,19683,"[2, 3, 13, 2111]","[1, -9, 0, 0, 0, 1, 0, 0]","[2, 3, 5, 7, 11, 13, 17, 19]"
54896/59049,0.92966858,54896,59049,"[2, 3, 47, 73]","[4, -10, 0, 0, 0, 0, 0, 0]","[2, 3, 5, 7, 11, 13, 17, 19]"
54898/19683,2.78910735,54898,19683,"[2, 3, 27449]","[1, -9, 0, 0, 0, 0, 0, 0]","[2, 3, 5, 7, 11, 13, 17, 19]"
54932/59049,0.93027824,54932,59049,"[2, 3, 31, 443]","[2, -10, 0, 0, 0, 0, 0, 0]","[2, 3, 5, 7, 11, 13, 17, 19]"
55051/19683,2.79688056,55051,19683,"[3, 55051]","[0, -9, 0, 0, 0, 0, 0, 0]","[2, 3, 5, 7, 11, 13, 17, 19]"
55063/19683,2.79749022,55063,19683,"[3, 17, 41, 79]","[0, -9, 0, 0, 0, 0, 1, 0]","[2, 3, 5, 7, 11, 13, 17, 19]"
55090/19683,2.79886196,55090,19683,"[2, 3, 5, 7, 787]","[1, -9, 1, 1, 0, 0, 0, 0]","[2, 3, 5, 7, 11, 13, 17, 19]"
55204/59049,0.93488459,55204,59049,"[2, 3, 37, 373]","[2, -10, 0, 0, 0, 0, 0, 0]","[2, 3, 5, 7, 11, 13, 17, 19]"
55318/19683,2.81044556,55318,19683,"[2, 3, 17, 1627]","[1, -9, 0, 0, 0, 0, 1, 0]","[2, 3, 5, 7, 11, 13, 17, 19]"
55330/19683,2.81105523,55330,19683,"[2, 3, 5, 11, 503]","[1, -9, 1, 0, 1, 0, 0, 0]","[2, 3, 5, 7, 11, 13, 17, 19]"
55495/19683,2.81943809,55495,19683,"[3, 5, 11, 1009]","[0, -9, 1, 0, 1, 0, 0, 0]","[2, 3, 5, 7, 11, 13, 17, 19]"
55508/59049,0.94003285,55508,59049,"[2, 3, 13877]","[2, -10, 0, 0, 0, 0, 0, 0]","[2, 3, 5, 7, 11, 13, 17, 19]"
55510/19683,2.82020017,55510,19683,"[2, 3, 5, 7, 13, 61]","[1, -9, 1, 1, 0, 1, 0, 0]","[2, 3, 5, 7, 11, 13, 17, 19]"
55522/19683,2.82080984,55522,19683,"[2, 3, 17, 23, 71]","[1, -9, 0, 0, 0, 0, 1, 0]","[2, 3, 5, 7, 11, 13, 17, 19]"
55627/19683,2.82614439,55627,19683,"[3, 11, 13, 389]","[0, -9, 0, 0, 1, 1, 0, 0]","[2, 3, 5, 7, 11, 13, 17, 19]"
55654/19683,2.82751613,55654,19683,"[2, 3, 27827]","[1, -9, 0, 0, 0, 0, 0, 0]","[2, 3, 5, 7, 11, 13, 17, 19]"
55780/59049,0.94463920,55780,59049,"[2, 3, 5, 2789]","[2, -10, 1, 0, 0, 0, 0, 0]","[2, 3, 5, 7, 11, 13, 17, 19]"
55816/59049,0.94524886,55816,59049,"[2, 3, 6977]","[3, -10, 0, 0, 0, 0, 0, 0]","[2, 3, 5, 7, 11, 13, 17, 19]"
55819/19683,2.83589900,55819,19683,"[3, 55819]","[0, -9, 0, 0, 0, 0, 0, 0]","[2, 3, 5, 7, 11, 13, 17, 19]"
55831/19683,2.83650866,55831,19683,"[3, 31, 1801]","[0, -9, 0, 0, 0, 0, 0, 0]","[2, 3, 5, 7, 11, 13, 17, 19]"
55858/19683,2.83788040,55858,19683,"[2, 3, 11, 2539]","[1, -9, 0, 0, 1, 0, 0, 0]","[2, 3, 5, 7, 11, 13, 17, 19]"
56023/19683,2.84626327,56023,19683,"[3, 11, 463]","[0, -9, 0, 0, 2, 0, 0, 0]","[2, 3, 5, 7, 11, 13, 17, 19]"
56086/19683,2.84946400,56086,19683,"[2, 3, 29, 967]","[1, -9, 0, 0, 0, 0, 0, 0]","[2, 3, 5, 7, 11, 13, 17, 19]"
56176/59049,0.95134549,56176,59049,"[2, 3, 3511]","[4, -10, 0, 0, 0, 0, 0, 0]","[2, 3, 5, 7, 11, 13, 17, 19]"
56212/59049,0.95195516,56212,59049,"[2, 3, 13, 23, 47]","[2, -10, 0, 0, 0, 1, 0, 0]","[2, 3, 5, 7, 11, 13, 17, 19]"
56228/59049,0.95222612,56228,59049,"[2, 3, 14057]","[2, -10, 0, 0, 0, 0, 0, 0]","[2, 3, 5, 7, 11, 13, 17, 19]"
56263/19683,2.85845654,56263,19683,"[3, 56263]","[0, -9, 0, 0, 0, 0, 0, 0]","[2, 3, 5, 7, 11, 13, 17, 19]"
56278/19683,2.85921862,56278,19683,"[2, 3, 19, 1481]","[1, -9, 0, 0, 0, 0, 0, 1]","[2, 3, 5, 7, 11, 13, 17, 19]"
56290/19683,2.85982828,56290,19683,"[2, 3, 5, 13, 433]","[1, -9, 1, 0, 0, 1, 0, 0]","[2, 3, 5, 7, 11, 13, 17, 19]"
56455/19683,2.86821115,56455,19683,"[3, 5, 7, 1613]","[0, -9, 1, 1, 0, 0, 0, 0]","[2, 3, 5, 7, 11, 13, 17, 19]"
56482/19683,2.86958289,56482,19683,"[2, 3, 31, 911]","[1, -9, 0, 0, 0, 0, 0, 0]","[2, 3, 5, 7, 11, 13, 17, 19]"
56587/19683,2.87491744,56587,19683,"[3, 71, 797]","[0, -9, 0, 0, 0, 0, 0, 0]","[2, 3, 5, 7, 11, 13, 17, 19]"
56599/19683,2.87552710,56599,19683,"[3, 56599]","[0, -9, 0, 0, 0, 0, 0, 0]","[2, 3, 5, 7, 11, 13, 17, 19]"
56626/19683,2.87689885,56626,19683,"[2, 3, 23, 1231]","[1, -9, 0, 0, 0, 0, 0, 0]","[2, 3, 5, 7, 11, 13, 17, 19]"
56788/59049,0.96170977,56788,59049,"[2, 3, 14197]","[2, -10, 0, 0, 0, 0, 0, 0]","[2, 3, 5, 7, 11, 13, 17, 19]"
56791/19683,2.88528172,56791,19683,"[3, 7, 19, 61]","[0, -9, 0, 2, 0, 0, 0, 1]","[2, 3, 5, 7, 11, 13, 17, 19]"
56804/59049,0.96198073,56804,59049,"[2, 3, 11, 1291]","[2, -10, 0, 0, 1, 0, 0, 0]","[2, 3, 5, 7, 11, 13, 17, 19]"
56840/59049,0.96259039,56840,59049,"[2, 3, 5, 7, 29]","[3, -10, 1, 2, 0, 0, 0, 0]","[2, 3, 5, 7, 11, 13, 17, 19]"
56914/19683,2.89153076,56914,19683,"[2, 3, 11, 13, 199]","[1, -9, 0, 0, 1, 1, 0, 0]","[2, 3, 5, 7, 11, 13, 17, 19]"
57031/19683,2.89747498,57031,19683,"[3, 13, 41, 107]","[0, -9, 0, 0, 0, 1, 0, 0]","[2, 3, 5, 7, 11, 13, 17, 19]"
57046/19683,2.89823706,57046,19683,"[2, 3, 11, 2593]","[1, -9, 0, 0, 1, 0, 0, 0]","[2, 3, 5, 7, 11, 13, 17, 19]"
57058/19683,2.89884672,57058,19683,"[2, 3, 47, 607]","[1, -9, 0, 0, 0, 0, 0, 0]","[2, 3, 5, 7, 11, 13, 17, 19]"
57200/59049,0.96868702,57200,59049,"[2, 3, 5, 11, 13]","[4, -10, 2, 0, 1, 1, 0, 0]","[2, 3, 5, 7, 11, 13, 17, 19]"
57223/19683,2.90722959,57223,19683,"[3, 57223]","[0, -9, 0, 0, 0, 0, 0, 0]","[2, 3, 5, 7, 11, 13, 17, 19]"
57236/59049,0.96929669,57236,59049,"[2, 3, 41, 349]","[2, -10, 0, 0, 0, 0, 0, 0]","[2, 3, 5, 7, 11, 13, 17, 19]"
57238/19683,2.90799167,57238,19683,"[2, 3, 28619]","[1, -9, 0, 0, 0, 0, 0, 0]","[2, 3, 5, 7, 11, 13, 17, 19]"
57250/19683,2.90860133,57250,19683,"[2, 3, 5, 229]","[1, -9, 3, 0, 0, 0, 0, 0]","[2, 3, 5, 7, 11, 13, 17, 19]"
57355/19683,2.91393588,57355,19683,"[3, 5, 11471]","[0, -9, 1, 0, 0, 0, 0, 0]","[2, 3, 5, 7, 11, 13, 17, 19]"
57508/59049,0.97390303,57508,59049,"[2, 3, 11, 1307]","[2, -10, 0, 0, 1, 0, 0, 0]","[2, 3, 5, 7, 11, 13, 17, 19]"
57559/19683,2.92430016,57559,19683,"[3, 57559]","[0, -9, 0, 0, 0, 0, 0, 0]","[2, 3, 5, 7, 11, 13, 17, 19]"
57682/19683,2.93054920,57682,19683,"[2, 3, 151, 191]","[1, -9, 0, 0, 0, 0, 0, 0]","[2, 3, 5, 7, 11, 13, 17, 19]"
57812/59049,0.97905130,57812,59049,"[2, 3, 97, 149]","[2, -10, 0, 0, 0, 0, 0, 0]","[2, 3, 5, 7, 11, 13, 17, 19]"
57814/19683,2.93725550,57814,19683,"[2, 3, 137, 211]","[1, -9, 0, 0, 0, 0, 0, 0]","[2, 3, 5, 7, 11, 13, 17, 19]"
57886/19683,2.94091348,57886,19683,"[2, 3, 103, 281]","[1, -9, 0, 0, 0, 0, 0, 0]","[2, 3, 5, 7, 11, 13, 17, 19]"
57991/19683,2.94624803,57991,19683,"[3, 57991]","[0, -9, 0, 0, 0, 0, 0, 0]","[2, 3, 5, 7, 11, 13, 17, 19]"
58006/19683,2.94701011,58006,19683,"[2, 3, 13, 23, 97]","[1, -9, 0, 0, 0, 1, 0, 0]","[2, 3, 5, 7, 11, 13, 17, 19]"
58018/19683,2.94761977,58018,19683,"[2, 3, 29009]","[1, -9, 0, 0, 0, 0, 0, 0]","[2, 3, 5, 7, 11, 13, 17, 19]"
58084/59049,0.98365764,58084,59049,"[2, 3, 13, 1117]","[2, -10, 0, 0, 0, 1, 0, 0]","[2, 3, 5, 7, 11, 13, 17, 19]"
58120/59049,0.98426730,58120,59049,"[2, 3, 5, 1453]","[3, -10, 1, 0, 0, 0, 0, 0]","[2, 3, 5, 7, 11, 13, 17, 19]"
58183/19683,2.95600264,58183,19683,"[3, 83, 701]","[0, -9, 0, 0, 0, 0, 0, 0]","[2, 3, 5, 7, 11, 13, 17, 19]"
58210/19683,2.95737438,58210,19683,"[2, 3, 5, 5821]","[1, -9, 1, 0, 0, 0, 0, 0]","[2, 3, 5, 7, 11, 13, 17, 19]"
58327/19683,2.96331860,58327,19683,"[3, 17, 47, 73]","[0, -9, 0, 0, 0, 0, 1, 0]","[2, 3, 5, 7, 11, 13, 17, 19]"
58450/19683,2.96956765,58450,19683,"[2, 3, 5, 7, 167]","[1, -9, 2, 1, 0, 0, 0, 0]","[2, 3, 5, 7, 11, 13, 17, 19]"
58480/59049,0.99036394,58480,59049,"[2, 3, 5, 17, 43]","[4, -10, 1, 0, 0, 0, 1, 0]","[2, 3, 5, 7, 11, 13, 17, 19]"
58532/59049,0.99124456,58532,59049,"[2, 3, 14633]","[2, -10, 0, 0, 0, 0, 0, 0]","[2, 3, 5, 7, 11, 13, 17, 19]"
58615/19683,2.97795052,58615,19683,"[3, 5, 19, 617]","[0, -9, 1, 0, 0, 0, 0, 1]","[2, 3, 5, 7, 11, 13, 17, 19]"
58642/19683,2.97932226,58642,19683,"[2, 3, 109, 269]","[1, -9, 0, 0, 0, 0, 0, 0]","[2, 3, 5, 7, 11, 13, 17, 19]"
58654/19683,2.97993192,58654,19683,"[2, 3, 29327]","[1, -9, 0, 0, 0, 0, 0, 0]","[2, 3, 5, 7, 11, 13, 17, 19]"
58696/59049,0.99402191,58696,59049,"[2, 3, 11, 23, 29]","[3, -10, 0, 0, 1, 0, 0, 0]","[2, 3, 5, 7, 11, 13, 17, 19]"
58759/19683,2.98526647,58759,19683,"[3, 67, 877]","[0, -9, 0, 0, 0, 0, 0, 0]","[2, 3, 5, 7, 11, 13, 17, 19]"
58774/19683,2.98602855,58774,19683,"[2, 3, 29387]","[1, -9, 0, 0, 0, 0, 0, 0]","[2, 3, 5, 7, 11, 13, 17, 19]"
58786/19683,2.98663822,58786,19683,"[2, 3, 7, 13, 17, 19]","[1, -9, 0, 1, 0, 1, 1, 1]","[2, 3, 5, 7, 11, 13, 17, 19]"
58951/19683,2.99502108,58951,19683,"[3, 167, 353]","[0, -9, 0, 0, 0, 0, 0, 0]","[2, 3, 5, 7, 11, 13, 17, 19]"
58978/19683,2.99639283,58978,19683,"[2, 3, 37, 797]","[1, -9, 0, 0, 0, 0, 0, 0]","[2, 3, 5, 7, 11, 13, 17, 19]"
59092/59049,1.00072821,59092,59049,"[2, 3, 11, 17, 79]","[2, -10, 0, 0, 1, 0, 1, 0]","[2, 3, 5, 7, 11, 13, 17, 19]"
59108/59049,1.00099917,59108,59049,"[2, 3, 7, 2111]","[2, -10, 0, 1, 0, 0, 0, 0]","[2, 3, 5, 7, 11, 13, 17, 19]"
59144/59049,1.00160883,59144,59049,"[2, 3, 7393]","[3, -10, 0, 0, 0, 0, 0, 0]","[2, 3, 5, 7, 11, 13, 17, 19]"
59218/19683,3.00858609,59218,19683,"[2, 3, 29, 1021]","[1, -9, 0, 0, 0, 0, 0, 0]","[2, 3, 5, 7, 11, 13, 17, 19]"
59383/19683,3.01696896,59383,19683,"[3, 43, 1381]","[0, -9, 0, 0, 0, 0, 0, 0]","[2, 3, 5, 7, 11, 13, 17, 19]"
59410/19683,3.01834070,59410,19683,"[2, 3, 5, 13, 457]","[1, -9, 1, 0, 0, 1, 0, 0]","[2, 3, 5, 7, 11, 13, 17, 19]"
59422/19683,3.01895036,59422,19683,"[2, 3, 11, 37, 73]","[1, -9, 0, 0, 1, 0, 0, 0]","[2, 3, 5, 7, 11, 13, 17, 19]"
59504/59049,1.00770546,59504,59049,"[2, 3, 3719]","[4, -10, 0, 0, 0, 0, 0, 0]","[2, 3, 5, 7, 11, 13, 17, 19]"
59542/19683,3.02504699,59542,19683,"[2, 3, 7, 4253]","[1, -9, 0, 1, 0, 0, 0, 0]","[2, 3, 5, 7, 11, 13, 17, 19]"
59614/19683,3.02870497,59614,19683,"[2, 3, 41, 727]","[1, -9, 0, 0, 0, 0, 0, 0]","[2, 3, 5, 7, 11, 13, 17, 19]"
59719/19683,3.03403953,59719,19683,"[3, 11, 61, 89]","[0, -9, 0, 0, 1, 0, 0, 0]","[2, 3, 5, 7, 11, 13, 17, 19]"
59720/59049,1.01136344,59720,59049,"[2, 3, 5, 1493]","[3, -10, 1, 0, 0, 0, 0, 0]","[2, 3, 5, 7, 11, 13, 17, 19]"
59746/19683,3.03541127,59746,19683,"[2, 3, 29873]","[1, -9, 0, 0, 0, 0, 0, 0]","[2, 3, 5, 7, 11, 13, 17, 19]"
59911/19683,3.04379414,59911,19683,"[3, 181, 331]","[0, -9, 0, 0, 0, 0, 0, 0]","[2, 3, 5, 7, 11, 13, 17, 19]"
60073/19683,3.05202459,60073,19683,"[3, 13, 4621]","[0, -9, 0, 0, 0, 1, 0, 0]","[2, 3, 5, 7, 11, 13, 17, 19]"
60073/59049,1.01734153,60073,59049,"[3, 13, 4621]","[0, -10, 0, 0, 0, 1, 0, 0]","[2, 3, 5, 7, 11, 13, 17, 19]"
60116/59049,1.01806974,60116,59049,"[2, 3, 7, 19, 113]","[2, -10, 0, 1, 0, 0, 0, 1]","[2, 3, 5, 7, 11, 13, 17, 19]"
60151/19683,3.05598740,60151,19683,"[3, 7, 13, 661]","[0, -9, 0, 1, 0, 1, 0, 0]","[2, 3, 5, 7, 11, 13, 17, 19]"
60178/19683,3.05735914,60178,19683,"[2, 3, 30089]","[1, -9, 0, 0, 0, 0, 0, 0]","[2, 3, 5, 7, 11, 13, 17, 19]"
60190/19683,3.05796881,60190,19683,"[2, 3, 5, 13, 463]","[1, -9, 1, 0, 0, 1, 0, 0]","[2, 3, 5, 7, 11, 13, 17, 19]"
60343/19683,3.06574201,60343,19683,"[3, 60343]","[0, -9, 0, 0, 0, 0, 0, 0]","[2, 3, 5, 7, 11, 13, 17, 19]"
60370/19683,3.06711375,60370,19683,"[2, 3, 5, 6037]","[1, -9, 1, 0, 0, 0, 0, 0]","[2, 3, 5, 7, 11, 13, 17, 19]"
60382/19683,3.06772342,60382,19683,"[2, 3, 7, 19, 227]","[1, -9, 0, 1, 0, 0, 0, 1]","[2, 3, 5, 7, 11, 13, 17, 19]"
60388/59049,1.02267608,60388,59049,"[2, 3, 31, 487]","[2, -10, 0, 0, 0, 0, 0, 0]","[2, 3, 5, 7, 11, 13, 17, 19]"
60424/59049,1.02328575,60424,59049,"[2, 3, 7, 13, 83]","[3, -10, 0, 1, 0, 1, 0, 0]","[2, 3, 5, 7, 11, 13, 17, 19]"
60487/19683,3.07305797,60487,19683,"[3, 7, 8641]","[0, -9, 0, 1, 0, 0, 0, 0]","[2, 3, 5, 7, 11, 13, 17, 19]"
60514/19683,3.07442971,60514,19683,"[2, 3, 79, 383]","[1, -9, 0, 0, 0, 0, 0, 0]","[2, 3, 5, 7, 11, 13, 17, 19]"
60679/19683,3.08281258,60679,19683,"[3, 60679]","[0, -9, 0, 0, 0, 0, 0, 0]","[2, 3, 5, 7, 11, 13, 17, 19]"
60802/19683,3.08906163,60802,19683,"[2, 3, 7, 43, 101]","[1, -9, 0, 1, 0, 0, 0, 0]","[2, 3, 5, 7, 11, 13, 17, 19]"
60841/19683,3.09104303,60841,19683,"[3, 11, 5531]","[0, -9, 0, 0, 1, 0, 0, 0]","[2, 3, 5, 7, 11, 13, 17, 19]"
60919/19683,3.09500584,60919,19683,"[3, 60919]","[0, -9, 0, 0, 0, 0, 0, 0]","[2, 3, 5, 7, 11, 13, 17, 19]"
60946/19683,3.09637758,60946,19683,"[2, 3, 31, 983]","[1, -9, 0, 0, 0, 0, 0, 0]","[2, 3, 5, 7, 11, 13, 17, 19]"
60964/59049,1.03243069,60964,59049,"[2, 3, 15241]","[2, -10, 0, 0, 0, 0, 0, 0]","[2, 3, 5, 7, 11, 13, 17, 19]"
61000/59049,1.03304036,61000,59049,"[2, 3, 5, 61]","[3, -10, 3, 0, 0, 0, 0, 0]","[2, 3, 5, 7, 11, 13, 17, 19]"
61097/59049,1.03468306,61097,59049,"[3, 107, 571]","[0, -10, 0, 0, 0, 0, 0, 0]","[2, 3, 5, 7, 11, 13, 17, 19]"
61111/19683,3.10476045,61111,19683,"[3, 23, 2657]","[0, -9, 0, 0, 0, 0, 0, 0]","[2, 3, 5, 7, 11, 13, 17, 19]"
61138/19683,3.10613220,61138,19683,"[2, 3, 7, 11, 397]","[1, -9, 0, 1, 1, 0, 0, 0]","[2, 3, 5, 7, 11, 13, 17, 19]"
61150/19683,3.10674186,61150,19683,"[2, 3, 5, 1223]","[1, -9, 2, 0, 0, 0, 0, 0]","[2, 3, 5, 7, 11, 13, 17, 19]"
61342/19683,3.11649647,61342,19683,"[2, 3, 30671]","[1, -9, 0, 0, 0, 0, 0, 0]","[2, 3, 5, 7, 11, 13, 17, 19]"
61396/59049,1.03974665,61396,59049,"[2, 3, 15349]","[2, -10, 0, 0, 0, 0, 0, 0]","[2, 3, 5, 7, 11, 13, 17, 19]"
61412/59049,1.04001761,61412,59049,"[2, 3, 13, 1181]","[2, -10, 0, 0, 0, 1, 0, 0]","[2, 3, 5, 7, 11, 13, 17, 19]"
61447/19683,3.12183102,61447,19683,"[3, 43, 1429]","[0, -9, 0, 0, 0, 0, 0, 0]","[2, 3, 5, 7, 11, 13, 17, 19]"
61448/59049,1.04062728,61448,59049,"[2, 3, 7681]","[3, -10, 0, 0, 0, 0, 0, 0]","[2, 3, 5, 7, 11, 13, 17, 19]"
61570/19683,3.12808007,61570,19683,"[2, 3, 5, 47, 131]","[1, -9, 1, 0, 0, 0, 0, 0]","[2, 3, 5, 7, 11, 13, 17, 19]"
61609/19683,3.13006147,61609,19683,"[3, 61609]","[0, -9, 0, 0, 0, 0, 0, 0]","[2, 3, 5, 7, 11, 13, 17, 19]"
61774/19683,3.13844434,61774,19683,"[2, 3, 67, 461]","[1, -9, 0, 0, 0, 0, 0, 0]","[2, 3, 5, 7, 11, 13, 17, 19]"
61801/19683,3.13981608,61801,19683,"[3, 23, 2687]","[0, -9, 0, 0, 0, 0, 0, 0]","[2, 3, 5, 7, 11, 13, 17, 19]"
61879/19683,3.14377890,61879,19683,"[3, 61879]","[0, -9, 0, 0, 0, 0, 0, 0]","[2, 3, 5, 7, 11, 13, 17, 19]"
61906/19683,3.14515064,61906,19683,"[2, 3, 13, 2381]","[1, -9, 0, 0, 0, 1, 0, 0]","[2, 3, 5, 7, 11, 13, 17, 19]"
61918/19683,3.14576030,61918,19683,"[2, 3, 83, 373]","[1, -9, 0, 0, 0, 0, 0, 0]","[2, 3, 5, 7, 11, 13, 17, 19]"
61988/59049,1.04977222,61988,59049,"[2, 3, 15497]","[2, -10, 0, 0, 0, 0, 0, 0]","[2, 3, 5, 7, 11, 13, 17, 19]"
62024/59049,1.05038189,62024,59049,"[2, 3, 7753]","[3, -10, 0, 0, 0, 0, 0, 0]","[2, 3, 5, 7, 11, 13, 17, 19]"
62071/19683,3.15353351,62071,19683,"[3, 62071]","[0, -9, 0, 0, 0, 0, 0, 0]","[2, 3, 5, 7, 11, 13, 17, 19]"
62098/19683,3.15490525,62098,19683,"[2, 3, 61, 509]","[1, -9, 0, 0, 0, 0, 0, 0]","[2, 3, 5, 7, 11, 13, 17, 19]"
62110/19683,3.15551491,62110,19683,"[2, 3, 5, 6211]","[1, -9, 1, 0, 0, 0, 0, 0]","[2, 3, 5, 7, 11, 13, 17, 19]"
62215/19683,3.16084946,62215,19683,"[3, 5, 23, 541]","[0, -9, 1, 0, 0, 0, 0, 0]","[2, 3, 5, 7, 11, 13, 17, 19]"
62260/59049,1.05437857,62260,59049,"[2, 3, 5, 11, 283]","[2, -10, 1, 0, 1, 0, 0, 0]","[2, 3, 5, 7, 11, 13, 17, 19]"
62338/19683,3.16709851,62338,19683,"[2, 3, 71, 439]","[1, -9, 0, 0, 0, 0, 0, 0]","[2, 3, 5, 7, 11, 13, 17, 19]"
62377/19683,3.16907992,62377,19683,"[3, 7, 19, 67]","[0, -9, 0, 2, 0, 0, 0, 1]","[2, 3, 5, 7, 11, 13, 17, 19]"
62377/59049,1.05635997,62377,59049,"[3, 7, 19, 67]","[0, -10, 0, 2, 0, 0, 0, 1]","[2, 3, 5, 7, 11, 13, 17, 19]"
62420/59049,1.05708818,62420,59049,"[2, 3, 5, 3121]","[2, -10, 1, 0, 0, 0, 0, 0]","[2, 3, 5, 7, 11, 13, 17, 19]"
62530/19683,3.17685312,62530,19683,"[2, 3, 5, 13, 37]","[1, -9, 1, 0, 0, 2, 0, 0]","[2, 3, 5, 7, 11, 13, 17, 19]"
62542/19683,3.17746279,62542,19683,"[2, 3, 31271]","[1, -9, 0, 0, 0, 0, 0, 0]","[2, 3, 5, 7, 11, 13, 17, 19]"
62569/19683,3.17883453,62569,19683,"[3, 13, 4813]","[0, -9, 0, 0, 0, 1, 0, 0]","[2, 3, 5, 7, 11, 13, 17, 19]"
62647/19683,3.18279734,62647,19683,"[3, 13, 61, 79]","[0, -9, 0, 0, 0, 1, 0, 0]","[2, 3, 5, 7, 11, 13, 17, 19]"
62674/19683,3.18416908,62674,19683,"[2, 3, 31337]","[1, -9, 0, 0, 0, 0, 0, 0]","[2, 3, 5, 7, 11, 13, 17, 19]"
62692/59049,1.06169452,62692,59049,"[2, 3, 7, 2239]","[2, -10, 0, 1, 0, 0, 0, 0]","[2, 3, 5, 7, 11, 13, 17, 19]"
62839/19683,3.19255195,62839,19683,"[3, 7, 47, 191]","[0, -9, 0, 1, 0, 0, 0, 0]","[2, 3, 5, 7, 11, 13, 17, 19]"
62866/19683,3.19392369,62866,19683,"[2, 3, 17, 43]","[1, -9, 0, 0, 0, 0, 1, 0]","[2, 3, 5, 7, 11, 13, 17, 19]"
62878/19683,3.19453335,62878,19683,"[2, 3, 149, 211]","[1, -9, 0, 0, 0, 0, 0, 0]","[2, 3, 5, 7, 11, 13, 17, 19]"
63070/19683,3.20428796,63070,19683,"[2, 3, 5, 7, 17, 53]","[1, -9, 1, 1, 0, 0, 1, 0]","[2, 3, 5, 7, 11, 13, 17, 19]"
63106/19683,3.20611695,63106,19683,"[2, 3, 139, 227]","[1, -9, 0, 0, 0, 0, 0, 0]","[2, 3, 5, 7, 11, 13, 17, 19]"
63268/59049,1.07144914,63268,59049,"[2, 3, 15817]","[2, -10, 0, 0, 0, 0, 0, 0]","[2, 3, 5, 7, 11, 13, 17, 19]"
63284/59049,1.07172010,63284,59049,"[2, 3, 13, 1217]","[2, -10, 0, 0, 0, 1, 0, 0]","[2, 3, 5, 7, 11, 13, 17, 19]"
63298/19683,3.21587156,63298,19683,"[2, 3, 31649]","[1, -9, 0, 0, 0, 0, 0, 0]","[2, 3, 5, 7, 11, 13, 17, 19]"
63304/59049,1.07205880,63304,59049,"[2, 3, 41, 193]","[3, -10, 0, 0, 0, 0, 0, 0]","[2, 3, 5, 7, 11, 13, 17, 19]"
63310/19683,3.21648123,63310,19683,"[2, 3, 5, 13, 487]","[1, -9, 1, 0, 0, 1, 0, 0]","[2, 3, 5, 7, 11, 13, 17, 19]"
63337/19683,3.21785297,63337,19683,"[3, 63337]","[0, -9, 0, 0, 0, 0, 0, 0]","[2, 3, 5, 7, 11, 13, 17, 19]"
63401/59049,1.07370150,63401,59049,"[3, 13, 4877]","[0, -10, 0, 0, 0, 1, 0, 0]","[2, 3, 5, 7, 11, 13, 17, 19]"
63502/19683,3.22623584,63502,19683,"[2, 3, 31751]","[1, -9, 0, 0, 0, 0, 0, 0]","[2, 3, 5, 7, 11, 13, 17, 19]"
63529/19683,3.22760758,63529,19683,"[3, 17, 37, 101]","[0, -9, 0, 0, 0, 0, 1, 0]","[2, 3, 5, 7, 11, 13, 17, 19]"
63607/19683,3.23157039,63607,19683,"[3, 63607]","[0, -9, 0, 0, 0, 0, 0, 0]","[2, 3, 5, 7, 11, 13, 17, 19]"
63634/19683,3.23294213,63634,19683,"[2, 3, 31817]","[1, -9, 0, 0, 0, 0, 0, 0]","[2, 3, 5, 7, 11, 13, 17, 19]"
63646/19683,3.23355180,63646,19683,"[2, 3, 11, 263]","[1, -9, 0, 0, 2, 0, 0, 0]","[2, 3, 5, 7, 11, 13, 17, 19]"
63716/59049,1.07903605,63716,59049,"[2, 3, 17, 937]","[2, -10, 0, 0, 0, 0, 1, 0]","[2, 3, 5, 7, 11, 13, 17, 19]"
63799/19683,3.24132500,63799,19683,"[3, 63799]","[0, -9, 0, 0, 0, 0, 0, 0]","[2, 3, 5, 7, 11, 13, 17, 19]"
63838/19683,3.24330641,63838,19683,"[2, 3, 59, 541]","[1, -9, 0, 0, 0, 0, 0, 0]","[2, 3, 5, 7, 11, 13, 17, 19]"
63880/59049,1.08181341,63880,59049,"[2, 3, 5, 1597]","[3, -10, 1, 0, 0, 0, 0, 0]","[2, 3, 5, 7, 11, 13, 17, 19]"
63961/19683,3.24955545,63961,19683,"[3, 167, 383]","[0, -9, 0, 0, 0, 0, 0, 0]","[2, 3, 5, 7, 11, 13, 17, 19]"
64066/19683,3.25489001,64066,19683,"[2, 3, 103, 311]","[1, -9, 0, 0, 0, 0, 0, 0]","[2, 3, 5, 7, 11, 13, 17, 19]"
64078/19683,3.25549967,64078,19683,"[2, 3, 7, 23, 199]","[1, -9, 0, 1, 0, 0, 0, 0]","[2, 3, 5, 7, 11, 13, 17, 19]"
64105/19683,3.25687141,64105,19683,"[3, 5, 12821]","[0, -9, 1, 0, 0, 0, 0, 0]","[2, 3, 5, 7, 11, 13, 17, 19]"
64258/19683,3.26464462,64258,19683,"[2, 3, 19, 89]","[1, -9, 0, 0, 0, 0, 0, 2]","[2, 3, 5, 7, 11, 13, 17, 19]"
64270/19683,3.26525428,64270,19683,"[2, 3, 5, 6427]","[1, -9, 1, 0, 0, 0, 0, 0]","[2, 3, 5, 7, 11, 13, 17, 19]"
64292/59049,1.08879067,64292,59049,"[2, 3, 16073]","[2, -10, 0, 0, 0, 0, 0, 0]","[2, 3, 5, 7, 11, 13, 17, 19]"
64297/19683,3.26662602,64297,19683,"[3, 113, 569]","[0, -9, 0, 0, 0, 0, 0, 0]","[2, 3, 5, 7, 11, 13, 17, 19]"
64328/59049,1.08940033,64328,59049,"[2, 3, 11, 17, 43]","[3, -10, 0, 0, 1, 0, 1, 0]","[2, 3, 5, 7, 11, 13, 17, 19]"
64375/19683,3.27058883,64375,19683,"[3, 5, 103]","[0, -9, 4, 0, 0, 0, 0, 0]","[2, 3, 5, 7, 11, 13, 17, 19]"
64402/19683,3.27196058,64402,19683,"[2, 3, 13, 2477]","[1, -9, 0, 0, 0, 1, 0, 0]","[2, 3, 5, 7, 11, 13, 17, 19]"
64564/59049,1.09339701,64564,59049,"[2, 3, 16141]","[2, -10, 0, 0, 0, 0, 0, 0]","[2, 3, 5, 7, 11, 13, 17, 19]"
64567/19683,3.28034344,64567,19683,"[3, 64567]","[0, -9, 0, 0, 0, 0, 0, 0]","[2, 3, 5, 7, 11, 13, 17, 19]"
64606/19683,3.28232485,64606,19683,"[2, 3, 32303]","[1, -9, 0, 0, 0, 0, 0, 0]","[2, 3, 5, 7, 11, 13, 17, 19]"
64681/59049,1.09537841,64681,59049,"[3, 71, 911]","[0, -10, 0, 0, 0, 0, 0, 0]","[2, 3, 5, 7, 11, 13, 17, 19]"
64729/19683,3.28857390,64729,19683,"[3, 7, 1321]","[0, -9, 0, 2, 0, 0, 0, 0]","[2, 3, 5, 7, 11, 13, 17, 19]"
64834/19683,3.29390845,64834,19683,"[2, 3, 7, 11, 421]","[1, -9, 0, 1, 1, 0, 0, 0]","[2, 3, 5, 7, 11, 13, 17, 19]"
64904/59049,1.09915494,64904,59049,"[2, 3, 7, 19, 61]","[3, -10, 0, 1, 0, 0, 0, 1]","[2, 3, 5, 7, 11, 13, 17, 19]"
65026/19683,3.30366306,65026,19683,"[2, 3, 13, 41, 61]","[1, -9, 0, 0, 0, 1, 0, 0]","[2, 3, 5, 7, 11, 13, 17, 19]"
65038/19683,3.30427272,65038,19683,"[2, 3, 31, 1049]","[1, -9, 0, 0, 0, 0, 0, 0]","[2, 3, 5, 7, 11, 13, 17, 19]"
65065/19683,3.30564446,65065,19683,"[3, 5, 7, 11, 13]","[0, -9, 1, 1, 1, 2, 0, 0]","[2, 3, 5, 7, 11, 13, 17, 19]"
65176/59049,1.10376128,65176,59049,"[2, 3, 8147]","[3, -10, 0, 0, 0, 0, 0, 0]","[2, 3, 5, 7, 11, 13, 17, 19]"
65230/19683,3.31402733,65230,19683,"[2, 3, 5, 11, 593]","[1, -9, 1, 0, 1, 0, 0, 0]","[2, 3, 5, 7, 11, 13, 17, 19]"
65257/19683,3.31539908,65257,19683,"[3, 65257]","[0, -9, 0, 0, 0, 0, 0, 0]","[2, 3, 5, 7, 11, 13, 17, 19]"
65257/59049,1.10513303,65257,59049,"[3, 65257]","[0, -10, 0, 0, 0, 0, 0, 0]","[2, 3, 5, 7, 11, 13, 17, 19]"
65335/19683,3.31936189,65335,19683,"[3, 5, 73, 179]","[0, -9, 1, 0, 0, 0, 0, 0]","[2, 3, 5, 7, 11, 13, 17, 19]"
65374/19683,3.32134329,65374,19683,"[2, 3, 32687]","[1, -9, 0, 0, 0, 0, 0, 0]","[2, 3, 5, 7, 11, 13, 17, 19]"
65497/19683,3.32759234,65497,19683,"[3, 65497]","[0, -9, 0, 0, 0, 0, 0, 0]","[2, 3, 5, 7, 11, 13, 17, 19]"
65572/59049,1.11046758,65572,59049,"[2, 3, 13, 97]","[2, -10, 0, 0, 0, 2, 0, 0]","[2, 3, 5, 7, 11, 13, 17, 19]"
65588/59049,1.11073854,65588,59049,"[2, 3, 19, 863]","[2, -10, 0, 0, 0, 0, 0, 1]","[2, 3, 5, 7, 11, 13, 17, 19]"
65608/59049,1.11107724,65608,59049,"[2, 3, 59, 139]","[3, -10, 0, 0, 0, 0, 0, 0]","[2, 3, 5, 7, 11, 13, 17, 19]"
65662/19683,3.33597521,65662,19683,"[2, 3, 32831]","[1, -9, 0, 0, 0, 0, 0, 0]","[2, 3, 5, 7, 11, 13, 17, 19]"
65689/19683,3.33734695,65689,19683,"[3, 13, 31, 163]","[0, -9, 0, 0, 0, 1, 0, 0]","[2, 3, 5, 7, 11, 13, 17, 19]"
65705/59049,1.11271994,65705,59049,"[3, 5, 17, 773]","[0, -10, 1, 0, 0, 0, 1, 0]","[2, 3, 5, 7, 11, 13, 17, 19]"
65794/19683,3.34268150,65794,19683,"[2, 3, 67, 491]","[1, -9, 0, 0, 0, 0, 0, 0]","[2, 3, 5, 7, 11, 13, 17, 19]"
65806/19683,3.34329116,65806,19683,"[2, 3, 13, 2531]","[1, -9, 0, 0, 0, 1, 0, 0]","[2, 3, 5, 7, 11, 13, 17, 19]"
65833/19683,3.34466291,65833,19683,"[3, 43, 1531]","[0, -9, 0, 0, 0, 0, 0, 0]","[2, 3, 5, 7, 11, 13, 17, 19]"
65986/19683,3.35243611,65986,19683,"[2, 3, 32993]","[1, -9, 0, 0, 0, 0, 0, 0]","[2, 3, 5, 7, 11, 13, 17, 19]"
65998/19683,3.35304578,65998,19683,"[2, 3, 32999]","[1, -9, 0, 0, 0, 0, 0, 0]","[2, 3, 5, 7, 11, 13, 17, 19]"
66025/19683,3.35441752,66025,19683,"[3, 5, 19, 139]","[0, -9, 2, 0, 0, 0, 0, 1]","[2, 3, 5, 7, 11, 13, 17, 19]"
66103/19683,3.35838033,66103,19683,"[3, 66103]","[0, -9, 0, 0, 0, 0, 0, 0]","[2, 3, 5, 7, 11, 13, 17, 19]"
66148/59049,1.12022219,66148,59049,"[2, 3, 23, 719]","[2, -10, 0, 0, 0, 0, 0, 0]","[2, 3, 5, 7, 11, 13, 17, 19]"
66184/59049,1.12083185,66184,59049,"[2, 3, 8273]","[3, -10, 0, 0, 0, 0, 0, 0]","[2, 3, 5, 7, 11, 13, 17, 19]"
66200/59049,1.12110281,66200,59049,"[2, 3, 5, 331]","[3, -10, 2, 0, 0, 0, 0, 0]","[2, 3, 5, 7, 11, 13, 17, 19]"
66265/19683,3.36661078,66265,19683,"[3, 5, 29, 457]","[0, -9, 1, 0, 0, 0, 0, 0]","[2, 3, 5, 7, 11, 13, 17, 19]"
66281/59049,1.12247456,66281,59049,"[3, 79, 839]","[0, -10, 0, 0, 0, 0, 0, 0]","[2, 3, 5, 7, 11, 13, 17, 19]"
66430/19683,3.37499365,66430,19683,"[2, 3, 5, 7, 13, 73]","[1, -9, 1, 1, 0, 1, 0, 0]","[2, 3, 5, 7, 11, 13, 17, 19]"
66457/19683,3.37636539,66457,19683,"[3, 66457]","[0, -9, 0, 0, 0, 0, 0, 0]","[2, 3, 5, 7, 11, 13, 17, 19]"
66562/19683,3.38169994,66562,19683,"[2, 3, 23, 1447]","[1, -9, 0, 0, 0, 0, 0, 0]","[2, 3, 5, 7, 11, 13, 17, 19]"
66596/59049,1.12780911,66596,59049,"[2, 3, 16649]","[2, -10, 0, 0, 0, 0, 0, 0]","[2, 3, 5, 7, 11, 13, 17, 19]"
66632/59049,1.12841877,66632,59049,"[2, 3, 8329]","[3, -10, 0, 0, 0, 0, 0, 0]","[2, 3, 5, 7, 11, 13, 17, 19]"
66634/19683,3.38535792,66634,19683,"[2, 3, 33317]","[1, -9, 0, 0, 0, 0, 0, 0]","[2, 3, 5, 7, 11, 13, 17, 19]"
66754/19683,3.39145455,66754,19683,"[2, 3, 33377]","[1, -9, 0, 0, 0, 0, 0, 0]","[2, 3, 5, 7, 11, 13, 17, 19]"
66766/19683,3.39206422,66766,19683,"[2, 3, 7, 19, 251]","[1, -9, 0, 1, 0, 0, 0, 1]","[2, 3, 5, 7, 11, 13, 17, 19]"
66793/19683,3.39343596,66793,19683,"[3, 17, 3929]","[0, -9, 0, 0, 0, 0, 1, 0]","[2, 3, 5, 7, 11, 13, 17, 19]"
66868/59049,1.13241545,66868,59049,"[2, 3, 73, 229]","[2, -10, 0, 0, 0, 0, 0, 0]","[2, 3, 5, 7, 11, 13, 17, 19]"
66958/19683,3.40181883,66958,19683,"[2, 3, 33479]","[1, -9, 0, 0, 0, 0, 0, 0]","[2, 3, 5, 7, 11, 13, 17, 19]"
66985/59049,1.13439686,66985,59049,"[3, 5, 13397]","[0, -10, 1, 0, 0, 0, 0, 0]","[2, 3, 5, 7, 11, 13, 17, 19]"
67172/59049,1.13756372,67172,59049,"[2, 3, 7, 2399]","[2, -10, 0, 1, 0, 0, 0, 0]","[2, 3, 5, 7, 11, 13, 17, 19]"
67198/19683,3.41401209,67198,19683,"[2, 3, 33599]","[1, -9, 0, 0, 0, 0, 0, 0]","[2, 3, 5, 7, 11, 13, 17, 19]"
67208/59049,1.13817338,67208,59049,"[2, 3, 31, 271]","[3, -10, 0, 0, 0, 0, 0, 0]","[2, 3, 5, 7, 11, 13, 17, 19]"
67225/19683,3.41538383,67225,19683,"[3, 5, 2689]","[0, -9, 2, 0, 0, 0, 0, 0]","[2, 3, 5, 7, 11, 13, 17, 19]"
67390/19683,3.42376670,67390,19683,"[2, 3, 5, 23, 293]","[1, -9, 1, 0, 0, 0, 0, 0]","[2, 3, 5, 7, 11, 13, 17, 19]"
67402/19683,3.42437637,67402,19683,"[2, 3, 67, 503]","[1, -9, 0, 0, 0, 0, 0, 0]","[2, 3, 5, 7, 11, 13, 17, 19]"
67417/19683,3.42513844,67417,19683,"[3, 7, 9631]","[0, -9, 0, 1, 0, 0, 0, 0]","[2, 3, 5, 7, 11, 13, 17, 19]"
67444/59049,1.14217006,67444,59049,"[2, 3, 13, 1297]","[2, -10, 0, 0, 0, 1, 0, 0]","[2, 3, 5, 7, 11, 13, 17, 19]"
67480/59049,1.14277973,67480,59049,"[2, 3, 5, 7, 241]","[3, -10, 1, 1, 0, 0, 0, 0]","[2, 3, 5, 7, 11, 13, 17, 19]"
67522/19683,3.43047300,67522,19683,"[2, 3, 7, 13, 53]","[1, -9, 0, 2, 0, 1, 0, 0]","[2, 3, 5, 7, 11, 13, 17, 19]"
67534/19683,3.43108266,67534,19683,"[2, 3, 33767]","[1, -9, 0, 0, 0, 0, 0, 0]","[2, 3, 5, 7, 11, 13, 17, 19]"
67561/19683,3.43245440,67561,19683,"[3, 13, 5197]","[0, -9, 0, 0, 0, 1, 0, 0]","[2, 3, 5, 7, 11, 13, 17, 19]"
67561/59049,1.14415147,67561,59049,"[3, 13, 5197]","[0, -10, 0, 0, 0, 1, 0, 0]","[2, 3, 5, 7, 11, 13, 17, 19]"
67726/19683,3.44083727,67726,19683,"[2, 3, 33863]","[1, -9, 0, 0, 0, 0, 0, 0]","[2, 3, 5, 7, 11, 13, 17, 19]"
67849/19683,3.44708632,67849,19683,"[3, 19, 3571]","[0, -9, 0, 0, 0, 0, 0, 1]","[2, 3, 5, 7, 11, 13, 17, 19]"
67876/59049,1.14948602,67876,59049,"[2, 3, 71, 239]","[2, -10, 0, 0, 0, 0, 0, 0]","[2, 3, 5, 7, 11, 13, 17, 19]"
67892/59049,1.14975698,67892,59049,"[2, 3, 11, 1543]","[2, -10, 0, 0, 1, 0, 0, 0]","[2, 3, 5, 7, 11, 13, 17, 19]"
67966/19683,3.45303053,67966,19683,"[2, 3, 17, 1999]","[1, -9, 0, 0, 0, 0, 1, 0]","[2, 3, 5, 7, 11, 13, 17, 19]"
67993/19683,3.45440228,67993,19683,"[3, 67993]","[0, -9, 0, 0, 0, 0, 0, 0]","[2, 3, 5, 7, 11, 13, 17, 19]"
68009/59049,1.15173839,68009,59049,"[3, 47, 1447]","[0, -10, 0, 0, 0, 0, 0, 0]","[2, 3, 5, 7, 11, 13, 17, 19]"
68158/19683,3.46278514,68158,19683,"[2, 3, 53, 643]","[1, -9, 0, 0, 0, 0, 0, 0]","[2, 3, 5, 7, 11, 13, 17, 19]"
68170/19683,3.46339481,68170,19683,"[2, 3, 5, 17, 401]","[1, -9, 1, 0, 0, 0, 1, 0]","[2, 3, 5, 7, 11, 13, 17, 19]"
68185/19683,3.46415689,68185,19683,"[3, 5, 13, 1049]","[0, -9, 1, 0, 0, 1, 0, 0]","[2, 3, 5, 7, 11, 13, 17, 19]"
68290/19683,3.46949144,68290,19683,"[2, 3, 5, 6829]","[1, -9, 1, 0, 0, 0, 0, 0]","[2, 3, 5, 7, 11, 13, 17, 19]"
68362/19683,3.47314942,68362,19683,"[2, 3, 7, 19, 257]","[1, -9, 0, 1, 0, 0, 0, 1]","[2, 3, 5, 7, 11, 13, 17, 19]"
68452/59049,1.15924063,68452,59049,"[2, 3, 109, 157]","[2, -10, 0, 0, 0, 0, 0, 0]","[2, 3, 5, 7, 11, 13, 17, 19]"
68468/59049,1.15951159,68468,59049,"[2, 3, 17117]","[2, -10, 0, 0, 0, 0, 0, 0]","[2, 3, 5, 7, 11, 13, 17, 19]"
68488/59049,1.15985029,68488,59049,"[2, 3, 7, 1223]","[3, -10, 0, 1, 0, 0, 0, 0]","[2, 3, 5, 7, 11, 13, 17, 19]"
68494/19683,3.47985571,68494,19683,"[2, 3, 23, 1489]","[1, -9, 0, 0, 0, 0, 0, 0]","[2, 3, 5, 7, 11, 13, 17, 19]"
68504/59049,1.16012126,68504,59049,"[2, 3, 8563]","[3, -10, 0, 0, 0, 0, 0, 0]","[2, 3, 5, 7, 11, 13, 17, 19]"
68585/59049,1.16149300,68585,59049,"[3, 5, 11, 29, 43]","[0, -10, 1, 0, 1, 0, 0, 0]","[2, 3, 5, 7, 11, 13, 17, 19]"
68617/19683,3.48610476,68617,19683,"[3, 59, 1163]","[0, -9, 0, 0, 0, 0, 0, 0]","[2, 3, 5, 7, 11, 13, 17, 19]"
68821/19683,3.49646903,68821,19683,"[3, 68821]","[0, -9, 0, 0, 0, 0, 0, 0]","[2, 3, 5, 7, 11, 13, 17, 19]"
68900/59049,1.16682755,68900,59049,"[2, 3, 5, 13, 53]","[2, -10, 2, 0, 0, 1, 0, 0]","[2, 3, 5, 7, 11, 13, 17, 19]"
68926/19683,3.50180359,68926,19683,"[2, 3, 11, 13, 241]","[1, -9, 0, 0, 1, 1, 0, 0]","[2, 3, 5, 7, 11, 13, 17, 19]"
68938/19683,3.50241325,68938,19683,"[2, 3, 34469]","[1, -9, 0, 0, 0, 0, 0, 0]","[2, 3, 5, 7, 11, 13, 17, 19]"
68953/19683,3.50317533,68953,19683,"[3, 53, 1301]","[0, -9, 0, 0, 0, 0, 0, 0]","[2, 3, 5, 7, 11, 13, 17, 19]"
69064/59049,1.16960490,69064,59049,"[2, 3, 89, 97]","[3, -10, 0, 0, 0, 0, 0, 0]","[2, 3, 5, 7, 11, 13, 17, 19]"
69118/19683,3.51155820,69118,19683,"[2, 3, 7, 4937]","[1, -9, 0, 1, 0, 0, 0, 0]","[2, 3, 5, 7, 11, 13, 17, 19]"
69130/19683,3.51216786,69130,19683,"[2, 3, 5, 31, 223]","[1, -9, 1, 0, 0, 0, 0, 0]","[2, 3, 5, 7, 11, 13, 17, 19]"
69145/19683,3.51292994,69145,19683,"[3, 5, 13829]","[0, -9, 1, 0, 0, 0, 0, 0]","[2, 3, 5, 7, 11, 13, 17, 19]"
69172/59049,1.17143389,69172,59049,"[2, 3, 17293]","[2, -10, 0, 0, 0, 0, 0, 0]","[2, 3, 5, 7, 11, 13, 17, 19]"
69262/19683,3.51887416,69262,19683,"[2, 3, 34631]","[1, -9, 0, 0, 0, 0, 0, 0]","[2, 3, 5, 7, 11, 13, 17, 19]"
69385/19683,3.52512320,69385,19683,"[3, 5, 13877]","[0, -9, 1, 0, 0, 0, 0, 0]","[2, 3, 5, 7, 11, 13, 17, 19]"
69476/59049,1.17658216,69476,59049,"[2, 3, 11, 1579]","[2, -10, 0, 0, 1, 0, 0, 0]","[2, 3, 5, 7, 11, 13, 17, 19]"
69512/59049,1.17719182,69512,59049,"[2, 3, 8689]","[3, -10, 0, 0, 0, 0, 0, 0]","[2, 3, 5, 7, 11, 13, 17, 19]"
69550/19683,3.53350607,69550,19683,"[2, 3, 5, 13, 107]","[1, -9, 2, 0, 0, 1, 0, 0]","[2, 3, 5, 7, 11, 13, 17, 19]"
69577/19683,3.53487781,69577,19683,"[3, 41, 1697]","[0, -9, 0, 0, 0, 0, 0, 0]","[2, 3, 5, 7, 11, 13, 17, 19]"
69589/19683,3.53548748,69589,19683,"[3, 13, 53, 101]","[0, -9, 0, 0, 0, 1, 0, 0]","[2, 3, 5, 7, 11, 13, 17, 19]"
69694/19683,3.54082203,69694,19683,"[2, 3, 34847]","[1, -9, 0, 0, 0, 0, 0, 0]","[2, 3, 5, 7, 11, 13, 17, 19]"
69721/19683,3.54219377,69721,19683,"[3, 113, 617]","[0, -9, 0, 0, 0, 0, 0, 0]","[2, 3, 5, 7, 11, 13, 17, 19]"
69748/59049,1.18118850,69748,59049,"[2, 3, 7, 47, 53]","[2, -10, 0, 1, 0, 0, 0, 0]","[2, 3, 5, 7, 11, 13, 17, 19]"
69784/59049,1.18179817,69784,59049,"[2, 3, 11, 13, 61]","[3, -10, 0, 0, 1, 1, 0, 0]","[2, 3, 5, 7, 11, 13, 17, 19]"
69865/59049,1.18316991,69865,59049,"[3, 5, 89, 157]","[0, -10, 1, 0, 0, 0, 0, 0]","[2, 3, 5, 7, 11, 13, 17, 19]"
69886/19683,3.55057664,69886,19683,"[2, 3, 83, 421]","[1, -9, 0, 0, 0, 0, 0, 0]","[2, 3, 5, 7, 11, 13, 17, 19]"
69898/19683,3.55118630,69898,19683,"[2, 3, 34949]","[1, -9, 0, 0, 0, 0, 0, 0]","[2, 3, 5, 7, 11, 13, 17, 19]"
69913/19683,3.55194838,69913,19683,"[3, 151, 463]","[0, -9, 0, 0, 0, 0, 0, 0]","[2, 3, 5, 7, 11, 13, 17, 19]"
70088/59049,1.18694643,70088,59049,"[2, 3, 8761]","[3, -10, 0, 0, 0, 0, 0, 0]","[2, 3, 5, 7, 11, 13, 17, 19]"
70090/19683,3.56094091,70090,19683,"[2, 3, 5, 43, 163]","[1, -9, 1, 0, 0, 0, 0, 0]","[2, 3, 5, 7, 11, 13, 17, 19]"
70153/19683,3.56414165,70153,19683,"[3, 31, 73]","[0, -9, 0, 0, 0, 0, 0, 0]","[2, 3, 5, 7, 11, 13, 17, 19]"
70196/59049,1.18877542,70196,59049,"[2, 3, 7, 23, 109]","[2, -10, 0, 1, 0, 0, 0, 0]","[2, 3, 5, 7, 11, 13, 17, 19]"
70318/19683,3.57252451,70318,19683,"[2, 3, 35159]","[1, -9, 0, 0, 0, 0, 0, 0]","[2, 3, 5, 7, 11, 13, 17, 19]"
70345/19683,3.57389626,70345,19683,"[3, 5, 11, 1279]","[0, -9, 1, 0, 1, 0, 0, 0]","[2, 3, 5, 7, 11, 13, 17, 19]"
70357/19683,3.57450592,70357,19683,"[3, 7, 19, 23]","[0, -9, 0, 1, 0, 0, 0, 1]","[2, 3, 5, 7, 11, 13, 17, 19]"
70360/59049,1.19155278,70360,59049,"[2, 3, 5, 1759]","[3, -10, 1, 0, 0, 0, 0, 0]","[2, 3, 5, 7, 11, 13, 17, 19]"
70441/59049,1.19292452,70441,59049,"[3, 7, 29, 347]","[0, -10, 0, 1, 0, 0, 0, 0]","[2, 3, 5, 7, 11, 13, 17, 19]"
70522/19683,3.58288879,70522,19683,"[2, 3, 37, 953]","[1, -9, 0, 0, 0, 0, 0, 0]","[2, 3, 5, 7, 11, 13, 17, 19]"
70549/19683,3.58426053,70549,19683,"[3, 70549]","[0, -9, 0, 0, 0, 0, 0, 0]","[2, 3, 5, 7, 11, 13, 17, 19]"
70654/19683,3.58959508,70654,19683,"[2, 3, 35327]","[1, -9, 0, 0, 0, 0, 0, 0]","[2, 3, 5, 7, 11, 13, 17, 19]"
70666/19683,3.59020475,70666,19683,"[2, 3, 89, 397]","[1, -9, 0, 0, 0, 0, 0, 0]","[2, 3, 5, 7, 11, 13, 17, 19]"
70681/19683,3.59096682,70681,19683,"[3, 13, 5437]","[0, -9, 0, 0, 0, 1, 0, 0]","[2, 3, 5, 7, 11, 13, 17, 19]"
70756/59049,1.19825907,70756,59049,"[2, 3, 7, 19]","[2, -10, 0, 2, 0, 0, 0, 2]","[2, 3, 5, 7, 11, 13, 17, 19]"
70772/59049,1.19853003,70772,59049,"[2, 3, 13, 1361]","[2, -10, 0, 0, 0, 1, 0, 0]","[2, 3, 5, 7, 11, 13, 17, 19]"
70792/59049,1.19886874,70792,59049,"[2, 3, 8849]","[3, -10, 0, 0, 0, 0, 0, 0]","[2, 3, 5, 7, 11, 13, 17, 19]"
70808/59049,1.19913970,70808,59049,"[2, 3, 53, 167]","[3, -10, 0, 0, 0, 0, 0, 0]","[2, 3, 5, 7, 11, 13, 17, 19]"
70846/19683,3.59934969,70846,19683,"[2, 3, 35423]","[1, -9, 0, 0, 0, 0, 0, 0]","[2, 3, 5, 7, 11, 13, 17, 19]"
70858/19683,3.59995936,70858,19683,"[2, 3, 71, 499]","[1, -9, 0, 0, 0, 0, 0, 0]","[2, 3, 5, 7, 11, 13, 17, 19]"
70889/59049,1.20051144,70889,59049,"[3, 7, 13, 19, 41]","[0, -10, 0, 1, 0, 1, 0, 1]","[2, 3, 5, 7, 11, 13, 17, 19]"
71086/19683,3.61154296,71086,19683,"[2, 3, 35543]","[1, -9, 0, 0, 0, 0, 0, 0]","[2, 3, 5, 7, 11, 13, 17, 19]"
71113/19683,3.61291470,71113,19683,"[3, 7, 10159]","[0, -9, 0, 1, 0, 0, 0, 0]","[2, 3, 5, 7, 11, 13, 17, 19]"
71125/19683,3.61352436,71125,19683,"[3, 5, 569]","[0, -9, 3, 0, 0, 0, 0, 0]","[2, 3, 5, 7, 11, 13, 17, 19]"
71278/19683,3.62129757,71278,19683,"[2, 3, 157, 227]","[1, -9, 0, 0, 0, 0, 0, 0]","[2, 3, 5, 7, 11, 13, 17, 19]"
71290/19683,3.62190723,71290,19683,"[2, 3, 5, 7129]","[1, -9, 1, 0, 0, 0, 0, 0]","[2, 3, 5, 7, 11, 13, 17, 19]"
71305/19683,3.62266931,71305,19683,"[3, 5, 13, 1097]","[0, -9, 1, 0, 0, 1, 0, 0]","[2, 3, 5, 7, 11, 13, 17, 19]"
71317/19683,3.62327897,71317,19683,"[3, 71317]","[0, -9, 0, 0, 0, 0, 0, 0]","[2, 3, 5, 7, 11, 13, 17, 19]"
71368/59049,1.20862335,71368,59049,"[2, 3, 11, 811]","[3, -10, 0, 0, 1, 0, 0, 0]","[2, 3, 5, 7, 11, 13, 17, 19]"
71384/59049,1.20889431,71384,59049,"[2, 3, 8923]","[3, -10, 0, 0, 0, 0, 0, 0]","[2, 3, 5, 7, 11, 13, 17, 19]"
71422/19683,3.62861352,71422,19683,"[2, 3, 13, 41, 67]","[1, -9, 0, 0, 0, 1, 0, 0]","[2, 3, 5, 7, 11, 13, 17, 19]"
71449/19683,3.62998527,71449,19683,"[3, 7, 59, 173]","[0, -9, 0, 1, 0, 0, 0, 0]","[2, 3, 5, 7, 11, 13, 17, 19]"
71465/59049,1.21026605,71465,59049,"[3, 5, 14293]","[0, -10, 1, 0, 0, 0, 0, 0]","[2, 3, 5, 7, 11, 13, 17, 19]"
71614/19683,3.63836813,71614,19683,"[2, 3, 61, 587]","[1, -9, 0, 0, 0, 0, 0, 0]","[2, 3, 5, 7, 11, 13, 17, 19]"
71626/19683,3.63897780,71626,19683,"[2, 3, 59, 607]","[1, -9, 0, 0, 0, 0, 0, 0]","[2, 3, 5, 7, 11, 13, 17, 19]"
71737/19683,3.64461718,71737,19683,"[3, 23, 3119]","[0, -9, 0, 0, 0, 0, 0, 0]","[2, 3, 5, 7, 11, 13, 17, 19]"
71737/59049,1.21487239,71737,59049,"[3, 23, 3119]","[0, -10, 0, 0, 0, 0, 0, 0]","[2, 3, 5, 7, 11, 13, 17, 19]"
71780/59049,1.21560060,71780,59049,"[2, 3, 5, 37, 97]","[2, -10, 1, 0, 0, 0, 0, 0]","[2, 3, 5, 7, 11, 13, 17, 19]"
71816/59049,1.21621027,71816,59049,"[2, 3, 47, 191]","[3, -10, 0, 0, 0, 0, 0, 0]","[2, 3, 5, 7, 11, 13, 17, 19]"
71818/19683,3.64873241,71818,19683,"[2, 3, 149, 241]","[1, -9, 0, 0, 0, 0, 0, 0]","[2, 3, 5, 7, 11, 13, 17, 19]"
71854/19683,3.65056140,71854,19683,"[2, 3, 37, 971]","[1, -9, 0, 0, 0, 0, 0, 0]","[2, 3, 5, 7, 11, 13, 17, 19]"
71881/19683,3.65193314,71881,19683,"[3, 71881]","[0, -9, 0, 0, 0, 0, 0, 0]","[2, 3, 5, 7, 11, 13, 17, 19]"
72046/19683,3.66031601,72046,19683,"[2, 3, 13, 17, 163]","[1, -9, 0, 0, 0, 1, 1, 0]","[2, 3, 5, 7, 11, 13, 17, 19]"
72052/59049,1.22020695,72052,59049,"[2, 3, 18013]","[2, -10, 0, 0, 0, 0, 0, 0]","[2, 3, 5, 7, 11, 13, 17, 19]"
72058/19683,3.66092567,72058,19683,"[2, 3, 7, 5147]","[1, -9, 0, 1, 0, 0, 0, 0]","[2, 3, 5, 7, 11, 13, 17, 19]"
72073/19683,3.66168775,72073,19683,"[3, 72073]","[0, -9, 0, 0, 0, 0, 0, 0]","[2, 3, 5, 7, 11, 13, 17, 19]"
72085/19683,3.66229741,72085,19683,"[3, 5, 13, 1109]","[0, -9, 1, 0, 0, 1, 0, 0]","[2, 3, 5, 7, 11, 13, 17, 19]"
72088/59049,1.22081661,72088,59049,"[2, 3, 9011]","[3, -10, 0, 0, 0, 0, 0, 0]","[2, 3, 5, 7, 11, 13, 17, 19]"
72169/59049,1.22218835,72169,59049,"[3, 72169]","[0, -10, 0, 0, 0, 0, 0, 0]","[2, 3, 5, 7, 11, 13, 17, 19]"
72250/19683,3.67068028,72250,19683,"[2, 3, 5, 17]","[1, -9, 3, 0, 0, 0, 2, 0]","[2, 3, 5, 7, 11, 13, 17, 19]"
72277/19683,3.67205202,72277,19683,"[3, 72277]","[0, -9, 0, 0, 0, 0, 0, 0]","[2, 3, 5, 7, 11, 13, 17, 19]"
72382/19683,3.67738658,72382,19683,"[2, 3, 36191]","[1, -9, 0, 0, 0, 0, 0, 0]","[2, 3, 5, 7, 11, 13, 17, 19]"
72392/59049,1.22596488,72392,59049,"[2, 3, 9049]","[3, -10, 0, 0, 0, 0, 0, 0]","[2, 3, 5, 7, 11, 13, 17, 19]"
72394/19683,3.67799624,72394,19683,"[2, 3, 7, 5171]","[1, -9, 0, 1, 0, 0, 0, 0]","[2, 3, 5, 7, 11, 13, 17, 19]"
72505/19683,3.68363562,72505,19683,"[3, 5, 17, 853]","[0, -9, 1, 0, 0, 0, 1, 0]","[2, 3, 5, 7, 11, 13, 17, 19]"
72586/19683,3.68775085,72586,19683,"[2, 3, 36293]","[1, -9, 0, 0, 0, 0, 0, 0]","[2, 3, 5, 7, 11, 13, 17, 19]"
72628/59049,1.22996156,72628,59049,"[2, 3, 67, 271]","[2, -10, 0, 0, 0, 0, 0, 0]","[2, 3, 5, 7, 11, 13, 17, 19]"
72664/59049,1.23057122,72664,59049,"[2, 3, 31, 293]","[3, -10, 0, 0, 0, 0, 0, 0]","[2, 3, 5, 7, 11, 13, 17, 19]"
72709/19683,3.69399990,72709,19683,"[3, 7, 13, 17, 47]","[0, -9, 0, 1, 0, 1, 1, 0]","[2, 3, 5, 7, 11, 13, 17, 19]"
72745/59049,1.23194296,72745,59049,"[3, 5, 14549]","[0, -10, 1, 0, 0, 0, 0, 0]","[2, 3, 5, 7, 11, 13, 17, 19]"
72761/59049,1.23221392,72761,59049,"[3, 13, 29, 193]","[0, -10, 0, 0, 0, 1, 0, 0]","[2, 3, 5, 7, 11, 13, 17, 19]"
72814/19683,3.69933445,72814,19683,"[2, 3, 7, 743]","[1, -9, 0, 2, 0, 0, 0, 0]","[2, 3, 5, 7, 11, 13, 17, 19]"
72826/19683,3.69994411,72826,19683,"[2, 3, 13, 2801]","[1, -9, 0, 0, 0, 1, 0, 0]","[2, 3, 5, 7, 11, 13, 17, 19]"
72841/19683,3.70070619,72841,19683,"[3, 23, 3167]","[0, -9, 0, 0, 0, 0, 0, 0]","[2, 3, 5, 7, 11, 13, 17, 19]"
72853/19683,3.70131586,72853,19683,"[3, 11, 37, 179]","[0, -9, 0, 0, 1, 0, 0, 0]","[2, 3, 5, 7, 11, 13, 17, 19]"
73006/19683,3.70908906,73006,19683,"[2, 3, 173, 211]","[1, -9, 0, 0, 0, 0, 0, 0]","[2, 3, 5, 7, 11, 13, 17, 19]"
73018/19683,3.70969872,73018,19683,"[2, 3, 11, 3319]","[1, -9, 0, 0, 1, 0, 0, 0]","[2, 3, 5, 7, 11, 13, 17, 19]"
73033/19683,3.71046080,73033,19683,"[3, 199, 367]","[0, -9, 0, 0, 0, 0, 0, 0]","[2, 3, 5, 7, 11, 13, 17, 19]"
73045/19683,3.71107047,73045,19683,"[3, 5, 7, 2087]","[0, -9, 1, 1, 0, 0, 0, 0]","[2, 3, 5, 7, 11, 13, 17, 19]"
73060/59049,1.23727752,73060,59049,"[2, 3, 5, 13, 281]","[2, -10, 1, 0, 0, 1, 0, 0]","[2, 3, 5, 7, 11, 13, 17, 19]"
73076/59049,1.23754848,73076,59049,"[2, 3, 18269]","[2, -10, 0, 0, 0, 0, 0, 0]","[2, 3, 5, 7, 11, 13, 17, 19]"
73112/59049,1.23815814,73112,59049,"[2, 3, 13, 19, 37]","[3, -10, 0, 0, 0, 1, 0, 1]","[2, 3, 5, 7, 11, 13, 17, 19]"
73150/19683,3.71640502,73150,19683,"[2, 3, 5, 7, 11, 19]","[1, -9, 2, 1, 1, 0, 0, 1]","[2, 3, 5, 7, 11, 13, 17, 19]"
73193/59049,1.23952988,73193,59049,"[3, 53, 1381]","[0, -10, 0, 0, 0, 0, 0, 0]","[2, 3, 5, 7, 11, 13, 17, 19]"
73273/19683,3.72265407,73273,19683,"[3, 47, 1559]","[0, -9, 0, 0, 0, 0, 0, 0]","[2, 3, 5, 7, 11, 13, 17, 19]"
73354/19683,3.72676929,73354,19683,"[2, 3, 36677]","[1, -9, 0, 0, 0, 0, 0, 0]","[2, 3, 5, 7, 11, 13, 17, 19]"
73465/19683,3.73240868,73465,19683,"[3, 5, 7, 2099]","[0, -9, 1, 1, 0, 0, 0, 0]","[2, 3, 5, 7, 11, 13, 17, 19]"
73477/19683,3.73301834,73477,19683,"[3, 73477]","[0, -9, 0, 0, 0, 0, 0, 0]","[2, 3, 5, 7, 11, 13, 17, 19]"
73582/19683,3.73835289,73582,19683,"[2, 3, 36791]","[1, -9, 0, 0, 0, 0, 0, 0]","[2, 3, 5, 7, 11, 13, 17, 19]"
73609/19683,3.73972464,73609,19683,"[3, 73609]","[0, -9, 0, 0, 0, 0, 0, 0]","[2, 3, 5, 7, 11, 13, 17, 19]"
73652/59049,1.24730309,73652,59049,"[2, 3, 18413]","[2, -10, 0, 0, 0, 0, 0, 0]","[2, 3, 5, 7, 11, 13, 17, 19]"
73672/59049,1.24764179,73672,59049,"[2, 3, 9209]","[3, -10, 0, 0, 0, 0, 0, 0]","[2, 3, 5, 7, 11, 13, 17, 19]"
73688/59049,1.24791275,73688,59049,"[2, 3, 61, 151]","[3, -10, 0, 0, 0, 0, 0, 0]","[2, 3, 5, 7, 11, 13, 17, 19]"
73769/59049,1.24928449,73769,59049,"[3, 71, 1039]","[0, -10, 0, 0, 0, 0, 0, 0]","[2, 3, 5, 7, 11, 13, 17, 19]"
73774/19683,3.74810750,73774,19683,"[2, 3, 36887]","[1, -9, 0, 0, 0, 0, 0, 0]","[2, 3, 5, 7, 11, 13, 17, 19]"
73786/19683,3.74871717,73786,19683,"[2, 3, 79, 467]","[1, -9, 0, 0, 0, 0, 0, 0]","[2, 3, 5, 7, 11, 13, 17, 19]"
73801/19683,3.74947925,73801,19683,"[3, 7, 13, 811]","[0, -9, 0, 1, 0, 1, 0, 0]","[2, 3, 5, 7, 11, 13, 17, 19]"
73813/19683,3.75008891,73813,19683,"[3, 223, 331]","[0, -9, 0, 0, 0, 0, 0, 0]","[2, 3, 5, 7, 11, 13, 17, 19]"
73978/19683,3.75847178,73978,19683,"[2, 3, 47, 787]","[1, -9, 0, 0, 0, 0, 0, 0]","[2, 3, 5, 7, 11, 13, 17, 19]"
74005/19683,3.75984352,74005,19683,"[3, 5, 19, 41]","[0, -9, 1, 0, 0, 0, 0, 2]","[2, 3, 5, 7, 11, 13, 17, 19]"
74041/19683,3.76167251,74041,19683,"[3, 11, 53, 127]","[0, -9, 0, 0, 1, 0, 0, 0]","[2, 3, 5, 7, 11, 13, 17, 19]"
74041/59049,1.25389084,74041,59049,"[3, 11, 53, 127]","[0, -10, 0, 0, 1, 0, 0, 0]","[2, 3, 5, 7, 11, 13, 17, 19]"
74084/59049,1.25461905,74084,59049,"[2, 3, 18521]","[2, -10, 0, 0, 0, 0, 0, 0]","[2, 3, 5, 7, 11, 13, 17, 19]"
74122/19683,3.76578774,74122,19683,"[2, 3, 37061]","[1, -9, 0, 0, 0, 0, 0, 0]","[2, 3, 5, 7, 11, 13, 17, 19]"
74233/19683,3.77142712,74233,19683,"[3, 19, 3907]","[0, -9, 0, 0, 0, 0, 0, 1]","[2, 3, 5, 7, 11, 13, 17, 19]"
74245/19683,3.77203678,74245,19683,"[3, 5, 31, 479]","[0, -9, 1, 0, 0, 0, 0, 0]","[2, 3, 5, 7, 11, 13, 17, 19]"
74356/59049,1.25922539,74356,59049,"[2, 3, 29, 641]","[2, -10, 0, 0, 0, 0, 0, 0]","[2, 3, 5, 7, 11, 13, 17, 19]"
74410/19683,3.78041965,74410,19683,"[2, 3, 5, 7, 1063]","[1, -9, 1, 1, 0, 0, 0, 0]","[2, 3, 5, 7, 11, 13, 17, 19]"
74437/19683,3.78179139,74437,19683,"[3, 11, 67, 101]","[0, -9, 0, 0, 1, 0, 0, 0]","[2, 3, 5, 7, 11, 13, 17, 19]"
74542/19683,3.78712595,74542,19683,"[2, 3, 13, 47, 61]","[1, -9, 0, 0, 0, 1, 0, 0]","[2, 3, 5, 7, 11, 13, 17, 19]"
74554/19683,3.78773561,74554,19683,"[2, 3, 37277]","[1, -9, 0, 0, 0, 0, 0, 0]","[2, 3, 5, 7, 11, 13, 17, 19]"
74569/19683,3.78849769,74569,19683,"[3, 11, 6779]","[0, -9, 0, 0, 1, 0, 0, 0]","[2, 3, 5, 7, 11, 13, 17, 19]"
74581/19683,3.78910735,74581,19683,"[3, 13, 5737]","[0, -9, 0, 0, 0, 1, 0, 0]","[2, 3, 5, 7, 11, 13, 17, 19]"
74696/59049,1.26498332,74696,59049,"[2, 3, 9337]","[3, -10, 0, 0, 0, 0, 0, 0]","[2, 3, 5, 7, 11, 13, 17, 19]"
74734/19683,3.79688056,74734,19683,"[2, 3, 11, 43, 79]","[1, -9, 0, 0, 1, 0, 0, 0]","[2, 3, 5, 7, 11, 13, 17, 19]"
74746/19683,3.79749022,74746,19683,"[2, 3, 7, 19, 281]","[1, -9, 0, 1, 0, 0, 0, 1]","[2, 3, 5, 7, 11, 13, 17, 19]"
74773/19683,3.79886196,74773,19683,"[3, 23, 3251]","[0, -9, 0, 0, 0, 0, 0, 0]","[2, 3, 5, 7, 11, 13, 17, 19]"
74932/59049,1.26898000,74932,59049,"[2, 3, 11, 13, 131]","[2, -10, 0, 0, 1, 1, 0, 0]","[2, 3, 5, 7, 11, 13, 17, 19]"
74968/59049,1.26958966,74968,59049,"[2, 3, 9371]","[3, -10, 0, 0, 0, 0, 0, 0]","[2, 3, 5, 7, 11, 13, 17, 19]"
75001/19683,3.81044556,75001,19683,"[3, 179, 419]","[0, -9, 0, 0, 0, 0, 0, 0]","[2, 3, 5, 7, 11, 13, 17, 19]"
75013/19683,3.81105523,75013,19683,"[3, 75013]","[0, -9, 0, 0, 0, 0, 0, 0]","[2, 3, 5, 7, 11, 13, 17, 19]"
75049/59049,1.27096140,75049,59049,"[3, 13, 23, 251]","[0, -10, 0, 0, 0, 1, 0, 0]","[2, 3, 5, 7, 11, 13, 17, 19]"
75065/59049,1.27123237,75065,59049,"[3, 5, 15013]","[0, -10, 1, 0, 0, 0, 0, 0]","[2, 3, 5, 7, 11, 13, 17, 19]"
75178/19683,3.81943809,75178,19683,"[2, 3, 37589]","[1, -9, 0, 0, 0, 0, 0, 0]","[2, 3, 5, 7, 11, 13, 17, 19]"
75193/19683,3.82020017,75193,19683,"[3, 75193]","[0, -9, 0, 0, 0, 0, 0, 0]","[2, 3, 5, 7, 11, 13, 17, 19]"
75205/19683,3.82080984,75205,19683,"[3, 5, 13, 89]","[0, -9, 1, 0, 0, 2, 0, 0]","[2, 3, 5, 7, 11, 13, 17, 19]"
75310/19683,3.82614439,75310,19683,"[2, 3, 5, 17, 443]","[1, -9, 1, 0, 0, 0, 1, 0]","[2, 3, 5, 7, 11, 13, 17, 19]"
75337/19683,3.82751613,75337,19683,"[3, 75337]","[0, -9, 0, 0, 0, 0, 0, 0]","[2, 3, 5, 7, 11, 13, 17, 19]"
75380/59049,1.27656692,75380,59049,"[2, 3, 5, 3769]","[2, -10, 1, 0, 0, 0, 0, 0]","[2, 3, 5, 7, 11, 13, 17, 19]"
75502/19683,3.83589900,75502,19683,"[2, 3, 7, 5393]","[1, -9, 0, 1, 0, 0, 0, 0]","[2, 3, 5, 7, 11, 13, 17, 19]"
75514/19683,3.83650866,75514,19683,"[2, 3, 17, 2221]","[1, -9, 0, 0, 0, 0, 1, 0]","[2, 3, 5, 7, 11, 13, 17, 19]"
75541/19683,3.83788040,75541,19683,"[3, 75541]","[0, -9, 0, 0, 0, 0, 0, 0]","[2, 3, 5, 7, 11, 13, 17, 19]"
75544/59049,1.27934427,75544,59049,"[2, 3, 7, 19, 71]","[3, -10, 0, 1, 0, 0, 0, 1]","[2, 3, 5, 7, 11, 13, 17, 19]"
75625/59049,1.28071602,75625,59049,"[3, 5, 11]","[0, -10, 4, 0, 2, 0, 0, 0]","[2, 3, 5, 7, 11, 13, 17, 19]"
75706/19683,3.84626327,75706,19683,"[2, 3, 37853]","[1, -9, 0, 0, 0, 0, 0, 0]","[2, 3, 5, 7, 11, 13, 17, 19]"
75769/19683,3.84946400,75769,19683,"[3, 17, 4457]","[0, -9, 0, 0, 0, 0, 1, 0]","[2, 3, 5, 7, 11, 13, 17, 19]"
75946/19683,3.85845654,75946,19683,"[2, 3, 13, 23, 127]","[1, -9, 0, 0, 0, 1, 0, 0]","[2, 3, 5, 7, 11, 13, 17, 19]"
75956/59049,1.28632153,75956,59049,"[2, 3, 17, 1117]","[2, -10, 0, 0, 0, 0, 1, 0]","[2, 3, 5, 7, 11, 13, 17, 19]"
75961/19683,3.85921862,75961,19683,"[3, 37, 2053]","[0, -9, 0, 0, 0, 0, 0, 0]","[2, 3, 5, 7, 11, 13, 17, 19]"
75973/19683,3.85982828,75973,19683,"[3, 17, 41, 109]","[0, -9, 0, 0, 0, 0, 1, 0]","[2, 3, 5, 7, 11, 13, 17, 19]"
75976/59049,1.28666023,75976,59049,"[2, 3, 9497]","[3, -10, 0, 0, 0, 0, 0, 0]","[2, 3, 5, 7, 11, 13, 17, 19]"
75992/59049,1.28693119,75992,59049,"[2, 3, 7, 23, 59]","[3, -10, 0, 1, 0, 0, 0, 0]","[2, 3, 5, 7, 11, 13, 17, 19]"
76073/59049,1.28830293,76073,59049,"[3, 127, 599]","[0, -10, 0, 0, 0, 0, 0, 0]","[2, 3, 5, 7, 11, 13, 17, 19]"
76138/19683,3.86821115,76138,19683,"[2, 3, 38069]","[1, -9, 0, 0, 0, 0, 0, 0]","[2, 3, 5, 7, 11, 13, 17, 19]"
76165/19683,3.86958289,76165,19683,"[3, 5, 15233]","[0, -9, 1, 0, 0, 0, 0, 0]","[2, 3, 5, 7, 11, 13, 17, 19]"
76270/19683,3.87491744,76270,19683,"[2, 3, 5, 29, 263]","[1, -9, 1, 0, 0, 0, 0, 0]","[2, 3, 5, 7, 11, 13, 17, 19]"
76282/19683,3.87552710,76282,19683,"[2, 3, 43, 887]","[1, -9, 0, 0, 0, 0, 0, 0]","[2, 3, 5, 7, 11, 13, 17, 19]"
76309/19683,3.87689885,76309,19683,"[3, 137, 557]","[0, -9, 0, 0, 0, 0, 0, 0]","[2, 3, 5, 7, 11, 13, 17, 19]"
76345/59049,1.29290928,76345,59049,"[3, 5, 15269]","[0, -10, 1, 0, 0, 0, 0, 0]","[2, 3, 5, 7, 11, 13, 17, 19]"
76474/19683,3.88528172,76474,19683,"[2, 3, 38237]","[1, -9, 0, 0, 0, 0, 0, 0]","[2, 3, 5, 7, 11, 13, 17, 19]"
76568/59049,1.29668580,76568,59049,"[2, 3, 17, 563]","[3, -10, 0, 0, 0, 0, 1, 0]","[2, 3, 5, 7, 11, 13, 17, 19]"
76597/19683,3.89153076,76597,19683,"[3, 76597]","[0, -9, 0, 0, 0, 0, 0, 0]","[2, 3, 5, 7, 11, 13, 17, 19]"
76649/59049,1.29805755,76649,59049,"[3, 76649]","[0, -10, 0, 0, 0, 0, 0, 0]","[2, 3, 5, 7, 11, 13, 17, 19]"
76714/19683,3.89747498,76714,19683,"[2, 3, 11, 317]","[1, -9, 0, 0, 2, 0, 0, 0]","[2, 3, 5, 7, 11, 13, 17, 19]"
76729/19683,3.89823706,76729,19683,"[3, 277]","[0, -9, 0, 0, 0, 0, 0, 0]","[2, 3, 5, 7, 11, 13, 17, 19]"
76741/19683,3.89884672,76741,19683,"[3, 7, 19, 577]","[0, -9, 0, 1, 0, 0, 0, 1]","[2, 3, 5, 7, 11, 13, 17, 19]"
76840/59049,1.30129215,76840,59049,"[2, 3, 5, 17, 113]","[3, -10, 1, 0, 0, 0, 1, 0]","[2, 3, 5, 7, 11, 13, 17, 19]"
76906/19683,3.90722959,76906,19683,"[2, 3, 38453]","[1, -9, 0, 0, 0, 0, 0, 0]","[2, 3, 5, 7, 11, 13, 17, 19]"
76921/19683,3.90799167,76921,19683,"[3, 13, 61, 97]","[0, -9, 0, 0, 0, 1, 0, 0]","[2, 3, 5, 7, 11, 13, 17, 19]"
76921/59049,1.30266389,76921,59049,"[3, 13, 61, 97]","[0, -10, 0, 0, 0, 1, 0, 0]","[2, 3, 5, 7, 11, 13, 17, 19]"
76933/19683,3.90860133,76933,19683,"[3, 107, 719]","[0, -9, 0, 0, 0, 0, 0, 0]","[2, 3, 5, 7, 11, 13, 17, 19]"
77000/59049,1.30400176,77000,59049,"[2, 3, 5, 7, 11]","[3, -10, 3, 1, 1, 0, 0, 0]","[2, 3, 5, 7, 11, 13, 17, 19]"
77038/19683,3.91393588,77038,19683,"[2, 3, 13, 2963]","[1, -9, 0, 0, 0, 1, 0, 0]","[2, 3, 5, 7, 11, 13, 17, 19]"
77236/59049,1.30799844,77236,59049,"[2, 3, 19309]","[2, -10, 0, 0, 0, 0, 0, 0]","[2, 3, 5, 7, 11, 13, 17, 19]"
77242/19683,3.92430016,77242,19683,"[2, 3, 11, 3511]","[1, -9, 0, 0, 1, 0, 0, 0]","[2, 3, 5, 7, 11, 13, 17, 19]"
77272/59049,1.30860811,77272,59049,"[2, 3, 13, 743]","[3, -10, 0, 0, 0, 1, 0, 0]","[2, 3, 5, 7, 11, 13, 17, 19]"
77353/59049,1.30997985,77353,59049,"[3, 103, 751]","[0, -10, 0, 0, 0, 0, 0, 0]","[2, 3, 5, 7, 11, 13, 17, 19]"
77365/19683,3.93054920,77365,19683,"[3, 5, 15473]","[0, -9, 1, 0, 0, 0, 0, 0]","[2, 3, 5, 7, 11, 13, 17, 19]"
77369/59049,1.31025081,77369,59049,"[3, 77369]","[0, -10, 0, 0, 0, 0, 0, 0]","[2, 3, 5, 7, 11, 13, 17, 19]"
77497/19683,3.93725550,77497,19683,"[3, 7, 11071]","[0, -9, 0, 1, 0, 0, 0, 0]","[2, 3, 5, 7, 11, 13, 17, 19]"
77569/19683,3.94091348,77569,19683,"[3, 77569]","[0, -9, 0, 0, 0, 0, 0, 0]","[2, 3, 5, 7, 11, 13, 17, 19]"
77674/19683,3.94624803,77674,19683,"[2, 3, 71, 547]","[1, -9, 0, 0, 0, 0, 0, 0]","[2, 3, 5, 7, 11, 13, 17, 19]"
77689/19683,3.94701011,77689,19683,"[3, 77689]","[0, -9, 0, 0, 0, 0, 0, 0]","[2, 3, 5, 7, 11, 13, 17, 19]"
77701/19683,3.94761977,77701,19683,"[3, 13, 43, 139]","[0, -9, 0, 0, 0, 1, 0, 0]","[2, 3, 5, 7, 11, 13, 17, 19]"
77812/59049,1.31775305,77812,59049,"[2, 3, 7, 397]","[2, -10, 0, 2, 0, 0, 0, 0]","[2, 3, 5, 7, 11, 13, 17, 19]"
77848/59049,1.31836272,77848,59049,"[2, 3, 37, 263]","[3, -10, 0, 0, 0, 0, 0, 0]","[2, 3, 5, 7, 11, 13, 17, 19]"
77864/59049,1.31863368,77864,59049,"[2, 3, 9733]","[3, -10, 0, 0, 0, 0, 0, 0]","[2, 3, 5, 7, 11, 13, 17, 19]"
77866/19683,3.95600264,77866,19683,"[2, 3, 38933]","[1, -9, 0, 0, 0, 0, 0, 0]","[2, 3, 5, 7, 11, 13, 17, 19]"
77893/19683,3.95737438,77893,19683,"[3, 77893]","[0, -9, 0, 0, 0, 0, 0, 0]","[2, 3, 5, 7, 11, 13, 17, 19]"
77929/59049,1.31973446,77929,59049,"[3, 77929]","[0, -10, 0, 0, 0, 0, 0, 0]","[2, 3, 5, 7, 11, 13, 17, 19]"
77945/59049,1.32000542,77945,59049,"[3, 5, 7, 17, 131]","[0, -10, 1, 1, 0, 0, 1, 0]","[2, 3, 5, 7, 11, 13, 17, 19]"
78010/19683,3.96331860,78010,19683,"[2, 3, 5, 29, 269]","[1, -9, 1, 0, 0, 0, 0, 0]","[2, 3, 5, 7, 11, 13, 17, 19]"
78133/19683,3.96956765,78133,19683,"[3, 11, 7103]","[0, -9, 0, 0, 1, 0, 0, 0]","[2, 3, 5, 7, 11, 13, 17, 19]"
78260/59049,1.32533997,78260,59049,"[2, 3, 5, 7, 13, 43]","[2, -10, 1, 1, 0, 1, 0, 0]","[2, 3, 5, 7, 11, 13, 17, 19]"
78296/59049,1.32594964,78296,59049,"[2, 3, 9787]","[3, -10, 0, 0, 0, 0, 0, 0]","[2, 3, 5, 7, 11, 13, 17, 19]"
78298/19683,3.97795052,78298,19683,"[2, 3, 11, 3559]","[1, -9, 0, 0, 1, 0, 0, 0]","[2, 3, 5, 7, 11, 13, 17, 19]"
78325/19683,3.97932226,78325,19683,"[3, 5, 13, 241]","[0, -9, 2, 0, 0, 1, 0, 0]","[2, 3, 5, 7, 11, 13, 17, 19]"
78337/19683,3.97993192,78337,19683,"[3, 7, 19, 31]","[0, -9, 0, 1, 0, 0, 0, 2]","[2, 3, 5, 7, 11, 13, 17, 19]"
78377/59049,1.32732138,78377,59049,"[3, 13, 6029]","[0, -10, 0, 0, 0, 1, 0, 0]","[2, 3, 5, 7, 11, 13, 17, 19]"
78442/19683,3.98526647,78442,19683,"[2, 3, 7, 13, 431]","[1, -9, 0, 1, 0, 1, 0, 0]","[2, 3, 5, 7, 11, 13, 17, 19]"
78457/19683,3.98602855,78457,19683,"[3, 67, 1171]","[0, -9, 0, 0, 0, 0, 0, 0]","[2, 3, 5, 7, 11, 13, 17, 19]"
78469/19683,3.98663822,78469,19683,"[3, 131, 599]","[0, -9, 0, 0, 0, 0, 0, 0]","[2, 3, 5, 7, 11, 13, 17, 19]"
78634/19683,3.99502108,78634,19683,"[2, 3, 39317]","[1, -9, 0, 0, 0, 0, 0, 0]","[2, 3, 5, 7, 11, 13, 17, 19]"
78649/59049,1.33192772,78649,59049,"[3, 78649]","[0, -10, 0, 0, 0, 0, 0, 0]","[2, 3, 5, 7, 11, 13, 17, 19]"
78661/19683,3.99639283,78661,19683,"[3, 11, 7151]","[0, -9, 0, 0, 1, 0, 0, 0]","[2, 3, 5, 7, 11, 13, 17, 19]"
78836/59049,1.33509458,78836,59049,"[2, 3, 19709]","[2, -10, 0, 0, 0, 0, 0, 0]","[2, 3, 5, 7, 11, 13, 17, 19]"
78872/59049,1.33570425,78872,59049,"[2, 3, 9859]","[3, -10, 0, 0, 0, 0, 0, 0]","[2, 3, 5, 7, 11, 13, 17, 19]"
78901/19683,4.00858609,78901,19683,"[3, 78901]","[0, -9, 0, 0, 0, 0, 0, 0]","[2, 3, 5, 7, 11, 13, 17, 19]"
78953/59049,1.33707599,78953,59049,"[3, 7, 11279]","[0, -10, 0, 1, 0, 0, 0, 0]","[2, 3, 5, 7, 11, 13, 17, 19]"
79066/19683,4.01696896,79066,19683,"[2, 3, 13, 3041]","[1, -9, 0, 0, 0, 1, 0, 0]","[2, 3, 5, 7, 11, 13, 17, 19]"
79093/19683,4.01834070,79093,19683,"[3, 7, 11299]","[0, -9, 0, 1, 0, 0, 0, 0]","[2, 3, 5, 7, 11, 13, 17, 19]"
79105/19683,4.01895036,79105,19683,"[3, 5, 13, 1217]","[0, -9, 1, 0, 0, 1, 0, 0]","[2, 3, 5, 7, 11, 13, 17, 19]"
79144/59049,1.34031059,79144,59049,"[2, 3, 13, 761]","[3, -10, 0, 0, 0, 1, 0, 0]","[2, 3, 5, 7, 11, 13, 17, 19]"
79225/19683,4.02504699,79225,19683,"[3, 5, 3169]","[0, -9, 2, 0, 0, 0, 0, 0]","[2, 3, 5, 7, 11, 13, 17, 19]"
79225/59049,1.34168233,79225,59049,"[3, 5, 3169]","[0, -10, 2, 0, 0, 0, 0, 0]","[2, 3, 5, 7, 11, 13, 17, 19]"
79297/19683,4.02870497,79297,19683,"[3, 179, 443]","[0, -9, 0, 0, 0, 0, 0, 0]","[2, 3, 5, 7, 11, 13, 17, 19]"
79402/19683,4.03403953,79402,19683,"[2, 3, 29, 37]","[1, -9, 0, 0, 0, 0, 0, 0]","[2, 3, 5, 7, 11, 13, 17, 19]"
79429/19683,4.03541127,79429,19683,"[3, 7, 1621]","[0, -9, 0, 2, 0, 0, 0, 0]","[2, 3, 5, 7, 11, 13, 17, 19]"
79540/59049,1.34701688,79540,59049,"[2, 3, 5, 41, 97]","[2, -10, 1, 0, 0, 0, 0, 0]","[2, 3, 5, 7, 11, 13, 17, 19]"
79594/19683,4.04379414,79594,19683,"[2, 3, 17, 2341]","[1, -9, 0, 0, 0, 0, 1, 0]","[2, 3, 5, 7, 11, 13, 17, 19]"
79673/59049,1.34926925,79673,59049,"[3, 11, 7243]","[0, -10, 0, 0, 1, 0, 0, 0]","[2, 3, 5, 7, 11, 13, 17, 19]"
79756/59049,1.35067486,79756,59049,"[2, 3, 127, 157]","[2, -10, 0, 0, 0, 0, 0, 0]","[2, 3, 5, 7, 11, 13, 17, 19]"
79834/19683,4.05598740,79834,19683,"[2, 3, 179, 223]","[1, -9, 0, 0, 0, 0, 0, 0]","[2, 3, 5, 7, 11, 13, 17, 19]"
79861/19683,4.05735914,79861,19683,"[3, 79861]","[0, -9, 0, 0, 0, 0, 0, 0]","[2, 3, 5, 7, 11, 13, 17, 19]"
79873/19683,4.05796881,79873,19683,"[3, 79873]","[0, -9, 0, 0, 0, 0, 0, 0]","[2, 3, 5, 7, 11, 13, 17, 19]"
80026/19683,4.06574201,80026,19683,"[2, 3, 40013]","[1, -9, 0, 0, 0, 0, 0, 0]","[2, 3, 5, 7, 11, 13, 17, 19]"
80053/19683,4.06711375,80053,19683,"[3, 17, 277]","[0, -9, 0, 0, 0, 0, 2, 0]","[2, 3, 5, 7, 11, 13, 17, 19]"
80065/19683,4.06772342,80065,19683,"[3, 5, 67, 239]","[0, -9, 1, 0, 0, 0, 0, 0]","[2, 3, 5, 7, 11, 13, 17, 19]"
80116/59049,1.35677149,80116,59049,"[2, 3, 20029]","[2, -10, 0, 0, 0, 0, 0, 0]","[2, 3, 5, 7, 11, 13, 17, 19]"
80152/59049,1.35738116,80152,59049,"[2, 3, 43, 233]","[3, -10, 0, 0, 0, 0, 0, 0]","[2, 3, 5, 7, 11, 13, 17, 19]"
80168/59049,1.35765212,80168,59049,"[2, 3, 11, 911]","[3, -10, 0, 0, 1, 0, 0, 0]","[2, 3, 5, 7, 11, 13, 17, 19]"
80170/19683,4.07305797,80170,19683,"[2, 3, 5, 8017]","[1, -9, 1, 0, 0, 0, 0, 0]","[2, 3, 5, 7, 11, 13, 17, 19]"
80197/19683,4.07442971,80197,19683,"[3, 13, 31, 199]","[0, -9, 0, 0, 0, 1, 0, 0]","[2, 3, 5, 7, 11, 13, 17, 19]"
80233/59049,1.35875290,80233,59049,"[3, 80233]","[0, -10, 0, 0, 0, 0, 0, 0]","[2, 3, 5, 7, 11, 13, 17, 19]"
80249/59049,1.35902386,80249,59049,"[3, 13, 6173]","[0, -10, 0, 0, 0, 1, 0, 0]","[2, 3, 5, 7, 11, 13, 17, 19]"
80362/19683,4.08281258,80362,19683,"[2, 3, 23, 1747]","[1, -9, 0, 0, 0, 0, 0, 0]","[2, 3, 5, 7, 11, 13, 17, 19]"
80485/19683,4.08906163,80485,19683,"[3, 5, 16097]","[0, -9, 1, 0, 0, 0, 0, 0]","[2, 3, 5, 7, 11, 13, 17, 19]"
80564/59049,1.36435841,80564,59049,"[2, 3, 11, 1831]","[2, -10, 0, 0, 1, 0, 0, 0]","[2, 3, 5, 7, 11, 13, 17, 19]"
80602/19683,4.09500584,80602,19683,"[2, 3, 191, 211]","[1, -9, 0, 0, 0, 0, 0, 0]","[2, 3, 5, 7, 11, 13, 17, 19]"
80629/19683,4.09637758,80629,19683,"[3, 80629]","[0, -9, 0, 0, 0, 0, 0, 0]","[2, 3, 5, 7, 11, 13, 17, 19]"
80728/59049,1.36713577,80728,59049,"[2, 3, 10091]","[3, -10, 0, 0, 0, 0, 0, 0]","[2, 3, 5, 7, 11, 13, 17, 19]"
80780/59049,1.36801639,80780,59049,"[2, 3, 5, 7, 577]","[2, -10, 1, 1, 0, 0, 0, 0]","[2, 3, 5, 7, 11, 13, 17, 19]"
80794/19683,4.10476045,80794,19683,"[2, 3, 7, 29, 199]","[1, -9, 0, 1, 0, 0, 0, 0]","[2, 3, 5, 7, 11, 13, 17, 19]"
80821/19683,4.10613220,80821,19683,"[3, 13, 6217]","[0, -9, 0, 0, 0, 1, 0, 0]","[2, 3, 5, 7, 11, 13, 17, 19]"
80833/19683,4.10674186,80833,19683,"[3, 80833]","[0, -9, 0, 0, 0, 0, 0, 0]","[2, 3, 5, 7, 11, 13, 17, 19]"
81025/19683,4.11649647,81025,19683,"[3, 5, 7, 463]","[0, -9, 2, 1, 0, 0, 0, 0]","[2, 3, 5, 7, 11, 13, 17, 19]"
81130/19683,4.12183102,81130,19683,"[2, 3, 5, 7, 19, 61]","[1, -9, 1, 1, 0, 0, 0, 1]","[2, 3, 5, 7, 11, 13, 17, 19]"
81140/59049,1.37411302,81140,59049,"[2, 3, 5, 4057]","[2, -10, 1, 0, 0, 0, 0, 0]","[2, 3, 5, 7, 11, 13, 17, 19]"
81176/59049,1.37472269,81176,59049,"[2, 3, 73, 139]","[3, -10, 0, 0, 0, 0, 0, 0]","[2, 3, 5, 7, 11, 13, 17, 19]"
81253/19683,4.12808007,81253,19683,"[3, 193, 421]","[0, -9, 0, 0, 0, 0, 0, 0]","[2, 3, 5, 7, 11, 13, 17, 19]"
81257/59049,1.37609443,81257,59049,"[3, 11, 83, 89]","[0, -10, 0, 0, 1, 0, 0, 0]","[2, 3, 5, 7, 11, 13, 17, 19]"
81448/59049,1.37932903,81448,59049,"[2, 3, 10181]","[3, -10, 0, 0, 0, 0, 0, 0]","[2, 3, 5, 7, 11, 13, 17, 19]"
81457/19683,4.13844434,81457,19683,"[3, 81457]","[0, -9, 0, 0, 0, 0, 0, 0]","[2, 3, 5, 7, 11, 13, 17, 19]"
81529/59049,1.38070077,81529,59049,"[3, 7, 19, 613]","[0, -10, 0, 1, 0, 0, 0, 1]","[2, 3, 5, 7, 11, 13, 17, 19]"
81562/19683,4.14377890,81562,19683,"[2, 3, 13, 3137]","[1, -9, 0, 0, 0, 1, 0, 0]","[2, 3, 5, 7, 11, 13, 17, 19]"
81589/19683,4.14515064,81589,19683,"[3, 83, 983]","[0, -9, 0, 0, 0, 0, 0, 0]","[2, 3, 5, 7, 11, 13, 17, 19]"
81601/19683,4.14576030,81601,19683,"[3, 13, 6277]","[0, -9, 0, 0, 0, 1, 0, 0]","[2, 3, 5, 7, 11, 13, 17, 19]"
81752/59049,1.38447730,81752,59049,"[2, 3, 11, 929]","[3, -10, 0, 0, 1, 0, 0, 0]","[2, 3, 5, 7, 11, 13, 17, 19]"
81754/19683,4.15353351,81754,19683,"[2, 3, 41, 997]","[1, -9, 0, 0, 0, 0, 0, 0]","[2, 3, 5, 7, 11, 13, 17, 19]"
81781/19683,4.15490525,81781,19683,"[3, 7, 1669]","[0, -9, 0, 2, 0, 0, 0, 0]","[2, 3, 5, 7, 11, 13, 17, 19]"
81793/19683,4.15551491,81793,19683,"[3, 263, 311]","[0, -9, 0, 0, 0, 0, 0, 0]","[2, 3, 5, 7, 11, 13, 17, 19]"
81898/19683,4.16084946,81898,19683,"[2, 3, 40949]","[1, -9, 0, 0, 0, 0, 0, 0]","[2, 3, 5, 7, 11, 13, 17, 19]"
82021/19683,4.16709851,82021,19683,"[3, 82021]","[0, -9, 0, 0, 0, 0, 0, 0]","[2, 3, 5, 7, 11, 13, 17, 19]"
82024/59049,1.38908364,82024,59049,"[2, 3, 10253]","[3, -10, 0, 0, 0, 0, 0, 0]","[2, 3, 5, 7, 11, 13, 17, 19]"
82060/59049,1.38969331,82060,59049,"[2, 3, 5, 11, 373]","[2, -10, 1, 0, 1, 0, 0, 0]","[2, 3, 5, 7, 11, 13, 17, 19]"
82105/59049,1.39045538,82105,59049,"[3, 5, 16421]","[0, -10, 1, 0, 0, 0, 0, 0]","[2, 3, 5, 7, 11, 13, 17, 19]"
82213/19683,4.17685312,82213,19683,"[3, 19, 4327]","[0, -9, 0, 0, 0, 0, 0, 1]","[2, 3, 5, 7, 11, 13, 17, 19]"
82225/19683,4.17746279,82225,19683,"[3, 5, 11, 13, 23]","[0, -9, 2, 0, 1, 1, 0, 0]","[2, 3, 5, 7, 11, 13, 17, 19]"
82330/19683,4.18279734,82330,19683,"[2, 3, 5, 8233]","[1, -9, 1, 0, 0, 0, 0, 0]","[2, 3, 5, 7, 11, 13, 17, 19]"
82357/19683,4.18416908,82357,19683,"[3, 11, 7487]","[0, -9, 0, 0, 1, 0, 0, 0]","[2, 3, 5, 7, 11, 13, 17, 19]"
82420/59049,1.39578994,82420,59049,"[2, 3, 5, 13, 317]","[2, -10, 1, 0, 0, 1, 0, 0]","[2, 3, 5, 7, 11, 13, 17, 19]"
82456/59049,1.39639960,82456,59049,"[2, 3, 11, 937]","[3, -10, 0, 0, 1, 0, 0, 0]","[2, 3, 5, 7, 11, 13, 17, 19]"
82472/59049,1.39667056,82472,59049,"[2, 3, 13, 61]","[3, -10, 0, 0, 0, 2, 0, 0]","[2, 3, 5, 7, 11, 13, 17, 19]"
82522/19683,4.19255195,82522,19683,"[2, 3, 11, 31]","[1, -9, 0, 0, 3, 0, 0, 0]","[2, 3, 5, 7, 11, 13, 17, 19]"
82537/59049,1.39777134,82537,59049,"[3, 7, 13, 907]","[0, -10, 0, 1, 0, 1, 0, 0]","[2, 3, 5, 7, 11, 13, 17, 19]"
82549/19683,4.19392369,82549,19683,"[3, 82549]","[0, -9, 0, 0, 0, 0, 0, 0]","[2, 3, 5, 7, 11, 13, 17, 19]"
82553/59049,1.39804230,82553,59049,"[3, 31, 2663]","[0, -10, 0, 0, 0, 0, 0, 0]","[2, 3, 5, 7, 11, 13, 17, 19]"
82561/19683,4.19453335,82561,19683,"[3, 82561]","[0, -9, 0, 0, 0, 0, 0, 0]","[2, 3, 5, 7, 11, 13, 17, 19]"
82753/19683,4.20428796,82753,19683,"[3, 11, 7523]","[0, -9, 0, 0, 1, 0, 0, 0]","[2, 3, 5, 7, 11, 13, 17, 19]"
82789/19683,4.20611695,82789,19683,"[3, 7, 11827]","[0, -9, 0, 1, 0, 0, 0, 0]","[2, 3, 5, 7, 11, 13, 17, 19]"
82981/19683,4.21587156,82981,19683,"[3, 82981]","[0, -9, 0, 0, 0, 0, 0, 0]","[2, 3, 5, 7, 11, 13, 17, 19]"
82993/19683,4.21648123,82993,19683,"[3, 149, 557]","[0, -9, 0, 0, 0, 0, 0, 0]","[2, 3, 5, 7, 11, 13, 17, 19]"
83032/59049,1.40615421,83032,59049,"[2, 3, 97, 107]","[3, -10, 0, 0, 0, 0, 0, 0]","[2, 3, 5, 7, 11, 13, 17, 19]"
83048/59049,1.40642517,83048,59049,"[2, 3, 7, 1483]","[3, -10, 0, 1, 0, 0, 0, 0]","[2, 3, 5, 7, 11, 13, 17, 19]"
83084/59049,1.40703484,83084,59049,"[2, 3, 20771]","[2, -10, 0, 0, 0, 0, 0, 0]","[2, 3, 5, 7, 11, 13, 17, 19]"
83129/59049,1.40779691,83129,59049,"[3, 97, 857]","[0, -10, 0, 0, 0, 0, 0, 0]","[2, 3, 5, 7, 11, 13, 17, 19]"
83185/19683,4.22623584,83185,19683,"[3, 5, 127, 131]","[0, -9, 1, 0, 0, 0, 0, 0]","[2, 3, 5, 7, 11, 13, 17, 19]"
83290/19683,4.23157039,83290,19683,"[2, 3, 5, 8329]","[1, -9, 1, 0, 0, 0, 0, 0]","[2, 3, 5, 7, 11, 13, 17, 19]"
83317/19683,4.23294213,83317,19683,"[3, 13, 17, 29]","[0, -9, 0, 0, 0, 2, 1, 0]","[2, 3, 5, 7, 11, 13, 17, 19]"
83329/19683,4.23355180,83329,19683,"[3, 23, 3623]","[0, -9, 0, 0, 0, 0, 0, 0]","[2, 3, 5, 7, 11, 13, 17, 19]"
83401/59049,1.41240326,83401,59049,"[3, 83401]","[0, -10, 0, 0, 0, 0, 0, 0]","[2, 3, 5, 7, 11, 13, 17, 19]"
83444/59049,1.41313147,83444,59049,"[2, 3, 23, 907]","[2, -10, 0, 0, 0, 0, 0, 0]","[2, 3, 5, 7, 11, 13, 17, 19]"
83480/59049,1.41374113,83480,59049,"[2, 3, 5, 2087]","[3, -10, 1, 0, 0, 0, 0, 0]","[2, 3, 5, 7, 11, 13, 17, 19]"
83482/19683,4.24132500,83482,19683,"[2, 3, 7, 67, 89]","[1, -9, 0, 1, 0, 0, 0, 0]","[2, 3, 5, 7, 11, 13, 17, 19]"
83521/19683,4.24330641,83521,19683,"[3, 17]","[0, -9, 0, 0, 0, 0, 4, 0]","[2, 3, 5, 7, 11, 13, 17, 19]"
83561/59049,1.41511287,83561,59049,"[3, 83561]","[0, -10, 0, 0, 0, 0, 0, 0]","[2, 3, 5, 7, 11, 13, 17, 19]"
83749/19683,4.25489001,83749,19683,"[3, 89, 941]","[0, -9, 0, 0, 0, 0, 0, 0]","[2, 3, 5, 7, 11, 13, 17, 19]"
83752/59049,1.41834747,83752,59049,"[2, 3, 19, 29]","[3, -10, 0, 0, 0, 0, 0, 2]","[2, 3, 5, 7, 11, 13, 17, 19]"
83761/19683,4.25549967,83761,19683,"[3, 83761]","[0, -9, 0, 0, 0, 0, 0, 0]","[2, 3, 5, 7, 11, 13, 17, 19]"
83833/59049,1.41971922,83833,59049,"[3, 83833]","[0, -10, 0, 0, 0, 0, 0, 0]","[2, 3, 5, 7, 11, 13, 17, 19]"
83941/19683,4.26464462,83941,19683,"[3, 11, 13, 587]","[0, -9, 0, 0, 1, 1, 0, 0]","[2, 3, 5, 7, 11, 13, 17, 19]"
83953/19683,4.26525428,83953,19683,"[3, 37, 2269]","[0, -9, 0, 0, 0, 0, 0, 0]","[2, 3, 5, 7, 11, 13, 17, 19]"
84056/59049,1.42349574,84056,59049,"[2, 3, 7, 19, 79]","[3, -10, 0, 1, 0, 0, 0, 1]","[2, 3, 5, 7, 11, 13, 17, 19]"
84058/19683,4.27058883,84058,19683,"[2, 3, 13, 53, 61]","[1, -9, 0, 0, 0, 1, 0, 0]","[2, 3, 5, 7, 11, 13, 17, 19]"
84085/19683,4.27196058,84085,19683,"[3, 5, 67, 251]","[0, -9, 1, 0, 0, 0, 0, 0]","[2, 3, 5, 7, 11, 13, 17, 19]"
84250/19683,4.28034344,84250,19683,"[2, 3, 5, 337]","[1, -9, 3, 0, 0, 0, 0, 0]","[2, 3, 5, 7, 11, 13, 17, 19]"
84289/19683,4.28232485,84289,19683,"[3, 31, 2719]","[0, -9, 0, 0, 0, 0, 0, 0]","[2, 3, 5, 7, 11, 13, 17, 19]"
84328/59049,1.42810208,84328,59049,"[2, 3, 83, 127]","[3, -10, 0, 0, 0, 0, 0, 0]","[2, 3, 5, 7, 11, 13, 17, 19]"
84364/59049,1.42871175,84364,59049,"[2, 3, 7, 23, 131]","[2, -10, 0, 1, 0, 0, 0, 0]","[2, 3, 5, 7, 11, 13, 17, 19]"
84409/59049,1.42947383,84409,59049,"[3, 13, 43, 151]","[0, -10, 0, 0, 0, 1, 0, 0]","[2, 3, 5, 7, 11, 13, 17, 19]"
84425/59049,1.42974479,84425,59049,"[3, 5, 11, 307]","[0, -10, 2, 0, 1, 0, 0, 0]","[2, 3, 5, 7, 11, 13, 17, 19]"
84517/19683,4.29390845,84517,19683,"[3, 223, 379]","[0, -9, 0, 0, 0, 0, 0, 0]","[2, 3, 5, 7, 11, 13, 17, 19]"
84709/19683,4.30366306,84709,19683,"[3, 23, 29, 127]","[0, -9, 0, 0, 0, 0, 0, 0]","[2, 3, 5, 7, 11, 13, 17, 19]"
84721/19683,4.30427272,84721,19683,"[3, 7, 13, 19]","[0, -9, 0, 3, 0, 1, 0, 1]","[2, 3, 5, 7, 11, 13, 17, 19]"
84724/59049,1.43480838,84724,59049,"[2, 3, 59, 359]","[2, -10, 0, 0, 0, 0, 0, 0]","[2, 3, 5, 7, 11, 13, 17, 19]"
84776/59049,1.43568900,84776,59049,"[2, 3, 10597]","[3, -10, 0, 0, 0, 0, 0, 0]","[2, 3, 5, 7, 11, 13, 17, 19]"
84857/59049,1.43706075,84857,59049,"[3, 84857]","[0, -10, 0, 0, 0, 0, 0, 0]","[2, 3, 5, 7, 11, 13, 17, 19]"
84913/19683,4.31402733,84913,19683,"[3, 84913]","[0, -9, 0, 0, 0, 0, 0, 0]","[2, 3, 5, 7, 11, 13, 17, 19]"
84940/59049,1.43846636,84940,59049,"[2, 3, 5, 31, 137]","[2, -10, 1, 0, 0, 0, 0, 0]","[2, 3, 5, 7, 11, 13, 17, 19]"
85018/19683,4.31936189,85018,19683,"[2, 3, 42509]","[1, -9, 0, 0, 0, 0, 0, 0]","[2, 3, 5, 7, 11, 13, 17, 19]"
85057/19683,4.32134329,85057,19683,"[3, 7, 29, 419]","[0, -9, 0, 1, 0, 0, 0, 0]","[2, 3, 5, 7, 11, 13, 17, 19]"
85336/59049,1.44517265,85336,59049,"[2, 3, 10667]","[3, -10, 0, 0, 0, 0, 0, 0]","[2, 3, 5, 7, 11, 13, 17, 19]"
85345/19683,4.33597521,85345,19683,"[3, 5, 13, 101]","[0, -9, 1, 0, 0, 2, 0, 0]","[2, 3, 5, 7, 11, 13, 17, 19]"
85352/59049,1.44544361,85352,59049,"[2, 3, 47, 227]","[3, -10, 0, 0, 0, 0, 0, 0]","[2, 3, 5, 7, 11, 13, 17, 19]"
85388/59049,1.44605328,85388,59049,"[2, 3, 21347]","[2, -10, 0, 0, 0, 0, 0, 0]","[2, 3, 5, 7, 11, 13, 17, 19]"
85433/59049,1.44681536,85433,59049,"[3, 37, 2309]","[0, -10, 0, 0, 0, 0, 0, 0]","[2, 3, 5, 7, 11, 13, 17, 19]"
85477/19683,4.34268150,85477,19683,"[3, 7, 12211]","[0, -9, 0, 1, 0, 0, 0, 0]","[2, 3, 5, 7, 11, 13, 17, 19]"
85489/19683,4.34329116,85489,19683,"[3, 53, 1613]","[0, -9, 0, 0, 0, 0, 0, 0]","[2, 3, 5, 7, 11, 13, 17, 19]"
85669/19683,4.35243611,85669,19683,"[3, 85669]","[0, -9, 0, 0, 0, 0, 0, 0]","[2, 3, 5, 7, 11, 13, 17, 19]"
85681/19683,4.35304578,85681,19683,"[3, 47, 1823]","[0, -9, 0, 0, 0, 0, 0, 0]","[2, 3, 5, 7, 11, 13, 17, 19]"
85705/59049,1.45142170,85705,59049,"[3, 5, 61, 281]","[0, -10, 1, 0, 0, 0, 0, 0]","[2, 3, 5, 7, 11, 13, 17, 19]"
85748/59049,1.45214991,85748,59049,"[2, 3, 13, 17, 97]","[2, -10, 0, 0, 0, 1, 1, 0]","[2, 3, 5, 7, 11, 13, 17, 19]"
85786/19683,4.35838033,85786,19683,"[2, 3, 59, 727]","[1, -9, 0, 0, 0, 0, 0, 0]","[2, 3, 5, 7, 11, 13, 17, 19]"
85964/59049,1.45580789,85964,59049,"[2, 3, 21491]","[2, -10, 0, 0, 0, 0, 0, 0]","[2, 3, 5, 7, 11, 13, 17, 19]"
86113/19683,4.37499365,86113,19683,"[3, 86113]","[0, -9, 0, 0, 0, 0, 0, 0]","[2, 3, 5, 7, 11, 13, 17, 19]"
86245/19683,4.38169994,86245,19683,"[3, 5, 47, 367]","[0, -9, 1, 0, 0, 0, 0, 0]","[2, 3, 5, 7, 11, 13, 17, 19]"
86317/19683,4.38535792,86317,19683,"[3, 7, 11, 19, 59]","[0, -9, 0, 1, 1, 0, 0, 1]","[2, 3, 5, 7, 11, 13, 17, 19]"
86317/59049,1.46178597,86317,59049,"[3, 7, 11, 19, 59]","[0, -10, 0, 1, 1, 0, 0, 1]","[2, 3, 5, 7, 11, 13, 17, 19]"
86360/59049,1.46251418,86360,59049,"[2, 3, 5, 17, 127]","[3, -10, 1, 0, 0, 0, 1, 0]","[2, 3, 5, 7, 11, 13, 17, 19]"
86437/19683,4.39145455,86437,19683,"[3, 13, 61, 109]","[0, -9, 0, 0, 0, 1, 0, 0]","[2, 3, 5, 7, 11, 13, 17, 19]"
86449/19683,4.39206422,86449,19683,"[3, 11, 29, 271]","[0, -9, 0, 0, 1, 0, 0, 0]","[2, 3, 5, 7, 11, 13, 17, 19]"
86632/59049,1.46712053,86632,59049,"[2, 3, 7, 13, 17]","[3, -10, 0, 2, 0, 1, 1, 0]","[2, 3, 5, 7, 11, 13, 17, 19]"
86641/19683,4.40181883,86641,19683,"[3, 23, 3767]","[0, -9, 0, 0, 0, 0, 0, 0]","[2, 3, 5, 7, 11, 13, 17, 19]"
86668/59049,1.46773019,86668,59049,"[2, 3, 47, 461]","[2, -10, 0, 0, 0, 0, 0, 0]","[2, 3, 5, 7, 11, 13, 17, 19]"
86713/59049,1.46849227,86713,59049,"[3, 11, 7883]","[0, -10, 0, 0, 1, 0, 0, 0]","[2, 3, 5, 7, 11, 13, 17, 19]"
86729/59049,1.46876323,86729,59049,"[3, 86729]","[0, -10, 0, 0, 0, 0, 0, 0]","[2, 3, 5, 7, 11, 13, 17, 19]"
86881/19683,4.41401209,86881,19683,"[3, 283, 307]","[0, -9, 0, 0, 0, 0, 0, 0]","[2, 3, 5, 7, 11, 13, 17, 19]"
87073/19683,4.42376670,87073,19683,"[3, 7, 1777]","[0, -9, 0, 2, 0, 0, 0, 0]","[2, 3, 5, 7, 11, 13, 17, 19]"
87085/19683,4.42437637,87085,19683,"[3, 5, 17417]","[0, -9, 1, 0, 0, 0, 0, 0]","[2, 3, 5, 7, 11, 13, 17, 19]"
87205/19683,4.43047300,87205,19683,"[3, 5, 107, 163]","[0, -9, 1, 0, 0, 0, 0, 0]","[2, 3, 5, 7, 11, 13, 17, 19]"
87208/59049,1.47687514,87208,59049,"[2, 3, 11, 991]","[3, -10, 0, 0, 1, 0, 0, 0]","[2, 3, 5, 7, 11, 13, 17, 19]"
87217/19683,4.43108266,87217,19683,"[3, 13, 6709]","[0, -9, 0, 0, 0, 1, 0, 0]","[2, 3, 5, 7, 11, 13, 17, 19]"
87244/59049,1.47748480,87244,59049,"[2, 3, 17, 1283]","[2, -10, 0, 0, 0, 0, 1, 0]","[2, 3, 5, 7, 11, 13, 17, 19]"
87289/59049,1.47824688,87289,59049,"[3, 41, 2129]","[0, -10, 0, 0, 0, 0, 0, 0]","[2, 3, 5, 7, 11, 13, 17, 19]"
87341/59049,1.47912750,87341,59049,"[3, 167, 523]","[0, -10, 0, 0, 0, 0, 0, 0]","[2, 3, 5, 7, 11, 13, 17, 19]"
87409/19683,4.44083727,87409,19683,"[3, 7, 12487]","[0, -9, 0, 1, 0, 0, 0, 0]","[2, 3, 5, 7, 11, 13, 17, 19]"
87640/59049,1.48419110,87640,59049,"[2, 3, 5, 7, 313]","[3, -10, 1, 1, 0, 0, 0, 0]","[2, 3, 5, 7, 11, 13, 17, 19]"
87649/19683,4.45303053,87649,19683,"[3, 87649]","[0, -9, 0, 0, 0, 0, 0, 0]","[2, 3, 5, 7, 11, 13, 17, 19]"
87656/59049,1.48446206,87656,59049,"[2, 3, 10957]","[3, -10, 0, 0, 0, 0, 0, 0]","[2, 3, 5, 7, 11, 13, 17, 19]"
87692/59049,1.48507172,87692,59049,"[2, 3, 11, 1993]","[2, -10, 0, 0, 1, 0, 0, 0]","[2, 3, 5, 7, 11, 13, 17, 19]"
87737/59049,1.48583380,87737,59049,"[3, 13, 17, 397]","[0, -10, 0, 0, 0, 1, 1, 0]","[2, 3, 5, 7, 11, 13, 17, 19]"
87841/19683,4.46278514,87841,19683,"[3, 13, 29, 233]","[0, -9, 0, 0, 0, 1, 0, 0]","[2, 3, 5, 7, 11, 13, 17, 19]"
87853/19683,4.46339481,87853,19683,"[3, 87853]","[0, -9, 0, 0, 0, 0, 0, 0]","[2, 3, 5, 7, 11, 13, 17, 19]"
87973/19683,4.46949144,87973,19683,"[3, 87973]","[0, -9, 0, 0, 0, 0, 0, 0]","[2, 3, 5, 7, 11, 13, 17, 19]"
88009/59049,1.49044014,88009,59049,"[3, 17, 31, 167]","[0, -10, 0, 0, 0, 0, 1, 0]","[2, 3, 5, 7, 11, 13, 17, 19]"
88045/19683,4.47314942,88045,19683,"[3, 5, 17609]","[0, -9, 1, 0, 0, 0, 0, 0]","[2, 3, 5, 7, 11, 13, 17, 19]"
88177/19683,4.47985571,88177,19683,"[3, 88177]","[0, -9, 0, 0, 0, 0, 0, 0]","[2, 3, 5, 7, 11, 13, 17, 19]"
88232/59049,1.49421667,88232,59049,"[2, 3, 41, 269]","[3, -10, 0, 0, 0, 0, 0, 0]","[2, 3, 5, 7, 11, 13, 17, 19]"
88268/59049,1.49482633,88268,59049,"[2, 3, 22067]","[2, -10, 0, 0, 0, 0, 0, 0]","[2, 3, 5, 7, 11, 13, 17, 19]"
88313/59049,1.49558841,88313,59049,"[3, 47, 1879]","[0, -10, 0, 0, 0, 0, 0, 0]","[2, 3, 5, 7, 11, 13, 17, 19]"
88504/59049,1.49882301,88504,59049,"[2, 3, 13, 23, 37]","[3, -10, 0, 0, 0, 1, 0, 0]","[2, 3, 5, 7, 11, 13, 17, 19]"
88585/59049,1.50019475,88585,59049,"[3, 5, 7, 2531]","[0, -10, 1, 1, 0, 0, 0, 0]","[2, 3, 5, 7, 11, 13, 17, 19]"
88609/19683,4.50180359,88609,19683,"[3, 88609]","[0, -9, 0, 0, 0, 0, 0, 0]","[2, 3, 5, 7, 11, 13, 17, 19]"
88621/19683,4.50241325,88621,19683,"[3, 13, 17, 401]","[0, -9, 0, 0, 0, 1, 1, 0]","[2, 3, 5, 7, 11, 13, 17, 19]"
88621/59049,1.50080442,88621,59049,"[3, 13, 17, 401]","[0, -10, 0, 0, 0, 1, 1, 0]","[2, 3, 5, 7, 11, 13, 17, 19]"
88664/59049,1.50153263,88664,59049,"[2, 3, 11083]","[3, -10, 0, 0, 0, 0, 0, 0]","[2, 3, 5, 7, 11, 13, 17, 19]"
88801/19683,4.51155820,88801,19683,"[3, 88801]","[0, -9, 0, 0, 0, 0, 0, 0]","[2, 3, 5, 7, 11, 13, 17, 19]"
88813/19683,4.51216786,88813,19683,"[3, 88813]","[0, -9, 0, 0, 0, 0, 0, 0]","[2, 3, 5, 7, 11, 13, 17, 19]"
88936/59049,1.50613897,88936,59049,"[2, 3, 11117]","[3, -10, 0, 0, 0, 0, 0, 0]","[2, 3, 5, 7, 11, 13, 17, 19]"
88945/19683,4.51887416,88945,19683,"[3, 5, 17789]","[0, -9, 1, 0, 0, 0, 0, 0]","[2, 3, 5, 7, 11, 13, 17, 19]"
89017/59049,1.50751071,89017,59049,"[3, 89017]","[0, -10, 0, 0, 0, 0, 0, 0]","[2, 3, 5, 7, 11, 13, 17, 19]"
89033/59049,1.50778167,89033,59049,"[3, 7, 23, 79]","[0, -10, 0, 2, 0, 0, 0, 0]","[2, 3, 5, 7, 11, 13, 17, 19]"
89233/19683,4.53350607,89233,19683,"[3, 17, 29, 181]","[0, -9, 0, 0, 0, 0, 1, 0]","[2, 3, 5, 7, 11, 13, 17, 19]"
89377/19683,4.54082203,89377,19683,"[3, 139, 643]","[0, -9, 0, 0, 0, 0, 0, 0]","[2, 3, 5, 7, 11, 13, 17, 19]"
89512/59049,1.51589358,89512,59049,"[2, 3, 67, 167]","[3, -10, 0, 0, 0, 0, 0, 0]","[2, 3, 5, 7, 11, 13, 17, 19]"
89528/59049,1.51616454,89528,59049,"[2, 3, 19, 31]","[3, -10, 0, 0, 0, 0, 0, 2]","[2, 3, 5, 7, 11, 13, 17, 19]"
89548/59049,1.51650324,89548,59049,"[2, 3, 61, 367]","[2, -10, 0, 0, 0, 0, 0, 0]","[2, 3, 5, 7, 11, 13, 17, 19]"
89569/19683,4.55057664,89569,19683,"[3, 43, 2083]","[0, -9, 0, 0, 0, 0, 0, 0]","[2, 3, 5, 7, 11, 13, 17, 19]"
89581/19683,4.55118630,89581,19683,"[3, 29, 3089]","[0, -9, 0, 0, 0, 0, 0, 0]","[2, 3, 5, 7, 11, 13, 17, 19]"
89593/59049,1.51726532,89593,59049,"[3, 7, 12799]","[0, -10, 0, 1, 0, 0, 0, 0]","[2, 3, 5, 7, 11, 13, 17, 19]"
89609/59049,1.51753628,89609,59049,"[3, 13, 61, 113]","[0, -10, 0, 0, 0, 1, 0, 0]","[2, 3, 5, 7, 11, 13, 17, 19]"
89645/59049,1.51814595,89645,59049,"[3, 5, 17929]","[0, -10, 1, 0, 0, 0, 0, 0]","[2, 3, 5, 7, 11, 13, 17, 19]"
89773/19683,4.56094091,89773,19683,"[3, 107, 839]","[0, -9, 0, 0, 0, 0, 0, 0]","[2, 3, 5, 7, 11, 13, 17, 19]"
89960/59049,1.52348050,89960,59049,"[2, 3, 5, 13, 173]","[3, -10, 1, 0, 0, 1, 0, 0]","[2, 3, 5, 7, 11, 13, 17, 19]"
90001/19683,4.57252451,90001,19683,"[3, 90001]","[0, -9, 0, 0, 0, 0, 0, 0]","[2, 3, 5, 7, 11, 13, 17, 19]"
90041/59049,1.52485224,90041,59049,"[3, 7, 19, 677]","[0, -10, 0, 1, 0, 0, 0, 1]","[2, 3, 5, 7, 11, 13, 17, 19]"
90124/59049,1.52625785,90124,59049,"[2, 3, 22531]","[2, -10, 0, 0, 0, 0, 0, 0]","[2, 3, 5, 7, 11, 13, 17, 19]"
90205/19683,4.58288879,90205,19683,"[3, 5, 18041]","[0, -9, 1, 0, 0, 0, 0, 0]","[2, 3, 5, 7, 11, 13, 17, 19]"
90313/59049,1.52945859,90313,59049,"[3, 90313]","[0, -10, 0, 0, 0, 0, 0, 0]","[2, 3, 5, 7, 11, 13, 17, 19]"
90337/19683,4.58959508,90337,19683,"[3, 13, 6949]","[0, -9, 0, 0, 0, 1, 0, 0]","[2, 3, 5, 7, 11, 13, 17, 19]"
90349/19683,4.59020475,90349,19683,"[3, 7, 12907]","[0, -9, 0, 1, 0, 0, 0, 0]","[2, 3, 5, 7, 11, 13, 17, 19]"
90529/19683,4.59934969,90529,19683,"[3, 90529]","[0, -9, 0, 0, 0, 0, 0, 0]","[2, 3, 5, 7, 11, 13, 17, 19]"
90536/59049,1.53323511,90536,59049,"[2, 3, 11317]","[3, -10, 0, 0, 0, 0, 0, 0]","[2, 3, 5, 7, 11, 13, 17, 19]"
90541/19683,4.59995936,90541,19683,"[3, 11, 8231]","[0, -9, 0, 0, 1, 0, 0, 0]","[2, 3, 5, 7, 11, 13, 17, 19]"
90572/59049,1.53384477,90572,59049,"[2, 3, 22643]","[2, -10, 0, 0, 0, 0, 0, 0]","[2, 3, 5, 7, 11, 13, 17, 19]"
90617/59049,1.53460685,90617,59049,"[3, 90617]","[0, -10, 0, 0, 0, 0, 0, 0]","[2, 3, 5, 7, 11, 13, 17, 19]"
90769/19683,4.61154296,90769,19683,"[3, 7, 12967]","[0, -9, 0, 1, 0, 0, 0, 0]","[2, 3, 5, 7, 11, 13, 17, 19]"
90808/59049,1.53784145,90808,59049,"[2, 3, 11351]","[3, -10, 0, 0, 0, 0, 0, 0]","[2, 3, 5, 7, 11, 13, 17, 19]"
90889/59049,1.53921320,90889,59049,"[3, 97, 937]","[0, -10, 0, 0, 0, 0, 0, 0]","[2, 3, 5, 7, 11, 13, 17, 19]"
90925/59049,1.53982286,90925,59049,"[3, 5, 3637]","[0, -10, 2, 0, 0, 0, 0, 0]","[2, 3, 5, 7, 11, 13, 17, 19]"
90961/19683,4.62129757,90961,19683,"[3, 13, 6997]","[0, -9, 0, 0, 0, 1, 0, 0]","[2, 3, 5, 7, 11, 13, 17, 19]"
90973/19683,4.62190723,90973,19683,"[3, 29, 3137]","[0, -9, 0, 0, 0, 0, 0, 0]","[2, 3, 5, 7, 11, 13, 17, 19]"
91105/19683,4.62861352,91105,19683,"[3, 5, 7, 19, 137]","[0, -9, 1, 1, 0, 0, 0, 1]","[2, 3, 5, 7, 11, 13, 17, 19]"
91148/59049,1.54359938,91148,59049,"[2, 3, 22787]","[2, -10, 0, 0, 0, 0, 0, 0]","[2, 3, 5, 7, 11, 13, 17, 19]"
91297/19683,4.63836813,91297,19683,"[3, 91297]","[0, -9, 0, 0, 0, 0, 0, 0]","[2, 3, 5, 7, 11, 13, 17, 19]"
91309/19683,4.63897780,91309,19683,"[3, 91309]","[0, -9, 0, 0, 0, 0, 0, 0]","[2, 3, 5, 7, 11, 13, 17, 19]"
91337/59049,1.54680012,91337,59049,"[3, 149, 613]","[0, -10, 0, 0, 0, 0, 0, 0]","[2, 3, 5, 7, 11, 13, 17, 19]"
91420/59049,1.54820573,91420,59049,"[2, 3, 5, 7, 653]","[2, -10, 1, 1, 0, 0, 0, 0]","[2, 3, 5, 7, 11, 13, 17, 19]"
91501/19683,4.64873241,91501,19683,"[3, 37, 2473]","[0, -9, 0, 0, 0, 0, 0, 0]","[2, 3, 5, 7, 11, 13, 17, 19]"
91501/59049,1.54957747,91501,59049,"[3, 37, 2473]","[0, -10, 0, 0, 0, 0, 0, 0]","[2, 3, 5, 7, 11, 13, 17, 19]"
91537/19683,4.65056140,91537,19683,"[3, 239, 383]","[0, -9, 0, 0, 0, 0, 0, 0]","[2, 3, 5, 7, 11, 13, 17, 19]"
91729/19683,4.66031601,91729,19683,"[3, 11, 31, 269]","[0, -9, 0, 0, 1, 0, 0, 0]","[2, 3, 5, 7, 11, 13, 17, 19]"
91741/19683,4.66092567,91741,19683,"[3, 13, 7057]","[0, -9, 0, 0, 0, 1, 0, 0]","[2, 3, 5, 7, 11, 13, 17, 19]"
91816/59049,1.55491202,91816,59049,"[2, 3, 23, 499]","[3, -10, 0, 0, 0, 0, 0, 0]","[2, 3, 5, 7, 11, 13, 17, 19]"
91832/59049,1.55518298,91832,59049,"[2, 3, 13, 883]","[3, -10, 0, 0, 0, 1, 0, 0]","[2, 3, 5, 7, 11, 13, 17, 19]"
91852/59049,1.55552169,91852,59049,"[2, 3, 22963]","[2, -10, 0, 0, 0, 0, 0, 0]","[2, 3, 5, 7, 11, 13, 17, 19]"
91897/59049,1.55628376,91897,59049,"[3, 13, 7069]","[0, -10, 0, 0, 0, 1, 0, 0]","[2, 3, 5, 7, 11, 13, 17, 19]"
91913/59049,1.55655473,91913,59049,"[3, 107, 859]","[0, -10, 0, 0, 0, 0, 0, 0]","[2, 3, 5, 7, 11, 13, 17, 19]"
91933/19683,4.67068028,91933,19683,"[3, 149, 617]","[0, -9, 0, 0, 0, 0, 0, 0]","[2, 3, 5, 7, 11, 13, 17, 19]"
91949/59049,1.55716439,91949,59049,"[3, 11, 13, 643]","[0, -10, 0, 0, 1, 1, 0, 0]","[2, 3, 5, 7, 11, 13, 17, 19]"
92065/19683,4.67738658,92065,19683,"[3, 5, 18413]","[0, -9, 1, 0, 0, 0, 0, 0]","[2, 3, 5, 7, 11, 13, 17, 19]"
92077/19683,4.67799624,92077,19683,"[3, 92077]","[0, -9, 0, 0, 0, 0, 0, 0]","[2, 3, 5, 7, 11, 13, 17, 19]"
92269/19683,4.68775085,92269,19683,"[3, 92269]","[0, -9, 0, 0, 0, 0, 0, 0]","[2, 3, 5, 7, 11, 13, 17, 19]"
92392/59049,1.56466663,92392,59049,"[2, 3, 11549]","[3, -10, 0, 0, 0, 0, 0, 0]","[2, 3, 5, 7, 11, 13, 17, 19]"
92428/59049,1.56527630,92428,59049,"[2, 3, 7, 3301]","[2, -10, 0, 1, 0, 0, 0, 0]","[2, 3, 5, 7, 11, 13, 17, 19]"
92444/59049,1.56554726,92444,59049,"[2, 3, 11, 191]","[2, -10, 0, 0, 2, 0, 0, 0]","[2, 3, 5, 7, 11, 13, 17, 19]"
92497/19683,4.69933445,92497,19683,"[3, 17, 5441]","[0, -9, 0, 0, 0, 0, 1, 0]","[2, 3, 5, 7, 11, 13, 17, 19]"
92509/19683,4.69994411,92509,19683,"[3, 79, 1171]","[0, -9, 0, 0, 0, 0, 0, 0]","[2, 3, 5, 7, 11, 13, 17, 19]"
92525/59049,1.56691900,92525,59049,"[3, 5, 3701]","[0, -10, 2, 0, 0, 0, 0, 0]","[2, 3, 5, 7, 11, 13, 17, 19]"
92689/19683,4.70908906,92689,19683,"[3, 59, 1571]","[0, -9, 0, 0, 0, 0, 0, 0]","[2, 3, 5, 7, 11, 13, 17, 19]"
92701/19683,4.70969872,92701,19683,"[3, 7, 17, 19, 41]","[0, -9, 0, 1, 0, 0, 1, 1]","[2, 3, 5, 7, 11, 13, 17, 19]"
92833/19683,4.71640502,92833,19683,"[3, 13, 37, 193]","[0, -9, 0, 0, 0, 1, 0, 0]","[2, 3, 5, 7, 11, 13, 17, 19]"
92840/59049,1.57225355,92840,59049,"[2, 3, 5, 11, 211]","[3, -10, 1, 0, 1, 0, 0, 0]","[2, 3, 5, 7, 11, 13, 17, 19]"
92876/59049,1.57286322,92876,59049,"[2, 3, 7, 31, 107]","[2, -10, 0, 1, 0, 0, 0, 0]","[2, 3, 5, 7, 11, 13, 17, 19]"
92921/59049,1.57362529,92921,59049,"[3, 92921]","[0, -10, 0, 0, 0, 0, 0, 0]","[2, 3, 5, 7, 11, 13, 17, 19]"
93037/19683,4.72676929,93037,19683,"[3, 7, 13291]","[0, -9, 0, 1, 0, 0, 0, 0]","[2, 3, 5, 7, 11, 13, 17, 19]"
93112/59049,1.57685990,93112,59049,"[2, 3, 103, 113]","[3, -10, 0, 0, 0, 0, 0, 0]","[2, 3, 5, 7, 11, 13, 17, 19]"
93193/59049,1.57823164,93193,59049,"[3, 41, 2273]","[0, -10, 0, 0, 0, 0, 0, 0]","[2, 3, 5, 7, 11, 13, 17, 19]"
93229/59049,1.57884130,93229,59049,"[3, 93229]","[0, -10, 0, 0, 0, 0, 0, 0]","[2, 3, 5, 7, 11, 13, 17, 19]"
93265/19683,4.73835289,93265,19683,"[3, 5, 23, 811]","[0, -9, 1, 0, 0, 0, 0, 0]","[2, 3, 5, 7, 11, 13, 17, 19]"
93416/59049,1.58200816,93416,59049,"[2, 3, 11677]","[3, -10, 0, 0, 0, 0, 0, 0]","[2, 3, 5, 7, 11, 13, 17, 19]"
93452/59049,1.58261783,93452,59049,"[2, 3, 61, 383]","[2, -10, 0, 0, 0, 0, 0, 0]","[2, 3, 5, 7, 11, 13, 17, 19]"
93457/19683,4.74810750,93457,19683,"[3, 7, 13, 79]","[0, -9, 0, 1, 0, 2, 0, 0]","[2, 3, 5, 7, 11, 13, 17, 19]"
93469/19683,4.74871717,93469,19683,"[3, 151, 619]","[0, -9, 0, 0, 0, 0, 0, 0]","[2, 3, 5, 7, 11, 13, 17, 19]"
93661/19683,4.75847178,93661,19683,"[3, 229, 409]","[0, -9, 0, 0, 0, 0, 0, 0]","[2, 3, 5, 7, 11, 13, 17, 19]"
93688/59049,1.58661451,93688,59049,"[2, 3, 7, 239]","[3, -10, 0, 2, 0, 0, 0, 0]","[2, 3, 5, 7, 11, 13, 17, 19]"
93724/59049,1.58722417,93724,59049,"[2, 3, 23431]","[2, -10, 0, 0, 0, 0, 0, 0]","[2, 3, 5, 7, 11, 13, 17, 19]"
93769/59049,1.58798625,93769,59049,"[3, 13, 7213]","[0, -10, 0, 0, 0, 1, 0, 0]","[2, 3, 5, 7, 11, 13, 17, 19]"
93805/19683,4.76578774,93805,19683,"[3, 5, 73, 257]","[0, -9, 1, 0, 0, 0, 0, 0]","[2, 3, 5, 7, 11, 13, 17, 19]"
93805/59049,1.58859591,93805,59049,"[3, 5, 73, 257]","[0, -10, 1, 0, 0, 0, 0, 0]","[2, 3, 5, 7, 11, 13, 17, 19]"
94093/19683,4.78041965,94093,19683,"[3, 23, 4091]","[0, -9, 0, 0, 0, 0, 0, 0]","[2, 3, 5, 7, 11, 13, 17, 19]"
94120/59049,1.59393046,94120,59049,"[2, 3, 5, 13, 181]","[3, -10, 1, 0, 0, 1, 0, 0]","[2, 3, 5, 7, 11, 13, 17, 19]"
94136/59049,1.59420143,94136,59049,"[2, 3, 7, 41]","[3, -10, 0, 1, 0, 0, 0, 0]","[2, 3, 5, 7, 11, 13, 17, 19]"
94201/59049,1.59530221,94201,59049,"[3, 94201]","[0, -10, 0, 0, 0, 0, 0, 0]","[2, 3, 5, 7, 11, 13, 17, 19]"
94217/59049,1.59557317,94217,59049,"[3, 71, 1327]","[0, -10, 0, 0, 0, 0, 0, 0]","[2, 3, 5, 7, 11, 13, 17, 19]"
94225/19683,4.78712595,94225,19683,"[3, 5, 3769]","[0, -9, 2, 0, 0, 0, 0, 0]","[2, 3, 5, 7, 11, 13, 17, 19]"
94237/19683,4.78773561,94237,19683,"[3, 11, 13, 659]","[0, -9, 0, 0, 1, 1, 0, 0]","[2, 3, 5, 7, 11, 13, 17, 19]"
94253/59049,1.59618283,94253,59049,"[3, 94253]","[0, -10, 0, 0, 0, 0, 0, 0]","[2, 3, 5, 7, 11, 13, 17, 19]"
94417/19683,4.79688056,94417,19683,"[3, 263, 359]","[0, -9, 0, 0, 0, 0, 0, 0]","[2, 3, 5, 7, 11, 13, 17, 19]"
94429/19683,4.79749022,94429,19683,"[3, 89, 1061]","[0, -9, 0, 0, 0, 0, 0, 0]","[2, 3, 5, 7, 11, 13, 17, 19]"
94696/59049,1.60368508,94696,59049,"[2, 3, 7, 19, 89]","[3, -10, 0, 1, 0, 0, 0, 1]","[2, 3, 5, 7, 11, 13, 17, 19]"
94712/59049,1.60395604,94712,59049,"[2, 3, 11839]","[3, -10, 0, 0, 0, 0, 0, 0]","[2, 3, 5, 7, 11, 13, 17, 19]"
94732/59049,1.60429474,94732,59049,"[2, 3, 11, 2153]","[2, -10, 0, 0, 1, 0, 0, 0]","[2, 3, 5, 7, 11, 13, 17, 19]"
94748/59049,1.60456570,94748,59049,"[2, 3, 23687]","[2, -10, 0, 0, 0, 0, 0, 0]","[2, 3, 5, 7, 11, 13, 17, 19]"
94793/59049,1.60532778,94793,59049,"[3, 94793]","[0, -10, 0, 0, 0, 0, 0, 0]","[2, 3, 5, 7, 11, 13, 17, 19]"
94829/59049,1.60593744,94829,59049,"[3, 7, 19, 23, 31]","[0, -10, 0, 1, 0, 0, 0, 1]","[2, 3, 5, 7, 11, 13, 17, 19]"
94861/19683,4.81943809,94861,19683,"[3, 13, 7297]","[0, -9, 0, 0, 0, 1, 0, 0]","[2, 3, 5, 7, 11, 13, 17, 19]"
94993/19683,4.82614439,94993,19683,"[3, 94993]","[0, -9, 0, 0, 0, 0, 0, 0]","[2, 3, 5, 7, 11, 13, 17, 19]"
95065/59049,1.60993412,95065,59049,"[3, 5, 19013]","[0, -10, 1, 0, 0, 0, 0, 0]","[2, 3, 5, 7, 11, 13, 17, 19]"
95144/59049,1.61127199,95144,59049,"[2, 3, 7, 1699]","[3, -10, 0, 1, 0, 0, 0, 0]","[2, 3, 5, 7, 11, 13, 17, 19]"
95185/19683,4.83589900,95185,19683,"[3, 5, 19037]","[0, -9, 1, 0, 0, 0, 0, 0]","[2, 3, 5, 7, 11, 13, 17, 19]"
95197/19683,4.83650866,95197,19683,"[3, 23, 4139]","[0, -9, 0, 0, 0, 0, 0, 0]","[2, 3, 5, 7, 11, 13, 17, 19]"
95225/59049,1.61264374,95225,59049,"[3, 5, 13, 293]","[0, -10, 2, 0, 0, 1, 0, 0]","[2, 3, 5, 7, 11, 13, 17, 19]"
95308/59049,1.61404935,95308,59049,"[2, 3, 23827]","[2, -10, 0, 0, 0, 0, 0, 0]","[2, 3, 5, 7, 11, 13, 17, 19]"
95389/19683,4.84626327,95389,19683,"[3, 7, 13627]","[0, -9, 0, 1, 0, 0, 0, 0]","[2, 3, 5, 7, 11, 13, 17, 19]"
95416/59049,1.61587834,95416,59049,"[2, 3, 11927]","[3, -10, 0, 0, 0, 0, 0, 0]","[2, 3, 5, 7, 11, 13, 17, 19]"
95497/59049,1.61725008,95497,59049,"[3, 29, 37, 89]","[0, -10, 0, 0, 0, 0, 0, 0]","[2, 3, 5, 7, 11, 13, 17, 19]"
95629/19683,4.85845654,95629,19683,"[3, 95629]","[0, -9, 0, 0, 0, 0, 0, 0]","[2, 3, 5, 7, 11, 13, 17, 19]"
95720/59049,1.62102661,95720,59049,"[2, 3, 5, 2393]","[3, -10, 1, 0, 0, 0, 0, 0]","[2, 3, 5, 7, 11, 13, 17, 19]"
95756/59049,1.62163627,95756,59049,"[2, 3, 37, 647]","[2, -10, 0, 0, 0, 0, 0, 0]","[2, 3, 5, 7, 11, 13, 17, 19]"
95821/19683,4.86821115,95821,19683,"[3, 11, 31, 281]","[0, -9, 0, 0, 1, 0, 0, 0]","[2, 3, 5, 7, 11, 13, 17, 19]"
95953/19683,4.87491744,95953,19683,"[3, 11, 13, 61]","[0, -9, 0, 0, 2, 1, 0, 0]","[2, 3, 5, 7, 11, 13, 17, 19]"
95965/19683,4.87552710,95965,19683,"[3, 5, 17, 1129]","[0, -9, 1, 0, 0, 0, 1, 0]","[2, 3, 5, 7, 11, 13, 17, 19]"
95992/59049,1.62563295,95992,59049,"[2, 3, 13, 71]","[3, -10, 0, 0, 0, 2, 0, 0]","[2, 3, 5, 7, 11, 13, 17, 19]"
96028/59049,1.62624261,96028,59049,"[2, 3, 24007]","[2, -10, 0, 0, 0, 0, 0, 0]","[2, 3, 5, 7, 11, 13, 17, 19]"
96073/59049,1.62700469,96073,59049,"[3, 191, 503]","[0, -10, 0, 0, 0, 0, 0, 0]","[2, 3, 5, 7, 11, 13, 17, 19]"
96089/59049,1.62727565,96089,59049,"[3, 7, 37, 53]","[0, -10, 0, 2, 0, 0, 0, 0]","[2, 3, 5, 7, 11, 13, 17, 19]"
96109/59049,1.62761435,96109,59049,"[3, 13, 7393]","[0, -10, 0, 0, 0, 1, 0, 0]","[2, 3, 5, 7, 11, 13, 17, 19]"
96157/19683,4.88528172,96157,19683,"[3, 96157]","[0, -9, 0, 0, 0, 0, 0, 0]","[2, 3, 5, 7, 11, 13, 17, 19]"
96332/59049,1.63139088,96332,59049,"[2, 3, 24083]","[2, -10, 0, 0, 0, 0, 0, 0]","[2, 3, 5, 7, 11, 13, 17, 19]"
96397/19683,4.89747498,96397,19683,"[3, 7, 47, 293]","[0, -9, 0, 1, 0, 0, 0, 0]","[2, 3, 5, 7, 11, 13, 17, 19]"
96440/59049,1.63321987,96440,59049,"[2, 3, 5, 2411]","[3, -10, 1, 0, 0, 0, 0, 0]","[2, 3, 5, 7, 11, 13, 17, 19]"
96521/59049,1.63459161,96521,59049,"[3, 263, 367]","[0, -10, 0, 0, 0, 0, 0, 0]","[2, 3, 5, 7, 11, 13, 17, 19]"
96589/19683,4.90722959,96589,19683,"[3, 96589]","[0, -9, 0, 0, 0, 0, 0, 0]","[2, 3, 5, 7, 11, 13, 17, 19]"
96604/59049,1.63599722,96604,59049,"[2, 3, 24151]","[2, -10, 0, 0, 0, 0, 0, 0]","[2, 3, 5, 7, 11, 13, 17, 19]"
96685/59049,1.63736896,96685,59049,"[3, 5, 61, 317]","[0, -10, 1, 0, 0, 0, 0, 0]","[2, 3, 5, 7, 11, 13, 17, 19]"
96721/19683,4.91393588,96721,19683,"[3, 311]","[0, -9, 0, 0, 0, 0, 0, 0]","[2, 3, 5, 7, 11, 13, 17, 19]"
96925/19683,4.92430016,96925,19683,"[3, 5, 3877]","[0, -9, 2, 0, 0, 0, 0, 0]","[2, 3, 5, 7, 11, 13, 17, 19]"
97000/59049,1.64270352,97000,59049,"[2, 3, 5, 97]","[3, -10, 3, 0, 0, 0, 0, 0]","[2, 3, 5, 7, 11, 13, 17, 19]"
97016/59049,1.64297448,97016,59049,"[2, 3, 67, 181]","[3, -10, 0, 0, 0, 0, 0, 0]","[2, 3, 5, 7, 11, 13, 17, 19]"
97036/59049,1.64331318,97036,59049,"[2, 3, 17, 1427]","[2, -10, 0, 0, 0, 0, 1, 0]","[2, 3, 5, 7, 11, 13, 17, 19]"
97052/59049,1.64358414,97052,59049,"[2, 3, 19, 1277]","[2, -10, 0, 0, 0, 0, 0, 1]","[2, 3, 5, 7, 11, 13, 17, 19]"
97097/59049,1.64434622,97097,59049,"[3, 7, 11, 13, 97]","[0, -10, 0, 1, 1, 1, 0, 0]","[2, 3, 5, 7, 11, 13, 17, 19]"
97133/59049,1.64495588,97133,59049,"[3, 137, 709]","[0, -10, 0, 0, 0, 0, 0, 0]","[2, 3, 5, 7, 11, 13, 17, 19]"
97357/19683,4.94624803,97357,19683,"[3, 13, 7489]","[0, -9, 0, 0, 0, 1, 0, 0]","[2, 3, 5, 7, 11, 13, 17, 19]"
97369/59049,1.64895256,97369,59049,"[3, 97369]","[0, -10, 0, 0, 0, 0, 0, 0]","[2, 3, 5, 7, 11, 13, 17, 19]"
97549/19683,4.95600264,97549,19683,"[3, 97549]","[0, -9, 0, 0, 0, 0, 0, 0]","[2, 3, 5, 7, 11, 13, 17, 19]"
97612/59049,1.65306779,97612,59049,"[2, 3, 23, 1061]","[2, -10, 0, 0, 0, 0, 0, 0]","[2, 3, 5, 7, 11, 13, 17, 19]"
97628/59049,1.65333875,97628,59049,"[2, 3, 24407]","[2, -10, 0, 0, 0, 0, 0, 0]","[2, 3, 5, 7, 11, 13, 17, 19]"
97693/19683,4.96331860,97693,19683,"[3, 211, 463]","[0, -9, 0, 0, 0, 0, 0, 0]","[2, 3, 5, 7, 11, 13, 17, 19]"
97709/59049,1.65471049,97709,59049,"[3, 199, 491]","[0, -10, 0, 0, 0, 0, 0, 0]","[2, 3, 5, 7, 11, 13, 17, 19]"
97981/19683,4.97795052,97981,19683,"[3, 13, 7537]","[0, -9, 0, 0, 0, 1, 0, 0]","[2, 3, 5, 7, 11, 13, 17, 19]"
97981/59049,1.65931684,97981,59049,"[3, 13, 7537]","[0, -10, 0, 0, 0, 1, 0, 0]","[2, 3, 5, 7, 11, 13, 17, 19]"
98024/59049,1.66004505,98024,59049,"[2, 3, 12253]","[3, -10, 0, 0, 0, 0, 0, 0]","[2, 3, 5, 7, 11, 13, 17, 19]"
98060/59049,1.66065471,98060,59049,"[2, 3, 5, 4903]","[2, -10, 1, 0, 0, 0, 0, 0]","[2, 3, 5, 7, 11, 13, 17, 19]"
98125/19683,4.98526647,98125,19683,"[3, 5, 157]","[0, -9, 4, 0, 0, 0, 0, 0]","[2, 3, 5, 7, 11, 13, 17, 19]"
98296/59049,1.66465139,98296,59049,"[2, 3, 11, 1117]","[3, -10, 0, 0, 1, 0, 0, 0]","[2, 3, 5, 7, 11, 13, 17, 19]"
98317/19683,4.99502108,98317,19683,"[3, 98317]","[0, -9, 0, 0, 0, 0, 0, 0]","[2, 3, 5, 7, 11, 13, 17, 19]"
98332/59049,1.66526105,98332,59049,"[2, 3, 13, 31, 61]","[2, -10, 0, 0, 0, 1, 0, 0]","[2, 3, 5, 7, 11, 13, 17, 19]"
98377/59049,1.66602313,98377,59049,"[3, 98377]","[0, -10, 0, 0, 0, 0, 0, 0]","[2, 3, 5, 7, 11, 13, 17, 19]"
98393/59049,1.66629409,98393,59049,"[3, 61, 1613]","[0, -10, 0, 0, 0, 0, 0, 0]","[2, 3, 5, 7, 11, 13, 17, 19]"
98413/59049,1.66663280,98413,59049,"[3, 7, 17, 827]","[0, -10, 0, 1, 0, 0, 1, 0]","[2, 3, 5, 7, 11, 13, 17, 19]"
98636/59049,1.67040932,98636,59049,"[2, 3, 24659]","[2, -10, 0, 0, 0, 0, 0, 0]","[2, 3, 5, 7, 11, 13, 17, 19]"
98749/19683,5.01696896,98749,19683,"[3, 7, 14107]","[0, -9, 0, 1, 0, 0, 0, 0]","[2, 3, 5, 7, 11, 13, 17, 19]"
98872/59049,1.67440600,98872,59049,"[2, 3, 17, 727]","[3, -10, 0, 0, 0, 0, 1, 0]","[2, 3, 5, 7, 11, 13, 17, 19]"
98908/59049,1.67501566,98908,59049,"[2, 3, 79, 313]","[2, -10, 0, 0, 0, 0, 0, 0]","[2, 3, 5, 7, 11, 13, 17, 19]"
98953/59049,1.67577774,98953,59049,"[3, 98953]","[0, -10, 0, 0, 0, 0, 0, 0]","[2, 3, 5, 7, 11, 13, 17, 19]"
98989/59049,1.67638741,98989,59049,"[3, 11, 8999]","[0, -10, 0, 0, 1, 0, 0, 0]","[2, 3, 5, 7, 11, 13, 17, 19]"
99005/59049,1.67665837,99005,59049,"[3, 5, 19801]","[0, -10, 1, 0, 0, 0, 0, 0]","[2, 3, 5, 7, 11, 13, 17, 19]"
99085/19683,5.03403953,99085,19683,"[3, 5, 7, 19, 149]","[0, -9, 1, 1, 0, 0, 0, 1]","[2, 3, 5, 7, 11, 13, 17, 19]"
99277/19683,5.04379414,99277,19683,"[3, 99277]","[0, -9, 0, 0, 0, 0, 0, 0]","[2, 3, 5, 7, 11, 13, 17, 19]"
99304/59049,1.68172196,99304,59049,"[2, 3, 12413]","[3, -10, 0, 0, 0, 0, 0, 0]","[2, 3, 5, 7, 11, 13, 17, 19]"
99320/59049,1.68199292,99320,59049,"[2, 3, 5, 13, 191]","[3, -10, 1, 0, 0, 1, 0, 0]","[2, 3, 5, 7, 11, 13, 17, 19]"
99356/59049,1.68260258,99356,59049,"[2, 3, 59, 421]","[2, -10, 0, 0, 0, 0, 0, 0]","[2, 3, 5, 7, 11, 13, 17, 19]"
99401/59049,1.68336466,99401,59049,"[3, 99401]","[0, -10, 0, 0, 0, 0, 0, 0]","[2, 3, 5, 7, 11, 13, 17, 19]"
99437/59049,1.68397433,99437,59049,"[3, 13, 7649]","[0, -10, 0, 0, 0, 1, 0, 0]","[2, 3, 5, 7, 11, 13, 17, 19]"
99517/19683,5.05598740,99517,19683,"[3, 11, 83, 109]","[0, -9, 0, 0, 1, 0, 0, 0]","[2, 3, 5, 7, 11, 13, 17, 19]"
99673/59049,1.68797101,99673,59049,"[3, 7, 29, 491]","[0, -10, 0, 1, 0, 0, 0, 0]","[2, 3, 5, 7, 11, 13, 17, 19]"
99709/19683,5.06574201,99709,19683,"[3, 99709]","[0, -9, 0, 0, 0, 0, 0, 0]","[2, 3, 5, 7, 11, 13, 17, 19]"
99853/19683,5.07305797,99853,19683,"[3, 13, 7681]","[0, -9, 0, 0, 0, 1, 0, 0]","[2, 3, 5, 7, 11, 13, 17, 19]"
99896/59049,1.69174753,99896,59049,"[2, 3, 12487]","[3, -10, 0, 0, 0, 0, 0, 0]","[2, 3, 5, 7, 11, 13, 17, 19]"
99916/59049,1.69208623,99916,59049,"[2, 3, 24979]","[2, -10, 0, 0, 0, 0, 0, 0]","[2, 3, 5, 7, 11, 13, 17, 19]"
99932/59049,1.69235719,99932,59049,"[2, 3, 7, 43, 83]","[2, -10, 0, 1, 0, 0, 0, 0]","[2, 3, 5, 7, 11, 13, 17, 19]"
99977/59049,1.69311927,99977,59049,"[3, 17, 5881]","[0, -10, 0, 0, 0, 0, 1, 0]","[2, 3, 5, 7, 11, 13, 17, 19]"
100013/59049,1.69372894,100013,59049,"[3, 103, 971]","[0, -10, 0, 0, 0, 0, 0, 0]","[2, 3, 5, 7, 11, 13, 17, 19]"
100045/19683,5.08281258,100045,19683,"[3, 5, 11, 17, 107]","[0, -9, 1, 0, 1, 0, 1, 0]","[2, 3, 5, 7, 11, 13, 17, 19]"
100249/59049,1.69772562,100249,59049,"[3, 17, 5897]","[0, -10, 0, 0, 0, 0, 1, 0]","[2, 3, 5, 7, 11, 13, 17, 19]"
100285/19683,5.09500584,100285,19683,"[3, 5, 31, 647]","[0, -9, 1, 0, 0, 0, 0, 0]","[2, 3, 5, 7, 11, 13, 17, 19]"
100285/59049,1.69833528,100285,59049,"[3, 5, 31, 647]","[0, -10, 1, 0, 0, 0, 0, 0]","[2, 3, 5, 7, 11, 13, 17, 19]"
100328/59049,1.69906349,100328,59049,"[2, 3, 12541]","[3, -10, 0, 0, 0, 0, 0, 0]","[2, 3, 5, 7, 11, 13, 17, 19]"
100477/19683,5.10476045,100477,19683,"[3, 13, 59, 131]","[0, -9, 0, 0, 0, 1, 0, 0]","[2, 3, 5, 7, 11, 13, 17, 19]"
100600/59049,1.70366983,100600,59049,"[2, 3, 5, 503]","[3, -10, 2, 0, 0, 0, 0, 0]","[2, 3, 5, 7, 11, 13, 17, 19]"
100681/59049,1.70504158,100681,59049,"[3, 7, 19, 757]","[0, -10, 0, 1, 0, 0, 0, 1]","[2, 3, 5, 7, 11, 13, 17, 19]"
100697/59049,1.70531254,100697,59049,"[3, 101, 997]","[0, -10, 0, 0, 0, 0, 0, 0]","[2, 3, 5, 7, 11, 13, 17, 19]"
100813/19683,5.12183102,100813,19683,"[3, 73, 1381]","[0, -9, 0, 0, 0, 0, 0, 0]","[2, 3, 5, 7, 11, 13, 17, 19]"
100940/59049,1.70942776,100940,59049,"[2, 3, 5, 7, 103]","[2, -10, 1, 2, 0, 0, 0, 0]","[2, 3, 5, 7, 11, 13, 17, 19]"
101176/59049,1.71342444,101176,59049,"[2, 3, 12647]","[3, -10, 0, 0, 0, 0, 0, 0]","[2, 3, 5, 7, 11, 13, 17, 19]"
101212/59049,1.71403411,101212,59049,"[2, 3, 25303]","[2, -10, 0, 0, 0, 0, 0, 0]","[2, 3, 5, 7, 11, 13, 17, 19]"
101245/19683,5.14377890,101245,19683,"[3, 5, 20249]","[0, -9, 1, 0, 0, 0, 0, 0]","[2, 3, 5, 7, 11, 13, 17, 19]"
101257/59049,1.71479619,101257,59049,"[3, 13, 7789]","[0, -10, 0, 0, 0, 1, 0, 0]","[2, 3, 5, 7, 11, 13, 17, 19]"
101273/59049,1.71506715,101273,59049,"[3, 101273]","[0, -10, 0, 0, 0, 0, 0, 0]","[2, 3, 5, 7, 11, 13, 17, 19]"
101293/59049,1.71540585,101293,59049,"[3, 101293]","[0, -10, 0, 0, 0, 0, 0, 0]","[2, 3, 5, 7, 11, 13, 17, 19]"
101309/59049,1.71567681,101309,59049,"[3, 13, 7793]","[0, -10, 0, 0, 0, 1, 0, 0]","[2, 3, 5, 7, 11, 13, 17, 19]"
101437/19683,5.15353351,101437,19683,"[3, 7, 43, 337]","[0, -9, 0, 1, 0, 0, 0, 0]","[2, 3, 5, 7, 11, 13, 17, 19]"
101581/19683,5.16084946,101581,19683,"[3, 101581]","[0, -9, 0, 0, 0, 0, 0, 0]","[2, 3, 5, 7, 11, 13, 17, 19]"
101624/59049,1.72101136,101624,59049,"[2, 3, 12703]","[3, -10, 0, 0, 0, 0, 0, 0]","[2, 3, 5, 7, 11, 13, 17, 19]"
101705/59049,1.72238311,101705,59049,"[3, 5, 20341]","[0, -10, 1, 0, 0, 0, 0, 0]","[2, 3, 5, 7, 11, 13, 17, 19]"
101788/59049,1.72378872,101788,59049,"[2, 3, 25447]","[2, -10, 0, 0, 0, 0, 0, 0]","[2, 3, 5, 7, 11, 13, 17, 19]"
101869/59049,1.72516046,101869,59049,"[3, 101869]","[0, -10, 0, 0, 0, 0, 0, 0]","[2, 3, 5, 7, 11, 13, 17, 19]"
101977/59049,1.72698945,101977,59049,"[3, 101977]","[0, -10, 0, 0, 0, 0, 0, 0]","[2, 3, 5, 7, 11, 13, 17, 19]"
102013/19683,5.18279734,102013,19683,"[3, 102013]","[0, -9, 0, 0, 0, 0, 0, 0]","[2, 3, 5, 7, 11, 13, 17, 19]"
102200/59049,1.73076597,102200,59049,"[2, 3, 5, 7, 73]","[3, -10, 2, 1, 0, 0, 0, 0]","[2, 3, 5, 7, 11, 13, 17, 19]"
102205/19683,5.19255195,102205,19683,"[3, 5, 20441]","[0, -9, 1, 0, 0, 0, 0, 0]","[2, 3, 5, 7, 11, 13, 17, 19]"
102220/59049,1.73110468,102220,59049,"[2, 3, 5, 19, 269]","[2, -10, 1, 0, 0, 0, 0, 1]","[2, 3, 5, 7, 11, 13, 17, 19]"
102236/59049,1.73137564,102236,59049,"[2, 3, 61, 419]","[2, -10, 0, 0, 0, 0, 0, 0]","[2, 3, 5, 7, 11, 13, 17, 19]"
102281/59049,1.73213772,102281,59049,"[3, 23, 4447]","[0, -10, 0, 0, 0, 0, 0, 0]","[2, 3, 5, 7, 11, 13, 17, 19]"
102317/59049,1.73274738,102317,59049,"[3, 102317]","[0, -10, 0, 0, 0, 0, 0, 0]","[2, 3, 5, 7, 11, 13, 17, 19]"
102553/59049,1.73674406,102553,59049,"[3, 11, 9323]","[0, -10, 0, 0, 1, 0, 0, 0]","[2, 3, 5, 7, 11, 13, 17, 19]"
102589/59049,1.73735372,102589,59049,"[3, 173, 593]","[0, -10, 0, 0, 0, 0, 0, 0]","[2, 3, 5, 7, 11, 13, 17, 19]"
102812/59049,1.74113025,102812,59049,"[2, 3, 25703]","[2, -10, 0, 0, 0, 0, 0, 0]","[2, 3, 5, 7, 11, 13, 17, 19]"
102893/59049,1.74250199,102893,59049,"[3, 7, 14699]","[0, -10, 0, 1, 0, 0, 0, 0]","[2, 3, 5, 7, 11, 13, 17, 19]"
102973/19683,5.23157039,102973,19683,"[3, 13, 89]","[0, -9, 0, 0, 0, 1, 0, 0]","[2, 3, 5, 7, 11, 13, 17, 19]"
103001/59049,1.74433098,103001,59049,"[3, 103001]","[0, -10, 0, 0, 0, 0, 0, 0]","[2, 3, 5, 7, 11, 13, 17, 19]"
103084/59049,1.74573659,103084,59049,"[2, 3, 25771]","[2, -10, 0, 0, 0, 0, 0, 0]","[2, 3, 5, 7, 11, 13, 17, 19]"
103165/19683,5.24132500,103165,19683,"[3, 5, 47, 439]","[0, -9, 1, 0, 0, 0, 0, 0]","[2, 3, 5, 7, 11, 13, 17, 19]"
103165/59049,1.74710833,103165,59049,"[3, 5, 47, 439]","[0, -10, 1, 0, 0, 0, 0, 0]","[2, 3, 5, 7, 11, 13, 17, 19]"
103244/59049,1.74844621,103244,59049,"[2, 3, 53, 487]","[2, -10, 0, 0, 0, 0, 0, 0]","[2, 3, 5, 7, 11, 13, 17, 19]"
103480/59049,1.75244289,103480,59049,"[2, 3, 5, 13, 199]","[3, -10, 1, 0, 0, 1, 0, 0]","[2, 3, 5, 7, 11, 13, 17, 19]"
103516/59049,1.75305255,103516,59049,"[2, 3, 7, 3697]","[2, -10, 0, 1, 0, 0, 0, 0]","[2, 3, 5, 7, 11, 13, 17, 19]"
103561/59049,1.75381463,103561,59049,"[3, 103561]","[0, -10, 0, 0, 0, 0, 0, 0]","[2, 3, 5, 7, 11, 13, 17, 19]"
103577/59049,1.75408559,103577,59049,"[3, 103577]","[0, -10, 0, 0, 0, 0, 0, 0]","[2, 3, 5, 7, 11, 13, 17, 19]"
103597/59049,1.75442429,103597,59049,"[3, 13, 613]","[0, -10, 0, 0, 0, 2, 0, 0]","[2, 3, 5, 7, 11, 13, 17, 19]"
103613/59049,1.75469525,103613,59049,"[3, 103613]","[0, -10, 0, 0, 0, 0, 0, 0]","[2, 3, 5, 7, 11, 13, 17, 19]"
103741/19683,5.27058883,103741,19683,"[3, 11, 9431]","[0, -9, 0, 0, 1, 0, 0, 0]","[2, 3, 5, 7, 11, 13, 17, 19]"
103933/19683,5.28034344,103933,19683,"[3, 37, 53]","[0, -9, 0, 0, 0, 0, 0, 0]","[2, 3, 5, 7, 11, 13, 17, 19]"
104056/59049,1.76219750,104056,59049,"[2, 3, 13007]","[3, -10, 0, 0, 0, 0, 0, 0]","[2, 3, 5, 7, 11, 13, 17, 19]"
104092/59049,1.76280716,104092,59049,"[2, 3, 53, 491]","[2, -10, 0, 0, 0, 0, 0, 0]","[2, 3, 5, 7, 11, 13, 17, 19]"
104108/59049,1.76307812,104108,59049,"[2, 3, 17, 1531]","[2, -10, 0, 0, 0, 0, 1, 0]","[2, 3, 5, 7, 11, 13, 17, 19]"
104173/59049,1.76417890,104173,59049,"[3, 104173]","[0, -10, 0, 0, 0, 0, 0, 0]","[2, 3, 5, 7, 11, 13, 17, 19]"
104189/59049,1.76444986,104189,59049,"[3, 43, 2423]","[0, -10, 0, 0, 0, 0, 0, 0]","[2, 3, 5, 7, 11, 13, 17, 19]"
104504/59049,1.76978442,104504,59049,"[2, 3, 13063]","[3, -10, 0, 0, 0, 0, 0, 0]","[2, 3, 5, 7, 11, 13, 17, 19]"
104540/59049,1.77039408,104540,59049,"[2, 3, 5, 5227]","[2, -10, 1, 0, 0, 0, 0, 0]","[2, 3, 5, 7, 11, 13, 17, 19]"
104585/59049,1.77115616,104585,59049,"[3, 5, 13, 1609]","[0, -10, 1, 0, 0, 1, 0, 0]","[2, 3, 5, 7, 11, 13, 17, 19]"
104621/59049,1.77176582,104621,59049,"[3, 11, 9511]","[0, -10, 0, 0, 1, 0, 0, 0]","[2, 3, 5, 7, 11, 13, 17, 19]"
104701/19683,5.31936189,104701,19683,"[3, 104701]","[0, -9, 0, 0, 0, 0, 0, 0]","[2, 3, 5, 7, 11, 13, 17, 19]"
104857/59049,1.77576250,104857,59049,"[3, 23, 47, 97]","[0, -10, 0, 0, 0, 0, 0, 0]","[2, 3, 5, 7, 11, 13, 17, 19]"
104893/59049,1.77637217,104893,59049,"[3, 29, 3617]","[0, -10, 0, 0, 0, 0, 0, 0]","[2, 3, 5, 7, 11, 13, 17, 19]"
105080/59049,1.77953903,105080,59049,"[2, 3, 5, 37, 71]","[3, -10, 1, 0, 0, 0, 0, 0]","[2, 3, 5, 7, 11, 13, 17, 19]"
105116/59049,1.78014869,105116,59049,"[2, 3, 11, 2389]","[2, -10, 0, 0, 1, 0, 0, 0]","[2, 3, 5, 7, 11, 13, 17, 19]"
105197/59049,1.78152043,105197,59049,"[3, 59, 1783]","[0, -10, 0, 0, 0, 0, 0, 0]","[2, 3, 5, 7, 11, 13, 17, 19]"
105388/59049,1.78475503,105388,59049,"[2, 3, 26347]","[2, -10, 0, 0, 0, 0, 0, 0]","[2, 3, 5, 7, 11, 13, 17, 19]"
105433/59049,1.78551711,105433,59049,"[3, 59, 1787]","[0, -10, 0, 0, 0, 0, 0, 0]","[2, 3, 5, 7, 11, 13, 17, 19]"
105469/19683,5.35838033,105469,19683,"[3, 7, 13, 19, 61]","[0, -9, 0, 1, 0, 1, 0, 1]","[2, 3, 5, 7, 11, 13, 17, 19]"
105469/59049,1.78612678,105469,59049,"[3, 7, 13, 19, 61]","[0, -10, 0, 1, 0, 1, 0, 1]","[2, 3, 5, 7, 11, 13, 17, 19]"
105784/59049,1.79146133,105784,59049,"[2, 3, 7, 1889]","[3, -10, 0, 1, 0, 0, 0, 0]","[2, 3, 5, 7, 11, 13, 17, 19]"
105865/59049,1.79283307,105865,59049,"[3, 5, 31, 683]","[0, -10, 1, 0, 0, 0, 0, 0]","[2, 3, 5, 7, 11, 13, 17, 19]"
105881/59049,1.79310403,105881,59049,"[3, 113, 937]","[0, -10, 0, 0, 0, 0, 0, 0]","[2, 3, 5, 7, 11, 13, 17, 19]"
105917/59049,1.79371370,105917,59049,"[3, 7, 15131]","[0, -10, 0, 1, 0, 0, 0, 0]","[2, 3, 5, 7, 11, 13, 17, 19]"
106360/59049,1.80121594,106360,59049,"[2, 3, 5, 2659]","[3, -10, 1, 0, 0, 0, 0, 0]","[2, 3, 5, 7, 11, 13, 17, 19]"
106396/59049,1.80182560,106396,59049,"[2, 3, 67, 397]","[2, -10, 0, 0, 0, 0, 0, 0]","[2, 3, 5, 7, 11, 13, 17, 19]"
106412/59049,1.80209656,106412,59049,"[2, 3, 37, 719]","[2, -10, 0, 0, 0, 0, 0, 0]","[2, 3, 5, 7, 11, 13, 17, 19]"
106457/59049,1.80285864,106457,59049,"[3, 13, 19, 431]","[0, -10, 0, 0, 0, 1, 0, 1]","[2, 3, 5, 7, 11, 13, 17, 19]"
106477/59049,1.80319734,106477,59049,"[3, 7, 41, 53]","[0, -10, 0, 2, 0, 0, 0, 0]","[2, 3, 5, 7, 11, 13, 17, 19]"
106493/59049,1.80346831,106493,59049,"[3, 109, 977]","[0, -10, 0, 0, 0, 0, 0, 0]","[2, 3, 5, 7, 11, 13, 17, 19]"
106808/59049,1.80880286,106808,59049,"[2, 3, 13, 79]","[3, -10, 0, 0, 0, 2, 0, 0]","[2, 3, 5, 7, 11, 13, 17, 19]"
106889/59049,1.81017460,106889,59049,"[3, 89, 1201]","[0, -10, 0, 0, 0, 0, 0, 0]","[2, 3, 5, 7, 11, 13, 17, 19]"
106972/59049,1.81158021,106972,59049,"[2, 3, 47, 569]","[2, -10, 0, 0, 0, 0, 0, 0]","[2, 3, 5, 7, 11, 13, 17, 19]"
107161/59049,1.81478094,107161,59049,"[3, 101, 1061]","[0, -10, 0, 0, 0, 0, 0, 0]","[2, 3, 5, 7, 11, 13, 17, 19]"
107384/59049,1.81855747,107384,59049,"[2, 3, 31, 433]","[3, -10, 0, 0, 0, 0, 0, 0]","[2, 3, 5, 7, 11, 13, 17, 19]"
107420/59049,1.81916713,107420,59049,"[2, 3, 5, 41, 131]","[2, -10, 1, 0, 0, 0, 0, 0]","[2, 3, 5, 7, 11, 13, 17, 19]"
107501/59049,1.82053887,107501,59049,"[3, 193, 557]","[0, -10, 0, 0, 0, 0, 0, 0]","[2, 3, 5, 7, 11, 13, 17, 19]"
107692/59049,1.82377348,107692,59049,"[2, 3, 13, 19, 109]","[2, -10, 0, 0, 0, 1, 0, 1]","[2, 3, 5, 7, 11, 13, 17, 19]"
107737/59049,1.82453556,107737,59049,"[3, 7, 15391]","[0, -10, 0, 1, 0, 0, 0, 0]","[2, 3, 5, 7, 11, 13, 17, 19]"
107773/59049,1.82514522,107773,59049,"[3, 107773]","[0, -10, 0, 0, 0, 0, 0, 0]","[2, 3, 5, 7, 11, 13, 17, 19]"
107996/59049,1.82892174,107996,59049,"[2, 3, 7, 19, 29]","[2, -10, 0, 2, 0, 0, 0, 1]","[2, 3, 5, 7, 11, 13, 17, 19]"
108185/59049,1.83212247,108185,59049,"[3, 5, 7, 11, 281]","[0, -10, 1, 1, 1, 0, 0, 0]","[2, 3, 5, 7, 11, 13, 17, 19]"
108268/59049,1.83352809,108268,59049,"[2, 3, 27067]","[2, -10, 0, 0, 0, 0, 0, 0]","[2, 3, 5, 7, 11, 13, 17, 19]"
108349/59049,1.83489983,108349,59049,"[3, 97, 1117]","[0, -10, 0, 0, 0, 0, 0, 0]","[2, 3, 5, 7, 11, 13, 17, 19]"
108664/59049,1.84023438,108664,59049,"[2, 3, 17, 47]","[3, -10, 0, 0, 0, 0, 2, 0]","[2, 3, 5, 7, 11, 13, 17, 19]"
108700/59049,1.84084404,108700,59049,"[2, 3, 5, 1087]","[2, -10, 2, 0, 0, 0, 0, 0]","[2, 3, 5, 7, 11, 13, 17, 19]"
108716/59049,1.84111501,108716,59049,"[2, 3, 27179]","[2, -10, 0, 0, 0, 0, 0, 0]","[2, 3, 5, 7, 11, 13, 17, 19]"
108761/59049,1.84187709,108761,59049,"[3, 108761]","[0, -10, 0, 0, 0, 0, 0, 0]","[2, 3, 5, 7, 11, 13, 17, 19]"
108781/59049,1.84221579,108781,59049,"[3, 181, 601]","[0, -10, 0, 0, 0, 0, 0, 0]","[2, 3, 5, 7, 11, 13, 17, 19]"
108797/59049,1.84248675,108797,59049,"[3, 13, 8369]","[0, -10, 0, 0, 0, 1, 0, 0]","[2, 3, 5, 7, 11, 13, 17, 19]"
109276/59049,1.85059866,109276,59049,"[2, 3, 17, 1607]","[2, -10, 0, 0, 0, 0, 1, 0]","[2, 3, 5, 7, 11, 13, 17, 19]"
109292/59049,1.85086962,109292,59049,"[2, 3, 89, 307]","[2, -10, 0, 0, 0, 0, 0, 0]","[2, 3, 5, 7, 11, 13, 17, 19]"
109373/59049,1.85224136,109373,59049,"[3, 11, 61, 163]","[0, -10, 0, 0, 1, 0, 0, 0]","[2, 3, 5, 7, 11, 13, 17, 19]"
109645/59049,1.85684770,109645,59049,"[3, 5, 21929]","[0, -10, 1, 0, 0, 0, 0, 0]","[2, 3, 5, 7, 11, 13, 17, 19]"
109688/59049,1.85757591,109688,59049,"[2, 3, 13711]","[3, -10, 0, 0, 0, 0, 0, 0]","[2, 3, 5, 7, 11, 13, 17, 19]"
109724/59049,1.85818557,109724,59049,"[2, 3, 27431]","[2, -10, 0, 0, 0, 0, 0, 0]","[2, 3, 5, 7, 11, 13, 17, 19]"
109805/59049,1.85955732,109805,59049,"[3, 5, 21961]","[0, -10, 1, 0, 0, 0, 0, 0]","[2, 3, 5, 7, 11, 13, 17, 19]"
109996/59049,1.86279192,109996,59049,"[2, 3, 107, 257]","[2, -10, 0, 0, 0, 0, 0, 0]","[2, 3, 5, 7, 11, 13, 17, 19]"
110041/59049,1.86355400,110041,59049,"[3, 17, 6473]","[0, -10, 0, 0, 0, 0, 1, 0]","[2, 3, 5, 7, 11, 13, 17, 19]"
110077/59049,1.86416366,110077,59049,"[3, 11, 10007]","[0, -10, 0, 0, 1, 0, 0, 0]","[2, 3, 5, 7, 11, 13, 17, 19]"
110300/59049,1.86794019,110300,59049,"[2, 3, 5, 1103]","[2, -10, 2, 0, 0, 0, 0, 0]","[2, 3, 5, 7, 11, 13, 17, 19]"
110572/59049,1.87254653,110572,59049,"[2, 3, 7, 11, 359]","[2, -10, 0, 1, 1, 0, 0, 0]","[2, 3, 5, 7, 11, 13, 17, 19]"
110617/59049,1.87330861,110617,59049,"[3, 13, 67, 127]","[0, -10, 0, 0, 0, 1, 0, 0]","[2, 3, 5, 7, 11, 13, 17, 19]"
110653/59049,1.87391827,110653,59049,"[3, 17, 23, 283]","[0, -10, 0, 0, 0, 0, 1, 0]","[2, 3, 5, 7, 11, 13, 17, 19]"
110669/59049,1.87418923,110669,59049,"[3, 13, 8513]","[0, -10, 0, 0, 0, 1, 0, 0]","[2, 3, 5, 7, 11, 13, 17, 19]"
110968/59049,1.87925282,110968,59049,"[2, 3, 11, 13, 97]","[3, -10, 0, 0, 1, 1, 0, 0]","[2, 3, 5, 7, 11, 13, 17, 19]"
111020/59049,1.88013345,111020,59049,"[2, 3, 5, 7, 13, 61]","[2, -10, 1, 1, 0, 1, 0, 0]","[2, 3, 5, 7, 11, 13, 17, 19]"
111065/59049,1.88089553,111065,59049,"[3, 5, 97, 229]","[0, -10, 1, 0, 0, 0, 0, 0]","[2, 3, 5, 7, 11, 13, 17, 19]"
111101/59049,1.88150519,111101,59049,"[3, 241, 461]","[0, -10, 0, 0, 0, 0, 0, 0]","[2, 3, 5, 7, 11, 13, 17, 19]"
111580/59049,1.88961710,111580,59049,"[2, 3, 5, 7, 797]","[2, -10, 1, 1, 0, 0, 0, 0]","[2, 3, 5, 7, 11, 13, 17, 19]"
111596/59049,1.88988806,111596,59049,"[2, 3, 23, 1213]","[2, -10, 0, 0, 0, 0, 0, 0]","[2, 3, 5, 7, 11, 13, 17, 19]"
111641/59049,1.89065014,111641,59049,"[3, 111641]","[0, -10, 0, 0, 0, 0, 0, 0]","[2, 3, 5, 7, 11, 13, 17, 19]"
111677/59049,1.89125980,111677,59049,"[3, 181, 617]","[0, -10, 0, 0, 0, 0, 0, 0]","[2, 3, 5, 7, 11, 13, 17, 19]"
111949/59049,1.89586615,111949,59049,"[3, 111949]","[0, -10, 0, 0, 0, 0, 0, 0]","[2, 3, 5, 7, 11, 13, 17, 19]"
111992/59049,1.89659435,111992,59049,"[2, 3, 13999]","[3, -10, 0, 0, 0, 0, 0, 0]","[2, 3, 5, 7, 11, 13, 17, 19]"
112345/59049,1.90257244,112345,59049,"[3, 5, 22469]","[0, -10, 1, 0, 0, 0, 0, 0]","[2, 3, 5, 7, 11, 13, 17, 19]"
112561/59049,1.90623042,112561,59049,"[3, 31, 3631]","[0, -10, 0, 0, 0, 0, 0, 0]","[2, 3, 5, 7, 11, 13, 17, 19]"
112604/59049,1.90695863,112604,59049,"[2, 3, 28151]","[2, -10, 0, 0, 0, 0, 0, 0]","[2, 3, 5, 7, 11, 13, 17, 19]"
112876/59049,1.91156497,112876,59049,"[2, 3, 28219]","[2, -10, 0, 0, 0, 0, 0, 0]","[2, 3, 5, 7, 11, 13, 17, 19]"
112921/59049,1.91232705,112921,59049,"[3, 112921]","[0, -10, 0, 0, 0, 0, 0, 0]","[2, 3, 5, 7, 11, 13, 17, 19]"
112957/59049,1.91293671,112957,59049,"[3, 13, 8689]","[0, -10, 0, 0, 0, 1, 0, 0]","[2, 3, 5, 7, 11, 13, 17, 19]"
112973/59049,1.91320767,112973,59049,"[3, 7, 16139]","[0, -10, 0, 1, 0, 0, 0, 0]","[2, 3, 5, 7, 11, 13, 17, 19]"
113369/59049,1.91991397,113369,59049,"[3, 73, 1553]","[0, -10, 0, 0, 0, 0, 0, 0]","[2, 3, 5, 7, 11, 13, 17, 19]"
113452/59049,1.92131958,113452,59049,"[2, 3, 113, 251]","[2, -10, 0, 0, 0, 0, 0, 0]","[2, 3, 5, 7, 11, 13, 17, 19]"
113533/59049,1.92269132,113533,59049,"[3, 7, 331]","[0, -10, 0, 3, 0, 0, 0, 0]","[2, 3, 5, 7, 11, 13, 17, 19]"
113585/59049,1.92357195,113585,59049,"[3, 5, 22717]","[0, -10, 1, 0, 0, 0, 0, 0]","[2, 3, 5, 7, 11, 13, 17, 19]"
113884/59049,1.92863554,113884,59049,"[2, 3, 71, 401]","[2, -10, 0, 0, 0, 0, 0, 0]","[2, 3, 5, 7, 11, 13, 17, 19]"
113900/59049,1.92890650,113900,59049,"[2, 3, 5, 17, 67]","[2, -10, 2, 0, 0, 0, 1, 0]","[2, 3, 5, 7, 11, 13, 17, 19]"
113945/59049,1.92966858,113945,59049,"[3, 5, 13, 1753]","[0, -10, 1, 0, 0, 1, 0, 0]","[2, 3, 5, 7, 11, 13, 17, 19]"
113981/59049,1.93027824,113981,59049,"[3, 7, 19, 857]","[0, -10, 0, 1, 0, 0, 0, 1]","[2, 3, 5, 7, 11, 13, 17, 19]"
114253/59049,1.93488459,114253,59049,"[3, 61, 1873]","[0, -10, 0, 0, 0, 0, 0, 0]","[2, 3, 5, 7, 11, 13, 17, 19]"
114476/59049,1.93866111,114476,59049,"[2, 3, 28619]","[2, -10, 0, 0, 0, 0, 0, 0]","[2, 3, 5, 7, 11, 13, 17, 19]"
114557/59049,1.94003285,114557,59049,"[3, 97, 1181]","[0, -10, 0, 0, 0, 0, 0, 0]","[2, 3, 5, 7, 11, 13, 17, 19]"
114748/59049,1.94326746,114748,59049,"[2, 3, 28687]","[2, -10, 0, 0, 0, 0, 0, 0]","[2, 3, 5, 7, 11, 13, 17, 19]"
114829/59049,1.94463920,114829,59049,"[3, 11, 13, 73]","[0, -10, 0, 0, 2, 1, 0, 0]","[2, 3, 5, 7, 11, 13, 17, 19]"
114865/59049,1.94524886,114865,59049,"[3, 5, 22973]","[0, -10, 1, 0, 0, 0, 0, 0]","[2, 3, 5, 7, 11, 13, 17, 19]"
114908/59049,1.94597707,114908,59049,"[2, 3, 23, 1249]","[2, -10, 0, 0, 0, 0, 0, 0]","[2, 3, 5, 7, 11, 13, 17, 19]"
115180/59049,1.95058341,115180,59049,"[2, 3, 5, 13, 443]","[2, -10, 1, 0, 0, 1, 0, 0]","[2, 3, 5, 7, 11, 13, 17, 19]"
115225/59049,1.95134549,115225,59049,"[3, 5, 11, 419]","[0, -10, 2, 0, 1, 0, 0, 0]","[2, 3, 5, 7, 11, 13, 17, 19]"
115261/59049,1.95195516,115261,59049,"[3, 79, 1459]","[0, -10, 0, 0, 0, 0, 0, 0]","[2, 3, 5, 7, 11, 13, 17, 19]"
115277/59049,1.95222612,115277,59049,"[3, 17, 6781]","[0, -10, 0, 0, 0, 0, 1, 0]","[2, 3, 5, 7, 11, 13, 17, 19]"
115756/59049,1.96033802,115756,59049,"[2, 3, 43, 673]","[2, -10, 0, 0, 0, 0, 0, 0]","[2, 3, 5, 7, 11, 13, 17, 19]"
115772/59049,1.96060899,115772,59049,"[2, 3, 103, 281]","[2, -10, 0, 0, 0, 0, 0, 0]","[2, 3, 5, 7, 11, 13, 17, 19]"
115837/59049,1.96170977,115837,59049,"[3, 115837]","[0, -10, 0, 0, 0, 0, 0, 0]","[2, 3, 5, 7, 11, 13, 17, 19]"
115853/59049,1.96198073,115853,59049,"[3, 115853]","[0, -10, 0, 0, 0, 0, 0, 0]","[2, 3, 5, 7, 11, 13, 17, 19]"
115889/59049,1.96259039,115889,59049,"[3, 17, 401]","[0, -10, 0, 0, 0, 0, 2, 0]","[2, 3, 5, 7, 11, 13, 17, 19]"
116204/59049,1.96792494,116204,59049,"[2, 3, 11, 19, 139]","[2, -10, 0, 0, 1, 0, 0, 1]","[2, 3, 5, 7, 11, 13, 17, 19]"
116249/59049,1.96868702,116249,59049,"[3, 7, 16607]","[0, -10, 0, 1, 0, 0, 0, 0]","[2, 3, 5, 7, 11, 13, 17, 19]"
116285/59049,1.96929669,116285,59049,"[3, 5, 13, 1789]","[0, -10, 1, 0, 0, 1, 0, 0]","[2, 3, 5, 7, 11, 13, 17, 19]"
116557/59049,1.97390303,116557,59049,"[3, 7, 16651]","[0, -10, 0, 1, 0, 0, 0, 0]","[2, 3, 5, 7, 11, 13, 17, 19]"
116780/59049,1.97767955,116780,59049,"[2, 3, 5, 5839]","[2, -10, 1, 0, 0, 0, 0, 0]","[2, 3, 5, 7, 11, 13, 17, 19]"
116861/59049,1.97905130,116861,59049,"[3, 137, 853]","[0, -10, 0, 0, 0, 0, 0, 0]","[2, 3, 5, 7, 11, 13, 17, 19]"
117052/59049,1.98228590,117052,59049,"[2, 3, 13, 2251]","[2, -10, 0, 0, 0, 1, 0, 0]","[2, 3, 5, 7, 11, 13, 17, 19]"
117133/59049,1.98365764,117133,59049,"[3, 117133]","[0, -10, 0, 0, 0, 0, 0, 0]","[2, 3, 5, 7, 11, 13, 17, 19]"
117169/59049,1.98426730,117169,59049,"[3, 13, 9013]","[0, -10, 0, 0, 0, 1, 0, 0]","[2, 3, 5, 7, 11, 13, 17, 19]"
117529/59049,1.99036394,117529,59049,"[3, 117529]","[0, -10, 0, 0, 0, 0, 0, 0]","[2, 3, 5, 7, 11, 13, 17, 19]"
117581/59049,1.99124456,117581,59049,"[3, 307, 383]","[0, -10, 0, 0, 0, 0, 0, 0]","[2, 3, 5, 7, 11, 13, 17, 19]"
117745/59049,1.99402191,117745,59049,"[3, 5, 23549]","[0, -10, 1, 0, 0, 0, 0, 0]","[2, 3, 5, 7, 11, 13, 17, 19]"
118060/59049,1.99935647,118060,59049,"[2, 3, 5, 5903]","[2, -10, 1, 0, 0, 0, 0, 0]","[2, 3, 5, 7, 11, 13, 17, 19]"
118076/59049,1.99962743,118076,59049,"[2, 3, 7, 4217]","[2, -10, 0, 1, 0, 0, 0, 0]","[2, 3, 5, 7, 11, 13, 17, 19]"
118141/59049,2.00072821,118141,59049,"[3, 31, 37, 103]","[0, -10, 0, 0, 0, 0, 0, 0]","[2, 3, 5, 7, 11, 13, 17, 19]"
118157/59049,2.00099917,118157,59049,"[3, 13, 61, 149]","[0, -10, 0, 0, 0, 1, 0, 0]","[2, 3, 5, 7, 11, 13, 17, 19]"
118193/59049,2.00160883,118193,59049,"[3, 181, 653]","[0, -10, 0, 0, 0, 0, 0, 0]","[2, 3, 5, 7, 11, 13, 17, 19]"
118553/59049,2.00770546,118553,59049,"[3, 103, 1151]","[0, -10, 0, 0, 0, 0, 0, 0]","[2, 3, 5, 7, 11, 13, 17, 19]"
118636/59049,2.00911108,118636,59049,"[2, 3, 7, 19, 223]","[2, -10, 0, 1, 0, 0, 0, 1]","[2, 3, 5, 7, 11, 13, 17, 19]"
118769/59049,2.01136344,118769,59049,"[3, 7, 19, 47]","[0, -10, 0, 1, 0, 0, 0, 2]","[2, 3, 5, 7, 11, 13, 17, 19]"
119084/59049,2.01669800,119084,59049,"[2, 3, 7, 4253]","[2, -10, 0, 1, 0, 0, 0, 0]","[2, 3, 5, 7, 11, 13, 17, 19]"
119122/59049,2.01734153,119122,59049,"[2, 3, 59561]","[1, -10, 0, 0, 0, 0, 0, 0]","[2, 3, 5, 7, 11, 13, 17, 19]"
119165/59049,2.01806974,119165,59049,"[3, 5, 23833]","[0, -10, 1, 0, 0, 0, 0, 0]","[2, 3, 5, 7, 11, 13, 17, 19]"
119356/59049,2.02130434,119356,59049,"[2, 3, 53, 563]","[2, -10, 0, 0, 0, 0, 0, 0]","[2, 3, 5, 7, 11, 13, 17, 19]"
119437/59049,2.02267608,119437,59049,"[3, 83, 1439]","[0, -10, 0, 0, 0, 0, 0, 0]","[2, 3, 5, 7, 11, 13, 17, 19]"
119473/59049,2.02328575,119473,59049,"[3, 37, 3229]","[0, -10, 0, 0, 0, 0, 0, 0]","[2, 3, 5, 7, 11, 13, 17, 19]"
119660/59049,2.02645261,119660,59049,"[2, 3, 5, 31, 193]","[2, -10, 1, 0, 0, 0, 0, 0]","[2, 3, 5, 7, 11, 13, 17, 19]"
119932/59049,2.03105895,119932,59049,"[2, 3, 29983]","[2, -10, 0, 0, 0, 0, 0, 0]","[2, 3, 5, 7, 11, 13, 17, 19]"
120013/59049,2.03243069,120013,59049,"[3, 43, 2791]","[0, -10, 0, 0, 0, 0, 0, 0]","[2, 3, 5, 7, 11, 13, 17, 19]"
120049/59049,2.03304036,120049,59049,"[3, 120049]","[0, -10, 0, 0, 0, 0, 0, 0]","[2, 3, 5, 7, 11, 13, 17, 19]"
120146/59049,2.03468306,120146,59049,"[2, 3, 13, 4621]","[1, -10, 0, 0, 0, 1, 0, 0]","[2, 3, 5, 7, 11, 13, 17, 19]"
120364/59049,2.03837491,120364,59049,"[2, 3, 30091]","[2, -10, 0, 0, 0, 0, 0, 0]","[2, 3, 5, 7, 11, 13, 17, 19]"
120380/59049,2.03864587,120380,59049,"[2, 3, 5, 13, 463]","[2, -10, 1, 0, 0, 1, 0, 0]","[2, 3, 5, 7, 11, 13, 17, 19]"
120445/59049,2.03974665,120445,59049,"[3, 5, 13, 17, 109]","[0, -10, 1, 0, 0, 1, 1, 0]","[2, 3, 5, 7, 11, 13, 17, 19]"
120461/59049,2.04001761,120461,59049,"[3, 11, 47, 233]","[0, -10, 0, 0, 1, 0, 0, 0]","[2, 3, 5, 7, 11, 13, 17, 19]"
120497/59049,2.04062728,120497,59049,"[3, 13, 23, 31]","[0, -10, 0, 0, 0, 2, 0, 0]","[2, 3, 5, 7, 11, 13, 17, 19]"
120940/59049,2.04812952,120940,59049,"[2, 3, 5, 6047]","[2, -10, 1, 0, 0, 0, 0, 0]","[2, 3, 5, 7, 11, 13, 17, 19]"
120956/59049,2.04840048,120956,59049,"[2, 3, 11, 2749]","[2, -10, 0, 0, 1, 0, 0, 0]","[2, 3, 5, 7, 11, 13, 17, 19]"
121037/59049,2.04977222,121037,59049,"[3, 7, 17291]","[0, -10, 0, 1, 0, 0, 0, 0]","[2, 3, 5, 7, 11, 13, 17, 19]"
121073/59049,2.05038189,121073,59049,"[3, 41, 2953]","[0, -10, 0, 0, 0, 0, 0, 0]","[2, 3, 5, 7, 11, 13, 17, 19]"
121309/59049,2.05437857,121309,59049,"[3, 121309]","[0, -10, 0, 0, 0, 0, 0, 0]","[2, 3, 5, 7, 11, 13, 17, 19]"
121388/59049,2.05571644,121388,59049,"[2, 3, 30347]","[2, -10, 0, 0, 0, 0, 0, 0]","[2, 3, 5, 7, 11, 13, 17, 19]"
121426/59049,2.05635997,121426,59049,"[2, 3, 109, 557]","[1, -10, 0, 0, 0, 0, 0, 0]","[2, 3, 5, 7, 11, 13, 17, 19]"
121469/59049,2.05708818,121469,59049,"[3, 121469]","[0, -10, 0, 0, 0, 0, 0, 0]","[2, 3, 5, 7, 11, 13, 17, 19]"
121660/59049,2.06032278,121660,59049,"[2, 3, 5, 7, 11, 79]","[2, -10, 1, 1, 1, 0, 0, 0]","[2, 3, 5, 7, 11, 13, 17, 19]"
121741/59049,2.06169452,121741,59049,"[3, 53, 2297]","[0, -10, 0, 0, 0, 0, 0, 0]","[2, 3, 5, 7, 11, 13, 17, 19]"
121964/59049,2.06547105,121964,59049,"[2, 3, 30491]","[2, -10, 0, 0, 0, 0, 0, 0]","[2, 3, 5, 7, 11, 13, 17, 19]"
122236/59049,2.07007739,122236,59049,"[2, 3, 30559]","[2, -10, 0, 0, 0, 0, 0, 0]","[2, 3, 5, 7, 11, 13, 17, 19]"
122317/59049,2.07144914,122317,59049,"[3, 13, 97]","[0, -10, 0, 0, 0, 1, 0, 0]","[2, 3, 5, 7, 11, 13, 17, 19]"
122333/59049,2.07172010,122333,59049,"[3, 71, 1723]","[0, -10, 0, 0, 0, 0, 0, 0]","[2, 3, 5, 7, 11, 13, 17, 19]"
122353/59049,2.07205880,122353,59049,"[3, 7, 11, 227]","[0, -10, 0, 2, 1, 0, 0, 0]","[2, 3, 5, 7, 11, 13, 17, 19]"
122450/59049,2.07370150,122450,59049,"[2, 3, 5, 31, 79]","[1, -10, 2, 0, 0, 0, 0, 0]","[2, 3, 5, 7, 11, 13, 17, 19]"
122684/59049,2.07766431,122684,59049,"[2, 3, 30671]","[2, -10, 0, 0, 0, 0, 0, 0]","[2, 3, 5, 7, 11, 13, 17, 19]"
122765/59049,2.07903605,122765,59049,"[3, 5, 43, 571]","[0, -10, 1, 0, 0, 0, 0, 0]","[2, 3, 5, 7, 11, 13, 17, 19]"
122929/59049,2.08181341,122929,59049,"[3, 122929]","[0, -10, 0, 0, 0, 0, 0, 0]","[2, 3, 5, 7, 11, 13, 17, 19]"
123244/59049,2.08714796,123244,59049,"[2, 3, 11, 2801]","[2, -10, 0, 0, 1, 0, 0, 0]","[2, 3, 5, 7, 11, 13, 17, 19]"
123260/59049,2.08741892,123260,59049,"[2, 3, 5, 6163]","[2, -10, 1, 0, 0, 0, 0, 0]","[2, 3, 5, 7, 11, 13, 17, 19]"
123341/59049,2.08879067,123341,59049,"[3, 123341]","[0, -10, 0, 0, 0, 0, 0, 0]","[2, 3, 5, 7, 11, 13, 17, 19]"
123377/59049,2.08940033,123377,59049,"[3, 123377]","[0, -10, 0, 0, 0, 0, 0, 0]","[2, 3, 5, 7, 11, 13, 17, 19]"
123613/59049,2.09339701,123613,59049,"[3, 7, 17659]","[0, -10, 0, 1, 0, 0, 0, 0]","[2, 3, 5, 7, 11, 13, 17, 19]"
123730/59049,2.09537841,123730,59049,"[2, 3, 5, 12373]","[1, -10, 1, 0, 0, 0, 0, 0]","[2, 3, 5, 7, 11, 13, 17, 19]"
123953/59049,2.09915494,123953,59049,"[3, 123953]","[0, -10, 0, 0, 0, 0, 0, 0]","[2, 3, 5, 7, 11, 13, 17, 19]"
124225/59049,2.10376128,124225,59049,"[3, 5, 4969]","[0, -10, 2, 0, 0, 0, 0, 0]","[2, 3, 5, 7, 11, 13, 17, 19]"
124268/59049,2.10448949,124268,59049,"[2, 3, 47, 661]","[2, -10, 0, 0, 0, 0, 0, 0]","[2, 3, 5, 7, 11, 13, 17, 19]"
124306/59049,2.10513303,124306,59049,"[2, 3, 7, 13, 683]","[1, -10, 0, 1, 0, 1, 0, 0]","[2, 3, 5, 7, 11, 13, 17, 19]"
124540/59049,2.10909584,124540,59049,"[2, 3, 5, 13, 479]","[2, -10, 1, 0, 0, 1, 0, 0]","[2, 3, 5, 7, 11, 13, 17, 19]"
124621/59049,2.11046758,124621,59049,"[3, 7, 19, 937]","[0, -10, 0, 1, 0, 0, 0, 1]","[2, 3, 5, 7, 11, 13, 17, 19]"
124637/59049,2.11073854,124637,59049,"[3, 23, 5419]","[0, -10, 0, 0, 0, 0, 0, 0]","[2, 3, 5, 7, 11, 13, 17, 19]"
124657/59049,2.11107724,124657,59049,"[3, 13, 43, 223]","[0, -10, 0, 0, 0, 1, 0, 0]","[2, 3, 5, 7, 11, 13, 17, 19]"
124754/59049,2.11271994,124754,59049,"[2, 3, 7, 19, 67]","[1, -10, 0, 2, 0, 0, 0, 1]","[2, 3, 5, 7, 11, 13, 17, 19]"
125116/59049,2.11885045,125116,59049,"[2, 3, 31, 1009]","[2, -10, 0, 0, 0, 0, 0, 0]","[2, 3, 5, 7, 11, 13, 17, 19]"
125197/59049,2.12022219,125197,59049,"[3, 125197]","[0, -10, 0, 0, 0, 0, 0, 0]","[2, 3, 5, 7, 11, 13, 17, 19]"
125233/59049,2.12083185,125233,59049,"[3, 61, 2053]","[0, -10, 0, 0, 0, 0, 0, 0]","[2, 3, 5, 7, 11, 13, 17, 19]"
125249/59049,2.12110281,125249,59049,"[3, 251, 499]","[0, -10, 0, 0, 0, 0, 0, 0]","[2, 3, 5, 7, 11, 13, 17, 19]"
125330/59049,2.12247456,125330,59049,"[2, 3, 5, 83, 151]","[1, -10, 1, 0, 0, 0, 0, 0]","[2, 3, 5, 7, 11, 13, 17, 19]"
125548/59049,2.12616640,125548,59049,"[2, 3, 31387]","[2, -10, 0, 0, 0, 0, 0, 0]","[2, 3, 5, 7, 11, 13, 17, 19]"
125564/59049,2.12643737,125564,59049,"[2, 3, 31391]","[2, -10, 0, 0, 0, 0, 0, 0]","[2, 3, 5, 7, 11, 13, 17, 19]"
125645/59049,2.12780911,125645,59049,"[3, 5, 13, 1933]","[0, -10, 1, 0, 0, 1, 0, 0]","[2, 3, 5, 7, 11, 13, 17, 19]"
125681/59049,2.12841877,125681,59049,"[3, 17, 7393]","[0, -10, 0, 0, 0, 0, 1, 0]","[2, 3, 5, 7, 11, 13, 17, 19]"
125917/59049,2.13241545,125917,59049,"[3, 11, 11447]","[0, -10, 0, 0, 1, 0, 0, 0]","[2, 3, 5, 7, 11, 13, 17, 19]"
126034/59049,2.13439686,126034,59049,"[2, 3, 29, 41, 53]","[1, -10, 0, 0, 0, 0, 0, 0]","[2, 3, 5, 7, 11, 13, 17, 19]"
126140/59049,2.13619198,126140,59049,"[2, 3, 5, 7, 17, 53]","[2, -10, 1, 1, 0, 0, 1, 0]","[2, 3, 5, 7, 11, 13, 17, 19]"
126221/59049,2.13756372,126221,59049,"[3, 113, 1117]","[0, -10, 0, 0, 0, 0, 0, 0]","[2, 3, 5, 7, 11, 13, 17, 19]"
126257/59049,2.13817338,126257,59049,"[3, 126257]","[0, -10, 0, 0, 0, 0, 0, 0]","[2, 3, 5, 7, 11, 13, 17, 19]"
126493/59049,2.14217006,126493,59049,"[3, 126493]","[0, -10, 0, 0, 0, 0, 0, 0]","[2, 3, 5, 7, 11, 13, 17, 19]"
126529/59049,2.14277973,126529,59049,"[3, 13, 9733]","[0, -10, 0, 0, 0, 1, 0, 0]","[2, 3, 5, 7, 11, 13, 17, 19]"
126572/59049,2.14350793,126572,59049,"[2, 3, 31643]","[2, -10, 0, 0, 0, 0, 0, 0]","[2, 3, 5, 7, 11, 13, 17, 19]"
126610/59049,2.14415147,126610,59049,"[2, 3, 5, 11, 1151]","[1, -10, 1, 0, 1, 0, 0, 0]","[2, 3, 5, 7, 11, 13, 17, 19]"
126844/59049,2.14811428,126844,59049,"[2, 3, 19, 1669]","[2, -10, 0, 0, 0, 0, 0, 1]","[2, 3, 5, 7, 11, 13, 17, 19]"
126925/59049,2.14948602,126925,59049,"[3, 5, 5077]","[0, -10, 2, 0, 0, 0, 0, 0]","[2, 3, 5, 7, 11, 13, 17, 19]"
126941/59049,2.14975698,126941,59049,"[3, 61, 2081]","[0, -10, 0, 0, 0, 0, 0, 0]","[2, 3, 5, 7, 11, 13, 17, 19]"
127058/59049,2.15173839,127058,59049,"[2, 3, 17, 37, 101]","[1, -10, 0, 0, 0, 0, 1, 0]","[2, 3, 5, 7, 11, 13, 17, 19]"
127420/59049,2.15786889,127420,59049,"[2, 3, 5, 23, 277]","[2, -10, 1, 0, 0, 0, 0, 0]","[2, 3, 5, 7, 11, 13, 17, 19]"
127501/59049,2.15924063,127501,59049,"[3, 11, 67, 173]","[0, -10, 0, 0, 1, 0, 0, 0]","[2, 3, 5, 7, 11, 13, 17, 19]"
127517/59049,2.15951159,127517,59049,"[3, 13, 17, 577]","[0, -10, 0, 0, 0, 1, 1, 0]","[2, 3, 5, 7, 11, 13, 17, 19]"
127537/59049,2.15985029,127537,59049,"[3, 89, 1433]","[0, -10, 0, 0, 0, 0, 0, 0]","[2, 3, 5, 7, 11, 13, 17, 19]"
127553/59049,2.16012126,127553,59049,"[3, 229, 557]","[0, -10, 0, 0, 0, 0, 0, 0]","[2, 3, 5, 7, 11, 13, 17, 19]"
127634/59049,2.16149300,127634,59049,"[2, 3, 13, 4909]","[1, -10, 0, 0, 0, 1, 0, 0]","[2, 3, 5, 7, 11, 13, 17, 19]"
127868/59049,2.16545581,127868,59049,"[2, 3, 13, 2459]","[2, -10, 0, 0, 0, 1, 0, 0]","[2, 3, 5, 7, 11, 13, 17, 19]"
127949/59049,2.16682755,127949,59049,"[3, 23, 5563]","[0, -10, 0, 0, 0, 0, 0, 0]","[2, 3, 5, 7, 11, 13, 17, 19]"
128113/59049,2.16960490,128113,59049,"[3, 128113]","[0, -10, 0, 0, 0, 0, 0, 0]","[2, 3, 5, 7, 11, 13, 17, 19]"
128221/59049,2.17143389,128221,59049,"[3, 128221]","[0, -10, 0, 0, 0, 0, 0, 0]","[2, 3, 5, 7, 11, 13, 17, 19]"
128444/59049,2.17521042,128444,59049,"[2, 3, 163, 197]","[2, -10, 0, 0, 0, 0, 0, 0]","[2, 3, 5, 7, 11, 13, 17, 19]"
128525/59049,2.17658216,128525,59049,"[3, 5, 53, 97]","[0, -10, 2, 0, 0, 0, 0, 0]","[2, 3, 5, 7, 11, 13, 17, 19]"
128561/59049,2.17719182,128561,59049,"[3, 59, 2179]","[0, -10, 0, 0, 0, 0, 0, 0]","[2, 3, 5, 7, 11, 13, 17, 19]"
128797/59049,2.18118850,128797,59049,"[3, 37, 59]","[0, -10, 0, 0, 0, 0, 0, 0]","[2, 3, 5, 7, 11, 13, 17, 19]"
128833/59049,2.18179817,128833,59049,"[3, 128833]","[0, -10, 0, 0, 0, 0, 0, 0]","[2, 3, 5, 7, 11, 13, 17, 19]"
128914/59049,2.18316991,128914,59049,"[2, 3, 43, 1499]","[1, -10, 0, 0, 0, 0, 0, 0]","[2, 3, 5, 7, 11, 13, 17, 19]"
129137/59049,2.18694643,129137,59049,"[3, 29, 61, 73]","[0, -10, 0, 0, 0, 0, 0, 0]","[2, 3, 5, 7, 11, 13, 17, 19]"
129245/59049,2.18877542,129245,59049,"[3, 5, 25849]","[0, -10, 1, 0, 0, 0, 0, 0]","[2, 3, 5, 7, 11, 13, 17, 19]"
129409/59049,2.19155278,129409,59049,"[3, 7, 19, 139]","[0, -10, 0, 2, 0, 0, 0, 1]","[2, 3, 5, 7, 11, 13, 17, 19]"
129490/59049,2.19292452,129490,59049,"[2, 3, 5, 23, 563]","[1, -10, 1, 0, 0, 0, 0, 0]","[2, 3, 5, 7, 11, 13, 17, 19]"
129724/59049,2.19688733,129724,59049,"[2, 3, 7, 41, 113]","[2, -10, 0, 1, 0, 0, 0, 0]","[2, 3, 5, 7, 11, 13, 17, 19]"
129805/59049,2.19825907,129805,59049,"[3, 5, 13, 1997]","[0, -10, 1, 0, 0, 1, 0, 0]","[2, 3, 5, 7, 11, 13, 17, 19]"
129821/59049,2.19853003,129821,59049,"[3, 131, 991]","[0, -10, 0, 0, 0, 0, 0, 0]","[2, 3, 5, 7, 11, 13, 17, 19]"
129841/59049,2.19886874,129841,59049,"[3, 129841]","[0, -10, 0, 0, 0, 0, 0, 0]","[2, 3, 5, 7, 11, 13, 17, 19]"
129857/59049,2.19913970,129857,59049,"[3, 7, 13, 1427]","[0, -10, 0, 1, 0, 1, 0, 0]","[2, 3, 5, 7, 11, 13, 17, 19]"
129938/59049,2.20051144,129938,59049,"[2, 3, 64969]","[1, -10, 0, 0, 0, 0, 0, 0]","[2, 3, 5, 7, 11, 13, 17, 19]"
130300/59049,2.20664194,130300,59049,"[2, 3, 5, 1303]","[2, -10, 2, 0, 0, 0, 0, 0]","[2, 3, 5, 7, 11, 13, 17, 19]"
130417/59049,2.20862335,130417,59049,"[3, 7, 31, 601]","[0, -10, 0, 1, 0, 0, 0, 0]","[2, 3, 5, 7, 11, 13, 17, 19]"
130433/59049,2.20889431,130433,59049,"[3, 23, 53, 107]","[0, -10, 0, 0, 0, 0, 0, 0]","[2, 3, 5, 7, 11, 13, 17, 19]"
130514/59049,2.21026605,130514,59049,"[2, 3, 65257]","[1, -10, 0, 0, 0, 0, 0, 0]","[2, 3, 5, 7, 11, 13, 17, 19]"
130748/59049,2.21422886,130748,59049,"[2, 3, 32687]","[2, -10, 0, 0, 0, 0, 0, 0]","[2, 3, 5, 7, 11, 13, 17, 19]"
130786/59049,2.21487239,130786,59049,"[2, 3, 65393]","[1, -10, 0, 0, 0, 0, 0, 0]","[2, 3, 5, 7, 11, 13, 17, 19]"
130829/59049,2.21560060,130829,59049,"[3, 130829]","[0, -10, 0, 0, 0, 0, 0, 0]","[2, 3, 5, 7, 11, 13, 17, 19]"
130865/59049,2.21621027,130865,59049,"[3, 5, 7, 3739]","[0, -10, 1, 1, 0, 0, 0, 0]","[2, 3, 5, 7, 11, 13, 17, 19]"
131101/59049,2.22020695,131101,59049,"[3, 131101]","[0, -10, 0, 0, 0, 0, 0, 0]","[2, 3, 5, 7, 11, 13, 17, 19]"
131137/59049,2.22081661,131137,59049,"[3, 71, 1847]","[0, -10, 0, 0, 0, 0, 0, 0]","[2, 3, 5, 7, 11, 13, 17, 19]"
131218/59049,2.22218835,131218,59049,"[2, 3, 65609]","[1, -10, 0, 0, 0, 0, 0, 0]","[2, 3, 5, 7, 11, 13, 17, 19]"
131324/59049,2.22398347,131324,59049,"[2, 3, 32831]","[2, -10, 0, 0, 0, 0, 0, 0]","[2, 3, 5, 7, 11, 13, 17, 19]"
131441/59049,2.22596488,131441,59049,"[3, 131441]","[0, -10, 0, 0, 0, 0, 0, 0]","[2, 3, 5, 7, 11, 13, 17, 19]"
131677/59049,2.22996156,131677,59049,"[3, 7, 13, 1447]","[0, -10, 0, 1, 0, 1, 0, 0]","[2, 3, 5, 7, 11, 13, 17, 19]"
131713/59049,2.23057122,131713,59049,"[3, 131713]","[0, -10, 0, 0, 0, 0, 0, 0]","[2, 3, 5, 7, 11, 13, 17, 19]"
131794/59049,2.23194296,131794,59049,"[2, 3, 13, 37, 137]","[1, -10, 0, 0, 0, 1, 0, 0]","[2, 3, 5, 7, 11, 13, 17, 19]"
131810/59049,2.23221392,131810,59049,"[2, 3, 5, 7, 269]","[1, -10, 1, 2, 0, 0, 0, 0]","[2, 3, 5, 7, 11, 13, 17, 19]"
132028/59049,2.23590577,132028,59049,"[2, 3, 13, 2539]","[2, -10, 0, 0, 0, 1, 0, 0]","[2, 3, 5, 7, 11, 13, 17, 19]"
132109/59049,2.23727752,132109,59049,"[3, 132109]","[0, -10, 0, 0, 0, 0, 0, 0]","[2, 3, 5, 7, 11, 13, 17, 19]"
132125/59049,2.23754848,132125,59049,"[3, 5, 7, 151]","[0, -10, 3, 1, 0, 0, 0, 0]","[2, 3, 5, 7, 11, 13, 17, 19]"
132161/59049,2.23815814,132161,59049,"[3, 283, 467]","[0, -10, 0, 0, 0, 0, 0, 0]","[2, 3, 5, 7, 11, 13, 17, 19]"
132242/59049,2.23952988,132242,59049,"[2, 3, 11, 6011]","[1, -10, 0, 0, 1, 0, 0, 0]","[2, 3, 5, 7, 11, 13, 17, 19]"
132604/59049,2.24566038,132604,59049,"[2, 3, 33151]","[2, -10, 0, 0, 0, 0, 0, 0]","[2, 3, 5, 7, 11, 13, 17, 19]"
132701/59049,2.24730309,132701,59049,"[3, 132701]","[0, -10, 0, 0, 0, 0, 0, 0]","[2, 3, 5, 7, 11, 13, 17, 19]"
132721/59049,2.24764179,132721,59049,"[3, 132721]","[0, -10, 0, 0, 0, 0, 0, 0]","[2, 3, 5, 7, 11, 13, 17, 19]"
132737/59049,2.24791275,132737,59049,"[3, 11, 1097]","[0, -10, 0, 0, 2, 0, 0, 0]","[2, 3, 5, 7, 11, 13, 17, 19]"
132818/59049,2.24928449,132818,59049,"[2, 3, 7, 53, 179]","[1, -10, 0, 1, 0, 0, 0, 0]","[2, 3, 5, 7, 11, 13, 17, 19]"
133052/59049,2.25324730,133052,59049,"[2, 3, 29, 31, 37]","[2, -10, 0, 0, 0, 0, 0, 0]","[2, 3, 5, 7, 11, 13, 17, 19]"
133090/59049,2.25389084,133090,59049,"[2, 3, 5, 13309]","[1, -10, 1, 0, 0, 0, 0, 0]","[2, 3, 5, 7, 11, 13, 17, 19]"
133133/59049,2.25461905,133133,59049,"[3, 7, 11, 13, 19]","[0, -10, 0, 2, 1, 1, 0, 1]","[2, 3, 5, 7, 11, 13, 17, 19]"
133405/59049,2.25922539,133405,59049,"[3, 5, 26681]","[0, -10, 1, 0, 0, 0, 0, 0]","[2, 3, 5, 7, 11, 13, 17, 19]"
133628/59049,2.26300191,133628,59049,"[2, 3, 11, 3037]","[2, -10, 0, 0, 1, 0, 0, 0]","[2, 3, 5, 7, 11, 13, 17, 19]"
133745/59049,2.26498332,133745,59049,"[3, 5, 23, 1163]","[0, -10, 1, 0, 0, 0, 0, 0]","[2, 3, 5, 7, 11, 13, 17, 19]"
133981/59049,2.26898000,133981,59049,"[3, 133981]","[0, -10, 0, 0, 0, 0, 0, 0]","[2, 3, 5, 7, 11, 13, 17, 19]"
134017/59049,2.26958966,134017,59049,"[3, 13, 61]","[0, -10, 0, 0, 0, 3, 0, 0]","[2, 3, 5, 7, 11, 13, 17, 19]"
134098/59049,2.27096140,134098,59049,"[2, 3, 67049]","[1, -10, 0, 0, 0, 0, 0, 0]","[2, 3, 5, 7, 11, 13, 17, 19]"
134114/59049,2.27123237,134114,59049,"[2, 3, 67057]","[1, -10, 0, 0, 0, 0, 0, 0]","[2, 3, 5, 7, 11, 13, 17, 19]"
134429/59049,2.27656692,134429,59049,"[3, 179, 751]","[0, -10, 0, 0, 0, 0, 0, 0]","[2, 3, 5, 7, 11, 13, 17, 19]"
134593/59049,2.27934427,134593,59049,"[3, 134593]","[0, -10, 0, 0, 0, 0, 0, 0]","[2, 3, 5, 7, 11, 13, 17, 19]"
134674/59049,2.28071602,134674,59049,"[2, 3, 17, 233]","[1, -10, 0, 0, 0, 0, 2, 0]","[2, 3, 5, 7, 11, 13, 17, 19]"
134908/59049,2.28467883,134908,59049,"[2, 3, 29, 1163]","[2, -10, 0, 0, 0, 0, 0, 0]","[2, 3, 5, 7, 11, 13, 17, 19]"
135005/59049,2.28632153,135005,59049,"[3, 5, 13, 31, 67]","[0, -10, 1, 0, 0, 1, 0, 0]","[2, 3, 5, 7, 11, 13, 17, 19]"
135025/59049,2.28666023,135025,59049,"[3, 5, 11, 491]","[0, -10, 2, 0, 1, 0, 0, 0]","[2, 3, 5, 7, 11, 13, 17, 19]"
135041/59049,2.28693119,135041,59049,"[3, 83, 1627]","[0, -10, 0, 0, 0, 0, 0, 0]","[2, 3, 5, 7, 11, 13, 17, 19]"
135122/59049,2.28830293,135122,59049,"[2, 3, 13, 5197]","[1, -10, 0, 0, 0, 1, 0, 0]","[2, 3, 5, 7, 11, 13, 17, 19]"
135394/59049,2.29290928,135394,59049,"[2, 3, 7, 19, 509]","[1, -10, 0, 1, 0, 0, 0, 1]","[2, 3, 5, 7, 11, 13, 17, 19]"
135617/59049,2.29668580,135617,59049,"[3, 135617]","[0, -10, 0, 0, 0, 0, 0, 0]","[2, 3, 5, 7, 11, 13, 17, 19]"
135698/59049,2.29805755,135698,59049,"[2, 3, 19, 3571]","[1, -10, 0, 0, 0, 0, 0, 1]","[2, 3, 5, 7, 11, 13, 17, 19]"
135889/59049,2.30129215,135889,59049,"[3, 13, 10453]","[0, -10, 0, 0, 0, 1, 0, 0]","[2, 3, 5, 7, 11, 13, 17, 19]"
135932/59049,2.30202036,135932,59049,"[2, 3, 17, 1999]","[2, -10, 0, 0, 0, 0, 1, 0]","[2, 3, 5, 7, 11, 13, 17, 19]"
135970/59049,2.30266389,135970,59049,"[2, 3, 5, 13597]","[1, -10, 1, 0, 0, 0, 0, 0]","[2, 3, 5, 7, 11, 13, 17, 19]"
136049/59049,2.30400176,136049,59049,"[3, 37, 3677]","[0, -10, 0, 0, 0, 0, 0, 0]","[2, 3, 5, 7, 11, 13, 17, 19]"
136285/59049,2.30799844,136285,59049,"[3, 5, 97, 281]","[0, -10, 1, 0, 0, 0, 0, 0]","[2, 3, 5, 7, 11, 13, 17, 19]"
136321/59049,2.30860811,136321,59049,"[3, 23, 5927]","[0, -10, 0, 0, 0, 0, 0, 0]","[2, 3, 5, 7, 11, 13, 17, 19]"
136402/59049,2.30997985,136402,59049,"[2, 3, 7, 9743]","[1, -10, 0, 1, 0, 0, 0, 0]","[2, 3, 5, 7, 11, 13, 17, 19]"
136418/59049,2.31025081,136418,59049,"[2, 3, 68209]","[1, -10, 0, 0, 0, 0, 0, 0]","[2, 3, 5, 7, 11, 13, 17, 19]"
136861/59049,2.31775305,136861,59049,"[3, 136861]","[0, -10, 0, 0, 0, 0, 0, 0]","[2, 3, 5, 7, 11, 13, 17, 19]"
136897/59049,2.31836272,136897,59049,"[3, 136897]","[0, -10, 0, 0, 0, 0, 0, 0]","[2, 3, 5, 7, 11, 13, 17, 19]"
136913/59049,2.31863368,136913,59049,"[3, 7, 19559]","[0, -10, 0, 1, 0, 0, 0, 0]","[2, 3, 5, 7, 11, 13, 17, 19]"
136978/59049,2.31973446,136978,59049,"[2, 3, 68489]","[1, -10, 0, 0, 0, 0, 0, 0]","[2, 3, 5, 7, 11, 13, 17, 19]"
136994/59049,2.32000542,136994,59049,"[2, 3, 11, 13, 479]","[1, -10, 0, 0, 1, 1, 0, 0]","[2, 3, 5, 7, 11, 13, 17, 19]"
137212/59049,2.32369727,137212,59049,"[2, 3, 34303]","[2, -10, 0, 0, 0, 0, 0, 0]","[2, 3, 5, 7, 11, 13, 17, 19]"
137309/59049,2.32533997,137309,59049,"[3, 17, 41, 197]","[0, -10, 0, 0, 0, 0, 1, 0]","[2, 3, 5, 7, 11, 13, 17, 19]"
137345/59049,2.32594964,137345,59049,"[3, 5, 13, 2113]","[0, -10, 1, 0, 0, 1, 0, 0]","[2, 3, 5, 7, 11, 13, 17, 19]"
137426/59049,2.32732138,137426,59049,"[2, 3, 68713]","[1, -10, 0, 0, 0, 0, 0, 0]","[2, 3, 5, 7, 11, 13, 17, 19]"
137698/59049,2.33192772,137698,59049,"[2, 3, 11, 569]","[1, -10, 0, 0, 2, 0, 0, 0]","[2, 3, 5, 7, 11, 13, 17, 19]"
137885/59049,2.33509458,137885,59049,"[3, 5, 11, 23, 109]","[0, -10, 1, 0, 1, 0, 0, 0]","[2, 3, 5, 7, 11, 13, 17, 19]"
137921/59049,2.33570425,137921,59049,"[3, 7, 17, 19, 61]","[0, -10, 0, 1, 0, 0, 1, 1]","[2, 3, 5, 7, 11, 13, 17, 19]"
138002/59049,2.33707599,138002,59049,"[2, 3, 69001]","[1, -10, 0, 0, 0, 0, 0, 0]","[2, 3, 5, 7, 11, 13, 17, 19]"
138193/59049,2.34031059,138193,59049,"[3, 11, 17, 739]","[0, -10, 0, 0, 1, 0, 1, 0]","[2, 3, 5, 7, 11, 13, 17, 19]"
138236/59049,2.34103880,138236,59049,"[2, 3, 7, 4937]","[2, -10, 0, 1, 0, 0, 0, 0]","[2, 3, 5, 7, 11, 13, 17, 19]"
138274/59049,2.34168233,138274,59049,"[2, 3, 47, 1471]","[1, -10, 0, 0, 0, 0, 0, 0]","[2, 3, 5, 7, 11, 13, 17, 19]"
138589/59049,2.34701688,138589,59049,"[3, 11, 43, 293]","[0, -10, 0, 0, 1, 0, 0, 0]","[2, 3, 5, 7, 11, 13, 17, 19]"
138722/59049,2.34926925,138722,59049,"[2, 3, 139, 499]","[1, -10, 0, 0, 0, 0, 0, 0]","[2, 3, 5, 7, 11, 13, 17, 19]"
138805/59049,2.35067486,138805,59049,"[3, 5, 17, 23, 71]","[0, -10, 1, 0, 0, 0, 1, 0]","[2, 3, 5, 7, 11, 13, 17, 19]"
139165/59049,2.35677149,139165,59049,"[3, 5, 13, 2141]","[0, -10, 1, 0, 0, 1, 0, 0]","[2, 3, 5, 7, 11, 13, 17, 19]"
139201/59049,2.35738116,139201,59049,"[3, 139201]","[0, -10, 0, 0, 0, 0, 0, 0]","[2, 3, 5, 7, 11, 13, 17, 19]"
139217/59049,2.35765212,139217,59049,"[3, 13, 10709]","[0, -10, 0, 0, 0, 1, 0, 0]","[2, 3, 5, 7, 11, 13, 17, 19]"
139282/59049,2.35875290,139282,59049,"[2, 3, 11, 13, 487]","[1, -10, 0, 0, 1, 1, 0, 0]","[2, 3, 5, 7, 11, 13, 17, 19]"
139298/59049,2.35902386,139298,59049,"[2, 3, 17, 241]","[1, -10, 0, 0, 0, 0, 2, 0]","[2, 3, 5, 7, 11, 13, 17, 19]"
139613/59049,2.36435841,139613,59049,"[3, 149, 937]","[0, -10, 0, 0, 0, 0, 0, 0]","[2, 3, 5, 7, 11, 13, 17, 19]"
139777/59049,2.36713577,139777,59049,"[3, 11, 97, 131]","[0, -10, 0, 0, 1, 0, 0, 0]","[2, 3, 5, 7, 11, 13, 17, 19]"
139829/59049,2.36801639,139829,59049,"[3, 67, 2087]","[0, -10, 0, 0, 0, 0, 0, 0]","[2, 3, 5, 7, 11, 13, 17, 19]"
140189/59049,2.37411302,140189,59049,"[3, 7, 2861]","[0, -10, 0, 2, 0, 0, 0, 0]","[2, 3, 5, 7, 11, 13, 17, 19]"
140225/59049,2.37472269,140225,59049,"[3, 5, 71, 79]","[0, -10, 2, 0, 0, 0, 0, 0]","[2, 3, 5, 7, 11, 13, 17, 19]"
140306/59049,2.37609443,140306,59049,"[2, 3, 31, 73]","[1, -10, 0, 0, 0, 0, 0, 0]","[2, 3, 5, 7, 11, 13, 17, 19]"
140497/59049,2.37932903,140497,59049,"[3, 7, 20071]","[0, -10, 0, 1, 0, 0, 0, 0]","[2, 3, 5, 7, 11, 13, 17, 19]"
140578/59049,2.38070077,140578,59049,"[2, 3, 70289]","[1, -10, 0, 0, 0, 0, 0, 0]","[2, 3, 5, 7, 11, 13, 17, 19]"
140801/59049,2.38447730,140801,59049,"[3, 103, 1367]","[0, -10, 0, 0, 0, 0, 0, 0]","[2, 3, 5, 7, 11, 13, 17, 19]"
141073/59049,2.38908364,141073,59049,"[3, 141073]","[0, -10, 0, 0, 0, 0, 0, 0]","[2, 3, 5, 7, 11, 13, 17, 19]"
141109/59049,2.38969331,141109,59049,"[3, 73, 1933]","[0, -10, 0, 0, 0, 0, 0, 0]","[2, 3, 5, 7, 11, 13, 17, 19]"
141154/59049,2.39045538,141154,59049,"[2, 3, 13, 61, 89]","[1, -10, 0, 0, 0, 1, 0, 0]","[2, 3, 5, 7, 11, 13, 17, 19]"
141469/59049,2.39578994,141469,59049,"[3, 193, 733]","[0, -10, 0, 0, 0, 0, 0, 0]","[2, 3, 5, 7, 11, 13, 17, 19]"
141505/59049,2.39639960,141505,59049,"[3, 5, 7, 13, 311]","[0, -10, 1, 1, 0, 1, 0, 0]","[2, 3, 5, 7, 11, 13, 17, 19]"
141521/59049,2.39667056,141521,59049,"[3, 137, 1033]","[0, -10, 0, 0, 0, 0, 0, 0]","[2, 3, 5, 7, 11, 13, 17, 19]"
141586/59049,2.39777134,141586,59049,"[2, 3, 70793]","[1, -10, 0, 0, 0, 0, 0, 0]","[2, 3, 5, 7, 11, 13, 17, 19]"
141602/59049,2.39804230,141602,59049,"[2, 3, 101, 701]","[1, -10, 0, 0, 0, 0, 0, 0]","[2, 3, 5, 7, 11, 13, 17, 19]"
142081/59049,2.40615421,142081,59049,"[3, 47, 3023]","[0, -10, 0, 0, 0, 0, 0, 0]","[2, 3, 5, 7, 11, 13, 17, 19]"
142097/59049,2.40642517,142097,59049,"[3, 142097]","[0, -10, 0, 0, 0, 0, 0, 0]","[2, 3, 5, 7, 11, 13, 17, 19]"
142133/59049,2.40703484,142133,59049,"[3, 89, 1597]","[0, -10, 0, 0, 0, 0, 0, 0]","[2, 3, 5, 7, 11, 13, 17, 19]"
142178/59049,2.40779691,142178,59049,"[2, 3, 71089]","[1, -10, 0, 0, 0, 0, 0, 0]","[2, 3, 5, 7, 11, 13, 17, 19]"
142450/59049,2.41240326,142450,59049,"[2, 3, 5, 7, 11, 37]","[1, -10, 2, 1, 1, 0, 0, 0]","[2, 3, 5, 7, 11, 13, 17, 19]"
142493/59049,2.41313147,142493,59049,"[3, 13, 97, 113]","[0, -10, 0, 0, 0, 1, 0, 0]","[2, 3, 5, 7, 11, 13, 17, 19]"
142529/59049,2.41374113,142529,59049,"[3, 142529]","[0, -10, 0, 0, 0, 0, 0, 0]","[2, 3, 5, 7, 11, 13, 17, 19]"
142610/59049,2.41511287,142610,59049,"[2, 3, 5, 13, 1097]","[1, -10, 1, 0, 0, 1, 0, 0]","[2, 3, 5, 7, 11, 13, 17, 19]"
142801/59049,2.41834747,142801,59049,"[3, 61, 2341]","[0, -10, 0, 0, 0, 0, 0, 0]","[2, 3, 5, 7, 11, 13, 17, 19]"
142882/59049,2.41971922,142882,59049,"[2, 3, 199, 359]","[1, -10, 0, 0, 0, 0, 0, 0]","[2, 3, 5, 7, 11, 13, 17, 19]"
143105/59049,2.42349574,143105,59049,"[3, 5, 28621]","[0, -10, 1, 0, 0, 0, 0, 0]","[2, 3, 5, 7, 11, 13, 17, 19]"
143377/59049,2.42810208,143377,59049,"[3, 13, 41, 269]","[0, -10, 0, 0, 0, 1, 0, 0]","[2, 3, 5, 7, 11, 13, 17, 19]"
143413/59049,2.42871175,143413,59049,"[3, 143413]","[0, -10, 0, 0, 0, 0, 0, 0]","[2, 3, 5, 7, 11, 13, 17, 19]"
143458/59049,2.42947383,143458,59049,"[2, 3, 7, 10247]","[1, -10, 0, 1, 0, 0, 0, 0]","[2, 3, 5, 7, 11, 13, 17, 19]"
143474/59049,2.42974479,143474,59049,"[2, 3, 23, 3119]","[1, -10, 0, 0, 0, 0, 0, 0]","[2, 3, 5, 7, 11, 13, 17, 19]"
143773/59049,2.43480838,143773,59049,"[3, 7, 19, 23, 47]","[0, -10, 0, 1, 0, 0, 0, 1]","[2, 3, 5, 7, 11, 13, 17, 19]"
143825/59049,2.43568900,143825,59049,"[3, 5, 11, 523]","[0, -10, 2, 0, 1, 0, 0, 0]","[2, 3, 5, 7, 11, 13, 17, 19]"
143906/59049,2.43706075,143906,59049,"[2, 3, 7, 19, 541]","[1, -10, 0, 1, 0, 0, 0, 1]","[2, 3, 5, 7, 11, 13, 17, 19]"
143989/59049,2.43846636,143989,59049,"[3, 109, 1321]","[0, -10, 0, 0, 0, 0, 0, 0]","[2, 3, 5, 7, 11, 13, 17, 19]"
144385/59049,2.44517265,144385,59049,"[3, 5, 67, 431]","[0, -10, 1, 0, 0, 0, 0, 0]","[2, 3, 5, 7, 11, 13, 17, 19]"
144401/59049,2.44544361,144401,59049,"[3, 197, 733]","[0, -10, 0, 0, 0, 0, 0, 0]","[2, 3, 5, 7, 11, 13, 17, 19]"
144437/59049,2.44605328,144437,59049,"[3, 43, 3359]","[0, -10, 0, 0, 0, 0, 0, 0]","[2, 3, 5, 7, 11, 13, 17, 19]"
144482/59049,2.44681536,144482,59049,"[2, 3, 13, 5557]","[1, -10, 0, 0, 0, 1, 0, 0]","[2, 3, 5, 7, 11, 13, 17, 19]"
144754/59049,2.45142170,144754,59049,"[2, 3, 157, 461]","[1, -10, 0, 0, 0, 0, 0, 0]","[2, 3, 5, 7, 11, 13, 17, 19]"
144797/59049,2.45214991,144797,59049,"[3, 29, 4993]","[0, -10, 0, 0, 0, 0, 0, 0]","[2, 3, 5, 7, 11, 13, 17, 19]"
145013/59049,2.45580789,145013,59049,"[3, 11, 13183]","[0, -10, 0, 0, 1, 0, 0, 0]","[2, 3, 5, 7, 11, 13, 17, 19]"
145366/59049,2.46178597,145366,59049,"[2, 3, 13, 5591]","[1, -10, 0, 0, 0, 1, 0, 0]","[2, 3, 5, 7, 11, 13, 17, 19]"
145409/59049,2.46251418,145409,59049,"[3, 11, 13219]","[0, -10, 0, 0, 1, 0, 0, 0]","[2, 3, 5, 7, 11, 13, 17, 19]"
145681/59049,2.46712053,145681,59049,"[3, 145681]","[0, -10, 0, 0, 0, 0, 0, 0]","[2, 3, 5, 7, 11, 13, 17, 19]"
145717/59049,2.46773019,145717,59049,"[3, 11, 13, 1019]","[0, -10, 0, 0, 1, 1, 0, 0]","[2, 3, 5, 7, 11, 13, 17, 19]"
145762/59049,2.46849227,145762,59049,"[2, 3, 31, 2351]","[1, -10, 0, 0, 0, 0, 0, 0]","[2, 3, 5, 7, 11, 13, 17, 19]"
145778/59049,2.46876323,145778,59049,"[2, 3, 72889]","[1, -10, 0, 0, 0, 0, 0, 0]","[2, 3, 5, 7, 11, 13, 17, 19]"
146257/59049,2.47687514,146257,59049,"[3, 23, 6359]","[0, -10, 0, 0, 0, 0, 0, 0]","[2, 3, 5, 7, 11, 13, 17, 19]"
146293/59049,2.47748480,146293,59049,"[3, 7, 20899]","[0, -10, 0, 1, 0, 0, 0, 0]","[2, 3, 5, 7, 11, 13, 17, 19]"
146338/59049,2.47824688,146338,59049,"[2, 3, 19, 3851]","[1, -10, 0, 0, 0, 0, 0, 1]","[2, 3, 5, 7, 11, 13, 17, 19]"
146390/59049,2.47912750,146390,59049,"[2, 3, 5, 14639]","[1, -10, 1, 0, 0, 0, 0, 0]","[2, 3, 5, 7, 11, 13, 17, 19]"
146689/59049,2.48419110,146689,59049,"[3, 383]","[0, -10, 0, 0, 0, 0, 0, 0]","[2, 3, 5, 7, 11, 13, 17, 19]"
146705/59049,2.48446206,146705,59049,"[3, 5, 13, 37, 61]","[0, -10, 1, 0, 0, 1, 0, 0]","[2, 3, 5, 7, 11, 13, 17, 19]"
146741/59049,2.48507172,146741,59049,"[3, 7, 20963]","[0, -10, 0, 1, 0, 0, 0, 0]","[2, 3, 5, 7, 11, 13, 17, 19]"
146786/59049,2.48583380,146786,59049,"[2, 3, 23, 3191]","[1, -10, 0, 0, 0, 0, 0, 0]","[2, 3, 5, 7, 11, 13, 17, 19]"
147058/59049,2.49044014,147058,59049,"[2, 3, 73529]","[1, -10, 0, 0, 0, 0, 0, 0]","[2, 3, 5, 7, 11, 13, 17, 19]"
147281/59049,2.49421667,147281,59049,"[3, 31, 4751]","[0, -10, 0, 0, 0, 0, 0, 0]","[2, 3, 5, 7, 11, 13, 17, 19]"
147317/59049,2.49482633,147317,59049,"[3, 179, 823]","[0, -10, 0, 0, 0, 0, 0, 0]","[2, 3, 5, 7, 11, 13, 17, 19]"
147362/59049,2.49558841,147362,59049,"[2, 3, 73681]","[1, -10, 0, 0, 0, 0, 0, 0]","[2, 3, 5, 7, 11, 13, 17, 19]"
147553/59049,2.49882301,147553,59049,"[3, 7, 107, 197]","[0, -10, 0, 1, 0, 0, 0, 0]","[2, 3, 5, 7, 11, 13, 17, 19]"
147634/59049,2.50019475,147634,59049,"[2, 3, 97, 761]","[1, -10, 0, 0, 0, 0, 0, 0]","[2, 3, 5, 7, 11, 13, 17, 19]"
147670/59049,2.50080442,147670,59049,"[2, 3, 5, 14767]","[1, -10, 1, 0, 0, 0, 0, 0]","[2, 3, 5, 7, 11, 13, 17, 19]"
147713/59049,2.50153263,147713,59049,"[3, 17, 8689]","[0, -10, 0, 0, 0, 0, 1, 0]","[2, 3, 5, 7, 11, 13, 17, 19]"
147985/59049,2.50613897,147985,59049,"[3, 5, 17, 1741]","[0, -10, 1, 0, 0, 0, 1, 0]","[2, 3, 5, 7, 11, 13, 17, 19]"
148066/59049,2.50751071,148066,59049,"[2, 3, 101, 733]","[1, -10, 0, 0, 0, 0, 0, 0]","[2, 3, 5, 7, 11, 13, 17, 19]"
148082/59049,2.50778167,148082,59049,"[2, 3, 11, 53, 127]","[1, -10, 0, 0, 1, 0, 0, 0]","[2, 3, 5, 7, 11, 13, 17, 19]"
148561/59049,2.51589358,148561,59049,"[3, 7, 19, 1117]","[0, -10, 0, 1, 0, 0, 0, 1]","[2, 3, 5, 7, 11, 13, 17, 19]"
148577/59049,2.51616454,148577,59049,"[3, 11, 13, 1039]","[0, -10, 0, 0, 1, 1, 0, 0]","[2, 3, 5, 7, 11, 13, 17, 19]"
148597/59049,2.51650324,148597,59049,"[3, 17, 8741]","[0, -10, 0, 0, 0, 0, 1, 0]","[2, 3, 5, 7, 11, 13, 17, 19]"
148642/59049,2.51726532,148642,59049,"[2, 3, 13, 5717]","[1, -10, 0, 0, 0, 1, 0, 0]","[2, 3, 5, 7, 11, 13, 17, 19]"
148658/59049,2.51753628,148658,59049,"[2, 3, 239, 311]","[1, -10, 0, 0, 0, 0, 0, 0]","[2, 3, 5, 7, 11, 13, 17, 19]"
148694/59049,2.51814595,148694,59049,"[2, 3, 7, 13, 19, 43]","[1, -10, 0, 1, 0, 1, 0, 1]","[2, 3, 5, 7, 11, 13, 17, 19]"
149009/59049,2.52348050,149009,59049,"[3, 7, 3041]","[0, -10, 0, 2, 0, 0, 0, 0]","[2, 3, 5, 7, 11, 13, 17, 19]"
149090/59049,2.52485224,149090,59049,"[2, 3, 5, 17, 877]","[1, -10, 1, 0, 0, 0, 1, 0]","[2, 3, 5, 7, 11, 13, 17, 19]"
149173/59049,2.52625785,149173,59049,"[3, 149173]","[0, -10, 0, 0, 0, 0, 0, 0]","[2, 3, 5, 7, 11, 13, 17, 19]"
149362/59049,2.52945859,149362,59049,"[2, 3, 17, 23, 191]","[1, -10, 0, 0, 0, 0, 1, 0]","[2, 3, 5, 7, 11, 13, 17, 19]"
149585/59049,2.53323511,149585,59049,"[3, 5, 29917]","[0, -10, 1, 0, 0, 0, 0, 0]","[2, 3, 5, 7, 11, 13, 17, 19]"
149621/59049,2.53384477,149621,59049,"[3, 157, 953]","[0, -10, 0, 0, 0, 0, 0, 0]","[2, 3, 5, 7, 11, 13, 17, 19]"
149666/59049,2.53460685,149666,59049,"[2, 3, 11, 6803]","[1, -10, 0, 0, 1, 0, 0, 0]","[2, 3, 5, 7, 11, 13, 17, 19]"
149857/59049,2.53784145,149857,59049,"[3, 277, 541]","[0, -10, 0, 0, 0, 0, 0, 0]","[2, 3, 5, 7, 11, 13, 17, 19]"
149938/59049,2.53921320,149938,59049,"[2, 3, 61, 1229]","[1, -10, 0, 0, 0, 0, 0, 0]","[2, 3, 5, 7, 11, 13, 17, 19]"
149974/59049,2.53982286,149974,59049,"[2, 3, 11, 17, 401]","[1, -10, 0, 0, 1, 0, 1, 0]","[2, 3, 5, 7, 11, 13, 17, 19]"
150197/59049,2.54359938,150197,59049,"[3, 150197]","[0, -10, 0, 0, 0, 0, 0, 0]","[2, 3, 5, 7, 11, 13, 17, 19]"
150386/59049,2.54680012,150386,59049,"[2, 3, 75193]","[1, -10, 0, 0, 0, 0, 0, 0]","[2, 3, 5, 7, 11, 13, 17, 19]"
150469/59049,2.54820573,150469,59049,"[3, 11, 13679]","[0, -10, 0, 0, 1, 0, 0, 0]","[2, 3, 5, 7, 11, 13, 17, 19]"
150550/59049,2.54957747,150550,59049,"[2, 3, 5, 3011]","[1, -10, 2, 0, 0, 0, 0, 0]","[2, 3, 5, 7, 11, 13, 17, 19]"
150865/59049,2.55491202,150865,59049,"[3, 5, 11, 13, 211]","[0, -10, 1, 0, 1, 1, 0, 0]","[2, 3, 5, 7, 11, 13, 17, 19]"
150881/59049,2.55518298,150881,59049,"[3, 150881]","[0, -10, 0, 0, 0, 0, 0, 0]","[2, 3, 5, 7, 11, 13, 17, 19]"
150901/59049,2.55552169,150901,59049,"[3, 150901]","[0, -10, 0, 0, 0, 0, 0, 0]","[2, 3, 5, 7, 11, 13, 17, 19]"
150946/59049,2.55628376,150946,59049,"[2, 3, 71, 1063]","[1, -10, 0, 0, 0, 0, 0, 0]","[2, 3, 5, 7, 11, 13, 17, 19]"
150962/59049,2.55655473,150962,59049,"[2, 3, 7, 41, 263]","[1, -10, 0, 1, 0, 0, 0, 0]","[2, 3, 5, 7, 11, 13, 17, 19]"
150998/59049,2.55716439,150998,59049,"[2, 3, 103, 733]","[1, -10, 0, 0, 0, 0, 0, 0]","[2, 3, 5, 7, 11, 13, 17, 19]"
151441/59049,2.56466663,151441,59049,"[3, 37, 4093]","[0, -10, 0, 0, 0, 0, 0, 0]","[2, 3, 5, 7, 11, 13, 17, 19]"
151477/59049,2.56527630,151477,59049,"[3, 151477]","[0, -10, 0, 0, 0, 0, 0, 0]","[2, 3, 5, 7, 11, 13, 17, 19]"
151493/59049,2.56554726,151493,59049,"[3, 197, 769]","[0, -10, 0, 0, 0, 0, 0, 0]","[2, 3, 5, 7, 11, 13, 17, 19]"
151574/59049,2.56691900,151574,59049,"[2, 3, 75787]","[1, -10, 0, 0, 0, 0, 0, 0]","[2, 3, 5, 7, 11, 13, 17, 19]"
151889/59049,2.57225355,151889,59049,"[3, 67, 2267]","[0, -10, 0, 0, 0, 0, 0, 0]","[2, 3, 5, 7, 11, 13, 17, 19]"
151925/59049,2.57286322,151925,59049,"[3, 5, 59, 103]","[0, -10, 2, 0, 0, 0, 0, 0]","[2, 3, 5, 7, 11, 13, 17, 19]"
151970/59049,2.57362529,151970,59049,"[2, 3, 5, 7, 13, 167]","[1, -10, 1, 1, 0, 1, 0, 0]","[2, 3, 5, 7, 11, 13, 17, 19]"
152161/59049,2.57685990,152161,59049,"[3, 59, 2579]","[0, -10, 0, 0, 0, 0, 0, 0]","[2, 3, 5, 7, 11, 13, 17, 19]"
152242/59049,2.57823164,152242,59049,"[2, 3, 163, 467]","[1, -10, 0, 0, 0, 0, 0, 0]","[2, 3, 5, 7, 11, 13, 17, 19]"
152278/59049,2.57884130,152278,59049,"[2, 3, 7, 73, 149]","[1, -10, 0, 1, 0, 0, 0, 0]","[2, 3, 5, 7, 11, 13, 17, 19]"
152465/59049,2.58200816,152465,59049,"[3, 5, 30493]","[0, -10, 1, 0, 0, 0, 0, 0]","[2, 3, 5, 7, 11, 13, 17, 19]"
152501/59049,2.58261783,152501,59049,"[3, 152501]","[0, -10, 0, 0, 0, 0, 0, 0]","[2, 3, 5, 7, 11, 13, 17, 19]"
152737/59049,2.58661451,152737,59049,"[3, 13, 31, 379]","[0, -10, 0, 0, 0, 1, 0, 0]","[2, 3, 5, 7, 11, 13, 17, 19]"
152773/59049,2.58722417,152773,59049,"[3, 37, 4129]","[0, -10, 0, 0, 0, 0, 0, 0]","[2, 3, 5, 7, 11, 13, 17, 19]"
152818/59049,2.58798625,152818,59049,"[2, 3, 109, 701]","[1, -10, 0, 0, 0, 0, 0, 0]","[2, 3, 5, 7, 11, 13, 17, 19]"
152854/59049,2.58859591,152854,59049,"[2, 3, 13, 5879]","[1, -10, 0, 0, 0, 1, 0, 0]","[2, 3, 5, 7, 11, 13, 17, 19]"
153169/59049,2.59393046,153169,59049,"[3, 89, 1721]","[0, -10, 0, 0, 0, 0, 0, 0]","[2, 3, 5, 7, 11, 13, 17, 19]"
153185/59049,2.59420143,153185,59049,"[3, 5, 30637]","[0, -10, 1, 0, 0, 0, 0, 0]","[2, 3, 5, 7, 11, 13, 17, 19]"
153250/59049,2.59530221,153250,59049,"[2, 3, 5, 613]","[1, -10, 3, 0, 0, 0, 0, 0]","[2, 3, 5, 7, 11, 13, 17, 19]"
153266/59049,2.59557317,153266,59049,"[2, 3, 197, 389]","[1, -10, 0, 0, 0, 0, 0, 0]","[2, 3, 5, 7, 11, 13, 17, 19]"
153302/59049,2.59618283,153302,59049,"[2, 3, 76651]","[1, -10, 0, 0, 0, 0, 0, 0]","[2, 3, 5, 7, 11, 13, 17, 19]"
153745/59049,2.60368508,153745,59049,"[3, 5, 97, 317]","[0, -10, 1, 0, 0, 0, 0, 0]","[2, 3, 5, 7, 11, 13, 17, 19]"
153761/59049,2.60395604,153761,59049,"[3, 179, 859]","[0, -10, 0, 0, 0, 0, 0, 0]","[2, 3, 5, 7, 11, 13, 17, 19]"
153781/59049,2.60429474,153781,59049,"[3, 61, 2521]","[0, -10, 0, 0, 0, 0, 0, 0]","[2, 3, 5, 7, 11, 13, 17, 19]"
153797/59049,2.60456570,153797,59049,"[3, 7, 127, 173]","[0, -10, 0, 1, 0, 0, 0, 0]","[2, 3, 5, 7, 11, 13, 17, 19]"
153842/59049,2.60532778,153842,59049,"[2, 3, 13, 61, 97]","[1, -10, 0, 0, 0, 1, 0, 0]","[2, 3, 5, 7, 11, 13, 17, 19]"
153878/59049,2.60593744,153878,59049,"[2, 3, 47, 1637]","[1, -10, 0, 0, 0, 0, 0, 0]","[2, 3, 5, 7, 11, 13, 17, 19]"
154114/59049,2.60993412,154114,59049,"[2, 3, 251, 307]","[1, -10, 0, 0, 0, 0, 0, 0]","[2, 3, 5, 7, 11, 13, 17, 19]"
154193/59049,2.61127199,154193,59049,"[3, 13, 29, 409]","[0, -10, 0, 0, 0, 1, 0, 0]","[2, 3, 5, 7, 11, 13, 17, 19]"
154274/59049,2.61264374,154274,59049,"[2, 3, 77137]","[1, -10, 0, 0, 0, 0, 0, 0]","[2, 3, 5, 7, 11, 13, 17, 19]"
154357/59049,2.61404935,154357,59049,"[3, 7, 22051]","[0, -10, 0, 1, 0, 0, 0, 0]","[2, 3, 5, 7, 11, 13, 17, 19]"
154465/59049,2.61587834,154465,59049,"[3, 5, 30893]","[0, -10, 1, 0, 0, 0, 0, 0]","[2, 3, 5, 7, 11, 13, 17, 19]"
154546/59049,2.61725008,154546,59049,"[2, 3, 7, 19, 83]","[1, -10, 0, 2, 0, 0, 0, 1]","[2, 3, 5, 7, 11, 13, 17, 19]"
154769/59049,2.62102661,154769,59049,"[3, 154769]","[0, -10, 0, 0, 0, 0, 0, 0]","[2, 3, 5, 7, 11, 13, 17, 19]"
154805/59049,2.62163627,154805,59049,"[3, 5, 7, 4423]","[0, -10, 1, 1, 0, 0, 0, 0]","[2, 3, 5, 7, 11, 13, 17, 19]"
155041/59049,2.62563295,155041,59049,"[3, 227, 683]","[0, -10, 0, 0, 0, 0, 0, 0]","[2, 3, 5, 7, 11, 13, 17, 19]"
155077/59049,2.62624261,155077,59049,"[3, 13, 79, 151]","[0, -10, 0, 0, 0, 1, 0, 0]","[2, 3, 5, 7, 11, 13, 17, 19]"
155122/59049,2.62700469,155122,59049,"[2, 3, 11, 641]","[1, -10, 0, 0, 2, 0, 0, 0]","[2, 3, 5, 7, 11, 13, 17, 19]"
155138/59049,2.62727565,155138,59049,"[2, 3, 77569]","[1, -10, 0, 0, 0, 0, 0, 0]","[2, 3, 5, 7, 11, 13, 17, 19]"
155158/59049,2.62761435,155158,59049,"[2, 3, 23, 3373]","[1, -10, 0, 0, 0, 0, 0, 0]","[2, 3, 5, 7, 11, 13, 17, 19]"
155381/59049,2.63139088,155381,59049,"[3, 155381]","[0, -10, 0, 0, 0, 0, 0, 0]","[2, 3, 5, 7, 11, 13, 17, 19]"
155489/59049,2.63321987,155489,59049,"[3, 61, 2549]","[0, -10, 0, 0, 0, 0, 0, 0]","[2, 3, 5, 7, 11, 13, 17, 19]"
155570/59049,2.63459161,155570,59049,"[2, 3, 5, 47, 331]","[1, -10, 1, 0, 0, 0, 0, 0]","[2, 3, 5, 7, 11, 13, 17, 19]"
155653/59049,2.63599722,155653,59049,"[3, 155653]","[0, -10, 0, 0, 0, 0, 0, 0]","[2, 3, 5, 7, 11, 13, 17, 19]"
155734/59049,2.63736896,155734,59049,"[2, 3, 77867]","[1, -10, 0, 0, 0, 0, 0, 0]","[2, 3, 5, 7, 11, 13, 17, 19]"
156049/59049,2.64270352,156049,59049,"[3, 29, 5381]","[0, -10, 0, 0, 0, 0, 0, 0]","[2, 3, 5, 7, 11, 13, 17, 19]"
156065/59049,2.64297448,156065,59049,"[3, 5, 7, 13]","[0, -10, 1, 4, 0, 1, 0, 0]","[2, 3, 5, 7, 11, 13, 17, 19]"
156085/59049,2.64331318,156085,59049,"[3, 5, 19, 31, 53]","[0, -10, 1, 0, 0, 0, 0, 1]","[2, 3, 5, 7, 11, 13, 17, 19]"
156101/59049,2.64358414,156101,59049,"[3, 11, 23, 617]","[0, -10, 0, 0, 1, 0, 0, 0]","[2, 3, 5, 7, 11, 13, 17, 19]"
156146/59049,2.64434622,156146,59049,"[2, 3, 101, 773]","[1, -10, 0, 0, 0, 0, 0, 0]","[2, 3, 5, 7, 11, 13, 17, 19]"
156182/59049,2.64495588,156182,59049,"[2, 3, 13, 6007]","[1, -10, 0, 0, 0, 1, 0, 0]","[2, 3, 5, 7, 11, 13, 17, 19]"
156418/59049,2.64895256,156418,59049,"[2, 3, 197, 397]","[1, -10, 0, 0, 0, 0, 0, 0]","[2, 3, 5, 7, 11, 13, 17, 19]"
156661/59049,2.65306779,156661,59049,"[3, 41, 3821]","[0, -10, 0, 0, 0, 0, 0, 0]","[2, 3, 5, 7, 11, 13, 17, 19]"
156677/59049,2.65333875,156677,59049,"[3, 156677]","[0, -10, 0, 0, 0, 0, 0, 0]","[2, 3, 5, 7, 11, 13, 17, 19]"
156758/59049,2.65471049,156758,59049,"[2, 3, 7, 11197]","[1, -10, 0, 1, 0, 0, 0, 0]","[2, 3, 5, 7, 11, 13, 17, 19]"
157030/59049,2.65931684,157030,59049,"[2, 3, 5, 41, 383]","[1, -10, 1, 0, 0, 0, 0, 0]","[2, 3, 5, 7, 11, 13, 17, 19]"
157073/59049,2.66004505,157073,59049,"[3, 7, 19, 1181]","[0, -10, 0, 1, 0, 0, 0, 1]","[2, 3, 5, 7, 11, 13, 17, 19]"
157109/59049,2.66065471,157109,59049,"[3, 157109]","[0, -10, 0, 0, 0, 0, 0, 0]","[2, 3, 5, 7, 11, 13, 17, 19]"
157345/59049,2.66465139,157345,59049,"[3, 5, 31469]","[0, -10, 1, 0, 0, 0, 0, 0]","[2, 3, 5, 7, 11, 13, 17, 19]"
157381/59049,2.66526105,157381,59049,"[3, 7, 22483]","[0, -10, 0, 1, 0, 0, 0, 0]","[2, 3, 5, 7, 11, 13, 17, 19]"
157426/59049,2.66602313,157426,59049,"[2, 3, 78713]","[1, -10, 0, 0, 0, 0, 0, 0]","[2, 3, 5, 7, 11, 13, 17, 19]"
157442/59049,2.66629409,157442,59049,"[2, 3, 78721]","[1, -10, 0, 0, 0, 0, 0, 0]","[2, 3, 5, 7, 11, 13, 17, 19]"
157462/59049,2.66663280,157462,59049,"[2, 3, 131, 601]","[1, -10, 0, 0, 0, 0, 0, 0]","[2, 3, 5, 7, 11, 13, 17, 19]"
157685/59049,2.67040932,157685,59049,"[3, 5, 11, 47, 61]","[0, -10, 1, 0, 1, 0, 0, 0]","[2, 3, 5, 7, 11, 13, 17, 19]"
157921/59049,2.67440600,157921,59049,"[3, 79, 1999]","[0, -10, 0, 0, 0, 0, 0, 0]","[2, 3, 5, 7, 11, 13, 17, 19]"
157957/59049,2.67501566,157957,59049,"[3, 191, 827]","[0, -10, 0, 0, 0, 0, 0, 0]","[2, 3, 5, 7, 11, 13, 17, 19]"
158002/59049,2.67577774,158002,59049,"[2, 3, 13, 59, 103]","[1, -10, 0, 0, 0, 1, 0, 0]","[2, 3, 5, 7, 11, 13, 17, 19]"
158038/59049,2.67638741,158038,59049,"[2, 3, 31, 2549]","[1, -10, 0, 0, 0, 0, 0, 0]","[2, 3, 5, 7, 11, 13, 17, 19]"
158054/59049,2.67665837,158054,59049,"[2, 3, 13, 6079]","[1, -10, 0, 0, 0, 1, 0, 0]","[2, 3, 5, 7, 11, 13, 17, 19]"
158353/59049,2.68172196,158353,59049,"[3, 13, 937]","[0, -10, 0, 0, 0, 2, 0, 0]","[2, 3, 5, 7, 11, 13, 17, 19]"
158369/59049,2.68199292,158369,59049,"[3, 29, 43, 127]","[0, -10, 0, 0, 0, 0, 0, 0]","[2, 3, 5, 7, 11, 13, 17, 19]"
158405/59049,2.68260258,158405,59049,"[3, 5, 13, 2437]","[0, -10, 1, 0, 0, 1, 0, 0]","[2, 3, 5, 7, 11, 13, 17, 19]"
158450/59049,2.68336466,158450,59049,"[2, 3, 5, 3169]","[1, -10, 2, 0, 0, 0, 0, 0]","[2, 3, 5, 7, 11, 13, 17, 19]"
158486/59049,2.68397433,158486,59049,"[2, 3, 109, 727]","[1, -10, 0, 0, 0, 0, 0, 0]","[2, 3, 5, 7, 11, 13, 17, 19]"
158722/59049,2.68797101,158722,59049,"[2, 3, 61, 1301]","[1, -10, 0, 0, 0, 0, 0, 0]","[2, 3, 5, 7, 11, 13, 17, 19]"
158945/59049,2.69174753,158945,59049,"[3, 5, 83, 383]","[0, -10, 1, 0, 0, 0, 0, 0]","[2, 3, 5, 7, 11, 13, 17, 19]"
158965/59049,2.69208623,158965,59049,"[3, 5, 31793]","[0, -10, 1, 0, 0, 0, 0, 0]","[2, 3, 5, 7, 11, 13, 17, 19]"
158981/59049,2.69235719,158981,59049,"[3, 158981]","[0, -10, 0, 0, 0, 0, 0, 0]","[2, 3, 5, 7, 11, 13, 17, 19]"
159026/59049,2.69311927,159026,59049,"[2, 3, 7, 37, 307]","[1, -10, 0, 1, 0, 0, 0, 0]","[2, 3, 5, 7, 11, 13, 17, 19]"
159062/59049,2.69372894,159062,59049,"[2, 3, 79531]","[1, -10, 0, 0, 0, 0, 0, 0]","[2, 3, 5, 7, 11, 13, 17, 19]"
159298/59049,2.69772562,159298,59049,"[2, 3, 23, 3463]","[1, -10, 0, 0, 0, 0, 0, 0]","[2, 3, 5, 7, 11, 13, 17, 19]"
159334/59049,2.69833528,159334,59049,"[2, 3, 7, 19, 599]","[1, -10, 0, 1, 0, 0, 0, 1]","[2, 3, 5, 7, 11, 13, 17, 19]"
159377/59049,2.69906349,159377,59049,"[3, 47, 3391]","[0, -10, 0, 0, 0, 0, 0, 0]","[2, 3, 5, 7, 11, 13, 17, 19]"
159649/59049,2.70366983,159649,59049,"[3, 7, 22807]","[0, -10, 0, 1, 0, 0, 0, 0]","[2, 3, 5, 7, 11, 13, 17, 19]"
159730/59049,2.70504158,159730,59049,"[2, 3, 5, 15973]","[1, -10, 1, 0, 0, 0, 0, 0]","[2, 3, 5, 7, 11, 13, 17, 19]"
159746/59049,2.70531254,159746,59049,"[2, 3, 79873]","[1, -10, 0, 0, 0, 0, 0, 0]","[2, 3, 5, 7, 11, 13, 17, 19]"
159989/59049,2.70942776,159989,59049,"[3, 139, 1151]","[0, -10, 0, 0, 0, 0, 0, 0]","[2, 3, 5, 7, 11, 13, 17, 19]"
160225/59049,2.71342444,160225,59049,"[3, 5, 13, 17, 29]","[0, -10, 2, 0, 0, 1, 1, 0]","[2, 3, 5, 7, 11, 13, 17, 19]"
160261/59049,2.71403411,160261,59049,"[3, 43, 3727]","[0, -10, 0, 0, 0, 0, 0, 0]","[2, 3, 5, 7, 11, 13, 17, 19]"
160306/59049,2.71479619,160306,59049,"[2, 3, 80153]","[1, -10, 0, 0, 0, 0, 0, 0]","[2, 3, 5, 7, 11, 13, 17, 19]"
160322/59049,2.71506715,160322,59049,"[2, 3, 19, 4219]","[1, -10, 0, 0, 0, 0, 0, 1]","[2, 3, 5, 7, 11, 13, 17, 19]"
160342/59049,2.71540585,160342,59049,"[2, 3, 7, 13, 881]","[1, -10, 0, 1, 0, 1, 0, 0]","[2, 3, 5, 7, 11, 13, 17, 19]"
160358/59049,2.71567681,160358,59049,"[2, 3, 11, 37, 197]","[1, -10, 0, 0, 1, 0, 0, 0]","[2, 3, 5, 7, 11, 13, 17, 19]"
160673/59049,2.72101136,160673,59049,"[3, 31, 71, 73]","[0, -10, 0, 0, 0, 0, 0, 0]","[2, 3, 5, 7, 11, 13, 17, 19]"
160754/59049,2.72238311,160754,59049,"[2, 3, 11, 7307]","[1, -10, 0, 0, 1, 0, 0, 0]","[2, 3, 5, 7, 11, 13, 17, 19]"
160837/59049,2.72378872,160837,59049,"[3, 17, 9461]","[0, -10, 0, 0, 0, 0, 1, 0]","[2, 3, 5, 7, 11, 13, 17, 19]"
160918/59049,2.72516046,160918,59049,"[2, 3, 61, 1319]","[1, -10, 0, 0, 0, 0, 0, 0]","[2, 3, 5, 7, 11, 13, 17, 19]"
161026/59049,2.72698945,161026,59049,"[2, 3, 80513]","[1, -10, 0, 0, 0, 0, 0, 0]","[2, 3, 5, 7, 11, 13, 17, 19]"
161249/59049,2.73076597,161249,59049,"[3, 11, 107, 137]","[0, -10, 0, 0, 1, 0, 0, 0]","[2, 3, 5, 7, 11, 13, 17, 19]"
161269/59049,2.73110468,161269,59049,"[3, 29, 67, 83]","[0, -10, 0, 0, 0, 0, 0, 0]","[2, 3, 5, 7, 11, 13, 17, 19]"
161285/59049,2.73137564,161285,59049,"[3, 5, 32257]","[0, -10, 1, 0, 0, 0, 0, 0]","[2, 3, 5, 7, 11, 13, 17, 19]"
161330/59049,2.73213772,161330,59049,"[2, 3, 5, 13, 17, 73]","[1, -10, 1, 0, 0, 1, 1, 0]","[2, 3, 5, 7, 11, 13, 17, 19]"
161366/59049,2.73274738,161366,59049,"[2, 3, 80683]","[1, -10, 0, 0, 0, 0, 0, 0]","[2, 3, 5, 7, 11, 13, 17, 19]"
161602/59049,2.73674406,161602,59049,"[2, 3, 7, 17, 97]","[1, -10, 0, 2, 0, 0, 1, 0]","[2, 3, 5, 7, 11, 13, 17, 19]"
161638/59049,2.73735372,161638,59049,"[2, 3, 80819]","[1, -10, 0, 0, 0, 0, 0, 0]","[2, 3, 5, 7, 11, 13, 17, 19]"
161861/59049,2.74113025,161861,59049,"[3, 7, 19, 1217]","[0, -10, 0, 1, 0, 0, 0, 1]","[2, 3, 5, 7, 11, 13, 17, 19]"
161942/59049,2.74250199,161942,59049,"[2, 3, 11, 17, 433]","[1, -10, 0, 0, 1, 0, 1, 0]","[2, 3, 5, 7, 11, 13, 17, 19]"
162050/59049,2.74433098,162050,59049,"[2, 3, 5, 7, 463]","[1, -10, 2, 1, 0, 0, 0, 0]","[2, 3, 5, 7, 11, 13, 17, 19]"
162133/59049,2.74573659,162133,59049,"[3, 73, 2221]","[0, -10, 0, 0, 0, 0, 0, 0]","[2, 3, 5, 7, 11, 13, 17, 19]"
162214/59049,2.74710833,162214,59049,"[2, 3, 13, 17, 367]","[1, -10, 0, 0, 0, 1, 1, 0]","[2, 3, 5, 7, 11, 13, 17, 19]"
162293/59049,2.74844621,162293,59049,"[3, 162293]","[0, -10, 0, 0, 0, 0, 0, 0]","[2, 3, 5, 7, 11, 13, 17, 19]"
162529/59049,2.75244289,162529,59049,"[3, 162529]","[0, -10, 0, 0, 0, 0, 0, 0]","[2, 3, 5, 7, 11, 13, 17, 19]"
162565/59049,2.75305255,162565,59049,"[3, 5, 13, 41, 61]","[0, -10, 1, 0, 0, 1, 0, 0]","[2, 3, 5, 7, 11, 13, 17, 19]"
162610/59049,2.75381463,162610,59049,"[2, 3, 5, 7, 23, 101]","[1, -10, 1, 1, 0, 0, 0, 0]","[2, 3, 5, 7, 11, 13, 17, 19]"
162626/59049,2.75408559,162626,59049,"[2, 3, 31, 43, 61]","[1, -10, 0, 0, 0, 0, 0, 0]","[2, 3, 5, 7, 11, 13, 17, 19]"
162646/59049,2.75442429,162646,59049,"[2, 3, 11, 7393]","[1, -10, 0, 0, 1, 0, 0, 0]","[2, 3, 5, 7, 11, 13, 17, 19]"
162662/59049,2.75469525,162662,59049,"[2, 3, 81331]","[1, -10, 0, 0, 0, 0, 0, 0]","[2, 3, 5, 7, 11, 13, 17, 19]"
163105/59049,2.76219750,163105,59049,"[3, 5, 32621]","[0, -10, 1, 0, 0, 0, 0, 0]","[2, 3, 5, 7, 11, 13, 17, 19]"
163141/59049,2.76280716,163141,59049,"[3, 11, 14831]","[0, -10, 0, 0, 1, 0, 0, 0]","[2, 3, 5, 7, 11, 13, 17, 19]"
163157/59049,2.76307812,163157,59049,"[3, 241, 677]","[0, -10, 0, 0, 0, 0, 0, 0]","[2, 3, 5, 7, 11, 13, 17, 19]"
163222/59049,2.76417890,163222,59049,"[2, 3, 81611]","[1, -10, 0, 0, 0, 0, 0, 0]","[2, 3, 5, 7, 11, 13, 17, 19]"
163238/59049,2.76444986,163238,59049,"[2, 3, 81619]","[1, -10, 0, 0, 0, 0, 0, 0]","[2, 3, 5, 7, 11, 13, 17, 19]"
163553/59049,2.76978442,163553,59049,"[3, 13, 23, 547]","[0, -10, 0, 0, 0, 1, 0, 0]","[2, 3, 5, 7, 11, 13, 17, 19]"
163589/59049,2.77039408,163589,59049,"[3, 29, 5641]","[0, -10, 0, 0, 0, 0, 0, 0]","[2, 3, 5, 7, 11, 13, 17, 19]"
163634/59049,2.77115616,163634,59049,"[2, 3, 81817]","[1, -10, 0, 0, 0, 0, 0, 0]","[2, 3, 5, 7, 11, 13, 17, 19]"
163670/59049,2.77176582,163670,59049,"[2, 3, 5, 13, 1259]","[1, -10, 1, 0, 0, 1, 0, 0]","[2, 3, 5, 7, 11, 13, 17, 19]"
163906/59049,2.77576250,163906,59049,"[2, 3, 81953]","[1, -10, 0, 0, 0, 0, 0, 0]","[2, 3, 5, 7, 11, 13, 17, 19]"
163942/59049,2.77637217,163942,59049,"[2, 3, 81971]","[1, -10, 0, 0, 0, 0, 0, 0]","[2, 3, 5, 7, 11, 13, 17, 19]"
164129/59049,2.77953903,164129,59049,"[3, 7, 23447]","[0, -10, 0, 1, 0, 0, 0, 0]","[2, 3, 5, 7, 11, 13, 17, 19]"
164165/59049,2.78014869,164165,59049,"[3, 5, 32833]","[0, -10, 1, 0, 0, 0, 0, 0]","[2, 3, 5, 7, 11, 13, 17, 19]"
164246/59049,2.78152043,164246,59049,"[2, 3, 41, 2003]","[1, -10, 0, 0, 0, 0, 0, 0]","[2, 3, 5, 7, 11, 13, 17, 19]"
164437/59049,2.78475503,164437,59049,"[3, 7, 13, 139]","[0, -10, 0, 1, 0, 2, 0, 0]","[2, 3, 5, 7, 11, 13, 17, 19]"
164482/59049,2.78551711,164482,59049,"[2, 3, 82241]","[1, -10, 0, 0, 0, 0, 0, 0]","[2, 3, 5, 7, 11, 13, 17, 19]"
164518/59049,2.78612678,164518,59049,"[2, 3, 43, 1913]","[1, -10, 0, 0, 0, 0, 0, 0]","[2, 3, 5, 7, 11, 13, 17, 19]"
164833/59049,2.79146133,164833,59049,"[3, 191, 863]","[0, -10, 0, 0, 0, 0, 0, 0]","[2, 3, 5, 7, 11, 13, 17, 19]"
164914/59049,2.79283307,164914,59049,"[2, 3, 82457]","[1, -10, 0, 0, 0, 0, 0, 0]","[2, 3, 5, 7, 11, 13, 17, 19]"
164930/59049,2.79310403,164930,59049,"[2, 3, 5, 16493]","[1, -10, 1, 0, 0, 0, 0, 0]","[2, 3, 5, 7, 11, 13, 17, 19]"
164966/59049,2.79371370,164966,59049,"[2, 3, 82483]","[1, -10, 0, 0, 0, 0, 0, 0]","[2, 3, 5, 7, 11, 13, 17, 19]"
165409/59049,2.80121594,165409,59049,"[3, 251, 659]","[0, -10, 0, 0, 0, 0, 0, 0]","[2, 3, 5, 7, 11, 13, 17, 19]"
165445/59049,2.80182560,165445,59049,"[3, 5, 7, 29, 163]","[0, -10, 1, 1, 0, 0, 0, 0]","[2, 3, 5, 7, 11, 13, 17, 19]"
165461/59049,2.80209656,165461,59049,"[3, 17, 9733]","[0, -10, 0, 0, 0, 0, 1, 0]","[2, 3, 5, 7, 11, 13, 17, 19]"
165506/59049,2.80285864,165506,59049,"[2, 3, 11, 7523]","[1, -10, 0, 0, 1, 0, 0, 0]","[2, 3, 5, 7, 11, 13, 17, 19]"
165526/59049,2.80319734,165526,59049,"[2, 3, 82763]","[1, -10, 0, 0, 0, 0, 0, 0]","[2, 3, 5, 7, 11, 13, 17, 19]"
165542/59049,2.80346831,165542,59049,"[2, 3, 13, 6367]","[1, -10, 0, 0, 0, 1, 0, 0]","[2, 3, 5, 7, 11, 13, 17, 19]"
165857/59049,2.80880286,165857,59049,"[3, 165857]","[0, -10, 0, 0, 0, 0, 0, 0]","[2, 3, 5, 7, 11, 13, 17, 19]"
165938/59049,2.81017460,165938,59049,"[2, 3, 29, 2861]","[1, -10, 0, 0, 0, 0, 0, 0]","[2, 3, 5, 7, 11, 13, 17, 19]"
166021/59049,2.81158021,166021,59049,"[3, 166021]","[0, -10, 0, 0, 0, 0, 0, 0]","[2, 3, 5, 7, 11, 13, 17, 19]"
166210/59049,2.81478094,166210,59049,"[2, 3, 5, 11, 1511]","[1, -10, 1, 0, 1, 0, 0, 0]","[2, 3, 5, 7, 11, 13, 17, 19]"
166433/59049,2.81855747,166433,59049,"[3, 149, 1117]","[0, -10, 0, 0, 0, 0, 0, 0]","[2, 3, 5, 7, 11, 13, 17, 19]"
166469/59049,2.81916713,166469,59049,"[3, 61, 2729]","[0, -10, 0, 0, 0, 0, 0, 0]","[2, 3, 5, 7, 11, 13, 17, 19]"
166550/59049,2.82053887,166550,59049,"[2, 3, 5, 3331]","[1, -10, 2, 0, 0, 0, 0, 0]","[2, 3, 5, 7, 11, 13, 17, 19]"
166741/59049,2.82377348,166741,59049,"[3, 166741]","[0, -10, 0, 0, 0, 0, 0, 0]","[2, 3, 5, 7, 11, 13, 17, 19]"
166786/59049,2.82453556,166786,59049,"[2, 3, 89, 937]","[1, -10, 0, 0, 0, 0, 0, 0]","[2, 3, 5, 7, 11, 13, 17, 19]"
166822/59049,2.82514522,166822,59049,"[2, 3, 239, 349]","[1, -10, 0, 0, 0, 0, 0, 0]","[2, 3, 5, 7, 11, 13, 17, 19]"
167045/59049,2.82892174,167045,59049,"[3, 5, 33409]","[0, -10, 1, 0, 0, 0, 0, 0]","[2, 3, 5, 7, 11, 13, 17, 19]"
167234/59049,2.83212247,167234,59049,"[2, 3, 83617]","[1, -10, 0, 0, 0, 0, 0, 0]","[2, 3, 5, 7, 11, 13, 17, 19]"
167317/59049,2.83352809,167317,59049,"[3, 167317]","[0, -10, 0, 0, 0, 0, 0, 0]","[2, 3, 5, 7, 11, 13, 17, 19]"
167398/59049,2.83489983,167398,59049,"[2, 3, 7, 11, 1087]","[1, -10, 0, 1, 1, 0, 0, 0]","[2, 3, 5, 7, 11, 13, 17, 19]"
167713/59049,2.84023438,167713,59049,"[3, 7, 13, 19, 97]","[0, -10, 0, 1, 0, 1, 0, 1]","[2, 3, 5, 7, 11, 13, 17, 19]"
167749/59049,2.84084404,167749,59049,"[3, 271, 619]","[0, -10, 0, 0, 0, 0, 0, 0]","[2, 3, 5, 7, 11, 13, 17, 19]"
167765/59049,2.84111501,167765,59049,"[3, 5, 13, 29, 89]","[0, -10, 1, 0, 0, 1, 0, 0]","[2, 3, 5, 7, 11, 13, 17, 19]"
167810/59049,2.84187709,167810,59049,"[2, 3, 5, 97, 173]","[1, -10, 1, 0, 0, 0, 0, 0]","[2, 3, 5, 7, 11, 13, 17, 19]"
167830/59049,2.84221579,167830,59049,"[2, 3, 5, 13, 1291]","[1, -10, 1, 0, 0, 1, 0, 0]","[2, 3, 5, 7, 11, 13, 17, 19]"
167846/59049,2.84248675,167846,59049,"[2, 3, 7, 19, 631]","[1, -10, 0, 1, 0, 0, 0, 1]","[2, 3, 5, 7, 11, 13, 17, 19]"
168325/59049,2.85059866,168325,59049,"[3, 5, 6733]","[0, -10, 2, 0, 0, 0, 0, 0]","[2, 3, 5, 7, 11, 13, 17, 19]"
168341/59049,2.85086962,168341,59049,"[3, 71, 2371]","[0, -10, 0, 0, 0, 0, 0, 0]","[2, 3, 5, 7, 11, 13, 17, 19]"
168422/59049,2.85224136,168422,59049,"[2, 3, 84211]","[1, -10, 0, 0, 0, 0, 0, 0]","[2, 3, 5, 7, 11, 13, 17, 19]"
168694/59049,2.85684770,168694,59049,"[2, 3, 84347]","[1, -10, 0, 0, 0, 0, 0, 0]","[2, 3, 5, 7, 11, 13, 17, 19]"
168737/59049,2.85757591,168737,59049,"[3, 168737]","[0, -10, 0, 0, 0, 0, 0, 0]","[2, 3, 5, 7, 11, 13, 17, 19]"
168773/59049,2.85818557,168773,59049,"[3, 11, 67, 229]","[0, -10, 0, 0, 1, 0, 0, 0]","[2, 3, 5, 7, 11, 13, 17, 19]"
168854/59049,2.85955732,168854,59049,"[2, 3, 7, 1723]","[1, -10, 0, 2, 0, 0, 0, 0]","[2, 3, 5, 7, 11, 13, 17, 19]"
169045/59049,2.86279192,169045,59049,"[3, 5, 33809]","[0, -10, 1, 0, 0, 0, 0, 0]","[2, 3, 5, 7, 11, 13, 17, 19]"
169090/59049,2.86355400,169090,59049,"[2, 3, 5, 37, 457]","[1, -10, 1, 0, 0, 0, 0, 0]","[2, 3, 5, 7, 11, 13, 17, 19]"
169126/59049,2.86416366,169126,59049,"[2, 3, 103, 821]","[1, -10, 0, 0, 0, 0, 0, 0]","[2, 3, 5, 7, 11, 13, 17, 19]"
169349/59049,2.86794019,169349,59049,"[3, 23, 37, 199]","[0, -10, 0, 0, 0, 0, 0, 0]","[2, 3, 5, 7, 11, 13, 17, 19]"
169621/59049,2.87254653,169621,59049,"[3, 29, 5849]","[0, -10, 0, 0, 0, 0, 0, 0]","[2, 3, 5, 7, 11, 13, 17, 19]"
169666/59049,2.87330861,169666,59049,"[2, 3, 7, 12119]","[1, -10, 0, 1, 0, 0, 0, 0]","[2, 3, 5, 7, 11, 13, 17, 19]"
169702/59049,2.87391827,169702,59049,"[2, 3, 13, 61, 107]","[1, -10, 0, 0, 0, 1, 0, 0]","[2, 3, 5, 7, 11, 13, 17, 19]"
169718/59049,2.87418923,169718,59049,"[2, 3, 84859]","[1, -10, 0, 0, 0, 0, 0, 0]","[2, 3, 5, 7, 11, 13, 17, 19]"
170017/59049,2.87925282,170017,59049,"[3, 17, 73, 137]","[0, -10, 0, 0, 0, 0, 1, 0]","[2, 3, 5, 7, 11, 13, 17, 19]"
170069/59049,2.88013345,170069,59049,"[3, 19, 8951]","[0, -10, 0, 0, 0, 0, 0, 1]","[2, 3, 5, 7, 11, 13, 17, 19]"
170114/59049,2.88089553,170114,59049,"[2, 3, 7, 29, 419]","[1, -10, 0, 1, 0, 0, 0, 0]","[2, 3, 5, 7, 11, 13, 17, 19]"
170150/59049,2.88150519,170150,59049,"[2, 3, 5, 41, 83]","[1, -10, 2, 0, 0, 0, 0, 0]","[2, 3, 5, 7, 11, 13, 17, 19]"
170629/59049,2.88961710,170629,59049,"[3, 17, 10037]","[0, -10, 0, 0, 0, 0, 1, 0]","[2, 3, 5, 7, 11, 13, 17, 19]"
170645/59049,2.88988806,170645,59049,"[3, 5, 34129]","[0, -10, 1, 0, 0, 0, 0, 0]","[2, 3, 5, 7, 11, 13, 17, 19]"
170690/59049,2.89065014,170690,59049,"[2, 3, 5, 13, 101]","[1, -10, 1, 0, 0, 2, 0, 0]","[2, 3, 5, 7, 11, 13, 17, 19]"
170726/59049,2.89125980,170726,59049,"[2, 3, 85363]","[1, -10, 0, 0, 0, 0, 0, 0]","[2, 3, 5, 7, 11, 13, 17, 19]"
170998/59049,2.89586615,170998,59049,"[2, 3, 193, 443]","[1, -10, 0, 0, 0, 0, 0, 0]","[2, 3, 5, 7, 11, 13, 17, 19]"
171041/59049,2.89659435,171041,59049,"[3, 13, 59, 223]","[0, -10, 0, 0, 0, 1, 0, 0]","[2, 3, 5, 7, 11, 13, 17, 19]"
171394/59049,2.90257244,171394,59049,"[2, 3, 17, 71]","[1, -10, 0, 0, 0, 0, 1, 0]","[2, 3, 5, 7, 11, 13, 17, 19]"
171610/59049,2.90623042,171610,59049,"[2, 3, 5, 131]","[1, -10, 1, 0, 0, 0, 0, 0]","[2, 3, 5, 7, 11, 13, 17, 19]"
171653/59049,2.90695863,171653,59049,"[3, 171653]","[0, -10, 0, 0, 0, 0, 0, 0]","[2, 3, 5, 7, 11, 13, 17, 19]"
171925/59049,2.91156497,171925,59049,"[3, 5, 13, 23]","[0, -10, 2, 0, 0, 1, 0, 0]","[2, 3, 5, 7, 11, 13, 17, 19]"
171970/59049,2.91232705,171970,59049,"[2, 3, 5, 29, 593]","[1, -10, 1, 0, 0, 0, 0, 0]","[2, 3, 5, 7, 11, 13, 17, 19]"
172006/59049,2.91293671,172006,59049,"[2, 3, 17, 5059]","[1, -10, 0, 0, 0, 0, 1, 0]","[2, 3, 5, 7, 11, 13, 17, 19]"
172022/59049,2.91320767,172022,59049,"[2, 3, 86011]","[1, -10, 0, 0, 0, 0, 0, 0]","[2, 3, 5, 7, 11, 13, 17, 19]"
172418/59049,2.91991397,172418,59049,"[2, 3, 86209]","[1, -10, 0, 0, 0, 0, 0, 0]","[2, 3, 5, 7, 11, 13, 17, 19]"
172501/59049,2.92131958,172501,59049,"[3, 7, 19, 1297]","[0, -10, 0, 1, 0, 0, 0, 1]","[2, 3, 5, 7, 11, 13, 17, 19]"
172582/59049,2.92269132,172582,59049,"[2, 3, 86291]","[1, -10, 0, 0, 0, 0, 0, 0]","[2, 3, 5, 7, 11, 13, 17, 19]"
172634/59049,2.92357195,172634,59049,"[2, 3, 7, 11, 19, 59]","[1, -10, 0, 1, 1, 0, 0, 1]","[2, 3, 5, 7, 11, 13, 17, 19]"
172933/59049,2.92863554,172933,59049,"[3, 172933]","[0, -10, 0, 0, 0, 0, 0, 0]","[2, 3, 5, 7, 11, 13, 17, 19]"
172949/59049,2.92890650,172949,59049,"[3, 7, 31, 797]","[0, -10, 0, 1, 0, 0, 0, 0]","[2, 3, 5, 7, 11, 13, 17, 19]"
172994/59049,2.92966858,172994,59049,"[2, 3, 67, 1291]","[1, -10, 0, 0, 0, 0, 0, 0]","[2, 3, 5, 7, 11, 13, 17, 19]"
173030/59049,2.93027824,173030,59049,"[2, 3, 5, 11, 13]","[1, -10, 1, 0, 3, 1, 0, 0]","[2, 3, 5, 7, 11, 13, 17, 19]"
173302/59049,2.93488459,173302,59049,"[2, 3, 73, 1187]","[1, -10, 0, 0, 0, 0, 0, 0]","[2, 3, 5, 7, 11, 13, 17, 19]"
173525/59049,2.93866111,173525,59049,"[3, 5, 11, 631]","[0, -10, 2, 0, 1, 0, 0, 0]","[2, 3, 5, 7, 11, 13, 17, 19]"
173606/59049,2.94003285,173606,59049,"[2, 3, 61, 1423]","[1, -10, 0, 0, 0, 0, 0, 0]","[2, 3, 5, 7, 11, 13, 17, 19]"
173797/59049,2.94326746,173797,59049,"[3, 13, 29, 461]","[0, -10, 0, 0, 0, 1, 0, 0]","[2, 3, 5, 7, 11, 13, 17, 19]"
173878/59049,2.94463920,173878,59049,"[2, 3, 86939]","[1, -10, 0, 0, 0, 0, 0, 0]","[2, 3, 5, 7, 11, 13, 17, 19]"
173914/59049,2.94524886,173914,59049,"[2, 3, 13, 6689]","[1, -10, 0, 0, 0, 1, 0, 0]","[2, 3, 5, 7, 11, 13, 17, 19]"
173957/59049,2.94597707,173957,59049,"[3, 7, 24851]","[0, -10, 0, 1, 0, 0, 0, 0]","[2, 3, 5, 7, 11, 13, 17, 19]"
174229/59049,2.95058341,174229,59049,"[3, 11, 47, 337]","[0, -10, 0, 0, 1, 0, 0, 0]","[2, 3, 5, 7, 11, 13, 17, 19]"
174274/59049,2.95134549,174274,59049,"[2, 3, 79, 1103]","[1, -10, 0, 0, 0, 0, 0, 0]","[2, 3, 5, 7, 11, 13, 17, 19]"
174310/59049,2.95195516,174310,59049,"[2, 3, 5, 17431]","[1, -10, 1, 0, 0, 0, 0, 0]","[2, 3, 5, 7, 11, 13, 17, 19]"
174326/59049,2.95222612,174326,59049,"[2, 3, 101, 863]","[1, -10, 0, 0, 0, 0, 0, 0]","[2, 3, 5, 7, 11, 13, 17, 19]"
174805/59049,2.96033802,174805,59049,"[3, 5, 34961]","[0, -10, 1, 0, 0, 0, 0, 0]","[2, 3, 5, 7, 11, 13, 17, 19]"
174821/59049,2.96060899,174821,59049,"[3, 174821]","[0, -10, 0, 0, 0, 0, 0, 0]","[2, 3, 5, 7, 11, 13, 17, 19]"
174886/59049,2.96170977,174886,59049,"[2, 3, 87443]","[1, -10, 0, 0, 0, 0, 0, 0]","[2, 3, 5, 7, 11, 13, 17, 19]"
174902/59049,2.96198073,174902,59049,"[2, 3, 7, 13, 31]","[1, -10, 0, 1, 0, 1, 0, 0]","[2, 3, 5, 7, 11, 13, 17, 19]"
174938/59049,2.96259039,174938,59049,"[2, 3, 23, 3803]","[1, -10, 0, 0, 0, 0, 0, 0]","[2, 3, 5, 7, 11, 13, 17, 19]"
175253/59049,2.96792494,175253,59049,"[3, 13, 17, 61]","[0, -10, 0, 0, 0, 2, 1, 0]","[2, 3, 5, 7, 11, 13, 17, 19]"
175298/59049,2.96868702,175298,59049,"[2, 3, 87649]","[1, -10, 0, 0, 0, 0, 0, 0]","[2, 3, 5, 7, 11, 13, 17, 19]"
175334/59049,2.96929669,175334,59049,"[2, 3, 29, 3023]","[1, -10, 0, 0, 0, 0, 0, 0]","[2, 3, 5, 7, 11, 13, 17, 19]"
175606/59049,2.97390303,175606,59049,"[2, 3, 87803]","[1, -10, 0, 0, 0, 0, 0, 0]","[2, 3, 5, 7, 11, 13, 17, 19]"
175829/59049,2.97767955,175829,59049,"[3, 175829]","[0, -10, 0, 0, 0, 0, 0, 0]","[2, 3, 5, 7, 11, 13, 17, 19]"
175910/59049,2.97905130,175910,59049,"[2, 3, 5, 7, 359]","[1, -10, 1, 2, 0, 0, 0, 0]","[2, 3, 5, 7, 11, 13, 17, 19]"
176101/59049,2.98228590,176101,59049,"[3, 229, 769]","[0, -10, 0, 0, 0, 0, 0, 0]","[2, 3, 5, 7, 11, 13, 17, 19]"
176182/59049,2.98365764,176182,59049,"[2, 3, 137, 643]","[1, -10, 0, 0, 0, 0, 0, 0]","[2, 3, 5, 7, 11, 13, 17, 19]"
176218/59049,2.98426730,176218,59049,"[2, 3, 7, 41, 307]","[1, -10, 0, 1, 0, 0, 0, 0]","[2, 3, 5, 7, 11, 13, 17, 19]"
176578/59049,2.99036394,176578,59049,"[2, 3, 88289]","[1, -10, 0, 0, 0, 0, 0, 0]","[2, 3, 5, 7, 11, 13, 17, 19]"
176630/59049,2.99124456,176630,59049,"[2, 3, 5, 17, 1039]","[1, -10, 1, 0, 0, 0, 1, 0]","[2, 3, 5, 7, 11, 13, 17, 19]"
176794/59049,2.99402191,176794,59049,"[2, 3, 88397]","[1, -10, 0, 0, 0, 0, 0, 0]","[2, 3, 5, 7, 11, 13, 17, 19]"
177109/59049,2.99935647,177109,59049,"[3, 177109]","[0, -10, 0, 0, 0, 0, 0, 0]","[2, 3, 5, 7, 11, 13, 17, 19]"
177125/59049,2.99962743,177125,59049,"[3, 5, 13, 109]","[0, -10, 3, 0, 0, 1, 0, 0]","[2, 3, 5, 7, 11, 13, 17, 19]"
177190/59049,3.00072821,177190,59049,"[2, 3, 5, 13, 29, 47]","[1, -10, 1, 0, 0, 1, 0, 0]","[2, 3, 5, 7, 11, 13, 17, 19]"
177206/59049,3.00099917,177206,59049,"[2, 3, 251, 353]","[1, -10, 0, 0, 0, 0, 0, 0]","[2, 3, 5, 7, 11, 13, 17, 19]"
177242/59049,3.00160883,177242,59049,"[2, 3, 13, 17, 401]","[1, -10, 0, 0, 0, 1, 1, 0]","[2, 3, 5, 7, 11, 13, 17, 19]"
177602/59049,3.00770546,177602,59049,"[2, 3, 88801]","[1, -10, 0, 0, 0, 0, 0, 0]","[2, 3, 5, 7, 11, 13, 17, 19]"
177685/59049,3.00911108,177685,59049,"[3, 5, 35537]","[0, -10, 1, 0, 0, 0, 0, 0]","[2, 3, 5, 7, 11, 13, 17, 19]"
177818/59049,3.01136344,177818,59049,"[2, 3, 67, 1327]","[1, -10, 0, 0, 0, 0, 0, 0]","[2, 3, 5, 7, 11, 13, 17, 19]"
178133/59049,3.01669800,178133,59049,"[3, 53, 3361]","[0, -10, 0, 0, 0, 0, 0, 0]","[2, 3, 5, 7, 11, 13, 17, 19]"
178171/59049,3.01734153,178171,59049,"[3, 7, 25453]","[0, -10, 0, 1, 0, 0, 0, 0]","[2, 3, 5, 7, 11, 13, 17, 19]"
178214/59049,3.01806974,178214,59049,"[2, 3, 89107]","[1, -10, 0, 0, 0, 0, 0, 0]","[2, 3, 5, 7, 11, 13, 17, 19]"
178405/59049,3.02130434,178405,59049,"[3, 5, 31, 1151]","[0, -10, 1, 0, 0, 0, 0, 0]","[2, 3, 5, 7, 11, 13, 17, 19]"
178486/59049,3.02267608,178486,59049,"[2, 3, 7, 11, 19, 61]","[1, -10, 0, 1, 1, 0, 0, 1]","[2, 3, 5, 7, 11, 13, 17, 19]"
178522/59049,3.02328575,178522,59049,"[2, 3, 89261]","[1, -10, 0, 0, 0, 0, 0, 0]","[2, 3, 5, 7, 11, 13, 17, 19]"
178709/59049,3.02645261,178709,59049,"[3, 173, 1033]","[0, -10, 0, 0, 0, 0, 0, 0]","[2, 3, 5, 7, 11, 13, 17, 19]"
178981/59049,3.03105895,178981,59049,"[3, 11, 53, 307]","[0, -10, 0, 0, 1, 0, 0, 0]","[2, 3, 5, 7, 11, 13, 17, 19]"
179062/59049,3.03243069,179062,59049,"[2, 3, 13, 71, 97]","[1, -10, 0, 0, 0, 1, 0, 0]","[2, 3, 5, 7, 11, 13, 17, 19]"
179098/59049,3.03304036,179098,59049,"[2, 3, 149, 601]","[1, -10, 0, 0, 0, 0, 0, 0]","[2, 3, 5, 7, 11, 13, 17, 19]"
179195/59049,3.03468306,179195,59049,"[3, 5, 35839]","[0, -10, 1, 0, 0, 0, 0, 0]","[2, 3, 5, 7, 11, 13, 17, 19]"
179413/59049,3.03837491,179413,59049,"[3, 13, 37, 373]","[0, -10, 0, 0, 0, 1, 0, 0]","[2, 3, 5, 7, 11, 13, 17, 19]"
179429/59049,3.03864587,179429,59049,"[3, 179429]","[0, -10, 0, 0, 0, 0, 0, 0]","[2, 3, 5, 7, 11, 13, 17, 19]"
179494/59049,3.03974665,179494,59049,"[2, 3, 7, 12821]","[1, -10, 0, 1, 0, 0, 0, 0]","[2, 3, 5, 7, 11, 13, 17, 19]"
179510/59049,3.04001761,179510,59049,"[2, 3, 5, 29, 619]","[1, -10, 1, 0, 0, 0, 0, 0]","[2, 3, 5, 7, 11, 13, 17, 19]"
179546/59049,3.04062728,179546,59049,"[2, 3, 107, 839]","[1, -10, 0, 0, 0, 0, 0, 0]","[2, 3, 5, 7, 11, 13, 17, 19]"
179989/59049,3.04812952,179989,59049,"[3, 179989]","[0, -10, 0, 0, 0, 0, 0, 0]","[2, 3, 5, 7, 11, 13, 17, 19]"
180005/59049,3.04840048,180005,59049,"[3, 5, 7, 37, 139]","[0, -10, 1, 1, 0, 0, 0, 0]","[2, 3, 5, 7, 11, 13, 17, 19]"
180086/59049,3.04977222,180086,59049,"[2, 3, 127, 709]","[1, -10, 0, 0, 0, 0, 0, 0]","[2, 3, 5, 7, 11, 13, 17, 19]"
180122/59049,3.05038189,180122,59049,"[2, 3, 113, 797]","[1, -10, 0, 0, 0, 0, 0, 0]","[2, 3, 5, 7, 11, 13, 17, 19]"
180358/59049,3.05437857,180358,59049,"[2, 3, 31, 2909]","[1, -10, 0, 0, 0, 0, 0, 0]","[2, 3, 5, 7, 11, 13, 17, 19]"
180437/59049,3.05571644,180437,59049,"[3, 180437]","[0, -10, 0, 0, 0, 0, 0, 0]","[2, 3, 5, 7, 11, 13, 17, 19]"
180475/59049,3.05635997,180475,59049,"[3, 5, 7219]","[0, -10, 2, 0, 0, 0, 0, 0]","[2, 3, 5, 7, 11, 13, 17, 19]"
180518/59049,3.05708818,180518,59049,"[2, 3, 13, 53, 131]","[1, -10, 0, 0, 0, 1, 0, 0]","[2, 3, 5, 7, 11, 13, 17, 19]"
180709/59049,3.06032278,180709,59049,"[3, 19, 9511]","[0, -10, 0, 0, 0, 0, 0, 1]","[2, 3, 5, 7, 11, 13, 17, 19]"
180790/59049,3.06169452,180790,59049,"[2, 3, 5, 101, 179]","[1, -10, 1, 0, 0, 0, 0, 0]","[2, 3, 5, 7, 11, 13, 17, 19]"
181013/59049,3.06547105,181013,59049,"[3, 7, 19, 1361]","[0, -10, 0, 1, 0, 0, 0, 1]","[2, 3, 5, 7, 11, 13, 17, 19]"
181285/59049,3.07007739,181285,59049,"[3, 5, 13, 2789]","[0, -10, 1, 0, 0, 1, 0, 0]","[2, 3, 5, 7, 11, 13, 17, 19]"
181366/59049,3.07144914,181366,59049,"[2, 3, 29, 53, 59]","[1, -10, 0, 0, 0, 0, 0, 0]","[2, 3, 5, 7, 11, 13, 17, 19]"
181382/59049,3.07172010,181382,59049,"[2, 3, 89, 1019]","[1, -10, 0, 0, 0, 0, 0, 0]","[2, 3, 5, 7, 11, 13, 17, 19]"
181402/59049,3.07205880,181402,59049,"[2, 3, 13, 6977]","[1, -10, 0, 0, 0, 1, 0, 0]","[2, 3, 5, 7, 11, 13, 17, 19]"
181499/59049,3.07370150,181499,59049,"[3, 181499]","[0, -10, 0, 0, 0, 0, 0, 0]","[2, 3, 5, 7, 11, 13, 17, 19]"
181733/59049,3.07766431,181733,59049,"[3, 263, 691]","[0, -10, 0, 0, 0, 0, 0, 0]","[2, 3, 5, 7, 11, 13, 17, 19]"
181814/59049,3.07903605,181814,59049,"[2, 3, 90907]","[1, -10, 0, 0, 0, 0, 0, 0]","[2, 3, 5, 7, 11, 13, 17, 19]"
181978/59049,3.08181341,181978,59049,"[2, 3, 90989]","[1, -10, 0, 0, 0, 0, 0, 0]","[2, 3, 5, 7, 11, 13, 17, 19]"
182293/59049,3.08714796,182293,59049,"[3, 421, 433]","[0, -10, 0, 0, 0, 0, 0, 0]","[2, 3, 5, 7, 11, 13, 17, 19]"
182309/59049,3.08741892,182309,59049,"[3, 182309]","[0, -10, 0, 0, 0, 0, 0, 0]","[2, 3, 5, 7, 11, 13, 17, 19]"
182390/59049,3.08879067,182390,59049,"[2, 3, 5, 13, 23, 61]","[1, -10, 1, 0, 0, 1, 0, 0]","[2, 3, 5, 7, 11, 13, 17, 19]"
182426/59049,3.08940033,182426,59049,"[2, 3, 53, 1721]","[1, -10, 0, 0, 0, 0, 0, 0]","[2, 3, 5, 7, 11, 13, 17, 19]"
182662/59049,3.09339701,182662,59049,"[2, 3, 91331]","[1, -10, 0, 0, 0, 0, 0, 0]","[2, 3, 5, 7, 11, 13, 17, 19]"
182779/59049,3.09537841,182779,59049,"[3, 182779]","[0, -10, 0, 0, 0, 0, 0, 0]","[2, 3, 5, 7, 11, 13, 17, 19]"
183002/59049,3.09915494,183002,59049,"[2, 3, 37, 2473]","[1, -10, 0, 0, 0, 0, 0, 0]","[2, 3, 5, 7, 11, 13, 17, 19]"
183274/59049,3.10376128,183274,59049,"[2, 3, 7, 13, 19, 53]","[1, -10, 0, 1, 0, 1, 0, 1]","[2, 3, 5, 7, 11, 13, 17, 19]"
183317/59049,3.10448949,183317,59049,"[3, 183317]","[0, -10, 0, 0, 0, 0, 0, 0]","[2, 3, 5, 7, 11, 13, 17, 19]"
183355/59049,3.10513303,183355,59049,"[3, 5, 36671]","[0, -10, 1, 0, 0, 0, 0, 0]","[2, 3, 5, 7, 11, 13, 17, 19]"
183589/59049,3.10909584,183589,59049,"[3, 7, 26227]","[0, -10, 0, 1, 0, 0, 0, 0]","[2, 3, 5, 7, 11, 13, 17, 19]"
183670/59049,3.11046758,183670,59049,"[2, 3, 5, 18367]","[1, -10, 1, 0, 0, 0, 0, 0]","[2, 3, 5, 7, 11, 13, 17, 19]"
183686/59049,3.11073854,183686,59049,"[2, 3, 29, 3167]","[1, -10, 0, 0, 0, 0, 0, 0]","[2, 3, 5, 7, 11, 13, 17, 19]"
183706/59049,3.11107724,183706,59049,"[2, 3, 31, 2963]","[1, -10, 0, 0, 0, 0, 0, 0]","[2, 3, 5, 7, 11, 13, 17, 19]"
183803/59049,3.11271994,183803,59049,"[3, 41, 4483]","[0, -10, 0, 0, 0, 0, 0, 0]","[2, 3, 5, 7, 11, 13, 17, 19]"
184165/59049,3.11885045,184165,59049,"[3, 5, 36833]","[0, -10, 1, 0, 0, 0, 0, 0]","[2, 3, 5, 7, 11, 13, 17, 19]"
184246/59049,3.12022219,184246,59049,"[2, 3, 17, 5419]","[1, -10, 0, 0, 0, 0, 1, 0]","[2, 3, 5, 7, 11, 13, 17, 19]"
184282/59049,3.12083185,184282,59049,"[2, 3, 7, 13163]","[1, -10, 0, 1, 0, 0, 0, 0]","[2, 3, 5, 7, 11, 13, 17, 19]"
184298/59049,3.12110281,184298,59049,"[2, 3, 43, 2143]","[1, -10, 0, 0, 0, 0, 0, 0]","[2, 3, 5, 7, 11, 13, 17, 19]"
184379/59049,3.12247456,184379,59049,"[3, 13, 1091]","[0, -10, 0, 0, 0, 2, 0, 0]","[2, 3, 5, 7, 11, 13, 17, 19]"
184597/59049,3.12616640,184597,59049,"[3, 7, 26371]","[0, -10, 0, 1, 0, 0, 0, 0]","[2, 3, 5, 7, 11, 13, 17, 19]"
184613/59049,3.12643737,184613,59049,"[3, 11, 13, 1291]","[0, -10, 0, 0, 1, 1, 0, 0]","[2, 3, 5, 7, 11, 13, 17, 19]"
184694/59049,3.12780911,184694,59049,"[2, 3, 92347]","[1, -10, 0, 0, 0, 0, 0, 0]","[2, 3, 5, 7, 11, 13, 17, 19]"
184730/59049,3.12841877,184730,59049,"[2, 3, 5, 7, 13, 29]","[1, -10, 1, 2, 0, 1, 0, 0]","[2, 3, 5, 7, 11, 13, 17, 19]"
184966/59049,3.13241545,184966,59049,"[2, 3, 23, 4021]","[1, -10, 0, 0, 0, 0, 0, 0]","[2, 3, 5, 7, 11, 13, 17, 19]"
185083/59049,3.13439686,185083,59049,"[3, 59, 3137]","[0, -10, 0, 0, 0, 0, 0, 0]","[2, 3, 5, 7, 11, 13, 17, 19]"
185189/59049,3.13619198,185189,59049,"[3, 185189]","[0, -10, 0, 0, 0, 0, 0, 0]","[2, 3, 5, 7, 11, 13, 17, 19]"
185270/59049,3.13756372,185270,59049,"[2, 3, 5, 97, 191]","[1, -10, 1, 0, 0, 0, 0, 0]","[2, 3, 5, 7, 11, 13, 17, 19]"
185306/59049,3.13817338,185306,59049,"[2, 3, 11, 8423]","[1, -10, 0, 0, 1, 0, 0, 0]","[2, 3, 5, 7, 11, 13, 17, 19]"
185542/59049,3.14217006,185542,59049,"[2, 3, 7, 29, 457]","[1, -10, 0, 1, 0, 0, 0, 0]","[2, 3, 5, 7, 11, 13, 17, 19]"
185578/59049,3.14277973,185578,59049,"[2, 3, 92789]","[1, -10, 0, 0, 0, 0, 0, 0]","[2, 3, 5, 7, 11, 13, 17, 19]"
185621/59049,3.14350793,185621,59049,"[3, 185621]","[0, -10, 0, 0, 0, 0, 0, 0]","[2, 3, 5, 7, 11, 13, 17, 19]"
185659/59049,3.14415147,185659,59049,"[3, 31, 53, 113]","[0, -10, 0, 0, 0, 0, 0, 0]","[2, 3, 5, 7, 11, 13, 17, 19]"
185893/59049,3.14811428,185893,59049,"[3, 185893]","[0, -10, 0, 0, 0, 0, 0, 0]","[2, 3, 5, 7, 11, 13, 17, 19]"
185974/59049,3.14948602,185974,59049,"[2, 3, 92987]","[1, -10, 0, 0, 0, 0, 0, 0]","[2, 3, 5, 7, 11, 13, 17, 19]"
185990/59049,3.14975698,185990,59049,"[2, 3, 5, 7, 2657]","[1, -10, 1, 1, 0, 0, 0, 0]","[2, 3, 5, 7, 11, 13, 17, 19]"
186107/59049,3.15173839,186107,59049,"[3, 186107]","[0, -10, 0, 0, 0, 0, 0, 0]","[2, 3, 5, 7, 11, 13, 17, 19]"
186469/59049,3.15786889,186469,59049,"[3, 186469]","[0, -10, 0, 0, 0, 0, 0, 0]","[2, 3, 5, 7, 11, 13, 17, 19]"
186550/59049,3.15924063,186550,59049,"[2, 3, 5, 7, 13, 41]","[1, -10, 2, 1, 0, 1, 0, 0]","[2, 3, 5, 7, 11, 13, 17, 19]"
186566/59049,3.15951159,186566,59049,"[2, 3, 93283]","[1, -10, 0, 0, 0, 0, 0, 0]","[2, 3, 5, 7, 11, 13, 17, 19]"
186586/59049,3.15985029,186586,59049,"[2, 3, 29, 3217]","[1, -10, 0, 0, 0, 0, 0, 0]","[2, 3, 5, 7, 11, 13, 17, 19]"
186602/59049,3.16012126,186602,59049,"[2, 3, 13, 7177]","[1, -10, 0, 0, 0, 1, 0, 0]","[2, 3, 5, 7, 11, 13, 17, 19]"
186683/59049,3.16149300,186683,59049,"[3, 7, 26669]","[0, -10, 0, 1, 0, 0, 0, 0]","[2, 3, 5, 7, 11, 13, 17, 19]"
186917/59049,3.16545581,186917,59049,"[3, 186917]","[0, -10, 0, 0, 0, 0, 0, 0]","[2, 3, 5, 7, 11, 13, 17, 19]"
186998/59049,3.16682755,186998,59049,"[2, 3, 7, 19, 37]","[1, -10, 0, 1, 0, 0, 0, 2]","[2, 3, 5, 7, 11, 13, 17, 19]"
187162/59049,3.16960490,187162,59049,"[2, 3, 93581]","[1, -10, 0, 0, 0, 0, 0, 0]","[2, 3, 5, 7, 11, 13, 17, 19]"
187270/59049,3.17143389,187270,59049,"[2, 3, 5, 61, 307]","[1, -10, 1, 0, 0, 0, 0, 0]","[2, 3, 5, 7, 11, 13, 17, 19]"
187493/59049,3.17521042,187493,59049,"[3, 17, 41, 269]","[0, -10, 0, 0, 0, 0, 1, 0]","[2, 3, 5, 7, 11, 13, 17, 19]"
187574/59049,3.17658216,187574,59049,"[2, 3, 93787]","[1, -10, 0, 0, 0, 0, 0, 0]","[2, 3, 5, 7, 11, 13, 17, 19]"
187610/59049,3.17719182,187610,59049,"[2, 3, 5, 73, 257]","[1, -10, 1, 0, 0, 0, 0, 0]","[2, 3, 5, 7, 11, 13, 17, 19]"
187846/59049,3.18118850,187846,59049,"[2, 3, 93923]","[1, -10, 0, 0, 0, 0, 0, 0]","[2, 3, 5, 7, 11, 13, 17, 19]"
187882/59049,3.18179817,187882,59049,"[2, 3, 93941]","[1, -10, 0, 0, 0, 0, 0, 0]","[2, 3, 5, 7, 11, 13, 17, 19]"
187963/59049,3.18316991,187963,59049,"[3, 187963]","[0, -10, 0, 0, 0, 0, 0, 0]","[2, 3, 5, 7, 11, 13, 17, 19]"
188186/59049,3.18694643,188186,59049,"[2, 3, 23, 4091]","[1, -10, 0, 0, 0, 0, 0, 0]","[2, 3, 5, 7, 11, 13, 17, 19]"
188294/59049,3.18877542,188294,59049,"[2, 3, 31, 3037]","[1, -10, 0, 0, 0, 0, 0, 0]","[2, 3, 5, 7, 11, 13, 17, 19]"
188458/59049,3.19155278,188458,59049,"[2, 3, 94229]","[1, -10, 0, 0, 0, 0, 0, 0]","[2, 3, 5, 7, 11, 13, 17, 19]"
188539/59049,3.19292452,188539,59049,"[3, 13, 14503]","[0, -10, 0, 0, 0, 1, 0, 0]","[2, 3, 5, 7, 11, 13, 17, 19]"
188773/59049,3.19688733,188773,59049,"[3, 13, 1117]","[0, -10, 0, 0, 0, 2, 0, 0]","[2, 3, 5, 7, 11, 13, 17, 19]"
188854/59049,3.19825907,188854,59049,"[2, 3, 94427]","[1, -10, 0, 0, 0, 0, 0, 0]","[2, 3, 5, 7, 11, 13, 17, 19]"
188870/59049,3.19853003,188870,59049,"[2, 3, 5, 11, 17, 101]","[1, -10, 1, 0, 1, 0, 1, 0]","[2, 3, 5, 7, 11, 13, 17, 19]"
188890/59049,3.19886874,188890,59049,"[2, 3, 5, 13, 1453]","[1, -10, 1, 0, 0, 1, 0, 0]","[2, 3, 5, 7, 11, 13, 17, 19]"
188906/59049,3.19913970,188906,59049,"[2, 3, 29, 3257]","[1, -10, 0, 0, 0, 0, 0, 0]","[2, 3, 5, 7, 11, 13, 17, 19]"
188987/59049,3.20051144,188987,59049,"[3, 47, 4021]","[0, -10, 0, 0, 0, 0, 0, 0]","[2, 3, 5, 7, 11, 13, 17, 19]"
189349/59049,3.20664194,189349,59049,"[3, 189349]","[0, -10, 0, 0, 0, 0, 0, 0]","[2, 3, 5, 7, 11, 13, 17, 19]"
189466/59049,3.20862335,189466,59049,"[2, 3, 61, 1553]","[1, -10, 0, 0, 0, 0, 0, 0]","[2, 3, 5, 7, 11, 13, 17, 19]"
189482/59049,3.20889431,189482,59049,"[2, 3, 17, 5573]","[1, -10, 0, 0, 0, 0, 1, 0]","[2, 3, 5, 7, 11, 13, 17, 19]"
189563/59049,3.21026605,189563,59049,"[3, 11, 19, 907]","[0, -10, 0, 0, 1, 0, 0, 1]","[2, 3, 5, 7, 11, 13, 17, 19]"
189797/59049,3.21422886,189797,59049,"[3, 189797]","[0, -10, 0, 0, 0, 0, 0, 0]","[2, 3, 5, 7, 11, 13, 17, 19]"
189835/59049,3.21487239,189835,59049,"[3, 5, 37967]","[0, -10, 1, 0, 0, 0, 0, 0]","[2, 3, 5, 7, 11, 13, 17, 19]"
189878/59049,3.21560060,189878,59049,"[2, 3, 13, 67, 109]","[1, -10, 0, 0, 0, 1, 0, 0]","[2, 3, 5, 7, 11, 13, 17, 19]"
189914/59049,3.21621027,189914,59049,"[2, 3, 269, 353]","[1, -10, 0, 0, 0, 0, 0, 0]","[2, 3, 5, 7, 11, 13, 17, 19]"
190150/59049,3.22020695,190150,59049,"[2, 3, 5, 3803]","[1, -10, 2, 0, 0, 0, 0, 0]","[2, 3, 5, 7, 11, 13, 17, 19]"
190186/59049,3.22081661,190186,59049,"[2, 3, 95093]","[1, -10, 0, 0, 0, 0, 0, 0]","[2, 3, 5, 7, 11, 13, 17, 19]"
190267/59049,3.22218835,190267,59049,"[3, 7, 11, 353]","[0, -10, 0, 2, 1, 0, 0, 0]","[2, 3, 5, 7, 11, 13, 17, 19]"
190373/59049,3.22398347,190373,59049,"[3, 127, 1499]","[0, -10, 0, 0, 0, 0, 0, 0]","[2, 3, 5, 7, 11, 13, 17, 19]"
190490/59049,3.22596488,190490,59049,"[2, 3, 5, 43, 443]","[1, -10, 1, 0, 0, 0, 0, 0]","[2, 3, 5, 7, 11, 13, 17, 19]"
190726/59049,3.22996156,190726,59049,"[2, 3, 47, 2029]","[1, -10, 0, 0, 0, 0, 0, 0]","[2, 3, 5, 7, 11, 13, 17, 19]"
190762/59049,3.23057122,190762,59049,"[2, 3, 11, 13, 23, 29]","[1, -10, 0, 0, 1, 1, 0, 0]","[2, 3, 5, 7, 11, 13, 17, 19]"
190843/59049,3.23194296,190843,59049,"[3, 190843]","[0, -10, 0, 0, 0, 0, 0, 0]","[2, 3, 5, 7, 11, 13, 17, 19]"
190859/59049,3.23221392,190859,59049,"[3, 17, 103, 109]","[0, -10, 0, 0, 0, 0, 1, 0]","[2, 3, 5, 7, 11, 13, 17, 19]"
191077/59049,3.23590577,191077,59049,"[3, 109, 1753]","[0, -10, 0, 0, 0, 0, 0, 0]","[2, 3, 5, 7, 11, 13, 17, 19]"
191158/59049,3.23727752,191158,59049,"[2, 3, 11, 8689]","[1, -10, 0, 0, 1, 0, 0, 0]","[2, 3, 5, 7, 11, 13, 17, 19]"
191174/59049,3.23754848,191174,59049,"[2, 3, 61, 1567]","[1, -10, 0, 0, 0, 0, 0, 0]","[2, 3, 5, 7, 11, 13, 17, 19]"
191210/59049,3.23815814,191210,59049,"[2, 3, 5, 19121]","[1, -10, 1, 0, 0, 0, 0, 0]","[2, 3, 5, 7, 11, 13, 17, 19]"
191291/59049,3.23952988,191291,59049,"[3, 23, 8317]","[0, -10, 0, 0, 0, 0, 0, 0]","[2, 3, 5, 7, 11, 13, 17, 19]"
191653/59049,3.24566038,191653,59049,"[3, 7, 11, 19, 131]","[0, -10, 0, 1, 1, 0, 0, 1]","[2, 3, 5, 7, 11, 13, 17, 19]"
191750/59049,3.24730309,191750,59049,"[2, 3, 5, 13, 59]","[1, -10, 3, 0, 0, 1, 0, 0]","[2, 3, 5, 7, 11, 13, 17, 19]"
191770/59049,3.24764179,191770,59049,"[2, 3, 5, 127, 151]","[1, -10, 1, 0, 0, 0, 0, 0]","[2, 3, 5, 7, 11, 13, 17, 19]"
191786/59049,3.24791275,191786,59049,"[2, 3, 7, 19, 103]","[1, -10, 0, 2, 0, 0, 0, 1]","[2, 3, 5, 7, 11, 13, 17, 19]"
191867/59049,3.24928449,191867,59049,"[3, 13, 14759]","[0, -10, 0, 0, 0, 1, 0, 0]","[2, 3, 5, 7, 11, 13, 17, 19]"
192101/59049,3.25324730,192101,59049,"[3, 7, 13, 2111]","[0, -10, 0, 1, 0, 1, 0, 0]","[2, 3, 5, 7, 11, 13, 17, 19]"
192139/59049,3.25389084,192139,59049,"[3, 271, 709]","[0, -10, 0, 0, 0, 0, 0, 0]","[2, 3, 5, 7, 11, 13, 17, 19]"
192182/59049,3.25461905,192182,59049,"[2, 3, 307, 313]","[1, -10, 0, 0, 0, 0, 0, 0]","[2, 3, 5, 7, 11, 13, 17, 19]"
192454/59049,3.25922539,192454,59049,"[2, 3, 41, 2347]","[1, -10, 0, 0, 0, 0, 0, 0]","[2, 3, 5, 7, 11, 13, 17, 19]"
192677/59049,3.26300191,192677,59049,"[3, 192677]","[0, -10, 0, 0, 0, 0, 0, 0]","[2, 3, 5, 7, 11, 13, 17, 19]"
192794/59049,3.26498332,192794,59049,"[2, 3, 7, 47, 293]","[1, -10, 0, 1, 0, 0, 0, 0]","[2, 3, 5, 7, 11, 13, 17, 19]"
193030/59049,3.26898000,193030,59049,"[2, 3, 5, 97, 199]","[1, -10, 1, 0, 0, 0, 0, 0]","[2, 3, 5, 7, 11, 13, 17, 19]"
193066/59049,3.26958966,193066,59049,"[2, 3, 37, 2609]","[1, -10, 0, 0, 0, 0, 0, 0]","[2, 3, 5, 7, 11, 13, 17, 19]"
193147/59049,3.27096140,193147,59049,"[3, 193147]","[0, -10, 0, 0, 0, 0, 0, 0]","[2, 3, 5, 7, 11, 13, 17, 19]"
193163/59049,3.27123237,193163,59049,"[3, 193163]","[0, -10, 0, 0, 0, 0, 0, 0]","[2, 3, 5, 7, 11, 13, 17, 19]"
193478/59049,3.27656692,193478,59049,"[2, 3, 96739]","[1, -10, 0, 0, 0, 0, 0, 0]","[2, 3, 5, 7, 11, 13, 17, 19]"
193642/59049,3.27934427,193642,59049,"[2, 3, 96821]","[1, -10, 0, 0, 0, 0, 0, 0]","[2, 3, 5, 7, 11, 13, 17, 19]"
193723/59049,3.28071602,193723,59049,"[3, 193723]","[0, -10, 0, 0, 0, 0, 0, 0]","[2, 3, 5, 7, 11, 13, 17, 19]"
193957/59049,3.28467883,193957,59049,"[3, 193957]","[0, -10, 0, 0, 0, 0, 0, 0]","[2, 3, 5, 7, 11, 13, 17, 19]"
194054/59049,3.28632153,194054,59049,"[2, 3, 7, 83, 167]","[1, -10, 0, 1, 0, 0, 0, 0]","[2, 3, 5, 7, 11, 13, 17, 19]"
194074/59049,3.28666023,194074,59049,"[2, 3, 23, 4219]","[1, -10, 0, 0, 0, 0, 0, 0]","[2, 3, 5, 7, 11, 13, 17, 19]"
194090/59049,3.28693119,194090,59049,"[2, 3, 5, 13, 1493]","[1, -10, 1, 0, 0, 1, 0, 0]","[2, 3, 5, 7, 11, 13, 17, 19]"
194171/59049,3.28830293,194171,59049,"[3, 281, 691]","[0, -10, 0, 0, 0, 0, 0, 0]","[2, 3, 5, 7, 11, 13, 17, 19]"
194443/59049,3.29290928,194443,59049,"[3, 194443]","[0, -10, 0, 0, 0, 0, 0, 0]","[2, 3, 5, 7, 11, 13, 17, 19]"
194666/59049,3.29668580,194666,59049,"[2, 3, 131, 743]","[1, -10, 0, 0, 0, 0, 0, 0]","[2, 3, 5, 7, 11, 13, 17, 19]"
194747/59049,3.29805755,194747,59049,"[3, 7, 43, 647]","[0, -10, 0, 1, 0, 0, 0, 0]","[2, 3, 5, 7, 11, 13, 17, 19]"
194938/59049,3.30129215,194938,59049,"[2, 3, 29, 3361]","[1, -10, 0, 0, 0, 0, 0, 0]","[2, 3, 5, 7, 11, 13, 17, 19]"
194981/59049,3.30202036,194981,59049,"[3, 194981]","[0, -10, 0, 0, 0, 0, 0, 0]","[2, 3, 5, 7, 11, 13, 17, 19]"
195019/59049,3.30266389,195019,59049,"[3, 11, 17729]","[0, -10, 0, 0, 1, 0, 0, 0]","[2, 3, 5, 7, 11, 13, 17, 19]"
195098/59049,3.30400176,195098,59049,"[2, 3, 97549]","[1, -10, 0, 0, 0, 0, 0, 0]","[2, 3, 5, 7, 11, 13, 17, 19]"
195334/59049,3.30799844,195334,59049,"[2, 3, 101, 967]","[1, -10, 0, 0, 0, 0, 0, 0]","[2, 3, 5, 7, 11, 13, 17, 19]"
195370/59049,3.30860811,195370,59049,"[2, 3, 5, 7, 2791]","[1, -10, 1, 1, 0, 0, 0, 0]","[2, 3, 5, 7, 11, 13, 17, 19]"
195451/59049,3.30997985,195451,59049,"[3, 241, 811]","[0, -10, 0, 0, 0, 0, 0, 0]","[2, 3, 5, 7, 11, 13, 17, 19]"
195467/59049,3.31025081,195467,59049,"[3, 59, 3313]","[0, -10, 0, 0, 0, 0, 0, 0]","[2, 3, 5, 7, 11, 13, 17, 19]"
195910/59049,3.31775305,195910,59049,"[2, 3, 5, 11, 13, 137]","[1, -10, 1, 0, 1, 1, 0, 0]","[2, 3, 5, 7, 11, 13, 17, 19]"
195946/59049,3.31836272,195946,59049,"[2, 3, 97973]","[1, -10, 0, 0, 0, 0, 0, 0]","[2, 3, 5, 7, 11, 13, 17, 19]"
195962/59049,3.31863368,195962,59049,"[2, 3, 13, 7537]","[1, -10, 0, 0, 0, 1, 0, 0]","[2, 3, 5, 7, 11, 13, 17, 19]"
196027/59049,3.31973446,196027,59049,"[3, 13, 17, 887]","[0, -10, 0, 0, 0, 1, 1, 0]","[2, 3, 5, 7, 11, 13, 17, 19]"
196043/59049,3.32000542,196043,59049,"[3, 196043]","[0, -10, 0, 0, 0, 0, 0, 0]","[2, 3, 5, 7, 11, 13, 17, 19]"
196261/59049,3.32369727,196261,59049,"[3, 13, 31, 487]","[0, -10, 0, 0, 0, 1, 0, 0]","[2, 3, 5, 7, 11, 13, 17, 19]"
196358/59049,3.32533997,196358,59049,"[2, 3, 98179]","[1, -10, 0, 0, 0, 0, 0, 0]","[2, 3, 5, 7, 11, 13, 17, 19]"
196394/59049,3.32594964,196394,59049,"[2, 3, 11, 79, 113]","[1, -10, 0, 0, 1, 0, 0, 0]","[2, 3, 5, 7, 11, 13, 17, 19]"
196475/59049,3.32732138,196475,59049,"[3, 5, 29, 271]","[0, -10, 2, 0, 0, 0, 0, 0]","[2, 3, 5, 7, 11, 13, 17, 19]"
196747/59049,3.33192772,196747,59049,"[3, 181, 1087]","[0, -10, 0, 0, 0, 0, 0, 0]","[2, 3, 5, 7, 11, 13, 17, 19]"
196934/59049,3.33509458,196934,59049,"[2, 3, 98467]","[1, -10, 0, 0, 0, 0, 0, 0]","[2, 3, 5, 7, 11, 13, 17, 19]"
196970/59049,3.33570425,196970,59049,"[2, 3, 5, 19697]","[1, -10, 1, 0, 0, 0, 0, 0]","[2, 3, 5, 7, 11, 13, 17, 19]"
197051/59049,3.33707599,197051,59049,"[3, 101, 1951]","[0, -10, 0, 0, 0, 0, 0, 0]","[2, 3, 5, 7, 11, 13, 17, 19]"
197242/59049,3.34031059,197242,59049,"[2, 3, 98621]","[1, -10, 0, 0, 0, 0, 0, 0]","[2, 3, 5, 7, 11, 13, 17, 19]"
197285/59049,3.34103880,197285,59049,"[3, 5, 11, 17, 211]","[0, -10, 1, 0, 1, 0, 1, 0]","[2, 3, 5, 7, 11, 13, 17, 19]"
197323/59049,3.34168233,197323,59049,"[3, 7, 4027]","[0, -10, 0, 2, 0, 0, 0, 0]","[2, 3, 5, 7, 11, 13, 17, 19]"
197638/59049,3.34701688,197638,59049,"[2, 3, 7, 19, 743]","[1, -10, 0, 1, 0, 0, 0, 1]","[2, 3, 5, 7, 11, 13, 17, 19]"
197771/59049,3.34926925,197771,59049,"[3, 7, 19, 1487]","[0, -10, 0, 1, 0, 0, 0, 1]","[2, 3, 5, 7, 11, 13, 17, 19]"
197854/59049,3.35067486,197854,59049,"[2, 3, 98927]","[1, -10, 0, 0, 0, 0, 0, 0]","[2, 3, 5, 7, 11, 13, 17, 19]"
198214/59049,3.35677149,198214,59049,"[2, 3, 23, 31, 139]","[1, -10, 0, 0, 0, 0, 0, 0]","[2, 3, 5, 7, 11, 13, 17, 19]"
198250/59049,3.35738116,198250,59049,"[2, 3, 5, 13, 61]","[1, -10, 3, 0, 0, 1, 0, 0]","[2, 3, 5, 7, 11, 13, 17, 19]"
198266/59049,3.35765212,198266,59049,"[2, 3, 99133]","[1, -10, 0, 0, 0, 0, 0, 0]","[2, 3, 5, 7, 11, 13, 17, 19]"
198331/59049,3.35875290,198331,59049,"[3, 7, 29, 977]","[0, -10, 0, 1, 0, 0, 0, 0]","[2, 3, 5, 7, 11, 13, 17, 19]"
198347/59049,3.35902386,198347,59049,"[3, 198347]","[0, -10, 0, 0, 0, 0, 0, 0]","[2, 3, 5, 7, 11, 13, 17, 19]"
198662/59049,3.36435841,198662,59049,"[2, 3, 17, 5843]","[1, -10, 0, 0, 0, 0, 1, 0]","[2, 3, 5, 7, 11, 13, 17, 19]"
198826/59049,3.36713577,198826,59049,"[2, 3, 89, 1117]","[1, -10, 0, 0, 0, 0, 0, 0]","[2, 3, 5, 7, 11, 13, 17, 19]"
198878/59049,3.36801639,198878,59049,"[2, 3, 99439]","[1, -10, 0, 0, 0, 0, 0, 0]","[2, 3, 5, 7, 11, 13, 17, 19]"
199238/59049,3.37411302,199238,59049,"[2, 3, 13, 79, 97]","[1, -10, 0, 0, 0, 1, 0, 0]","[2, 3, 5, 7, 11, 13, 17, 19]"
199274/59049,3.37472269,199274,59049,"[2, 3, 17, 5861]","[1, -10, 0, 0, 0, 0, 1, 0]","[2, 3, 5, 7, 11, 13, 17, 19]"
199355/59049,3.37609443,199355,59049,"[3, 5, 13, 3067]","[0, -10, 1, 0, 0, 1, 0, 0]","[2, 3, 5, 7, 11, 13, 17, 19]"
199546/59049,3.37932903,199546,59049,"[2, 3, 17, 5869]","[1, -10, 0, 0, 0, 0, 1, 0]","[2, 3, 5, 7, 11, 13, 17, 19]"
199627/59049,3.38070077,199627,59049,"[3, 89, 2243]","[0, -10, 0, 0, 0, 0, 0, 0]","[2, 3, 5, 7, 11, 13, 17, 19]"
199850/59049,3.38447730,199850,59049,"[2, 3, 5, 7, 571]","[1, -10, 2, 1, 0, 0, 0, 0]","[2, 3, 5, 7, 11, 13, 17, 19]"
200122/59049,3.38908364,200122,59049,"[2, 3, 13, 43, 179]","[1, -10, 0, 0, 0, 1, 0, 0]","[2, 3, 5, 7, 11, 13, 17, 19]"
200158/59049,3.38969331,200158,59049,"[2, 3, 7, 17, 29]","[1, -10, 0, 1, 0, 0, 1, 0]","[2, 3, 5, 7, 11, 13, 17, 19]"
200203/59049,3.39045538,200203,59049,"[3, 19, 41, 257]","[0, -10, 0, 0, 0, 0, 0, 1]","[2, 3, 5, 7, 11, 13, 17, 19]"
200518/59049,3.39578994,200518,59049,"[2, 3, 107, 937]","[1, -10, 0, 0, 0, 0, 0, 0]","[2, 3, 5, 7, 11, 13, 17, 19]"
200554/59049,3.39639960,200554,59049,"[2, 3, 149, 673]","[1, -10, 0, 0, 0, 0, 0, 0]","[2, 3, 5, 7, 11, 13, 17, 19]"
200570/59049,3.39667056,200570,59049,"[2, 3, 5, 31, 647]","[1, -10, 1, 0, 0, 0, 0, 0]","[2, 3, 5, 7, 11, 13, 17, 19]"
200635/59049,3.39777134,200635,59049,"[3, 5, 40127]","[0, -10, 1, 0, 0, 0, 0, 0]","[2, 3, 5, 7, 11, 13, 17, 19]"
200651/59049,3.39804230,200651,59049,"[3, 11, 17, 29, 37]","[0, -10, 0, 0, 1, 0, 1, 0]","[2, 3, 5, 7, 11, 13, 17, 19]"
201130/59049,3.40615421,201130,59049,"[2, 3, 5, 20113]","[1, -10, 1, 0, 0, 0, 0, 0]","[2, 3, 5, 7, 11, 13, 17, 19]"
201146/59049,3.40642517,201146,59049,"[2, 3, 11, 41, 223]","[1, -10, 0, 0, 1, 0, 0, 0]","[2, 3, 5, 7, 11, 13, 17, 19]"
201182/59049,3.40703484,201182,59049,"[2, 3, 100591]","[1, -10, 0, 0, 0, 0, 0, 0]","[2, 3, 5, 7, 11, 13, 17, 19]"
201227/59049,3.40779691,201227,59049,"[3, 13, 23, 673]","[0, -10, 0, 0, 0, 1, 0, 0]","[2, 3, 5, 7, 11, 13, 17, 19]"
201499/59049,3.41240326,201499,59049,"[3, 201499]","[0, -10, 0, 0, 0, 0, 0, 0]","[2, 3, 5, 7, 11, 13, 17, 19]"
201542/59049,3.41313147,201542,59049,"[2, 3, 11, 9161]","[1, -10, 0, 0, 1, 0, 0, 0]","[2, 3, 5, 7, 11, 13, 17, 19]"
201578/59049,3.41374113,201578,59049,"[2, 3, 13, 7753]","[1, -10, 0, 0, 0, 1, 0, 0]","[2, 3, 5, 7, 11, 13, 17, 19]"
201659/59049,3.41511287,201659,59049,"[3, 421, 479]","[0, -10, 0, 0, 0, 0, 0, 0]","[2, 3, 5, 7, 11, 13, 17, 19]"
201850/59049,3.41834747,201850,59049,"[2, 3, 5, 11, 367]","[1, -10, 2, 0, 1, 0, 0, 0]","[2, 3, 5, 7, 11, 13, 17, 19]"
201931/59049,3.41971922,201931,59049,"[3, 113, 1787]","[0, -10, 0, 0, 0, 0, 0, 0]","[2, 3, 5, 7, 11, 13, 17, 19]"
202154/59049,3.42349574,202154,59049,"[2, 3, 61, 1657]","[1, -10, 0, 0, 0, 0, 0, 0]","[2, 3, 5, 7, 11, 13, 17, 19]"
202426/59049,3.42810208,202426,59049,"[2, 3, 7, 19, 761]","[1, -10, 0, 1, 0, 0, 0, 1]","[2, 3, 5, 7, 11, 13, 17, 19]"
202462/59049,3.42871175,202462,59049,"[2, 3, 13, 599]","[1, -10, 0, 0, 0, 2, 0, 0]","[2, 3, 5, 7, 11, 13, 17, 19]"
202507/59049,3.42947383,202507,59049,"[3, 29, 6983]","[0, -10, 0, 0, 0, 0, 0, 0]","[2, 3, 5, 7, 11, 13, 17, 19]"
202523/59049,3.42974479,202523,59049,"[3, 31, 47, 139]","[0, -10, 0, 0, 0, 0, 0, 0]","[2, 3, 5, 7, 11, 13, 17, 19]"
202822/59049,3.43480838,202822,59049,"[2, 3, 101411]","[1, -10, 0, 0, 0, 0, 0, 0]","[2, 3, 5, 7, 11, 13, 17, 19]"
202874/59049,3.43568900,202874,59049,"[2, 3, 7, 43, 337]","[1, -10, 0, 1, 0, 0, 0, 0]","[2, 3, 5, 7, 11, 13, 17, 19]"
202955/59049,3.43706075,202955,59049,"[3, 5, 40591]","[0, -10, 1, 0, 0, 0, 0, 0]","[2, 3, 5, 7, 11, 13, 17, 19]"
203038/59049,3.43846636,203038,59049,"[2, 3, 11, 839]","[1, -10, 0, 0, 2, 0, 0, 0]","[2, 3, 5, 7, 11, 13, 17, 19]"
203434/59049,3.44517265,203434,59049,"[2, 3, 7, 11, 1321]","[1, -10, 0, 1, 1, 0, 0, 0]","[2, 3, 5, 7, 11, 13, 17, 19]"
203450/59049,3.44544361,203450,59049,"[2, 3, 5, 13, 313]","[1, -10, 2, 0, 0, 1, 0, 0]","[2, 3, 5, 7, 11, 13, 17, 19]"
203486/59049,3.44605328,203486,59049,"[2, 3, 71, 1433]","[1, -10, 0, 0, 0, 0, 0, 0]","[2, 3, 5, 7, 11, 13, 17, 19]"
203531/59049,3.44681536,203531,59049,"[3, 203531]","[0, -10, 0, 0, 0, 0, 0, 0]","[2, 3, 5, 7, 11, 13, 17, 19]"
203803/59049,3.45142170,203803,59049,"[3, 23, 8861]","[0, -10, 0, 0, 0, 0, 0, 0]","[2, 3, 5, 7, 11, 13, 17, 19]"
203846/59049,3.45214991,203846,59049,"[2, 3, 227, 449]","[1, -10, 0, 0, 0, 0, 0, 0]","[2, 3, 5, 7, 11, 13, 17, 19]"
204062/59049,3.45580789,204062,59049,"[2, 3, 102031]","[1, -10, 0, 0, 0, 0, 0, 0]","[2, 3, 5, 7, 11, 13, 17, 19]"
204415/59049,3.46178597,204415,59049,"[3, 5, 40883]","[0, -10, 1, 0, 0, 0, 0, 0]","[2, 3, 5, 7, 11, 13, 17, 19]"
204458/59049,3.46251418,204458,59049,"[2, 3, 102229]","[1, -10, 0, 0, 0, 0, 0, 0]","[2, 3, 5, 7, 11, 13, 17, 19]"
204730/59049,3.46712053,204730,59049,"[2, 3, 5, 59, 347]","[1, -10, 1, 0, 0, 0, 0, 0]","[2, 3, 5, 7, 11, 13, 17, 19]"
204766/59049,3.46773019,204766,59049,"[2, 3, 43, 2381]","[1, -10, 0, 0, 0, 0, 0, 0]","[2, 3, 5, 7, 11, 13, 17, 19]"
204811/59049,3.46849227,204811,59049,"[3, 109, 1879]","[0, -10, 0, 0, 0, 0, 0, 0]","[2, 3, 5, 7, 11, 13, 17, 19]"
204827/59049,3.46876323,204827,59049,"[3, 7, 29, 1009]","[0, -10, 0, 1, 0, 0, 0, 0]","[2, 3, 5, 7, 11, 13, 17, 19]"
205306/59049,3.47687514,205306,59049,"[2, 3, 102653]","[1, -10, 0, 0, 0, 0, 0, 0]","[2, 3, 5, 7, 11, 13, 17, 19]"
205342/59049,3.47748480,205342,59049,"[2, 3, 83, 1237]","[1, -10, 0, 0, 0, 0, 0, 0]","[2, 3, 5, 7, 11, 13, 17, 19]"
205387/59049,3.47824688,205387,59049,"[3, 7, 13, 37, 61]","[0, -10, 0, 1, 0, 1, 0, 0]","[2, 3, 5, 7, 11, 13, 17, 19]"
205439/59049,3.47912750,205439,59049,"[3, 13, 15803]","[0, -10, 0, 0, 0, 1, 0, 0]","[2, 3, 5, 7, 11, 13, 17, 19]"
205738/59049,3.48419110,205738,59049,"[2, 3, 13, 41, 193]","[1, -10, 0, 0, 0, 1, 0, 0]","[2, 3, 5, 7, 11, 13, 17, 19]"
205754/59049,3.48446206,205754,59049,"[2, 3, 102877]","[1, -10, 0, 0, 0, 0, 0, 0]","[2, 3, 5, 7, 11, 13, 17, 19]"
205790/59049,3.48507172,205790,59049,"[2, 3, 5, 13, 1583]","[1, -10, 1, 0, 0, 1, 0, 0]","[2, 3, 5, 7, 11, 13, 17, 19]"
205835/59049,3.48583380,205835,59049,"[3, 5, 7, 5881]","[0, -10, 1, 1, 0, 0, 0, 0]","[2, 3, 5, 7, 11, 13, 17, 19]"
206107/59049,3.49044014,206107,59049,"[3, 11, 41, 457]","[0, -10, 0, 0, 1, 0, 0, 0]","[2, 3, 5, 7, 11, 13, 17, 19]"
206330/59049,3.49421667,206330,59049,"[2, 3, 5, 47, 439]","[1, -10, 1, 0, 0, 0, 0, 0]","[2, 3, 5, 7, 11, 13, 17, 19]"
206366/59049,3.49482633,206366,59049,"[2, 3, 103183]","[1, -10, 0, 0, 0, 0, 0, 0]","[2, 3, 5, 7, 11, 13, 17, 19]"
206411/59049,3.49558841,206411,59049,"[3, 206411]","[0, -10, 0, 0, 0, 0, 0, 0]","[2, 3, 5, 7, 11, 13, 17, 19]"
206602/59049,3.49882301,206602,59049,"[2, 3, 11, 9391]","[1, -10, 0, 0, 1, 0, 0, 0]","[2, 3, 5, 7, 11, 13, 17, 19]"
206683/59049,3.50019475,206683,59049,"[3, 29, 7127]","[0, -10, 0, 0, 0, 0, 0, 0]","[2, 3, 5, 7, 11, 13, 17, 19]"
206719/59049,3.50080442,206719,59049,"[3, 37, 151]","[0, -10, 0, 0, 0, 0, 0, 0]","[2, 3, 5, 7, 11, 13, 17, 19]"
206762/59049,3.50153263,206762,59049,"[2, 3, 67, 1543]","[1, -10, 0, 0, 0, 0, 0, 0]","[2, 3, 5, 7, 11, 13, 17, 19]"
207034/59049,3.50613897,207034,59049,"[2, 3, 61, 1697]","[1, -10, 0, 0, 0, 0, 0, 0]","[2, 3, 5, 7, 11, 13, 17, 19]"
207115/59049,3.50751071,207115,59049,"[3, 5, 23, 1801]","[0, -10, 1, 0, 0, 0, 0, 0]","[2, 3, 5, 7, 11, 13, 17, 19]"
207131/59049,3.50778167,207131,59049,"[3, 43, 4817]","[0, -10, 0, 0, 0, 0, 0, 0]","[2, 3, 5, 7, 11, 13, 17, 19]"
207610/59049,3.51589358,207610,59049,"[2, 3, 5, 13, 1597]","[1, -10, 1, 0, 0, 1, 0, 0]","[2, 3, 5, 7, 11, 13, 17, 19]"
207626/59049,3.51616454,207626,59049,"[2, 3, 103813]","[1, -10, 0, 0, 0, 0, 0, 0]","[2, 3, 5, 7, 11, 13, 17, 19]"
207646/59049,3.51650324,207646,59049,"[2, 3, 47]","[1, -10, 0, 0, 0, 0, 0, 0]","[2, 3, 5, 7, 11, 13, 17, 19]"
207691/59049,3.51726532,207691,59049,"[3, 11, 79, 239]","[0, -10, 0, 0, 1, 0, 0, 0]","[2, 3, 5, 7, 11, 13, 17, 19]"
207707/59049,3.51753628,207707,59049,"[3, 53, 3919]","[0, -10, 0, 0, 0, 0, 0, 0]","[2, 3, 5, 7, 11, 13, 17, 19]"
207743/59049,3.51814595,207743,59049,"[3, 207743]","[0, -10, 0, 0, 0, 0, 0, 0]","[2, 3, 5, 7, 11, 13, 17, 19]"
208058/59049,3.52348050,208058,59049,"[2, 3, 23, 4523]","[1, -10, 0, 0, 0, 0, 0, 0]","[2, 3, 5, 7, 11, 13, 17, 19]"
208139/59049,3.52485224,208139,59049,"[3, 208139]","[0, -10, 0, 0, 0, 0, 0, 0]","[2, 3, 5, 7, 11, 13, 17, 19]"
208222/59049,3.52625785,208222,59049,"[2, 3, 7, 107, 139]","[1, -10, 0, 1, 0, 0, 0, 0]","[2, 3, 5, 7, 11, 13, 17, 19]"
208411/59049,3.52945859,208411,59049,"[3, 7, 19, 1567]","[0, -10, 0, 1, 0, 0, 0, 1]","[2, 3, 5, 7, 11, 13, 17, 19]"
208634/59049,3.53323511,208634,59049,"[2, 3, 73, 1429]","[1, -10, 0, 0, 0, 0, 0, 0]","[2, 3, 5, 7, 11, 13, 17, 19]"
208670/59049,3.53384477,208670,59049,"[2, 3, 5, 7, 11, 271]","[1, -10, 1, 1, 1, 0, 0, 0]","[2, 3, 5, 7, 11, 13, 17, 19]"
208715/59049,3.53460685,208715,59049,"[3, 5, 13, 19]","[0, -10, 1, 0, 0, 3, 0, 1]","[2, 3, 5, 7, 11, 13, 17, 19]"
208906/59049,3.53784145,208906,59049,"[2, 3, 67, 1559]","[1, -10, 0, 0, 0, 0, 0, 0]","[2, 3, 5, 7, 11, 13, 17, 19]"
208987/59049,3.53921320,208987,59049,"[3, 103, 2029]","[0, -10, 0, 0, 0, 0, 0, 0]","[2, 3, 5, 7, 11, 13, 17, 19]"
209023/59049,3.53982286,209023,59049,"[3, 43, 4861]","[0, -10, 0, 0, 0, 0, 0, 0]","[2, 3, 5, 7, 11, 13, 17, 19]"
209246/59049,3.54359938,209246,59049,"[2, 3, 104623]","[1, -10, 0, 0, 0, 0, 0, 0]","[2, 3, 5, 7, 11, 13, 17, 19]"
209435/59049,3.54680012,209435,59049,"[3, 5, 41887]","[0, -10, 1, 0, 0, 0, 0, 0]","[2, 3, 5, 7, 11, 13, 17, 19]"
209518/59049,3.54820573,209518,59049,"[2, 3, 104759]","[1, -10, 0, 0, 0, 0, 0, 0]","[2, 3, 5, 7, 11, 13, 17, 19]"
209599/59049,3.54957747,209599,59049,"[3, 13, 23, 701]","[0, -10, 0, 0, 0, 1, 0, 0]","[2, 3, 5, 7, 11, 13, 17, 19]"
209914/59049,3.55491202,209914,59049,"[2, 3, 103, 1019]","[1, -10, 0, 0, 0, 0, 0, 0]","[2, 3, 5, 7, 11, 13, 17, 19]"
209930/59049,3.55518298,209930,59049,"[2, 3, 5, 7, 2999]","[1, -10, 1, 1, 0, 0, 0, 0]","[2, 3, 5, 7, 11, 13, 17, 19]"
209950/59049,3.55552169,209950,59049,"[2, 3, 5, 13, 17, 19]","[1, -10, 2, 0, 0, 1, 1, 1]","[2, 3, 5, 7, 11, 13, 17, 19]"
209995/59049,3.55628376,209995,59049,"[3, 5, 41999]","[0, -10, 1, 0, 0, 0, 0, 0]","[2, 3, 5, 7, 11, 13, 17, 19]"
210011/59049,3.55655473,210011,59049,"[3, 210011]","[0, -10, 0, 0, 0, 0, 0, 0]","[2, 3, 5, 7, 11, 13, 17, 19]"
210047/59049,3.55716439,210047,59049,"[3, 29, 7243]","[0, -10, 0, 0, 0, 0, 0, 0]","[2, 3, 5, 7, 11, 13, 17, 19]"
210490/59049,3.56466663,210490,59049,"[2, 3, 5, 7, 31, 97]","[1, -10, 1, 1, 0, 0, 0, 0]","[2, 3, 5, 7, 11, 13, 17, 19]"
210526/59049,3.56527630,210526,59049,"[2, 3, 105263]","[1, -10, 0, 0, 0, 0, 0, 0]","[2, 3, 5, 7, 11, 13, 17, 19]"
210542/59049,3.56554726,210542,59049,"[2, 3, 23, 199]","[1, -10, 0, 0, 0, 0, 0, 0]","[2, 3, 5, 7, 11, 13, 17, 19]"
210623/59049,3.56691900,210623,59049,"[3, 7, 30089]","[0, -10, 0, 1, 0, 0, 0, 0]","[2, 3, 5, 7, 11, 13, 17, 19]"
210938/59049,3.57225355,210938,59049,"[2, 3, 7, 13, 19, 61]","[1, -10, 0, 1, 0, 1, 0, 1]","[2, 3, 5, 7, 11, 13, 17, 19]"
210974/59049,3.57286322,210974,59049,"[2, 3, 37, 2851]","[1, -10, 0, 0, 0, 0, 0, 0]","[2, 3, 5, 7, 11, 13, 17, 19]"
211019/59049,3.57362529,211019,59049,"[3, 89, 2371]","[0, -10, 0, 0, 0, 0, 0, 0]","[2, 3, 5, 7, 11, 13, 17, 19]"
211210/59049,3.57685990,211210,59049,"[2, 3, 5, 21121]","[1, -10, 1, 0, 0, 0, 0, 0]","[2, 3, 5, 7, 11, 13, 17, 19]"
211291/59049,3.57823164,211291,59049,"[3, 211291]","[0, -10, 0, 0, 0, 0, 0, 0]","[2, 3, 5, 7, 11, 13, 17, 19]"
211327/59049,3.57884130,211327,59049,"[3, 17, 31, 401]","[0, -10, 0, 0, 0, 0, 1, 0]","[2, 3, 5, 7, 11, 13, 17, 19]"
211514/59049,3.58200816,211514,59049,"[2, 3, 17, 6221]","[1, -10, 0, 0, 0, 0, 1, 0]","[2, 3, 5, 7, 11, 13, 17, 19]"
211550/59049,3.58261783,211550,59049,"[2, 3, 5, 4231]","[1, -10, 2, 0, 0, 0, 0, 0]","[2, 3, 5, 7, 11, 13, 17, 19]"
211786/59049,3.58661451,211786,59049,"[2, 3, 17, 6229]","[1, -10, 0, 0, 0, 0, 1, 0]","[2, 3, 5, 7, 11, 13, 17, 19]"
211822/59049,3.58722417,211822,59049,"[2, 3, 13, 8147]","[1, -10, 0, 0, 0, 1, 0, 0]","[2, 3, 5, 7, 11, 13, 17, 19]"
211867/59049,3.58798625,211867,59049,"[3, 211867]","[0, -10, 0, 0, 0, 0, 0, 0]","[2, 3, 5, 7, 11, 13, 17, 19]"
211903/59049,3.58859591,211903,59049,"[3, 29, 7307]","[0, -10, 0, 0, 0, 0, 0, 0]","[2, 3, 5, 7, 11, 13, 17, 19]"
212218/59049,3.59393046,212218,59049,"[2, 3, 106109]","[1, -10, 0, 0, 0, 0, 0, 0]","[2, 3, 5, 7, 11, 13, 17, 19]"
212234/59049,3.59420143,212234,59049,"[2, 3, 11, 877]","[1, -10, 0, 0, 2, 0, 0, 0]","[2, 3, 5, 7, 11, 13, 17, 19]"
212299/59049,3.59530221,212299,59049,"[3, 47, 4517]","[0, -10, 0, 0, 0, 0, 0, 0]","[2, 3, 5, 7, 11, 13, 17, 19]"
212315/59049,3.59557317,212315,59049,"[3, 5, 42463]","[0, -10, 1, 0, 0, 0, 0, 0]","[2, 3, 5, 7, 11, 13, 17, 19]"
212351/59049,3.59618283,212351,59049,"[3, 131, 1621]","[0, -10, 0, 0, 0, 0, 0, 0]","[2, 3, 5, 7, 11, 13, 17, 19]"
212794/59049,3.60368508,212794,59049,"[2, 3, 106397]","[1, -10, 0, 0, 0, 0, 0, 0]","[2, 3, 5, 7, 11, 13, 17, 19]"
212810/59049,3.60395604,212810,59049,"[2, 3, 5, 13, 1637]","[1, -10, 1, 0, 0, 1, 0, 0]","[2, 3, 5, 7, 11, 13, 17, 19]"
212830/59049,3.60429474,212830,59049,"[2, 3, 5, 21283]","[1, -10, 1, 0, 0, 0, 0, 0]","[2, 3, 5, 7, 11, 13, 17, 19]"
212846/59049,3.60456570,212846,59049,"[2, 3, 31, 3433]","[1, -10, 0, 0, 0, 0, 0, 0]","[2, 3, 5, 7, 11, 13, 17, 19]"
212891/59049,3.60532778,212891,59049,"[3, 7, 17, 1789]","[0, -10, 0, 1, 0, 0, 1, 0]","[2, 3, 5, 7, 11, 13, 17, 19]"
212927/59049,3.60593744,212927,59049,"[3, 11, 13, 1489]","[0, -10, 0, 0, 1, 1, 0, 0]","[2, 3, 5, 7, 11, 13, 17, 19]"
213163/59049,3.60993412,213163,59049,"[3, 17, 12539]","[0, -10, 0, 0, 0, 0, 1, 0]","[2, 3, 5, 7, 11, 13, 17, 19]"
213242/59049,3.61127199,213242,59049,"[2, 3, 106621]","[1, -10, 0, 0, 0, 0, 0, 0]","[2, 3, 5, 7, 11, 13, 17, 19]"
213323/59049,3.61264374,213323,59049,"[3, 11, 41, 43]","[0, -10, 0, 0, 2, 0, 0, 0]","[2, 3, 5, 7, 11, 13, 17, 19]"
213406/59049,3.61404935,213406,59049,"[2, 3, 106703]","[1, -10, 0, 0, 0, 0, 0, 0]","[2, 3, 5, 7, 11, 13, 17, 19]"
213514/59049,3.61587834,213514,59049,"[2, 3, 7, 101, 151]","[1, -10, 0, 1, 0, 0, 0, 0]","[2, 3, 5, 7, 11, 13, 17, 19]"
213595/59049,3.61725008,213595,59049,"[3, 5, 42719]","[0, -10, 1, 0, 0, 0, 0, 0]","[2, 3, 5, 7, 11, 13, 17, 19]"
213818/59049,3.62102661,213818,59049,"[2, 3, 11, 9719]","[1, -10, 0, 0, 1, 0, 0, 0]","[2, 3, 5, 7, 11, 13, 17, 19]"
213854/59049,3.62163627,213854,59049,"[2, 3, 23, 4649]","[1, -10, 0, 0, 0, 0, 0, 0]","[2, 3, 5, 7, 11, 13, 17, 19]"
214090/59049,3.62563295,214090,59049,"[2, 3, 5, 79, 271]","[1, -10, 1, 0, 0, 0, 0, 0]","[2, 3, 5, 7, 11, 13, 17, 19]"
214126/59049,3.62624261,214126,59049,"[2, 3, 11, 9733]","[1, -10, 0, 0, 1, 0, 0, 0]","[2, 3, 5, 7, 11, 13, 17, 19]"
214171/59049,3.62700469,214171,59049,"[3, 61, 3511]","[0, -10, 0, 0, 0, 0, 0, 0]","[2, 3, 5, 7, 11, 13, 17, 19]"
214187/59049,3.62727565,214187,59049,"[3, 19, 11273]","[0, -10, 0, 0, 0, 0, 0, 1]","[2, 3, 5, 7, 11, 13, 17, 19]"
214207/59049,3.62761435,214207,59049,"[3, 7, 71, 431]","[0, -10, 0, 1, 0, 0, 0, 0]","[2, 3, 5, 7, 11, 13, 17, 19]"
214430/59049,3.63139088,214430,59049,"[2, 3, 5, 41, 523]","[1, -10, 1, 0, 0, 0, 0, 0]","[2, 3, 5, 7, 11, 13, 17, 19]"
214538/59049,3.63321987,214538,59049,"[2, 3, 107269]","[1, -10, 0, 0, 0, 0, 0, 0]","[2, 3, 5, 7, 11, 13, 17, 19]"
214619/59049,3.63459161,214619,59049,"[3, 157, 1367]","[0, -10, 0, 0, 0, 0, 0, 0]","[2, 3, 5, 7, 11, 13, 17, 19]"
214702/59049,3.63599722,214702,59049,"[2, 3, 107351]","[1, -10, 0, 0, 0, 0, 0, 0]","[2, 3, 5, 7, 11, 13, 17, 19]"
214783/59049,3.63736896,214783,59049,"[3, 214783]","[0, -10, 0, 0, 0, 0, 0, 0]","[2, 3, 5, 7, 11, 13, 17, 19]"
215098/59049,3.64270352,215098,59049,"[2, 3, 13, 8273]","[1, -10, 0, 0, 0, 1, 0, 0]","[2, 3, 5, 7, 11, 13, 17, 19]"
215114/59049,3.64297448,215114,59049,"[2, 3, 59, 1823]","[1, -10, 0, 0, 0, 0, 0, 0]","[2, 3, 5, 7, 11, 13, 17, 19]"
215134/59049,3.64331318,215134,59049,"[2, 3, 263, 409]","[1, -10, 0, 0, 0, 0, 0, 0]","[2, 3, 5, 7, 11, 13, 17, 19]"
215150/59049,3.64358414,215150,59049,"[2, 3, 5, 13, 331]","[1, -10, 2, 0, 0, 1, 0, 0]","[2, 3, 5, 7, 11, 13, 17, 19]"
215195/59049,3.64434622,215195,59049,"[3, 5, 193, 223]","[0, -10, 1, 0, 0, 0, 0, 0]","[2, 3, 5, 7, 11, 13, 17, 19]"
215231/59049,3.64495588,215231,59049,"[3, 101, 2131]","[0, -10, 0, 0, 0, 0, 0, 0]","[2, 3, 5, 7, 11, 13, 17, 19]"
215467/59049,3.64895256,215467,59049,"[3, 7, 30781]","[0, -10, 0, 1, 0, 0, 0, 0]","[2, 3, 5, 7, 11, 13, 17, 19]"
215710/59049,3.65306779,215710,59049,"[2, 3, 5, 11, 37, 53]","[1, -10, 1, 0, 1, 0, 0, 0]","[2, 3, 5, 7, 11, 13, 17, 19]"
215726/59049,3.65333875,215726,59049,"[2, 3, 7, 19, 811]","[1, -10, 0, 1, 0, 0, 0, 1]","[2, 3, 5, 7, 11, 13, 17, 19]"
215807/59049,3.65471049,215807,59049,"[3, 67, 3221]","[0, -10, 0, 0, 0, 0, 0, 0]","[2, 3, 5, 7, 11, 13, 17, 19]"
216079/59049,3.65931684,216079,59049,"[3, 29, 7451]","[0, -10, 0, 0, 0, 0, 0, 0]","[2, 3, 5, 7, 11, 13, 17, 19]"
216122/59049,3.66004505,216122,59049,"[2, 3, 108061]","[1, -10, 0, 0, 0, 0, 0, 0]","[2, 3, 5, 7, 11, 13, 17, 19]"
216158/59049,3.66065471,216158,59049,"[2, 3, 108079]","[1, -10, 0, 0, 0, 0, 0, 0]","[2, 3, 5, 7, 11, 13, 17, 19]"
216394/59049,3.66465139,216394,59049,"[2, 3, 257, 421]","[1, -10, 0, 0, 0, 0, 0, 0]","[2, 3, 5, 7, 11, 13, 17, 19]"
216430/59049,3.66526105,216430,59049,"[2, 3, 5, 23, 941]","[1, -10, 1, 0, 0, 0, 0, 0]","[2, 3, 5, 7, 11, 13, 17, 19]"
216475/59049,3.66602313,216475,59049,"[3, 5, 7, 1237]","[0, -10, 2, 1, 0, 0, 0, 0]","[2, 3, 5, 7, 11, 13, 17, 19]"
216491/59049,3.66629409,216491,59049,"[3, 11, 19681]","[0, -10, 0, 0, 1, 0, 0, 0]","[2, 3, 5, 7, 11, 13, 17, 19]"
216511/59049,3.66663280,216511,59049,"[3, 317, 683]","[0, -10, 0, 0, 0, 0, 0, 0]","[2, 3, 5, 7, 11, 13, 17, 19]"
216734/59049,3.67040932,216734,59049,"[2, 3, 7, 113, 137]","[1, -10, 0, 1, 0, 0, 0, 0]","[2, 3, 5, 7, 11, 13, 17, 19]"
216970/59049,3.67440600,216970,59049,"[2, 3, 5, 13, 1669]","[1, -10, 1, 0, 0, 1, 0, 0]","[2, 3, 5, 7, 11, 13, 17, 19]"
217006/59049,3.67501566,217006,59049,"[2, 3, 108503]","[1, -10, 0, 0, 0, 0, 0, 0]","[2, 3, 5, 7, 11, 13, 17, 19]"
217051/59049,3.67577774,217051,59049,"[3, 23, 9437]","[0, -10, 0, 0, 0, 0, 0, 0]","[2, 3, 5, 7, 11, 13, 17, 19]"
217087/59049,3.67638741,217087,59049,"[3, 13, 16699]","[0, -10, 0, 0, 0, 1, 0, 0]","[2, 3, 5, 7, 11, 13, 17, 19]"
217103/59049,3.67665837,217103,59049,"[3, 107, 2029]","[0, -10, 0, 0, 0, 0, 0, 0]","[2, 3, 5, 7, 11, 13, 17, 19]"
217402/59049,3.68172196,217402,59049,"[2, 3, 71, 1531]","[1, -10, 0, 0, 0, 0, 0, 0]","[2, 3, 5, 7, 11, 13, 17, 19]"
217418/59049,3.68199292,217418,59049,"[2, 3, 108709]","[1, -10, 0, 0, 0, 0, 0, 0]","[2, 3, 5, 7, 11, 13, 17, 19]"
217454/59049,3.68260258,217454,59049,"[2, 3, 108727]","[1, -10, 0, 0, 0, 0, 0, 0]","[2, 3, 5, 7, 11, 13, 17, 19]"
217499/59049,3.68336466,217499,59049,"[3, 217499]","[0, -10, 0, 0, 0, 0, 0, 0]","[2, 3, 5, 7, 11, 13, 17, 19]"
217535/59049,3.68397433,217535,59049,"[3, 5, 139, 313]","[0, -10, 1, 0, 0, 0, 0, 0]","[2, 3, 5, 7, 11, 13, 17, 19]"
217771/59049,3.68797101,217771,59049,"[3, 217771]","[0, -10, 0, 0, 0, 0, 0, 0]","[2, 3, 5, 7, 11, 13, 17, 19]"
217994/59049,3.69174753,217994,59049,"[2, 3, 7, 23, 677]","[1, -10, 0, 1, 0, 0, 0, 0]","[2, 3, 5, 7, 11, 13, 17, 19]"
218014/59049,3.69208623,218014,59049,"[2, 3, 61, 1787]","[1, -10, 0, 0, 0, 0, 0, 0]","[2, 3, 5, 7, 11, 13, 17, 19]"
218030/59049,3.69235719,218030,59049,"[2, 3, 5, 21803]","[1, -10, 1, 0, 0, 0, 0, 0]","[2, 3, 5, 7, 11, 13, 17, 19]"
218075/59049,3.69311927,218075,59049,"[3, 5, 11, 13, 61]","[0, -10, 2, 0, 1, 1, 0, 0]","[2, 3, 5, 7, 11, 13, 17, 19]"
218111/59049,3.69372894,218111,59049,"[3, 218111]","[0, -10, 0, 0, 0, 0, 0, 0]","[2, 3, 5, 7, 11, 13, 17, 19]"
218347/59049,3.69772562,218347,59049,"[3, 97, 2251]","[0, -10, 0, 0, 0, 0, 0, 0]","[2, 3, 5, 7, 11, 13, 17, 19]"
218383/59049,3.69833528,218383,59049,"[3, 11, 19853]","[0, -10, 0, 0, 1, 0, 0, 0]","[2, 3, 5, 7, 11, 13, 17, 19]"
218426/59049,3.69906349,218426,59049,"[2, 3, 13, 31, 271]","[1, -10, 0, 0, 0, 1, 0, 0]","[2, 3, 5, 7, 11, 13, 17, 19]"
218698/59049,3.70366983,218698,59049,"[2, 3, 43, 2543]","[1, -10, 0, 0, 0, 0, 0, 0]","[2, 3, 5, 7, 11, 13, 17, 19]"
218779/59049,3.70504158,218779,59049,"[3, 11, 19889]","[0, -10, 0, 0, 1, 0, 0, 0]","[2, 3, 5, 7, 11, 13, 17, 19]"
218795/59049,3.70531254,218795,59049,"[3, 5, 43759]","[0, -10, 1, 0, 0, 0, 0, 0]","[2, 3, 5, 7, 11, 13, 17, 19]"
219038/59049,3.70942776,219038,59049,"[2, 3, 109519]","[1, -10, 0, 0, 0, 0, 0, 0]","[2, 3, 5, 7, 11, 13, 17, 19]"
219274/59049,3.71342444,219274,59049,"[2, 3, 11, 9967]","[1, -10, 0, 0, 1, 0, 0, 0]","[2, 3, 5, 7, 11, 13, 17, 19]"
219310/59049,3.71403411,219310,59049,"[2, 3, 5, 7, 13, 241]","[1, -10, 1, 1, 0, 1, 0, 0]","[2, 3, 5, 7, 11, 13, 17, 19]"
219355/59049,3.71479619,219355,59049,"[3, 5, 19, 2309]","[0, -10, 1, 0, 0, 0, 0, 1]","[2, 3, 5, 7, 11, 13, 17, 19]"
219371/59049,3.71506715,219371,59049,"[3, 219371]","[0, -10, 0, 0, 0, 0, 0, 0]","[2, 3, 5, 7, 11, 13, 17, 19]"
219391/59049,3.71540585,219391,59049,"[3, 41, 5351]","[0, -10, 0, 0, 0, 0, 0, 0]","[2, 3, 5, 7, 11, 13, 17, 19]"
219407/59049,3.71567681,219407,59049,"[3, 219407]","[0, -10, 0, 0, 0, 0, 0, 0]","[2, 3, 5, 7, 11, 13, 17, 19]"
219722/59049,3.72101136,219722,59049,"[2, 3, 61, 1801]","[1, -10, 0, 0, 0, 0, 0, 0]","[2, 3, 5, 7, 11, 13, 17, 19]"
219803/59049,3.72238311,219803,59049,"[3, 73, 3011]","[0, -10, 0, 0, 0, 0, 0, 0]","[2, 3, 5, 7, 11, 13, 17, 19]"
219886/59049,3.72378872,219886,59049,"[2, 3, 109943]","[1, -10, 0, 0, 0, 0, 0, 0]","[2, 3, 5, 7, 11, 13, 17, 19]"
219967/59049,3.72516046,219967,59049,"[3, 11, 19997]","[0, -10, 0, 0, 1, 0, 0, 0]","[2, 3, 5, 7, 11, 13, 17, 19]"
220075/59049,3.72698945,220075,59049,"[3, 5, 8803]","[0, -10, 2, 0, 0, 0, 0, 0]","[2, 3, 5, 7, 11, 13, 17, 19]"
220298/59049,3.73076597,220298,59049,"[2, 3, 13, 37, 229]","[1, -10, 0, 0, 0, 1, 0, 0]","[2, 3, 5, 7, 11, 13, 17, 19]"
220318/59049,3.73110468,220318,59049,"[2, 3, 7, 15737]","[1, -10, 0, 1, 0, 0, 0, 0]","[2, 3, 5, 7, 11, 13, 17, 19]"
220334/59049,3.73137564,220334,59049,"[2, 3, 41, 2687]","[1, -10, 0, 0, 0, 0, 0, 0]","[2, 3, 5, 7, 11, 13, 17, 19]"
220379/59049,3.73213772,220379,59049,"[3, 31, 7109]","[0, -10, 0, 0, 0, 0, 0, 0]","[2, 3, 5, 7, 11, 13, 17, 19]"
220415/59049,3.73274738,220415,59049,"[3, 5, 13, 3391]","[0, -10, 1, 0, 0, 1, 0, 0]","[2, 3, 5, 7, 11, 13, 17, 19]"
220651/59049,3.73674406,220651,59049,"[3, 233, 947]","[0, -10, 0, 0, 0, 0, 0, 0]","[2, 3, 5, 7, 11, 13, 17, 19]"
220687/59049,3.73735372,220687,59049,"[3, 220687]","[0, -10, 0, 0, 0, 0, 0, 0]","[2, 3, 5, 7, 11, 13, 17, 19]"
220910/59049,3.74113025,220910,59049,"[2, 3, 5, 22091]","[1, -10, 1, 0, 0, 0, 0, 0]","[2, 3, 5, 7, 11, 13, 17, 19]"
220991/59049,3.74250199,220991,59049,"[3, 383, 577]","[0, -10, 0, 0, 0, 0, 0, 0]","[2, 3, 5, 7, 11, 13, 17, 19]"
221099/59049,3.74433098,221099,59049,"[3, 23, 9613]","[0, -10, 0, 0, 0, 0, 0, 0]","[2, 3, 5, 7, 11, 13, 17, 19]"
221182/59049,3.74573659,221182,59049,"[2, 3, 13, 47, 181]","[1, -10, 0, 0, 0, 1, 0, 0]","[2, 3, 5, 7, 11, 13, 17, 19]"
221263/59049,3.74710833,221263,59049,"[3, 7, 73, 433]","[0, -10, 0, 1, 0, 0, 0, 0]","[2, 3, 5, 7, 11, 13, 17, 19]"
221342/59049,3.74844621,221342,59049,"[2, 3, 11, 10061]","[1, -10, 0, 0, 1, 0, 0, 0]","[2, 3, 5, 7, 11, 13, 17, 19]"
221578/59049,3.75244289,221578,59049,"[2, 3, 7, 17, 19]","[1, -10, 0, 3, 0, 0, 1, 1]","[2, 3, 5, 7, 11, 13, 17, 19]"
221614/59049,3.75305255,221614,59049,"[2, 3, 110807]","[1, -10, 0, 0, 0, 0, 0, 0]","[2, 3, 5, 7, 11, 13, 17, 19]"
221659/59049,3.75381463,221659,59049,"[3, 221659]","[0, -10, 0, 0, 0, 0, 0, 0]","[2, 3, 5, 7, 11, 13, 17, 19]"
221675/59049,3.75408559,221675,59049,"[3, 5, 8867]","[0, -10, 2, 0, 0, 0, 0, 0]","[2, 3, 5, 7, 11, 13, 17, 19]"
221695/59049,3.75442429,221695,59049,"[3, 5, 101, 439]","[0, -10, 1, 0, 0, 0, 0, 0]","[2, 3, 5, 7, 11, 13, 17, 19]"
221711/59049,3.75469525,221711,59049,"[3, 7, 19, 1667]","[0, -10, 0, 1, 0, 0, 0, 1]","[2, 3, 5, 7, 11, 13, 17, 19]"
222154/59049,3.76219750,222154,59049,"[2, 3, 277, 401]","[1, -10, 0, 0, 0, 0, 0, 0]","[2, 3, 5, 7, 11, 13, 17, 19]"
222190/59049,3.76280716,222190,59049,"[2, 3, 5, 17, 1307]","[1, -10, 1, 0, 0, 0, 1, 0]","[2, 3, 5, 7, 11, 13, 17, 19]"
222206/59049,3.76307812,222206,59049,"[2, 3, 111103]","[1, -10, 0, 0, 0, 0, 0, 0]","[2, 3, 5, 7, 11, 13, 17, 19]"
222271/59049,3.76417890,222271,59049,"[3, 7, 113, 281]","[0, -10, 0, 1, 0, 0, 0, 0]","[2, 3, 5, 7, 11, 13, 17, 19]"
222287/59049,3.76444986,222287,59049,"[3, 13, 17099]","[0, -10, 0, 0, 0, 1, 0, 0]","[2, 3, 5, 7, 11, 13, 17, 19]"
222602/59049,3.76978442,222602,59049,"[2, 3, 111301]","[1, -10, 0, 0, 0, 0, 0, 0]","[2, 3, 5, 7, 11, 13, 17, 19]"
222638/59049,3.77039408,222638,59049,"[2, 3, 13, 8563]","[1, -10, 0, 0, 0, 1, 0, 0]","[2, 3, 5, 7, 11, 13, 17, 19]"
222683/59049,3.77115616,222683,59049,"[3, 17, 13099]","[0, -10, 0, 0, 0, 0, 1, 0]","[2, 3, 5, 7, 11, 13, 17, 19]"
222719/59049,3.77176582,222719,59049,"[3, 7, 31817]","[0, -10, 0, 1, 0, 0, 0, 0]","[2, 3, 5, 7, 11, 13, 17, 19]"
222955/59049,3.77576250,222955,59049,"[3, 5, 17, 43, 61]","[0, -10, 1, 0, 0, 0, 1, 0]","[2, 3, 5, 7, 11, 13, 17, 19]"
222991/59049,3.77637217,222991,59049,"[3, 222991]","[0, -10, 0, 0, 0, 0, 0, 0]","[2, 3, 5, 7, 11, 13, 17, 19]"
223178/59049,3.77953903,223178,59049,"[2, 3, 151, 739]","[1, -10, 0, 0, 0, 0, 0, 0]","[2, 3, 5, 7, 11, 13, 17, 19]"
223214/59049,3.78014869,223214,59049,"[2, 3, 233, 479]","[1, -10, 0, 0, 0, 0, 0, 0]","[2, 3, 5, 7, 11, 13, 17, 19]"
223295/59049,3.78152043,223295,59049,"[3, 5, 17, 37, 71]","[0, -10, 1, 0, 0, 0, 1, 0]","[2, 3, 5, 7, 11, 13, 17, 19]"
223486/59049,3.78475503,223486,59049,"[2, 3, 131, 853]","[1, -10, 0, 0, 0, 0, 0, 0]","[2, 3, 5, 7, 11, 13, 17, 19]"
223531/59049,3.78551711,223531,59049,"[3, 7, 11, 2903]","[0, -10, 0, 1, 1, 0, 0, 0]","[2, 3, 5, 7, 11, 13, 17, 19]"
223567/59049,3.78612678,223567,59049,"[3, 17, 13151]","[0, -10, 0, 0, 0, 0, 1, 0]","[2, 3, 5, 7, 11, 13, 17, 19]"
223882/59049,3.79146133,223882,59049,"[2, 3, 23, 31, 157]","[1, -10, 0, 0, 0, 0, 0, 0]","[2, 3, 5, 7, 11, 13, 17, 19]"
223963/59049,3.79283307,223963,59049,"[3, 223963]","[0, -10, 0, 0, 0, 0, 0, 0]","[2, 3, 5, 7, 11, 13, 17, 19]"
223979/59049,3.79310403,223979,59049,"[3, 7, 653]","[0, -10, 0, 3, 0, 0, 0, 0]","[2, 3, 5, 7, 11, 13, 17, 19]"
224015/59049,3.79371370,224015,59049,"[3, 5, 11, 4073]","[0, -10, 1, 0, 1, 0, 0, 0]","[2, 3, 5, 7, 11, 13, 17, 19]"
224458/59049,3.80121594,224458,59049,"[2, 3, 13, 89, 97]","[1, -10, 0, 0, 0, 1, 0, 0]","[2, 3, 5, 7, 11, 13, 17, 19]"
224494/59049,3.80182560,224494,59049,"[2, 3, 112247]","[1, -10, 0, 0, 0, 0, 0, 0]","[2, 3, 5, 7, 11, 13, 17, 19]"
224510/59049,3.80209656,224510,59049,"[2, 3, 5, 11, 13, 157]","[1, -10, 1, 0, 1, 1, 0, 0]","[2, 3, 5, 7, 11, 13, 17, 19]"
224555/59049,3.80285864,224555,59049,"[3, 5, 97, 463]","[0, -10, 1, 0, 0, 0, 0, 0]","[2, 3, 5, 7, 11, 13, 17, 19]"
224575/59049,3.80319734,224575,59049,"[3, 5, 13, 691]","[0, -10, 2, 0, 0, 1, 0, 0]","[2, 3, 5, 7, 11, 13, 17, 19]"
224591/59049,3.80346831,224591,59049,"[3, 224591]","[0, -10, 0, 0, 0, 0, 0, 0]","[2, 3, 5, 7, 11, 13, 17, 19]"
224906/59049,3.80880286,224906,59049,"[2, 3, 11, 10223]","[1, -10, 0, 0, 1, 0, 0, 0]","[2, 3, 5, 7, 11, 13, 17, 19]"
224987/59049,3.81017460,224987,59049,"[3, 7, 32141]","[0, -10, 0, 1, 0, 0, 0, 0]","[2, 3, 5, 7, 11, 13, 17, 19]"
225070/59049,3.81158021,225070,59049,"[2, 3, 5, 71, 317]","[1, -10, 1, 0, 0, 0, 0, 0]","[2, 3, 5, 7, 11, 13, 17, 19]"
225259/59049,3.81478094,225259,59049,"[3, 89, 2531]","[0, -10, 0, 0, 0, 0, 0, 0]","[2, 3, 5, 7, 11, 13, 17, 19]"
225482/59049,3.81855747,225482,59049,"[2, 3, 112741]","[1, -10, 0, 0, 0, 0, 0, 0]","[2, 3, 5, 7, 11, 13, 17, 19]"
225518/59049,3.81916713,225518,59049,"[2, 3, 112759]","[1, -10, 0, 0, 0, 0, 0, 0]","[2, 3, 5, 7, 11, 13, 17, 19]"
225599/59049,3.82053887,225599,59049,"[3, 11, 20509]","[0, -10, 0, 0, 1, 0, 0, 0]","[2, 3, 5, 7, 11, 13, 17, 19]"
225790/59049,3.82377348,225790,59049,"[2, 3, 5, 67, 337]","[1, -10, 1, 0, 0, 0, 0, 0]","[2, 3, 5, 7, 11, 13, 17, 19]"
225835/59049,3.82453556,225835,59049,"[3, 5, 31, 47]","[0, -10, 1, 0, 0, 0, 0, 0]","[2, 3, 5, 7, 11, 13, 17, 19]"
225871/59049,3.82514522,225871,59049,"[3, 225871]","[0, -10, 0, 0, 0, 0, 0, 0]","[2, 3, 5, 7, 11, 13, 17, 19]"
226094/59049,3.82892174,226094,59049,"[2, 3, 11, 43, 239]","[1, -10, 0, 0, 1, 0, 0, 0]","[2, 3, 5, 7, 11, 13, 17, 19]"
226283/59049,3.83212247,226283,59049,"[3, 226283]","[0, -10, 0, 0, 0, 0, 0, 0]","[2, 3, 5, 7, 11, 13, 17, 19]"
226366/59049,3.83352809,226366,59049,"[2, 3, 7, 19, 23, 37]","[1, -10, 0, 1, 0, 0, 0, 1]","[2, 3, 5, 7, 11, 13, 17, 19]"
226447/59049,3.83489983,226447,59049,"[3, 13, 17419]","[0, -10, 0, 0, 0, 1, 0, 0]","[2, 3, 5, 7, 11, 13, 17, 19]"
226762/59049,3.84023438,226762,59049,"[2, 3, 113381]","[1, -10, 0, 0, 0, 0, 0, 0]","[2, 3, 5, 7, 11, 13, 17, 19]"
226798/59049,3.84084404,226798,59049,"[2, 3, 11, 13, 61]","[1, -10, 0, 0, 1, 2, 0, 0]","[2, 3, 5, 7, 11, 13, 17, 19]"
226814/59049,3.84111501,226814,59049,"[2, 3, 7, 17, 953]","[1, -10, 0, 1, 0, 0, 1, 0]","[2, 3, 5, 7, 11, 13, 17, 19]"
226859/59049,3.84187709,226859,59049,"[3, 61, 3719]","[0, -10, 0, 0, 0, 0, 0, 0]","[2, 3, 5, 7, 11, 13, 17, 19]"
226879/59049,3.84221579,226879,59049,"[3, 19, 11941]","[0, -10, 0, 0, 0, 0, 0, 1]","[2, 3, 5, 7, 11, 13, 17, 19]"
226895/59049,3.84248675,226895,59049,"[3, 5, 23, 1973]","[0, -10, 1, 0, 0, 0, 0, 0]","[2, 3, 5, 7, 11, 13, 17, 19]"
227374/59049,3.85059866,227374,59049,"[2, 3, 7, 109, 149]","[1, -10, 0, 1, 0, 0, 0, 0]","[2, 3, 5, 7, 11, 13, 17, 19]"
227390/59049,3.85086962,227390,59049,"[2, 3, 5, 22739]","[1, -10, 1, 0, 0, 0, 0, 0]","[2, 3, 5, 7, 11, 13, 17, 19]"
227471/59049,3.85224136,227471,59049,"[3, 227471]","[0, -10, 0, 0, 0, 0, 0, 0]","[2, 3, 5, 7, 11, 13, 17, 19]"
227743/59049,3.85684770,227743,59049,"[3, 227743]","[0, -10, 0, 0, 0, 0, 0, 0]","[2, 3, 5, 7, 11, 13, 17, 19]"
227786/59049,3.85757591,227786,59049,"[2, 3, 13, 8761]","[1, -10, 0, 0, 0, 1, 0, 0]","[2, 3, 5, 7, 11, 13, 17, 19]"
227822/59049,3.85818557,227822,59049,"[2, 3, 7, 16273]","[1, -10, 0, 1, 0, 0, 0, 0]","[2, 3, 5, 7, 11, 13, 17, 19]"
227903/59049,3.85955732,227903,59049,"[3, 13, 47, 373]","[0, -10, 0, 0, 0, 1, 0, 0]","[2, 3, 5, 7, 11, 13, 17, 19]"
228094/59049,3.86279192,228094,59049,"[2, 3, 59, 1933]","[1, -10, 0, 0, 0, 0, 0, 0]","[2, 3, 5, 7, 11, 13, 17, 19]"
228139/59049,3.86355400,228139,59049,"[3, 228139]","[0, -10, 0, 0, 0, 0, 0, 0]","[2, 3, 5, 7, 11, 13, 17, 19]"
228175/59049,3.86416366,228175,59049,"[3, 5, 9127]","[0, -10, 2, 0, 0, 0, 0, 0]","[2, 3, 5, 7, 11, 13, 17, 19]"
228398/59049,3.86794019,228398,59049,"[2, 3, 114199]","[1, -10, 0, 0, 0, 0, 0, 0]","[2, 3, 5, 7, 11, 13, 17, 19]"
228670/59049,3.87254653,228670,59049,"[2, 3, 5, 13, 1759]","[1, -10, 1, 0, 0, 1, 0, 0]","[2, 3, 5, 7, 11, 13, 17, 19]"
228715/59049,3.87330861,228715,59049,"[3, 5, 149, 307]","[0, -10, 1, 0, 0, 0, 0, 0]","[2, 3, 5, 7, 11, 13, 17, 19]"
228751/59049,3.87391827,228751,59049,"[3, 228751]","[0, -10, 0, 0, 0, 0, 0, 0]","[2, 3, 5, 7, 11, 13, 17, 19]"
228767/59049,3.87418923,228767,59049,"[3, 7, 11, 2971]","[0, -10, 0, 1, 1, 0, 0, 0]","[2, 3, 5, 7, 11, 13, 17, 19]"
229066/59049,3.87925282,229066,59049,"[2, 3, 53, 2161]","[1, -10, 0, 0, 0, 0, 0, 0]","[2, 3, 5, 7, 11, 13, 17, 19]"
229118/59049,3.88013345,229118,59049,"[2, 3, 109, 1051]","[1, -10, 0, 0, 0, 0, 0, 0]","[2, 3, 5, 7, 11, 13, 17, 19]"
229163/59049,3.88089553,229163,59049,"[3, 11, 83, 251]","[0, -10, 0, 0, 1, 0, 0, 0]","[2, 3, 5, 7, 11, 13, 17, 19]"
229199/59049,3.88150519,229199,59049,"[3, 229199]","[0, -10, 0, 0, 0, 0, 0, 0]","[2, 3, 5, 7, 11, 13, 17, 19]"
229678/59049,3.88961710,229678,59049,"[2, 3, 23, 4993]","[1, -10, 0, 0, 0, 0, 0, 0]","[2, 3, 5, 7, 11, 13, 17, 19]"
229694/59049,3.88988806,229694,59049,"[2, 3, 114847]","[1, -10, 0, 0, 0, 0, 0, 0]","[2, 3, 5, 7, 11, 13, 17, 19]"
229739/59049,3.89065014,229739,59049,"[3, 229739]","[0, -10, 0, 0, 0, 0, 0, 0]","[2, 3, 5, 7, 11, 13, 17, 19]"
229775/59049,3.89125980,229775,59049,"[3, 5, 7, 13, 101]","[0, -10, 2, 1, 0, 1, 0, 0]","[2, 3, 5, 7, 11, 13, 17, 19]"
230047/59049,3.89586615,230047,59049,"[3, 230047]","[0, -10, 0, 0, 0, 0, 0, 0]","[2, 3, 5, 7, 11, 13, 17, 19]"
230090/59049,3.89659435,230090,59049,"[2, 3, 5, 7, 19, 173]","[1, -10, 1, 1, 0, 0, 0, 1]","[2, 3, 5, 7, 11, 13, 17, 19]"
230443/59049,3.90257244,230443,59049,"[3, 79, 2917]","[0, -10, 0, 0, 0, 0, 0, 0]","[2, 3, 5, 7, 11, 13, 17, 19]"
230659/59049,3.90623042,230659,59049,"[3, 11, 13, 1613]","[0, -10, 0, 0, 1, 1, 0, 0]","[2, 3, 5, 7, 11, 13, 17, 19]"
230702/59049,3.90695863,230702,59049,"[2, 3, 31, 61]","[1, -10, 0, 0, 0, 0, 0, 0]","[2, 3, 5, 7, 11, 13, 17, 19]"
230974/59049,3.91156497,230974,59049,"[2, 3, 53, 2179]","[1, -10, 0, 0, 0, 0, 0, 0]","[2, 3, 5, 7, 11, 13, 17, 19]"
231019/59049,3.91232705,231019,59049,"[3, 231019]","[0, -10, 0, 0, 0, 0, 0, 0]","[2, 3, 5, 7, 11, 13, 17, 19]"
231055/59049,3.91293671,231055,59049,"[3, 5, 11, 4201]","[0, -10, 1, 0, 1, 0, 0, 0]","[2, 3, 5, 7, 11, 13, 17, 19]"
231071/59049,3.91320767,231071,59049,"[3, 269, 859]","[0, -10, 0, 0, 0, 0, 0, 0]","[2, 3, 5, 7, 11, 13, 17, 19]"
231467/59049,3.91991397,231467,59049,"[3, 211, 1097]","[0, -10, 0, 0, 0, 0, 0, 0]","[2, 3, 5, 7, 11, 13, 17, 19]"
231550/59049,3.92131958,231550,59049,"[2, 3, 5, 11, 421]","[1, -10, 2, 0, 1, 0, 0, 0]","[2, 3, 5, 7, 11, 13, 17, 19]"
231631/59049,3.92269132,231631,59049,"[3, 231631]","[0, -10, 0, 0, 0, 0, 0, 0]","[2, 3, 5, 7, 11, 13, 17, 19]"
231683/59049,3.92357195,231683,59049,"[3, 191, 1213]","[0, -10, 0, 0, 0, 0, 0, 0]","[2, 3, 5, 7, 11, 13, 17, 19]"
231982/59049,3.92863554,231982,59049,"[2, 3, 17, 6823]","[1, -10, 0, 0, 0, 0, 1, 0]","[2, 3, 5, 7, 11, 13, 17, 19]"
231998/59049,3.92890650,231998,59049,"[2, 3, 13, 8923]","[1, -10, 0, 0, 0, 1, 0, 0]","[2, 3, 5, 7, 11, 13, 17, 19]"
232043/59049,3.92966858,232043,59049,"[3, 7, 33149]","[0, -10, 0, 1, 0, 0, 0, 0]","[2, 3, 5, 7, 11, 13, 17, 19]"
232079/59049,3.93027824,232079,59049,"[3, 232079]","[0, -10, 0, 0, 0, 0, 0, 0]","[2, 3, 5, 7, 11, 13, 17, 19]"
232351/59049,3.93488459,232351,59049,"[3, 7, 19, 1747]","[0, -10, 0, 1, 0, 0, 0, 1]","[2, 3, 5, 7, 11, 13, 17, 19]"
232574/59049,3.93866111,232574,59049,"[2, 3, 103, 1129]","[1, -10, 0, 0, 0, 0, 0, 0]","[2, 3, 5, 7, 11, 13, 17, 19]"
232655/59049,3.94003285,232655,59049,"[3, 5, 19, 31, 79]","[0, -10, 1, 0, 0, 0, 0, 1]","[2, 3, 5, 7, 11, 13, 17, 19]"
232846/59049,3.94326746,232846,59049,"[2, 3, 116423]","[1, -10, 0, 0, 0, 0, 0, 0]","[2, 3, 5, 7, 11, 13, 17, 19]"
232927/59049,3.94463920,232927,59049,"[3, 163, 1429]","[0, -10, 0, 0, 0, 0, 0, 0]","[2, 3, 5, 7, 11, 13, 17, 19]"
232963/59049,3.94524886,232963,59049,"[3, 232963]","[0, -10, 0, 0, 0, 0, 0, 0]","[2, 3, 5, 7, 11, 13, 17, 19]"
233006/59049,3.94597707,233006,59049,"[2, 3, 113, 1031]","[1, -10, 0, 0, 0, 0, 0, 0]","[2, 3, 5, 7, 11, 13, 17, 19]"
233278/59049,3.95058341,233278,59049,"[2, 3, 116639]","[1, -10, 0, 0, 0, 0, 0, 0]","[2, 3, 5, 7, 11, 13, 17, 19]"
233323/59049,3.95134549,233323,59049,"[3, 233323]","[0, -10, 0, 0, 0, 0, 0, 0]","[2, 3, 5, 7, 11, 13, 17, 19]"
233359/59049,3.95195516,233359,59049,"[3, 7, 17, 37, 53]","[0, -10, 0, 1, 0, 0, 1, 0]","[2, 3, 5, 7, 11, 13, 17, 19]"
233375/59049,3.95222612,233375,59049,"[3, 5, 1867]","[0, -10, 3, 0, 0, 0, 0, 0]","[2, 3, 5, 7, 11, 13, 17, 19]"
233854/59049,3.96033802,233854,59049,"[2, 3, 116927]","[1, -10, 0, 0, 0, 0, 0, 0]","[2, 3, 5, 7, 11, 13, 17, 19]"
233870/59049,3.96060899,233870,59049,"[2, 3, 5, 7, 13, 257]","[1, -10, 1, 1, 0, 1, 0, 0]","[2, 3, 5, 7, 11, 13, 17, 19]"
233935/59049,3.96170977,233935,59049,"[3, 5, 13, 59, 61]","[0, -10, 1, 0, 0, 1, 0, 0]","[2, 3, 5, 7, 11, 13, 17, 19]"
233951/59049,3.96198073,233951,59049,"[3, 37, 6323]","[0, -10, 0, 0, 0, 0, 0, 0]","[2, 3, 5, 7, 11, 13, 17, 19]"
233987/59049,3.96259039,233987,59049,"[3, 13, 41, 439]","[0, -10, 0, 0, 0, 1, 0, 0]","[2, 3, 5, 7, 11, 13, 17, 19]"
234302/59049,3.96792494,234302,59049,"[2, 3, 193, 607]","[1, -10, 0, 0, 0, 0, 0, 0]","[2, 3, 5, 7, 11, 13, 17, 19]"
234347/59049,3.96868702,234347,59049,"[3, 23, 443]","[0, -10, 0, 0, 0, 0, 0, 0]","[2, 3, 5, 7, 11, 13, 17, 19]"
234383/59049,3.96929669,234383,59049,"[3, 234383]","[0, -10, 0, 0, 0, 0, 0, 0]","[2, 3, 5, 7, 11, 13, 17, 19]"
234655/59049,3.97390303,234655,59049,"[3, 5, 71, 661]","[0, -10, 1, 0, 0, 0, 0, 0]","[2, 3, 5, 7, 11, 13, 17, 19]"
234878/59049,3.97767955,234878,59049,"[2, 3, 7, 19, 883]","[1, -10, 0, 1, 0, 0, 0, 1]","[2, 3, 5, 7, 11, 13, 17, 19]"
234959/59049,3.97905130,234959,59049,"[3, 234959]","[0, -10, 0, 0, 0, 0, 0, 0]","[2, 3, 5, 7, 11, 13, 17, 19]"
235150/59049,3.98228590,235150,59049,"[2, 3, 5, 4703]","[1, -10, 2, 0, 0, 0, 0, 0]","[2, 3, 5, 7, 11, 13, 17, 19]"
235231/59049,3.98365764,235231,59049,"[3, 235231]","[0, -10, 0, 0, 0, 0, 0, 0]","[2, 3, 5, 7, 11, 13, 17, 19]"
235267/59049,3.98426730,235267,59049,"[3, 23, 53, 193]","[0, -10, 0, 0, 0, 0, 0, 0]","[2, 3, 5, 7, 11, 13, 17, 19]"
235627/59049,3.99036394,235627,59049,"[3, 7, 41, 821]","[0, -10, 0, 1, 0, 0, 0, 0]","[2, 3, 5, 7, 11, 13, 17, 19]"
235679/59049,3.99124456,235679,59049,"[3, 235679]","[0, -10, 0, 0, 0, 0, 0, 0]","[2, 3, 5, 7, 11, 13, 17, 19]"
235843/59049,3.99402191,235843,59049,"[3, 181, 1303]","[0, -10, 0, 0, 0, 0, 0, 0]","[2, 3, 5, 7, 11, 13, 17, 19]"
236158/59049,3.99935647,236158,59049,"[2, 3, 13, 31, 293]","[1, -10, 0, 0, 0, 1, 0, 0]","[2, 3, 5, 7, 11, 13, 17, 19]"
236174/59049,3.99962743,236174,59049,"[2, 3, 263, 449]","[1, -10, 0, 0, 0, 0, 0, 0]","[2, 3, 5, 7, 11, 13, 17, 19]"
236239/59049,4.00072821,236239,59049,"[3, 101, 2339]","[0, -10, 0, 0, 0, 0, 0, 0]","[2, 3, 5, 7, 11, 13, 17, 19]"
236255/59049,4.00099917,236255,59049,"[3, 5, 47251]","[0, -10, 1, 0, 0, 0, 0, 0]","[2, 3, 5, 7, 11, 13, 17, 19]"
236291/59049,4.00160883,236291,59049,"[3, 11, 21481]","[0, -10, 0, 0, 1, 0, 0, 0]","[2, 3, 5, 7, 11, 13, 17, 19]"
236651/59049,4.00770546,236651,59049,"[3, 89, 2659]","[0, -10, 0, 0, 0, 0, 0, 0]","[2, 3, 5, 7, 11, 13, 17, 19]"
236734/59049,4.00911108,236734,59049,"[2, 3, 41, 2887]","[1, -10, 0, 0, 0, 0, 0, 0]","[2, 3, 5, 7, 11, 13, 17, 19]"
236867/59049,4.01136344,236867,59049,"[3, 236867]","[0, -10, 0, 0, 0, 0, 0, 0]","[2, 3, 5, 7, 11, 13, 17, 19]"
237182/59049,4.01669800,237182,59049,"[2, 3, 11, 10781]","[1, -10, 0, 0, 1, 0, 0, 0]","[2, 3, 5, 7, 11, 13, 17, 19]"
237263/59049,4.01806974,237263,59049,"[3, 13, 18251]","[0, -10, 0, 0, 0, 1, 0, 0]","[2, 3, 5, 7, 11, 13, 17, 19]"
237454/59049,4.02130434,237454,59049,"[2, 3, 7, 2423]","[1, -10, 0, 2, 0, 0, 0, 0]","[2, 3, 5, 7, 11, 13, 17, 19]"
237535/59049,4.02267608,237535,59049,"[3, 5, 47507]","[0, -10, 1, 0, 0, 0, 0, 0]","[2, 3, 5, 7, 11, 13, 17, 19]"
237571/59049,4.02328575,237571,59049,"[3, 237571]","[0, -10, 0, 0, 0, 0, 0, 0]","[2, 3, 5, 7, 11, 13, 17, 19]"
237758/59049,4.02645261,237758,59049,"[2, 3, 53, 2243]","[1, -10, 0, 0, 0, 0, 0, 0]","[2, 3, 5, 7, 11, 13, 17, 19]"
238030/59049,4.03105895,238030,59049,"[2, 3, 5, 13, 1831]","[1, -10, 1, 0, 0, 1, 0, 0]","[2, 3, 5, 7, 11, 13, 17, 19]"
238111/59049,4.03243069,238111,59049,"[3, 31, 7681]","[0, -10, 0, 0, 0, 0, 0, 0]","[2, 3, 5, 7, 11, 13, 17, 19]"
238147/59049,4.03304036,238147,59049,"[3, 7, 13, 2617]","[0, -10, 0, 1, 0, 1, 0, 0]","[2, 3, 5, 7, 11, 13, 17, 19]"
238462/59049,4.03837491,238462,59049,"[2, 3, 7, 17033]","[1, -10, 0, 1, 0, 0, 0, 0]","[2, 3, 5, 7, 11, 13, 17, 19]"
238478/59049,4.03864587,238478,59049,"[2, 3, 43, 47, 59]","[1, -10, 0, 0, 0, 0, 0, 0]","[2, 3, 5, 7, 11, 13, 17, 19]"
238543/59049,4.03974665,238543,59049,"[3, 113, 2111]","[0, -10, 0, 0, 0, 0, 0, 0]","[2, 3, 5, 7, 11, 13, 17, 19]"
238559/59049,4.04001761,238559,59049,"[3, 191, 1249]","[0, -10, 0, 0, 0, 0, 0, 0]","[2, 3, 5, 7, 11, 13, 17, 19]"
238595/59049,4.04062728,238595,59049,"[3, 5, 7, 17, 401]","[0, -10, 1, 1, 0, 0, 1, 0]","[2, 3, 5, 7, 11, 13, 17, 19]"
239038/59049,4.04812952,239038,59049,"[2, 3, 107, 1117]","[1, -10, 0, 0, 0, 0, 0, 0]","[2, 3, 5, 7, 11, 13, 17, 19]"
239054/59049,4.04840048,239054,59049,"[2, 3, 17, 79, 89]","[1, -10, 0, 0, 0, 0, 1, 0]","[2, 3, 5, 7, 11, 13, 17, 19]"
239135/59049,4.04977222,239135,59049,"[3, 5, 13, 283]","[0, -10, 1, 0, 0, 2, 0, 0]","[2, 3, 5, 7, 11, 13, 17, 19]"
239171/59049,4.05038189,239171,59049,"[3, 239171]","[0, -10, 0, 0, 0, 0, 0, 0]","[2, 3, 5, 7, 11, 13, 17, 19]"
239407/59049,4.05437857,239407,59049,"[3, 7, 23, 1487]","[0, -10, 0, 1, 0, 0, 0, 0]","[2, 3, 5, 7, 11, 13, 17, 19]"
239486/59049,4.05571644,239486,59049,"[2, 3, 13, 61, 151]","[1, -10, 0, 0, 0, 1, 0, 0]","[2, 3, 5, 7, 11, 13, 17, 19]"
239567/59049,4.05708818,239567,59049,"[3, 239567]","[0, -10, 0, 0, 0, 0, 0, 0]","[2, 3, 5, 7, 11, 13, 17, 19]"
239758/59049,4.06032278,239758,59049,"[2, 3, 313, 383]","[1, -10, 0, 0, 0, 0, 0, 0]","[2, 3, 5, 7, 11, 13, 17, 19]"
239839/59049,4.06169452,239839,59049,"[3, 373, 643]","[0, -10, 0, 0, 0, 0, 0, 0]","[2, 3, 5, 7, 11, 13, 17, 19]"
240062/59049,4.06547105,240062,59049,"[2, 3, 29, 4139]","[1, -10, 0, 0, 0, 0, 0, 0]","[2, 3, 5, 7, 11, 13, 17, 19]"
240334/59049,4.07007739,240334,59049,"[2, 3, 120167]","[1, -10, 0, 0, 0, 0, 0, 0]","[2, 3, 5, 7, 11, 13, 17, 19]"
240415/59049,4.07144914,240415,59049,"[3, 5, 7, 6869]","[0, -10, 1, 1, 0, 0, 0, 0]","[2, 3, 5, 7, 11, 13, 17, 19]"
240431/59049,4.07172010,240431,59049,"[3, 17, 14143]","[0, -10, 0, 0, 0, 0, 1, 0]","[2, 3, 5, 7, 11, 13, 17, 19]"
240451/59049,4.07205880,240451,59049,"[3, 83, 2897]","[0, -10, 0, 0, 0, 0, 0, 0]","[2, 3, 5, 7, 11, 13, 17, 19]"
240782/59049,4.07766431,240782,59049,"[2, 3, 120391]","[1, -10, 0, 0, 0, 0, 0, 0]","[2, 3, 5, 7, 11, 13, 17, 19]"
240863/59049,4.07903605,240863,59049,"[3, 7, 19, 1811]","[0, -10, 0, 1, 0, 0, 0, 1]","[2, 3, 5, 7, 11, 13, 17, 19]"
241027/59049,4.08181341,241027,59049,"[3, 241027]","[0, -10, 0, 0, 0, 0, 0, 0]","[2, 3, 5, 7, 11, 13, 17, 19]"
241342/59049,4.08714796,241342,59049,"[2, 3, 120671]","[1, -10, 0, 0, 0, 0, 0, 0]","[2, 3, 5, 7, 11, 13, 17, 19]"
241358/59049,4.08741892,241358,59049,"[2, 3, 13, 9283]","[1, -10, 0, 0, 0, 1, 0, 0]","[2, 3, 5, 7, 11, 13, 17, 19]"
241439/59049,4.08879067,241439,59049,"[3, 11, 47, 467]","[0, -10, 0, 0, 1, 0, 0, 0]","[2, 3, 5, 7, 11, 13, 17, 19]"
241475/59049,4.08940033,241475,59049,"[3, 5, 13, 743]","[0, -10, 2, 0, 0, 1, 0, 0]","[2, 3, 5, 7, 11, 13, 17, 19]"
241711/59049,4.09339701,241711,59049,"[3, 241711]","[0, -10, 0, 0, 0, 0, 0, 0]","[2, 3, 5, 7, 11, 13, 17, 19]"
242051/59049,4.09915494,242051,59049,"[3, 53, 4567]","[0, -10, 0, 0, 0, 0, 0, 0]","[2, 3, 5, 7, 11, 13, 17, 19]"
242323/59049,4.10376128,242323,59049,"[3, 71, 3413]","[0, -10, 0, 0, 0, 0, 0, 0]","[2, 3, 5, 7, 11, 13, 17, 19]"
242366/59049,4.10448949,242366,59049,"[2, 3, 179, 677]","[1, -10, 0, 0, 0, 0, 0, 0]","[2, 3, 5, 7, 11, 13, 17, 19]"
242638/59049,4.10909584,242638,59049,"[2, 3, 11, 41, 269]","[1, -10, 0, 0, 1, 0, 0, 0]","[2, 3, 5, 7, 11, 13, 17, 19]"
242719/59049,4.11046758,242719,59049,"[3, 23, 61, 173]","[0, -10, 0, 0, 0, 0, 0, 0]","[2, 3, 5, 7, 11, 13, 17, 19]"
242735/59049,4.11073854,242735,59049,"[3, 5, 43, 1129]","[0, -10, 1, 0, 0, 0, 0, 0]","[2, 3, 5, 7, 11, 13, 17, 19]"
242755/59049,4.11107724,242755,59049,"[3, 5, 47, 1033]","[0, -10, 1, 0, 0, 0, 0, 0]","[2, 3, 5, 7, 11, 13, 17, 19]"
243214/59049,4.11885045,243214,59049,"[2, 3, 121607]","[1, -10, 0, 0, 0, 0, 0, 0]","[2, 3, 5, 7, 11, 13, 17, 19]"
243295/59049,4.12022219,243295,59049,"[3, 5, 13, 19, 197]","[0, -10, 1, 0, 0, 1, 0, 1]","[2, 3, 5, 7, 11, 13, 17, 19]"
243331/59049,4.12083185,243331,59049,"[3, 11, 2011]","[0, -10, 0, 0, 2, 0, 0, 0]","[2, 3, 5, 7, 11, 13, 17, 19]"
243347/59049,4.12110281,243347,59049,"[3, 13, 18719]","[0, -10, 0, 0, 0, 1, 0, 0]","[2, 3, 5, 7, 11, 13, 17, 19]"
243646/59049,4.12616640,243646,59049,"[2, 3, 13, 9371]","[1, -10, 0, 0, 0, 1, 0, 0]","[2, 3, 5, 7, 11, 13, 17, 19]"
243662/59049,4.12643737,243662,59049,"[2, 3, 23, 5297]","[1, -10, 0, 0, 0, 0, 0, 0]","[2, 3, 5, 7, 11, 13, 17, 19]"
243743/59049,4.12780911,243743,59049,"[3, 71, 3433]","[0, -10, 0, 0, 0, 0, 0, 0]","[2, 3, 5, 7, 11, 13, 17, 19]"
243779/59049,4.12841877,243779,59049,"[3, 433, 563]","[0, -10, 0, 0, 0, 0, 0, 0]","[2, 3, 5, 7, 11, 13, 17, 19]"
244015/59049,4.13241545,244015,59049,"[3, 5, 37, 1319]","[0, -10, 1, 0, 0, 0, 0, 0]","[2, 3, 5, 7, 11, 13, 17, 19]"
244238/59049,4.13619198,244238,59049,"[2, 3, 29, 4211]","[1, -10, 0, 0, 0, 0, 0, 0]","[2, 3, 5, 7, 11, 13, 17, 19]"
244319/59049,4.13756372,244319,59049,"[3, 41, 59, 101]","[0, -10, 0, 0, 0, 0, 0, 0]","[2, 3, 5, 7, 11, 13, 17, 19]"
244355/59049,4.13817338,244355,59049,"[3, 5, 48871]","[0, -10, 1, 0, 0, 0, 0, 0]","[2, 3, 5, 7, 11, 13, 17, 19]"
244591/59049,4.14217006,244591,59049,"[3, 277, 883]","[0, -10, 0, 0, 0, 0, 0, 0]","[2, 3, 5, 7, 11, 13, 17, 19]"
244627/59049,4.14277973,244627,59049,"[3, 43, 5689]","[0, -10, 0, 0, 0, 0, 0, 0]","[2, 3, 5, 7, 11, 13, 17, 19]"
244670/59049,4.14350793,244670,59049,"[2, 3, 5, 43, 569]","[1, -10, 1, 0, 0, 0, 0, 0]","[2, 3, 5, 7, 11, 13, 17, 19]"
244942/59049,4.14811428,244942,59049,"[2, 3, 122471]","[1, -10, 0, 0, 0, 0, 0, 0]","[2, 3, 5, 7, 11, 13, 17, 19]"
245023/59049,4.14948602,245023,59049,"[3, 245023]","[0, -10, 0, 0, 0, 0, 0, 0]","[2, 3, 5, 7, 11, 13, 17, 19]"
245039/59049,4.14975698,245039,59049,"[3, 245039]","[0, -10, 0, 0, 0, 0, 0, 0]","[2, 3, 5, 7, 11, 13, 17, 19]"
245518/59049,4.15786889,245518,59049,"[2, 3, 7, 13, 19, 71]","[1, -10, 0, 1, 0, 1, 0, 1]","[2, 3, 5, 7, 11, 13, 17, 19]"
245599/59049,4.15924063,245599,59049,"[3, 17, 14447]","[0, -10, 0, 0, 0, 0, 1, 0]","[2, 3, 5, 7, 11, 13, 17, 19]"
245615/59049,4.15951159,245615,59049,"[3, 5, 49123]","[0, -10, 1, 0, 0, 0, 0, 0]","[2, 3, 5, 7, 11, 13, 17, 19]"
245635/59049,4.15985029,245635,59049,"[3, 5, 13, 3779]","[0, -10, 1, 0, 0, 1, 0, 0]","[2, 3, 5, 7, 11, 13, 17, 19]"
245651/59049,4.16012126,245651,59049,"[3, 7, 19, 1847]","[0, -10, 0, 1, 0, 0, 0, 1]","[2, 3, 5, 7, 11, 13, 17, 19]"
245966/59049,4.16545581,245966,59049,"[2, 3, 7, 17569]","[1, -10, 0, 1, 0, 0, 0, 0]","[2, 3, 5, 7, 11, 13, 17, 19]"
246047/59049,4.16682755,246047,59049,"[3, 31, 7937]","[0, -10, 0, 0, 0, 0, 0, 0]","[2, 3, 5, 7, 11, 13, 17, 19]"
246211/59049,4.16960490,246211,59049,"[3, 7, 17, 2069]","[0, -10, 0, 1, 0, 0, 1, 0]","[2, 3, 5, 7, 11, 13, 17, 19]"
246319/59049,4.17143389,246319,59049,"[3, 246319]","[0, -10, 0, 0, 0, 0, 0, 0]","[2, 3, 5, 7, 11, 13, 17, 19]"
246542/59049,4.17521042,246542,59049,"[2, 3, 131, 941]","[1, -10, 0, 0, 0, 0, 0, 0]","[2, 3, 5, 7, 11, 13, 17, 19]"
246623/59049,4.17658216,246623,59049,"[3, 13, 61, 311]","[0, -10, 0, 0, 0, 1, 0, 0]","[2, 3, 5, 7, 11, 13, 17, 19]"
246659/59049,4.17719182,246659,59049,"[3, 7, 167, 211]","[0, -10, 0, 1, 0, 0, 0, 0]","[2, 3, 5, 7, 11, 13, 17, 19]"
246895/59049,4.18118850,246895,59049,"[3, 5, 11, 67]","[0, -10, 1, 0, 1, 0, 0, 0]","[2, 3, 5, 7, 11, 13, 17, 19]"
246931/59049,4.18179817,246931,59049,"[3, 246931]","[0, -10, 0, 0, 0, 0, 0, 0]","[2, 3, 5, 7, 11, 13, 17, 19]"
247235/59049,4.18694643,247235,59049,"[3, 5, 197, 251]","[0, -10, 1, 0, 0, 0, 0, 0]","[2, 3, 5, 7, 11, 13, 17, 19]"
247343/59049,4.18877542,247343,59049,"[3, 247343]","[0, -10, 0, 0, 0, 0, 0, 0]","[2, 3, 5, 7, 11, 13, 17, 19]"
247507/59049,4.19155278,247507,59049,"[3, 13, 79, 241]","[0, -10, 0, 0, 0, 1, 0, 0]","[2, 3, 5, 7, 11, 13, 17, 19]"
247822/59049,4.19688733,247822,59049,"[2, 3, 123911]","[1, -10, 0, 0, 0, 0, 0, 0]","[2, 3, 5, 7, 11, 13, 17, 19]"
247903/59049,4.19825907,247903,59049,"[3, 157, 1579]","[0, -10, 0, 0, 0, 0, 0, 0]","[2, 3, 5, 7, 11, 13, 17, 19]"
247919/59049,4.19853003,247919,59049,"[3, 7, 107, 331]","[0, -10, 0, 1, 0, 0, 0, 0]","[2, 3, 5, 7, 11, 13, 17, 19]"
247939/59049,4.19886874,247939,59049,"[3, 247939]","[0, -10, 0, 0, 0, 0, 0, 0]","[2, 3, 5, 7, 11, 13, 17, 19]"
247955/59049,4.19913970,247955,59049,"[3, 5, 101, 491]","[0, -10, 1, 0, 0, 0, 0, 0]","[2, 3, 5, 7, 11, 13, 17, 19]"
248398/59049,4.20664194,248398,59049,"[2, 3, 124199]","[1, -10, 0, 0, 0, 0, 0, 0]","[2, 3, 5, 7, 11, 13, 17, 19]"
248515/59049,4.20862335,248515,59049,"[3, 5, 23, 2161]","[0, -10, 1, 0, 0, 0, 0, 0]","[2, 3, 5, 7, 11, 13, 17, 19]"
248531/59049,4.20889431,248531,59049,"[3, 157, 1583]","[0, -10, 0, 0, 0, 0, 0, 0]","[2, 3, 5, 7, 11, 13, 17, 19]"
248846/59049,4.21422886,248846,59049,"[2, 3, 13, 17, 563]","[1, -10, 0, 0, 0, 1, 1, 0]","[2, 3, 5, 7, 11, 13, 17, 19]"
248927/59049,4.21560060,248927,59049,"[3, 7, 43, 827]","[0, -10, 0, 1, 0, 0, 0, 0]","[2, 3, 5, 7, 11, 13, 17, 19]"
248963/59049,4.21621027,248963,59049,"[3, 11, 13, 1741]","[0, -10, 0, 0, 1, 1, 0, 0]","[2, 3, 5, 7, 11, 13, 17, 19]"
249199/59049,4.22020695,249199,59049,"[3, 249199]","[0, -10, 0, 0, 0, 0, 0, 0]","[2, 3, 5, 7, 11, 13, 17, 19]"
249235/59049,4.22081661,249235,59049,"[3, 5, 7, 7121]","[0, -10, 1, 1, 0, 0, 0, 0]","[2, 3, 5, 7, 11, 13, 17, 19]"
249422/59049,4.22398347,249422,59049,"[2, 3, 311, 401]","[1, -10, 0, 0, 0, 0, 0, 0]","[2, 3, 5, 7, 11, 13, 17, 19]"
249539/59049,4.22596488,249539,59049,"[3, 249539]","[0, -10, 0, 0, 0, 0, 0, 0]","[2, 3, 5, 7, 11, 13, 17, 19]"
249775/59049,4.22996156,249775,59049,"[3, 5, 97, 103]","[0, -10, 2, 0, 0, 0, 0, 0]","[2, 3, 5, 7, 11, 13, 17, 19]"
249811/59049,4.23057122,249811,59049,"[3, 249811]","[0, -10, 0, 0, 0, 0, 0, 0]","[2, 3, 5, 7, 11, 13, 17, 19]"
250126/59049,4.23590577,250126,59049,"[2, 3, 125063]","[1, -10, 0, 0, 0, 0, 0, 0]","[2, 3, 5, 7, 11, 13, 17, 19]"
250207/59049,4.23727752,250207,59049,"[3, 151, 1657]","[0, -10, 0, 0, 0, 0, 0, 0]","[2, 3, 5, 7, 11, 13, 17, 19]"
250223/59049,4.23754848,250223,59049,"[3, 17, 41, 359]","[0, -10, 0, 0, 0, 0, 1, 0]","[2, 3, 5, 7, 11, 13, 17, 19]"
250259/59049,4.23815814,250259,59049,"[3, 250259]","[0, -10, 0, 0, 0, 0, 0, 0]","[2, 3, 5, 7, 11, 13, 17, 19]"
250702/59049,4.24566038,250702,59049,"[2, 3, 103, 1217]","[1, -10, 0, 0, 0, 0, 0, 0]","[2, 3, 5, 7, 11, 13, 17, 19]"
250799/59049,4.24730309,250799,59049,"[3, 250799]","[0, -10, 0, 0, 0, 0, 0, 0]","[2, 3, 5, 7, 11, 13, 17, 19]"
250819/59049,4.24764179,250819,59049,"[3, 19, 43, 307]","[0, -10, 0, 0, 0, 0, 0, 1]","[2, 3, 5, 7, 11, 13, 17, 19]"
250835/59049,4.24791275,250835,59049,"[3, 5, 13, 17, 227]","[0, -10, 1, 0, 0, 1, 1, 0]","[2, 3, 5, 7, 11, 13, 17, 19]"
251150/59049,4.25324730,251150,59049,"[2, 3, 5, 5023]","[1, -10, 2, 0, 0, 0, 0, 0]","[2, 3, 5, 7, 11, 13, 17, 19]"
251231/59049,4.25461905,251231,59049,"[3, 251231]","[0, -10, 0, 0, 0, 0, 0, 0]","[2, 3, 5, 7, 11, 13, 17, 19]"
251503/59049,4.25922539,251503,59049,"[3, 7, 19, 31, 61]","[0, -10, 0, 1, 0, 0, 0, 1]","[2, 3, 5, 7, 11, 13, 17, 19]"
251726/59049,4.26300191,251726,59049,"[2, 3, 125863]","[1, -10, 0, 0, 0, 0, 0, 0]","[2, 3, 5, 7, 11, 13, 17, 19]"
251843/59049,4.26498332,251843,59049,"[3, 251843]","[0, -10, 0, 0, 0, 0, 0, 0]","[2, 3, 5, 7, 11, 13, 17, 19]"
252079/59049,4.26898000,252079,59049,"[3, 252079]","[0, -10, 0, 0, 0, 0, 0, 0]","[2, 3, 5, 7, 11, 13, 17, 19]"
252115/59049,4.26958966,252115,59049,"[3, 5, 50423]","[0, -10, 1, 0, 0, 0, 0, 0]","[2, 3, 5, 7, 11, 13, 17, 19]"
252527/59049,4.27656692,252527,59049,"[3, 11, 2087]","[0, -10, 0, 0, 2, 0, 0, 0]","[2, 3, 5, 7, 11, 13, 17, 19]"
252691/59049,4.27934427,252691,59049,"[3, 252691]","[0, -10, 0, 0, 0, 0, 0, 0]","[2, 3, 5, 7, 11, 13, 17, 19]"
253006/59049,4.28467883,253006,59049,"[2, 3, 13, 37, 263]","[1, -10, 0, 0, 0, 1, 0, 0]","[2, 3, 5, 7, 11, 13, 17, 19]"
253103/59049,4.28632153,253103,59049,"[3, 253103]","[0, -10, 0, 0, 0, 0, 0, 0]","[2, 3, 5, 7, 11, 13, 17, 19]"
253123/59049,4.28666023,253123,59049,"[3, 13, 19471]","[0, -10, 0, 0, 0, 1, 0, 0]","[2, 3, 5, 7, 11, 13, 17, 19]"
253139/59049,4.28693119,253139,59049,"[3, 163, 1553]","[0, -10, 0, 0, 0, 0, 0, 0]","[2, 3, 5, 7, 11, 13, 17, 19]"
253715/59049,4.29668580,253715,59049,"[3, 5, 7, 11, 659]","[0, -10, 1, 1, 1, 0, 0, 0]","[2, 3, 5, 7, 11, 13, 17, 19]"
253987/59049,4.30129215,253987,59049,"[3, 253987]","[0, -10, 0, 0, 0, 0, 0, 0]","[2, 3, 5, 7, 11, 13, 17, 19]"
254030/59049,4.30202036,254030,59049,"[2, 3, 5, 7, 19, 191]","[1, -10, 1, 1, 0, 0, 0, 1]","[2, 3, 5, 7, 11, 13, 17, 19]"
254147/59049,4.30400176,254147,59049,"[3, 254147]","[0, -10, 0, 0, 0, 0, 0, 0]","[2, 3, 5, 7, 11, 13, 17, 19]"
254383/59049,4.30799844,254383,59049,"[3, 254383]","[0, -10, 0, 0, 0, 0, 0, 0]","[2, 3, 5, 7, 11, 13, 17, 19]"
254419/59049,4.30860811,254419,59049,"[3, 11, 101, 229]","[0, -10, 0, 0, 1, 0, 0, 0]","[2, 3, 5, 7, 11, 13, 17, 19]"
254959/59049,4.31775305,254959,59049,"[3, 254959]","[0, -10, 0, 0, 0, 0, 0, 0]","[2, 3, 5, 7, 11, 13, 17, 19]"
254995/59049,4.31836272,254995,59049,"[3, 5, 13, 3923]","[0, -10, 1, 0, 0, 1, 0, 0]","[2, 3, 5, 7, 11, 13, 17, 19]"
255011/59049,4.31863368,255011,59049,"[3, 271, 941]","[0, -10, 0, 0, 0, 0, 0, 0]","[2, 3, 5, 7, 11, 13, 17, 19]"
255310/59049,4.32369727,255310,59049,"[2, 3, 5, 11, 211]","[1, -10, 1, 0, 2, 0, 0, 0]","[2, 3, 5, 7, 11, 13, 17, 19]"
255407/59049,4.32533997,255407,59049,"[3, 53, 61, 79]","[0, -10, 0, 0, 0, 0, 0, 0]","[2, 3, 5, 7, 11, 13, 17, 19]"
255443/59049,4.32594964,255443,59049,"[3, 255443]","[0, -10, 0, 0, 0, 0, 0, 0]","[2, 3, 5, 7, 11, 13, 17, 19]"
255983/59049,4.33509458,255983,59049,"[3, 7, 13, 29, 97]","[0, -10, 0, 1, 0, 1, 0, 0]","[2, 3, 5, 7, 11, 13, 17, 19]"
256019/59049,4.33570425,256019,59049,"[3, 256019]","[0, -10, 0, 0, 0, 0, 0, 0]","[2, 3, 5, 7, 11, 13, 17, 19]"
256291/59049,4.34031059,256291,59049,"[3, 7, 19, 41, 47]","[0, -10, 0, 1, 0, 0, 0, 1]","[2, 3, 5, 7, 11, 13, 17, 19]"
256334/59049,4.34103880,256334,59049,"[2, 3, 13, 9859]","[1, -10, 0, 0, 0, 1, 0, 0]","[2, 3, 5, 7, 11, 13, 17, 19]"
256687/59049,4.34701688,256687,59049,"[3, 256687]","[0, -10, 0, 0, 0, 0, 0, 0]","[2, 3, 5, 7, 11, 13, 17, 19]"
256903/59049,4.35067486,256903,59049,"[3, 256903]","[0, -10, 0, 0, 0, 0, 0, 0]","[2, 3, 5, 7, 11, 13, 17, 19]"
257263/59049,4.35677149,257263,59049,"[3, 257263]","[0, -10, 0, 0, 0, 0, 0, 0]","[2, 3, 5, 7, 11, 13, 17, 19]"
257299/59049,4.35738116,257299,59049,"[3, 7, 59, 89]","[0, -10, 0, 2, 0, 0, 0, 0]","[2, 3, 5, 7, 11, 13, 17, 19]"
257315/59049,4.35765212,257315,59049,"[3, 5, 53, 971]","[0, -10, 1, 0, 0, 0, 0, 0]","[2, 3, 5, 7, 11, 13, 17, 19]"
257711/59049,4.36435841,257711,59049,"[3, 257711]","[0, -10, 0, 0, 0, 0, 0, 0]","[2, 3, 5, 7, 11, 13, 17, 19]"
257875/59049,4.36713577,257875,59049,"[3, 5, 2063]","[0, -10, 3, 0, 0, 0, 0, 0]","[2, 3, 5, 7, 11, 13, 17, 19]"
257927/59049,4.36801639,257927,59049,"[3, 37, 6971]","[0, -10, 0, 0, 0, 0, 0, 0]","[2, 3, 5, 7, 11, 13, 17, 19]"
258287/59049,4.37411302,258287,59049,"[3, 181, 1427]","[0, -10, 0, 0, 0, 0, 0, 0]","[2, 3, 5, 7, 11, 13, 17, 19]"
258323/59049,4.37472269,258323,59049,"[3, 13, 31, 641]","[0, -10, 0, 0, 0, 1, 0, 0]","[2, 3, 5, 7, 11, 13, 17, 19]"
258595/59049,4.37932903,258595,59049,"[3, 5, 51719]","[0, -10, 1, 0, 0, 0, 0, 0]","[2, 3, 5, 7, 11, 13, 17, 19]"
258899/59049,4.38447730,258899,59049,"[3, 199, 1301]","[0, -10, 0, 0, 0, 0, 0, 0]","[2, 3, 5, 7, 11, 13, 17, 19]"
259171/59049,4.38908364,259171,59049,"[3, 11, 23561]","[0, -10, 0, 0, 1, 0, 0, 0]","[2, 3, 5, 7, 11, 13, 17, 19]"
259207/59049,4.38969331,259207,59049,"[3, 13, 127, 157]","[0, -10, 0, 0, 0, 1, 0, 0]","[2, 3, 5, 7, 11, 13, 17, 19]"
259567/59049,4.39578994,259567,59049,"[3, 7, 11, 3371]","[0, -10, 0, 1, 1, 0, 0, 0]","[2, 3, 5, 7, 11, 13, 17, 19]"
259603/59049,4.39639960,259603,59049,"[3, 259603]","[0, -10, 0, 0, 0, 0, 0, 0]","[2, 3, 5, 7, 11, 13, 17, 19]"
259619/59049,4.39667056,259619,59049,"[3, 259619]","[0, -10, 0, 0, 0, 0, 0, 0]","[2, 3, 5, 7, 11, 13, 17, 19]"
260179/59049,4.40615421,260179,59049,"[3, 260179]","[0, -10, 0, 0, 0, 0, 0, 0]","[2, 3, 5, 7, 11, 13, 17, 19]"
260195/59049,4.40642517,260195,59049,"[3, 5, 13, 4003]","[0, -10, 1, 0, 0, 1, 0, 0]","[2, 3, 5, 7, 11, 13, 17, 19]"
260231/59049,4.40703484,260231,59049,"[3, 260231]","[0, -10, 0, 0, 0, 0, 0, 0]","[2, 3, 5, 7, 11, 13, 17, 19]"
260591/59049,4.41313147,260591,59049,"[3, 37, 7043]","[0, -10, 0, 0, 0, 0, 0, 0]","[2, 3, 5, 7, 11, 13, 17, 19]"
260627/59049,4.41374113,260627,59049,"[3, 17, 15331]","[0, -10, 0, 0, 0, 0, 1, 0]","[2, 3, 5, 7, 11, 13, 17, 19]"
260899/59049,4.41834747,260899,59049,"[3, 17, 103, 149]","[0, -10, 0, 0, 0, 0, 1, 0]","[2, 3, 5, 7, 11, 13, 17, 19]"
261203/59049,4.42349574,261203,59049,"[3, 29, 9007]","[0, -10, 0, 0, 0, 0, 0, 0]","[2, 3, 5, 7, 11, 13, 17, 19]"
261475/59049,4.42810208,261475,59049,"[3, 5, 10459]","[0, -10, 2, 0, 0, 0, 0, 0]","[2, 3, 5, 7, 11, 13, 17, 19]"
261511/59049,4.42871175,261511,59049,"[3, 17, 15383]","[0, -10, 0, 0, 0, 0, 1, 0]","[2, 3, 5, 7, 11, 13, 17, 19]"
261871/59049,4.43480838,261871,59049,"[3, 307, 853]","[0, -10, 0, 0, 0, 0, 0, 0]","[2, 3, 5, 7, 11, 13, 17, 19]"
261923/59049,4.43568900,261923,59049,"[3, 37, 7079]","[0, -10, 0, 0, 0, 0, 0, 0]","[2, 3, 5, 7, 11, 13, 17, 19]"
262087/59049,4.43846636,262087,59049,"[3, 7, 37441]","[0, -10, 0, 1, 0, 0, 0, 0]","[2, 3, 5, 7, 11, 13, 17, 19]"
262483/59049,4.44517265,262483,59049,"[3, 13, 61, 331]","[0, -10, 0, 0, 0, 1, 0, 0]","[2, 3, 5, 7, 11, 13, 17, 19]"
262499/59049,4.44544361,262499,59049,"[3, 23, 101, 113]","[0, -10, 0, 0, 0, 0, 0, 0]","[2, 3, 5, 7, 11, 13, 17, 19]"
262535/59049,4.44605328,262535,59049,"[3, 5, 7, 13, 577]","[0, -10, 1, 1, 0, 1, 0, 0]","[2, 3, 5, 7, 11, 13, 17, 19]"
262895/59049,4.45214991,262895,59049,"[3, 5, 52579]","[0, -10, 1, 0, 0, 0, 0, 0]","[2, 3, 5, 7, 11, 13, 17, 19]"
263111/59049,4.45580789,263111,59049,"[3, 263111]","[0, -10, 0, 0, 0, 0, 0, 0]","[2, 3, 5, 7, 11, 13, 17, 19]"
263507/59049,4.46251418,263507,59049,"[3, 41, 6427]","[0, -10, 0, 0, 0, 0, 0, 0]","[2, 3, 5, 7, 11, 13, 17, 19]"
263779/59049,4.46712053,263779,59049,"[3, 31, 67, 127]","[0, -10, 0, 0, 0, 0, 0, 0]","[2, 3, 5, 7, 11, 13, 17, 19]"
263815/59049,4.46773019,263815,59049,"[3, 5, 19, 2777]","[0, -10, 1, 0, 0, 0, 0, 1]","[2, 3, 5, 7, 11, 13, 17, 19]"
264355/59049,4.47687514,264355,59049,"[3, 5, 7, 13, 83]","[0, -10, 1, 2, 0, 1, 0, 0]","[2, 3, 5, 7, 11, 13, 17, 19]"
264391/59049,4.47748480,264391,59049,"[3, 264391]","[0, -10, 0, 0, 0, 0, 0, 0]","[2, 3, 5, 7, 11, 13, 17, 19]"
264787/59049,4.48419110,264787,59049,"[3, 264787]","[0, -10, 0, 0, 0, 0, 0, 0]","[2, 3, 5, 7, 11, 13, 17, 19]"
264803/59049,4.48446206,264803,59049,"[3, 7, 11, 19, 181]","[0, -10, 0, 1, 1, 0, 0, 1]","[2, 3, 5, 7, 11, 13, 17, 19]"
264839/59049,4.48507172,264839,59049,"[3, 264839]","[0, -10, 0, 0, 0, 0, 0, 0]","[2, 3, 5, 7, 11, 13, 17, 19]"
265379/59049,4.49421667,265379,59049,"[3, 29, 9151]","[0, -10, 0, 0, 0, 0, 0, 0]","[2, 3, 5, 7, 11, 13, 17, 19]"
265415/59049,4.49482633,265415,59049,"[3, 5, 109, 487]","[0, -10, 1, 0, 0, 0, 0, 0]","[2, 3, 5, 7, 11, 13, 17, 19]"
265651/59049,4.49882301,265651,59049,"[3, 421, 631]","[0, -10, 0, 0, 0, 0, 0, 0]","[2, 3, 5, 7, 11, 13, 17, 19]"
265811/59049,4.50153263,265811,59049,"[3, 7, 13, 23, 127]","[0, -10, 0, 1, 0, 1, 0, 0]","[2, 3, 5, 7, 11, 13, 17, 19]"
266083/59049,4.50613897,266083,59049,"[3, 266083]","[0, -10, 0, 0, 0, 0, 0, 0]","[2, 3, 5, 7, 11, 13, 17, 19]"
266659/59049,4.51589358,266659,59049,"[3, 37, 7207]","[0, -10, 0, 0, 0, 0, 0, 0]","[2, 3, 5, 7, 11, 13, 17, 19]"
266675/59049,4.51616454,266675,59049,"[3, 5, 10667]","[0, -10, 2, 0, 0, 0, 0, 0]","[2, 3, 5, 7, 11, 13, 17, 19]"
266695/59049,4.51650324,266695,59049,"[3, 5, 11, 13, 373]","[0, -10, 1, 0, 1, 1, 0, 0]","[2, 3, 5, 7, 11, 13, 17, 19]"
267107/59049,4.52348050,267107,59049,"[3, 73, 3659]","[0, -10, 0, 0, 0, 0, 0, 0]","[2, 3, 5, 7, 11, 13, 17, 19]"
267271/59049,4.52625785,267271,59049,"[3, 267271]","[0, -10, 0, 0, 0, 0, 0, 0]","[2, 3, 5, 7, 11, 13, 17, 19]"
267683/59049,4.53323511,267683,59049,"[3, 13, 59, 349]","[0, -10, 0, 0, 0, 1, 0, 0]","[2, 3, 5, 7, 11, 13, 17, 19]"
267719/59049,4.53384477,267719,59049,"[3, 267719]","[0, -10, 0, 0, 0, 0, 0, 0]","[2, 3, 5, 7, 11, 13, 17, 19]"
267955/59049,4.53784145,267955,59049,"[3, 5, 53591]","[0, -10, 1, 0, 0, 0, 0, 0]","[2, 3, 5, 7, 11, 13, 17, 19]"
268295/59049,4.54359938,268295,59049,"[3, 5, 23, 2333]","[0, -10, 1, 0, 0, 0, 0, 0]","[2, 3, 5, 7, 11, 13, 17, 19]"
268567/59049,4.54820573,268567,59049,"[3, 13, 73, 283]","[0, -10, 0, 0, 0, 1, 0, 0]","[2, 3, 5, 7, 11, 13, 17, 19]"
268963/59049,4.55491202,268963,59049,"[3, 101, 2663]","[0, -10, 0, 0, 0, 0, 0, 0]","[2, 3, 5, 7, 11, 13, 17, 19]"
268979/59049,4.55518298,268979,59049,"[3, 268979]","[0, -10, 0, 0, 0, 0, 0, 0]","[2, 3, 5, 7, 11, 13, 17, 19]"
268999/59049,4.55552169,268999,59049,"[3, 268999]","[0, -10, 0, 0, 0, 0, 0, 0]","[2, 3, 5, 7, 11, 13, 17, 19]"
269539/59049,4.56466663,269539,59049,"[3, 269539]","[0, -10, 0, 0, 0, 0, 0, 0]","[2, 3, 5, 7, 11, 13, 17, 19]"
269575/59049,4.56527630,269575,59049,"[3, 5, 41, 263]","[0, -10, 2, 0, 0, 0, 0, 0]","[2, 3, 5, 7, 11, 13, 17, 19]"
269591/59049,4.56554726,269591,59049,"[3, 7, 19, 2027]","[0, -10, 0, 1, 0, 0, 0, 1]","[2, 3, 5, 7, 11, 13, 17, 19]"
269987/59049,4.57225355,269987,59049,"[3, 269987]","[0, -10, 0, 0, 0, 0, 0, 0]","[2, 3, 5, 7, 11, 13, 17, 19]"
270023/59049,4.57286322,270023,59049,"[3, 13, 20771]","[0, -10, 0, 0, 0, 1, 0, 0]","[2, 3, 5, 7, 11, 13, 17, 19]"
270259/59049,4.57685990,270259,59049,"[3, 11, 79, 311]","[0, -10, 0, 0, 1, 0, 0, 0]","[2, 3, 5, 7, 11, 13, 17, 19]"
270563/59049,4.58200816,270563,59049,"[3, 270563]","[0, -10, 0, 0, 0, 0, 0, 0]","[2, 3, 5, 7, 11, 13, 17, 19]"
270599/59049,4.58261783,270599,59049,"[3, 7, 29, 31, 43]","[0, -10, 0, 1, 0, 0, 0, 0]","[2, 3, 5, 7, 11, 13, 17, 19]"
270835/59049,4.58661451,270835,59049,"[3, 5, 54167]","[0, -10, 1, 0, 0, 0, 0, 0]","[2, 3, 5, 7, 11, 13, 17, 19]"
270871/59049,4.58722417,270871,59049,"[3, 23, 11777]","[0, -10, 0, 0, 0, 0, 0, 0]","[2, 3, 5, 7, 11, 13, 17, 19]"
271267/59049,4.59393046,271267,59049,"[3, 61, 4447]","[0, -10, 0, 0, 0, 0, 0, 0]","[2, 3, 5, 7, 11, 13, 17, 19]"
271283/59049,4.59420143,271283,59049,"[3, 67, 4049]","[0, -10, 0, 0, 0, 0, 0, 0]","[2, 3, 5, 7, 11, 13, 17, 19]"
271843/59049,4.60368508,271843,59049,"[3, 11, 13, 1901]","[0, -10, 0, 0, 1, 1, 0, 0]","[2, 3, 5, 7, 11, 13, 17, 19]"
271859/59049,4.60395604,271859,59049,"[3, 7, 71, 547]","[0, -10, 0, 1, 0, 0, 0, 0]","[2, 3, 5, 7, 11, 13, 17, 19]"
271879/59049,4.60429474,271879,59049,"[3, 271879]","[0, -10, 0, 0, 0, 0, 0, 0]","[2, 3, 5, 7, 11, 13, 17, 19]"
271895/59049,4.60456570,271895,59049,"[3, 5, 13, 47, 89]","[0, -10, 1, 0, 0, 1, 0, 0]","[2, 3, 5, 7, 11, 13, 17, 19]"
272291/59049,4.61127199,272291,59049,"[3, 277, 983]","[0, -10, 0, 0, 0, 0, 0, 0]","[2, 3, 5, 7, 11, 13, 17, 19]"
272455/59049,4.61404935,272455,59049,"[3, 5, 29, 1879]","[0, -10, 1, 0, 0, 0, 0, 0]","[2, 3, 5, 7, 11, 13, 17, 19]"
272563/59049,4.61587834,272563,59049,"[3, 272563]","[0, -10, 0, 0, 0, 0, 0, 0]","[2, 3, 5, 7, 11, 13, 17, 19]"
272867/59049,4.62102661,272867,59049,"[3, 7, 17, 2293]","[0, -10, 0, 1, 0, 0, 1, 0]","[2, 3, 5, 7, 11, 13, 17, 19]"
272903/59049,4.62163627,272903,59049,"[3, 272903]","[0, -10, 0, 0, 0, 0, 0, 0]","[2, 3, 5, 7, 11, 13, 17, 19]"
273139/59049,4.62563295,273139,59049,"[3, 17, 16067]","[0, -10, 0, 0, 0, 0, 1, 0]","[2, 3, 5, 7, 11, 13, 17, 19]"
273175/59049,4.62624261,273175,59049,"[3, 5, 7, 223]","[0, -10, 2, 2, 0, 0, 0, 0]","[2, 3, 5, 7, 11, 13, 17, 19]"
273479/59049,4.63139088,273479,59049,"[3, 17, 16087]","[0, -10, 0, 0, 0, 0, 1, 0]","[2, 3, 5, 7, 11, 13, 17, 19]"
273587/59049,4.63321987,273587,59049,"[3, 47, 5821]","[0, -10, 0, 0, 0, 0, 0, 0]","[2, 3, 5, 7, 11, 13, 17, 19]"
273751/59049,4.63599722,273751,59049,"[3, 17, 16103]","[0, -10, 0, 0, 0, 0, 1, 0]","[2, 3, 5, 7, 11, 13, 17, 19]"
274147/59049,4.64270352,274147,59049,"[3, 274147]","[0, -10, 0, 0, 0, 0, 0, 0]","[2, 3, 5, 7, 11, 13, 17, 19]"
274163/59049,4.64297448,274163,59049,"[3, 274163]","[0, -10, 0, 0, 0, 0, 0, 0]","[2, 3, 5, 7, 11, 13, 17, 19]"
274183/59049,4.64331318,274183,59049,"[3, 7, 13, 23, 131]","[0, -10, 0, 1, 0, 1, 0, 0]","[2, 3, 5, 7, 11, 13, 17, 19]"
274199/59049,4.64358414,274199,59049,"[3, 274199]","[0, -10, 0, 0, 0, 0, 0, 0]","[2, 3, 5, 7, 11, 13, 17, 19]"
274759/59049,4.65306779,274759,59049,"[3, 19, 14461]","[0, -10, 0, 0, 0, 0, 0, 1]","[2, 3, 5, 7, 11, 13, 17, 19]"
274775/59049,4.65333875,274775,59049,"[3, 5, 29, 379]","[0, -10, 2, 0, 0, 0, 0, 0]","[2, 3, 5, 7, 11, 13, 17, 19]"
275171/59049,4.66004505,275171,59049,"[3, 13, 61, 347]","[0, -10, 0, 0, 0, 1, 0, 0]","[2, 3, 5, 7, 11, 13, 17, 19]"
275207/59049,4.66065471,275207,59049,"[3, 275207]","[0, -10, 0, 0, 0, 0, 0, 0]","[2, 3, 5, 7, 11, 13, 17, 19]"
275443/59049,4.66465139,275443,59049,"[3, 7, 19, 109]","[0, -10, 0, 1, 0, 0, 0, 2]","[2, 3, 5, 7, 11, 13, 17, 19]"
275479/59049,4.66526105,275479,59049,"[3, 41, 6719]","[0, -10, 0, 0, 0, 0, 0, 0]","[2, 3, 5, 7, 11, 13, 17, 19]"
275783/59049,4.67040932,275783,59049,"[3, 275783]","[0, -10, 0, 0, 0, 0, 0, 0]","[2, 3, 5, 7, 11, 13, 17, 19]"
276019/59049,4.67440600,276019,59049,"[3, 276019]","[0, -10, 0, 0, 0, 0, 0, 0]","[2, 3, 5, 7, 11, 13, 17, 19]"
276055/59049,4.67501566,276055,59049,"[3, 5, 13, 31, 137]","[0, -10, 1, 0, 0, 1, 0, 0]","[2, 3, 5, 7, 11, 13, 17, 19]"
276451/59049,4.68172196,276451,59049,"[3, 7, 73, 541]","[0, -10, 0, 1, 0, 0, 0, 0]","[2, 3, 5, 7, 11, 13, 17, 19]"
276467/59049,4.68199292,276467,59049,"[3, 276467]","[0, -10, 0, 0, 0, 0, 0, 0]","[2, 3, 5, 7, 11, 13, 17, 19]"
276503/59049,4.68260258,276503,59049,"[3, 276503]","[0, -10, 0, 0, 0, 0, 0, 0]","[2, 3, 5, 7, 11, 13, 17, 19]"
277043/59049,4.69174753,277043,59049,"[3, 13, 101, 211]","[0, -10, 0, 0, 0, 1, 0, 0]","[2, 3, 5, 7, 11, 13, 17, 19]"
277063/59049,4.69208623,277063,59049,"[3, 277063]","[0, -10, 0, 0, 0, 0, 0, 0]","[2, 3, 5, 7, 11, 13, 17, 19]"
277079/59049,4.69235719,277079,59049,"[3, 11, 25189]","[0, -10, 0, 0, 1, 0, 0, 0]","[2, 3, 5, 7, 11, 13, 17, 19]"
277475/59049,4.69906349,277475,59049,"[3, 5, 11, 1009]","[0, -10, 2, 0, 1, 0, 0, 0]","[2, 3, 5, 7, 11, 13, 17, 19]"
277747/59049,4.70366983,277747,59049,"[3, 277747]","[0, -10, 0, 0, 0, 0, 0, 0]","[2, 3, 5, 7, 11, 13, 17, 19]"
278087/59049,4.70942776,278087,59049,"[3, 278087]","[0, -10, 0, 0, 0, 0, 0, 0]","[2, 3, 5, 7, 11, 13, 17, 19]"
278323/59049,4.71342444,278323,59049,"[3, 23, 12101]","[0, -10, 0, 0, 0, 0, 0, 0]","[2, 3, 5, 7, 11, 13, 17, 19]"
278359/59049,4.71403411,278359,59049,"[3, 251, 1109]","[0, -10, 0, 0, 0, 0, 0, 0]","[2, 3, 5, 7, 11, 13, 17, 19]"
278771/59049,4.72101136,278771,59049,"[3, 113, 2467]","[0, -10, 0, 0, 0, 0, 0, 0]","[2, 3, 5, 7, 11, 13, 17, 19]"
278935/59049,4.72378872,278935,59049,"[3, 5, 55787]","[0, -10, 1, 0, 0, 0, 0, 0]","[2, 3, 5, 7, 11, 13, 17, 19]"
279347/59049,4.73076597,279347,59049,"[3, 409, 683]","[0, -10, 0, 0, 0, 0, 0, 0]","[2, 3, 5, 7, 11, 13, 17, 19]"
279367/59049,4.73110468,279367,59049,"[3, 11, 109, 233]","[0, -10, 0, 0, 1, 0, 0, 0]","[2, 3, 5, 7, 11, 13, 17, 19]"
279383/59049,4.73137564,279383,59049,"[3, 13, 21491]","[0, -10, 0, 0, 0, 1, 0, 0]","[2, 3, 5, 7, 11, 13, 17, 19]"
279959/59049,4.74113025,279959,59049,"[3, 83, 3373]","[0, -10, 0, 0, 0, 0, 0, 0]","[2, 3, 5, 7, 11, 13, 17, 19]"
280231/59049,4.74573659,280231,59049,"[3, 7, 19, 43]","[0, -10, 0, 3, 0, 0, 0, 1]","[2, 3, 5, 7, 11, 13, 17, 19]"
280391/59049,4.74844621,280391,59049,"[3, 199, 1409]","[0, -10, 0, 0, 0, 0, 0, 0]","[2, 3, 5, 7, 11, 13, 17, 19]"
280627/59049,4.75244289,280627,59049,"[3, 280627]","[0, -10, 0, 0, 0, 0, 0, 0]","[2, 3, 5, 7, 11, 13, 17, 19]"
280663/59049,4.75305255,280663,59049,"[3, 59, 67, 71]","[0, -10, 0, 0, 0, 0, 0, 0]","[2, 3, 5, 7, 11, 13, 17, 19]"
281203/59049,4.76219750,281203,59049,"[3, 13, 97, 223]","[0, -10, 0, 0, 0, 1, 0, 0]","[2, 3, 5, 7, 11, 13, 17, 19]"
281239/59049,4.76280716,281239,59049,"[3, 7, 40177]","[0, -10, 0, 1, 0, 0, 0, 0]","[2, 3, 5, 7, 11, 13, 17, 19]"
281255/59049,4.76307812,281255,59049,"[3, 5, 13, 4327]","[0, -10, 1, 0, 0, 1, 0, 0]","[2, 3, 5, 7, 11, 13, 17, 19]"
281651/59049,4.76978442,281651,59049,"[3, 281651]","[0, -10, 0, 0, 0, 0, 0, 0]","[2, 3, 5, 7, 11, 13, 17, 19]"
281687/59049,4.77039408,281687,59049,"[3, 7, 40241]","[0, -10, 0, 1, 0, 0, 0, 0]","[2, 3, 5, 7, 11, 13, 17, 19]"
282227/59049,4.77953903,282227,59049,"[3, 11, 25657]","[0, -10, 0, 0, 1, 0, 0, 0]","[2, 3, 5, 7, 11, 13, 17, 19]"
282263/59049,4.78014869,282263,59049,"[3, 277, 1019]","[0, -10, 0, 0, 0, 0, 0, 0]","[2, 3, 5, 7, 11, 13, 17, 19]"
282535/59049,4.78475503,282535,59049,"[3, 5, 11, 467]","[0, -10, 1, 0, 2, 0, 0, 0]","[2, 3, 5, 7, 11, 13, 17, 19]"
282931/59049,4.79146133,282931,59049,"[3, 11, 17, 89]","[0, -10, 0, 0, 1, 0, 2, 0]","[2, 3, 5, 7, 11, 13, 17, 19]"
283507/59049,4.80121594,283507,59049,"[3, 7, 101, 401]","[0, -10, 0, 1, 0, 0, 0, 0]","[2, 3, 5, 7, 11, 13, 17, 19]"
283543/59049,4.80182560,283543,59049,"[3, 13, 17, 1283]","[0, -10, 0, 0, 0, 1, 1, 0]","[2, 3, 5, 7, 11, 13, 17, 19]"
283559/59049,4.80209656,283559,59049,"[3, 103, 2753]","[0, -10, 0, 0, 0, 0, 0, 0]","[2, 3, 5, 7, 11, 13, 17, 19]"
283955/59049,4.80880286,283955,59049,"[3, 5, 7, 19, 61]","[0, -10, 1, 2, 0, 0, 0, 1]","[2, 3, 5, 7, 11, 13, 17, 19]"
284119/59049,4.81158021,284119,59049,"[3, 11, 23, 1123]","[0, -10, 0, 0, 1, 0, 0, 0]","[2, 3, 5, 7, 11, 13, 17, 19]"
284531/59049,4.81855747,284531,59049,"[3, 13, 43, 509]","[0, -10, 0, 0, 0, 1, 0, 0]","[2, 3, 5, 7, 11, 13, 17, 19]"
284567/59049,4.81916713,284567,59049,"[3, 37, 7691]","[0, -10, 0, 0, 0, 0, 0, 0]","[2, 3, 5, 7, 11, 13, 17, 19]"
284839/59049,4.82377348,284839,59049,"[3, 284839]","[0, -10, 0, 0, 0, 0, 0, 0]","[2, 3, 5, 7, 11, 13, 17, 19]"
285143/59049,4.82892174,285143,59049,"[3, 313, 911]","[0, -10, 0, 0, 0, 0, 0, 0]","[2, 3, 5, 7, 11, 13, 17, 19]"
285415/59049,4.83352809,285415,59049,"[3, 5, 13, 4391]","[0, -10, 1, 0, 0, 1, 0, 0]","[2, 3, 5, 7, 11, 13, 17, 19]"
285811/59049,4.84023438,285811,59049,"[3, 41, 6971]","[0, -10, 0, 0, 0, 0, 0, 0]","[2, 3, 5, 7, 11, 13, 17, 19]"
285847/59049,4.84084404,285847,59049,"[3, 197, 1451]","[0, -10, 0, 0, 0, 0, 0, 0]","[2, 3, 5, 7, 11, 13, 17, 19]"
285863/59049,4.84111501,285863,59049,"[3, 179, 1597]","[0, -10, 0, 0, 0, 0, 0, 0]","[2, 3, 5, 7, 11, 13, 17, 19]"
286423/59049,4.85059866,286423,59049,"[3, 43, 6661]","[0, -10, 0, 0, 0, 0, 0, 0]","[2, 3, 5, 7, 11, 13, 17, 19]"
286439/59049,4.85086962,286439,59049,"[3, 107, 2677]","[0, -10, 0, 0, 0, 0, 0, 0]","[2, 3, 5, 7, 11, 13, 17, 19]"
286835/59049,4.85757591,286835,59049,"[3, 5, 57367]","[0, -10, 1, 0, 0, 0, 0, 0]","[2, 3, 5, 7, 11, 13, 17, 19]"
286871/59049,4.85818557,286871,59049,"[3, 13, 22067]","[0, -10, 0, 0, 0, 1, 0, 0]","[2, 3, 5, 7, 11, 13, 17, 19]"
287143/59049,4.86279192,287143,59049,"[3, 101, 2843]","[0, -10, 0, 0, 0, 0, 0, 0]","[2, 3, 5, 7, 11, 13, 17, 19]"
287447/59049,4.86794019,287447,59049,"[3, 223, 1289]","[0, -10, 0, 0, 0, 0, 0, 0]","[2, 3, 5, 7, 11, 13, 17, 19]"
287719/59049,4.87254653,287719,59049,"[3, 149, 1931]","[0, -10, 0, 0, 0, 0, 0, 0]","[2, 3, 5, 7, 11, 13, 17, 19]"
288115/59049,4.87925282,288115,59049,"[3, 5, 29, 1987]","[0, -10, 1, 0, 0, 0, 0, 0]","[2, 3, 5, 7, 11, 13, 17, 19]"
288167/59049,4.88013345,288167,59049,"[3, 11, 17, 23, 67]","[0, -10, 0, 0, 1, 0, 1, 0]","[2, 3, 5, 7, 11, 13, 17, 19]"
288727/59049,4.88961710,288727,59049,"[3, 179, 1613]","[0, -10, 0, 0, 0, 0, 0, 0]","[2, 3, 5, 7, 11, 13, 17, 19]"
288743/59049,4.88988806,288743,59049,"[3, 7, 13, 19, 167]","[0, -10, 0, 1, 0, 1, 0, 1]","[2, 3, 5, 7, 11, 13, 17, 19]"
289139/59049,4.89659435,289139,59049,"[3, 289139]","[0, -10, 0, 0, 0, 0, 0, 0]","[2, 3, 5, 7, 11, 13, 17, 19]"
289751/59049,4.90695863,289751,59049,"[3, 7, 11, 53, 71]","[0, -10, 0, 1, 1, 0, 0, 0]","[2, 3, 5, 7, 11, 13, 17, 19]"
290023/59049,4.91156497,290023,59049,"[3, 290023]","[0, -10, 0, 0, 0, 0, 0, 0]","[2, 3, 5, 7, 11, 13, 17, 19]"
290599/59049,4.92131958,290599,59049,"[3, 53, 5483]","[0, -10, 0, 0, 0, 0, 0, 0]","[2, 3, 5, 7, 11, 13, 17, 19]"
291031/59049,4.92863554,291031,59049,"[3, 13, 61, 367]","[0, -10, 0, 0, 0, 1, 0, 0]","[2, 3, 5, 7, 11, 13, 17, 19]"
291047/59049,4.92890650,291047,59049,"[3, 59, 4933]","[0, -10, 0, 0, 0, 0, 0, 0]","[2, 3, 5, 7, 11, 13, 17, 19]"
291623/59049,4.93866111,291623,59049,"[3, 193, 1511]","[0, -10, 0, 0, 0, 0, 0, 0]","[2, 3, 5, 7, 11, 13, 17, 19]"
291895/59049,4.94326746,291895,59049,"[3, 5, 58379]","[0, -10, 1, 0, 0, 0, 0, 0]","[2, 3, 5, 7, 11, 13, 17, 19]"
292055/59049,4.94597707,292055,59049,"[3, 5, 58411]","[0, -10, 1, 0, 0, 0, 0, 0]","[2, 3, 5, 7, 11, 13, 17, 19]"
292327/59049,4.95058341,292327,59049,"[3, 7, 41761]","[0, -10, 0, 1, 0, 0, 0, 0]","[2, 3, 5, 7, 11, 13, 17, 19]"
292903/59049,4.96033802,292903,59049,"[3, 13, 22531]","[0, -10, 0, 0, 0, 1, 0, 0]","[2, 3, 5, 7, 11, 13, 17, 19]"
292919/59049,4.96060899,292919,59049,"[3, 11, 31, 859]","[0, -10, 0, 0, 1, 0, 0, 0]","[2, 3, 5, 7, 11, 13, 17, 19]"
293351/59049,4.96792494,293351,59049,"[3, 293351]","[0, -10, 0, 0, 0, 0, 0, 0]","[2, 3, 5, 7, 11, 13, 17, 19]"
293927/59049,4.97767955,293927,59049,"[3, 173, 1699]","[0, -10, 0, 0, 0, 0, 0, 0]","[2, 3, 5, 7, 11, 13, 17, 19]"
294199/59049,4.98228590,294199,59049,"[3, 294199]","[0, -10, 0, 0, 0, 0, 0, 0]","[2, 3, 5, 7, 11, 13, 17, 19]"
295207/59049,4.99935647,295207,59049,"[3, 11, 47, 571]","[0, -10, 0, 0, 1, 0, 0, 0]","[2, 3, 5, 7, 11, 13, 17, 19]"
295223/59049,4.99962743,295223,59049,"[3, 37, 79, 101]","[0, -10, 0, 0, 0, 0, 0, 0]","[2, 3, 5, 7, 11, 13, 17, 19]"
295783/59049,5.00911108,295783,59049,"[3, 17, 127, 137]","[0, -10, 0, 0, 0, 0, 1, 0]","[2, 3, 5, 7, 11, 13, 17, 19]"
296231/59049,5.01669800,296231,59049,"[3, 13, 22787]","[0, -10, 0, 0, 0, 1, 0, 0]","[2, 3, 5, 7, 11, 13, 17, 19]"
296503/59049,5.02130434,296503,59049,"[3, 296503]","[0, -10, 0, 0, 0, 0, 0, 0]","[2, 3, 5, 7, 11, 13, 17, 19]"
296807/59049,5.02645261,296807,59049,"[3, 7, 109, 389]","[0, -10, 0, 1, 0, 0, 0, 0]","[2, 3, 5, 7, 11, 13, 17, 19]"
297079/59049,5.03105895,297079,59049,"[3, 297079]","[0, -10, 0, 0, 0, 0, 0, 0]","[2, 3, 5, 7, 11, 13, 17, 19]"
297511/59049,5.03837491,297511,59049,"[3, 29, 10259]","[0, -10, 0, 0, 0, 0, 0, 0]","[2, 3, 5, 7, 11, 13, 17, 19]"
297527/59049,5.03864587,297527,59049,"[3, 89, 3343]","[0, -10, 0, 0, 0, 0, 0, 0]","[2, 3, 5, 7, 11, 13, 17, 19]"
298087/59049,5.04812952,298087,59049,"[3, 298087]","[0, -10, 0, 0, 0, 0, 0, 0]","[2, 3, 5, 7, 11, 13, 17, 19]"
298103/59049,5.04840048,298103,59049,"[3, 13, 23, 997]","[0, -10, 0, 0, 0, 1, 0, 0]","[2, 3, 5, 7, 11, 13, 17, 19]"
298535/59049,5.05571644,298535,59049,"[3, 5, 59707]","[0, -10, 1, 0, 0, 0, 0, 0]","[2, 3, 5, 7, 11, 13, 17, 19]"
298807/59049,5.06032278,298807,59049,"[3, 43, 6949]","[0, -10, 0, 0, 0, 0, 0, 0]","[2, 3, 5, 7, 11, 13, 17, 19]"
299111/59049,5.06547105,299111,59049,"[3, 113, 2647]","[0, -10, 0, 0, 0, 0, 0, 0]","[2, 3, 5, 7, 11, 13, 17, 19]"
299383/59049,5.07007739,299383,59049,"[3, 7, 19, 2251]","[0, -10, 0, 1, 0, 0, 0, 1]","[2, 3, 5, 7, 11, 13, 17, 19]"
299831/59049,5.07766431,299831,59049,"[3, 7, 29, 211]","[0, -10, 0, 2, 0, 0, 0, 0]","[2, 3, 5, 7, 11, 13, 17, 19]"
300391/59049,5.08714796,300391,59049,"[3, 7, 13, 3301]","[0, -10, 0, 1, 0, 1, 0, 0]","[2, 3, 5, 7, 11, 13, 17, 19]"
300407/59049,5.08741892,300407,59049,"[3, 17, 41, 431]","[0, -10, 0, 0, 0, 0, 1, 0]","[2, 3, 5, 7, 11, 13, 17, 19]"
301415/59049,5.10448949,301415,59049,"[3, 5, 23, 2621]","[0, -10, 1, 0, 0, 0, 0, 0]","[2, 3, 5, 7, 11, 13, 17, 19]"
301687/59049,5.10909584,301687,59049,"[3, 29, 101, 103]","[0, -10, 0, 0, 0, 0, 0, 0]","[2, 3, 5, 7, 11, 13, 17, 19]"
302263/59049,5.11885045,302263,59049,"[3, 13, 23251]","[0, -10, 0, 0, 0, 1, 0, 0]","[2, 3, 5, 7, 11, 13, 17, 19]"
302695/59049,5.12616640,302695,59049,"[3, 5, 60539]","[0, -10, 1, 0, 0, 0, 0, 0]","[2, 3, 5, 7, 11, 13, 17, 19]"
302711/59049,5.12643737,302711,59049,"[3, 302711]","[0, -10, 0, 0, 0, 0, 0, 0]","[2, 3, 5, 7, 11, 13, 17, 19]"
303287/59049,5.13619198,303287,59049,"[3, 303287]","[0, -10, 0, 0, 0, 0, 0, 0]","[2, 3, 5, 7, 11, 13, 17, 19]"
303719/59049,5.14350793,303719,59049,"[3, 13, 61, 383]","[0, -10, 0, 0, 0, 1, 0, 0]","[2, 3, 5, 7, 11, 13, 17, 19]"
303991/59049,5.14811428,303991,59049,"[3, 23, 13217]","[0, -10, 0, 0, 0, 0, 0, 0]","[2, 3, 5, 7, 11, 13, 17, 19]"
304567/59049,5.15786889,304567,59049,"[3, 151, 2017]","[0, -10, 0, 0, 0, 0, 0, 0]","[2, 3, 5, 7, 11, 13, 17, 19]"
305015/59049,5.16545581,305015,59049,"[3, 5, 53, 1151]","[0, -10, 1, 0, 0, 0, 0, 0]","[2, 3, 5, 7, 11, 13, 17, 19]"
305591/59049,5.17521042,305591,59049,"[3, 11, 13, 2137]","[0, -10, 0, 0, 1, 1, 0, 0]","[2, 3, 5, 7, 11, 13, 17, 19]"
306871/59049,5.19688733,306871,59049,"[3, 306871]","[0, -10, 0, 0, 0, 0, 0, 0]","[2, 3, 5, 7, 11, 13, 17, 19]"
307447/59049,5.20664194,307447,59049,"[3, 7, 167, 263]","[0, -10, 0, 1, 0, 0, 0, 0]","[2, 3, 5, 7, 11, 13, 17, 19]"
307895/59049,5.21422886,307895,59049,"[3, 5, 7, 19, 463]","[0, -10, 1, 1, 0, 0, 0, 1]","[2, 3, 5, 7, 11, 13, 17, 19]"
308471/59049,5.22398347,308471,59049,"[3, 373, 827]","[0, -10, 0, 0, 0, 0, 0, 0]","[2, 3, 5, 7, 11, 13, 17, 19]"
309175/59049,5.23590577,309175,59049,"[3, 5, 83, 149]","[0, -10, 2, 0, 0, 0, 0, 0]","[2, 3, 5, 7, 11, 13, 17, 19]"
309751/59049,5.24566038,309751,59049,"[3, 13, 23827]","[0, -10, 0, 0, 0, 1, 0, 0]","[2, 3, 5, 7, 11, 13, 17, 19]"
310199/59049,5.25324730,310199,59049,"[3, 17, 71, 257]","[0, -10, 0, 0, 0, 0, 1, 0]","[2, 3, 5, 7, 11, 13, 17, 19]"
310775/59049,5.26300191,310775,59049,"[3, 5, 31, 401]","[0, -10, 2, 0, 0, 0, 0, 0]","[2, 3, 5, 7, 11, 13, 17, 19]"
312055/59049,5.28467883,312055,59049,"[3, 5, 139, 449]","[0, -10, 1, 0, 0, 0, 0, 0]","[2, 3, 5, 7, 11, 13, 17, 19]"
313079/59049,5.30202036,313079,59049,"[3, 13, 24083]","[0, -10, 0, 0, 0, 1, 0, 0]","[2, 3, 5, 7, 11, 13, 17, 19]"
314359/59049,5.32369727,314359,59049,"[3, 314359]","[0, -10, 0, 0, 0, 0, 0, 0]","[2, 3, 5, 7, 11, 13, 17, 19]"
315383/59049,5.34103880,315383,59049,"[3, 113, 2791]","[0, -10, 0, 0, 0, 0, 0, 0]","[2, 3, 5, 7, 11, 13, 17, 19]"
