element,decimal_approx,numerator,denominator,support_primes,valuation_vector,selected_primes
1,1.00000000,1,1,[],"[0, 0, 0, 0, 0, 0, 0, 0]","[2, 3, 5, 7, 11, 13, 17, 19]"
2,2.00000000,2,1,[2],"[1, 0, 0, 0, 0, 0, 0, 0]","[2, 3, 5, 7, 11, 13, 17, 19]"
3,3.00000000,3,1,[3],"[0, 1, 0, 0, 0, 0, 0, 0]","[2, 3, 5, 7, 11, 13, 17, 19]"
5,5.00000000,5,1,[5],"[0, 0, 1, 0, 0, 0, 0, 0]","[2, 3, 5, 7, 11, 13, 17, 19]"
5/3,1.66666667,5,3,"[3, 5]","[0, -1, 1, 0, 0, 0, 0, 0]","[2, 3, 5, 7, 11, 13, 17, 19]"
6,6.00000000,6,1,"[2, 3]","[1, 1, 0, 0, 0, 0, 0, 0]","[2, 3, 5, 7, 11, 13, 17, 19]"
7,7.00000000,7,1,[7],"[0, 0, 0, 1, 0, 0, 0, 0]","[2, 3, 5, 7, 11, 13, 17, 19]"
8,8.00000000,8,1,[2],"[3, 0, 0, 0, 0, 0, 0, 0]","[2, 3, 5, 7, 11, 13, 17, 19]"
8/3,2.66666667,8,3,"[2, 3]","[3, -1, 0, 0, 0, 0, 0, 0]","[2, 3, 5, 7, 11, 13, 17, 19]"
10,10.00000000,10,1,"[2, 5]","[1, 0, 1, 0, 0, 0, 0, 0]","[2, 3, 5, 7, 11, 13, 17, 19]"
10/3,3.33333333,10,3,"[2, 3, 5]","[1, -1, 1, 0, 0, 0, 0, 0]","[2, 3, 5, 7, 11, 13, 17, 19]"
11,11.00000000,11,1,[11],"[0, 0, 0, 0, 1, 0, 0, 0]","[2, 3, 5, 7, 11, 13, 17, 19]"
11/3,3.66666667,11,3,"[3, 11]","[0, -1, 0, 0, 1, 0, 0, 0]","[2, 3, 5, 7, 11, 13, 17, 19]"
12,12.00000000,12,1,"[2, 3]","[2, 1, 0, 0, 0, 0, 0, 0]","[2, 3, 5, 7, 11, 13, 17, 19]"
13,13.00000000,13,1,[13],"[0, 0, 0, 0, 0, 1, 0, 0]","[2, 3, 5, 7, 11, 13, 17, 19]"
13/3,4.33333333,13,3,"[3, 13]","[0, -1, 0, 0, 0, 1, 0, 0]","[2, 3, 5, 7, 11, 13, 17, 19]"
14/3,4.66666667,14,3,"[2, 3, 7]","[1, -1, 0, 1, 0, 0, 0, 0]","[2, 3, 5, 7, 11, 13, 17, 19]"
16/3,5.33333333,16,3,"[2, 3]","[4, -1, 0, 0, 0, 0, 0, 0]","[2, 3, 5, 7, 11, 13, 17, 19]"
19/3,6.33333333,19,3,"[3, 19]","[0, -1, 0, 0, 0, 0, 0, 1]","[2, 3, 5, 7, 11, 13, 17, 19]"
20,20.00000000,20,1,"[2, 5]","[2, 0, 1, 0, 0, 0, 0, 0]","[2, 3, 5, 7, 11, 13, 17, 19]"
21,21.00000000,21,1,"[3, 7]","[0, 1, 0, 1, 0, 0, 0, 0]","[2, 3, 5, 7, 11, 13, 17, 19]"
22,22.00000000,22,1,"[2, 11]","[1, 0, 0, 0, 1, 0, 0, 0]","[2, 3, 5, 7, 11, 13, 17, 19]"
23,23.00000000,23,1,[23],"[0, 0, 0, 0, 0, 0, 0, 0]","[2, 3, 5, 7, 11, 13, 17, 19]"
25/3,8.33333333,25,3,"[3, 5]","[0, -1, 2, 0, 0, 0, 0, 0]","[2, 3, 5, 7, 11, 13, 17, 19]"
25/9,2.77777778,25,9,"[3, 5]","[0, -2, 2, 0, 0, 0, 0, 0]","[2, 3, 5, 7, 11, 13, 17, 19]"
28/3,9.33333333,28,3,"[2, 3, 7]","[2, -1, 0, 1, 0, 0, 0, 0]","[2, 3, 5, 7, 11, 13, 17, 19]"
31/3,10.33333333,31,3,"[3, 31]","[0, -1, 0, 0, 0, 0, 0, 0]","[2, 3, 5, 7, 11, 13, 17, 19]"
34/3,11.33333333,34,3,"[2, 3, 17]","[1, -1, 0, 0, 0, 0, 1, 0]","[2, 3, 5, 7, 11, 13, 17, 19]"
34/9,3.77777778,34,9,"[2, 3, 17]","[1, -2, 0, 0, 0, 0, 1, 0]","[2, 3, 5, 7, 11, 13, 17, 19]"
35,35.00000000,35,1,"[5, 7]","[0, 0, 1, 1, 0, 0, 0, 0]","[2, 3, 5, 7, 11, 13, 17, 19]"
35/3,11.66666667,35,3,"[3, 5, 7]","[0, -1, 1, 1, 0, 0, 0, 0]","[2, 3, 5, 7, 11, 13, 17, 19]"
36,36.00000000,36,1,"[2, 3]","[2, 2, 0, 0, 0, 0, 0, 0]","[2, 3, 5, 7, 11, 13, 17, 19]"
37,37.00000000,37,1,[37],"[0, 0, 0, 0, 0, 0, 0, 0]","[2, 3, 5, 7, 11, 13, 17, 19]"
38,38.00000000,38,1,"[2, 19]","[1, 0, 0, 0, 0, 0, 0, 1]","[2, 3, 5, 7, 11, 13, 17, 19]"
38/3,12.66666667,38,3,"[2, 3, 19]","[1, -1, 0, 0, 0, 0, 0, 1]","[2, 3, 5, 7, 11, 13, 17, 19]"
40/3,13.33333333,40,3,"[2, 3, 5]","[3, -1, 1, 0, 0, 0, 0, 0]","[2, 3, 5, 7, 11, 13, 17, 19]"
40/9,4.44444444,40,9,"[2, 3, 5]","[3, -2, 1, 0, 0, 0, 0, 0]","[2, 3, 5, 7, 11, 13, 17, 19]"
41/3,13.66666667,41,3,"[3, 41]","[0, -1, 0, 0, 0, 0, 0, 0]","[2, 3, 5, 7, 11, 13, 17, 19]"
43/3,14.33333333,43,3,"[3, 43]","[0, -1, 0, 0, 0, 0, 0, 0]","[2, 3, 5, 7, 11, 13, 17, 19]"
43/9,4.77777778,43,9,"[3, 43]","[0, -2, 0, 0, 0, 0, 0, 0]","[2, 3, 5, 7, 11, 13, 17, 19]"
44/3,14.66666667,44,3,"[2, 3, 11]","[2, -1, 0, 0, 1, 0, 0, 0]","[2, 3, 5, 7, 11, 13, 17, 19]"
46/3,15.33333333,46,3,"[2, 3, 23]","[1, -1, 0, 0, 0, 0, 0, 0]","[2, 3, 5, 7, 11, 13, 17, 19]"
49/3,16.33333333,49,3,"[3, 7]","[0, -1, 0, 2, 0, 0, 0, 0]","[2, 3, 5, 7, 11, 13, 17, 19]"
49/9,5.44444444,49,9,"[3, 7]","[0, -2, 0, 2, 0, 0, 0, 0]","[2, 3, 5, 7, 11, 13, 17, 19]"
50/3,16.66666667,50,3,"[2, 3, 5]","[1, -1, 2, 0, 0, 0, 0, 0]","[2, 3, 5, 7, 11, 13, 17, 19]"
50/9,5.55555556,50,9,"[2, 3, 5]","[1, -2, 2, 0, 0, 0, 0, 0]","[2, 3, 5, 7, 11, 13, 17, 19]"
52/9,5.77777778,52,9,"[2, 3, 13]","[2, -2, 0, 0, 0, 1, 0, 0]","[2, 3, 5, 7, 11, 13, 17, 19]"
53/3,17.66666667,53,3,"[3, 53]","[0, -1, 0, 0, 0, 0, 0, 0]","[2, 3, 5, 7, 11, 13, 17, 19]"
55/3,18.33333333,55,3,"[3, 5, 11]","[0, -1, 1, 0, 1, 0, 0, 0]","[2, 3, 5, 7, 11, 13, 17, 19]"
55/9,6.11111111,55,9,"[3, 5, 11]","[0, -2, 1, 0, 1, 0, 0, 0]","[2, 3, 5, 7, 11, 13, 17, 19]"
56/3,18.66666667,56,3,"[2, 3, 7]","[3, -1, 0, 1, 0, 0, 0, 0]","[2, 3, 5, 7, 11, 13, 17, 19]"
58/3,19.33333333,58,3,"[2, 3, 29]","[1, -1, 0, 0, 0, 0, 0, 0]","[2, 3, 5, 7, 11, 13, 17, 19]"
58/9,6.44444444,58,9,"[2, 3, 29]","[1, -2, 0, 0, 0, 0, 0, 0]","[2, 3, 5, 7, 11, 13, 17, 19]"
59/3,19.66666667,59,3,"[3, 59]","[0, -1, 0, 0, 0, 0, 0, 0]","[2, 3, 5, 7, 11, 13, 17, 19]"
59/9,6.55555556,59,9,"[3, 59]","[0, -2, 0, 0, 0, 0, 0, 0]","[2, 3, 5, 7, 11, 13, 17, 19]"
60,60.00000000,60,1,"[2, 3, 5]","[2, 1, 1, 0, 0, 0, 0, 0]","[2, 3, 5, 7, 11, 13, 17, 19]"
61,61.00000000,61,1,[61],"[0, 0, 0, 0, 0, 0, 0, 0]","[2, 3, 5, 7, 11, 13, 17, 19]"
61/3,20.33333333,61,3,"[3, 61]","[0, -1, 0, 0, 0, 0, 0, 0]","[2, 3, 5, 7, 11, 13, 17, 19]"
62,62.00000000,62,1,"[2, 31]","[1, 0, 0, 0, 0, 0, 0, 0]","[2, 3, 5, 7, 11, 13, 17, 19]"
63,63.00000000,63,1,"[3, 7]","[0, 2, 0, 1, 0, 0, 0, 0]","[2, 3, 5, 7, 11, 13, 17, 19]"
64/3,21.33333333,64,3,"[2, 3]","[6, -1, 0, 0, 0, 0, 0, 0]","[2, 3, 5, 7, 11, 13, 17, 19]"
64/9,7.11111111,64,9,"[2, 3]","[6, -2, 0, 0, 0, 0, 0, 0]","[2, 3, 5, 7, 11, 13, 17, 19]"
65/3,21.66666667,65,3,"[3, 5, 13]","[0, -1, 1, 0, 0, 1, 0, 0]","[2, 3, 5, 7, 11, 13, 17, 19]"
65/9,7.22222222,65,9,"[3, 5, 13]","[0, -2, 1, 0, 0, 1, 0, 0]","[2, 3, 5, 7, 11, 13, 17, 19]"
67/9,7.44444444,67,9,"[3, 67]","[0, -2, 0, 0, 0, 0, 0, 0]","[2, 3, 5, 7, 11, 13, 17, 19]"
68/3,22.66666667,68,3,"[2, 3, 17]","[2, -1, 0, 0, 0, 0, 1, 0]","[2, 3, 5, 7, 11, 13, 17, 19]"
68/9,7.55555556,68,9,"[2, 3, 17]","[2, -2, 0, 0, 0, 0, 1, 0]","[2, 3, 5, 7, 11, 13, 17, 19]"
70/9,7.77777778,70,9,"[2, 3, 5, 7]","[1, -2, 1, 1, 0, 0, 0, 0]","[2, 3, 5, 7, 11, 13, 17, 19]"
71/3,23.66666667,71,3,"[3, 71]","[0, -1, 0, 0, 0, 0, 0, 0]","[2, 3, 5, 7, 11, 13, 17, 19]"
73/9,8.11111111,73,9,"[3, 73]","[0, -2, 0, 0, 0, 0, 0, 0]","[2, 3, 5, 7, 11, 13, 17, 19]"
74/3,24.66666667,74,3,"[2, 3, 37]","[1, -1, 0, 0, 0, 0, 0, 0]","[2, 3, 5, 7, 11, 13, 17, 19]"
74/9,8.22222222,74,9,"[2, 3, 37]","[1, -2, 0, 0, 0, 0, 0, 0]","[2, 3, 5, 7, 11, 13, 17, 19]"
77/9,8.55555556,77,9,"[3, 7, 11]","[0, -2, 0, 1, 1, 0, 0, 0]","[2, 3, 5, 7, 11, 13, 17, 19]"
79/9,8.77777778,79,9,"[3, 79]","[0, -2, 0, 0, 0, 0, 0, 0]","[2, 3, 5, 7, 11, 13, 17, 19]"
80/9,8.88888889,80,9,"[2, 3, 5]","[4, -2, 1, 0, 0, 0, 0, 0]","[2, 3, 5, 7, 11, 13, 17, 19]"
82/9,9.11111111,82,9,"[2, 3, 41]","[1, -2, 0, 0, 0, 0, 0, 0]","[2, 3, 5, 7, 11, 13, 17, 19]"
83/9,9.22222222,83,9,"[3, 83]","[0, -2, 0, 0, 0, 0, 0, 0]","[2, 3, 5, 7, 11, 13, 17, 19]"
88/9,9.77777778,88,9,"[2, 3, 11]","[3, -2, 0, 0, 1, 0, 0, 0]","[2, 3, 5, 7, 11, 13, 17, 19]"
89/9,9.88888889,89,9,"[3, 89]","[0, -2, 0, 0, 0, 0, 0, 0]","[2, 3, 5, 7, 11, 13, 17, 19]"
92/9,10.22222222,92,9,"[2, 3, 23]","[2, -2, 0, 0, 0, 0, 0, 0]","[2, 3, 5, 7, 11, 13, 17, 19]"
95/9,10.55555556,95,9,"[3, 5, 19]","[0, -2, 1, 0, 0, 0, 0, 1]","[2, 3, 5, 7, 11, 13, 17, 19]"
97/9,10.77777778,97,9,"[3, 97]","[0, -2, 0, 0, 0, 0, 0, 0]","[2, 3, 5, 7, 11, 13, 17, 19]"
98/9,10.88888889,98,9,"[2, 3, 7]","[1, -2, 0, 2, 0, 0, 0, 0]","[2, 3, 5, 7, 11, 13, 17, 19]"
100/3,33.33333333,100,3,"[2, 3, 5]","[2, -1, 2, 0, 0, 0, 0, 0]","[2, 3, 5, 7, 11, 13, 17, 19]"
103/3,34.33333333,103,3,"[3, 103]","[0, -1, 0, 0, 0, 0, 0, 0]","[2, 3, 5, 7, 11, 13, 17, 19]"
104/9,11.55555556,104,9,"[2, 3, 13]","[3, -2, 0, 0, 0, 1, 0, 0]","[2, 3, 5, 7, 11, 13, 17, 19]"
106/3,35.33333333,106,3,"[2, 3, 53]","[1, -1, 0, 0, 0, 0, 0, 0]","[2, 3, 5, 7, 11, 13, 17, 19]"
107/9,11.88888889,107,9,"[3, 107]","[0, -2, 0, 0, 0, 0, 0, 0]","[2, 3, 5, 7, 11, 13, 17, 19]"
109/3,36.33333333,109,3,"[3, 109]","[0, -1, 0, 0, 0, 0, 0, 0]","[2, 3, 5, 7, 11, 13, 17, 19]"
110/3,36.66666667,110,3,"[2, 3, 5, 11]","[1, -1, 1, 0, 1, 0, 0, 0]","[2, 3, 5, 7, 11, 13, 17, 19]"
113/3,37.66666667,113,3,"[3, 113]","[0, -1, 0, 0, 0, 0, 0, 0]","[2, 3, 5, 7, 11, 13, 17, 19]"
113/9,12.55555556,113,9,"[3, 113]","[0, -2, 0, 0, 0, 0, 0, 0]","[2, 3, 5, 7, 11, 13, 17, 19]"
115/3,38.33333333,115,3,"[3, 5, 23]","[0, -1, 1, 0, 0, 0, 0, 0]","[2, 3, 5, 7, 11, 13, 17, 19]"
116/3,38.66666667,116,3,"[2, 3, 29]","[2, -1, 0, 0, 0, 0, 0, 0]","[2, 3, 5, 7, 11, 13, 17, 19]"
118/3,39.33333333,118,3,"[2, 3, 59]","[1, -1, 0, 0, 0, 0, 0, 0]","[2, 3, 5, 7, 11, 13, 17, 19]"
119/3,39.66666667,119,3,"[3, 7, 17]","[0, -1, 0, 1, 0, 0, 1, 0]","[2, 3, 5, 7, 11, 13, 17, 19]"
121/3,40.33333333,121,3,"[3, 11]","[0, -1, 0, 0, 2, 0, 0, 0]","[2, 3, 5, 7, 11, 13, 17, 19]"
122/9,13.55555556,122,9,"[2, 3, 61]","[1, -2, 0, 0, 0, 0, 0, 0]","[2, 3, 5, 7, 11, 13, 17, 19]"
124/3,41.33333333,124,3,"[2, 3, 31]","[2, -1, 0, 0, 0, 0, 0, 0]","[2, 3, 5, 7, 11, 13, 17, 19]"
125/9,13.88888889,125,9,"[3, 5]","[0, -2, 3, 0, 0, 0, 0, 0]","[2, 3, 5, 7, 11, 13, 17, 19]"
125/27,4.62962963,125,27,"[3, 5]","[0, -3, 3, 0, 0, 0, 0, 0]","[2, 3, 5, 7, 11, 13, 17, 19]"
134/9,14.88888889,134,9,"[2, 3, 67]","[1, -2, 0, 0, 0, 0, 0, 0]","[2, 3, 5, 7, 11, 13, 17, 19]"
140/9,15.55555556,140,9,"[2, 3, 5, 7]","[2, -2, 1, 1, 0, 0, 0, 0]","[2, 3, 5, 7, 11, 13, 17, 19]"
143/9,15.88888889,143,9,"[3, 11, 13]","[0, -2, 0, 0, 1, 1, 0, 0]","[2, 3, 5, 7, 11, 13, 17, 19]"
149/9,16.55555556,149,9,"[3, 149]","[0, -2, 0, 0, 0, 0, 0, 0]","[2, 3, 5, 7, 11, 13, 17, 19]"
152/9,16.88888889,152,9,"[2, 3, 19]","[3, -2, 0, 0, 0, 0, 0, 1]","[2, 3, 5, 7, 11, 13, 17, 19]"
152/27,5.62962963,152,27,"[2, 3, 19]","[3, -3, 0, 0, 0, 0, 0, 1]","[2, 3, 5, 7, 11, 13, 17, 19]"
155/9,17.22222222,155,9,"[3, 5, 31]","[0, -2, 1, 0, 0, 0, 0, 0]","[2, 3, 5, 7, 11, 13, 17, 19]"
158/9,17.55555556,158,9,"[2, 3, 79]","[1, -2, 0, 0, 0, 0, 0, 0]","[2, 3, 5, 7, 11, 13, 17, 19]"
164/9,18.22222222,164,9,"[2, 3, 41]","[2, -2, 0, 0, 0, 0, 0, 0]","[2, 3, 5, 7, 11, 13, 17, 19]"
167/9,18.55555556,167,9,"[3, 167]","[0, -2, 0, 0, 0, 0, 0, 0]","[2, 3, 5, 7, 11, 13, 17, 19]"
170/9,18.88888889,170,9,"[2, 3, 5, 17]","[1, -2, 1, 0, 0, 0, 1, 0]","[2, 3, 5, 7, 11, 13, 17, 19]"
170/27,6.29629630,170,27,"[2, 3, 5, 17]","[1, -3, 1, 0, 0, 0, 1, 0]","[2, 3, 5, 7, 11, 13, 17, 19]"
173/9,19.22222222,173,9,"[3, 173]","[0, -2, 0, 0, 0, 0, 0, 0]","[2, 3, 5, 7, 11, 13, 17, 19]"
175/3,58.33333333,175,3,"[3, 5, 7]","[0, -1, 2, 1, 0, 0, 0, 0]","[2, 3, 5, 7, 11, 13, 17, 19]"
175/9,19.44444444,175,9,"[3, 5, 7]","[0, -2, 2, 1, 0, 0, 0, 0]","[2, 3, 5, 7, 11, 13, 17, 19]"
178/3,59.33333333,178,3,"[2, 3, 89]","[1, -1, 0, 0, 0, 0, 0, 0]","[2, 3, 5, 7, 11, 13, 17, 19]"
179/9,19.88888889,179,9,"[3, 179]","[0, -2, 0, 0, 0, 0, 0, 0]","[2, 3, 5, 7, 11, 13, 17, 19]"
179/27,6.62962963,179,27,"[3, 179]","[0, -3, 0, 0, 0, 0, 0, 0]","[2, 3, 5, 7, 11, 13, 17, 19]"
181/3,60.33333333,181,3,"[3, 181]","[0, -1, 0, 0, 0, 0, 0, 0]","[2, 3, 5, 7, 11, 13, 17, 19]"
182/9,20.22222222,182,9,"[2, 3, 7, 13]","[1, -2, 0, 1, 0, 1, 0, 0]","[2, 3, 5, 7, 11, 13, 17, 19]"
184/3,61.33333333,184,3,"[2, 3, 23]","[3, -1, 0, 0, 0, 0, 0, 0]","[2, 3, 5, 7, 11, 13, 17, 19]"
184/9,20.44444444,184,9,"[2, 3, 23]","[3, -2, 0, 0, 0, 0, 0, 0]","[2, 3, 5, 7, 11, 13, 17, 19]"
185/3,61.66666667,185,3,"[3, 5, 37]","[0, -1, 1, 0, 0, 0, 0, 0]","[2, 3, 5, 7, 11, 13, 17, 19]"
188/3,62.66666667,188,3,"[2, 3, 47]","[2, -1, 0, 0, 0, 0, 0, 0]","[2, 3, 5, 7, 11, 13, 17, 19]"
188/9,20.88888889,188,9,"[2, 3, 47]","[2, -2, 0, 0, 0, 0, 0, 0]","[2, 3, 5, 7, 11, 13, 17, 19]"
190/3,63.33333333,190,3,"[2, 3, 5, 19]","[1, -1, 1, 0, 0, 0, 0, 1]","[2, 3, 5, 7, 11, 13, 17, 19]"
190/9,21.11111111,190,9,"[2, 3, 5, 19]","[1, -2, 1, 0, 0, 0, 0, 1]","[2, 3, 5, 7, 11, 13, 17, 19]"
191/3,63.66666667,191,3,"[3, 191]","[0, -1, 0, 0, 0, 0, 0, 0]","[2, 3, 5, 7, 11, 13, 17, 19]"
193/3,64.33333333,193,3,"[3, 193]","[0, -1, 0, 0, 0, 0, 0, 0]","[2, 3, 5, 7, 11, 13, 17, 19]"
193/9,21.44444444,193,9,"[3, 193]","[0, -2, 0, 0, 0, 0, 0, 0]","[2, 3, 5, 7, 11, 13, 17, 19]"
194/3,64.66666667,194,3,"[2, 3, 97]","[1, -1, 0, 0, 0, 0, 0, 0]","[2, 3, 5, 7, 11, 13, 17, 19]"
196/3,65.33333333,196,3,"[2, 3, 7]","[2, -1, 0, 2, 0, 0, 0, 0]","[2, 3, 5, 7, 11, 13, 17, 19]"
197/9,21.88888889,197,9,"[3, 197]","[0, -2, 0, 0, 0, 0, 0, 0]","[2, 3, 5, 7, 11, 13, 17, 19]"
197/27,7.29629630,197,27,"[3, 197]","[0, -3, 0, 0, 0, 0, 0, 0]","[2, 3, 5, 7, 11, 13, 17, 19]"
199/3,66.33333333,199,3,"[3, 199]","[0, -1, 0, 0, 0, 0, 0, 0]","[2, 3, 5, 7, 11, 13, 17, 19]"
199/9,22.11111111,199,9,"[3, 199]","[0, -2, 0, 0, 0, 0, 0, 0]","[2, 3, 5, 7, 11, 13, 17, 19]"
200/9,22.22222222,200,9,"[2, 3, 5]","[3, -2, 2, 0, 0, 0, 0, 0]","[2, 3, 5, 7, 11, 13, 17, 19]"
200/27,7.40740741,200,27,"[2, 3, 5]","[3, -3, 2, 0, 0, 0, 0, 0]","[2, 3, 5, 7, 11, 13, 17, 19]"
202/9,22.44444444,202,9,"[2, 3, 101]","[1, -2, 0, 0, 0, 0, 0, 0]","[2, 3, 5, 7, 11, 13, 17, 19]"
205/9,22.77777778,205,9,"[3, 5, 41]","[0, -2, 1, 0, 0, 0, 0, 0]","[2, 3, 5, 7, 11, 13, 17, 19]"
206/27,7.62962963,206,27,"[2, 3, 103]","[1, -3, 0, 0, 0, 0, 0, 0]","[2, 3, 5, 7, 11, 13, 17, 19]"
208/9,23.11111111,208,9,"[2, 3, 13]","[4, -2, 0, 0, 0, 1, 0, 0]","[2, 3, 5, 7, 11, 13, 17, 19]"
209/9,23.22222222,209,9,"[3, 11, 19]","[0, -2, 0, 0, 1, 0, 0, 1]","[2, 3, 5, 7, 11, 13, 17, 19]"
214/9,23.77777778,214,9,"[2, 3, 107]","[1, -2, 0, 0, 0, 0, 0, 0]","[2, 3, 5, 7, 11, 13, 17, 19]"
215/9,23.88888889,215,9,"[3, 5, 43]","[0, -2, 1, 0, 0, 0, 0, 0]","[2, 3, 5, 7, 11, 13, 17, 19]"
215/27,7.96296296,215,27,"[3, 5, 43]","[0, -3, 1, 0, 0, 0, 0, 0]","[2, 3, 5, 7, 11, 13, 17, 19]"
217/9,24.11111111,217,9,"[3, 7, 31]","[0, -2, 0, 1, 0, 0, 0, 0]","[2, 3, 5, 7, 11, 13, 17, 19]"
218/9,24.22222222,218,9,"[2, 3, 109]","[1, -2, 0, 0, 0, 0, 0, 0]","[2, 3, 5, 7, 11, 13, 17, 19]"
220/9,24.44444444,220,9,"[2, 3, 5, 11]","[2, -2, 1, 0, 1, 0, 0, 0]","[2, 3, 5, 7, 11, 13, 17, 19]"
223/9,24.77777778,223,9,"[3, 223]","[0, -2, 0, 0, 0, 0, 0, 0]","[2, 3, 5, 7, 11, 13, 17, 19]"
224/9,24.88888889,224,9,"[2, 3, 7]","[5, -2, 0, 1, 0, 0, 0, 0]","[2, 3, 5, 7, 11, 13, 17, 19]"
224/27,8.29629630,224,27,"[2, 3, 7]","[5, -3, 0, 1, 0, 0, 0, 0]","[2, 3, 5, 7, 11, 13, 17, 19]"
227/9,25.22222222,227,9,"[3, 227]","[0, -2, 0, 0, 0, 0, 0, 0]","[2, 3, 5, 7, 11, 13, 17, 19]"
227/27,8.40740741,227,27,"[3, 227]","[0, -3, 0, 0, 0, 0, 0, 0]","[2, 3, 5, 7, 11, 13, 17, 19]"
229/9,25.44444444,229,9,"[3, 229]","[0, -2, 0, 0, 0, 0, 0, 0]","[2, 3, 5, 7, 11, 13, 17, 19]"
230/9,25.55555556,230,9,"[2, 3, 5, 23]","[1, -2, 1, 0, 0, 0, 0, 0]","[2, 3, 5, 7, 11, 13, 17, 19]"
232/9,25.77777778,232,9,"[2, 3, 29]","[3, -2, 0, 0, 0, 0, 0, 0]","[2, 3, 5, 7, 11, 13, 17, 19]"
233/9,25.88888889,233,9,"[3, 233]","[0, -2, 0, 0, 0, 0, 0, 0]","[2, 3, 5, 7, 11, 13, 17, 19]"
238/9,26.44444444,238,9,"[2, 3, 7, 17]","[1, -2, 0, 1, 0, 0, 1, 0]","[2, 3, 5, 7, 11, 13, 17, 19]"
239/9,26.55555556,239,9,"[3, 239]","[0, -2, 0, 0, 0, 0, 0, 0]","[2, 3, 5, 7, 11, 13, 17, 19]"
242/9,26.88888889,242,9,"[2, 3, 11]","[1, -2, 0, 0, 2, 0, 0, 0]","[2, 3, 5, 7, 11, 13, 17, 19]"
242/27,8.96296296,242,27,"[2, 3, 11]","[1, -3, 0, 0, 2, 0, 0, 0]","[2, 3, 5, 7, 11, 13, 17, 19]"
245/9,27.22222222,245,9,"[3, 5, 7]","[0, -2, 1, 2, 0, 0, 0, 0]","[2, 3, 5, 7, 11, 13, 17, 19]"
245/27,9.07407407,245,27,"[3, 5, 7]","[0, -3, 1, 2, 0, 0, 0, 0]","[2, 3, 5, 7, 11, 13, 17, 19]"
247/9,27.44444444,247,9,"[3, 13, 19]","[0, -2, 0, 0, 0, 1, 0, 1]","[2, 3, 5, 7, 11, 13, 17, 19]"
248/9,27.55555556,248,9,"[2, 3, 31]","[3, -2, 0, 0, 0, 0, 0, 0]","[2, 3, 5, 7, 11, 13, 17, 19]"
250/9,27.77777778,250,9,"[2, 3, 5]","[1, -2, 3, 0, 0, 0, 0, 0]","[2, 3, 5, 7, 11, 13, 17, 19]"
250/27,9.25925926,250,27,"[2, 3, 5]","[1, -3, 3, 0, 0, 0, 0, 0]","[2, 3, 5, 7, 11, 13, 17, 19]"
251/27,9.29629630,251,27,"[3, 251]","[0, -3, 0, 0, 0, 0, 0, 0]","[2, 3, 5, 7, 11, 13, 17, 19]"
254/9,28.22222222,254,9,"[2, 3, 127]","[1, -2, 0, 0, 0, 0, 0, 0]","[2, 3, 5, 7, 11, 13, 17, 19]"
254/27,9.40740741,254,27,"[2, 3, 127]","[1, -3, 0, 0, 0, 0, 0, 0]","[2, 3, 5, 7, 11, 13, 17, 19]"
257/9,28.55555556,257,9,"[3, 257]","[0, -2, 0, 0, 0, 0, 0, 0]","[2, 3, 5, 7, 11, 13, 17, 19]"
259/9,28.77777778,259,9,"[3, 7, 37]","[0, -2, 0, 1, 0, 0, 0, 0]","[2, 3, 5, 7, 11, 13, 17, 19]"
260/27,9.62962963,260,27,"[2, 3, 5, 13]","[2, -3, 1, 0, 0, 1, 0, 0]","[2, 3, 5, 7, 11, 13, 17, 19]"
263/9,29.22222222,263,9,"[3, 263]","[0, -2, 0, 0, 0, 0, 0, 0]","[2, 3, 5, 7, 11, 13, 17, 19]"
265/9,29.44444444,265,9,"[3, 5, 53]","[0, -2, 1, 0, 0, 0, 0, 0]","[2, 3, 5, 7, 11, 13, 17, 19]"
268/9,29.77777778,268,9,"[2, 3, 67]","[2, -2, 0, 0, 0, 0, 0, 0]","[2, 3, 5, 7, 11, 13, 17, 19]"
269/27,9.96296296,269,27,"[3, 269]","[0, -3, 0, 0, 0, 0, 0, 0]","[2, 3, 5, 7, 11, 13, 17, 19]"
272/9,30.22222222,272,9,"[2, 3, 17]","[4, -2, 0, 0, 0, 0, 1, 0]","[2, 3, 5, 7, 11, 13, 17, 19]"
272/27,10.07407407,272,27,"[2, 3, 17]","[4, -3, 0, 0, 0, 0, 1, 0]","[2, 3, 5, 7, 11, 13, 17, 19]"
274/9,30.44444444,274,9,"[2, 3, 137]","[1, -2, 0, 0, 0, 0, 0, 0]","[2, 3, 5, 7, 11, 13, 17, 19]"
275/9,30.55555556,275,9,"[3, 5, 11]","[0, -2, 2, 0, 1, 0, 0, 0]","[2, 3, 5, 7, 11, 13, 17, 19]"
275/27,10.18518519,275,27,"[3, 5, 11]","[0, -3, 2, 0, 1, 0, 0, 0]","[2, 3, 5, 7, 11, 13, 17, 19]"
277/9,30.77777778,277,9,"[3, 277]","[0, -2, 0, 0, 0, 0, 0, 0]","[2, 3, 5, 7, 11, 13, 17, 19]"
277/27,10.25925926,277,27,"[3, 277]","[0, -3, 0, 0, 0, 0, 0, 0]","[2, 3, 5, 7, 11, 13, 17, 19]"
280/9,31.11111111,280,9,"[2, 3, 5, 7]","[3, -2, 1, 1, 0, 0, 0, 0]","[2, 3, 5, 7, 11, 13, 17, 19]"
281/27,10.40740741,281,27,"[3, 281]","[0, -3, 0, 0, 0, 0, 0, 0]","[2, 3, 5, 7, 11, 13, 17, 19]"
283/9,31.44444444,283,9,"[3, 283]","[0, -2, 0, 0, 0, 0, 0, 0]","[2, 3, 5, 7, 11, 13, 17, 19]"
284/9,31.55555556,284,9,"[2, 3, 71]","[2, -2, 0, 0, 0, 0, 0, 0]","[2, 3, 5, 7, 11, 13, 17, 19]"
287/27,10.62962963,287,27,"[3, 7, 41]","[0, -3, 0, 1, 0, 0, 0, 0]","[2, 3, 5, 7, 11, 13, 17, 19]"
289/9,32.11111111,289,9,"[3, 17]","[0, -2, 0, 0, 0, 0, 2, 0]","[2, 3, 5, 7, 11, 13, 17, 19]"
290/9,32.22222222,290,9,"[2, 3, 5, 29]","[1, -2, 1, 0, 0, 0, 0, 0]","[2, 3, 5, 7, 11, 13, 17, 19]"
290/27,10.74074074,290,27,"[2, 3, 5, 29]","[1, -3, 1, 0, 0, 0, 0, 0]","[2, 3, 5, 7, 11, 13, 17, 19]"
292/9,32.44444444,292,9,"[2, 3, 73]","[2, -2, 0, 0, 0, 0, 0, 0]","[2, 3, 5, 7, 11, 13, 17, 19]"
293/9,32.55555556,293,9,"[3, 293]","[0, -2, 0, 0, 0, 0, 0, 0]","[2, 3, 5, 7, 11, 13, 17, 19]"
295/9,32.77777778,295,9,"[3, 5, 59]","[0, -2, 1, 0, 0, 0, 0, 0]","[2, 3, 5, 7, 11, 13, 17, 19]"
295/27,10.92592593,295,27,"[3, 5, 59]","[0, -3, 1, 0, 0, 0, 0, 0]","[2, 3, 5, 7, 11, 13, 17, 19]"
296/27,10.96296296,296,27,"[2, 3, 37]","[3, -3, 0, 0, 0, 0, 0, 0]","[2, 3, 5, 7, 11, 13, 17, 19]"
298/9,33.11111111,298,9,"[2, 3, 149]","[1, -2, 0, 0, 0, 0, 0, 0]","[2, 3, 5, 7, 11, 13, 17, 19]"
299/9,33.22222222,299,9,"[3, 13, 23]","[0, -2, 0, 0, 0, 1, 0, 0]","[2, 3, 5, 7, 11, 13, 17, 19]"
299/27,11.07407407,299,27,"[3, 13, 23]","[0, -3, 0, 0, 0, 1, 0, 0]","[2, 3, 5, 7, 11, 13, 17, 19]"
302/9,33.55555556,302,9,"[2, 3, 151]","[1, -2, 0, 0, 0, 0, 0, 0]","[2, 3, 5, 7, 11, 13, 17, 19]"
302/27,11.18518519,302,27,"[2, 3, 151]","[1, -3, 0, 0, 0, 0, 0, 0]","[2, 3, 5, 7, 11, 13, 17, 19]"
304/9,33.77777778,304,9,"[2, 3, 19]","[4, -2, 0, 0, 0, 0, 0, 1]","[2, 3, 5, 7, 11, 13, 17, 19]"
304/27,11.25925926,304,27,"[2, 3, 19]","[4, -3, 0, 0, 0, 0, 0, 1]","[2, 3, 5, 7, 11, 13, 17, 19]"
305/9,33.88888889,305,9,"[3, 5, 61]","[0, -2, 1, 0, 0, 0, 0, 0]","[2, 3, 5, 7, 11, 13, 17, 19]"
307/9,34.11111111,307,9,"[3, 307]","[0, -2, 0, 0, 0, 0, 0, 0]","[2, 3, 5, 7, 11, 13, 17, 19]"
308/9,34.22222222,308,9,"[2, 3, 7, 11]","[2, -2, 0, 1, 1, 0, 0, 0]","[2, 3, 5, 7, 11, 13, 17, 19]"
313/9,34.77777778,313,9,"[3, 313]","[0, -2, 0, 0, 0, 0, 0, 0]","[2, 3, 5, 7, 11, 13, 17, 19]"
314/9,34.88888889,314,9,"[2, 3, 157]","[1, -2, 0, 0, 0, 0, 0, 0]","[2, 3, 5, 7, 11, 13, 17, 19]"
314/27,11.62962963,314,27,"[2, 3, 157]","[1, -3, 0, 0, 0, 0, 0, 0]","[2, 3, 5, 7, 11, 13, 17, 19]"
317/9,35.22222222,317,9,"[3, 317]","[0, -2, 0, 0, 0, 0, 0, 0]","[2, 3, 5, 7, 11, 13, 17, 19]"
317/27,11.74074074,317,27,"[3, 317]","[0, -3, 0, 0, 0, 0, 0, 0]","[2, 3, 5, 7, 11, 13, 17, 19]"
320/9,35.55555556,320,9,"[2, 3, 5]","[6, -2, 1, 0, 0, 0, 0, 0]","[2, 3, 5, 7, 11, 13, 17, 19]"
320/27,11.85185185,320,27,"[2, 3, 5]","[6, -3, 1, 0, 0, 0, 0, 0]","[2, 3, 5, 7, 11, 13, 17, 19]"
322/9,35.77777778,322,9,"[2, 3, 7, 23]","[1, -2, 0, 1, 0, 0, 0, 0]","[2, 3, 5, 7, 11, 13, 17, 19]"
322/27,11.92592593,322,27,"[2, 3, 7, 23]","[1, -3, 0, 1, 0, 0, 0, 0]","[2, 3, 5, 7, 11, 13, 17, 19]"
323/9,35.88888889,323,9,"[3, 17, 19]","[0, -2, 0, 0, 0, 0, 1, 1]","[2, 3, 5, 7, 11, 13, 17, 19]"
325/9,36.11111111,325,9,"[3, 5, 13]","[0, -2, 2, 0, 0, 1, 0, 0]","[2, 3, 5, 7, 11, 13, 17, 19]"
325/27,12.03703704,325,27,"[3, 5, 13]","[0, -3, 2, 0, 0, 1, 0, 0]","[2, 3, 5, 7, 11, 13, 17, 19]"
326/27,12.07407407,326,27,"[2, 3, 163]","[1, -3, 0, 0, 0, 0, 0, 0]","[2, 3, 5, 7, 11, 13, 17, 19]"
329/9,36.55555556,329,9,"[3, 7, 47]","[0, -2, 0, 1, 0, 0, 0, 0]","[2, 3, 5, 7, 11, 13, 17, 19]"
329/27,12.18518519,329,27,"[3, 7, 47]","[0, -3, 0, 1, 0, 0, 0, 0]","[2, 3, 5, 7, 11, 13, 17, 19]"
331/27,12.25925926,331,27,"[3, 331]","[0, -3, 0, 0, 0, 0, 0, 0]","[2, 3, 5, 7, 11, 13, 17, 19]"
332/9,36.88888889,332,9,"[2, 3, 83]","[2, -2, 0, 0, 0, 0, 0, 0]","[2, 3, 5, 7, 11, 13, 17, 19]"
334/9,37.11111111,334,9,"[2, 3, 167]","[1, -2, 0, 0, 0, 0, 0, 0]","[2, 3, 5, 7, 11, 13, 17, 19]"
335/27,12.40740741,335,27,"[3, 5, 67]","[0, -3, 1, 0, 0, 0, 0, 0]","[2, 3, 5, 7, 11, 13, 17, 19]"
338/9,37.55555556,338,9,"[2, 3, 13]","[1, -2, 0, 0, 0, 2, 0, 0]","[2, 3, 5, 7, 11, 13, 17, 19]"
340/9,37.77777778,340,9,"[2, 3, 5, 17]","[2, -2, 1, 0, 0, 0, 1, 0]","[2, 3, 5, 7, 11, 13, 17, 19]"
340/27,12.59259259,340,27,"[2, 3, 5, 17]","[2, -3, 1, 0, 0, 0, 1, 0]","[2, 3, 5, 7, 11, 13, 17, 19]"
341/27,12.62962963,341,27,"[3, 11, 31]","[0, -3, 0, 0, 1, 0, 0, 0]","[2, 3, 5, 7, 11, 13, 17, 19]"
343/9,38.11111111,343,9,"[3, 7]","[0, -2, 0, 3, 0, 0, 0, 0]","[2, 3, 5, 7, 11, 13, 17, 19]"
344/27,12.74074074,344,27,"[2, 3, 43]","[3, -3, 0, 0, 0, 0, 0, 0]","[2, 3, 5, 7, 11, 13, 17, 19]"
347/9,38.55555556,347,9,"[3, 347]","[0, -2, 0, 0, 0, 0, 0, 0]","[2, 3, 5, 7, 11, 13, 17, 19]"
347/27,12.85185185,347,27,"[3, 347]","[0, -3, 0, 0, 0, 0, 0, 0]","[2, 3, 5, 7, 11, 13, 17, 19]"
349/9,38.77777778,349,9,"[3, 349]","[0, -2, 0, 0, 0, 0, 0, 0]","[2, 3, 5, 7, 11, 13, 17, 19]"
349/27,12.92592593,349,27,"[3, 349]","[0, -3, 0, 0, 0, 0, 0, 0]","[2, 3, 5, 7, 11, 13, 17, 19]"
350/27,12.96296296,350,27,"[2, 3, 5, 7]","[1, -3, 2, 1, 0, 0, 0, 0]","[2, 3, 5, 7, 11, 13, 17, 19]"
352/9,39.11111111,352,9,"[2, 3, 11]","[5, -2, 0, 0, 1, 0, 0, 0]","[2, 3, 5, 7, 11, 13, 17, 19]"
352/27,13.03703704,352,27,"[2, 3, 11]","[5, -3, 0, 0, 1, 0, 0, 0]","[2, 3, 5, 7, 11, 13, 17, 19]"
355/9,39.44444444,355,9,"[3, 5, 71]","[0, -2, 1, 0, 0, 0, 0, 0]","[2, 3, 5, 7, 11, 13, 17, 19]"
356/27,13.18518519,356,27,"[2, 3, 89]","[2, -3, 0, 0, 0, 0, 0, 0]","[2, 3, 5, 7, 11, 13, 17, 19]"
358/9,39.77777778,358,9,"[2, 3, 179]","[1, -2, 0, 0, 0, 0, 0, 0]","[2, 3, 5, 7, 11, 13, 17, 19]"
362/27,13.40740741,362,27,"[2, 3, 181]","[1, -3, 0, 0, 0, 0, 0, 0]","[2, 3, 5, 7, 11, 13, 17, 19]"
364/9,40.44444444,364,9,"[2, 3, 7, 13]","[2, -2, 0, 1, 0, 1, 0, 0]","[2, 3, 5, 7, 11, 13, 17, 19]"
365/27,13.51851852,365,27,"[3, 5, 73]","[0, -3, 1, 0, 0, 0, 0, 0]","[2, 3, 5, 7, 11, 13, 17, 19]"
367/9,40.77777778,367,9,"[3, 367]","[0, -2, 0, 0, 0, 0, 0, 0]","[2, 3, 5, 7, 11, 13, 17, 19]"
367/27,13.59259259,367,27,"[3, 367]","[0, -3, 0, 0, 0, 0, 0, 0]","[2, 3, 5, 7, 11, 13, 17, 19]"
370/9,41.11111111,370,9,"[2, 3, 5, 37]","[1, -2, 1, 0, 0, 0, 0, 0]","[2, 3, 5, 7, 11, 13, 17, 19]"
370/27,13.70370370,370,27,"[2, 3, 5, 37]","[1, -3, 1, 0, 0, 0, 0, 0]","[2, 3, 5, 7, 11, 13, 17, 19]"
371/27,13.74074074,371,27,"[3, 7, 53]","[0, -3, 0, 1, 0, 0, 0, 0]","[2, 3, 5, 7, 11, 13, 17, 19]"
373/9,41.44444444,373,9,"[3, 373]","[0, -2, 0, 0, 0, 0, 0, 0]","[2, 3, 5, 7, 11, 13, 17, 19]"
374/27,13.85185185,374,27,"[2, 3, 11, 17]","[1, -3, 0, 0, 1, 0, 1, 0]","[2, 3, 5, 7, 11, 13, 17, 19]"
376/27,13.92592593,376,27,"[2, 3, 47]","[3, -3, 0, 0, 0, 0, 0, 0]","[2, 3, 5, 7, 11, 13, 17, 19]"
377/27,13.96296296,377,27,"[3, 13, 29]","[0, -3, 0, 0, 0, 1, 0, 0]","[2, 3, 5, 7, 11, 13, 17, 19]"
379/9,42.11111111,379,9,"[3, 379]","[0, -2, 0, 0, 0, 0, 0, 0]","[2, 3, 5, 7, 11, 13, 17, 19]"
379/27,14.03703704,379,27,"[3, 379]","[0, -3, 0, 0, 0, 0, 0, 0]","[2, 3, 5, 7, 11, 13, 17, 19]"
382/9,42.44444444,382,9,"[2, 3, 191]","[1, -2, 0, 0, 0, 0, 0, 0]","[2, 3, 5, 7, 11, 13, 17, 19]"
385/27,14.25925926,385,27,"[3, 5, 7, 11]","[0, -3, 1, 1, 1, 0, 0, 0]","[2, 3, 5, 7, 11, 13, 17, 19]"
388/9,43.11111111,388,9,"[2, 3, 97]","[2, -2, 0, 0, 0, 0, 0, 0]","[2, 3, 5, 7, 11, 13, 17, 19]"
389/27,14.40740741,389,27,"[3, 389]","[0, -3, 0, 0, 0, 0, 0, 0]","[2, 3, 5, 7, 11, 13, 17, 19]"
392/27,14.51851852,392,27,"[2, 3, 7]","[3, -3, 0, 2, 0, 0, 0, 0]","[2, 3, 5, 7, 11, 13, 17, 19]"
394/27,14.59259259,394,27,"[2, 3, 197]","[1, -3, 0, 0, 0, 0, 0, 0]","[2, 3, 5, 7, 11, 13, 17, 19]"
395/27,14.62962963,395,27,"[3, 5, 79]","[0, -3, 1, 0, 0, 0, 0, 0]","[2, 3, 5, 7, 11, 13, 17, 19]"
397/9,44.11111111,397,9,"[3, 397]","[0, -2, 0, 0, 0, 0, 0, 0]","[2, 3, 5, 7, 11, 13, 17, 19]"
397/27,14.70370370,397,27,"[3, 397]","[0, -3, 0, 0, 0, 0, 0, 0]","[2, 3, 5, 7, 11, 13, 17, 19]"
400/27,14.81481481,400,27,"[2, 3, 5]","[4, -3, 2, 0, 0, 0, 0, 0]","[2, 3, 5, 7, 11, 13, 17, 19]"
401/27,14.85185185,401,27,"[3, 401]","[0, -3, 0, 0, 0, 0, 0, 0]","[2, 3, 5, 7, 11, 13, 17, 19]"
404/27,14.96296296,404,27,"[2, 3, 101]","[2, -3, 0, 0, 0, 0, 0, 0]","[2, 3, 5, 7, 11, 13, 17, 19]"
406/27,15.03703704,406,27,"[2, 3, 7, 29]","[1, -3, 0, 1, 0, 0, 0, 0]","[2, 3, 5, 7, 11, 13, 17, 19]"
410/27,15.18518519,410,27,"[2, 3, 5, 41]","[1, -3, 1, 0, 0, 0, 0, 0]","[2, 3, 5, 7, 11, 13, 17, 19]"
412/27,15.25925926,412,27,"[2, 3, 103]","[2, -3, 0, 0, 0, 0, 0, 0]","[2, 3, 5, 7, 11, 13, 17, 19]"
415/27,15.37037037,415,27,"[3, 5, 83]","[0, -3, 1, 0, 0, 0, 0, 0]","[2, 3, 5, 7, 11, 13, 17, 19]"
416/27,15.40740741,416,27,"[2, 3, 13]","[5, -3, 0, 0, 0, 1, 0, 0]","[2, 3, 5, 7, 11, 13, 17, 19]"
419/27,15.51851852,419,27,"[3, 419]","[0, -3, 0, 0, 0, 0, 0, 0]","[2, 3, 5, 7, 11, 13, 17, 19]"
421/27,15.59259259,421,27,"[3, 421]","[0, -3, 0, 0, 0, 0, 0, 0]","[2, 3, 5, 7, 11, 13, 17, 19]"
422/27,15.62962963,422,27,"[2, 3, 211]","[1, -3, 0, 0, 0, 0, 0, 0]","[2, 3, 5, 7, 11, 13, 17, 19]"
424/27,15.70370370,424,27,"[2, 3, 53]","[3, -3, 0, 0, 0, 0, 0, 0]","[2, 3, 5, 7, 11, 13, 17, 19]"
427/27,15.81481481,427,27,"[3, 7, 61]","[0, -3, 0, 1, 0, 0, 0, 0]","[2, 3, 5, 7, 11, 13, 17, 19]"
431/27,15.96296296,431,27,"[3, 431]","[0, -3, 0, 0, 0, 0, 0, 0]","[2, 3, 5, 7, 11, 13, 17, 19]"
437/27,16.18518519,437,27,"[3, 19, 23]","[0, -3, 0, 0, 0, 0, 0, 1]","[2, 3, 5, 7, 11, 13, 17, 19]"
439/27,16.25925926,439,27,"[3, 439]","[0, -3, 0, 0, 0, 0, 0, 0]","[2, 3, 5, 7, 11, 13, 17, 19]"
440/27,16.29629630,440,27,"[2, 3, 5, 11]","[3, -3, 1, 0, 1, 0, 0, 0]","[2, 3, 5, 7, 11, 13, 17, 19]"
442/27,16.37037037,442,27,"[2, 3, 13, 17]","[1, -3, 0, 0, 0, 1, 1, 0]","[2, 3, 5, 7, 11, 13, 17, 19]"
445/27,16.48148148,445,27,"[3, 5, 89]","[0, -3, 1, 0, 0, 0, 0, 0]","[2, 3, 5, 7, 11, 13, 17, 19]"
446/27,16.51851852,446,27,"[2, 3, 223]","[1, -3, 0, 0, 0, 0, 0, 0]","[2, 3, 5, 7, 11, 13, 17, 19]"
449/27,16.62962963,449,27,"[3, 449]","[0, -3, 0, 0, 0, 0, 0, 0]","[2, 3, 5, 7, 11, 13, 17, 19]"
451/27,16.70370370,451,27,"[3, 11, 41]","[0, -3, 0, 0, 1, 0, 0, 0]","[2, 3, 5, 7, 11, 13, 17, 19]"
454/27,16.81481481,454,27,"[2, 3, 227]","[1, -3, 0, 0, 0, 0, 0, 0]","[2, 3, 5, 7, 11, 13, 17, 19]"
460/27,17.03703704,460,27,"[2, 3, 5, 23]","[2, -3, 1, 0, 0, 0, 0, 0]","[2, 3, 5, 7, 11, 13, 17, 19]"
464/27,17.18518519,464,27,"[2, 3, 29]","[4, -3, 0, 0, 0, 0, 0, 0]","[2, 3, 5, 7, 11, 13, 17, 19]"
466/27,17.25925926,466,27,"[2, 3, 233]","[1, -3, 0, 0, 0, 0, 0, 0]","[2, 3, 5, 7, 11, 13, 17, 19]"
467/27,17.29629630,467,27,"[3, 467]","[0, -3, 0, 0, 0, 0, 0, 0]","[2, 3, 5, 7, 11, 13, 17, 19]"
469/27,17.37037037,469,27,"[3, 7, 67]","[0, -3, 0, 1, 0, 0, 0, 0]","[2, 3, 5, 7, 11, 13, 17, 19]"
472/27,17.48148148,472,27,"[2, 3, 59]","[3, -3, 0, 0, 0, 0, 0, 0]","[2, 3, 5, 7, 11, 13, 17, 19]"
475/27,17.59259259,475,27,"[3, 5, 19]","[0, -3, 2, 0, 0, 0, 0, 1]","[2, 3, 5, 7, 11, 13, 17, 19]"
476/27,17.62962963,476,27,"[2, 3, 7, 17]","[2, -3, 0, 1, 0, 0, 1, 0]","[2, 3, 5, 7, 11, 13, 17, 19]"
481/27,17.81481481,481,27,"[3, 13, 37]","[0, -3, 0, 0, 0, 1, 0, 0]","[2, 3, 5, 7, 11, 13, 17, 19]"
485/27,17.96296296,485,27,"[3, 5, 97]","[0, -3, 1, 0, 0, 0, 0, 0]","[2, 3, 5, 7, 11, 13, 17, 19]"
487/27,18.03703704,487,27,"[3, 487]","[0, -3, 0, 0, 0, 0, 0, 0]","[2, 3, 5, 7, 11, 13, 17, 19]"
490/27,18.14814815,490,27,"[2, 3, 5, 7]","[1, -3, 1, 2, 0, 0, 0, 0]","[2, 3, 5, 7, 11, 13, 17, 19]"
491/27,18.18518519,491,27,"[3, 491]","[0, -3, 0, 0, 0, 0, 0, 0]","[2, 3, 5, 7, 11, 13, 17, 19]"
494/27,18.29629630,494,27,"[2, 3, 13, 19]","[1, -3, 0, 0, 0, 1, 0, 1]","[2, 3, 5, 7, 11, 13, 17, 19]"
496/27,18.37037037,496,27,"[2, 3, 31]","[4, -3, 0, 0, 0, 0, 0, 0]","[2, 3, 5, 7, 11, 13, 17, 19]"
499/27,18.48148148,499,27,"[3, 499]","[0, -3, 0, 0, 0, 0, 0, 0]","[2, 3, 5, 7, 11, 13, 17, 19]"
500/9,55.55555556,500,9,"[2, 3, 5]","[2, -2, 3, 0, 0, 0, 0, 0]","[2, 3, 5, 7, 11, 13, 17, 19]"
502/27,18.59259259,502,27,"[2, 3, 251]","[1, -3, 0, 0, 0, 0, 0, 0]","[2, 3, 5, 7, 11, 13, 17, 19]"
509/9,56.55555556,509,9,"[3, 509]","[0, -2, 0, 0, 0, 0, 0, 0]","[2, 3, 5, 7, 11, 13, 17, 19]"
512/27,18.96296296,512,27,"[2, 3]","[9, -3, 0, 0, 0, 0, 0, 0]","[2, 3, 5, 7, 11, 13, 17, 19]"
514/27,19.03703704,514,27,"[2, 3, 257]","[1, -3, 0, 0, 0, 0, 0, 0]","[2, 3, 5, 7, 11, 13, 17, 19]"
515/9,57.22222222,515,9,"[3, 5, 103]","[0, -2, 1, 0, 0, 0, 0, 0]","[2, 3, 5, 7, 11, 13, 17, 19]"
517/27,19.14814815,517,27,"[3, 11, 47]","[0, -3, 0, 0, 1, 0, 0, 0]","[2, 3, 5, 7, 11, 13, 17, 19]"
518/9,57.55555556,518,9,"[2, 3, 7, 37]","[1, -2, 0, 1, 0, 0, 0, 0]","[2, 3, 5, 7, 11, 13, 17, 19]"
520/27,19.25925926,520,27,"[2, 3, 5, 13]","[3, -3, 1, 0, 0, 1, 0, 0]","[2, 3, 5, 7, 11, 13, 17, 19]"
521/27,19.29629630,521,27,"[3, 521]","[0, -3, 0, 0, 0, 0, 0, 0]","[2, 3, 5, 7, 11, 13, 17, 19]"
524/9,58.22222222,524,9,"[2, 3, 131]","[2, -2, 0, 0, 0, 0, 0, 0]","[2, 3, 5, 7, 11, 13, 17, 19]"
526/27,19.48148148,526,27,"[2, 3, 263]","[1, -3, 0, 0, 0, 0, 0, 0]","[2, 3, 5, 7, 11, 13, 17, 19]"
527/9,58.55555556,527,9,"[3, 17, 31]","[0, -2, 0, 0, 0, 0, 1, 0]","[2, 3, 5, 7, 11, 13, 17, 19]"
529/27,19.59259259,529,27,"[3, 23]","[0, -3, 0, 0, 0, 0, 0, 0]","[2, 3, 5, 7, 11, 13, 17, 19]"
530/9,58.88888889,530,9,"[2, 3, 5, 53]","[1, -2, 1, 0, 0, 0, 0, 0]","[2, 3, 5, 7, 11, 13, 17, 19]"
533/9,59.22222222,533,9,"[3, 13, 41]","[0, -2, 0, 0, 0, 1, 0, 0]","[2, 3, 5, 7, 11, 13, 17, 19]"
535/27,19.81481481,535,27,"[3, 5, 107]","[0, -3, 1, 0, 0, 0, 0, 0]","[2, 3, 5, 7, 11, 13, 17, 19]"
539/9,59.88888889,539,9,"[3, 7, 11]","[0, -2, 0, 2, 1, 0, 0, 0]","[2, 3, 5, 7, 11, 13, 17, 19]"
539/27,19.96296296,539,27,"[3, 7, 11]","[0, -3, 0, 2, 1, 0, 0, 0]","[2, 3, 5, 7, 11, 13, 17, 19]"
541/27,20.03703704,541,27,"[3, 541]","[0, -3, 0, 0, 0, 0, 0, 0]","[2, 3, 5, 7, 11, 13, 17, 19]"
542/9,60.22222222,542,9,"[2, 3, 271]","[1, -2, 0, 0, 0, 0, 0, 0]","[2, 3, 5, 7, 11, 13, 17, 19]"
544/27,20.14814815,544,27,"[2, 3, 17]","[5, -3, 0, 0, 0, 0, 1, 0]","[2, 3, 5, 7, 11, 13, 17, 19]"
545/9,60.55555556,545,9,"[3, 5, 109]","[0, -2, 1, 0, 0, 0, 0, 0]","[2, 3, 5, 7, 11, 13, 17, 19]"
547/27,20.25925926,547,27,"[3, 547]","[0, -3, 0, 0, 0, 0, 0, 0]","[2, 3, 5, 7, 11, 13, 17, 19]"
548/9,60.88888889,548,9,"[2, 3, 137]","[2, -2, 0, 0, 0, 0, 0, 0]","[2, 3, 5, 7, 11, 13, 17, 19]"
550/9,61.11111111,550,9,"[2, 3, 5, 11]","[1, -2, 2, 0, 1, 0, 0, 0]","[2, 3, 5, 7, 11, 13, 17, 19]"
554/9,61.55555556,554,9,"[2, 3, 277]","[1, -2, 0, 0, 0, 0, 0, 0]","[2, 3, 5, 7, 11, 13, 17, 19]"
556/27,20.59259259,556,27,"[2, 3, 139]","[2, -3, 0, 0, 0, 0, 0, 0]","[2, 3, 5, 7, 11, 13, 17, 19]"
557/9,61.88888889,557,9,"[3, 557]","[0, -2, 0, 0, 0, 0, 0, 0]","[2, 3, 5, 7, 11, 13, 17, 19]"
559/9,62.11111111,559,9,"[3, 13, 43]","[0, -2, 0, 0, 0, 1, 0, 0]","[2, 3, 5, 7, 11, 13, 17, 19]"
562/27,20.81481481,562,27,"[2, 3, 281]","[1, -3, 0, 0, 0, 0, 0, 0]","[2, 3, 5, 7, 11, 13, 17, 19]"
563/9,62.55555556,563,9,"[3, 563]","[0, -2, 0, 0, 0, 0, 0, 0]","[2, 3, 5, 7, 11, 13, 17, 19]"
565/9,62.77777778,565,9,"[3, 5, 113]","[0, -2, 1, 0, 0, 0, 0, 0]","[2, 3, 5, 7, 11, 13, 17, 19]"
565/27,20.92592593,565,27,"[3, 5, 113]","[0, -3, 1, 0, 0, 0, 0, 0]","[2, 3, 5, 7, 11, 13, 17, 19]"
566/27,20.96296296,566,27,"[2, 3, 283]","[1, -3, 0, 0, 0, 0, 0, 0]","[2, 3, 5, 7, 11, 13, 17, 19]"
568/9,63.11111111,568,9,"[2, 3, 71]","[3, -2, 0, 0, 0, 0, 0, 0]","[2, 3, 5, 7, 11, 13, 17, 19]"
571/27,21.14814815,571,27,"[3, 571]","[0, -3, 0, 0, 0, 0, 0, 0]","[2, 3, 5, 7, 11, 13, 17, 19]"
572/9,63.55555556,572,9,"[2, 3, 11, 13]","[2, -2, 0, 0, 1, 1, 0, 0]","[2, 3, 5, 7, 11, 13, 17, 19]"
574/9,63.77777778,574,9,"[2, 3, 7, 41]","[1, -2, 0, 1, 0, 0, 0, 0]","[2, 3, 5, 7, 11, 13, 17, 19]"
574/27,21.25925926,574,27,"[2, 3, 7, 41]","[1, -3, 0, 1, 0, 0, 0, 0]","[2, 3, 5, 7, 11, 13, 17, 19]"
575/9,63.88888889,575,9,"[3, 5, 23]","[0, -2, 2, 0, 0, 0, 0, 0]","[2, 3, 5, 7, 11, 13, 17, 19]"
577/9,64.11111111,577,9,"[3, 577]","[0, -2, 0, 0, 0, 0, 0, 0]","[2, 3, 5, 7, 11, 13, 17, 19]"
580/9,64.44444444,580,9,"[2, 3, 5, 29]","[2, -2, 1, 0, 0, 0, 0, 0]","[2, 3, 5, 7, 11, 13, 17, 19]"
583/9,64.77777778,583,9,"[3, 11, 53]","[0, -2, 0, 0, 1, 0, 0, 0]","[2, 3, 5, 7, 11, 13, 17, 19]"
584/9,64.88888889,584,9,"[2, 3, 73]","[3, -2, 0, 0, 0, 0, 0, 0]","[2, 3, 5, 7, 11, 13, 17, 19]"
589/9,65.44444444,589,9,"[3, 19, 31]","[0, -2, 0, 0, 0, 0, 0, 1]","[2, 3, 5, 7, 11, 13, 17, 19]"
589/27,21.81481481,589,27,"[3, 19, 31]","[0, -3, 0, 0, 0, 0, 0, 1]","[2, 3, 5, 7, 11, 13, 17, 19]"
590/9,65.55555556,590,9,"[2, 3, 5, 59]","[1, -2, 1, 0, 0, 0, 0, 0]","[2, 3, 5, 7, 11, 13, 17, 19]"
592/9,65.77777778,592,9,"[2, 3, 37]","[4, -2, 0, 0, 0, 0, 0, 0]","[2, 3, 5, 7, 11, 13, 17, 19]"
592/27,21.92592593,592,27,"[2, 3, 37]","[4, -3, 0, 0, 0, 0, 0, 0]","[2, 3, 5, 7, 11, 13, 17, 19]"
593/9,65.88888889,593,9,"[3, 593]","[0, -2, 0, 0, 0, 0, 0, 0]","[2, 3, 5, 7, 11, 13, 17, 19]"
595/9,66.11111111,595,9,"[3, 5, 7, 17]","[0, -2, 1, 1, 0, 0, 1, 0]","[2, 3, 5, 7, 11, 13, 17, 19]"
598/9,66.44444444,598,9,"[2, 3, 13, 23]","[1, -2, 0, 0, 0, 1, 0, 0]","[2, 3, 5, 7, 11, 13, 17, 19]"
599/9,66.55555556,599,9,"[3, 599]","[0, -2, 0, 0, 0, 0, 0, 0]","[2, 3, 5, 7, 11, 13, 17, 19]"
601/27,22.25925926,601,27,"[3, 601]","[0, -3, 0, 0, 0, 0, 0, 0]","[2, 3, 5, 7, 11, 13, 17, 19]"
602/9,66.88888889,602,9,"[2, 3, 7, 43]","[1, -2, 0, 1, 0, 0, 0, 0]","[2, 3, 5, 7, 11, 13, 17, 19]"
604/9,67.11111111,604,9,"[2, 3, 151]","[2, -2, 0, 0, 0, 0, 0, 0]","[2, 3, 5, 7, 11, 13, 17, 19]"
605/9,67.22222222,605,9,"[3, 5, 11]","[0, -2, 1, 0, 2, 0, 0, 0]","[2, 3, 5, 7, 11, 13, 17, 19]"
607/9,67.44444444,607,9,"[3, 607]","[0, -2, 0, 0, 0, 0, 0, 0]","[2, 3, 5, 7, 11, 13, 17, 19]"
608/9,67.55555556,608,9,"[2, 3, 19]","[5, -2, 0, 0, 0, 0, 0, 1]","[2, 3, 5, 7, 11, 13, 17, 19]"
610/27,22.59259259,610,27,"[2, 3, 5, 61]","[1, -3, 1, 0, 0, 0, 0, 0]","[2, 3, 5, 7, 11, 13, 17, 19]"
613/9,68.11111111,613,9,"[3, 613]","[0, -2, 0, 0, 0, 0, 0, 0]","[2, 3, 5, 7, 11, 13, 17, 19]"
614/9,68.22222222,614,9,"[2, 3, 307]","[1, -2, 0, 0, 0, 0, 0, 0]","[2, 3, 5, 7, 11, 13, 17, 19]"
616/27,22.81481481,616,27,"[2, 3, 7, 11]","[3, -3, 0, 1, 1, 0, 0, 0]","[2, 3, 5, 7, 11, 13, 17, 19]"
617/9,68.55555556,617,9,"[3, 617]","[0, -2, 0, 0, 0, 0, 0, 0]","[2, 3, 5, 7, 11, 13, 17, 19]"
619/27,22.92592593,619,27,"[3, 619]","[0, -3, 0, 0, 0, 0, 0, 0]","[2, 3, 5, 7, 11, 13, 17, 19]"
620/9,68.88888889,620,9,"[2, 3, 5, 31]","[2, -2, 1, 0, 0, 0, 0, 0]","[2, 3, 5, 7, 11, 13, 17, 19]"
622/9,69.11111111,622,9,"[2, 3, 311]","[1, -2, 0, 0, 0, 0, 0, 0]","[2, 3, 5, 7, 11, 13, 17, 19]"
623/9,69.22222222,623,9,"[3, 7, 89]","[0, -2, 0, 1, 0, 0, 0, 0]","[2, 3, 5, 7, 11, 13, 17, 19]"
625/27,23.14814815,625,27,"[3, 5]","[0, -3, 4, 0, 0, 0, 0, 0]","[2, 3, 5, 7, 11, 13, 17, 19]"
625/81,7.71604938,625,81,"[3, 5]","[0, -4, 4, 0, 0, 0, 0, 0]","[2, 3, 5, 7, 11, 13, 17, 19]"
629/9,69.88888889,629,9,"[3, 17, 37]","[0, -2, 0, 0, 0, 0, 1, 0]","[2, 3, 5, 7, 11, 13, 17, 19]"
632/9,70.22222222,632,9,"[2, 3, 79]","[3, -2, 0, 0, 0, 0, 0, 0]","[2, 3, 5, 7, 11, 13, 17, 19]"
637/27,23.59259259,637,27,"[3, 7, 13]","[0, -3, 0, 2, 0, 1, 0, 0]","[2, 3, 5, 7, 11, 13, 17, 19]"
638/9,70.88888889,638,9,"[2, 3, 11, 29]","[1, -2, 0, 0, 1, 0, 0, 0]","[2, 3, 5, 7, 11, 13, 17, 19]"
646/27,23.92592593,646,27,"[2, 3, 17, 19]","[1, -3, 0, 0, 0, 0, 1, 1]","[2, 3, 5, 7, 11, 13, 17, 19]"
647/9,71.88888889,647,9,"[3, 647]","[0, -2, 0, 0, 0, 0, 0, 0]","[2, 3, 5, 7, 11, 13, 17, 19]"
652/27,24.14814815,652,27,"[2, 3, 163]","[2, -3, 0, 0, 0, 0, 0, 0]","[2, 3, 5, 7, 11, 13, 17, 19]"
664/27,24.59259259,664,27,"[2, 3, 83]","[3, -3, 0, 0, 0, 0, 0, 0]","[2, 3, 5, 7, 11, 13, 17, 19]"
670/27,24.81481481,670,27,"[2, 3, 5, 67]","[1, -3, 1, 0, 0, 0, 0, 0]","[2, 3, 5, 7, 11, 13, 17, 19]"
679/27,25.14814815,679,27,"[3, 7, 97]","[0, -3, 0, 1, 0, 0, 0, 0]","[2, 3, 5, 7, 11, 13, 17, 19]"
691/27,25.59259259,691,27,"[3, 691]","[0, -3, 0, 0, 0, 0, 0, 0]","[2, 3, 5, 7, 11, 13, 17, 19]"
697/27,25.81481481,697,27,"[3, 17, 41]","[0, -3, 0, 0, 0, 0, 1, 0]","[2, 3, 5, 7, 11, 13, 17, 19]"
700/27,25.92592593,700,27,"[2, 3, 5, 7]","[2, -3, 2, 1, 0, 0, 0, 0]","[2, 3, 5, 7, 11, 13, 17, 19]"
706/27,26.14814815,706,27,"[2, 3, 353]","[1, -3, 0, 0, 0, 0, 0, 0]","[2, 3, 5, 7, 11, 13, 17, 19]"
706/81,8.71604938,706,81,"[2, 3, 353]","[1, -4, 0, 0, 0, 0, 0, 0]","[2, 3, 5, 7, 11, 13, 17, 19]"
715/27,26.48148148,715,27,"[3, 5, 11, 13]","[0, -3, 1, 0, 1, 1, 0, 0]","[2, 3, 5, 7, 11, 13, 17, 19]"
724/27,26.81481481,724,27,"[2, 3, 181]","[2, -3, 0, 0, 0, 0, 0, 0]","[2, 3, 5, 7, 11, 13, 17, 19]"
727/27,26.92592593,727,27,"[3, 727]","[0, -3, 0, 0, 0, 0, 0, 0]","[2, 3, 5, 7, 11, 13, 17, 19]"
742/27,27.48148148,742,27,"[2, 3, 7, 53]","[1, -3, 0, 1, 0, 0, 0, 0]","[2, 3, 5, 7, 11, 13, 17, 19]"
745/27,27.59259259,745,27,"[3, 5, 149]","[0, -3, 1, 0, 0, 0, 0, 0]","[2, 3, 5, 7, 11, 13, 17, 19]"
751/27,27.81481481,751,27,"[3, 751]","[0, -3, 0, 0, 0, 0, 0, 0]","[2, 3, 5, 7, 11, 13, 17, 19]"
754/27,27.92592593,754,27,"[2, 3, 13, 29]","[1, -3, 0, 0, 0, 1, 0, 0]","[2, 3, 5, 7, 11, 13, 17, 19]"
760/27,28.14814815,760,27,"[2, 3, 5, 19]","[3, -3, 1, 0, 0, 0, 0, 1]","[2, 3, 5, 7, 11, 13, 17, 19]"
760/81,9.38271605,760,81,"[2, 3, 5, 19]","[3, -4, 1, 0, 0, 0, 0, 1]","[2, 3, 5, 7, 11, 13, 17, 19]"
769/27,28.48148148,769,27,"[3, 769]","[0, -3, 0, 0, 0, 0, 0, 0]","[2, 3, 5, 7, 11, 13, 17, 19]"
772/27,28.59259259,772,27,"[2, 3, 193]","[2, -3, 0, 0, 0, 0, 0, 0]","[2, 3, 5, 7, 11, 13, 17, 19]"
775/27,28.70370370,775,27,"[3, 5, 31]","[0, -3, 2, 0, 0, 0, 0, 0]","[2, 3, 5, 7, 11, 13, 17, 19]"
781/27,28.92592593,781,27,"[3, 11, 71]","[0, -3, 0, 0, 1, 0, 0, 0]","[2, 3, 5, 7, 11, 13, 17, 19]"
787/27,29.14814815,787,27,"[3, 787]","[0, -3, 0, 0, 0, 0, 0, 0]","[2, 3, 5, 7, 11, 13, 17, 19]"
787/81,9.71604938,787,81,"[3, 787]","[0, -4, 0, 0, 0, 0, 0, 0]","[2, 3, 5, 7, 11, 13, 17, 19]"
790/27,29.25925926,790,27,"[2, 3, 5, 79]","[1, -3, 1, 0, 0, 0, 0, 0]","[2, 3, 5, 7, 11, 13, 17, 19]"
796/27,29.48148148,796,27,"[2, 3, 199]","[2, -3, 0, 0, 0, 0, 0, 0]","[2, 3, 5, 7, 11, 13, 17, 19]"
799/27,29.59259259,799,27,"[3, 17, 47]","[0, -3, 0, 0, 0, 0, 1, 0]","[2, 3, 5, 7, 11, 13, 17, 19]"
802/27,29.70370370,802,27,"[2, 3, 401]","[1, -3, 0, 0, 0, 0, 0, 0]","[2, 3, 5, 7, 11, 13, 17, 19]"
814/27,30.14814815,814,27,"[2, 3, 11, 37]","[1, -3, 0, 0, 1, 0, 0, 0]","[2, 3, 5, 7, 11, 13, 17, 19]"
817/27,30.25925926,817,27,"[3, 19, 43]","[0, -3, 0, 0, 0, 0, 0, 1]","[2, 3, 5, 7, 11, 13, 17, 19]"
820/27,30.37037037,820,27,"[2, 3, 5, 41]","[2, -3, 1, 0, 0, 0, 0, 0]","[2, 3, 5, 7, 11, 13, 17, 19]"
826/27,30.59259259,826,27,"[2, 3, 7, 59]","[1, -3, 0, 1, 0, 0, 0, 0]","[2, 3, 5, 7, 11, 13, 17, 19]"
829/27,30.70370370,829,27,"[3, 829]","[0, -3, 0, 0, 0, 0, 0, 0]","[2, 3, 5, 7, 11, 13, 17, 19]"
835/27,30.92592593,835,27,"[3, 5, 167]","[0, -3, 1, 0, 0, 0, 0, 0]","[2, 3, 5, 7, 11, 13, 17, 19]"
841/27,31.14814815,841,27,"[3, 29]","[0, -3, 0, 0, 0, 0, 0, 0]","[2, 3, 5, 7, 11, 13, 17, 19]"
841/81,10.38271605,841,81,"[3, 29]","[0, -4, 0, 0, 0, 0, 0, 0]","[2, 3, 5, 7, 11, 13, 17, 19]"
844/27,31.25925926,844,27,"[2, 3, 211]","[2, -3, 0, 0, 0, 0, 0, 0]","[2, 3, 5, 7, 11, 13, 17, 19]"
847/27,31.37037037,847,27,"[3, 7, 11]","[0, -3, 0, 1, 2, 0, 0, 0]","[2, 3, 5, 7, 11, 13, 17, 19]"
850/27,31.48148148,850,27,"[2, 3, 5, 17]","[1, -3, 2, 0, 0, 0, 1, 0]","[2, 3, 5, 7, 11, 13, 17, 19]"
850/81,10.49382716,850,81,"[2, 3, 5, 17]","[1, -4, 2, 0, 0, 0, 1, 0]","[2, 3, 5, 7, 11, 13, 17, 19]"
856/27,31.70370370,856,27,"[2, 3, 107]","[3, -3, 0, 0, 0, 0, 0, 0]","[2, 3, 5, 7, 11, 13, 17, 19]"
862/27,31.92592593,862,27,"[2, 3, 431]","[1, -3, 0, 0, 0, 0, 0, 0]","[2, 3, 5, 7, 11, 13, 17, 19]"
865/27,32.03703704,865,27,"[3, 5, 173]","[0, -3, 1, 0, 0, 0, 0, 0]","[2, 3, 5, 7, 11, 13, 17, 19]"
868/81,10.71604938,868,81,"[2, 3, 7, 31]","[2, -4, 0, 1, 0, 0, 0, 0]","[2, 3, 5, 7, 11, 13, 17, 19]"
871/27,32.25925926,871,27,"[3, 13, 67]","[0, -3, 0, 0, 0, 1, 0, 0]","[2, 3, 5, 7, 11, 13, 17, 19]"
874/27,32.37037037,874,27,"[2, 3, 19, 23]","[1, -3, 0, 0, 0, 0, 0, 1]","[2, 3, 5, 7, 11, 13, 17, 19]"
875/27,32.40740741,875,27,"[3, 5, 7]","[0, -3, 3, 1, 0, 0, 0, 0]","[2, 3, 5, 7, 11, 13, 17, 19]"
877/27,32.48148148,877,27,"[3, 877]","[0, -3, 0, 0, 0, 0, 0, 0]","[2, 3, 5, 7, 11, 13, 17, 19]"
889/27,32.92592593,889,27,"[3, 7, 127]","[0, -3, 0, 1, 0, 0, 0, 0]","[2, 3, 5, 7, 11, 13, 17, 19]"
892/27,33.03703704,892,27,"[2, 3, 223]","[2, -3, 0, 0, 0, 0, 0, 0]","[2, 3, 5, 7, 11, 13, 17, 19]"
895/27,33.14814815,895,27,"[3, 5, 179]","[0, -3, 1, 0, 0, 0, 0, 0]","[2, 3, 5, 7, 11, 13, 17, 19]"
895/81,11.04938272,895,81,"[3, 5, 179]","[0, -4, 1, 0, 0, 0, 0, 0]","[2, 3, 5, 7, 11, 13, 17, 19]"
901/27,33.37037037,901,27,"[3, 17, 53]","[0, -3, 0, 0, 0, 0, 1, 0]","[2, 3, 5, 7, 11, 13, 17, 19]"
902/27,33.40740741,902,27,"[2, 3, 11, 41]","[1, -3, 0, 0, 1, 0, 0, 0]","[2, 3, 5, 7, 11, 13, 17, 19]"
904/27,33.48148148,904,27,"[2, 3, 113]","[3, -3, 0, 0, 0, 0, 0, 0]","[2, 3, 5, 7, 11, 13, 17, 19]"
910/27,33.70370370,910,27,"[2, 3, 5, 7, 13]","[1, -3, 1, 1, 0, 1, 0, 0]","[2, 3, 5, 7, 11, 13, 17, 19]"
916/27,33.92592593,916,27,"[2, 3, 229]","[2, -3, 0, 0, 0, 0, 0, 0]","[2, 3, 5, 7, 11, 13, 17, 19]"
919/27,34.03703704,919,27,"[3, 919]","[0, -3, 0, 0, 0, 0, 0, 0]","[2, 3, 5, 7, 11, 13, 17, 19]"
920/27,34.07407407,920,27,"[2, 3, 5, 23]","[3, -3, 1, 0, 0, 0, 0, 0]","[2, 3, 5, 7, 11, 13, 17, 19]"
922/27,34.14814815,922,27,"[2, 3, 461]","[1, -3, 0, 0, 0, 0, 0, 0]","[2, 3, 5, 7, 11, 13, 17, 19]"
922/81,11.38271605,922,81,"[2, 3, 461]","[1, -4, 0, 0, 0, 0, 0, 0]","[2, 3, 5, 7, 11, 13, 17, 19]"
929/27,34.40740741,929,27,"[3, 929]","[0, -3, 0, 0, 0, 0, 0, 0]","[2, 3, 5, 7, 11, 13, 17, 19]"
931/27,34.48148148,931,27,"[3, 7, 19]","[0, -3, 0, 2, 0, 0, 0, 1]","[2, 3, 5, 7, 11, 13, 17, 19]"
931/81,11.49382716,931,81,"[3, 7, 19]","[0, -4, 0, 2, 0, 0, 0, 1]","[2, 3, 5, 7, 11, 13, 17, 19]"
937/27,34.70370370,937,27,"[3, 937]","[0, -3, 0, 0, 0, 0, 0, 0]","[2, 3, 5, 7, 11, 13, 17, 19]"
940/27,34.81481481,940,27,"[2, 3, 5, 47]","[2, -3, 1, 0, 0, 0, 0, 0]","[2, 3, 5, 7, 11, 13, 17, 19]"
946/27,35.03703704,946,27,"[2, 3, 11, 43]","[1, -3, 0, 0, 1, 0, 0, 0]","[2, 3, 5, 7, 11, 13, 17, 19]"
947/27,35.07407407,947,27,"[3, 947]","[0, -3, 0, 0, 0, 0, 0, 0]","[2, 3, 5, 7, 11, 13, 17, 19]"
949/27,35.14814815,949,27,"[3, 13, 73]","[0, -3, 0, 0, 0, 1, 0, 0]","[2, 3, 5, 7, 11, 13, 17, 19]"
950/27,35.18518519,950,27,"[2, 3, 5, 19]","[1, -3, 2, 0, 0, 0, 0, 1]","[2, 3, 5, 7, 11, 13, 17, 19]"
956/27,35.40740741,956,27,"[2, 3, 239]","[2, -3, 0, 0, 0, 0, 0, 0]","[2, 3, 5, 7, 11, 13, 17, 19]"
964/27,35.70370370,964,27,"[2, 3, 241]","[2, -3, 0, 0, 0, 0, 0, 0]","[2, 3, 5, 7, 11, 13, 17, 19]"
965/27,35.74074074,965,27,"[3, 5, 193]","[0, -3, 1, 0, 0, 0, 0, 0]","[2, 3, 5, 7, 11, 13, 17, 19]"
967/27,35.81481481,967,27,"[3, 967]","[0, -3, 0, 0, 0, 0, 0, 0]","[2, 3, 5, 7, 11, 13, 17, 19]"
974/27,36.07407407,974,27,"[2, 3, 487]","[1, -3, 0, 0, 0, 0, 0, 0]","[2, 3, 5, 7, 11, 13, 17, 19]"
976/27,36.14814815,976,27,"[2, 3, 61]","[4, -3, 0, 0, 0, 0, 0, 0]","[2, 3, 5, 7, 11, 13, 17, 19]"
976/81,12.04938272,976,81,"[2, 3, 61]","[4, -4, 0, 0, 0, 0, 0, 0]","[2, 3, 5, 7, 11, 13, 17, 19]"
977/27,36.18518519,977,27,"[3, 977]","[0, -3, 0, 0, 0, 0, 0, 0]","[2, 3, 5, 7, 11, 13, 17, 19]"
985/27,36.48148148,985,27,"[3, 5, 197]","[0, -3, 1, 0, 0, 0, 0, 0]","[2, 3, 5, 7, 11, 13, 17, 19]"
985/81,12.16049383,985,81,"[3, 5, 197]","[0, -4, 1, 0, 0, 0, 0, 0]","[2, 3, 5, 7, 11, 13, 17, 19]"
991/27,36.70370370,991,27,"[3, 991]","[0, -3, 0, 0, 0, 0, 0, 0]","[2, 3, 5, 7, 11, 13, 17, 19]"
992/27,36.74074074,992,27,"[2, 3, 31]","[5, -3, 0, 0, 0, 0, 0, 0]","[2, 3, 5, 7, 11, 13, 17, 19]"
994/27,36.81481481,994,27,"[2, 3, 7, 71]","[1, -3, 0, 1, 0, 0, 0, 0]","[2, 3, 5, 7, 11, 13, 17, 19]"
995/27,36.85185185,995,27,"[3, 5, 199]","[0, -3, 1, 0, 0, 0, 0, 0]","[2, 3, 5, 7, 11, 13, 17, 19]"
1000/27,37.03703704,1000,27,"[2, 3, 5]","[3, -3, 3, 0, 0, 0, 0, 0]","[2, 3, 5, 7, 11, 13, 17, 19]"
1000/81,12.34567901,1000,81,"[2, 3, 5]","[3, -4, 3, 0, 0, 0, 0, 0]","[2, 3, 5, 7, 11, 13, 17, 19]"
1001/27,37.07407407,1001,27,"[3, 7, 11, 13]","[0, -3, 0, 1, 1, 1, 0, 0]","[2, 3, 5, 7, 11, 13, 17, 19]"
1003/81,12.38271605,1003,81,"[3, 17, 59]","[0, -4, 0, 0, 0, 0, 1, 0]","[2, 3, 5, 7, 11, 13, 17, 19]"
1004/27,37.18518519,1004,27,"[2, 3, 251]","[2, -3, 0, 0, 0, 0, 0, 0]","[2, 3, 5, 7, 11, 13, 17, 19]"
1010/27,37.40740741,1010,27,"[2, 3, 5, 101]","[1, -3, 1, 0, 0, 0, 0, 0]","[2, 3, 5, 7, 11, 13, 17, 19]"
1012/27,37.48148148,1012,27,"[2, 3, 11, 23]","[2, -3, 0, 0, 1, 0, 0, 0]","[2, 3, 5, 7, 11, 13, 17, 19]"
1012/81,12.49382716,1012,81,"[2, 3, 11, 23]","[2, -4, 0, 0, 1, 0, 0, 0]","[2, 3, 5, 7, 11, 13, 17, 19]"
1019/27,37.74074074,1019,27,"[3, 1019]","[0, -3, 0, 0, 0, 0, 0, 0]","[2, 3, 5, 7, 11, 13, 17, 19]"
1021/27,37.81481481,1021,27,"[3, 1021]","[0, -3, 0, 0, 0, 0, 0, 0]","[2, 3, 5, 7, 11, 13, 17, 19]"
1022/27,37.85185185,1022,27,"[2, 3, 7, 73]","[1, -3, 0, 1, 0, 0, 0, 0]","[2, 3, 5, 7, 11, 13, 17, 19]"
1025/27,37.96296296,1025,27,"[3, 5, 41]","[0, -3, 2, 0, 0, 0, 0, 0]","[2, 3, 5, 7, 11, 13, 17, 19]"
1027/27,38.03703704,1027,27,"[3, 13, 79]","[0, -3, 0, 0, 0, 1, 0, 0]","[2, 3, 5, 7, 11, 13, 17, 19]"
1030/81,12.71604938,1030,81,"[2, 3, 5, 103]","[1, -4, 1, 0, 0, 0, 0, 0]","[2, 3, 5, 7, 11, 13, 17, 19]"
1031/27,38.18518519,1031,27,"[3, 1031]","[0, -3, 0, 0, 0, 0, 0, 0]","[2, 3, 5, 7, 11, 13, 17, 19]"
1037/27,38.40740741,1037,27,"[3, 17, 61]","[0, -3, 0, 0, 0, 0, 1, 0]","[2, 3, 5, 7, 11, 13, 17, 19]"
1039/27,38.48148148,1039,27,"[3, 1039]","[0, -3, 0, 0, 0, 0, 0, 0]","[2, 3, 5, 7, 11, 13, 17, 19]"
1040/27,38.51851852,1040,27,"[2, 3, 5, 13]","[4, -3, 1, 0, 0, 1, 0, 0]","[2, 3, 5, 7, 11, 13, 17, 19]"
1045/27,38.70370370,1045,27,"[3, 5, 11, 19]","[0, -3, 1, 0, 1, 0, 0, 1]","[2, 3, 5, 7, 11, 13, 17, 19]"
1046/27,38.74074074,1046,27,"[2, 3, 523]","[1, -3, 0, 0, 0, 0, 0, 0]","[2, 3, 5, 7, 11, 13, 17, 19]"
1049/27,38.85185185,1049,27,"[3, 1049]","[0, -3, 0, 0, 0, 0, 0, 0]","[2, 3, 5, 7, 11, 13, 17, 19]"
1052/27,38.96296296,1052,27,"[2, 3, 263]","[2, -3, 0, 0, 0, 0, 0, 0]","[2, 3, 5, 7, 11, 13, 17, 19]"
1054/27,39.03703704,1054,27,"[2, 3, 17, 31]","[1, -3, 0, 0, 0, 0, 1, 0]","[2, 3, 5, 7, 11, 13, 17, 19]"
1057/81,13.04938272,1057,81,"[3, 7, 151]","[0, -4, 0, 1, 0, 0, 0, 0]","[2, 3, 5, 7, 11, 13, 17, 19]"
1064/27,39.40740741,1064,27,"[2, 3, 7, 19]","[3, -3, 0, 1, 0, 0, 0, 1]","[2, 3, 5, 7, 11, 13, 17, 19]"
1066/27,39.48148148,1066,27,"[2, 3, 13, 41]","[1, -3, 0, 0, 0, 1, 0, 0]","[2, 3, 5, 7, 11, 13, 17, 19]"
1066/81,13.16049383,1066,81,"[2, 3, 13, 41]","[1, -4, 0, 0, 0, 1, 0, 0]","[2, 3, 5, 7, 11, 13, 17, 19]"
1067/27,39.51851852,1067,27,"[3, 11, 97]","[0, -3, 0, 0, 1, 0, 0, 0]","[2, 3, 5, 7, 11, 13, 17, 19]"
1070/27,39.62962963,1070,27,"[2, 3, 5, 107]","[1, -3, 1, 0, 0, 0, 0, 0]","[2, 3, 5, 7, 11, 13, 17, 19]"
1072/27,39.70370370,1072,27,"[2, 3, 67]","[4, -3, 0, 0, 0, 0, 0, 0]","[2, 3, 5, 7, 11, 13, 17, 19]"
1075/27,39.81481481,1075,27,"[3, 5, 43]","[0, -3, 2, 0, 0, 0, 0, 0]","[2, 3, 5, 7, 11, 13, 17, 19]"
1075/81,13.27160494,1075,81,"[3, 5, 43]","[0, -4, 2, 0, 0, 0, 0, 0]","[2, 3, 5, 7, 11, 13, 17, 19]"
1076/27,39.85185185,1076,27,"[2, 3, 269]","[2, -3, 0, 0, 0, 0, 0, 0]","[2, 3, 5, 7, 11, 13, 17, 19]"
1079/27,39.96296296,1079,27,"[3, 13, 83]","[0, -3, 0, 0, 0, 1, 0, 0]","[2, 3, 5, 7, 11, 13, 17, 19]"
1081/27,40.03703704,1081,27,"[3, 23, 47]","[0, -3, 0, 0, 0, 0, 0, 0]","[2, 3, 5, 7, 11, 13, 17, 19]"
1081/81,13.34567901,1081,81,"[3, 23, 47]","[0, -4, 0, 0, 0, 0, 0, 0]","[2, 3, 5, 7, 11, 13, 17, 19]"
1085/27,40.18518519,1085,27,"[3, 5, 7, 31]","[0, -3, 1, 1, 0, 0, 0, 0]","[2, 3, 5, 7, 11, 13, 17, 19]"
1090/27,40.37037037,1090,27,"[2, 3, 5, 109]","[1, -3, 1, 0, 0, 0, 0, 0]","[2, 3, 5, 7, 11, 13, 17, 19]"
1091/27,40.40740741,1091,27,"[3, 1091]","[0, -3, 0, 0, 0, 0, 0, 0]","[2, 3, 5, 7, 11, 13, 17, 19]"
1093/81,13.49382716,1093,81,"[3, 1093]","[0, -4, 0, 0, 0, 0, 0, 0]","[2, 3, 5, 7, 11, 13, 17, 19]"
1094/27,40.51851852,1094,27,"[2, 3, 547]","[1, -3, 0, 0, 0, 0, 0, 0]","[2, 3, 5, 7, 11, 13, 17, 19]"
1097/27,40.62962963,1097,27,"[3, 1097]","[0, -3, 0, 0, 0, 0, 0, 0]","[2, 3, 5, 7, 11, 13, 17, 19]"
1099/27,40.70370370,1099,27,"[3, 7, 157]","[0, -3, 0, 1, 0, 0, 0, 0]","[2, 3, 5, 7, 11, 13, 17, 19]"
1100/27,40.74074074,1100,27,"[2, 3, 5, 11]","[2, -3, 2, 0, 1, 0, 0, 0]","[2, 3, 5, 7, 11, 13, 17, 19]"
1102/27,40.81481481,1102,27,"[2, 3, 19, 29]","[1, -3, 0, 0, 0, 0, 0, 1]","[2, 3, 5, 7, 11, 13, 17, 19]"
1106/27,40.96296296,1106,27,"[2, 3, 7, 79]","[1, -3, 0, 1, 0, 0, 0, 0]","[2, 3, 5, 7, 11, 13, 17, 19]"
1111/81,13.71604938,1111,81,"[3, 11, 101]","[0, -4, 0, 0, 1, 0, 0, 0]","[2, 3, 5, 7, 11, 13, 17, 19]"
1112/27,41.18518519,1112,27,"[2, 3, 139]","[3, -3, 0, 0, 0, 0, 0, 0]","[2, 3, 5, 7, 11, 13, 17, 19]"
1115/27,41.29629630,1115,27,"[3, 5, 223]","[0, -3, 1, 0, 0, 0, 0, 0]","[2, 3, 5, 7, 11, 13, 17, 19]"
1117/27,41.37037037,1117,27,"[3, 1117]","[0, -3, 0, 0, 0, 0, 0, 0]","[2, 3, 5, 7, 11, 13, 17, 19]"
1120/27,41.48148148,1120,27,"[2, 3, 5, 7]","[5, -3, 1, 1, 0, 0, 0, 0]","[2, 3, 5, 7, 11, 13, 17, 19]"
1120/81,13.82716049,1120,81,"[2, 3, 5, 7]","[5, -4, 1, 1, 0, 0, 0, 0]","[2, 3, 5, 7, 11, 13, 17, 19]"
1121/27,41.51851852,1121,27,"[3, 19, 59]","[0, -3, 0, 0, 0, 0, 0, 1]","[2, 3, 5, 7, 11, 13, 17, 19]"
1124/27,41.62962963,1124,27,"[2, 3, 281]","[2, -3, 0, 0, 0, 0, 0, 0]","[2, 3, 5, 7, 11, 13, 17, 19]"
1126/27,41.70370370,1126,27,"[2, 3, 563]","[1, -3, 0, 0, 0, 0, 0, 0]","[2, 3, 5, 7, 11, 13, 17, 19]"
1127/27,41.74074074,1127,27,"[3, 7, 23]","[0, -3, 0, 2, 0, 0, 0, 0]","[2, 3, 5, 7, 11, 13, 17, 19]"
1129/27,41.81481481,1129,27,"[3, 1129]","[0, -3, 0, 0, 0, 0, 0, 0]","[2, 3, 5, 7, 11, 13, 17, 19]"
1135/27,42.03703704,1135,27,"[3, 5, 227]","[0, -3, 1, 0, 0, 0, 0, 0]","[2, 3, 5, 7, 11, 13, 17, 19]"
1135/81,14.01234568,1135,81,"[3, 5, 227]","[0, -4, 1, 0, 0, 0, 0, 0]","[2, 3, 5, 7, 11, 13, 17, 19]"
1138/81,14.04938272,1138,81,"[2, 3, 569]","[1, -4, 0, 0, 0, 0, 0, 0]","[2, 3, 5, 7, 11, 13, 17, 19]"
1139/27,42.18518519,1139,27,"[3, 17, 67]","[0, -3, 0, 0, 0, 0, 1, 0]","[2, 3, 5, 7, 11, 13, 17, 19]"
1142/27,42.29629630,1142,27,"[2, 3, 571]","[1, -3, 0, 0, 0, 0, 0, 0]","[2, 3, 5, 7, 11, 13, 17, 19]"
1144/27,42.37037037,1144,27,"[2, 3, 11, 13]","[3, -3, 0, 0, 1, 1, 0, 0]","[2, 3, 5, 7, 11, 13, 17, 19]"
1145/27,42.40740741,1145,27,"[3, 5, 229]","[0, -3, 1, 0, 0, 0, 0, 0]","[2, 3, 5, 7, 11, 13, 17, 19]"
1147/27,42.48148148,1147,27,"[3, 31, 37]","[0, -3, 0, 0, 0, 0, 0, 0]","[2, 3, 5, 7, 11, 13, 17, 19]"
1147/81,14.16049383,1147,81,"[3, 31, 37]","[0, -4, 0, 0, 0, 0, 0, 0]","[2, 3, 5, 7, 11, 13, 17, 19]"
1150/27,42.59259259,1150,27,"[2, 3, 5, 23]","[1, -3, 2, 0, 0, 0, 0, 0]","[2, 3, 5, 7, 11, 13, 17, 19]"
1151/27,42.62962963,1151,27,"[3, 1151]","[0, -3, 0, 0, 0, 0, 0, 0]","[2, 3, 5, 7, 11, 13, 17, 19]"
1154/27,42.74074074,1154,27,"[2, 3, 577]","[1, -3, 0, 0, 0, 0, 0, 0]","[2, 3, 5, 7, 11, 13, 17, 19]"
1156/27,42.81481481,1156,27,"[2, 3, 17]","[2, -3, 0, 0, 0, 0, 2, 0]","[2, 3, 5, 7, 11, 13, 17, 19]"
1156/81,14.27160494,1156,81,"[2, 3, 17]","[2, -4, 0, 0, 0, 0, 2, 0]","[2, 3, 5, 7, 11, 13, 17, 19]"
1160/27,42.96296296,1160,27,"[2, 3, 5, 29]","[3, -3, 1, 0, 0, 0, 0, 0]","[2, 3, 5, 7, 11, 13, 17, 19]"
1162/27,43.03703704,1162,27,"[2, 3, 7, 83]","[1, -3, 0, 1, 0, 0, 0, 0]","[2, 3, 5, 7, 11, 13, 17, 19]"
1162/81,14.34567901,1162,81,"[2, 3, 7, 83]","[1, -4, 0, 1, 0, 0, 0, 0]","[2, 3, 5, 7, 11, 13, 17, 19]"
1165/27,43.14814815,1165,27,"[3, 5, 233]","[0, -3, 1, 0, 0, 0, 0, 0]","[2, 3, 5, 7, 11, 13, 17, 19]"
1166/27,43.18518519,1166,27,"[2, 3, 11, 53]","[1, -3, 0, 0, 1, 0, 0, 0]","[2, 3, 5, 7, 11, 13, 17, 19]"
1169/27,43.29629630,1169,27,"[3, 7, 167]","[0, -3, 0, 1, 0, 0, 0, 0]","[2, 3, 5, 7, 11, 13, 17, 19]"
1171/27,43.37037037,1171,27,"[3, 1171]","[0, -3, 0, 0, 0, 0, 0, 0]","[2, 3, 5, 7, 11, 13, 17, 19]"
1172/27,43.40740741,1172,27,"[2, 3, 293]","[2, -3, 0, 0, 0, 0, 0, 0]","[2, 3, 5, 7, 11, 13, 17, 19]"
1174/27,43.48148148,1174,27,"[2, 3, 587]","[1, -3, 0, 0, 0, 0, 0, 0]","[2, 3, 5, 7, 11, 13, 17, 19]"
1177/27,43.59259259,1177,27,"[3, 11, 107]","[0, -3, 0, 0, 1, 0, 0, 0]","[2, 3, 5, 7, 11, 13, 17, 19]"
1181/27,43.74074074,1181,27,"[3, 1181]","[0, -3, 0, 0, 0, 0, 0, 0]","[2, 3, 5, 7, 11, 13, 17, 19]"
1187/27,43.96296296,1187,27,"[3, 1187]","[0, -3, 0, 0, 0, 0, 0, 0]","[2, 3, 5, 7, 11, 13, 17, 19]"
1189/27,44.03703704,1189,27,"[3, 29, 41]","[0, -3, 0, 0, 0, 0, 0, 0]","[2, 3, 5, 7, 11, 13, 17, 19]"
1190/27,44.07407407,1190,27,"[2, 3, 5, 7, 17]","[1, -3, 1, 1, 0, 0, 1, 0]","[2, 3, 5, 7, 11, 13, 17, 19]"
1192/27,44.14814815,1192,27,"[2, 3, 149]","[3, -3, 0, 0, 0, 0, 0, 0]","[2, 3, 5, 7, 11, 13, 17, 19]"
1192/81,14.71604938,1192,81,"[2, 3, 149]","[3, -4, 0, 0, 0, 0, 0, 0]","[2, 3, 5, 7, 11, 13, 17, 19]"
1195/27,44.25925926,1195,27,"[3, 5, 239]","[0, -3, 1, 0, 0, 0, 0, 0]","[2, 3, 5, 7, 11, 13, 17, 19]"
1196/27,44.29629630,1196,27,"[2, 3, 13, 23]","[2, -3, 0, 0, 0, 1, 0, 0]","[2, 3, 5, 7, 11, 13, 17, 19]"
1199/27,44.40740741,1199,27,"[3, 11, 109]","[0, -3, 0, 0, 1, 0, 0, 0]","[2, 3, 5, 7, 11, 13, 17, 19]"
1201/27,44.48148148,1201,27,"[3, 1201]","[0, -3, 0, 0, 0, 0, 0, 0]","[2, 3, 5, 7, 11, 13, 17, 19]"
1201/81,14.82716049,1201,81,"[3, 1201]","[0, -4, 0, 0, 0, 0, 0, 0]","[2, 3, 5, 7, 11, 13, 17, 19]"
1204/27,44.59259259,1204,27,"[2, 3, 7, 43]","[2, -3, 0, 1, 0, 0, 0, 0]","[2, 3, 5, 7, 11, 13, 17, 19]"
1210/27,44.81481481,1210,27,"[2, 3, 5, 11]","[1, -3, 1, 0, 2, 0, 0, 0]","[2, 3, 5, 7, 11, 13, 17, 19]"
1210/81,14.93827160,1210,81,"[2, 3, 5, 11]","[1, -4, 1, 0, 2, 0, 0, 0]","[2, 3, 5, 7, 11, 13, 17, 19]"
1214/27,44.96296296,1214,27,"[2, 3, 607]","[1, -3, 0, 0, 0, 0, 0, 0]","[2, 3, 5, 7, 11, 13, 17, 19]"
1216/27,45.03703704,1216,27,"[2, 3, 19]","[6, -3, 0, 0, 0, 0, 0, 1]","[2, 3, 5, 7, 11, 13, 17, 19]"
1216/81,15.01234568,1216,81,"[2, 3, 19]","[6, -4, 0, 0, 0, 0, 0, 1]","[2, 3, 5, 7, 11, 13, 17, 19]"
1217/27,45.07407407,1217,27,"[3, 1217]","[0, -3, 0, 0, 0, 0, 0, 0]","[2, 3, 5, 7, 11, 13, 17, 19]"
1219/27,45.14814815,1219,27,"[3, 23, 53]","[0, -3, 0, 0, 0, 0, 0, 0]","[2, 3, 5, 7, 11, 13, 17, 19]"
1222/27,45.25925926,1222,27,"[2, 3, 13, 47]","[1, -3, 0, 0, 0, 1, 0, 0]","[2, 3, 5, 7, 11, 13, 17, 19]"
1225/27,45.37037037,1225,27,"[3, 5, 7]","[0, -3, 2, 2, 0, 0, 0, 0]","[2, 3, 5, 7, 11, 13, 17, 19]"
1225/81,15.12345679,1225,81,"[3, 5, 7]","[0, -4, 2, 2, 0, 0, 0, 0]","[2, 3, 5, 7, 11, 13, 17, 19]"
1226/27,45.40740741,1226,27,"[2, 3, 613]","[1, -3, 0, 0, 0, 0, 0, 0]","[2, 3, 5, 7, 11, 13, 17, 19]"
1228/81,15.16049383,1228,81,"[2, 3, 307]","[2, -4, 0, 0, 0, 0, 0, 0]","[2, 3, 5, 7, 11, 13, 17, 19]"
1231/27,45.59259259,1231,27,"[3, 1231]","[0, -3, 0, 0, 0, 0, 0, 0]","[2, 3, 5, 7, 11, 13, 17, 19]"
1235/27,45.74074074,1235,27,"[3, 5, 13, 19]","[0, -3, 1, 0, 0, 1, 0, 1]","[2, 3, 5, 7, 11, 13, 17, 19]"
1237/27,45.81481481,1237,27,"[3, 1237]","[0, -3, 0, 0, 0, 0, 0, 0]","[2, 3, 5, 7, 11, 13, 17, 19]"
1237/81,15.27160494,1237,81,"[3, 1237]","[0, -4, 0, 0, 0, 0, 0, 0]","[2, 3, 5, 7, 11, 13, 17, 19]"
1240/27,45.92592593,1240,27,"[2, 3, 5, 31]","[3, -3, 1, 0, 0, 0, 0, 0]","[2, 3, 5, 7, 11, 13, 17, 19]"
1241/27,45.96296296,1241,27,"[3, 17, 73]","[0, -3, 0, 0, 0, 0, 1, 0]","[2, 3, 5, 7, 11, 13, 17, 19]"
1243/81,15.34567901,1243,81,"[3, 11, 113]","[0, -4, 0, 0, 1, 0, 0, 0]","[2, 3, 5, 7, 11, 13, 17, 19]"
1244/27,46.07407407,1244,27,"[2, 3, 311]","[2, -3, 0, 0, 0, 0, 0, 0]","[2, 3, 5, 7, 11, 13, 17, 19]"
1246/27,46.14814815,1246,27,"[2, 3, 7, 89]","[1, -3, 0, 1, 0, 0, 0, 0]","[2, 3, 5, 7, 11, 13, 17, 19]"
1249/27,46.25925926,1249,27,"[3, 1249]","[0, -3, 0, 0, 0, 0, 0, 0]","[2, 3, 5, 7, 11, 13, 17, 19]"
1250/27,46.29629630,1250,27,"[2, 3, 5]","[1, -3, 4, 0, 0, 0, 0, 0]","[2, 3, 5, 7, 11, 13, 17, 19]"
1250/81,15.43209877,1250,81,"[2, 3, 5]","[1, -4, 4, 0, 0, 0, 0, 0]","[2, 3, 5, 7, 11, 13, 17, 19]"
1252/27,46.37037037,1252,27,"[2, 3, 313]","[2, -3, 0, 0, 0, 0, 0, 0]","[2, 3, 5, 7, 11, 13, 17, 19]"
1255/81,15.49382716,1255,81,"[3, 5, 251]","[0, -4, 1, 0, 0, 0, 0, 0]","[2, 3, 5, 7, 11, 13, 17, 19]"
1262/27,46.74074074,1262,27,"[2, 3, 631]","[1, -3, 0, 0, 0, 0, 0, 0]","[2, 3, 5, 7, 11, 13, 17, 19]"
1264/27,46.81481481,1264,27,"[2, 3, 79]","[4, -3, 0, 0, 0, 0, 0, 0]","[2, 3, 5, 7, 11, 13, 17, 19]"
1267/27,46.92592593,1267,27,"[3, 7, 181]","[0, -3, 0, 1, 0, 0, 0, 0]","[2, 3, 5, 7, 11, 13, 17, 19]"
1270/27,47.03703704,1270,27,"[2, 3, 5, 127]","[1, -3, 1, 0, 0, 0, 0, 0]","[2, 3, 5, 7, 11, 13, 17, 19]"
1270/81,15.67901235,1270,81,"[2, 3, 5, 127]","[1, -4, 1, 0, 0, 0, 0, 0]","[2, 3, 5, 7, 11, 13, 17, 19]"
1271/27,47.07407407,1271,27,"[3, 31, 41]","[0, -3, 0, 0, 0, 0, 0, 0]","[2, 3, 5, 7, 11, 13, 17, 19]"
1273/81,15.71604938,1273,81,"[3, 19, 67]","[0, -4, 0, 0, 0, 0, 0, 1]","[2, 3, 5, 7, 11, 13, 17, 19]"
1276/27,47.25925926,1276,27,"[2, 3, 11, 29]","[2, -3, 0, 0, 1, 0, 0, 0]","[2, 3, 5, 7, 11, 13, 17, 19]"
1277/27,47.29629630,1277,27,"[3, 1277]","[0, -3, 0, 0, 0, 0, 0, 0]","[2, 3, 5, 7, 11, 13, 17, 19]"
1279/27,47.37037037,1279,27,"[3, 1279]","[0, -3, 0, 0, 0, 0, 0, 0]","[2, 3, 5, 7, 11, 13, 17, 19]"
1282/81,15.82716049,1282,81,"[2, 3, 641]","[1, -4, 0, 0, 0, 0, 0, 0]","[2, 3, 5, 7, 11, 13, 17, 19]"
1285/27,47.59259259,1285,27,"[3, 5, 257]","[0, -3, 1, 0, 0, 0, 0, 0]","[2, 3, 5, 7, 11, 13, 17, 19]"
1289/27,47.74074074,1289,27,"[3, 1289]","[0, -3, 0, 0, 0, 0, 0, 0]","[2, 3, 5, 7, 11, 13, 17, 19]"
1291/27,47.81481481,1291,27,"[3, 1291]","[0, -3, 0, 0, 0, 0, 0, 0]","[2, 3, 5, 7, 11, 13, 17, 19]"
1291/81,15.93827160,1291,81,"[3, 1291]","[0, -4, 0, 0, 0, 0, 0, 0]","[2, 3, 5, 7, 11, 13, 17, 19]"
1294/27,47.92592593,1294,27,"[2, 3, 647]","[1, -3, 0, 0, 0, 0, 0, 0]","[2, 3, 5, 7, 11, 13, 17, 19]"
1295/27,47.96296296,1295,27,"[3, 5, 7, 37]","[0, -3, 1, 1, 0, 0, 0, 0]","[2, 3, 5, 7, 11, 13, 17, 19]"
1297/27,48.03703704,1297,27,"[3, 1297]","[0, -3, 0, 0, 0, 0, 0, 0]","[2, 3, 5, 7, 11, 13, 17, 19]"
1297/81,16.01234568,1297,81,"[3, 1297]","[0, -4, 0, 0, 0, 0, 0, 0]","[2, 3, 5, 7, 11, 13, 17, 19]"
1300/81,16.04938272,1300,81,"[2, 3, 5, 13]","[2, -4, 2, 0, 0, 1, 0, 0]","[2, 3, 5, 7, 11, 13, 17, 19]"
1304/27,48.29629630,1304,27,"[2, 3, 163]","[3, -3, 0, 0, 0, 0, 0, 0]","[2, 3, 5, 7, 11, 13, 17, 19]"
1306/27,48.37037037,1306,27,"[2, 3, 653]","[1, -3, 0, 0, 0, 0, 0, 0]","[2, 3, 5, 7, 11, 13, 17, 19]"
1306/81,16.12345679,1306,81,"[2, 3, 653]","[1, -4, 0, 0, 0, 0, 0, 0]","[2, 3, 5, 7, 11, 13, 17, 19]"
1312/27,48.59259259,1312,27,"[2, 3, 41]","[5, -3, 0, 0, 0, 0, 0, 0]","[2, 3, 5, 7, 11, 13, 17, 19]"
1315/27,48.70370370,1315,27,"[3, 5, 263]","[0, -3, 1, 0, 0, 0, 0, 0]","[2, 3, 5, 7, 11, 13, 17, 19]"
1316/27,48.74074074,1316,27,"[2, 3, 7, 47]","[2, -3, 0, 1, 0, 0, 0, 0]","[2, 3, 5, 7, 11, 13, 17, 19]"
1318/81,16.27160494,1318,81,"[2, 3, 659]","[1, -4, 0, 0, 0, 0, 0, 0]","[2, 3, 5, 7, 11, 13, 17, 19]"
1321/27,48.92592593,1321,27,"[3, 1321]","[0, -3, 0, 0, 0, 0, 0, 0]","[2, 3, 5, 7, 11, 13, 17, 19]"
1322/27,48.96296296,1322,27,"[2, 3, 661]","[1, -3, 0, 0, 0, 0, 0, 0]","[2, 3, 5, 7, 11, 13, 17, 19]"
1324/27,49.03703704,1324,27,"[2, 3, 331]","[2, -3, 0, 0, 0, 0, 0, 0]","[2, 3, 5, 7, 11, 13, 17, 19]"
1325/27,49.07407407,1325,27,"[3, 5, 53]","[0, -3, 2, 0, 0, 0, 0, 0]","[2, 3, 5, 7, 11, 13, 17, 19]"
1331/27,49.29629630,1331,27,"[3, 11]","[0, -3, 0, 0, 3, 0, 0, 0]","[2, 3, 5, 7, 11, 13, 17, 19]"
1331/81,16.43209877,1331,81,"[3, 11]","[0, -4, 0, 0, 3, 0, 0, 0]","[2, 3, 5, 7, 11, 13, 17, 19]"
1336/81,16.49382716,1336,81,"[2, 3, 167]","[3, -4, 0, 0, 0, 0, 0, 0]","[2, 3, 5, 7, 11, 13, 17, 19]"
1339/27,49.59259259,1339,27,"[3, 13, 103]","[0, -3, 0, 0, 0, 1, 0, 0]","[2, 3, 5, 7, 11, 13, 17, 19]"
1340/27,49.62962963,1340,27,"[2, 3, 5, 67]","[2, -3, 1, 0, 0, 0, 0, 0]","[2, 3, 5, 7, 11, 13, 17, 19]"
1342/27,49.70370370,1342,27,"[2, 3, 11, 61]","[1, -3, 0, 0, 1, 0, 0, 0]","[2, 3, 5, 7, 11, 13, 17, 19]"
1345/81,16.60493827,1345,81,"[3, 5, 269]","[0, -4, 1, 0, 0, 0, 0, 0]","[2, 3, 5, 7, 11, 13, 17, 19]"
1349/27,49.96296296,1349,27,"[3, 19, 71]","[0, -3, 0, 0, 0, 0, 0, 1]","[2, 3, 5, 7, 11, 13, 17, 19]"
1351/27,50.03703704,1351,27,"[3, 7, 193]","[0, -3, 0, 1, 0, 0, 0, 0]","[2, 3, 5, 7, 11, 13, 17, 19]"
1351/81,16.67901235,1351,81,"[3, 7, 193]","[0, -4, 0, 1, 0, 0, 0, 0]","[2, 3, 5, 7, 11, 13, 17, 19]"
1352/27,50.07407407,1352,27,"[2, 3, 13]","[3, -3, 0, 0, 0, 2, 0, 0]","[2, 3, 5, 7, 11, 13, 17, 19]"
1360/27,50.37037037,1360,27,"[2, 3, 5, 17]","[4, -3, 1, 0, 0, 0, 1, 0]","[2, 3, 5, 7, 11, 13, 17, 19]"
1360/81,16.79012346,1360,81,"[2, 3, 5, 17]","[4, -4, 1, 0, 0, 0, 1, 0]","[2, 3, 5, 7, 11, 13, 17, 19]"
1363/81,16.82716049,1363,81,"[3, 29, 47]","[0, -4, 0, 0, 0, 0, 0, 0]","[2, 3, 5, 7, 11, 13, 17, 19]"
1366/27,50.59259259,1366,27,"[2, 3, 683]","[1, -3, 0, 0, 0, 0, 0, 0]","[2, 3, 5, 7, 11, 13, 17, 19]"
1367/27,50.62962963,1367,27,"[3, 1367]","[0, -3, 0, 0, 0, 0, 0, 0]","[2, 3, 5, 7, 11, 13, 17, 19]"
1369/27,50.70370370,1369,27,"[3, 37]","[0, -3, 0, 0, 0, 0, 0, 0]","[2, 3, 5, 7, 11, 13, 17, 19]"
1370/27,50.74074074,1370,27,"[2, 3, 5, 137]","[1, -3, 1, 0, 0, 0, 0, 0]","[2, 3, 5, 7, 11, 13, 17, 19]"
1372/81,16.93827160,1372,81,"[2, 3, 7]","[2, -4, 0, 3, 0, 0, 0, 0]","[2, 3, 5, 7, 11, 13, 17, 19]"
1375/27,50.92592593,1375,27,"[3, 5, 11]","[0, -3, 3, 0, 1, 0, 0, 0]","[2, 3, 5, 7, 11, 13, 17, 19]"
1375/81,16.97530864,1375,81,"[3, 5, 11]","[0, -4, 3, 0, 1, 0, 0, 0]","[2, 3, 5, 7, 11, 13, 17, 19]"
1376/27,50.96296296,1376,27,"[2, 3, 43]","[5, -3, 0, 0, 0, 0, 0, 0]","[2, 3, 5, 7, 11, 13, 17, 19]"
1378/81,17.01234568,1378,81,"[2, 3, 13, 53]","[1, -4, 0, 0, 0, 1, 0, 0]","[2, 3, 5, 7, 11, 13, 17, 19]"
1379/27,51.07407407,1379,27,"[3, 7, 197]","[0, -3, 0, 1, 0, 0, 0, 0]","[2, 3, 5, 7, 11, 13, 17, 19]"
1381/81,17.04938272,1381,81,"[3, 1381]","[0, -4, 0, 0, 0, 0, 0, 0]","[2, 3, 5, 7, 11, 13, 17, 19]"
1385/27,51.29629630,1385,27,"[3, 5, 277]","[0, -3, 1, 0, 0, 0, 0, 0]","[2, 3, 5, 7, 11, 13, 17, 19]"
1385/81,17.09876543,1385,81,"[3, 5, 277]","[0, -4, 1, 0, 0, 0, 0, 0]","[2, 3, 5, 7, 11, 13, 17, 19]"
1387/27,51.37037037,1387,27,"[3, 19, 73]","[0, -3, 0, 0, 0, 0, 0, 1]","[2, 3, 5, 7, 11, 13, 17, 19]"
1387/81,17.12345679,1387,81,"[3, 19, 73]","[0, -4, 0, 0, 0, 0, 0, 1]","[2, 3, 5, 7, 11, 13, 17, 19]"
1394/27,51.62962963,1394,27,"[2, 3, 17, 41]","[1, -3, 0, 0, 0, 0, 1, 0]","[2, 3, 5, 7, 11, 13, 17, 19]"
1396/27,51.70370370,1396,27,"[2, 3, 349]","[2, -3, 0, 0, 0, 0, 0, 0]","[2, 3, 5, 7, 11, 13, 17, 19]"
1397/27,51.74074074,1397,27,"[3, 11, 127]","[0, -3, 0, 0, 1, 0, 0, 0]","[2, 3, 5, 7, 11, 13, 17, 19]"
1400/27,51.85185185,1400,27,"[2, 3, 5, 7]","[3, -3, 2, 1, 0, 0, 0, 0]","[2, 3, 5, 7, 11, 13, 17, 19]"
1402/27,51.92592593,1402,27,"[2, 3, 701]","[1, -3, 0, 0, 0, 0, 0, 0]","[2, 3, 5, 7, 11, 13, 17, 19]"
1405/81,17.34567901,1405,81,"[3, 5, 281]","[0, -4, 1, 0, 0, 0, 0, 0]","[2, 3, 5, 7, 11, 13, 17, 19]"
1406/27,52.07407407,1406,27,"[2, 3, 19, 37]","[1, -3, 0, 0, 0, 0, 0, 1]","[2, 3, 5, 7, 11, 13, 17, 19]"
1412/27,52.29629630,1412,27,"[2, 3, 353]","[2, -3, 0, 0, 0, 0, 0, 0]","[2, 3, 5, 7, 11, 13, 17, 19]"
1412/81,17.43209877,1412,81,"[2, 3, 353]","[2, -4, 0, 0, 0, 0, 0, 0]","[2, 3, 5, 7, 11, 13, 17, 19]"
1414/27,52.37037037,1414,27,"[2, 3, 7, 101]","[1, -3, 0, 1, 0, 0, 0, 0]","[2, 3, 5, 7, 11, 13, 17, 19]"
1415/27,52.40740741,1415,27,"[3, 5, 283]","[0, -3, 1, 0, 0, 0, 0, 0]","[2, 3, 5, 7, 11, 13, 17, 19]"
1417/81,17.49382716,1417,81,"[3, 13, 109]","[0, -4, 0, 0, 0, 1, 0, 0]","[2, 3, 5, 7, 11, 13, 17, 19]"
1420/27,52.59259259,1420,27,"[2, 3, 5, 71]","[2, -3, 1, 0, 0, 0, 0, 0]","[2, 3, 5, 7, 11, 13, 17, 19]"
1421/27,52.62962963,1421,27,"[3, 7, 29]","[0, -3, 0, 2, 0, 0, 0, 0]","[2, 3, 5, 7, 11, 13, 17, 19]"
1424/27,52.74074074,1424,27,"[2, 3, 89]","[4, -3, 0, 0, 0, 0, 0, 0]","[2, 3, 5, 7, 11, 13, 17, 19]"
1426/81,17.60493827,1426,81,"[2, 3, 23, 31]","[1, -4, 0, 0, 0, 0, 0, 0]","[2, 3, 5, 7, 11, 13, 17, 19]"
1427/27,52.85185185,1427,27,"[3, 1427]","[0, -3, 0, 0, 0, 0, 0, 0]","[2, 3, 5, 7, 11, 13, 17, 19]"
1429/27,52.92592593,1429,27,"[3, 1429]","[0, -3, 0, 0, 0, 0, 0, 0]","[2, 3, 5, 7, 11, 13, 17, 19]"
1432/81,17.67901235,1432,81,"[2, 3, 179]","[3, -4, 0, 0, 0, 0, 0, 0]","[2, 3, 5, 7, 11, 13, 17, 19]"
1435/81,17.71604938,1435,81,"[3, 5, 7, 41]","[0, -4, 1, 1, 0, 0, 0, 0]","[2, 3, 5, 7, 11, 13, 17, 19]"
1439/27,53.29629630,1439,27,"[3, 1439]","[0, -3, 0, 0, 0, 0, 0, 0]","[2, 3, 5, 7, 11, 13, 17, 19]"
1441/27,53.37037037,1441,27,"[3, 11, 131]","[0, -3, 0, 0, 1, 0, 0, 0]","[2, 3, 5, 7, 11, 13, 17, 19]"
1441/81,17.79012346,1441,81,"[3, 11, 131]","[0, -4, 0, 0, 1, 0, 0, 0]","[2, 3, 5, 7, 11, 13, 17, 19]"
1442/27,53.40740741,1442,27,"[2, 3, 7, 103]","[1, -3, 0, 1, 0, 0, 0, 0]","[2, 3, 5, 7, 11, 13, 17, 19]"
1445/27,53.51851852,1445,27,"[3, 5, 17]","[0, -3, 1, 0, 0, 0, 2, 0]","[2, 3, 5, 7, 11, 13, 17, 19]"
1447/27,53.59259259,1447,27,"[3, 1447]","[0, -3, 0, 0, 0, 0, 0, 0]","[2, 3, 5, 7, 11, 13, 17, 19]"
1450/27,53.70370370,1450,27,"[2, 3, 5, 29]","[1, -3, 2, 0, 0, 0, 0, 0]","[2, 3, 5, 7, 11, 13, 17, 19]"
1450/81,17.90123457,1450,81,"[2, 3, 5, 29]","[1, -4, 2, 0, 0, 0, 0, 0]","[2, 3, 5, 7, 11, 13, 17, 19]"
1451/27,53.74074074,1451,27,"[3, 1451]","[0, -3, 0, 0, 0, 0, 0, 0]","[2, 3, 5, 7, 11, 13, 17, 19]"
1453/81,17.93827160,1453,81,"[3, 1453]","[0, -4, 0, 0, 0, 0, 0, 0]","[2, 3, 5, 7, 11, 13, 17, 19]"
1454/27,53.85185185,1454,27,"[2, 3, 727]","[1, -3, 0, 0, 0, 0, 0, 0]","[2, 3, 5, 7, 11, 13, 17, 19]"
1456/27,53.92592593,1456,27,"[2, 3, 7, 13]","[4, -3, 0, 1, 0, 1, 0, 0]","[2, 3, 5, 7, 11, 13, 17, 19]"
1456/81,17.97530864,1456,81,"[2, 3, 7, 13]","[4, -4, 0, 1, 0, 1, 0, 0]","[2, 3, 5, 7, 11, 13, 17, 19]"
1460/27,54.07407407,1460,27,"[2, 3, 5, 73]","[2, -3, 1, 0, 0, 0, 0, 0]","[2, 3, 5, 7, 11, 13, 17, 19]"
1462/81,18.04938272,1462,81,"[2, 3, 17, 43]","[1, -4, 0, 0, 0, 0, 1, 0]","[2, 3, 5, 7, 11, 13, 17, 19]"
1465/27,54.25925926,1465,27,"[3, 5, 293]","[0, -3, 1, 0, 0, 0, 0, 0]","[2, 3, 5, 7, 11, 13, 17, 19]"
1466/27,54.29629630,1466,27,"[2, 3, 733]","[1, -3, 0, 0, 0, 0, 0, 0]","[2, 3, 5, 7, 11, 13, 17, 19]"
1466/81,18.09876543,1466,81,"[2, 3, 733]","[1, -4, 0, 0, 0, 0, 0, 0]","[2, 3, 5, 7, 11, 13, 17, 19]"
1468/81,18.12345679,1468,81,"[2, 3, 367]","[2, -4, 0, 0, 0, 0, 0, 0]","[2, 3, 5, 7, 11, 13, 17, 19]"
1469/27,54.40740741,1469,27,"[3, 13, 113]","[0, -3, 0, 0, 0, 1, 0, 0]","[2, 3, 5, 7, 11, 13, 17, 19]"
1472/27,54.51851852,1472,27,"[2, 3, 23]","[6, -3, 0, 0, 0, 0, 0, 0]","[2, 3, 5, 7, 11, 13, 17, 19]"
1474/27,54.59259259,1474,27,"[2, 3, 11, 67]","[1, -3, 0, 0, 1, 0, 0, 0]","[2, 3, 5, 7, 11, 13, 17, 19]"
1475/27,54.62962963,1475,27,"[3, 5, 59]","[0, -3, 2, 0, 0, 0, 0, 0]","[2, 3, 5, 7, 11, 13, 17, 19]"
1475/81,18.20987654,1475,81,"[3, 5, 59]","[0, -4, 2, 0, 0, 0, 0, 0]","[2, 3, 5, 7, 11, 13, 17, 19]"
1477/27,54.70370370,1477,27,"[3, 7, 211]","[0, -3, 0, 1, 0, 0, 0, 0]","[2, 3, 5, 7, 11, 13, 17, 19]"
1480/81,18.27160494,1480,81,"[2, 3, 5, 37]","[3, -4, 1, 0, 0, 0, 0, 0]","[2, 3, 5, 7, 11, 13, 17, 19]"
1481/27,54.85185185,1481,27,"[3, 1481]","[0, -3, 0, 0, 0, 0, 0, 0]","[2, 3, 5, 7, 11, 13, 17, 19]"
1486/81,18.34567901,1486,81,"[2, 3, 743]","[1, -4, 0, 0, 0, 0, 0, 0]","[2, 3, 5, 7, 11, 13, 17, 19]"
1487/27,55.07407407,1487,27,"[3, 1487]","[0, -3, 0, 0, 0, 0, 0, 0]","[2, 3, 5, 7, 11, 13, 17, 19]"
1490/27,55.18518519,1490,27,"[2, 3, 5, 149]","[1, -3, 1, 0, 0, 0, 0, 0]","[2, 3, 5, 7, 11, 13, 17, 19]"
1492/27,55.25925926,1492,27,"[2, 3, 373]","[2, -3, 0, 0, 0, 0, 0, 0]","[2, 3, 5, 7, 11, 13, 17, 19]"
1493/81,18.43209877,1493,81,"[3, 1493]","[0, -4, 0, 0, 0, 0, 0, 0]","[2, 3, 5, 7, 11, 13, 17, 19]"
1495/27,55.37037037,1495,27,"[3, 5, 13, 23]","[0, -3, 1, 0, 0, 1, 0, 0]","[2, 3, 5, 7, 11, 13, 17, 19]"
1495/81,18.45679012,1495,81,"[3, 5, 13, 23]","[0, -4, 1, 0, 0, 1, 0, 0]","[2, 3, 5, 7, 11, 13, 17, 19]"
1496/27,55.40740741,1496,27,"[2, 3, 11, 17]","[3, -3, 0, 0, 1, 0, 1, 0]","[2, 3, 5, 7, 11, 13, 17, 19]"
1498/81,18.49382716,1498,81,"[2, 3, 7, 107]","[1, -4, 0, 1, 0, 0, 0, 0]","[2, 3, 5, 7, 11, 13, 17, 19]"
1499/27,55.51851852,1499,27,"[3, 1499]","[0, -3, 0, 0, 0, 0, 0, 0]","[2, 3, 5, 7, 11, 13, 17, 19]"
1501/27,55.59259259,1501,27,"[3, 19, 79]","[0, -3, 0, 0, 0, 0, 0, 1]","[2, 3, 5, 7, 11, 13, 17, 19]"
1502/27,55.62962963,1502,27,"[2, 3, 751]","[1, -3, 0, 0, 0, 0, 0, 0]","[2, 3, 5, 7, 11, 13, 17, 19]"
1504/27,55.70370370,1504,27,"[2, 3, 47]","[5, -3, 0, 0, 0, 0, 0, 0]","[2, 3, 5, 7, 11, 13, 17, 19]"
1507/81,18.60493827,1507,81,"[3, 11, 137]","[0, -4, 0, 0, 1, 0, 0, 0]","[2, 3, 5, 7, 11, 13, 17, 19]"
1510/27,55.92592593,1510,27,"[2, 3, 5, 151]","[1, -3, 1, 0, 0, 0, 0, 0]","[2, 3, 5, 7, 11, 13, 17, 19]"
1510/81,18.64197531,1510,81,"[2, 3, 5, 151]","[1, -4, 1, 0, 0, 0, 0, 0]","[2, 3, 5, 7, 11, 13, 17, 19]"
1513/81,18.67901235,1513,81,"[3, 17, 89]","[0, -4, 0, 0, 0, 0, 1, 0]","[2, 3, 5, 7, 11, 13, 17, 19]"
1514/27,56.07407407,1514,27,"[2, 3, 757]","[1, -3, 0, 0, 0, 0, 0, 0]","[2, 3, 5, 7, 11, 13, 17, 19]"
1516/81,18.71604938,1516,81,"[2, 3, 379]","[2, -4, 0, 0, 0, 0, 0, 0]","[2, 3, 5, 7, 11, 13, 17, 19]"
1517/27,56.18518519,1517,27,"[3, 37, 41]","[0, -3, 0, 0, 0, 0, 0, 0]","[2, 3, 5, 7, 11, 13, 17, 19]"
1519/27,56.25925926,1519,27,"[3, 7, 31]","[0, -3, 0, 2, 0, 0, 0, 0]","[2, 3, 5, 7, 11, 13, 17, 19]"
1520/27,56.29629630,1520,27,"[2, 3, 5, 19]","[4, -3, 1, 0, 0, 0, 0, 1]","[2, 3, 5, 7, 11, 13, 17, 19]"
1520/81,18.76543210,1520,81,"[2, 3, 5, 19]","[4, -4, 1, 0, 0, 0, 0, 1]","[2, 3, 5, 7, 11, 13, 17, 19]"
1522/27,56.37037037,1522,27,"[2, 3, 761]","[1, -3, 0, 0, 0, 0, 0, 0]","[2, 3, 5, 7, 11, 13, 17, 19]"
1522/81,18.79012346,1522,81,"[2, 3, 761]","[1, -4, 0, 0, 0, 0, 0, 0]","[2, 3, 5, 7, 11, 13, 17, 19]"
1525/27,56.48148148,1525,27,"[3, 5, 61]","[0, -3, 2, 0, 0, 0, 0, 0]","[2, 3, 5, 7, 11, 13, 17, 19]"
1526/27,56.51851852,1526,27,"[2, 3, 7, 109]","[1, -3, 0, 1, 0, 0, 0, 0]","[2, 3, 5, 7, 11, 13, 17, 19]"
1529/27,56.62962963,1529,27,"[3, 11, 139]","[0, -3, 0, 0, 1, 0, 0, 0]","[2, 3, 5, 7, 11, 13, 17, 19]"
1531/27,56.70370370,1531,27,"[3, 1531]","[0, -3, 0, 0, 0, 0, 0, 0]","[2, 3, 5, 7, 11, 13, 17, 19]"
1531/81,18.90123457,1531,81,"[3, 1531]","[0, -4, 0, 0, 0, 0, 0, 0]","[2, 3, 5, 7, 11, 13, 17, 19]"
1535/27,56.85185185,1535,27,"[3, 5, 307]","[0, -3, 1, 0, 0, 0, 0, 0]","[2, 3, 5, 7, 11, 13, 17, 19]"
1537/27,56.92592593,1537,27,"[3, 29, 53]","[0, -3, 0, 0, 0, 0, 0, 0]","[2, 3, 5, 7, 11, 13, 17, 19]"
1537/81,18.97530864,1537,81,"[3, 29, 53]","[0, -4, 0, 0, 0, 0, 0, 0]","[2, 3, 5, 7, 11, 13, 17, 19]"
1540/27,57.03703704,1540,27,"[2, 3, 5, 7, 11]","[2, -3, 1, 1, 1, 0, 0, 0]","[2, 3, 5, 7, 11, 13, 17, 19]"
1541/27,57.07407407,1541,27,"[3, 23, 67]","[0, -3, 0, 0, 0, 0, 0, 0]","[2, 3, 5, 7, 11, 13, 17, 19]"
1543/81,19.04938272,1543,81,"[3, 1543]","[0, -4, 0, 0, 0, 0, 0, 0]","[2, 3, 5, 7, 11, 13, 17, 19]"
1544/27,57.18518519,1544,27,"[2, 3, 193]","[3, -3, 0, 0, 0, 0, 0, 0]","[2, 3, 5, 7, 11, 13, 17, 19]"
1546/27,57.25925926,1546,27,"[2, 3, 773]","[1, -3, 0, 0, 0, 0, 0, 0]","[2, 3, 5, 7, 11, 13, 17, 19]"
1547/27,57.29629630,1547,27,"[3, 7, 13, 17]","[0, -3, 0, 1, 0, 1, 1, 0]","[2, 3, 5, 7, 11, 13, 17, 19]"
1547/81,19.09876543,1547,81,"[3, 7, 13, 17]","[0, -4, 0, 1, 0, 1, 1, 0]","[2, 3, 5, 7, 11, 13, 17, 19]"
1549/27,57.37037037,1549,27,"[3, 1549]","[0, -3, 0, 0, 0, 0, 0, 0]","[2, 3, 5, 7, 11, 13, 17, 19]"
1552/27,57.48148148,1552,27,"[2, 3, 97]","[4, -3, 0, 0, 0, 0, 0, 0]","[2, 3, 5, 7, 11, 13, 17, 19]"
1556/27,57.62962963,1556,27,"[2, 3, 389]","[2, -3, 0, 0, 0, 0, 0, 0]","[2, 3, 5, 7, 11, 13, 17, 19]"
1556/81,19.20987654,1556,81,"[2, 3, 389]","[2, -4, 0, 0, 0, 0, 0, 0]","[2, 3, 5, 7, 11, 13, 17, 19]"
1561/81,19.27160494,1561,81,"[3, 7, 223]","[0, -4, 0, 1, 0, 0, 0, 0]","[2, 3, 5, 7, 11, 13, 17, 19]"
1562/27,57.85185185,1562,27,"[2, 3, 11, 71]","[1, -3, 0, 0, 1, 0, 0, 0]","[2, 3, 5, 7, 11, 13, 17, 19]"
1564/27,57.92592593,1564,27,"[2, 3, 17, 23]","[2, -3, 0, 0, 0, 0, 1, 0]","[2, 3, 5, 7, 11, 13, 17, 19]"
1565/27,57.96296296,1565,27,"[3, 5, 313]","[0, -3, 1, 0, 0, 0, 0, 0]","[2, 3, 5, 7, 11, 13, 17, 19]"
1567/27,58.03703704,1567,27,"[3, 1567]","[0, -3, 0, 0, 0, 0, 0, 0]","[2, 3, 5, 7, 11, 13, 17, 19]"
1567/81,19.34567901,1567,81,"[3, 1567]","[0, -4, 0, 0, 0, 0, 0, 0]","[2, 3, 5, 7, 11, 13, 17, 19]"
1570/27,58.14814815,1570,27,"[2, 3, 5, 157]","[1, -3, 1, 0, 0, 0, 0, 0]","[2, 3, 5, 7, 11, 13, 17, 19]"
1570/81,19.38271605,1570,81,"[2, 3, 5, 157]","[1, -4, 1, 0, 0, 0, 0, 0]","[2, 3, 5, 7, 11, 13, 17, 19]"
1571/27,58.18518519,1571,27,"[3, 1571]","[0, -3, 0, 0, 0, 0, 0, 0]","[2, 3, 5, 7, 11, 13, 17, 19]"
1574/27,58.29629630,1574,27,"[2, 3, 787]","[1, -3, 0, 0, 0, 0, 0, 0]","[2, 3, 5, 7, 11, 13, 17, 19]"
1576/27,58.37037037,1576,27,"[2, 3, 197]","[3, -3, 0, 0, 0, 0, 0, 0]","[2, 3, 5, 7, 11, 13, 17, 19]"
1576/81,19.45679012,1576,81,"[2, 3, 197]","[3, -4, 0, 0, 0, 0, 0, 0]","[2, 3, 5, 7, 11, 13, 17, 19]"
1579/27,58.48148148,1579,27,"[3, 1579]","[0, -3, 0, 0, 0, 0, 0, 0]","[2, 3, 5, 7, 11, 13, 17, 19]"
1585/27,58.70370370,1585,27,"[3, 5, 317]","[0, -3, 1, 0, 0, 0, 0, 0]","[2, 3, 5, 7, 11, 13, 17, 19]"
1585/81,19.56790123,1585,81,"[3, 5, 317]","[0, -4, 1, 0, 0, 0, 0, 0]","[2, 3, 5, 7, 11, 13, 17, 19]"
1588/81,19.60493827,1588,81,"[2, 3, 397]","[2, -4, 0, 0, 0, 0, 0, 0]","[2, 3, 5, 7, 11, 13, 17, 19]"
1589/27,58.85185185,1589,27,"[3, 7, 227]","[0, -3, 0, 1, 0, 0, 0, 0]","[2, 3, 5, 7, 11, 13, 17, 19]"
1591/27,58.92592593,1591,27,"[3, 37, 43]","[0, -3, 0, 0, 0, 0, 0, 0]","[2, 3, 5, 7, 11, 13, 17, 19]"
1591/81,19.64197531,1591,81,"[3, 37, 43]","[0, -4, 0, 0, 0, 0, 0, 0]","[2, 3, 5, 7, 11, 13, 17, 19]"
1592/27,58.96296296,1592,27,"[2, 3, 199]","[3, -3, 0, 0, 0, 0, 0, 0]","[2, 3, 5, 7, 11, 13, 17, 19]"
1594/27,59.03703704,1594,27,"[2, 3, 797]","[1, -3, 0, 0, 0, 0, 0, 0]","[2, 3, 5, 7, 11, 13, 17, 19]"
1597/27,59.14814815,1597,27,"[3, 1597]","[0, -3, 0, 0, 0, 0, 0, 0]","[2, 3, 5, 7, 11, 13, 17, 19]"
1597/81,19.71604938,1597,81,"[3, 1597]","[0, -4, 0, 0, 0, 0, 0, 0]","[2, 3, 5, 7, 11, 13, 17, 19]"
1600/27,59.25925926,1600,27,"[2, 3, 5]","[6, -3, 2, 0, 0, 0, 0, 0]","[2, 3, 5, 7, 11, 13, 17, 19]"
1600/81,19.75308642,1600,81,"[2, 3, 5]","[6, -4, 2, 0, 0, 0, 0, 0]","[2, 3, 5, 7, 11, 13, 17, 19]"
1601/27,59.29629630,1601,27,"[3, 1601]","[0, -3, 0, 0, 0, 0, 0, 0]","[2, 3, 5, 7, 11, 13, 17, 19]"
1601/81,19.76543210,1601,81,"[3, 1601]","[0, -4, 0, 0, 0, 0, 0, 0]","[2, 3, 5, 7, 11, 13, 17, 19]"
1603/81,19.79012346,1603,81,"[3, 7, 229]","[0, -4, 0, 1, 0, 0, 0, 0]","[2, 3, 5, 7, 11, 13, 17, 19]"
1606/27,59.48148148,1606,27,"[2, 3, 11, 73]","[1, -3, 0, 0, 1, 0, 0, 0]","[2, 3, 5, 7, 11, 13, 17, 19]"
1610/27,59.62962963,1610,27,"[2, 3, 5, 7, 23]","[1, -3, 1, 1, 0, 0, 0, 0]","[2, 3, 5, 7, 11, 13, 17, 19]"
1610/81,19.87654321,1610,81,"[2, 3, 5, 7, 23]","[1, -4, 1, 1, 0, 0, 0, 0]","[2, 3, 5, 7, 11, 13, 17, 19]"
1612/27,59.70370370,1612,27,"[2, 3, 13, 31]","[2, -3, 0, 0, 0, 1, 0, 0]","[2, 3, 5, 7, 11, 13, 17, 19]"
1612/81,19.90123457,1612,81,"[2, 3, 13, 31]","[2, -4, 0, 0, 0, 1, 0, 0]","[2, 3, 5, 7, 11, 13, 17, 19]"
1615/27,59.81481481,1615,27,"[3, 5, 17, 19]","[0, -3, 1, 0, 0, 0, 1, 1]","[2, 3, 5, 7, 11, 13, 17, 19]"
1616/27,59.85185185,1616,27,"[2, 3, 101]","[4, -3, 0, 0, 0, 0, 0, 0]","[2, 3, 5, 7, 11, 13, 17, 19]"
1618/81,19.97530864,1618,81,"[2, 3, 809]","[1, -4, 0, 0, 0, 0, 0, 0]","[2, 3, 5, 7, 11, 13, 17, 19]"
1619/27,59.96296296,1619,27,"[3, 1619]","[0, -3, 0, 0, 0, 0, 0, 0]","[2, 3, 5, 7, 11, 13, 17, 19]"
1621/27,60.03703704,1621,27,"[3, 1621]","[0, -3, 0, 0, 0, 0, 0, 0]","[2, 3, 5, 7, 11, 13, 17, 19]"
1624/27,60.14814815,1624,27,"[2, 3, 7, 29]","[3, -3, 0, 1, 0, 0, 0, 0]","[2, 3, 5, 7, 11, 13, 17, 19]"
1625/27,60.18518519,1625,27,"[3, 5, 13]","[0, -3, 3, 0, 0, 1, 0, 0]","[2, 3, 5, 7, 11, 13, 17, 19]"
1625/81,20.06172840,1625,81,"[3, 5, 13]","[0, -4, 3, 0, 0, 1, 0, 0]","[2, 3, 5, 7, 11, 13, 17, 19]"
1627/27,60.25925926,1627,27,"[3, 1627]","[0, -3, 0, 0, 0, 0, 0, 0]","[2, 3, 5, 7, 11, 13, 17, 19]"
1628/81,20.09876543,1628,81,"[2, 3, 11, 37]","[2, -4, 0, 0, 1, 0, 0, 0]","[2, 3, 5, 7, 11, 13, 17, 19]"
1630/81,20.12345679,1630,81,"[2, 3, 5, 163]","[1, -4, 1, 0, 0, 0, 0, 0]","[2, 3, 5, 7, 11, 13, 17, 19]"
1637/27,60.62962963,1637,27,"[3, 1637]","[0, -3, 0, 0, 0, 0, 0, 0]","[2, 3, 5, 7, 11, 13, 17, 19]"
1637/81,20.20987654,1637,81,"[3, 1637]","[0, -4, 0, 0, 0, 0, 0, 0]","[2, 3, 5, 7, 11, 13, 17, 19]"
1639/27,60.70370370,1639,27,"[3, 11, 149]","[0, -3, 0, 0, 1, 0, 0, 0]","[2, 3, 5, 7, 11, 13, 17, 19]"
1642/27,60.81481481,1642,27,"[2, 3, 821]","[1, -3, 0, 0, 0, 0, 0, 0]","[2, 3, 5, 7, 11, 13, 17, 19]"
1642/81,20.27160494,1642,81,"[2, 3, 821]","[1, -4, 0, 0, 0, 0, 0, 0]","[2, 3, 5, 7, 11, 13, 17, 19]"
1645/27,60.92592593,1645,27,"[3, 5, 7, 47]","[0, -3, 1, 1, 0, 0, 0, 0]","[2, 3, 5, 7, 11, 13, 17, 19]"
1645/81,20.30864198,1645,81,"[3, 5, 7, 47]","[0, -4, 1, 1, 0, 0, 0, 0]","[2, 3, 5, 7, 11, 13, 17, 19]"
1646/27,60.96296296,1646,27,"[2, 3, 823]","[1, -3, 0, 0, 0, 0, 0, 0]","[2, 3, 5, 7, 11, 13, 17, 19]"
1648/81,20.34567901,1648,81,"[2, 3, 103]","[4, -4, 0, 0, 0, 0, 0, 0]","[2, 3, 5, 7, 11, 13, 17, 19]"
1651/27,61.14814815,1651,27,"[3, 13, 127]","[0, -3, 0, 0, 0, 1, 0, 0]","[2, 3, 5, 7, 11, 13, 17, 19]"
1651/81,20.38271605,1651,81,"[3, 13, 127]","[0, -4, 0, 0, 0, 1, 0, 0]","[2, 3, 5, 7, 11, 13, 17, 19]"
1652/27,61.18518519,1652,27,"[2, 3, 7, 59]","[2, -3, 0, 1, 0, 0, 0, 0]","[2, 3, 5, 7, 11, 13, 17, 19]"
1654/27,61.25925926,1654,27,"[2, 3, 827]","[1, -3, 0, 0, 0, 0, 0, 0]","[2, 3, 5, 7, 11, 13, 17, 19]"
1655/81,20.43209877,1655,81,"[3, 5, 331]","[0, -4, 1, 0, 0, 0, 0, 0]","[2, 3, 5, 7, 11, 13, 17, 19]"
1657/81,20.45679012,1657,81,"[3, 1657]","[0, -4, 0, 0, 0, 0, 0, 0]","[2, 3, 5, 7, 11, 13, 17, 19]"
1660/27,61.48148148,1660,27,"[2, 3, 5, 83]","[2, -3, 1, 0, 0, 0, 0, 0]","[2, 3, 5, 7, 11, 13, 17, 19]"
1664/27,61.62962963,1664,27,"[2, 3, 13]","[7, -3, 0, 0, 0, 1, 0, 0]","[2, 3, 5, 7, 11, 13, 17, 19]"
1666/27,61.70370370,1666,27,"[2, 3, 7, 17]","[1, -3, 0, 2, 0, 0, 1, 0]","[2, 3, 5, 7, 11, 13, 17, 19]"
1666/81,20.56790123,1666,81,"[2, 3, 7, 17]","[1, -4, 0, 2, 0, 0, 1, 0]","[2, 3, 5, 7, 11, 13, 17, 19]"
1669/27,61.81481481,1669,27,"[3, 1669]","[0, -3, 0, 0, 0, 0, 0, 0]","[2, 3, 5, 7, 11, 13, 17, 19]"
1670/27,61.85185185,1670,27,"[2, 3, 5, 167]","[1, -3, 1, 0, 0, 0, 0, 0]","[2, 3, 5, 7, 11, 13, 17, 19]"
1672/27,61.92592593,1672,27,"[2, 3, 11, 19]","[3, -3, 0, 0, 1, 0, 0, 1]","[2, 3, 5, 7, 11, 13, 17, 19]"
1672/81,20.64197531,1672,81,"[2, 3, 11, 19]","[3, -4, 0, 0, 1, 0, 0, 1]","[2, 3, 5, 7, 11, 13, 17, 19]"
1675/81,20.67901235,1675,81,"[3, 5, 67]","[0, -4, 2, 0, 0, 0, 0, 0]","[2, 3, 5, 7, 11, 13, 17, 19]"
1678/81,20.71604938,1678,81,"[2, 3, 839]","[1, -4, 0, 0, 0, 0, 0, 0]","[2, 3, 5, 7, 11, 13, 17, 19]"
1679/27,62.18518519,1679,27,"[3, 23, 73]","[0, -3, 0, 0, 0, 0, 0, 0]","[2, 3, 5, 7, 11, 13, 17, 19]"
1681/27,62.25925926,1681,27,"[3, 41]","[0, -3, 0, 0, 0, 0, 0, 0]","[2, 3, 5, 7, 11, 13, 17, 19]"
1681/81,20.75308642,1681,81,"[3, 41]","[0, -4, 0, 0, 0, 0, 0, 0]","[2, 3, 5, 7, 11, 13, 17, 19]"
1682/81,20.76543210,1682,81,"[2, 3, 29]","[1, -4, 0, 0, 0, 0, 0, 0]","[2, 3, 5, 7, 11, 13, 17, 19]"
1687/27,62.48148148,1687,27,"[3, 7, 241]","[0, -3, 0, 1, 0, 0, 0, 0]","[2, 3, 5, 7, 11, 13, 17, 19]"
1690/27,62.59259259,1690,27,"[2, 3, 5, 13]","[1, -3, 1, 0, 0, 2, 0, 0]","[2, 3, 5, 7, 11, 13, 17, 19]"
1691/27,62.62962963,1691,27,"[3, 19, 89]","[0, -3, 0, 0, 0, 0, 0, 1]","[2, 3, 5, 7, 11, 13, 17, 19]"
1691/81,20.87654321,1691,81,"[3, 19, 89]","[0, -4, 0, 0, 0, 0, 0, 1]","[2, 3, 5, 7, 11, 13, 17, 19]"
1693/81,20.90123457,1693,81,"[3, 1693]","[0, -4, 0, 0, 0, 0, 0, 0]","[2, 3, 5, 7, 11, 13, 17, 19]"
1696/27,62.81481481,1696,27,"[2, 3, 53]","[5, -3, 0, 0, 0, 0, 0, 0]","[2, 3, 5, 7, 11, 13, 17, 19]"
1697/27,62.85185185,1697,27,"[3, 1697]","[0, -3, 0, 0, 0, 0, 0, 0]","[2, 3, 5, 7, 11, 13, 17, 19]"
1699/27,62.92592593,1699,27,"[3, 1699]","[0, -3, 0, 0, 0, 0, 0, 0]","[2, 3, 5, 7, 11, 13, 17, 19]"
1700/27,62.96296296,1700,27,"[2, 3, 5, 17]","[2, -3, 2, 0, 0, 0, 1, 0]","[2, 3, 5, 7, 11, 13, 17, 19]"
1700/81,20.98765432,1700,81,"[2, 3, 5, 17]","[2, -4, 2, 0, 0, 0, 1, 0]","[2, 3, 5, 7, 11, 13, 17, 19]"
1705/81,21.04938272,1705,81,"[3, 5, 11, 31]","[0, -4, 1, 0, 1, 0, 0, 0]","[2, 3, 5, 7, 11, 13, 17, 19]"
1706/27,63.18518519,1706,27,"[2, 3, 853]","[1, -3, 0, 0, 0, 0, 0, 0]","[2, 3, 5, 7, 11, 13, 17, 19]"
1706/81,21.06172840,1706,81,"[2, 3, 853]","[1, -4, 0, 0, 0, 0, 0, 0]","[2, 3, 5, 7, 11, 13, 17, 19]"
1711/81,21.12345679,1711,81,"[3, 29, 59]","[0, -4, 0, 0, 0, 0, 0, 0]","[2, 3, 5, 7, 11, 13, 17, 19]"
1714/27,63.48148148,1714,27,"[2, 3, 857]","[1, -3, 0, 0, 0, 0, 0, 0]","[2, 3, 5, 7, 11, 13, 17, 19]"
1715/27,63.51851852,1715,27,"[3, 5, 7]","[0, -3, 1, 3, 0, 0, 0, 0]","[2, 3, 5, 7, 11, 13, 17, 19]"
1717/27,63.59259259,1717,27,"[3, 17, 101]","[0, -3, 0, 0, 0, 0, 1, 0]","[2, 3, 5, 7, 11, 13, 17, 19]"
1718/81,21.20987654,1718,81,"[2, 3, 859]","[1, -4, 0, 0, 0, 0, 0, 0]","[2, 3, 5, 7, 11, 13, 17, 19]"
1720/81,21.23456790,1720,81,"[2, 3, 5, 43]","[3, -4, 1, 0, 0, 0, 0, 0]","[2, 3, 5, 7, 11, 13, 17, 19]"
1723/81,21.27160494,1723,81,"[3, 1723]","[0, -4, 0, 0, 0, 0, 0, 0]","[2, 3, 5, 7, 11, 13, 17, 19]"
1724/27,63.85185185,1724,27,"[2, 3, 431]","[2, -3, 0, 0, 0, 0, 0, 0]","[2, 3, 5, 7, 11, 13, 17, 19]"
1726/27,63.92592593,1726,27,"[2, 3, 863]","[1, -3, 0, 0, 0, 0, 0, 0]","[2, 3, 5, 7, 11, 13, 17, 19]"
1726/81,21.30864198,1726,81,"[2, 3, 863]","[1, -4, 0, 0, 0, 0, 0, 0]","[2, 3, 5, 7, 11, 13, 17, 19]"
1727/27,63.96296296,1727,27,"[3, 11, 157]","[0, -3, 0, 0, 1, 0, 0, 0]","[2, 3, 5, 7, 11, 13, 17, 19]"
1732/81,21.38271605,1732,81,"[2, 3, 433]","[2, -4, 0, 0, 0, 0, 0, 0]","[2, 3, 5, 7, 11, 13, 17, 19]"
1735/27,64.25925926,1735,27,"[3, 5, 347]","[0, -3, 1, 0, 0, 0, 0, 0]","[2, 3, 5, 7, 11, 13, 17, 19]"
1735/81,21.41975309,1735,81,"[3, 5, 347]","[0, -4, 1, 0, 0, 0, 0, 0]","[2, 3, 5, 7, 11, 13, 17, 19]"
1736/81,21.43209877,1736,81,"[2, 3, 7, 31]","[3, -4, 0, 1, 0, 0, 0, 0]","[2, 3, 5, 7, 11, 13, 17, 19]"
1738/81,21.45679012,1738,81,"[2, 3, 11, 79]","[1, -4, 0, 0, 1, 0, 0, 0]","[2, 3, 5, 7, 11, 13, 17, 19]"
1741/27,64.48148148,1741,27,"[3, 1741]","[0, -3, 0, 0, 0, 0, 0, 0]","[2, 3, 5, 7, 11, 13, 17, 19]"
1742/27,64.51851852,1742,27,"[2, 3, 13, 67]","[1, -3, 0, 0, 0, 1, 0, 0]","[2, 3, 5, 7, 11, 13, 17, 19]"
1744/27,64.59259259,1744,27,"[2, 3, 109]","[4, -3, 0, 0, 0, 0, 0, 0]","[2, 3, 5, 7, 11, 13, 17, 19]"
1745/27,64.62962963,1745,27,"[3, 5, 349]","[0, -3, 1, 0, 0, 0, 0, 0]","[2, 3, 5, 7, 11, 13, 17, 19]"
1745/81,21.54320988,1745,81,"[3, 5, 349]","[0, -4, 1, 0, 0, 0, 0, 0]","[2, 3, 5, 7, 11, 13, 17, 19]"
1747/81,21.56790123,1747,81,"[3, 1747]","[0, -4, 0, 0, 0, 0, 0, 0]","[2, 3, 5, 7, 11, 13, 17, 19]"
1750/81,21.60493827,1750,81,"[2, 3, 5, 7]","[1, -4, 3, 1, 0, 0, 0, 0]","[2, 3, 5, 7, 11, 13, 17, 19]"
1751/27,64.85185185,1751,27,"[3, 17, 103]","[0, -3, 0, 0, 0, 0, 1, 0]","[2, 3, 5, 7, 11, 13, 17, 19]"
1753/81,21.64197531,1753,81,"[3, 1753]","[0, -4, 0, 0, 0, 0, 0, 0]","[2, 3, 5, 7, 11, 13, 17, 19]"
1754/27,64.96296296,1754,27,"[2, 3, 877]","[1, -3, 0, 0, 0, 0, 0, 0]","[2, 3, 5, 7, 11, 13, 17, 19]"
1756/81,21.67901235,1756,81,"[2, 3, 439]","[2, -4, 0, 0, 0, 0, 0, 0]","[2, 3, 5, 7, 11, 13, 17, 19]"
1760/27,65.18518519,1760,27,"[2, 3, 5, 11]","[5, -3, 1, 0, 1, 0, 0, 0]","[2, 3, 5, 7, 11, 13, 17, 19]"
1760/81,21.72839506,1760,81,"[2, 3, 5, 11]","[5, -4, 1, 0, 1, 0, 0, 0]","[2, 3, 5, 7, 11, 13, 17, 19]"
1762/27,65.25925926,1762,27,"[2, 3, 881]","[1, -3, 0, 0, 0, 0, 0, 0]","[2, 3, 5, 7, 11, 13, 17, 19]"
1762/81,21.75308642,1762,81,"[2, 3, 881]","[1, -4, 0, 0, 0, 0, 0, 0]","[2, 3, 5, 7, 11, 13, 17, 19]"
1763/81,21.76543210,1763,81,"[3, 41, 43]","[0, -4, 0, 0, 0, 0, 0, 0]","[2, 3, 5, 7, 11, 13, 17, 19]"
1769/27,65.51851852,1769,27,"[3, 29, 61]","[0, -3, 0, 0, 0, 0, 0, 0]","[2, 3, 5, 7, 11, 13, 17, 19]"
1771/27,65.59259259,1771,27,"[3, 7, 11, 23]","[0, -3, 0, 1, 1, 0, 0, 0]","[2, 3, 5, 7, 11, 13, 17, 19]"
1772/27,65.62962963,1772,27,"[2, 3, 443]","[2, -3, 0, 0, 0, 0, 0, 0]","[2, 3, 5, 7, 11, 13, 17, 19]"
1772/81,21.87654321,1772,81,"[2, 3, 443]","[2, -4, 0, 0, 0, 0, 0, 0]","[2, 3, 5, 7, 11, 13, 17, 19]"
1775/27,65.74074074,1775,27,"[3, 5, 71]","[0, -3, 2, 0, 0, 0, 0, 0]","[2, 3, 5, 7, 11, 13, 17, 19]"
1780/81,21.97530864,1780,81,"[2, 3, 5, 89]","[2, -4, 1, 0, 0, 0, 0, 0]","[2, 3, 5, 7, 11, 13, 17, 19]"
1781/27,65.96296296,1781,27,"[3, 13, 137]","[0, -3, 0, 0, 0, 1, 0, 0]","[2, 3, 5, 7, 11, 13, 17, 19]"
1781/81,21.98765432,1781,81,"[3, 13, 137]","[0, -4, 0, 0, 0, 1, 0, 0]","[2, 3, 5, 7, 11, 13, 17, 19]"
1786/81,22.04938272,1786,81,"[2, 3, 19, 47]","[1, -4, 0, 0, 0, 0, 0, 1]","[2, 3, 5, 7, 11, 13, 17, 19]"
1787/27,66.18518519,1787,27,"[3, 1787]","[0, -3, 0, 0, 0, 0, 0, 0]","[2, 3, 5, 7, 11, 13, 17, 19]"
1787/81,22.06172840,1787,81,"[3, 1787]","[0, -4, 0, 0, 0, 0, 0, 0]","[2, 3, 5, 7, 11, 13, 17, 19]"
1789/27,66.25925926,1789,27,"[3, 1789]","[0, -3, 0, 0, 0, 0, 0, 0]","[2, 3, 5, 7, 11, 13, 17, 19]"
1790/27,66.29629630,1790,27,"[2, 3, 5, 179]","[1, -3, 1, 0, 0, 0, 0, 0]","[2, 3, 5, 7, 11, 13, 17, 19]"
1792/81,22.12345679,1792,81,"[2, 3, 7]","[8, -4, 0, 1, 0, 0, 0, 0]","[2, 3, 5, 7, 11, 13, 17, 19]"
1796/27,66.51851852,1796,27,"[2, 3, 449]","[2, -3, 0, 0, 0, 0, 0, 0]","[2, 3, 5, 7, 11, 13, 17, 19]"
1799/27,66.62962963,1799,27,"[3, 7, 257]","[0, -3, 0, 1, 0, 0, 0, 0]","[2, 3, 5, 7, 11, 13, 17, 19]"
1801/81,22.23456790,1801,81,"[3, 1801]","[0, -4, 0, 0, 0, 0, 0, 0]","[2, 3, 5, 7, 11, 13, 17, 19]"
1802/27,66.74074074,1802,27,"[2, 3, 17, 53]","[1, -3, 0, 0, 0, 0, 1, 0]","[2, 3, 5, 7, 11, 13, 17, 19]"
1807/81,22.30864198,1807,81,"[3, 13, 139]","[0, -4, 0, 0, 0, 1, 0, 0]","[2, 3, 5, 7, 11, 13, 17, 19]"
1810/81,22.34567901,1810,81,"[2, 3, 5, 181]","[1, -4, 1, 0, 0, 0, 0, 0]","[2, 3, 5, 7, 11, 13, 17, 19]"
1813/81,22.38271605,1813,81,"[3, 7, 37]","[0, -4, 0, 2, 0, 0, 0, 0]","[2, 3, 5, 7, 11, 13, 17, 19]"
1814/27,67.18518519,1814,27,"[2, 3, 907]","[1, -3, 0, 0, 0, 0, 0, 0]","[2, 3, 5, 7, 11, 13, 17, 19]"
1816/27,67.25925926,1816,27,"[2, 3, 227]","[3, -3, 0, 0, 0, 0, 0, 0]","[2, 3, 5, 7, 11, 13, 17, 19]"
1816/81,22.41975309,1816,81,"[2, 3, 227]","[3, -4, 0, 0, 0, 0, 0, 0]","[2, 3, 5, 7, 11, 13, 17, 19]"
1817/27,67.29629630,1817,27,"[3, 23, 79]","[0, -3, 0, 0, 0, 0, 0, 0]","[2, 3, 5, 7, 11, 13, 17, 19]"
1817/81,22.43209877,1817,81,"[3, 23, 79]","[0, -4, 0, 0, 0, 0, 0, 0]","[2, 3, 5, 7, 11, 13, 17, 19]"
1820/27,67.40740741,1820,27,"[2, 3, 5, 7, 13]","[2, -3, 1, 1, 0, 1, 0, 0]","[2, 3, 5, 7, 11, 13, 17, 19]"
1825/81,22.53086420,1825,81,"[3, 5, 73]","[0, -4, 2, 0, 0, 0, 0, 0]","[2, 3, 5, 7, 11, 13, 17, 19]"
1826/27,67.62962963,1826,27,"[2, 3, 11, 83]","[1, -3, 0, 0, 1, 0, 0, 0]","[2, 3, 5, 7, 11, 13, 17, 19]"
1826/81,22.54320988,1826,81,"[2, 3, 11, 83]","[1, -4, 0, 0, 1, 0, 0, 0]","[2, 3, 5, 7, 11, 13, 17, 19]"
1828/81,22.56790123,1828,81,"[2, 3, 457]","[2, -4, 0, 0, 0, 0, 0, 0]","[2, 3, 5, 7, 11, 13, 17, 19]"
1829/27,67.74074074,1829,27,"[3, 31, 59]","[0, -3, 0, 0, 0, 0, 0, 0]","[2, 3, 5, 7, 11, 13, 17, 19]"
1831/81,22.60493827,1831,81,"[3, 1831]","[0, -4, 0, 0, 0, 0, 0, 0]","[2, 3, 5, 7, 11, 13, 17, 19]"
1835/27,67.96296296,1835,27,"[3, 5, 367]","[0, -3, 1, 0, 0, 0, 0, 0]","[2, 3, 5, 7, 11, 13, 17, 19]"
1835/81,22.65432099,1835,81,"[3, 5, 367]","[0, -4, 1, 0, 0, 0, 0, 0]","[2, 3, 5, 7, 11, 13, 17, 19]"
1837/81,22.67901235,1837,81,"[3, 11, 167]","[0, -4, 0, 0, 1, 0, 0, 0]","[2, 3, 5, 7, 11, 13, 17, 19]"
1841/27,68.18518519,1841,27,"[3, 7, 263]","[0, -3, 0, 1, 0, 0, 0, 0]","[2, 3, 5, 7, 11, 13, 17, 19]"
1841/81,22.72839506,1841,81,"[3, 7, 263]","[0, -4, 0, 1, 0, 0, 0, 0]","[2, 3, 5, 7, 11, 13, 17, 19]"
1843/81,22.75308642,1843,81,"[3, 19, 97]","[0, -4, 0, 0, 0, 0, 0, 1]","[2, 3, 5, 7, 11, 13, 17, 19]"
1844/27,68.29629630,1844,27,"[2, 3, 461]","[2, -3, 0, 0, 0, 0, 0, 0]","[2, 3, 5, 7, 11, 13, 17, 19]"
1847/27,68.40740741,1847,27,"[3, 1847]","[0, -3, 0, 0, 0, 0, 0, 0]","[2, 3, 5, 7, 11, 13, 17, 19]"
1850/27,68.51851852,1850,27,"[2, 3, 5, 37]","[1, -3, 2, 0, 0, 0, 0, 0]","[2, 3, 5, 7, 11, 13, 17, 19]"
1850/81,22.83950617,1850,81,"[2, 3, 5, 37]","[1, -4, 2, 0, 0, 0, 0, 0]","[2, 3, 5, 7, 11, 13, 17, 19]"
1853/81,22.87654321,1853,81,"[3, 17, 109]","[0, -4, 0, 0, 0, 0, 1, 0]","[2, 3, 5, 7, 11, 13, 17, 19]"
1855/81,22.90123457,1855,81,"[3, 5, 7, 53]","[0, -4, 1, 1, 0, 0, 0, 0]","[2, 3, 5, 7, 11, 13, 17, 19]"
1856/27,68.74074074,1856,27,"[2, 3, 29]","[6, -3, 0, 0, 0, 0, 0, 0]","[2, 3, 5, 7, 11, 13, 17, 19]"
1861/81,22.97530864,1861,81,"[3, 1861]","[0, -4, 0, 0, 0, 0, 0, 0]","[2, 3, 5, 7, 11, 13, 17, 19]"
1862/27,68.96296296,1862,27,"[2, 3, 7, 19]","[1, -3, 0, 2, 0, 0, 0, 1]","[2, 3, 5, 7, 11, 13, 17, 19]"
1862/81,22.98765432,1862,81,"[2, 3, 7, 19]","[1, -4, 0, 2, 0, 0, 0, 1]","[2, 3, 5, 7, 11, 13, 17, 19]"
1865/27,69.07407407,1865,27,"[3, 5, 373]","[0, -3, 1, 0, 0, 0, 0, 0]","[2, 3, 5, 7, 11, 13, 17, 19]"
1867/81,23.04938272,1867,81,"[3, 1867]","[0, -4, 0, 0, 0, 0, 0, 0]","[2, 3, 5, 7, 11, 13, 17, 19]"
1868/81,23.06172840,1868,81,"[2, 3, 467]","[2, -4, 0, 0, 0, 0, 0, 0]","[2, 3, 5, 7, 11, 13, 17, 19]"
1870/81,23.08641975,1870,81,"[2, 3, 5, 11, 17]","[1, -4, 1, 0, 1, 0, 1, 0]","[2, 3, 5, 7, 11, 13, 17, 19]"
1871/27,69.29629630,1871,27,"[3, 1871]","[0, -3, 0, 0, 0, 0, 0, 0]","[2, 3, 5, 7, 11, 13, 17, 19]"
1873/81,23.12345679,1873,81,"[3, 1873]","[0, -4, 0, 0, 0, 0, 0, 0]","[2, 3, 5, 7, 11, 13, 17, 19]"
1874/27,69.40740741,1874,27,"[2, 3, 937]","[1, -3, 0, 0, 0, 0, 0, 0]","[2, 3, 5, 7, 11, 13, 17, 19]"
1877/27,69.51851852,1877,27,"[3, 1877]","[0, -3, 0, 0, 0, 0, 0, 0]","[2, 3, 5, 7, 11, 13, 17, 19]"
1880/81,23.20987654,1880,81,"[2, 3, 5, 47]","[3, -4, 1, 0, 0, 0, 0, 0]","[2, 3, 5, 7, 11, 13, 17, 19]"
1882/81,23.23456790,1882,81,"[2, 3, 941]","[1, -4, 0, 0, 0, 0, 0, 0]","[2, 3, 5, 7, 11, 13, 17, 19]"
1885/81,23.27160494,1885,81,"[3, 5, 13, 29]","[0, -4, 1, 0, 0, 1, 0, 0]","[2, 3, 5, 7, 11, 13, 17, 19]"
1888/81,23.30864198,1888,81,"[2, 3, 59]","[5, -4, 0, 0, 0, 0, 0, 0]","[2, 3, 5, 7, 11, 13, 17, 19]"
1889/27,69.96296296,1889,27,"[3, 1889]","[0, -3, 0, 0, 0, 0, 0, 0]","[2, 3, 5, 7, 11, 13, 17, 19]"
1891/81,23.34567901,1891,81,"[3, 31, 61]","[0, -4, 0, 0, 0, 0, 0, 0]","[2, 3, 5, 7, 11, 13, 17, 19]"
1892/27,70.07407407,1892,27,"[2, 3, 11, 43]","[2, -3, 0, 0, 1, 0, 0, 0]","[2, 3, 5, 7, 11, 13, 17, 19]"
1895/27,70.18518519,1895,27,"[3, 5, 379]","[0, -3, 1, 0, 0, 0, 0, 0]","[2, 3, 5, 7, 11, 13, 17, 19]"
1895/81,23.39506173,1895,81,"[3, 5, 379]","[0, -4, 1, 0, 0, 0, 0, 0]","[2, 3, 5, 7, 11, 13, 17, 19]"
1897/81,23.41975309,1897,81,"[3, 7, 271]","[0, -4, 0, 1, 0, 0, 0, 0]","[2, 3, 5, 7, 11, 13, 17, 19]"
1898/81,23.43209877,1898,81,"[2, 3, 13, 73]","[1, -4, 0, 0, 0, 1, 0, 0]","[2, 3, 5, 7, 11, 13, 17, 19]"
1901/27,70.40740741,1901,27,"[3, 1901]","[0, -3, 0, 0, 0, 0, 0, 0]","[2, 3, 5, 7, 11, 13, 17, 19]"
1904/27,70.51851852,1904,27,"[2, 3, 7, 17]","[4, -3, 0, 1, 0, 0, 1, 0]","[2, 3, 5, 7, 11, 13, 17, 19]"
1906/81,23.53086420,1906,81,"[2, 3, 953]","[1, -4, 0, 0, 0, 0, 0, 0]","[2, 3, 5, 7, 11, 13, 17, 19]"
1907/81,23.54320988,1907,81,"[3, 1907]","[0, -4, 0, 0, 0, 0, 0, 0]","[2, 3, 5, 7, 11, 13, 17, 19]"
1910/27,70.74074074,1910,27,"[2, 3, 5, 191]","[1, -3, 1, 0, 0, 0, 0, 0]","[2, 3, 5, 7, 11, 13, 17, 19]"
1912/81,23.60493827,1912,81,"[2, 3, 239]","[3, -4, 0, 0, 0, 0, 0, 0]","[2, 3, 5, 7, 11, 13, 17, 19]"
1916/27,70.96296296,1916,27,"[2, 3, 479]","[2, -3, 0, 0, 0, 0, 0, 0]","[2, 3, 5, 7, 11, 13, 17, 19]"
1916/81,23.65432099,1916,81,"[2, 3, 479]","[2, -4, 0, 0, 0, 0, 0, 0]","[2, 3, 5, 7, 11, 13, 17, 19]"
1918/81,23.67901235,1918,81,"[2, 3, 7, 137]","[1, -4, 0, 1, 0, 0, 0, 0]","[2, 3, 5, 7, 11, 13, 17, 19]"
1919/27,71.07407407,1919,27,"[3, 19, 101]","[0, -3, 0, 0, 0, 0, 0, 1]","[2, 3, 5, 7, 11, 13, 17, 19]"
1922/27,71.18518519,1922,27,"[2, 3, 31]","[1, -3, 0, 0, 0, 0, 0, 0]","[2, 3, 5, 7, 11, 13, 17, 19]"
1922/81,23.72839506,1922,81,"[2, 3, 31]","[1, -4, 0, 0, 0, 0, 0, 0]","[2, 3, 5, 7, 11, 13, 17, 19]"
1925/81,23.76543210,1925,81,"[3, 5, 7, 11]","[0, -4, 2, 1, 1, 0, 0, 0]","[2, 3, 5, 7, 11, 13, 17, 19]"
1931/27,71.51851852,1931,27,"[3, 1931]","[0, -3, 0, 0, 0, 0, 0, 0]","[2, 3, 5, 7, 11, 13, 17, 19]"
1931/81,23.83950617,1931,81,"[3, 1931]","[0, -4, 0, 0, 0, 0, 0, 0]","[2, 3, 5, 7, 11, 13, 17, 19]"
1936/81,23.90123457,1936,81,"[2, 3, 11]","[4, -4, 0, 0, 2, 0, 0, 0]","[2, 3, 5, 7, 11, 13, 17, 19]"
1937/27,71.74074074,1937,27,"[3, 13, 149]","[0, -3, 0, 0, 0, 1, 0, 0]","[2, 3, 5, 7, 11, 13, 17, 19]"
1940/27,71.85185185,1940,27,"[2, 3, 5, 97]","[2, -3, 1, 0, 0, 0, 0, 0]","[2, 3, 5, 7, 11, 13, 17, 19]"
1942/81,23.97530864,1942,81,"[2, 3, 971]","[1, -4, 0, 0, 0, 0, 0, 0]","[2, 3, 5, 7, 11, 13, 17, 19]"
1943/81,23.98765432,1943,81,"[3, 29, 67]","[0, -4, 0, 0, 0, 0, 0, 0]","[2, 3, 5, 7, 11, 13, 17, 19]"
1945/81,24.01234568,1945,81,"[3, 5, 389]","[0, -4, 1, 0, 0, 0, 0, 0]","[2, 3, 5, 7, 11, 13, 17, 19]"
1946/27,72.07407407,1946,27,"[2, 3, 7, 139]","[1, -3, 0, 1, 0, 0, 0, 0]","[2, 3, 5, 7, 11, 13, 17, 19]"
1948/81,24.04938272,1948,81,"[2, 3, 487]","[2, -4, 0, 0, 0, 0, 0, 0]","[2, 3, 5, 7, 11, 13, 17, 19]"
1949/27,72.18518519,1949,27,"[3, 1949]","[0, -3, 0, 0, 0, 0, 0, 0]","[2, 3, 5, 7, 11, 13, 17, 19]"
1951/81,24.08641975,1951,81,"[3, 1951]","[0, -4, 0, 0, 0, 0, 0, 0]","[2, 3, 5, 7, 11, 13, 17, 19]"
1960/81,24.19753086,1960,81,"[2, 3, 5, 7]","[3, -4, 1, 2, 0, 0, 0, 0]","[2, 3, 5, 7, 11, 13, 17, 19]"
1961/81,24.20987654,1961,81,"[3, 37, 53]","[0, -4, 0, 0, 0, 0, 0, 0]","[2, 3, 5, 7, 11, 13, 17, 19]"
1963/81,24.23456790,1963,81,"[3, 13, 151]","[0, -4, 0, 0, 0, 1, 0, 0]","[2, 3, 5, 7, 11, 13, 17, 19]"
1964/27,72.74074074,1964,27,"[2, 3, 491]","[2, -3, 0, 0, 0, 0, 0, 0]","[2, 3, 5, 7, 11, 13, 17, 19]"
1966/81,24.27160494,1966,81,"[2, 3, 983]","[1, -4, 0, 0, 0, 0, 0, 0]","[2, 3, 5, 7, 11, 13, 17, 19]"
1967/27,72.85185185,1967,27,"[3, 7, 281]","[0, -3, 0, 1, 0, 0, 0, 0]","[2, 3, 5, 7, 11, 13, 17, 19]"
1970/81,24.32098765,1970,81,"[2, 3, 5, 197]","[1, -4, 1, 0, 0, 0, 0, 0]","[2, 3, 5, 7, 11, 13, 17, 19]"
1972/81,24.34567901,1972,81,"[2, 3, 17, 29]","[2, -4, 0, 0, 0, 0, 1, 0]","[2, 3, 5, 7, 11, 13, 17, 19]"
1975/81,24.38271605,1975,81,"[3, 5, 79]","[0, -4, 2, 0, 0, 0, 0, 0]","[2, 3, 5, 7, 11, 13, 17, 19]"
1976/27,73.18518519,1976,27,"[2, 3, 13, 19]","[3, -3, 0, 0, 0, 1, 0, 1]","[2, 3, 5, 7, 11, 13, 17, 19]"
1976/81,24.39506173,1976,81,"[2, 3, 13, 19]","[3, -4, 0, 0, 0, 1, 0, 1]","[2, 3, 5, 7, 11, 13, 17, 19]"
1978/81,24.41975309,1978,81,"[2, 3, 23, 43]","[1, -4, 0, 0, 0, 0, 0, 0]","[2, 3, 5, 7, 11, 13, 17, 19]"
1985/27,73.51851852,1985,27,"[3, 5, 397]","[0, -3, 1, 0, 0, 0, 0, 0]","[2, 3, 5, 7, 11, 13, 17, 19]"
1985/81,24.50617284,1985,81,"[3, 5, 397]","[0, -4, 1, 0, 0, 0, 0, 0]","[2, 3, 5, 7, 11, 13, 17, 19]"
1987/81,24.53086420,1987,81,"[3, 1987]","[0, -4, 0, 0, 0, 0, 0, 0]","[2, 3, 5, 7, 11, 13, 17, 19]"
1988/81,24.54320988,1988,81,"[2, 3, 7, 71]","[2, -4, 0, 1, 0, 0, 0, 0]","[2, 3, 5, 7, 11, 13, 17, 19]"
1991/27,73.74074074,1991,27,"[3, 11, 181]","[0, -3, 0, 0, 1, 0, 0, 0]","[2, 3, 5, 7, 11, 13, 17, 19]"
1993/81,24.60493827,1993,81,"[3, 1993]","[0, -4, 0, 0, 0, 0, 0, 0]","[2, 3, 5, 7, 11, 13, 17, 19]"
1994/27,73.85185185,1994,27,"[2, 3, 997]","[1, -3, 0, 0, 0, 0, 0, 0]","[2, 3, 5, 7, 11, 13, 17, 19]"
1997/81,24.65432099,1997,81,"[3, 1997]","[0, -4, 0, 0, 0, 0, 0, 0]","[2, 3, 5, 7, 11, 13, 17, 19]"
2000/81,24.69135802,2000,81,"[2, 3, 5]","[4, -4, 3, 0, 0, 0, 0, 0]","[2, 3, 5, 7, 11, 13, 17, 19]"
2003/81,24.72839506,2003,81,"[3, 2003]","[0, -4, 0, 0, 0, 0, 0, 0]","[2, 3, 5, 7, 11, 13, 17, 19]"
2005/81,24.75308642,2005,81,"[3, 5, 401]","[0, -4, 1, 0, 0, 0, 0, 0]","[2, 3, 5, 7, 11, 13, 17, 19]"
2006/81,24.76543210,2006,81,"[2, 3, 17, 59]","[1, -4, 0, 0, 0, 0, 1, 0]","[2, 3, 5, 7, 11, 13, 17, 19]"
2012/27,74.51851852,2012,27,"[2, 3, 503]","[2, -3, 0, 0, 0, 0, 0, 0]","[2, 3, 5, 7, 11, 13, 17, 19]"
2012/81,24.83950617,2012,81,"[2, 3, 503]","[2, -4, 0, 0, 0, 0, 0, 0]","[2, 3, 5, 7, 11, 13, 17, 19]"
2017/81,24.90123457,2017,81,"[3, 2017]","[0, -4, 0, 0, 0, 0, 0, 0]","[2, 3, 5, 7, 11, 13, 17, 19]"
2020/81,24.93827160,2020,81,"[2, 3, 5, 101]","[2, -4, 1, 0, 0, 0, 0, 0]","[2, 3, 5, 7, 11, 13, 17, 19]"
2021/27,74.85185185,2021,27,"[3, 43, 47]","[0, -3, 0, 0, 0, 0, 0, 0]","[2, 3, 5, 7, 11, 13, 17, 19]"
2023/81,24.97530864,2023,81,"[3, 7, 17]","[0, -4, 0, 1, 0, 0, 2, 0]","[2, 3, 5, 7, 11, 13, 17, 19]"
2026/81,25.01234568,2026,81,"[2, 3, 1013]","[1, -4, 0, 0, 0, 0, 0, 0]","[2, 3, 5, 7, 11, 13, 17, 19]"
2030/81,25.06172840,2030,81,"[2, 3, 5, 7, 29]","[1, -4, 1, 1, 0, 0, 0, 0]","[2, 3, 5, 7, 11, 13, 17, 19]"
2032/81,25.08641975,2032,81,"[2, 3, 127]","[4, -4, 0, 0, 0, 0, 0, 0]","[2, 3, 5, 7, 11, 13, 17, 19]"
2039/27,75.51851852,2039,27,"[3, 2039]","[0, -3, 0, 0, 0, 0, 0, 0]","[2, 3, 5, 7, 11, 13, 17, 19]"
2041/81,25.19753086,2041,81,"[3, 13, 157]","[0, -4, 0, 0, 0, 1, 0, 0]","[2, 3, 5, 7, 11, 13, 17, 19]"
2042/81,25.20987654,2042,81,"[2, 3, 1021]","[1, -4, 0, 0, 0, 0, 0, 0]","[2, 3, 5, 7, 11, 13, 17, 19]"
2047/81,25.27160494,2047,81,"[3, 23, 89]","[0, -4, 0, 0, 0, 0, 0, 0]","[2, 3, 5, 7, 11, 13, 17, 19]"
2050/81,25.30864198,2050,81,"[2, 3, 5, 41]","[1, -4, 2, 0, 0, 0, 0, 0]","[2, 3, 5, 7, 11, 13, 17, 19]"
2051/81,25.32098765,2051,81,"[3, 7, 293]","[0, -4, 0, 1, 0, 0, 0, 0]","[2, 3, 5, 7, 11, 13, 17, 19]"
2053/81,25.34567901,2053,81,"[3, 2053]","[0, -4, 0, 0, 0, 0, 0, 0]","[2, 3, 5, 7, 11, 13, 17, 19]"
2056/81,25.38271605,2056,81,"[2, 3, 257]","[3, -4, 0, 0, 0, 0, 0, 0]","[2, 3, 5, 7, 11, 13, 17, 19]"
2057/81,25.39506173,2057,81,"[3, 11, 17]","[0, -4, 0, 0, 2, 0, 1, 0]","[2, 3, 5, 7, 11, 13, 17, 19]"
2060/81,25.43209877,2060,81,"[2, 3, 5, 103]","[2, -4, 1, 0, 0, 0, 0, 0]","[2, 3, 5, 7, 11, 13, 17, 19]"
2066/27,76.51851852,2066,27,"[2, 3, 1033]","[1, -3, 0, 0, 0, 0, 0, 0]","[2, 3, 5, 7, 11, 13, 17, 19]"
2066/81,25.50617284,2066,81,"[2, 3, 1033]","[1, -4, 0, 0, 0, 0, 0, 0]","[2, 3, 5, 7, 11, 13, 17, 19]"
2068/81,25.53086420,2068,81,"[2, 3, 11, 47]","[2, -4, 0, 0, 1, 0, 0, 0]","[2, 3, 5, 7, 11, 13, 17, 19]"
2075/81,25.61728395,2075,81,"[3, 5, 83]","[0, -4, 2, 0, 0, 0, 0, 0]","[2, 3, 5, 7, 11, 13, 17, 19]"
2078/81,25.65432099,2078,81,"[2, 3, 1039]","[1, -4, 0, 0, 0, 0, 0, 0]","[2, 3, 5, 7, 11, 13, 17, 19]"
2080/81,25.67901235,2080,81,"[2, 3, 5, 13]","[5, -4, 1, 0, 0, 1, 0, 0]","[2, 3, 5, 7, 11, 13, 17, 19]"
2081/81,25.69135802,2081,81,"[3, 2081]","[0, -4, 0, 0, 0, 0, 0, 0]","[2, 3, 5, 7, 11, 13, 17, 19]"
2086/81,25.75308642,2086,81,"[2, 3, 7, 149]","[1, -4, 0, 1, 0, 0, 0, 0]","[2, 3, 5, 7, 11, 13, 17, 19]"
2087/81,25.76543210,2087,81,"[3, 2087]","[0, -4, 0, 0, 0, 0, 0, 0]","[2, 3, 5, 7, 11, 13, 17, 19]"
2093/81,25.83950617,2093,81,"[3, 7, 13, 23]","[0, -4, 0, 1, 0, 1, 0, 0]","[2, 3, 5, 7, 11, 13, 17, 19]"
2095/81,25.86419753,2095,81,"[3, 5, 419]","[0, -4, 1, 0, 0, 0, 0, 0]","[2, 3, 5, 7, 11, 13, 17, 19]"
2098/81,25.90123457,2098,81,"[2, 3, 1049]","[1, -4, 0, 0, 0, 0, 0, 0]","[2, 3, 5, 7, 11, 13, 17, 19]"
2101/81,25.93827160,2101,81,"[3, 11, 191]","[0, -4, 0, 0, 1, 0, 0, 0]","[2, 3, 5, 7, 11, 13, 17, 19]"
2105/81,25.98765432,2105,81,"[3, 5, 421]","[0, -4, 1, 0, 0, 0, 0, 0]","[2, 3, 5, 7, 11, 13, 17, 19]"
2107/81,26.01234568,2107,81,"[3, 7, 43]","[0, -4, 0, 2, 0, 0, 0, 0]","[2, 3, 5, 7, 11, 13, 17, 19]"
2110/81,26.04938272,2110,81,"[2, 3, 5, 211]","[1, -4, 1, 0, 0, 0, 0, 0]","[2, 3, 5, 7, 11, 13, 17, 19]"
2111/81,26.06172840,2111,81,"[3, 2111]","[0, -4, 0, 0, 0, 0, 0, 0]","[2, 3, 5, 7, 11, 13, 17, 19]"
2113/81,26.08641975,2113,81,"[3, 2113]","[0, -4, 0, 0, 0, 0, 0, 0]","[2, 3, 5, 7, 11, 13, 17, 19]"
2120/81,26.17283951,2120,81,"[2, 3, 5, 53]","[3, -4, 1, 0, 0, 0, 0, 0]","[2, 3, 5, 7, 11, 13, 17, 19]"
2122/81,26.19753086,2122,81,"[2, 3, 1061]","[1, -4, 0, 0, 0, 0, 0, 0]","[2, 3, 5, 7, 11, 13, 17, 19]"
2123/81,26.20987654,2123,81,"[3, 11, 193]","[0, -4, 0, 0, 1, 0, 0, 0]","[2, 3, 5, 7, 11, 13, 17, 19]"
2128/81,26.27160494,2128,81,"[2, 3, 7, 19]","[4, -4, 0, 1, 0, 0, 0, 1]","[2, 3, 5, 7, 11, 13, 17, 19]"
2131/81,26.30864198,2131,81,"[3, 2131]","[0, -4, 0, 0, 0, 0, 0, 0]","[2, 3, 5, 7, 11, 13, 17, 19]"
2132/81,26.32098765,2132,81,"[2, 3, 13, 41]","[2, -4, 0, 0, 0, 1, 0, 0]","[2, 3, 5, 7, 11, 13, 17, 19]"
2135/81,26.35802469,2135,81,"[3, 5, 7, 61]","[0, -4, 1, 1, 0, 0, 0, 0]","[2, 3, 5, 7, 11, 13, 17, 19]"
2137/81,26.38271605,2137,81,"[3, 2137]","[0, -4, 0, 0, 0, 0, 0, 0]","[2, 3, 5, 7, 11, 13, 17, 19]"
2138/81,26.39506173,2138,81,"[2, 3, 1069]","[1, -4, 0, 0, 0, 0, 0, 0]","[2, 3, 5, 7, 11, 13, 17, 19]"
2141/81,26.43209877,2141,81,"[3, 2141]","[0, -4, 0, 0, 0, 0, 0, 0]","[2, 3, 5, 7, 11, 13, 17, 19]"
2147/81,26.50617284,2147,81,"[3, 19, 113]","[0, -4, 0, 0, 0, 0, 0, 1]","[2, 3, 5, 7, 11, 13, 17, 19]"
2155/81,26.60493827,2155,81,"[3, 5, 431]","[0, -4, 1, 0, 0, 0, 0, 0]","[2, 3, 5, 7, 11, 13, 17, 19]"
2156/81,26.61728395,2156,81,"[2, 3, 7, 11]","[2, -4, 0, 2, 1, 0, 0, 0]","[2, 3, 5, 7, 11, 13, 17, 19]"
2161/81,26.67901235,2161,81,"[3, 2161]","[0, -4, 0, 0, 0, 0, 0, 0]","[2, 3, 5, 7, 11, 13, 17, 19]"
2162/81,26.69135802,2162,81,"[2, 3, 23, 47]","[1, -4, 0, 0, 0, 0, 0, 0]","[2, 3, 5, 7, 11, 13, 17, 19]"
2167/81,26.75308642,2167,81,"[3, 11, 197]","[0, -4, 0, 0, 1, 0, 0, 0]","[2, 3, 5, 7, 11, 13, 17, 19]"
2168/81,26.76543210,2168,81,"[2, 3, 271]","[3, -4, 0, 0, 0, 0, 0, 0]","[2, 3, 5, 7, 11, 13, 17, 19]"
2176/81,26.86419753,2176,81,"[2, 3, 17]","[7, -4, 0, 0, 0, 0, 1, 0]","[2, 3, 5, 7, 11, 13, 17, 19]"
2182/81,26.93827160,2182,81,"[2, 3, 1091]","[1, -4, 0, 0, 0, 0, 0, 0]","[2, 3, 5, 7, 11, 13, 17, 19]"
2185/81,26.97530864,2185,81,"[3, 5, 19, 23]","[0, -4, 1, 0, 0, 0, 0, 1]","[2, 3, 5, 7, 11, 13, 17, 19]"
2186/81,26.98765432,2186,81,"[2, 3, 1093]","[1, -4, 0, 0, 0, 0, 0, 0]","[2, 3, 5, 7, 11, 13, 17, 19]"
2188/81,27.01234568,2188,81,"[2, 3, 547]","[2, -4, 0, 0, 0, 0, 0, 0]","[2, 3, 5, 7, 11, 13, 17, 19]"
2191/81,27.04938272,2191,81,"[3, 7, 313]","[0, -4, 0, 1, 0, 0, 0, 0]","[2, 3, 5, 7, 11, 13, 17, 19]"
2192/81,27.06172840,2192,81,"[2, 3, 137]","[4, -4, 0, 0, 0, 0, 0, 0]","[2, 3, 5, 7, 11, 13, 17, 19]"
2195/81,27.09876543,2195,81,"[3, 5, 439]","[0, -4, 1, 0, 0, 0, 0, 0]","[2, 3, 5, 7, 11, 13, 17, 19]"
2200/81,27.16049383,2200,81,"[2, 3, 5, 11]","[3, -4, 2, 0, 1, 0, 0, 0]","[2, 3, 5, 7, 11, 13, 17, 19]"
2201/81,27.17283951,2201,81,"[3, 31, 71]","[0, -4, 0, 0, 0, 0, 0, 0]","[2, 3, 5, 7, 11, 13, 17, 19]"
2203/81,27.19753086,2203,81,"[3, 2203]","[0, -4, 0, 0, 0, 0, 0, 0]","[2, 3, 5, 7, 11, 13, 17, 19]"
2210/81,27.28395062,2210,81,"[2, 3, 5, 13, 17]","[1, -4, 1, 0, 0, 1, 1, 0]","[2, 3, 5, 7, 11, 13, 17, 19]"
2212/81,27.30864198,2212,81,"[2, 3, 7, 79]","[2, -4, 0, 1, 0, 0, 0, 0]","[2, 3, 5, 7, 11, 13, 17, 19]"
2213/81,27.32098765,2213,81,"[3, 2213]","[0, -4, 0, 0, 0, 0, 0, 0]","[2, 3, 5, 7, 11, 13, 17, 19]"
2216/81,27.35802469,2216,81,"[2, 3, 277]","[3, -4, 0, 0, 0, 0, 0, 0]","[2, 3, 5, 7, 11, 13, 17, 19]"
2218/81,27.38271605,2218,81,"[2, 3, 1109]","[1, -4, 0, 0, 0, 0, 0, 0]","[2, 3, 5, 7, 11, 13, 17, 19]"
2222/81,27.43209877,2222,81,"[2, 3, 11, 101]","[1, -4, 0, 0, 1, 0, 0, 0]","[2, 3, 5, 7, 11, 13, 17, 19]"
2225/81,27.46913580,2225,81,"[3, 5, 89]","[0, -4, 2, 0, 0, 0, 0, 0]","[2, 3, 5, 7, 11, 13, 17, 19]"
2228/81,27.50617284,2228,81,"[2, 3, 557]","[2, -4, 0, 0, 0, 0, 0, 0]","[2, 3, 5, 7, 11, 13, 17, 19]"
2230/81,27.53086420,2230,81,"[2, 3, 5, 223]","[1, -4, 1, 0, 0, 0, 0, 0]","[2, 3, 5, 7, 11, 13, 17, 19]"
2236/81,27.60493827,2236,81,"[2, 3, 13, 43]","[2, -4, 0, 0, 0, 1, 0, 0]","[2, 3, 5, 7, 11, 13, 17, 19]"
2237/81,27.61728395,2237,81,"[3, 2237]","[0, -4, 0, 0, 0, 0, 0, 0]","[2, 3, 5, 7, 11, 13, 17, 19]"
2242/81,27.67901235,2242,81,"[2, 3, 19, 59]","[1, -4, 0, 0, 0, 0, 0, 1]","[2, 3, 5, 7, 11, 13, 17, 19]"
2243/81,27.69135802,2243,81,"[3, 2243]","[0, -4, 0, 0, 0, 0, 0, 0]","[2, 3, 5, 7, 11, 13, 17, 19]"
2245/81,27.71604938,2245,81,"[3, 5, 449]","[0, -4, 1, 0, 0, 0, 0, 0]","[2, 3, 5, 7, 11, 13, 17, 19]"
2248/81,27.75308642,2248,81,"[2, 3, 281]","[3, -4, 0, 0, 0, 0, 0, 0]","[2, 3, 5, 7, 11, 13, 17, 19]"
2255/81,27.83950617,2255,81,"[3, 5, 11, 41]","[0, -4, 1, 0, 1, 0, 0, 0]","[2, 3, 5, 7, 11, 13, 17, 19]"
2257/81,27.86419753,2257,81,"[3, 37, 61]","[0, -4, 0, 0, 0, 0, 0, 0]","[2, 3, 5, 7, 11, 13, 17, 19]"
2263/81,27.93827160,2263,81,"[3, 31, 73]","[0, -4, 0, 0, 0, 0, 0, 0]","[2, 3, 5, 7, 11, 13, 17, 19]"
2266/81,27.97530864,2266,81,"[2, 3, 11, 103]","[1, -4, 0, 0, 1, 0, 0, 0]","[2, 3, 5, 7, 11, 13, 17, 19]"
2267/81,27.98765432,2267,81,"[3, 2267]","[0, -4, 0, 0, 0, 0, 0, 0]","[2, 3, 5, 7, 11, 13, 17, 19]"
2270/81,28.02469136,2270,81,"[2, 3, 5, 227]","[1, -4, 1, 0, 0, 0, 0, 0]","[2, 3, 5, 7, 11, 13, 17, 19]"
2272/81,28.04938272,2272,81,"[2, 3, 71]","[5, -4, 0, 0, 0, 0, 0, 0]","[2, 3, 5, 7, 11, 13, 17, 19]"
2273/81,28.06172840,2273,81,"[3, 2273]","[0, -4, 0, 0, 0, 0, 0, 0]","[2, 3, 5, 7, 11, 13, 17, 19]"
2276/81,28.09876543,2276,81,"[2, 3, 569]","[2, -4, 0, 0, 0, 0, 0, 0]","[2, 3, 5, 7, 11, 13, 17, 19]"
2281/81,28.16049383,2281,81,"[3, 2281]","[0, -4, 0, 0, 0, 0, 0, 0]","[2, 3, 5, 7, 11, 13, 17, 19]"
2282/81,28.17283951,2282,81,"[2, 3, 7, 163]","[1, -4, 0, 1, 0, 0, 0, 0]","[2, 3, 5, 7, 11, 13, 17, 19]"
2291/81,28.28395062,2291,81,"[3, 29, 79]","[0, -4, 0, 0, 0, 0, 0, 0]","[2, 3, 5, 7, 11, 13, 17, 19]"
2293/81,28.30864198,2293,81,"[3, 2293]","[0, -4, 0, 0, 0, 0, 0, 0]","[2, 3, 5, 7, 11, 13, 17, 19]"
2297/81,28.35802469,2297,81,"[3, 2297]","[0, -4, 0, 0, 0, 0, 0, 0]","[2, 3, 5, 7, 11, 13, 17, 19]"
2300/81,28.39506173,2300,81,"[2, 3, 5, 23]","[2, -4, 2, 0, 0, 0, 0, 0]","[2, 3, 5, 7, 11, 13, 17, 19]"
2303/81,28.43209877,2303,81,"[3, 7, 47]","[0, -4, 0, 2, 0, 0, 0, 0]","[2, 3, 5, 7, 11, 13, 17, 19]"
2306/81,28.46913580,2306,81,"[2, 3, 1153]","[1, -4, 0, 0, 0, 0, 0, 0]","[2, 3, 5, 7, 11, 13, 17, 19]"
2311/81,28.53086420,2311,81,"[3, 2311]","[0, -4, 0, 0, 0, 0, 0, 0]","[2, 3, 5, 7, 11, 13, 17, 19]"
2317/81,28.60493827,2317,81,"[3, 7, 331]","[0, -4, 0, 1, 0, 0, 0, 0]","[2, 3, 5, 7, 11, 13, 17, 19]"
2318/81,28.61728395,2318,81,"[2, 3, 19, 61]","[1, -4, 0, 0, 0, 0, 0, 1]","[2, 3, 5, 7, 11, 13, 17, 19]"
2320/81,28.64197531,2320,81,"[2, 3, 5, 29]","[4, -4, 1, 0, 0, 0, 0, 0]","[2, 3, 5, 7, 11, 13, 17, 19]"
2323/81,28.67901235,2323,81,"[3, 23, 101]","[0, -4, 0, 0, 0, 0, 0, 0]","[2, 3, 5, 7, 11, 13, 17, 19]"
2326/81,28.71604938,2326,81,"[2, 3, 1163]","[1, -4, 0, 0, 0, 0, 0, 0]","[2, 3, 5, 7, 11, 13, 17, 19]"
2330/81,28.76543210,2330,81,"[2, 3, 5, 233]","[1, -4, 1, 0, 0, 0, 0, 0]","[2, 3, 5, 7, 11, 13, 17, 19]"
2335/81,28.82716049,2335,81,"[3, 5, 467]","[0, -4, 1, 0, 0, 0, 0, 0]","[2, 3, 5, 7, 11, 13, 17, 19]"
2336/81,28.83950617,2336,81,"[2, 3, 73]","[5, -4, 0, 0, 0, 0, 0, 0]","[2, 3, 5, 7, 11, 13, 17, 19]"
2338/81,28.86419753,2338,81,"[2, 3, 7, 167]","[1, -4, 0, 1, 0, 0, 0, 0]","[2, 3, 5, 7, 11, 13, 17, 19]"
2345/81,28.95061728,2345,81,"[3, 5, 7, 67]","[0, -4, 1, 1, 0, 0, 0, 0]","[2, 3, 5, 7, 11, 13, 17, 19]"
2347/81,28.97530864,2347,81,"[3, 2347]","[0, -4, 0, 0, 0, 0, 0, 0]","[2, 3, 5, 7, 11, 13, 17, 19]"
2348/81,28.98765432,2348,81,"[2, 3, 587]","[2, -4, 0, 0, 0, 0, 0, 0]","[2, 3, 5, 7, 11, 13, 17, 19]"
2351/81,29.02469136,2351,81,"[3, 2351]","[0, -4, 0, 0, 0, 0, 0, 0]","[2, 3, 5, 7, 11, 13, 17, 19]"
2353/81,29.04938272,2353,81,"[3, 13, 181]","[0, -4, 0, 0, 0, 1, 0, 0]","[2, 3, 5, 7, 11, 13, 17, 19]"
2357/81,29.09876543,2357,81,"[3, 2357]","[0, -4, 0, 0, 0, 0, 0, 0]","[2, 3, 5, 7, 11, 13, 17, 19]"
2360/81,29.13580247,2360,81,"[2, 3, 5, 59]","[3, -4, 1, 0, 0, 0, 0, 0]","[2, 3, 5, 7, 11, 13, 17, 19]"
2362/81,29.16049383,2362,81,"[2, 3, 1181]","[1, -4, 0, 0, 0, 0, 0, 0]","[2, 3, 5, 7, 11, 13, 17, 19]"
2363/81,29.17283951,2363,81,"[3, 17, 139]","[0, -4, 0, 0, 0, 0, 1, 0]","[2, 3, 5, 7, 11, 13, 17, 19]"
2372/81,29.28395062,2372,81,"[2, 3, 593]","[2, -4, 0, 0, 0, 0, 0, 0]","[2, 3, 5, 7, 11, 13, 17, 19]"
2375/81,29.32098765,2375,81,"[3, 5, 19]","[0, -4, 3, 0, 0, 0, 0, 1]","[2, 3, 5, 7, 11, 13, 17, 19]"
2378/81,29.35802469,2378,81,"[2, 3, 29, 41]","[1, -4, 0, 0, 0, 0, 0, 0]","[2, 3, 5, 7, 11, 13, 17, 19]"
2380/81,29.38271605,2380,81,"[2, 3, 5, 7, 17]","[2, -4, 1, 1, 0, 0, 1, 0]","[2, 3, 5, 7, 11, 13, 17, 19]"
2381/81,29.39506173,2381,81,"[3, 2381]","[0, -4, 0, 0, 0, 0, 0, 0]","[2, 3, 5, 7, 11, 13, 17, 19]"
2387/81,29.46913580,2387,81,"[3, 7, 11, 31]","[0, -4, 0, 1, 1, 0, 0, 0]","[2, 3, 5, 7, 11, 13, 17, 19]"
2392/81,29.53086420,2392,81,"[2, 3, 13, 23]","[3, -4, 0, 0, 0, 1, 0, 0]","[2, 3, 5, 7, 11, 13, 17, 19]"
2398/81,29.60493827,2398,81,"[2, 3, 11, 109]","[1, -4, 0, 0, 1, 0, 0, 0]","[2, 3, 5, 7, 11, 13, 17, 19]"
2401/81,29.64197531,2401,81,"[3, 7]","[0, -4, 0, 4, 0, 0, 0, 0]","[2, 3, 5, 7, 11, 13, 17, 19]"
2405/81,29.69135802,2405,81,"[3, 5, 13, 37]","[0, -4, 1, 0, 0, 1, 0, 0]","[2, 3, 5, 7, 11, 13, 17, 19]"
2407/81,29.71604938,2407,81,"[3, 29, 83]","[0, -4, 0, 0, 0, 0, 0, 0]","[2, 3, 5, 7, 11, 13, 17, 19]"
2411/81,29.76543210,2411,81,"[3, 2411]","[0, -4, 0, 0, 0, 0, 0, 0]","[2, 3, 5, 7, 11, 13, 17, 19]"
2416/81,29.82716049,2416,81,"[2, 3, 151]","[4, -4, 0, 0, 0, 0, 0, 0]","[2, 3, 5, 7, 11, 13, 17, 19]"
2417/81,29.83950617,2417,81,"[3, 2417]","[0, -4, 0, 0, 0, 0, 0, 0]","[2, 3, 5, 7, 11, 13, 17, 19]"
2425/81,29.93827160,2425,81,"[3, 5, 97]","[0, -4, 2, 0, 0, 0, 0, 0]","[2, 3, 5, 7, 11, 13, 17, 19]"
2426/81,29.95061728,2426,81,"[2, 3, 1213]","[1, -4, 0, 0, 0, 0, 0, 0]","[2, 3, 5, 7, 11, 13, 17, 19]"
2428/81,29.97530864,2428,81,"[2, 3, 607]","[2, -4, 0, 0, 0, 0, 0, 0]","[2, 3, 5, 7, 11, 13, 17, 19]"
2432/81,30.02469136,2432,81,"[2, 3, 19]","[7, -4, 0, 0, 0, 0, 0, 1]","[2, 3, 5, 7, 11, 13, 17, 19]"
2435/81,30.06172840,2435,81,"[3, 5, 487]","[0, -4, 1, 0, 0, 0, 0, 0]","[2, 3, 5, 7, 11, 13, 17, 19]"
2438/81,30.09876543,2438,81,"[2, 3, 23, 53]","[1, -4, 0, 0, 0, 0, 0, 0]","[2, 3, 5, 7, 11, 13, 17, 19]"
2441/81,30.13580247,2441,81,"[3, 2441]","[0, -4, 0, 0, 0, 0, 0, 0]","[2, 3, 5, 7, 11, 13, 17, 19]"
2443/81,30.16049383,2443,81,"[3, 7, 349]","[0, -4, 0, 1, 0, 0, 0, 0]","[2, 3, 5, 7, 11, 13, 17, 19]"
2450/81,30.24691358,2450,81,"[2, 3, 5, 7]","[1, -4, 2, 2, 0, 0, 0, 0]","[2, 3, 5, 7, 11, 13, 17, 19]"
2453/81,30.28395062,2453,81,"[3, 11, 223]","[0, -4, 0, 0, 1, 0, 0, 0]","[2, 3, 5, 7, 11, 13, 17, 19]"
2455/81,30.30864198,2455,81,"[3, 5, 491]","[0, -4, 1, 0, 0, 0, 0, 0]","[2, 3, 5, 7, 11, 13, 17, 19]"
2456/81,30.32098765,2456,81,"[2, 3, 307]","[3, -4, 0, 0, 0, 0, 0, 0]","[2, 3, 5, 7, 11, 13, 17, 19]"
2461/81,30.38271605,2461,81,"[3, 23, 107]","[0, -4, 0, 0, 0, 0, 0, 0]","[2, 3, 5, 7, 11, 13, 17, 19]"
2462/81,30.39506173,2462,81,"[2, 3, 1231]","[1, -4, 0, 0, 0, 0, 0, 0]","[2, 3, 5, 7, 11, 13, 17, 19]"
2468/81,30.46913580,2468,81,"[2, 3, 617]","[2, -4, 0, 0, 0, 0, 0, 0]","[2, 3, 5, 7, 11, 13, 17, 19]"
2470/81,30.49382716,2470,81,"[2, 3, 5, 13, 19]","[1, -4, 1, 0, 0, 1, 0, 1]","[2, 3, 5, 7, 11, 13, 17, 19]"
2473/81,30.53086420,2473,81,"[3, 2473]","[0, -4, 0, 0, 0, 0, 0, 0]","[2, 3, 5, 7, 11, 13, 17, 19]"
2480/81,30.61728395,2480,81,"[2, 3, 5, 31]","[4, -4, 1, 0, 0, 0, 0, 0]","[2, 3, 5, 7, 11, 13, 17, 19]"
2482/81,30.64197531,2482,81,"[2, 3, 17, 73]","[1, -4, 0, 0, 0, 0, 1, 0]","[2, 3, 5, 7, 11, 13, 17, 19]"
2486/81,30.69135802,2486,81,"[2, 3, 11, 113]","[1, -4, 0, 0, 1, 0, 0, 0]","[2, 3, 5, 7, 11, 13, 17, 19]"
2488/81,30.71604938,2488,81,"[2, 3, 311]","[3, -4, 0, 0, 0, 0, 0, 0]","[2, 3, 5, 7, 11, 13, 17, 19]"
2492/81,30.76543210,2492,81,"[2, 3, 7, 89]","[2, -4, 0, 1, 0, 0, 0, 0]","[2, 3, 5, 7, 11, 13, 17, 19]"
2495/81,30.80246914,2495,81,"[3, 5, 499]","[0, -4, 1, 0, 0, 0, 0, 0]","[2, 3, 5, 7, 11, 13, 17, 19]"
2497/81,30.82716049,2497,81,"[3, 11, 227]","[0, -4, 0, 0, 1, 0, 0, 0]","[2, 3, 5, 7, 11, 13, 17, 19]"
2498/81,30.83950617,2498,81,"[2, 3, 1249]","[1, -4, 0, 0, 0, 0, 0, 0]","[2, 3, 5, 7, 11, 13, 17, 19]"
2506/81,30.93827160,2506,81,"[2, 3, 7, 179]","[1, -4, 0, 1, 0, 0, 0, 0]","[2, 3, 5, 7, 11, 13, 17, 19]"
2507/81,30.95061728,2507,81,"[3, 23, 109]","[0, -4, 0, 0, 0, 0, 0, 0]","[2, 3, 5, 7, 11, 13, 17, 19]"
2510/81,30.98765432,2510,81,"[2, 3, 5, 251]","[1, -4, 1, 0, 0, 0, 0, 0]","[2, 3, 5, 7, 11, 13, 17, 19]"
2513/81,31.02469136,2513,81,"[3, 7, 359]","[0, -4, 0, 1, 0, 0, 0, 0]","[2, 3, 5, 7, 11, 13, 17, 19]"
2516/81,31.06172840,2516,81,"[2, 3, 17, 37]","[2, -4, 0, 0, 0, 0, 1, 0]","[2, 3, 5, 7, 11, 13, 17, 19]"
2522/81,31.13580247,2522,81,"[2, 3, 13, 97]","[1, -4, 0, 0, 0, 1, 0, 0]","[2, 3, 5, 7, 11, 13, 17, 19]"
2531/81,31.24691358,2531,81,"[3, 2531]","[0, -4, 0, 0, 0, 0, 0, 0]","[2, 3, 5, 7, 11, 13, 17, 19]"
2536/81,31.30864198,2536,81,"[2, 3, 317]","[3, -4, 0, 0, 0, 0, 0, 0]","[2, 3, 5, 7, 11, 13, 17, 19]"
2537/81,31.32098765,2537,81,"[3, 43, 59]","[0, -4, 0, 0, 0, 0, 0, 0]","[2, 3, 5, 7, 11, 13, 17, 19]"
2542/81,31.38271605,2542,81,"[2, 3, 31, 41]","[1, -4, 0, 0, 0, 0, 0, 0]","[2, 3, 5, 7, 11, 13, 17, 19]"
2543/81,31.39506173,2543,81,"[3, 2543]","[0, -4, 0, 0, 0, 0, 0, 0]","[2, 3, 5, 7, 11, 13, 17, 19]"
2551/81,31.49382716,2551,81,"[3, 2551]","[0, -4, 0, 0, 0, 0, 0, 0]","[2, 3, 5, 7, 11, 13, 17, 19]"
2560/81,31.60493827,2560,81,"[2, 3, 5]","[9, -4, 1, 0, 0, 0, 0, 0]","[2, 3, 5, 7, 11, 13, 17, 19]"
2561/81,31.61728395,2561,81,"[3, 13, 197]","[0, -4, 0, 0, 0, 1, 0, 0]","[2, 3, 5, 7, 11, 13, 17, 19]"
2563/81,31.64197531,2563,81,"[3, 11, 233]","[0, -4, 0, 0, 1, 0, 0, 0]","[2, 3, 5, 7, 11, 13, 17, 19]"
2567/81,31.69135802,2567,81,"[3, 17, 151]","[0, -4, 0, 0, 0, 0, 1, 0]","[2, 3, 5, 7, 11, 13, 17, 19]"
2570/81,31.72839506,2570,81,"[2, 3, 5, 257]","[1, -4, 1, 0, 0, 0, 0, 0]","[2, 3, 5, 7, 11, 13, 17, 19]"
2573/81,31.76543210,2573,81,"[3, 31, 83]","[0, -4, 0, 0, 0, 0, 0, 0]","[2, 3, 5, 7, 11, 13, 17, 19]"
2576/81,31.80246914,2576,81,"[2, 3, 7, 23]","[4, -4, 0, 1, 0, 0, 0, 0]","[2, 3, 5, 7, 11, 13, 17, 19]"
2578/81,31.82716049,2578,81,"[2, 3, 1289]","[1, -4, 0, 0, 0, 0, 0, 0]","[2, 3, 5, 7, 11, 13, 17, 19]"
2585/81,31.91358025,2585,81,"[3, 5, 11, 47]","[0, -4, 1, 0, 1, 0, 0, 0]","[2, 3, 5, 7, 11, 13, 17, 19]"
2587/81,31.93827160,2587,81,"[3, 13, 199]","[0, -4, 0, 0, 0, 1, 0, 0]","[2, 3, 5, 7, 11, 13, 17, 19]"
2588/81,31.95061728,2588,81,"[2, 3, 647]","[2, -4, 0, 0, 0, 0, 0, 0]","[2, 3, 5, 7, 11, 13, 17, 19]"
2591/81,31.98765432,2591,81,"[3, 2591]","[0, -4, 0, 0, 0, 0, 0, 0]","[2, 3, 5, 7, 11, 13, 17, 19]"
2597/81,32.06172840,2597,81,"[3, 7, 53]","[0, -4, 0, 2, 0, 0, 0, 0]","[2, 3, 5, 7, 11, 13, 17, 19]"
2600/81,32.09876543,2600,81,"[2, 3, 5, 13]","[3, -4, 2, 0, 0, 1, 0, 0]","[2, 3, 5, 7, 11, 13, 17, 19]"
2603/81,32.13580247,2603,81,"[3, 19, 137]","[0, -4, 0, 0, 0, 0, 0, 1]","[2, 3, 5, 7, 11, 13, 17, 19]"
2605/81,32.16049383,2605,81,"[3, 5, 521]","[0, -4, 1, 0, 0, 0, 0, 0]","[2, 3, 5, 7, 11, 13, 17, 19]"
2612/81,32.24691358,2612,81,"[2, 3, 653]","[2, -4, 0, 0, 0, 0, 0, 0]","[2, 3, 5, 7, 11, 13, 17, 19]"
2617/81,32.30864198,2617,81,"[3, 2617]","[0, -4, 0, 0, 0, 0, 0, 0]","[2, 3, 5, 7, 11, 13, 17, 19]"
2618/81,32.32098765,2618,81,"[2, 3, 7, 11, 17]","[1, -4, 0, 1, 1, 0, 1, 0]","[2, 3, 5, 7, 11, 13, 17, 19]"
2623/81,32.38271605,2623,81,"[3, 43, 61]","[0, -4, 0, 0, 0, 0, 0, 0]","[2, 3, 5, 7, 11, 13, 17, 19]"
2630/81,32.46913580,2630,81,"[2, 3, 5, 263]","[1, -4, 1, 0, 0, 0, 0, 0]","[2, 3, 5, 7, 11, 13, 17, 19]"
2632/81,32.49382716,2632,81,"[2, 3, 7, 47]","[3, -4, 0, 1, 0, 0, 0, 0]","[2, 3, 5, 7, 11, 13, 17, 19]"
2641/81,32.60493827,2641,81,"[3, 19, 139]","[0, -4, 0, 0, 0, 0, 0, 1]","[2, 3, 5, 7, 11, 13, 17, 19]"
2642/81,32.61728395,2642,81,"[2, 3, 1321]","[1, -4, 0, 0, 0, 0, 0, 0]","[2, 3, 5, 7, 11, 13, 17, 19]"
2645/81,32.65432099,2645,81,"[3, 5, 23]","[0, -4, 1, 0, 0, 0, 0, 0]","[2, 3, 5, 7, 11, 13, 17, 19]"
2648/81,32.69135802,2648,81,"[2, 3, 331]","[3, -4, 0, 0, 0, 0, 0, 0]","[2, 3, 5, 7, 11, 13, 17, 19]"
2651/81,32.72839506,2651,81,"[3, 11, 241]","[0, -4, 0, 0, 1, 0, 0, 0]","[2, 3, 5, 7, 11, 13, 17, 19]"
2657/81,32.80246914,2657,81,"[3, 2657]","[0, -4, 0, 0, 0, 0, 0, 0]","[2, 3, 5, 7, 11, 13, 17, 19]"
2666/81,32.91358025,2666,81,"[2, 3, 31, 43]","[1, -4, 0, 0, 0, 0, 0, 0]","[2, 3, 5, 7, 11, 13, 17, 19]"
2668/81,32.93827160,2668,81,"[2, 3, 23, 29]","[2, -4, 0, 0, 0, 0, 0, 0]","[2, 3, 5, 7, 11, 13, 17, 19]"
2672/81,32.98765432,2672,81,"[2, 3, 167]","[4, -4, 0, 0, 0, 0, 0, 0]","[2, 3, 5, 7, 11, 13, 17, 19]"
2675/81,33.02469136,2675,81,"[3, 5, 107]","[0, -4, 2, 0, 0, 0, 0, 0]","[2, 3, 5, 7, 11, 13, 17, 19]"
2678/81,33.06172840,2678,81,"[2, 3, 13, 103]","[1, -4, 0, 0, 0, 1, 0, 0]","[2, 3, 5, 7, 11, 13, 17, 19]"
2681/81,33.09876543,2681,81,"[3, 7, 383]","[0, -4, 0, 1, 0, 0, 0, 0]","[2, 3, 5, 7, 11, 13, 17, 19]"
2686/81,33.16049383,2686,81,"[2, 3, 17, 79]","[1, -4, 0, 0, 0, 0, 1, 0]","[2, 3, 5, 7, 11, 13, 17, 19]"
2693/81,33.24691358,2693,81,"[3, 2693]","[0, -4, 0, 0, 0, 0, 0, 0]","[2, 3, 5, 7, 11, 13, 17, 19]"
2695/81,33.27160494,2695,81,"[3, 5, 7, 11]","[0, -4, 1, 2, 1, 0, 0, 0]","[2, 3, 5, 7, 11, 13, 17, 19]"
2698/81,33.30864198,2698,81,"[2, 3, 19, 71]","[1, -4, 0, 0, 0, 0, 0, 1]","[2, 3, 5, 7, 11, 13, 17, 19]"
2705/81,33.39506173,2705,81,"[3, 5, 541]","[0, -4, 1, 0, 0, 0, 0, 0]","[2, 3, 5, 7, 11, 13, 17, 19]"
2711/81,33.46913580,2711,81,"[3, 2711]","[0, -4, 0, 0, 0, 0, 0, 0]","[2, 3, 5, 7, 11, 13, 17, 19]"
2713/81,33.49382716,2713,81,"[3, 2713]","[0, -4, 0, 0, 0, 0, 0, 0]","[2, 3, 5, 7, 11, 13, 17, 19]"
2720/81,33.58024691,2720,81,"[2, 3, 5, 17]","[5, -4, 1, 0, 0, 0, 1, 0]","[2, 3, 5, 7, 11, 13, 17, 19]"
2722/81,33.60493827,2722,81,"[2, 3, 1361]","[1, -4, 0, 0, 0, 0, 0, 0]","[2, 3, 5, 7, 11, 13, 17, 19]"
2723/81,33.61728395,2723,81,"[3, 7, 389]","[0, -4, 0, 1, 0, 0, 0, 0]","[2, 3, 5, 7, 11, 13, 17, 19]"
2726/81,33.65432099,2726,81,"[2, 3, 29, 47]","[1, -4, 0, 0, 0, 0, 0, 0]","[2, 3, 5, 7, 11, 13, 17, 19]"
2732/81,33.72839506,2732,81,"[2, 3, 683]","[2, -4, 0, 0, 0, 0, 0, 0]","[2, 3, 5, 7, 11, 13, 17, 19]"
2735/81,33.76543210,2735,81,"[3, 5, 547]","[0, -4, 1, 0, 0, 0, 0, 0]","[2, 3, 5, 7, 11, 13, 17, 19]"
2738/81,33.80246914,2738,81,"[2, 3, 37]","[1, -4, 0, 0, 0, 0, 0, 0]","[2, 3, 5, 7, 11, 13, 17, 19]"
2747/81,33.91358025,2747,81,"[3, 41, 67]","[0, -4, 0, 0, 0, 0, 0, 0]","[2, 3, 5, 7, 11, 13, 17, 19]"
2753/81,33.98765432,2753,81,"[3, 2753]","[0, -4, 0, 0, 0, 0, 0, 0]","[2, 3, 5, 7, 11, 13, 17, 19]"
2756/81,34.02469136,2756,81,"[2, 3, 13, 53]","[2, -4, 0, 0, 0, 1, 0, 0]","[2, 3, 5, 7, 11, 13, 17, 19]"
2762/81,34.09876543,2762,81,"[2, 3, 1381]","[1, -4, 0, 0, 0, 0, 0, 0]","[2, 3, 5, 7, 11, 13, 17, 19]"
2767/81,34.16049383,2767,81,"[3, 2767]","[0, -4, 0, 0, 0, 0, 0, 0]","[2, 3, 5, 7, 11, 13, 17, 19]"
2776/81,34.27160494,2776,81,"[2, 3, 347]","[3, -4, 0, 0, 0, 0, 0, 0]","[2, 3, 5, 7, 11, 13, 17, 19]"
2780/81,34.32098765,2780,81,"[2, 3, 5, 139]","[2, -4, 1, 0, 0, 0, 0, 0]","[2, 3, 5, 7, 11, 13, 17, 19]"
2786/81,34.39506173,2786,81,"[2, 3, 7, 199]","[1, -4, 0, 1, 0, 0, 0, 0]","[2, 3, 5, 7, 11, 13, 17, 19]"
2792/81,34.46913580,2792,81,"[2, 3, 349]","[3, -4, 0, 0, 0, 0, 0, 0]","[2, 3, 5, 7, 11, 13, 17, 19]"
2801/81,34.58024691,2801,81,"[3, 2801]","[0, -4, 0, 0, 0, 0, 0, 0]","[2, 3, 5, 7, 11, 13, 17, 19]"
2803/81,34.60493827,2803,81,"[3, 2803]","[0, -4, 0, 0, 0, 0, 0, 0]","[2, 3, 5, 7, 11, 13, 17, 19]"
2807/81,34.65432099,2807,81,"[3, 7, 401]","[0, -4, 0, 1, 0, 0, 0, 0]","[2, 3, 5, 7, 11, 13, 17, 19]"
2810/81,34.69135802,2810,81,"[2, 3, 5, 281]","[1, -4, 1, 0, 0, 0, 0, 0]","[2, 3, 5, 7, 11, 13, 17, 19]"
2813/81,34.72839506,2813,81,"[3, 29, 97]","[0, -4, 0, 0, 0, 0, 0, 0]","[2, 3, 5, 7, 11, 13, 17, 19]"
2816/81,34.76543210,2816,81,"[2, 3, 11]","[8, -4, 0, 0, 1, 0, 0, 0]","[2, 3, 5, 7, 11, 13, 17, 19]"
2825/81,34.87654321,2825,81,"[3, 5, 113]","[0, -4, 2, 0, 0, 0, 0, 0]","[2, 3, 5, 7, 11, 13, 17, 19]"
2828/81,34.91358025,2828,81,"[2, 3, 7, 101]","[2, -4, 0, 1, 0, 0, 0, 0]","[2, 3, 5, 7, 11, 13, 17, 19]"
2830/81,34.93827160,2830,81,"[2, 3, 5, 283]","[1, -4, 1, 0, 0, 0, 0, 0]","[2, 3, 5, 7, 11, 13, 17, 19]"
2837/81,35.02469136,2837,81,"[3, 2837]","[0, -4, 0, 0, 0, 0, 0, 0]","[2, 3, 5, 7, 11, 13, 17, 19]"
2843/81,35.09876543,2843,81,"[3, 2843]","[0, -4, 0, 0, 0, 0, 0, 0]","[2, 3, 5, 7, 11, 13, 17, 19]"
2848/81,35.16049383,2848,81,"[2, 3, 89]","[5, -4, 0, 0, 0, 0, 0, 0]","[2, 3, 5, 7, 11, 13, 17, 19]"
2855/81,35.24691358,2855,81,"[3, 5, 571]","[0, -4, 1, 0, 0, 0, 0, 0]","[2, 3, 5, 7, 11, 13, 17, 19]"
2857/81,35.27160494,2857,81,"[3, 2857]","[0, -4, 0, 0, 0, 0, 0, 0]","[2, 3, 5, 7, 11, 13, 17, 19]"
2861/81,35.32098765,2861,81,"[3, 2861]","[0, -4, 0, 0, 0, 0, 0, 0]","[2, 3, 5, 7, 11, 13, 17, 19]"
2867/81,35.39506173,2867,81,"[3, 47, 61]","[0, -4, 0, 0, 0, 0, 0, 0]","[2, 3, 5, 7, 11, 13, 17, 19]"
2870/81,35.43209877,2870,81,"[2, 3, 5, 7, 41]","[1, -4, 1, 1, 0, 0, 0, 0]","[2, 3, 5, 7, 11, 13, 17, 19]"
2873/81,35.46913580,2873,81,"[3, 13, 17]","[0, -4, 0, 0, 0, 2, 1, 0]","[2, 3, 5, 7, 11, 13, 17, 19]"
2882/81,35.58024691,2882,81,"[2, 3, 11, 131]","[1, -4, 0, 0, 1, 0, 0, 0]","[2, 3, 5, 7, 11, 13, 17, 19]"
2888/81,35.65432099,2888,81,"[2, 3, 19]","[3, -4, 0, 0, 0, 0, 0, 2]","[2, 3, 5, 7, 11, 13, 17, 19]"
2891/81,35.69135802,2891,81,"[3, 7, 59]","[0, -4, 0, 2, 0, 0, 0, 0]","[2, 3, 5, 7, 11, 13, 17, 19]"
2897/81,35.76543210,2897,81,"[3, 2897]","[0, -4, 0, 0, 0, 0, 0, 0]","[2, 3, 5, 7, 11, 13, 17, 19]"
2906/81,35.87654321,2906,81,"[2, 3, 1453]","[1, -4, 0, 0, 0, 0, 0, 0]","[2, 3, 5, 7, 11, 13, 17, 19]"
2911/81,35.93827160,2911,81,"[3, 41, 71]","[0, -4, 0, 0, 0, 0, 0, 0]","[2, 3, 5, 7, 11, 13, 17, 19]"
2918/81,36.02469136,2918,81,"[2, 3, 1459]","[1, -4, 0, 0, 0, 0, 0, 0]","[2, 3, 5, 7, 11, 13, 17, 19]"
2936/81,36.24691358,2936,81,"[2, 3, 367]","[3, -4, 0, 0, 0, 0, 0, 0]","[2, 3, 5, 7, 11, 13, 17, 19]"
2938/81,36.27160494,2938,81,"[2, 3, 13, 113]","[1, -4, 0, 0, 0, 1, 0, 0]","[2, 3, 5, 7, 11, 13, 17, 19]"
2942/81,36.32098765,2942,81,"[2, 3, 1471]","[1, -4, 0, 0, 0, 0, 0, 0]","[2, 3, 5, 7, 11, 13, 17, 19]"
2945/81,36.35802469,2945,81,"[3, 5, 19, 31]","[0, -4, 1, 0, 0, 0, 0, 1]","[2, 3, 5, 7, 11, 13, 17, 19]"
2948/81,36.39506173,2948,81,"[2, 3, 11, 67]","[2, -4, 0, 0, 1, 0, 0, 0]","[2, 3, 5, 7, 11, 13, 17, 19]"
2951/81,36.43209877,2951,81,"[3, 13, 227]","[0, -4, 0, 0, 0, 1, 0, 0]","[2, 3, 5, 7, 11, 13, 17, 19]"
2960/81,36.54320988,2960,81,"[2, 3, 5, 37]","[4, -4, 1, 0, 0, 0, 0, 0]","[2, 3, 5, 7, 11, 13, 17, 19]"
2963/81,36.58024691,2963,81,"[3, 2963]","[0, -4, 0, 0, 0, 0, 0, 0]","[2, 3, 5, 7, 11, 13, 17, 19]"
2972/81,36.69135802,2972,81,"[2, 3, 743]","[2, -4, 0, 0, 0, 0, 0, 0]","[2, 3, 5, 7, 11, 13, 17, 19]"
2978/81,36.76543210,2978,81,"[2, 3, 1489]","[1, -4, 0, 0, 0, 0, 0, 0]","[2, 3, 5, 7, 11, 13, 17, 19]"
2987/81,36.87654321,2987,81,"[3, 29, 103]","[0, -4, 0, 0, 0, 0, 0, 0]","[2, 3, 5, 7, 11, 13, 17, 19]"
2992/81,36.93827160,2992,81,"[2, 3, 11, 17]","[4, -4, 0, 0, 1, 0, 1, 0]","[2, 3, 5, 7, 11, 13, 17, 19]"
3005/81,37.09876543,3005,81,"[3, 5, 601]","[0, -4, 1, 0, 0, 0, 0, 0]","[2, 3, 5, 7, 11, 13, 17, 19]"
3017/81,37.24691358,3017,81,"[3, 7, 431]","[0, -4, 0, 1, 0, 0, 0, 0]","[2, 3, 5, 7, 11, 13, 17, 19]"
3023/81,37.32098765,3023,81,"[3, 3023]","[0, -4, 0, 0, 0, 0, 0, 0]","[2, 3, 5, 7, 11, 13, 17, 19]"
3026/81,37.35802469,3026,81,"[2, 3, 17, 89]","[1, -4, 0, 0, 0, 0, 1, 0]","[2, 3, 5, 7, 11, 13, 17, 19]"
3032/81,37.43209877,3032,81,"[2, 3, 379]","[3, -4, 0, 0, 0, 0, 0, 0]","[2, 3, 5, 7, 11, 13, 17, 19]"
3041/81,37.54320988,3041,81,"[3, 3041]","[0, -4, 0, 0, 0, 0, 0, 0]","[2, 3, 5, 7, 11, 13, 17, 19]"
3050/81,37.65432099,3050,81,"[2, 3, 5, 61]","[1, -4, 2, 0, 0, 0, 0, 0]","[2, 3, 5, 7, 11, 13, 17, 19]"
3053/81,37.69135802,3053,81,"[3, 43, 71]","[0, -4, 0, 0, 0, 0, 0, 0]","[2, 3, 5, 7, 11, 13, 17, 19]"
3068/81,37.87654321,3068,81,"[2, 3, 13, 59]","[2, -4, 0, 0, 0, 1, 0, 0]","[2, 3, 5, 7, 11, 13, 17, 19]"
3073/81,37.93827160,3073,81,"[3, 7, 439]","[0, -4, 0, 1, 0, 0, 0, 0]","[2, 3, 5, 7, 11, 13, 17, 19]"
3080/81,38.02469136,3080,81,"[2, 3, 5, 7, 11]","[3, -4, 1, 1, 1, 0, 0, 0]","[2, 3, 5, 7, 11, 13, 17, 19]"
3086/81,38.09876543,3086,81,"[2, 3, 1543]","[1, -4, 0, 0, 0, 0, 0, 0]","[2, 3, 5, 7, 11, 13, 17, 19]"
3095/81,38.20987654,3095,81,"[3, 5, 619]","[0, -4, 1, 0, 0, 0, 0, 0]","[2, 3, 5, 7, 11, 13, 17, 19]"
3098/81,38.24691358,3098,81,"[2, 3, 1549]","[1, -4, 0, 0, 0, 0, 0, 0]","[2, 3, 5, 7, 11, 13, 17, 19]"
3107/81,38.35802469,3107,81,"[3, 13, 239]","[0, -4, 0, 0, 0, 1, 0, 0]","[2, 3, 5, 7, 11, 13, 17, 19]"
3113/81,38.43209877,3113,81,"[3, 11, 283]","[0, -4, 0, 0, 1, 0, 0, 0]","[2, 3, 5, 7, 11, 13, 17, 19]"
3122/81,38.54320988,3122,81,"[2, 3, 7, 223]","[1, -4, 0, 1, 0, 0, 0, 0]","[2, 3, 5, 7, 11, 13, 17, 19]"
3125/81,38.58024691,3125,81,"[3, 5]","[0, -4, 5, 0, 0, 0, 0, 0]","[2, 3, 5, 7, 11, 13, 17, 19]"
3125/243,12.86008230,3125,243,"[3, 5]","[0, -5, 5, 0, 0, 0, 0, 0]","[2, 3, 5, 7, 11, 13, 17, 19]"
3131/81,38.65432099,3131,81,"[3, 31, 101]","[0, -4, 0, 0, 0, 0, 0, 0]","[2, 3, 5, 7, 11, 13, 17, 19]"
3161/81,39.02469136,3161,81,"[3, 29, 109]","[0, -4, 0, 0, 0, 0, 0, 0]","[2, 3, 5, 7, 11, 13, 17, 19]"
3167/81,39.09876543,3167,81,"[3, 3167]","[0, -4, 0, 0, 0, 0, 0, 0]","[2, 3, 5, 7, 11, 13, 17, 19]"
3176/81,39.20987654,3176,81,"[2, 3, 397]","[3, -4, 0, 0, 0, 0, 0, 0]","[2, 3, 5, 7, 11, 13, 17, 19]"
3185/81,39.32098765,3185,81,"[3, 5, 7, 13]","[0, -4, 1, 2, 0, 1, 0, 0]","[2, 3, 5, 7, 11, 13, 17, 19]"
3188/81,39.35802469,3188,81,"[2, 3, 797]","[2, -4, 0, 0, 0, 0, 0, 0]","[2, 3, 5, 7, 11, 13, 17, 19]"
3203/81,39.54320988,3203,81,"[3, 3203]","[0, -4, 0, 0, 0, 0, 0, 0]","[2, 3, 5, 7, 11, 13, 17, 19]"
3206/81,39.58024691,3206,81,"[2, 3, 7, 229]","[1, -4, 0, 1, 0, 0, 0, 0]","[2, 3, 5, 7, 11, 13, 17, 19]"
3212/81,39.65432099,3212,81,"[2, 3, 11, 73]","[2, -4, 0, 0, 1, 0, 0, 0]","[2, 3, 5, 7, 11, 13, 17, 19]"
3230/81,39.87654321,3230,81,"[2, 3, 5, 17, 19]","[1, -4, 1, 0, 0, 0, 1, 1]","[2, 3, 5, 7, 11, 13, 17, 19]"
3242/81,40.02469136,3242,81,"[2, 3, 1621]","[1, -4, 0, 0, 0, 0, 0, 0]","[2, 3, 5, 7, 11, 13, 17, 19]"
3248/81,40.09876543,3248,81,"[2, 3, 7, 29]","[4, -4, 0, 1, 0, 0, 0, 0]","[2, 3, 5, 7, 11, 13, 17, 19]"
3257/81,40.20987654,3257,81,"[3, 3257]","[0, -4, 0, 0, 0, 0, 0, 0]","[2, 3, 5, 7, 11, 13, 17, 19]"
3260/81,40.24691358,3260,81,"[2, 3, 5, 163]","[2, -4, 1, 0, 0, 0, 0, 0]","[2, 3, 5, 7, 11, 13, 17, 19]"
3266/81,40.32098765,3266,81,"[2, 3, 23, 71]","[1, -4, 0, 0, 0, 0, 0, 0]","[2, 3, 5, 7, 11, 13, 17, 19]"
3287/81,40.58024691,3287,81,"[3, 19, 173]","[0, -4, 0, 0, 0, 0, 0, 1]","[2, 3, 5, 7, 11, 13, 17, 19]"
3293/81,40.65432099,3293,81,"[3, 37, 89]","[0, -4, 0, 0, 0, 0, 0, 0]","[2, 3, 5, 7, 11, 13, 17, 19]"
3311/81,40.87654321,3311,81,"[3, 7, 11, 43]","[0, -4, 0, 1, 1, 0, 0, 0]","[2, 3, 5, 7, 11, 13, 17, 19]"
3320/81,40.98765432,3320,81,"[2, 3, 5, 83]","[3, -4, 1, 0, 0, 0, 0, 0]","[2, 3, 5, 7, 11, 13, 17, 19]"
3323/81,41.02469136,3323,81,"[3, 3323]","[0, -4, 0, 0, 0, 0, 0, 0]","[2, 3, 5, 7, 11, 13, 17, 19]"
3338/81,41.20987654,3338,81,"[2, 3, 1669]","[1, -4, 0, 0, 0, 0, 0, 0]","[2, 3, 5, 7, 11, 13, 17, 19]"
3341/81,41.24691358,3341,81,"[3, 13, 257]","[0, -4, 0, 0, 0, 1, 0, 0]","[2, 3, 5, 7, 11, 13, 17, 19]"
3347/81,41.32098765,3347,81,"[3, 3347]","[0, -4, 0, 0, 0, 0, 0, 0]","[2, 3, 5, 7, 11, 13, 17, 19]"
3350/81,41.35802469,3350,81,"[2, 3, 5, 67]","[1, -4, 2, 0, 0, 0, 0, 0]","[2, 3, 5, 7, 11, 13, 17, 19]"
3368/81,41.58024691,3368,81,"[2, 3, 421]","[3, -4, 0, 0, 0, 0, 0, 0]","[2, 3, 5, 7, 11, 13, 17, 19]"
3368/243,13.86008230,3368,243,"[2, 3, 421]","[3, -5, 0, 0, 0, 0, 0, 0]","[2, 3, 5, 7, 11, 13, 17, 19]"
3392/81,41.87654321,3392,81,"[2, 3, 53]","[6, -4, 0, 0, 0, 0, 0, 0]","[2, 3, 5, 7, 11, 13, 17, 19]"
3395/81,41.91358025,3395,81,"[3, 5, 7, 97]","[0, -4, 1, 1, 0, 0, 0, 0]","[2, 3, 5, 7, 11, 13, 17, 19]"
3401/81,41.98765432,3401,81,"[3, 19, 179]","[0, -4, 0, 0, 0, 0, 0, 1]","[2, 3, 5, 7, 11, 13, 17, 19]"
3422/81,42.24691358,3422,81,"[2, 3, 29, 59]","[1, -4, 0, 0, 0, 0, 0, 0]","[2, 3, 5, 7, 11, 13, 17, 19]"
3428/81,42.32098765,3428,81,"[2, 3, 857]","[2, -4, 0, 0, 0, 0, 0, 0]","[2, 3, 5, 7, 11, 13, 17, 19]"
3431/81,42.35802469,3431,81,"[3, 47, 73]","[0, -4, 0, 0, 0, 0, 0, 0]","[2, 3, 5, 7, 11, 13, 17, 19]"
3455/81,42.65432099,3455,81,"[3, 5, 691]","[0, -4, 1, 0, 0, 0, 0, 0]","[2, 3, 5, 7, 11, 13, 17, 19]"
3473/81,42.87654321,3473,81,"[3, 23, 151]","[0, -4, 0, 0, 0, 0, 0, 0]","[2, 3, 5, 7, 11, 13, 17, 19]"
3476/81,42.91358025,3476,81,"[2, 3, 11, 79]","[2, -4, 0, 0, 1, 0, 0, 0]","[2, 3, 5, 7, 11, 13, 17, 19]"
3482/81,42.98765432,3482,81,"[2, 3, 1741]","[1, -4, 0, 0, 0, 0, 0, 0]","[2, 3, 5, 7, 11, 13, 17, 19]"
3485/81,43.02469136,3485,81,"[3, 5, 17, 41]","[0, -4, 1, 0, 0, 0, 1, 0]","[2, 3, 5, 7, 11, 13, 17, 19]"
3500/81,43.20987654,3500,81,"[2, 3, 5, 7]","[2, -4, 3, 1, 0, 0, 0, 0]","[2, 3, 5, 7, 11, 13, 17, 19]"
3503/81,43.24691358,3503,81,"[3, 31, 113]","[0, -4, 0, 0, 0, 0, 0, 0]","[2, 3, 5, 7, 11, 13, 17, 19]"
3512/81,43.35802469,3512,81,"[2, 3, 439]","[3, -4, 0, 0, 0, 0, 0, 0]","[2, 3, 5, 7, 11, 13, 17, 19]"
3530/81,43.58024691,3530,81,"[2, 3, 5, 353]","[1, -4, 1, 0, 0, 0, 0, 0]","[2, 3, 5, 7, 11, 13, 17, 19]"
3530/243,14.52674897,3530,243,"[2, 3, 5, 353]","[1, -5, 1, 0, 0, 0, 0, 0]","[2, 3, 5, 7, 11, 13, 17, 19]"
3536/81,43.65432099,3536,81,"[2, 3, 13, 17]","[4, -4, 0, 0, 0, 1, 1, 0]","[2, 3, 5, 7, 11, 13, 17, 19]"
3557/81,43.91358025,3557,81,"[3, 3557]","[0, -4, 0, 0, 0, 0, 0, 0]","[2, 3, 5, 7, 11, 13, 17, 19]"
3563/81,43.98765432,3563,81,"[3, 7, 509]","[0, -4, 0, 1, 0, 0, 0, 0]","[2, 3, 5, 7, 11, 13, 17, 19]"
3566/81,44.02469136,3566,81,"[2, 3, 1783]","[1, -4, 0, 0, 0, 0, 0, 0]","[2, 3, 5, 7, 11, 13, 17, 19]"
3575/81,44.13580247,3575,81,"[3, 5, 11, 13]","[0, -4, 2, 0, 1, 1, 0, 0]","[2, 3, 5, 7, 11, 13, 17, 19]"
3581/81,44.20987654,3581,81,"[3, 3581]","[0, -4, 0, 0, 0, 0, 0, 0]","[2, 3, 5, 7, 11, 13, 17, 19]"
3593/81,44.35802469,3593,81,"[3, 3593]","[0, -4, 0, 0, 0, 0, 0, 0]","[2, 3, 5, 7, 11, 13, 17, 19]"
3611/81,44.58024691,3611,81,"[3, 23, 157]","[0, -4, 0, 0, 0, 0, 0, 0]","[2, 3, 5, 7, 11, 13, 17, 19]"
3611/243,14.86008230,3611,243,"[3, 23, 157]","[0, -5, 0, 0, 0, 0, 0, 0]","[2, 3, 5, 7, 11, 13, 17, 19]"
3617/81,44.65432099,3617,81,"[3, 3617]","[0, -4, 0, 0, 0, 0, 0, 0]","[2, 3, 5, 7, 11, 13, 17, 19]"
3620/81,44.69135802,3620,81,"[2, 3, 5, 181]","[2, -4, 1, 0, 0, 0, 0, 0]","[2, 3, 5, 7, 11, 13, 17, 19]"
3635/81,44.87654321,3635,81,"[3, 5, 727]","[0, -4, 1, 0, 0, 0, 0, 0]","[2, 3, 5, 7, 11, 13, 17, 19]"
3638/81,44.91358025,3638,81,"[2, 3, 17, 107]","[1, -4, 0, 0, 0, 0, 1, 0]","[2, 3, 5, 7, 11, 13, 17, 19]"
3647/81,45.02469136,3647,81,"[3, 7, 521]","[0, -4, 0, 1, 0, 0, 0, 0]","[2, 3, 5, 7, 11, 13, 17, 19]"
3656/81,45.13580247,3656,81,"[2, 3, 457]","[3, -4, 0, 0, 0, 0, 0, 0]","[2, 3, 5, 7, 11, 13, 17, 19]"
3662/81,45.20987654,3662,81,"[2, 3, 1831]","[1, -4, 0, 0, 0, 0, 0, 0]","[2, 3, 5, 7, 11, 13, 17, 19]"
3692/81,45.58024691,3692,81,"[2, 3, 13, 71]","[2, -4, 0, 0, 0, 1, 0, 0]","[2, 3, 5, 7, 11, 13, 17, 19]"
3698/81,45.65432099,3698,81,"[2, 3, 43]","[1, -4, 0, 0, 0, 0, 0, 0]","[2, 3, 5, 7, 11, 13, 17, 19]"
3701/81,45.69135802,3701,81,"[3, 3701]","[0, -4, 0, 0, 0, 0, 0, 0]","[2, 3, 5, 7, 11, 13, 17, 19]"
3710/81,45.80246914,3710,81,"[2, 3, 5, 7, 53]","[1, -4, 1, 1, 0, 0, 0, 0]","[2, 3, 5, 7, 11, 13, 17, 19]"
3716/81,45.87654321,3716,81,"[2, 3, 929]","[2, -4, 0, 0, 0, 0, 0, 0]","[2, 3, 5, 7, 11, 13, 17, 19]"
3725/81,45.98765432,3725,81,"[3, 5, 149]","[0, -4, 2, 0, 0, 0, 0, 0]","[2, 3, 5, 7, 11, 13, 17, 19]"
3728/81,46.02469136,3728,81,"[2, 3, 233]","[4, -4, 0, 0, 0, 0, 0, 0]","[2, 3, 5, 7, 11, 13, 17, 19]"
3737/81,46.13580247,3737,81,"[3, 37, 101]","[0, -4, 0, 0, 0, 0, 0, 0]","[2, 3, 5, 7, 11, 13, 17, 19]"
3743/81,46.20987654,3743,81,"[3, 19, 197]","[0, -4, 0, 0, 0, 0, 0, 1]","[2, 3, 5, 7, 11, 13, 17, 19]"
3755/81,46.35802469,3755,81,"[3, 5, 751]","[0, -4, 1, 0, 0, 0, 0, 0]","[2, 3, 5, 7, 11, 13, 17, 19]"
3770/81,46.54320988,3770,81,"[2, 3, 5, 13, 29]","[1, -4, 1, 0, 0, 1, 0, 0]","[2, 3, 5, 7, 11, 13, 17, 19]"
3773/81,46.58024691,3773,81,"[3, 7, 11]","[0, -4, 0, 3, 1, 0, 0, 0]","[2, 3, 5, 7, 11, 13, 17, 19]"
3773/243,15.52674897,3773,243,"[3, 7, 11]","[0, -5, 0, 3, 1, 0, 0, 0]","[2, 3, 5, 7, 11, 13, 17, 19]"
3782/81,46.69135802,3782,81,"[2, 3, 31, 61]","[1, -4, 0, 0, 0, 0, 0, 0]","[2, 3, 5, 7, 11, 13, 17, 19]"
3791/81,46.80246914,3791,81,"[3, 17, 223]","[0, -4, 0, 0, 0, 0, 1, 0]","[2, 3, 5, 7, 11, 13, 17, 19]"
3797/81,46.87654321,3797,81,"[3, 3797]","[0, -4, 0, 0, 0, 0, 0, 0]","[2, 3, 5, 7, 11, 13, 17, 19]"
3800/81,46.91358025,3800,81,"[2, 3, 5, 19]","[3, -4, 2, 0, 0, 0, 0, 1]","[2, 3, 5, 7, 11, 13, 17, 19]"
3800/243,15.63786008,3800,243,"[2, 3, 5, 19]","[3, -5, 2, 0, 0, 0, 0, 1]","[2, 3, 5, 7, 11, 13, 17, 19]"
3806/81,46.98765432,3806,81,"[2, 3, 11, 173]","[1, -4, 0, 0, 1, 0, 0, 0]","[2, 3, 5, 7, 11, 13, 17, 19]"
3818/81,47.13580247,3818,81,"[2, 3, 23, 83]","[1, -4, 0, 0, 0, 0, 0, 0]","[2, 3, 5, 7, 11, 13, 17, 19]"
3836/81,47.35802469,3836,81,"[2, 3, 7, 137]","[2, -4, 0, 1, 0, 0, 0, 0]","[2, 3, 5, 7, 11, 13, 17, 19]"
3845/81,47.46913580,3845,81,"[3, 5, 769]","[0, -4, 1, 0, 0, 0, 0, 0]","[2, 3, 5, 7, 11, 13, 17, 19]"
3851/81,47.54320988,3851,81,"[3, 3851]","[0, -4, 0, 0, 0, 0, 0, 0]","[2, 3, 5, 7, 11, 13, 17, 19]"
3854/243,15.86008230,3854,243,"[2, 3, 41, 47]","[1, -5, 0, 0, 0, 0, 0, 0]","[2, 3, 5, 7, 11, 13, 17, 19]"
3860/81,47.65432099,3860,81,"[2, 3, 5, 193]","[2, -4, 1, 0, 0, 0, 0, 0]","[2, 3, 5, 7, 11, 13, 17, 19]"
3863/81,47.69135802,3863,81,"[3, 3863]","[0, -4, 0, 0, 0, 0, 0, 0]","[2, 3, 5, 7, 11, 13, 17, 19]"
3872/81,47.80246914,3872,81,"[2, 3, 11]","[5, -4, 0, 0, 2, 0, 0, 0]","[2, 3, 5, 7, 11, 13, 17, 19]"
3875/81,47.83950617,3875,81,"[3, 5, 31]","[0, -4, 3, 0, 0, 0, 0, 0]","[2, 3, 5, 7, 11, 13, 17, 19]"
3878/81,47.87654321,3878,81,"[2, 3, 7, 277]","[1, -4, 0, 1, 0, 0, 0, 0]","[2, 3, 5, 7, 11, 13, 17, 19]"
3881/81,47.91358025,3881,81,"[3, 3881]","[0, -4, 0, 0, 0, 0, 0, 0]","[2, 3, 5, 7, 11, 13, 17, 19]"
3887/81,47.98765432,3887,81,"[3, 13, 23]","[0, -4, 0, 0, 0, 2, 0, 0]","[2, 3, 5, 7, 11, 13, 17, 19]"
3905/81,48.20987654,3905,81,"[3, 5, 11, 71]","[0, -4, 1, 0, 1, 0, 0, 0]","[2, 3, 5, 7, 11, 13, 17, 19]"
3917/81,48.35802469,3917,81,"[3, 3917]","[0, -4, 0, 0, 0, 0, 0, 0]","[2, 3, 5, 7, 11, 13, 17, 19]"
3926/81,48.46913580,3926,81,"[2, 3, 13, 151]","[1, -4, 0, 0, 0, 1, 0, 0]","[2, 3, 5, 7, 11, 13, 17, 19]"
3932/81,48.54320988,3932,81,"[2, 3, 983]","[2, -4, 0, 0, 0, 0, 0, 0]","[2, 3, 5, 7, 11, 13, 17, 19]"
3935/81,48.58024691,3935,81,"[3, 5, 787]","[0, -4, 1, 0, 0, 0, 0, 0]","[2, 3, 5, 7, 11, 13, 17, 19]"
3935/243,16.19341564,3935,243,"[3, 5, 787]","[0, -5, 1, 0, 0, 0, 0, 0]","[2, 3, 5, 7, 11, 13, 17, 19]"
3941/81,48.65432099,3941,81,"[3, 7, 563]","[0, -4, 0, 1, 0, 0, 0, 0]","[2, 3, 5, 7, 11, 13, 17, 19]"
3950/81,48.76543210,3950,81,"[2, 3, 5, 79]","[1, -4, 2, 0, 0, 0, 0, 0]","[2, 3, 5, 7, 11, 13, 17, 19]"
3953/81,48.80246914,3953,81,"[3, 59, 67]","[0, -4, 0, 0, 0, 0, 0, 0]","[2, 3, 5, 7, 11, 13, 17, 19]"
3956/81,48.83950617,3956,81,"[2, 3, 23, 43]","[2, -4, 0, 0, 0, 0, 0, 0]","[2, 3, 5, 7, 11, 13, 17, 19]"
3962/81,48.91358025,3962,81,"[2, 3, 7, 283]","[1, -4, 0, 1, 0, 0, 0, 0]","[2, 3, 5, 7, 11, 13, 17, 19]"
3968/81,48.98765432,3968,81,"[2, 3, 31]","[7, -4, 0, 0, 0, 0, 0, 0]","[2, 3, 5, 7, 11, 13, 17, 19]"
3980/81,49.13580247,3980,81,"[2, 3, 5, 199]","[2, -4, 1, 0, 0, 0, 0, 0]","[2, 3, 5, 7, 11, 13, 17, 19]"
3986/81,49.20987654,3986,81,"[2, 3, 1993]","[1, -4, 0, 0, 0, 0, 0, 0]","[2, 3, 5, 7, 11, 13, 17, 19]"
3995/81,49.32098765,3995,81,"[3, 5, 17, 47]","[0, -4, 1, 0, 0, 0, 1, 0]","[2, 3, 5, 7, 11, 13, 17, 19]"
3998/81,49.35802469,3998,81,"[2, 3, 1999]","[1, -4, 0, 0, 0, 0, 0, 0]","[2, 3, 5, 7, 11, 13, 17, 19]"
4007/81,49.46913580,4007,81,"[3, 4007]","[0, -4, 0, 0, 0, 0, 0, 0]","[2, 3, 5, 7, 11, 13, 17, 19]"
4010/81,49.50617284,4010,81,"[2, 3, 5, 401]","[1, -4, 1, 0, 0, 0, 0, 0]","[2, 3, 5, 7, 11, 13, 17, 19]"
4013/81,49.54320988,4013,81,"[3, 4013]","[0, -4, 0, 0, 0, 0, 0, 0]","[2, 3, 5, 7, 11, 13, 17, 19]"
4016/81,49.58024691,4016,81,"[2, 3, 251]","[4, -4, 0, 0, 0, 0, 0, 0]","[2, 3, 5, 7, 11, 13, 17, 19]"
4016/243,16.52674897,4016,243,"[2, 3, 251]","[4, -5, 0, 0, 0, 0, 0, 0]","[2, 3, 5, 7, 11, 13, 17, 19]"
4022/81,49.65432099,4022,81,"[2, 3, 2011]","[1, -4, 0, 0, 0, 0, 0, 0]","[2, 3, 5, 7, 11, 13, 17, 19]"
4031/81,49.76543210,4031,81,"[3, 29, 139]","[0, -4, 0, 0, 0, 0, 0, 0]","[2, 3, 5, 7, 11, 13, 17, 19]"
4037/81,49.83950617,4037,81,"[3, 11, 367]","[0, -4, 0, 0, 1, 0, 0, 0]","[2, 3, 5, 7, 11, 13, 17, 19]"
4043/81,49.91358025,4043,81,"[3, 13, 311]","[0, -4, 0, 0, 0, 1, 0, 0]","[2, 3, 5, 7, 11, 13, 17, 19]"
4043/243,16.63786008,4043,243,"[3, 13, 311]","[0, -5, 0, 0, 0, 1, 0, 0]","[2, 3, 5, 7, 11, 13, 17, 19]"
4061/81,50.13580247,4061,81,"[3, 31, 131]","[0, -4, 0, 0, 0, 0, 0, 0]","[2, 3, 5, 7, 11, 13, 17, 19]"
4067/81,50.20987654,4067,81,"[3, 7, 83]","[0, -4, 0, 2, 0, 0, 0, 0]","[2, 3, 5, 7, 11, 13, 17, 19]"
4070/81,50.24691358,4070,81,"[2, 3, 5, 11, 37]","[1, -4, 1, 0, 1, 0, 0, 0]","[2, 3, 5, 7, 11, 13, 17, 19]"
4076/81,50.32098765,4076,81,"[2, 3, 1019]","[2, -4, 0, 0, 0, 0, 0, 0]","[2, 3, 5, 7, 11, 13, 17, 19]"
4085/81,50.43209877,4085,81,"[3, 5, 19, 43]","[0, -4, 1, 0, 0, 0, 0, 1]","[2, 3, 5, 7, 11, 13, 17, 19]"
4088/81,50.46913580,4088,81,"[2, 3, 7, 73]","[3, -4, 0, 1, 0, 0, 0, 0]","[2, 3, 5, 7, 11, 13, 17, 19]"
4091/81,50.50617284,4091,81,"[3, 4091]","[0, -4, 0, 0, 0, 0, 0, 0]","[2, 3, 5, 7, 11, 13, 17, 19]"
4097/81,50.58024691,4097,81,"[3, 17, 241]","[0, -4, 0, 0, 0, 0, 1, 0]","[2, 3, 5, 7, 11, 13, 17, 19]"
4100/81,50.61728395,4100,81,"[2, 3, 5, 41]","[2, -4, 2, 0, 0, 0, 0, 0]","[2, 3, 5, 7, 11, 13, 17, 19]"
4103/81,50.65432099,4103,81,"[3, 11, 373]","[0, -4, 0, 0, 1, 0, 0, 0]","[2, 3, 5, 7, 11, 13, 17, 19]"
4112/81,50.76543210,4112,81,"[2, 3, 257]","[4, -4, 0, 0, 0, 0, 0, 0]","[2, 3, 5, 7, 11, 13, 17, 19]"
4118/81,50.83950617,4118,81,"[2, 3, 29, 71]","[1, -4, 0, 0, 0, 0, 0, 0]","[2, 3, 5, 7, 11, 13, 17, 19]"
4130/81,50.98765432,4130,81,"[2, 3, 5, 7, 59]","[1, -4, 1, 1, 0, 0, 0, 0]","[2, 3, 5, 7, 11, 13, 17, 19]"
4142/81,51.13580247,4142,81,"[2, 3, 19, 109]","[1, -4, 0, 0, 0, 0, 0, 1]","[2, 3, 5, 7, 11, 13, 17, 19]"
4145/81,51.17283951,4145,81,"[3, 5, 829]","[0, -4, 1, 0, 0, 0, 0, 0]","[2, 3, 5, 7, 11, 13, 17, 19]"
4148/81,51.20987654,4148,81,"[2, 3, 17, 61]","[2, -4, 0, 0, 0, 0, 1, 0]","[2, 3, 5, 7, 11, 13, 17, 19]"
4151/81,51.24691358,4151,81,"[3, 7, 593]","[0, -4, 0, 1, 0, 0, 0, 0]","[2, 3, 5, 7, 11, 13, 17, 19]"
4157/81,51.32098765,4157,81,"[3, 4157]","[0, -4, 0, 0, 0, 0, 0, 0]","[2, 3, 5, 7, 11, 13, 17, 19]"
4166/81,51.43209877,4166,81,"[2, 3, 2083]","[1, -4, 0, 0, 0, 0, 0, 0]","[2, 3, 5, 7, 11, 13, 17, 19]"
4172/81,51.50617284,4172,81,"[2, 3, 7, 149]","[2, -4, 0, 1, 0, 0, 0, 0]","[2, 3, 5, 7, 11, 13, 17, 19]"
4175/81,51.54320988,4175,81,"[3, 5, 167]","[0, -4, 2, 0, 0, 0, 0, 0]","[2, 3, 5, 7, 11, 13, 17, 19]"
4178/81,51.58024691,4178,81,"[2, 3, 2089]","[1, -4, 0, 0, 0, 0, 0, 0]","[2, 3, 5, 7, 11, 13, 17, 19]"
4178/243,17.19341564,4178,243,"[2, 3, 2089]","[1, -5, 0, 0, 0, 0, 0, 0]","[2, 3, 5, 7, 11, 13, 17, 19]"
4181/81,51.61728395,4181,81,"[3, 37, 113]","[0, -4, 0, 0, 0, 0, 0, 0]","[2, 3, 5, 7, 11, 13, 17, 19]"
4193/81,51.76543210,4193,81,"[3, 7, 599]","[0, -4, 0, 1, 0, 0, 0, 0]","[2, 3, 5, 7, 11, 13, 17, 19]"
4205/81,51.91358025,4205,81,"[3, 5, 29]","[0, -4, 1, 0, 0, 0, 0, 0]","[2, 3, 5, 7, 11, 13, 17, 19]"
4205/243,17.30452675,4205,243,"[3, 5, 29]","[0, -5, 1, 0, 0, 0, 0, 0]","[2, 3, 5, 7, 11, 13, 17, 19]"
4211/81,51.98765432,4211,81,"[3, 4211]","[0, -4, 0, 0, 0, 0, 0, 0]","[2, 3, 5, 7, 11, 13, 17, 19]"
4220/81,52.09876543,4220,81,"[2, 3, 5, 211]","[2, -4, 1, 0, 0, 0, 0, 0]","[2, 3, 5, 7, 11, 13, 17, 19]"
4223/81,52.13580247,4223,81,"[3, 41, 103]","[0, -4, 0, 0, 0, 0, 0, 0]","[2, 3, 5, 7, 11, 13, 17, 19]"
4226/81,52.17283951,4226,81,"[2, 3, 2113]","[1, -4, 0, 0, 0, 0, 0, 0]","[2, 3, 5, 7, 11, 13, 17, 19]"
4232/81,52.24691358,4232,81,"[2, 3, 23]","[3, -4, 0, 0, 0, 0, 0, 0]","[2, 3, 5, 7, 11, 13, 17, 19]"
4235/81,52.28395062,4235,81,"[3, 5, 7, 11]","[0, -4, 1, 1, 2, 0, 0, 0]","[2, 3, 5, 7, 11, 13, 17, 19]"
4238/81,52.32098765,4238,81,"[2, 3, 13, 163]","[1, -4, 0, 0, 0, 1, 0, 0]","[2, 3, 5, 7, 11, 13, 17, 19]"
4247/81,52.43209877,4247,81,"[3, 31, 137]","[0, -4, 0, 0, 0, 0, 0, 0]","[2, 3, 5, 7, 11, 13, 17, 19]"
4250/81,52.46913580,4250,81,"[2, 3, 5, 17]","[1, -4, 3, 0, 0, 0, 1, 0]","[2, 3, 5, 7, 11, 13, 17, 19]"
4250/243,17.48971193,4250,243,"[2, 3, 5, 17]","[1, -5, 3, 0, 0, 0, 1, 0]","[2, 3, 5, 7, 11, 13, 17, 19]"
4253/81,52.50617284,4253,81,"[3, 4253]","[0, -4, 0, 0, 0, 0, 0, 0]","[2, 3, 5, 7, 11, 13, 17, 19]"
4256/81,52.54320988,4256,81,"[2, 3, 7, 19]","[5, -4, 0, 1, 0, 0, 0, 1]","[2, 3, 5, 7, 11, 13, 17, 19]"
4259/243,17.52674897,4259,243,"[3, 4259]","[0, -5, 0, 0, 0, 0, 0, 0]","[2, 3, 5, 7, 11, 13, 17, 19]"
4262/81,52.61728395,4262,81,"[2, 3, 2131]","[1, -4, 0, 0, 0, 0, 0, 0]","[2, 3, 5, 7, 11, 13, 17, 19]"
4280/81,52.83950617,4280,81,"[2, 3, 5, 107]","[3, -4, 1, 0, 0, 0, 0, 0]","[2, 3, 5, 7, 11, 13, 17, 19]"
4286/81,52.91358025,4286,81,"[2, 3, 2143]","[1, -4, 0, 0, 0, 0, 0, 0]","[2, 3, 5, 7, 11, 13, 17, 19]"
4286/243,17.63786008,4286,243,"[2, 3, 2143]","[1, -5, 0, 0, 0, 0, 0, 0]","[2, 3, 5, 7, 11, 13, 17, 19]"
4292/81,52.98765432,4292,81,"[2, 3, 29, 37]","[2, -4, 0, 0, 0, 0, 0, 0]","[2, 3, 5, 7, 11, 13, 17, 19]"
4301/81,53.09876543,4301,81,"[3, 11, 17, 23]","[0, -4, 0, 0, 1, 0, 1, 0]","[2, 3, 5, 7, 11, 13, 17, 19]"
4307/81,53.17283951,4307,81,"[3, 59, 73]","[0, -4, 0, 0, 0, 0, 0, 0]","[2, 3, 5, 7, 11, 13, 17, 19]"
4310/81,53.20987654,4310,81,"[2, 3, 5, 431]","[1, -4, 1, 0, 0, 0, 0, 0]","[2, 3, 5, 7, 11, 13, 17, 19]"
4313/81,53.24691358,4313,81,"[3, 19, 227]","[0, -4, 0, 0, 0, 0, 0, 1]","[2, 3, 5, 7, 11, 13, 17, 19]"
4316/81,53.28395062,4316,81,"[2, 3, 13, 83]","[2, -4, 0, 0, 0, 1, 0, 0]","[2, 3, 5, 7, 11, 13, 17, 19]"
4325/81,53.39506173,4325,81,"[3, 5, 173]","[0, -4, 2, 0, 0, 0, 0, 0]","[2, 3, 5, 7, 11, 13, 17, 19]"
4328/81,53.43209877,4328,81,"[2, 3, 541]","[3, -4, 0, 0, 0, 0, 0, 0]","[2, 3, 5, 7, 11, 13, 17, 19]"
4331/81,53.46913580,4331,81,"[3, 61, 71]","[0, -4, 0, 0, 0, 0, 0, 0]","[2, 3, 5, 7, 11, 13, 17, 19]"
4337/81,53.54320988,4337,81,"[3, 4337]","[0, -4, 0, 0, 0, 0, 0, 0]","[2, 3, 5, 7, 11, 13, 17, 19]"
4340/243,17.86008230,4340,243,"[2, 3, 5, 7, 31]","[2, -5, 1, 1, 0, 0, 0, 0]","[2, 3, 5, 7, 11, 13, 17, 19]"
4343/81,53.61728395,4343,81,"[3, 43, 101]","[0, -4, 0, 0, 0, 0, 0, 0]","[2, 3, 5, 7, 11, 13, 17, 19]"
4355/81,53.76543210,4355,81,"[3, 5, 13, 67]","[0, -4, 1, 0, 0, 1, 0, 0]","[2, 3, 5, 7, 11, 13, 17, 19]"
4361/81,53.83950617,4361,81,"[3, 7, 89]","[0, -4, 0, 2, 0, 0, 0, 0]","[2, 3, 5, 7, 11, 13, 17, 19]"
4367/81,53.91358025,4367,81,"[3, 11, 397]","[0, -4, 0, 0, 1, 0, 0, 0]","[2, 3, 5, 7, 11, 13, 17, 19]"
4370/81,53.95061728,4370,81,"[2, 3, 5, 19, 23]","[1, -4, 1, 0, 0, 0, 0, 1]","[2, 3, 5, 7, 11, 13, 17, 19]"
4373/81,53.98765432,4373,81,"[3, 4373]","[0, -4, 0, 0, 0, 0, 0, 0]","[2, 3, 5, 7, 11, 13, 17, 19]"
4375/81,54.01234568,4375,81,"[3, 5, 7]","[0, -4, 4, 1, 0, 0, 0, 0]","[2, 3, 5, 7, 11, 13, 17, 19]"
4382/81,54.09876543,4382,81,"[2, 3, 7, 313]","[1, -4, 0, 1, 0, 0, 0, 0]","[2, 3, 5, 7, 11, 13, 17, 19]"
4385/81,54.13580247,4385,81,"[3, 5, 877]","[0, -4, 1, 0, 0, 0, 0, 0]","[2, 3, 5, 7, 11, 13, 17, 19]"
4388/81,54.17283951,4388,81,"[2, 3, 1097]","[2, -4, 0, 0, 0, 0, 0, 0]","[2, 3, 5, 7, 11, 13, 17, 19]"
4391/81,54.20987654,4391,81,"[3, 4391]","[0, -4, 0, 0, 0, 0, 0, 0]","[2, 3, 5, 7, 11, 13, 17, 19]"
4397/81,54.28395062,4397,81,"[3, 4397]","[0, -4, 0, 0, 0, 0, 0, 0]","[2, 3, 5, 7, 11, 13, 17, 19]"
4406/81,54.39506173,4406,81,"[2, 3, 2203]","[1, -4, 0, 0, 0, 0, 0, 0]","[2, 3, 5, 7, 11, 13, 17, 19]"
4412/81,54.46913580,4412,81,"[2, 3, 1103]","[2, -4, 0, 0, 0, 0, 0, 0]","[2, 3, 5, 7, 11, 13, 17, 19]"
4418/81,54.54320988,4418,81,"[2, 3, 47]","[1, -4, 0, 0, 0, 0, 0, 0]","[2, 3, 5, 7, 11, 13, 17, 19]"
4421/243,18.19341564,4421,243,"[3, 4421]","[0, -5, 0, 0, 0, 0, 0, 0]","[2, 3, 5, 7, 11, 13, 17, 19]"
4436/81,54.76543210,4436,81,"[2, 3, 1109]","[2, -4, 0, 0, 0, 0, 0, 0]","[2, 3, 5, 7, 11, 13, 17, 19]"
4442/81,54.83950617,4442,81,"[2, 3, 2221]","[1, -4, 0, 0, 0, 0, 0, 0]","[2, 3, 5, 7, 11, 13, 17, 19]"
4445/81,54.87654321,4445,81,"[3, 5, 7, 127]","[0, -4, 1, 1, 0, 0, 0, 0]","[2, 3, 5, 7, 11, 13, 17, 19]"
4448/81,54.91358025,4448,81,"[2, 3, 139]","[5, -4, 0, 0, 0, 0, 0, 0]","[2, 3, 5, 7, 11, 13, 17, 19]"
4448/243,18.30452675,4448,243,"[2, 3, 139]","[5, -5, 0, 0, 0, 0, 0, 0]","[2, 3, 5, 7, 11, 13, 17, 19]"
4451/81,54.95061728,4451,81,"[3, 4451]","[0, -4, 0, 0, 0, 0, 0, 0]","[2, 3, 5, 7, 11, 13, 17, 19]"
4456/81,55.01234568,4456,81,"[2, 3, 557]","[3, -4, 0, 0, 0, 0, 0, 0]","[2, 3, 5, 7, 11, 13, 17, 19]"
4460/81,55.06172840,4460,81,"[2, 3, 5, 223]","[2, -4, 1, 0, 0, 0, 0, 0]","[2, 3, 5, 7, 11, 13, 17, 19]"
4463/81,55.09876543,4463,81,"[3, 4463]","[0, -4, 0, 0, 0, 0, 0, 0]","[2, 3, 5, 7, 11, 13, 17, 19]"
4466/81,55.13580247,4466,81,"[2, 3, 7, 11, 29]","[1, -4, 0, 1, 1, 0, 0, 0]","[2, 3, 5, 7, 11, 13, 17, 19]"
4472/81,55.20987654,4472,81,"[2, 3, 13, 43]","[3, -4, 0, 0, 0, 1, 0, 0]","[2, 3, 5, 7, 11, 13, 17, 19]"
4475/81,55.24691358,4475,81,"[3, 5, 179]","[0, -4, 2, 0, 0, 0, 0, 0]","[2, 3, 5, 7, 11, 13, 17, 19]"
4475/243,18.41563786,4475,243,"[3, 5, 179]","[0, -5, 2, 0, 0, 0, 0, 0]","[2, 3, 5, 7, 11, 13, 17, 19]"
4478/81,55.28395062,4478,81,"[2, 3, 2239]","[1, -4, 0, 0, 0, 0, 0, 0]","[2, 3, 5, 7, 11, 13, 17, 19]"
4487/81,55.39506173,4487,81,"[3, 7, 641]","[0, -4, 0, 1, 0, 0, 0, 0]","[2, 3, 5, 7, 11, 13, 17, 19]"
4493/81,55.46913580,4493,81,"[3, 4493]","[0, -4, 0, 0, 0, 0, 0, 0]","[2, 3, 5, 7, 11, 13, 17, 19]"
4493/243,18.48971193,4493,243,"[3, 4493]","[0, -5, 0, 0, 0, 0, 0, 0]","[2, 3, 5, 7, 11, 13, 17, 19]"
4505/81,55.61728395,4505,81,"[3, 5, 17, 53]","[0, -4, 1, 0, 0, 0, 1, 0]","[2, 3, 5, 7, 11, 13, 17, 19]"
4510/81,55.67901235,4510,81,"[2, 3, 5, 11, 41]","[1, -4, 1, 0, 1, 0, 0, 0]","[2, 3, 5, 7, 11, 13, 17, 19]"
4517/81,55.76543210,4517,81,"[3, 4517]","[0, -4, 0, 0, 0, 0, 0, 0]","[2, 3, 5, 7, 11, 13, 17, 19]"
4520/81,55.80246914,4520,81,"[2, 3, 5, 113]","[3, -4, 1, 0, 0, 0, 0, 0]","[2, 3, 5, 7, 11, 13, 17, 19]"
4523/81,55.83950617,4523,81,"[3, 4523]","[0, -4, 0, 0, 0, 0, 0, 0]","[2, 3, 5, 7, 11, 13, 17, 19]"
4526/81,55.87654321,4526,81,"[2, 3, 31, 73]","[1, -4, 0, 0, 0, 0, 0, 0]","[2, 3, 5, 7, 11, 13, 17, 19]"
4529/243,18.63786008,4529,243,"[3, 7, 647]","[0, -5, 0, 1, 0, 0, 0, 0]","[2, 3, 5, 7, 11, 13, 17, 19]"
4532/81,55.95061728,4532,81,"[2, 3, 11, 103]","[2, -4, 0, 0, 1, 0, 0, 0]","[2, 3, 5, 7, 11, 13, 17, 19]"
4537/81,56.01234568,4537,81,"[3, 13, 349]","[0, -4, 0, 0, 0, 1, 0, 0]","[2, 3, 5, 7, 11, 13, 17, 19]"
4541/81,56.06172840,4541,81,"[3, 19, 239]","[0, -4, 0, 0, 0, 0, 0, 1]","[2, 3, 5, 7, 11, 13, 17, 19]"
4547/81,56.13580247,4547,81,"[3, 4547]","[0, -4, 0, 0, 0, 0, 0, 0]","[2, 3, 5, 7, 11, 13, 17, 19]"
4550/81,56.17283951,4550,81,"[2, 3, 5, 7, 13]","[1, -4, 2, 1, 0, 1, 0, 0]","[2, 3, 5, 7, 11, 13, 17, 19]"
4553/81,56.20987654,4553,81,"[3, 29, 157]","[0, -4, 0, 0, 0, 0, 0, 0]","[2, 3, 5, 7, 11, 13, 17, 19]"
4556/81,56.24691358,4556,81,"[2, 3, 17, 67]","[2, -4, 0, 0, 0, 0, 1, 0]","[2, 3, 5, 7, 11, 13, 17, 19]"
4568/81,56.39506173,4568,81,"[2, 3, 571]","[3, -4, 0, 0, 0, 0, 0, 0]","[2, 3, 5, 7, 11, 13, 17, 19]"
4580/81,56.54320988,4580,81,"[2, 3, 5, 229]","[2, -4, 1, 0, 0, 0, 0, 0]","[2, 3, 5, 7, 11, 13, 17, 19]"
4583/243,18.86008230,4583,243,"[3, 4583]","[0, -5, 0, 0, 0, 0, 0, 0]","[2, 3, 5, 7, 11, 13, 17, 19]"
4586/81,56.61728395,4586,81,"[2, 3, 2293]","[1, -4, 0, 0, 0, 0, 0, 0]","[2, 3, 5, 7, 11, 13, 17, 19]"
4591/81,56.67901235,4591,81,"[3, 4591]","[0, -4, 0, 0, 0, 0, 0, 0]","[2, 3, 5, 7, 11, 13, 17, 19]"
4595/81,56.72839506,4595,81,"[3, 5, 919]","[0, -4, 1, 0, 0, 0, 0, 0]","[2, 3, 5, 7, 11, 13, 17, 19]"
4598/81,56.76543210,4598,81,"[2, 3, 11, 19]","[1, -4, 0, 0, 2, 0, 0, 1]","[2, 3, 5, 7, 11, 13, 17, 19]"
4600/81,56.79012346,4600,81,"[2, 3, 5, 23]","[3, -4, 2, 0, 0, 0, 0, 0]","[2, 3, 5, 7, 11, 13, 17, 19]"
4601/81,56.80246914,4601,81,"[3, 43, 107]","[0, -4, 0, 0, 0, 0, 0, 0]","[2, 3, 5, 7, 11, 13, 17, 19]"
4607/81,56.87654321,4607,81,"[3, 17, 271]","[0, -4, 0, 0, 0, 0, 1, 0]","[2, 3, 5, 7, 11, 13, 17, 19]"
4610/81,56.91358025,4610,81,"[2, 3, 5, 461]","[1, -4, 1, 0, 0, 0, 0, 0]","[2, 3, 5, 7, 11, 13, 17, 19]"
4610/243,18.97119342,4610,243,"[2, 3, 5, 461]","[1, -5, 1, 0, 0, 0, 0, 0]","[2, 3, 5, 7, 11, 13, 17, 19]"
4613/81,56.95061728,4613,81,"[3, 7, 659]","[0, -4, 0, 1, 0, 0, 0, 0]","[2, 3, 5, 7, 11, 13, 17, 19]"
4618/81,57.01234568,4618,81,"[2, 3, 2309]","[1, -4, 0, 0, 0, 0, 0, 0]","[2, 3, 5, 7, 11, 13, 17, 19]"
4622/81,57.06172840,4622,81,"[2, 3, 2311]","[1, -4, 0, 0, 0, 0, 0, 0]","[2, 3, 5, 7, 11, 13, 17, 19]"
4628/81,57.13580247,4628,81,"[2, 3, 13, 89]","[2, -4, 0, 0, 0, 1, 0, 0]","[2, 3, 5, 7, 11, 13, 17, 19]"
4631/81,57.17283951,4631,81,"[3, 11, 421]","[0, -4, 0, 0, 1, 0, 0, 0]","[2, 3, 5, 7, 11, 13, 17, 19]"
4637/81,57.24691358,4637,81,"[3, 4637]","[0, -4, 0, 0, 0, 0, 0, 0]","[2, 3, 5, 7, 11, 13, 17, 19]"
4645/81,57.34567901,4645,81,"[3, 5, 929]","[0, -4, 1, 0, 0, 0, 0, 0]","[2, 3, 5, 7, 11, 13, 17, 19]"
4655/81,57.46913580,4655,81,"[3, 5, 7, 19]","[0, -4, 1, 2, 0, 0, 0, 1]","[2, 3, 5, 7, 11, 13, 17, 19]"
4655/243,19.15637860,4655,243,"[3, 5, 7, 19]","[0, -5, 1, 2, 0, 0, 0, 1]","[2, 3, 5, 7, 11, 13, 17, 19]"
4661/81,57.54320988,4661,81,"[3, 59, 79]","[0, -4, 0, 0, 0, 0, 0, 0]","[2, 3, 5, 7, 11, 13, 17, 19]"
4664/243,19.19341564,4664,243,"[2, 3, 11, 53]","[3, -5, 0, 0, 1, 0, 0, 0]","[2, 3, 5, 7, 11, 13, 17, 19]"
4667/81,57.61728395,4667,81,"[3, 13, 359]","[0, -4, 0, 0, 0, 1, 0, 0]","[2, 3, 5, 7, 11, 13, 17, 19]"
4672/81,57.67901235,4672,81,"[2, 3, 73]","[6, -4, 0, 0, 0, 0, 0, 0]","[2, 3, 5, 7, 11, 13, 17, 19]"
4676/81,57.72839506,4676,81,"[2, 3, 7, 167]","[2, -4, 0, 1, 0, 0, 0, 0]","[2, 3, 5, 7, 11, 13, 17, 19]"
4681/81,57.79012346,4681,81,"[3, 31, 151]","[0, -4, 0, 0, 0, 0, 0, 0]","[2, 3, 5, 7, 11, 13, 17, 19]"
4682/81,57.80246914,4682,81,"[2, 3, 2341]","[1, -4, 0, 0, 0, 0, 0, 0]","[2, 3, 5, 7, 11, 13, 17, 19]"
4685/81,57.83950617,4685,81,"[3, 5, 937]","[0, -4, 1, 0, 0, 0, 0, 0]","[2, 3, 5, 7, 11, 13, 17, 19]"
4688/81,57.87654321,4688,81,"[2, 3, 293]","[4, -4, 0, 0, 0, 0, 0, 0]","[2, 3, 5, 7, 11, 13, 17, 19]"
4691/81,57.91358025,4691,81,"[3, 4691]","[0, -4, 0, 0, 0, 0, 0, 0]","[2, 3, 5, 7, 11, 13, 17, 19]"
4691/243,19.30452675,4691,243,"[3, 4691]","[0, -5, 0, 0, 0, 0, 0, 0]","[2, 3, 5, 7, 11, 13, 17, 19]"
4700/81,58.02469136,4700,81,"[2, 3, 5, 47]","[2, -4, 2, 0, 0, 0, 0, 0]","[2, 3, 5, 7, 11, 13, 17, 19]"
4703/81,58.06172840,4703,81,"[3, 4703]","[0, -4, 0, 0, 0, 0, 0, 0]","[2, 3, 5, 7, 11, 13, 17, 19]"
4712/81,58.17283951,4712,81,"[2, 3, 19, 31]","[3, -4, 0, 0, 0, 0, 0, 1]","[2, 3, 5, 7, 11, 13, 17, 19]"
4718/81,58.24691358,4718,81,"[2, 3, 7, 337]","[1, -4, 0, 1, 0, 0, 0, 0]","[2, 3, 5, 7, 11, 13, 17, 19]"
4718/243,19.41563786,4718,243,"[2, 3, 7, 337]","[1, -5, 0, 1, 0, 0, 0, 0]","[2, 3, 5, 7, 11, 13, 17, 19]"
4726/81,58.34567901,4726,81,"[2, 3, 17, 139]","[1, -4, 0, 0, 0, 0, 1, 0]","[2, 3, 5, 7, 11, 13, 17, 19]"
4730/81,58.39506173,4730,81,"[2, 3, 5, 11, 43]","[1, -4, 1, 0, 1, 0, 0, 0]","[2, 3, 5, 7, 11, 13, 17, 19]"
4735/81,58.45679012,4735,81,"[3, 5, 947]","[0, -4, 1, 0, 0, 0, 0, 0]","[2, 3, 5, 7, 11, 13, 17, 19]"
4736/81,58.46913580,4736,81,"[2, 3, 37]","[7, -4, 0, 0, 0, 0, 0, 0]","[2, 3, 5, 7, 11, 13, 17, 19]"
4736/243,19.48971193,4736,243,"[2, 3, 37]","[7, -5, 0, 0, 0, 0, 0, 0]","[2, 3, 5, 7, 11, 13, 17, 19]"
4742/81,58.54320988,4742,81,"[2, 3, 2371]","[1, -4, 0, 0, 0, 0, 0, 0]","[2, 3, 5, 7, 11, 13, 17, 19]"
4745/81,58.58024691,4745,81,"[3, 5, 13, 73]","[0, -4, 1, 0, 0, 1, 0, 0]","[2, 3, 5, 7, 11, 13, 17, 19]"
4748/81,58.61728395,4748,81,"[2, 3, 1187]","[2, -4, 0, 0, 0, 0, 0, 0]","[2, 3, 5, 7, 11, 13, 17, 19]"
4750/81,58.64197531,4750,81,"[2, 3, 5, 19]","[1, -4, 3, 0, 0, 0, 0, 1]","[2, 3, 5, 7, 11, 13, 17, 19]"
4753/81,58.67901235,4753,81,"[3, 7, 97]","[0, -4, 0, 2, 0, 0, 0, 0]","[2, 3, 5, 7, 11, 13, 17, 19]"
4757/81,58.72839506,4757,81,"[3, 67, 71]","[0, -4, 0, 0, 0, 0, 0, 0]","[2, 3, 5, 7, 11, 13, 17, 19]"
4762/81,58.79012346,4762,81,"[2, 3, 2381]","[1, -4, 0, 0, 0, 0, 0, 0]","[2, 3, 5, 7, 11, 13, 17, 19]"
4763/81,58.80246914,4763,81,"[3, 11, 433]","[0, -4, 0, 0, 1, 0, 0, 0]","[2, 3, 5, 7, 11, 13, 17, 19]"
4766/81,58.83950617,4766,81,"[2, 3, 2383]","[1, -4, 0, 0, 0, 0, 0, 0]","[2, 3, 5, 7, 11, 13, 17, 19]"
4772/81,58.91358025,4772,81,"[2, 3, 1193]","[2, -4, 0, 0, 0, 0, 0, 0]","[2, 3, 5, 7, 11, 13, 17, 19]"
4780/81,59.01234568,4780,81,"[2, 3, 5, 239]","[2, -4, 1, 0, 0, 0, 0, 0]","[2, 3, 5, 7, 11, 13, 17, 19]"
4781/81,59.02469136,4781,81,"[3, 7, 683]","[0, -4, 0, 1, 0, 0, 0, 0]","[2, 3, 5, 7, 11, 13, 17, 19]"
4793/81,59.17283951,4793,81,"[3, 4793]","[0, -4, 0, 0, 0, 0, 0, 0]","[2, 3, 5, 7, 11, 13, 17, 19]"
4807/81,59.34567901,4807,81,"[3, 11, 19, 23]","[0, -4, 0, 0, 1, 0, 0, 1]","[2, 3, 5, 7, 11, 13, 17, 19]"
4811/81,59.39506173,4811,81,"[3, 17, 283]","[0, -4, 0, 0, 0, 0, 1, 0]","[2, 3, 5, 7, 11, 13, 17, 19]"
4816/81,59.45679012,4816,81,"[2, 3, 7, 43]","[4, -4, 0, 1, 0, 0, 0, 0]","[2, 3, 5, 7, 11, 13, 17, 19]"
4817/81,59.46913580,4817,81,"[3, 4817]","[0, -4, 0, 0, 0, 0, 0, 0]","[2, 3, 5, 7, 11, 13, 17, 19]"
4820/81,59.50617284,4820,81,"[2, 3, 5, 241]","[2, -4, 1, 0, 0, 0, 0, 0]","[2, 3, 5, 7, 11, 13, 17, 19]"
4823/81,59.54320988,4823,81,"[3, 7, 13, 53]","[0, -4, 0, 1, 0, 1, 0, 0]","[2, 3, 5, 7, 11, 13, 17, 19]"
4825/81,59.56790123,4825,81,"[3, 5, 193]","[0, -4, 2, 0, 0, 0, 0, 0]","[2, 3, 5, 7, 11, 13, 17, 19]"
4826/81,59.58024691,4826,81,"[2, 3, 19, 127]","[1, -4, 0, 0, 0, 0, 0, 1]","[2, 3, 5, 7, 11, 13, 17, 19]"
4826/243,19.86008230,4826,243,"[2, 3, 19, 127]","[1, -5, 0, 0, 0, 0, 0, 1]","[2, 3, 5, 7, 11, 13, 17, 19]"
4831/81,59.64197531,4831,81,"[3, 4831]","[0, -4, 0, 0, 0, 0, 0, 0]","[2, 3, 5, 7, 11, 13, 17, 19]"
4835/81,59.69135802,4835,81,"[3, 5, 967]","[0, -4, 1, 0, 0, 0, 0, 0]","[2, 3, 5, 7, 11, 13, 17, 19]"
4838/81,59.72839506,4838,81,"[2, 3, 41, 59]","[1, -4, 0, 0, 0, 0, 0, 0]","[2, 3, 5, 7, 11, 13, 17, 19]"
4843/81,59.79012346,4843,81,"[3, 29, 167]","[0, -4, 0, 0, 0, 0, 0, 0]","[2, 3, 5, 7, 11, 13, 17, 19]"
4847/81,59.83950617,4847,81,"[3, 37, 131]","[0, -4, 0, 0, 0, 0, 0, 0]","[2, 3, 5, 7, 11, 13, 17, 19]"
4853/81,59.91358025,4853,81,"[3, 23, 211]","[0, -4, 0, 0, 0, 0, 0, 0]","[2, 3, 5, 7, 11, 13, 17, 19]"
4853/243,19.97119342,4853,243,"[3, 23, 211]","[0, -5, 0, 0, 0, 0, 0, 0]","[2, 3, 5, 7, 11, 13, 17, 19]"
4861/81,60.01234568,4861,81,"[3, 4861]","[0, -4, 0, 0, 0, 0, 0, 0]","[2, 3, 5, 7, 11, 13, 17, 19]"
4862/81,60.02469136,4862,81,"[2, 3, 11, 13, 17]","[1, -4, 0, 0, 1, 1, 1, 0]","[2, 3, 5, 7, 11, 13, 17, 19]"
4870/81,60.12345679,4870,81,"[2, 3, 5, 487]","[1, -4, 1, 0, 0, 0, 0, 0]","[2, 3, 5, 7, 11, 13, 17, 19]"
4880/81,60.24691358,4880,81,"[2, 3, 5, 61]","[4, -4, 1, 0, 0, 0, 0, 0]","[2, 3, 5, 7, 11, 13, 17, 19]"
4880/243,20.08230453,4880,243,"[2, 3, 5, 61]","[4, -5, 1, 0, 0, 0, 0, 0]","[2, 3, 5, 7, 11, 13, 17, 19]"
4885/81,60.30864198,4885,81,"[3, 5, 977]","[0, -4, 1, 0, 0, 0, 0, 0]","[2, 3, 5, 7, 11, 13, 17, 19]"
4888/81,60.34567901,4888,81,"[2, 3, 13, 47]","[3, -4, 0, 0, 0, 1, 0, 0]","[2, 3, 5, 7, 11, 13, 17, 19]"
4892/81,60.39506173,4892,81,"[2, 3, 1223]","[2, -4, 0, 0, 0, 0, 0, 0]","[2, 3, 5, 7, 11, 13, 17, 19]"
4897/81,60.45679012,4897,81,"[3, 59, 83]","[0, -4, 0, 0, 0, 0, 0, 0]","[2, 3, 5, 7, 11, 13, 17, 19]"
4898/81,60.46913580,4898,81,"[2, 3, 31, 79]","[1, -4, 0, 0, 0, 0, 0, 0]","[2, 3, 5, 7, 11, 13, 17, 19]"
4898/243,20.15637860,4898,243,"[2, 3, 31, 79]","[1, -5, 0, 0, 0, 0, 0, 0]","[2, 3, 5, 7, 11, 13, 17, 19]"
4901/81,60.50617284,4901,81,"[3, 13, 29]","[0, -4, 0, 0, 0, 2, 0, 0]","[2, 3, 5, 7, 11, 13, 17, 19]"
4906/81,60.56790123,4906,81,"[2, 3, 11, 223]","[1, -4, 0, 0, 1, 0, 0, 0]","[2, 3, 5, 7, 11, 13, 17, 19]"
4907/81,60.58024691,4907,81,"[3, 7, 701]","[0, -4, 0, 1, 0, 0, 0, 0]","[2, 3, 5, 7, 11, 13, 17, 19]"
4912/81,60.64197531,4912,81,"[2, 3, 307]","[4, -4, 0, 0, 0, 0, 0, 0]","[2, 3, 5, 7, 11, 13, 17, 19]"
4916/81,60.69135802,4916,81,"[2, 3, 1229]","[2, -4, 0, 0, 0, 0, 0, 0]","[2, 3, 5, 7, 11, 13, 17, 19]"
4925/81,60.80246914,4925,81,"[3, 5, 197]","[0, -4, 2, 0, 0, 0, 0, 0]","[2, 3, 5, 7, 11, 13, 17, 19]"
4925/243,20.26748971,4925,243,"[3, 5, 197]","[0, -5, 2, 0, 0, 0, 0, 0]","[2, 3, 5, 7, 11, 13, 17, 19]"
4928/81,60.83950617,4928,81,"[2, 3, 7, 11]","[6, -4, 0, 1, 1, 0, 0, 0]","[2, 3, 5, 7, 11, 13, 17, 19]"
4934/243,20.30452675,4934,243,"[2, 3, 2467]","[1, -5, 0, 0, 0, 0, 0, 0]","[2, 3, 5, 7, 11, 13, 17, 19]"
4942/81,61.01234568,4942,81,"[2, 3, 7, 353]","[1, -4, 0, 1, 0, 0, 0, 0]","[2, 3, 5, 7, 11, 13, 17, 19]"
4943/81,61.02469136,4943,81,"[3, 4943]","[0, -4, 0, 0, 0, 0, 0, 0]","[2, 3, 5, 7, 11, 13, 17, 19]"
4951/81,61.12345679,4951,81,"[3, 4951]","[0, -4, 0, 0, 0, 0, 0, 0]","[2, 3, 5, 7, 11, 13, 17, 19]"
4955/81,61.17283951,4955,81,"[3, 5, 991]","[0, -4, 1, 0, 0, 0, 0, 0]","[2, 3, 5, 7, 11, 13, 17, 19]"
4960/81,61.23456790,4960,81,"[2, 3, 5, 31]","[5, -4, 1, 0, 0, 0, 0, 0]","[2, 3, 5, 7, 11, 13, 17, 19]"
4961/81,61.24691358,4961,81,"[3, 11, 41]","[0, -4, 0, 0, 2, 0, 0, 0]","[2, 3, 5, 7, 11, 13, 17, 19]"
4961/243,20.41563786,4961,243,"[3, 11, 41]","[0, -5, 0, 0, 2, 0, 0, 0]","[2, 3, 5, 7, 11, 13, 17, 19]"
4966/81,61.30864198,4966,81,"[2, 3, 13, 191]","[1, -4, 0, 0, 0, 1, 0, 0]","[2, 3, 5, 7, 11, 13, 17, 19]"
4970/81,61.35802469,4970,81,"[2, 3, 5, 7, 71]","[1, -4, 1, 1, 0, 0, 0, 0]","[2, 3, 5, 7, 11, 13, 17, 19]"
4973/81,61.39506173,4973,81,"[3, 4973]","[0, -4, 0, 0, 0, 0, 0, 0]","[2, 3, 5, 7, 11, 13, 17, 19]"
4975/81,61.41975309,4975,81,"[3, 5, 199]","[0, -4, 2, 0, 0, 0, 0, 0]","[2, 3, 5, 7, 11, 13, 17, 19]"
4978/81,61.45679012,4978,81,"[2, 3, 19, 131]","[1, -4, 0, 0, 0, 0, 0, 1]","[2, 3, 5, 7, 11, 13, 17, 19]"
4979/243,20.48971193,4979,243,"[3, 13, 383]","[0, -5, 0, 0, 0, 1, 0, 0]","[2, 3, 5, 7, 11, 13, 17, 19]"
4982/81,61.50617284,4982,81,"[2, 3, 47, 53]","[1, -4, 0, 0, 0, 0, 0, 0]","[2, 3, 5, 7, 11, 13, 17, 19]"
4987/81,61.56790123,4987,81,"[3, 4987]","[0, -4, 0, 0, 0, 0, 0, 0]","[2, 3, 5, 7, 11, 13, 17, 19]"
4988/81,61.58024691,4988,81,"[2, 3, 29, 43]","[2, -4, 0, 0, 0, 0, 0, 0]","[2, 3, 5, 7, 11, 13, 17, 19]"
4993/81,61.64197531,4993,81,"[3, 4993]","[0, -4, 0, 0, 0, 0, 0, 0]","[2, 3, 5, 7, 11, 13, 17, 19]"
4997/81,61.69135802,4997,81,"[3, 19, 263]","[0, -4, 0, 0, 0, 0, 0, 1]","[2, 3, 5, 7, 11, 13, 17, 19]"
5000/81,61.72839506,5000,81,"[2, 3, 5]","[3, -4, 4, 0, 0, 0, 0, 0]","[2, 3, 5, 7, 11, 13, 17, 19]"
5000/243,20.57613169,5000,243,"[2, 3, 5]","[3, -5, 4, 0, 0, 0, 0, 0]","[2, 3, 5, 7, 11, 13, 17, 19]"
5005/81,61.79012346,5005,81,"[3, 5, 7, 11, 13]","[0, -4, 1, 1, 1, 1, 0, 0]","[2, 3, 5, 7, 11, 13, 17, 19]"
5006/81,61.80246914,5006,81,"[2, 3, 2503]","[1, -4, 0, 0, 0, 0, 0, 0]","[2, 3, 5, 7, 11, 13, 17, 19]"
5015/243,20.63786008,5015,243,"[3, 5, 17, 59]","[0, -5, 1, 0, 0, 0, 1, 0]","[2, 3, 5, 7, 11, 13, 17, 19]"
5020/81,61.97530864,5020,81,"[2, 3, 5, 251]","[2, -4, 1, 0, 0, 0, 0, 0]","[2, 3, 5, 7, 11, 13, 17, 19]"
5023/81,62.01234568,5023,81,"[3, 5023]","[0, -4, 0, 0, 0, 0, 0, 0]","[2, 3, 5, 7, 11, 13, 17, 19]"
5032/81,62.12345679,5032,81,"[2, 3, 17, 37]","[3, -4, 0, 0, 0, 0, 1, 0]","[2, 3, 5, 7, 11, 13, 17, 19]"
5036/81,62.17283951,5036,81,"[2, 3, 1259]","[2, -4, 0, 0, 0, 0, 0, 0]","[2, 3, 5, 7, 11, 13, 17, 19]"
5041/81,62.23456790,5041,81,"[3, 71]","[0, -4, 0, 0, 0, 0, 0, 0]","[2, 3, 5, 7, 11, 13, 17, 19]"
5042/81,62.24691358,5042,81,"[2, 3, 2521]","[1, -4, 0, 0, 0, 0, 0, 0]","[2, 3, 5, 7, 11, 13, 17, 19]"
5047/81,62.30864198,5047,81,"[3, 7, 103]","[0, -4, 0, 2, 0, 0, 0, 0]","[2, 3, 5, 7, 11, 13, 17, 19]"
5050/81,62.34567901,5050,81,"[2, 3, 5, 101]","[1, -4, 2, 0, 0, 0, 0, 0]","[2, 3, 5, 7, 11, 13, 17, 19]"
5051/81,62.35802469,5051,81,"[3, 5051]","[0, -4, 0, 0, 0, 0, 0, 0]","[2, 3, 5, 7, 11, 13, 17, 19]"
5056/81,62.41975309,5056,81,"[2, 3, 79]","[6, -4, 0, 0, 0, 0, 0, 0]","[2, 3, 5, 7, 11, 13, 17, 19]"
5060/81,62.46913580,5060,81,"[2, 3, 5, 11, 23]","[2, -4, 1, 0, 1, 0, 0, 0]","[2, 3, 5, 7, 11, 13, 17, 19]"
5060/243,20.82304527,5060,243,"[2, 3, 5, 11, 23]","[2, -5, 1, 0, 1, 0, 0, 0]","[2, 3, 5, 7, 11, 13, 17, 19]"
5063/81,62.50617284,5063,81,"[3, 61, 83]","[0, -4, 0, 0, 0, 0, 0, 0]","[2, 3, 5, 7, 11, 13, 17, 19]"
5068/81,62.56790123,5068,81,"[2, 3, 7, 181]","[2, -4, 0, 1, 0, 0, 0, 0]","[2, 3, 5, 7, 11, 13, 17, 19]"
5069/243,20.86008230,5069,243,"[3, 37, 137]","[0, -5, 0, 0, 0, 0, 0, 0]","[2, 3, 5, 7, 11, 13, 17, 19]"
5078/81,62.69135802,5078,81,"[2, 3, 2539]","[1, -4, 0, 0, 0, 0, 0, 0]","[2, 3, 5, 7, 11, 13, 17, 19]"
5081/81,62.72839506,5081,81,"[3, 5081]","[0, -4, 0, 0, 0, 0, 0, 0]","[2, 3, 5, 7, 11, 13, 17, 19]"
5086/81,62.79012346,5086,81,"[2, 3, 2543]","[1, -4, 0, 0, 0, 0, 0, 0]","[2, 3, 5, 7, 11, 13, 17, 19]"
5087/81,62.80246914,5087,81,"[3, 5087]","[0, -4, 0, 0, 0, 0, 0, 0]","[2, 3, 5, 7, 11, 13, 17, 19]"
5095/81,62.90123457,5095,81,"[3, 5, 1019]","[0, -4, 1, 0, 0, 0, 0, 0]","[2, 3, 5, 7, 11, 13, 17, 19]"
5096/243,20.97119342,5096,243,"[2, 3, 7, 13]","[3, -5, 0, 2, 0, 1, 0, 0]","[2, 3, 5, 7, 11, 13, 17, 19]"
5101/81,62.97530864,5101,81,"[3, 5101]","[0, -4, 0, 0, 0, 0, 0, 0]","[2, 3, 5, 7, 11, 13, 17, 19]"
5105/81,63.02469136,5105,81,"[3, 5, 1021]","[0, -4, 1, 0, 0, 0, 0, 0]","[2, 3, 5, 7, 11, 13, 17, 19]"
5110/81,63.08641975,5110,81,"[2, 3, 5, 7, 73]","[1, -4, 1, 1, 0, 0, 0, 0]","[2, 3, 5, 7, 11, 13, 17, 19]"
5113/81,63.12345679,5113,81,"[3, 5113]","[0, -4, 0, 0, 0, 0, 0, 0]","[2, 3, 5, 7, 11, 13, 17, 19]"
5117/81,63.17283951,5117,81,"[3, 7, 17, 43]","[0, -4, 0, 1, 0, 0, 1, 0]","[2, 3, 5, 7, 11, 13, 17, 19]"
5122/81,63.23456790,5122,81,"[2, 3, 13, 197]","[1, -4, 0, 0, 0, 1, 0, 0]","[2, 3, 5, 7, 11, 13, 17, 19]"
5123/81,63.24691358,5123,81,"[3, 47, 109]","[0, -4, 0, 0, 0, 0, 0, 0]","[2, 3, 5, 7, 11, 13, 17, 19]"
5123/243,21.08230453,5123,243,"[3, 47, 109]","[0, -5, 0, 0, 0, 0, 0, 0]","[2, 3, 5, 7, 11, 13, 17, 19]"
5125/81,63.27160494,5125,81,"[3, 5, 41]","[0, -4, 3, 0, 0, 0, 0, 0]","[2, 3, 5, 7, 11, 13, 17, 19]"
5128/81,63.30864198,5128,81,"[2, 3, 641]","[3, -4, 0, 0, 0, 0, 0, 0]","[2, 3, 5, 7, 11, 13, 17, 19]"
5131/81,63.34567901,5131,81,"[3, 7, 733]","[0, -4, 0, 1, 0, 0, 0, 0]","[2, 3, 5, 7, 11, 13, 17, 19]"
5132/81,63.35802469,5132,81,"[2, 3, 1283]","[2, -4, 0, 0, 0, 0, 0, 0]","[2, 3, 5, 7, 11, 13, 17, 19]"
5135/81,63.39506173,5135,81,"[3, 5, 13, 79]","[0, -4, 1, 0, 0, 1, 0, 0]","[2, 3, 5, 7, 11, 13, 17, 19]"
5137/81,63.41975309,5137,81,"[3, 11, 467]","[0, -4, 0, 0, 1, 0, 0, 0]","[2, 3, 5, 7, 11, 13, 17, 19]"
5141/81,63.46913580,5141,81,"[3, 53, 97]","[0, -4, 0, 0, 0, 0, 0, 0]","[2, 3, 5, 7, 11, 13, 17, 19]"
5141/243,21.15637860,5141,243,"[3, 53, 97]","[0, -5, 0, 0, 0, 0, 0, 0]","[2, 3, 5, 7, 11, 13, 17, 19]"
5150/243,21.19341564,5150,243,"[2, 3, 5, 103]","[1, -5, 2, 0, 0, 0, 0, 0]","[2, 3, 5, 7, 11, 13, 17, 19]"
5155/81,63.64197531,5155,81,"[3, 5, 1031]","[0, -4, 1, 0, 0, 0, 0, 0]","[2, 3, 5, 7, 11, 13, 17, 19]"
5162/81,63.72839506,5162,81,"[2, 3, 29, 89]","[1, -4, 0, 0, 0, 0, 0, 0]","[2, 3, 5, 7, 11, 13, 17, 19]"
5167/81,63.79012346,5167,81,"[3, 5167]","[0, -4, 0, 0, 0, 0, 0, 0]","[2, 3, 5, 7, 11, 13, 17, 19]"
5168/81,63.80246914,5168,81,"[2, 3, 17, 19]","[4, -4, 0, 0, 0, 0, 1, 1]","[2, 3, 5, 7, 11, 13, 17, 19]"
5168/243,21.26748971,5168,243,"[2, 3, 17, 19]","[4, -5, 0, 0, 0, 0, 1, 1]","[2, 3, 5, 7, 11, 13, 17, 19]"
5176/81,63.90123457,5176,81,"[2, 3, 647]","[3, -4, 0, 0, 0, 0, 0, 0]","[2, 3, 5, 7, 11, 13, 17, 19]"
5182/81,63.97530864,5182,81,"[2, 3, 2591]","[1, -4, 0, 0, 0, 0, 0, 0]","[2, 3, 5, 7, 11, 13, 17, 19]"
5185/81,64.01234568,5185,81,"[3, 5, 17, 61]","[0, -4, 1, 0, 0, 0, 1, 0]","[2, 3, 5, 7, 11, 13, 17, 19]"
5186/81,64.02469136,5186,81,"[2, 3, 2593]","[1, -4, 0, 0, 0, 0, 0, 0]","[2, 3, 5, 7, 11, 13, 17, 19]"
5191/81,64.08641975,5191,81,"[3, 29, 179]","[0, -4, 0, 0, 0, 0, 0, 0]","[2, 3, 5, 7, 11, 13, 17, 19]"
5195/81,64.13580247,5195,81,"[3, 5, 1039]","[0, -4, 1, 0, 0, 0, 0, 0]","[2, 3, 5, 7, 11, 13, 17, 19]"
5198/81,64.17283951,5198,81,"[2, 3, 23, 113]","[1, -4, 0, 0, 0, 0, 0, 0]","[2, 3, 5, 7, 11, 13, 17, 19]"
5200/81,64.19753086,5200,81,"[2, 3, 5, 13]","[4, -4, 2, 0, 0, 1, 0, 0]","[2, 3, 5, 7, 11, 13, 17, 19]"
5203/81,64.23456790,5203,81,"[3, 11, 43]","[0, -4, 0, 0, 2, 0, 0, 0]","[2, 3, 5, 7, 11, 13, 17, 19]"
5204/243,21.41563786,5204,243,"[2, 3, 1301]","[2, -5, 0, 0, 0, 0, 0, 0]","[2, 3, 5, 7, 11, 13, 17, 19]"
5206/81,64.27160494,5206,81,"[2, 3, 19, 137]","[1, -4, 0, 0, 0, 0, 0, 1]","[2, 3, 5, 7, 11, 13, 17, 19]"
5212/81,64.34567901,5212,81,"[2, 3, 1303]","[2, -4, 0, 0, 0, 0, 0, 0]","[2, 3, 5, 7, 11, 13, 17, 19]"
5213/81,64.35802469,5213,81,"[3, 13, 401]","[0, -4, 0, 0, 0, 1, 0, 0]","[2, 3, 5, 7, 11, 13, 17, 19]"
5216/81,64.39506173,5216,81,"[2, 3, 163]","[5, -4, 0, 0, 0, 0, 0, 0]","[2, 3, 5, 7, 11, 13, 17, 19]"
5218/81,64.41975309,5218,81,"[2, 3, 2609]","[1, -4, 0, 0, 0, 0, 0, 0]","[2, 3, 5, 7, 11, 13, 17, 19]"
5222/81,64.46913580,5222,81,"[2, 3, 7, 373]","[1, -4, 0, 1, 0, 0, 0, 0]","[2, 3, 5, 7, 11, 13, 17, 19]"
5225/81,64.50617284,5225,81,"[3, 5, 11, 19]","[0, -4, 2, 0, 1, 0, 0, 1]","[2, 3, 5, 7, 11, 13, 17, 19]"
5230/81,64.56790123,5230,81,"[2, 3, 5, 523]","[1, -4, 1, 0, 0, 0, 0, 0]","[2, 3, 5, 7, 11, 13, 17, 19]"
5236/81,64.64197531,5236,81,"[2, 3, 7, 11, 17]","[2, -4, 0, 1, 1, 0, 1, 0]","[2, 3, 5, 7, 11, 13, 17, 19]"
5243/81,64.72839506,5243,81,"[3, 7, 107]","[0, -4, 0, 2, 0, 0, 0, 0]","[2, 3, 5, 7, 11, 13, 17, 19]"
5243/243,21.57613169,5243,243,"[3, 7, 107]","[0, -5, 0, 2, 0, 0, 0, 0]","[2, 3, 5, 7, 11, 13, 17, 19]"
5245/81,64.75308642,5245,81,"[3, 5, 1049]","[0, -4, 1, 0, 0, 0, 0, 0]","[2, 3, 5, 7, 11, 13, 17, 19]"
5248/81,64.79012346,5248,81,"[2, 3, 41]","[7, -4, 0, 0, 0, 0, 0, 0]","[2, 3, 5, 7, 11, 13, 17, 19]"
5257/81,64.90123457,5257,81,"[3, 7, 751]","[0, -4, 0, 1, 0, 0, 0, 0]","[2, 3, 5, 7, 11, 13, 17, 19]"
5258/243,21.63786008,5258,243,"[2, 3, 11, 239]","[1, -5, 0, 0, 1, 0, 0, 0]","[2, 3, 5, 7, 11, 13, 17, 19]"
5260/81,64.93827160,5260,81,"[2, 3, 5, 263]","[2, -4, 1, 0, 0, 0, 0, 0]","[2, 3, 5, 7, 11, 13, 17, 19]"
5263/81,64.97530864,5263,81,"[3, 19, 277]","[0, -4, 0, 0, 0, 0, 0, 1]","[2, 3, 5, 7, 11, 13, 17, 19]"
5266/81,65.01234568,5266,81,"[2, 3, 2633]","[1, -4, 0, 0, 0, 0, 0, 0]","[2, 3, 5, 7, 11, 13, 17, 19]"
5267/81,65.02469136,5267,81,"[3, 23, 229]","[0, -4, 0, 0, 0, 0, 0, 0]","[2, 3, 5, 7, 11, 13, 17, 19]"
5270/81,65.06172840,5270,81,"[2, 3, 5, 17, 31]","[1, -4, 1, 0, 0, 0, 1, 0]","[2, 3, 5, 7, 11, 13, 17, 19]"
5272/81,65.08641975,5272,81,"[2, 3, 659]","[3, -4, 0, 0, 0, 0, 0, 0]","[2, 3, 5, 7, 11, 13, 17, 19]"
5276/81,65.13580247,5276,81,"[2, 3, 1319]","[2, -4, 0, 0, 0, 0, 0, 0]","[2, 3, 5, 7, 11, 13, 17, 19]"
5281/81,65.19753086,5281,81,"[3, 5281]","[0, -4, 0, 0, 0, 0, 0, 0]","[2, 3, 5, 7, 11, 13, 17, 19]"
5285/243,21.74897119,5285,243,"[3, 5, 7, 151]","[0, -5, 1, 1, 0, 0, 0, 0]","[2, 3, 5, 7, 11, 13, 17, 19]"
5287/81,65.27160494,5287,81,"[3, 17, 311]","[0, -4, 0, 0, 0, 0, 1, 0]","[2, 3, 5, 7, 11, 13, 17, 19]"
5293/81,65.34567901,5293,81,"[3, 67, 79]","[0, -4, 0, 0, 0, 0, 0, 0]","[2, 3, 5, 7, 11, 13, 17, 19]"
5297/81,65.39506173,5297,81,"[3, 5297]","[0, -4, 0, 0, 0, 0, 0, 0]","[2, 3, 5, 7, 11, 13, 17, 19]"
5303/81,65.46913580,5303,81,"[3, 5303]","[0, -4, 0, 0, 0, 0, 0, 0]","[2, 3, 5, 7, 11, 13, 17, 19]"
5303/243,21.82304527,5303,243,"[3, 5303]","[0, -5, 0, 0, 0, 0, 0, 0]","[2, 3, 5, 7, 11, 13, 17, 19]"
5306/81,65.50617284,5306,81,"[2, 3, 7, 379]","[1, -4, 0, 1, 0, 0, 0, 0]","[2, 3, 5, 7, 11, 13, 17, 19]"
5311/81,65.56790123,5311,81,"[3, 47, 113]","[0, -4, 0, 0, 0, 0, 0, 0]","[2, 3, 5, 7, 11, 13, 17, 19]"
5317/81,65.64197531,5317,81,"[3, 13, 409]","[0, -4, 0, 0, 0, 1, 0, 0]","[2, 3, 5, 7, 11, 13, 17, 19]"
5320/81,65.67901235,5320,81,"[2, 3, 5, 7, 19]","[3, -4, 1, 1, 0, 0, 0, 1]","[2, 3, 5, 7, 11, 13, 17, 19]"
5326/81,65.75308642,5326,81,"[2, 3, 2663]","[1, -4, 0, 0, 0, 0, 0, 0]","[2, 3, 5, 7, 11, 13, 17, 19]"
5330/81,65.80246914,5330,81,"[2, 3, 5, 13, 41]","[1, -4, 1, 0, 0, 1, 0, 0]","[2, 3, 5, 7, 11, 13, 17, 19]"
5330/243,21.93415638,5330,243,"[2, 3, 5, 13, 41]","[1, -5, 1, 0, 0, 1, 0, 0]","[2, 3, 5, 7, 11, 13, 17, 19]"
5335/81,65.86419753,5335,81,"[3, 5, 11, 97]","[0, -4, 1, 0, 1, 0, 0, 0]","[2, 3, 5, 7, 11, 13, 17, 19]"
5338/81,65.90123457,5338,81,"[2, 3, 17, 157]","[1, -4, 0, 0, 0, 0, 1, 0]","[2, 3, 5, 7, 11, 13, 17, 19]"
5339/243,21.97119342,5339,243,"[3, 19, 281]","[0, -5, 0, 0, 0, 0, 0, 1]","[2, 3, 5, 7, 11, 13, 17, 19]"
5341/81,65.93827160,5341,81,"[3, 7, 109]","[0, -4, 0, 2, 0, 0, 0, 0]","[2, 3, 5, 7, 11, 13, 17, 19]"
5347/81,66.01234568,5347,81,"[3, 5347]","[0, -4, 0, 0, 0, 0, 0, 0]","[2, 3, 5, 7, 11, 13, 17, 19]"
5348/81,66.02469136,5348,81,"[2, 3, 7, 191]","[2, -4, 0, 1, 0, 0, 0, 0]","[2, 3, 5, 7, 11, 13, 17, 19]"
5350/81,66.04938272,5350,81,"[2, 3, 5, 107]","[1, -4, 2, 0, 0, 0, 0, 0]","[2, 3, 5, 7, 11, 13, 17, 19]"
5351/81,66.06172840,5351,81,"[3, 5351]","[0, -4, 0, 0, 0, 0, 0, 0]","[2, 3, 5, 7, 11, 13, 17, 19]"
5353/81,66.08641975,5353,81,"[3, 53, 101]","[0, -4, 0, 0, 0, 0, 0, 0]","[2, 3, 5, 7, 11, 13, 17, 19]"
5357/81,66.13580247,5357,81,"[3, 11, 487]","[0, -4, 0, 0, 1, 0, 0, 0]","[2, 3, 5, 7, 11, 13, 17, 19]"
5360/81,66.17283951,5360,81,"[2, 3, 5, 67]","[4, -4, 1, 0, 0, 0, 0, 0]","[2, 3, 5, 7, 11, 13, 17, 19]"
5362/81,66.19753086,5362,81,"[2, 3, 7, 383]","[1, -4, 0, 1, 0, 0, 0, 0]","[2, 3, 5, 7, 11, 13, 17, 19]"
5366/243,22.08230453,5366,243,"[2, 3, 2683]","[1, -5, 0, 0, 0, 0, 0, 0]","[2, 3, 5, 7, 11, 13, 17, 19]"
5368/81,66.27160494,5368,81,"[2, 3, 11, 61]","[3, -4, 0, 0, 1, 0, 0, 0]","[2, 3, 5, 7, 11, 13, 17, 19]"
5375/81,66.35802469,5375,81,"[3, 5, 43]","[0, -4, 3, 0, 0, 0, 0, 0]","[2, 3, 5, 7, 11, 13, 17, 19]"
5375/243,22.11934156,5375,243,"[3, 5, 43]","[0, -5, 3, 0, 0, 0, 0, 0]","[2, 3, 5, 7, 11, 13, 17, 19]"
5378/81,66.39506173,5378,81,"[2, 3, 2689]","[1, -4, 0, 0, 0, 0, 0, 0]","[2, 3, 5, 7, 11, 13, 17, 19]"
5380/81,66.41975309,5380,81,"[2, 3, 5, 269]","[2, -4, 1, 0, 0, 0, 0, 0]","[2, 3, 5, 7, 11, 13, 17, 19]"
5384/243,22.15637860,5384,243,"[2, 3, 673]","[3, -5, 0, 0, 0, 0, 0, 0]","[2, 3, 5, 7, 11, 13, 17, 19]"
5387/81,66.50617284,5387,81,"[3, 5387]","[0, -4, 0, 0, 0, 0, 0, 0]","[2, 3, 5, 7, 11, 13, 17, 19]"
5392/81,66.56790123,5392,81,"[2, 3, 337]","[4, -4, 0, 0, 0, 0, 0, 0]","[2, 3, 5, 7, 11, 13, 17, 19]"
5393/243,22.19341564,5393,243,"[3, 5393]","[0, -5, 0, 0, 0, 0, 0, 0]","[2, 3, 5, 7, 11, 13, 17, 19]"
5395/81,66.60493827,5395,81,"[3, 5, 13, 83]","[0, -4, 1, 0, 0, 1, 0, 0]","[2, 3, 5, 7, 11, 13, 17, 19]"
5398/81,66.64197531,5398,81,"[2, 3, 2699]","[1, -4, 0, 0, 0, 0, 0, 0]","[2, 3, 5, 7, 11, 13, 17, 19]"
5401/81,66.67901235,5401,81,"[3, 11, 491]","[0, -4, 0, 0, 1, 0, 0, 0]","[2, 3, 5, 7, 11, 13, 17, 19]"
5405/81,66.72839506,5405,81,"[3, 5, 23, 47]","[0, -4, 1, 0, 0, 0, 0, 0]","[2, 3, 5, 7, 11, 13, 17, 19]"
5405/243,22.24279835,5405,243,"[3, 5, 23, 47]","[0, -5, 1, 0, 0, 0, 0, 0]","[2, 3, 5, 7, 11, 13, 17, 19]"
5407/81,66.75308642,5407,81,"[3, 5407]","[0, -4, 0, 0, 0, 0, 0, 0]","[2, 3, 5, 7, 11, 13, 17, 19]"
5411/81,66.80246914,5411,81,"[3, 7, 773]","[0, -4, 0, 1, 0, 0, 0, 0]","[2, 3, 5, 7, 11, 13, 17, 19]"
5411/243,22.26748971,5411,243,"[3, 7, 773]","[0, -5, 0, 1, 0, 0, 0, 0]","[2, 3, 5, 7, 11, 13, 17, 19]"
5416/81,66.86419753,5416,81,"[2, 3, 677]","[3, -4, 0, 0, 0, 0, 0, 0]","[2, 3, 5, 7, 11, 13, 17, 19]"
5422/81,66.93827160,5422,81,"[2, 3, 2711]","[1, -4, 0, 0, 0, 0, 0, 0]","[2, 3, 5, 7, 11, 13, 17, 19]"
5425/81,66.97530864,5425,81,"[3, 5, 7, 31]","[0, -4, 2, 1, 0, 0, 0, 0]","[2, 3, 5, 7, 11, 13, 17, 19]"
5428/81,67.01234568,5428,81,"[2, 3, 23, 59]","[2, -4, 0, 0, 0, 0, 0, 0]","[2, 3, 5, 7, 11, 13, 17, 19]"
5431/81,67.04938272,5431,81,"[3, 5431]","[0, -4, 0, 0, 0, 0, 0, 0]","[2, 3, 5, 7, 11, 13, 17, 19]"
5432/81,67.06172840,5432,81,"[2, 3, 7, 97]","[3, -4, 0, 1, 0, 0, 0, 0]","[2, 3, 5, 7, 11, 13, 17, 19]"
5438/81,67.13580247,5438,81,"[2, 3, 2719]","[1, -4, 0, 0, 0, 0, 0, 0]","[2, 3, 5, 7, 11, 13, 17, 19]"
5441/81,67.17283951,5441,81,"[3, 5441]","[0, -4, 0, 0, 0, 0, 0, 0]","[2, 3, 5, 7, 11, 13, 17, 19]"
5443/81,67.19753086,5443,81,"[3, 5443]","[0, -4, 0, 0, 0, 0, 0, 0]","[2, 3, 5, 7, 11, 13, 17, 19]"
5450/81,67.28395062,5450,81,"[2, 3, 5, 109]","[1, -4, 2, 0, 0, 0, 0, 0]","[2, 3, 5, 7, 11, 13, 17, 19]"
5455/81,67.34567901,5455,81,"[3, 5, 1091]","[0, -4, 1, 0, 0, 0, 0, 0]","[2, 3, 5, 7, 11, 13, 17, 19]"
5456/81,67.35802469,5456,81,"[2, 3, 11, 31]","[4, -4, 0, 0, 1, 0, 0, 0]","[2, 3, 5, 7, 11, 13, 17, 19]"
5461/81,67.41975309,5461,81,"[3, 43, 127]","[0, -4, 0, 0, 0, 0, 0, 0]","[2, 3, 5, 7, 11, 13, 17, 19]"
5465/243,22.48971193,5465,243,"[3, 5, 1093]","[0, -5, 1, 0, 0, 0, 0, 0]","[2, 3, 5, 7, 11, 13, 17, 19]"
5468/81,67.50617284,5468,81,"[2, 3, 1367]","[2, -4, 0, 0, 0, 0, 0, 0]","[2, 3, 5, 7, 11, 13, 17, 19]"
5470/81,67.53086420,5470,81,"[2, 3, 5, 547]","[1, -4, 1, 0, 0, 0, 0, 0]","[2, 3, 5, 7, 11, 13, 17, 19]"
5473/81,67.56790123,5473,81,"[3, 13, 421]","[0, -4, 0, 0, 0, 1, 0, 0]","[2, 3, 5, 7, 11, 13, 17, 19]"
5476/81,67.60493827,5476,81,"[2, 3, 37]","[2, -4, 0, 0, 0, 0, 0, 0]","[2, 3, 5, 7, 11, 13, 17, 19]"
5482/81,67.67901235,5482,81,"[2, 3, 2741]","[1, -4, 0, 0, 0, 0, 0, 0]","[2, 3, 5, 7, 11, 13, 17, 19]"
5485/81,67.71604938,5485,81,"[3, 5, 1097]","[0, -4, 1, 0, 0, 0, 0, 0]","[2, 3, 5, 7, 11, 13, 17, 19]"
5486/81,67.72839506,5486,81,"[2, 3, 13, 211]","[1, -4, 0, 0, 0, 1, 0, 0]","[2, 3, 5, 7, 11, 13, 17, 19]"
5486/243,22.57613169,5486,243,"[2, 3, 13, 211]","[1, -5, 0, 0, 0, 1, 0, 0]","[2, 3, 5, 7, 11, 13, 17, 19]"
5488/81,67.75308642,5488,81,"[2, 3, 7]","[4, -4, 0, 3, 0, 0, 0, 0]","[2, 3, 5, 7, 11, 13, 17, 19]"
5492/81,67.80246914,5492,81,"[2, 3, 1373]","[2, -4, 0, 0, 0, 0, 0, 0]","[2, 3, 5, 7, 11, 13, 17, 19]"
5495/81,67.83950617,5495,81,"[3, 5, 7, 157]","[0, -4, 1, 1, 0, 0, 0, 0]","[2, 3, 5, 7, 11, 13, 17, 19]"
5497/81,67.86419753,5497,81,"[3, 23, 239]","[0, -4, 0, 0, 0, 0, 0, 0]","[2, 3, 5, 7, 11, 13, 17, 19]"
5500/81,67.90123457,5500,81,"[2, 3, 5, 11]","[2, -4, 3, 0, 1, 0, 0, 0]","[2, 3, 5, 7, 11, 13, 17, 19]"
5501/243,22.63786008,5501,243,"[3, 5501]","[0, -5, 0, 0, 0, 0, 0, 0]","[2, 3, 5, 7, 11, 13, 17, 19]"
5503/81,67.93827160,5503,81,"[3, 5503]","[0, -4, 0, 0, 0, 0, 0, 0]","[2, 3, 5, 7, 11, 13, 17, 19]"
5506/81,67.97530864,5506,81,"[2, 3, 2753]","[1, -4, 0, 0, 0, 0, 0, 0]","[2, 3, 5, 7, 11, 13, 17, 19]"
5510/81,68.02469136,5510,81,"[2, 3, 5, 19, 29]","[1, -4, 1, 0, 0, 0, 0, 1]","[2, 3, 5, 7, 11, 13, 17, 19]"
5512/81,68.04938272,5512,81,"[2, 3, 13, 53]","[3, -4, 0, 0, 0, 1, 0, 0]","[2, 3, 5, 7, 11, 13, 17, 19]"
5513/81,68.06172840,5513,81,"[3, 37, 149]","[0, -4, 0, 0, 0, 0, 0, 0]","[2, 3, 5, 7, 11, 13, 17, 19]"
5522/81,68.17283951,5522,81,"[2, 3, 11, 251]","[1, -4, 0, 0, 1, 0, 0, 0]","[2, 3, 5, 7, 11, 13, 17, 19]"
5528/243,22.74897119,5528,243,"[2, 3, 691]","[3, -5, 0, 0, 0, 0, 0, 0]","[2, 3, 5, 7, 11, 13, 17, 19]"
5530/81,68.27160494,5530,81,"[2, 3, 5, 7, 79]","[1, -4, 1, 1, 0, 0, 0, 0]","[2, 3, 5, 7, 11, 13, 17, 19]"
5531/81,68.28395062,5531,81,"[3, 5531]","[0, -4, 0, 0, 0, 0, 0, 0]","[2, 3, 5, 7, 11, 13, 17, 19]"
5536/81,68.34567901,5536,81,"[2, 3, 173]","[5, -4, 0, 0, 0, 0, 0, 0]","[2, 3, 5, 7, 11, 13, 17, 19]"
5537/81,68.35802469,5537,81,"[3, 7, 113]","[0, -4, 0, 2, 0, 0, 0, 0]","[2, 3, 5, 7, 11, 13, 17, 19]"
5542/81,68.41975309,5542,81,"[2, 3, 17, 163]","[1, -4, 0, 0, 0, 0, 1, 0]","[2, 3, 5, 7, 11, 13, 17, 19]"
5546/243,22.82304527,5546,243,"[2, 3, 47, 59]","[1, -5, 0, 0, 0, 0, 0, 0]","[2, 3, 5, 7, 11, 13, 17, 19]"
5551/81,68.53086420,5551,81,"[3, 7, 13, 61]","[0, -4, 0, 1, 0, 1, 0, 0]","[2, 3, 5, 7, 11, 13, 17, 19]"
5555/243,22.86008230,5555,243,"[3, 5, 11, 101]","[0, -5, 1, 0, 1, 0, 0, 0]","[2, 3, 5, 7, 11, 13, 17, 19]"
5557/81,68.60493827,5557,81,"[3, 5557]","[0, -4, 0, 0, 0, 0, 0, 0]","[2, 3, 5, 7, 11, 13, 17, 19]"
5560/81,68.64197531,5560,81,"[2, 3, 5, 139]","[3, -4, 1, 0, 0, 0, 0, 0]","[2, 3, 5, 7, 11, 13, 17, 19]"
5563/81,68.67901235,5563,81,"[3, 5563]","[0, -4, 0, 0, 0, 0, 0, 0]","[2, 3, 5, 7, 11, 13, 17, 19]"
5566/81,68.71604938,5566,81,"[2, 3, 11, 23]","[1, -4, 0, 0, 2, 0, 0, 0]","[2, 3, 5, 7, 11, 13, 17, 19]"
5567/81,68.72839506,5567,81,"[3, 19, 293]","[0, -4, 0, 0, 0, 0, 0, 1]","[2, 3, 5, 7, 11, 13, 17, 19]"
5573/81,68.80246914,5573,81,"[3, 5573]","[0, -4, 0, 0, 0, 0, 0, 0]","[2, 3, 5, 7, 11, 13, 17, 19]"
5573/243,22.93415638,5573,243,"[3, 5573]","[0, -5, 0, 0, 0, 0, 0, 0]","[2, 3, 5, 7, 11, 13, 17, 19]"
5575/81,68.82716049,5575,81,"[3, 5, 223]","[0, -4, 2, 0, 0, 0, 0, 0]","[2, 3, 5, 7, 11, 13, 17, 19]"
5576/81,68.83950617,5576,81,"[2, 3, 17, 41]","[3, -4, 0, 0, 0, 0, 1, 0]","[2, 3, 5, 7, 11, 13, 17, 19]"
5578/81,68.86419753,5578,81,"[2, 3, 2789]","[1, -4, 0, 0, 0, 0, 0, 0]","[2, 3, 5, 7, 11, 13, 17, 19]"
5581/81,68.90123457,5581,81,"[3, 5581]","[0, -4, 0, 0, 0, 0, 0, 0]","[2, 3, 5, 7, 11, 13, 17, 19]"
5585/81,68.95061728,5585,81,"[3, 5, 1117]","[0, -4, 1, 0, 0, 0, 0, 0]","[2, 3, 5, 7, 11, 13, 17, 19]"
5587/81,68.97530864,5587,81,"[3, 37, 151]","[0, -4, 0, 0, 0, 0, 0, 0]","[2, 3, 5, 7, 11, 13, 17, 19]"
5591/81,69.02469136,5591,81,"[3, 5591]","[0, -4, 0, 0, 0, 0, 0, 0]","[2, 3, 5, 7, 11, 13, 17, 19]"
5593/81,69.04938272,5593,81,"[3, 7, 17, 47]","[0, -4, 0, 1, 0, 0, 1, 0]","[2, 3, 5, 7, 11, 13, 17, 19]"
5600/81,69.13580247,5600,81,"[2, 3, 5, 7]","[5, -4, 2, 1, 0, 0, 0, 0]","[2, 3, 5, 7, 11, 13, 17, 19]"
5600/243,23.04526749,5600,243,"[2, 3, 5, 7]","[5, -5, 2, 1, 0, 0, 0, 0]","[2, 3, 5, 7, 11, 13, 17, 19]"
5603/81,69.17283951,5603,81,"[3, 13, 431]","[0, -4, 0, 0, 0, 1, 0, 0]","[2, 3, 5, 7, 11, 13, 17, 19]"
5605/81,69.19753086,5605,81,"[3, 5, 19, 59]","[0, -4, 1, 0, 0, 0, 0, 1]","[2, 3, 5, 7, 11, 13, 17, 19]"
5609/243,23.08230453,5609,243,"[3, 71, 79]","[0, -5, 0, 0, 0, 0, 0, 0]","[2, 3, 5, 7, 11, 13, 17, 19]"
5611/81,69.27160494,5611,81,"[3, 31, 181]","[0, -4, 0, 0, 0, 0, 0, 0]","[2, 3, 5, 7, 11, 13, 17, 19]"
5612/81,69.28395062,5612,81,"[2, 3, 23, 61]","[2, -4, 0, 0, 0, 0, 0, 0]","[2, 3, 5, 7, 11, 13, 17, 19]"
5617/81,69.34567901,5617,81,"[3, 41, 137]","[0, -4, 0, 0, 0, 0, 0, 0]","[2, 3, 5, 7, 11, 13, 17, 19]"
5618/81,69.35802469,5618,81,"[2, 3, 53]","[1, -4, 0, 0, 0, 0, 0, 0]","[2, 3, 5, 7, 11, 13, 17, 19]"
5618/243,23.11934156,5618,243,"[2, 3, 53]","[1, -5, 0, 0, 0, 0, 0, 0]","[2, 3, 5, 7, 11, 13, 17, 19]"
5620/81,69.38271605,5620,81,"[2, 3, 5, 281]","[2, -4, 1, 0, 0, 0, 0, 0]","[2, 3, 5, 7, 11, 13, 17, 19]"
5623/81,69.41975309,5623,81,"[3, 5623]","[0, -4, 0, 0, 0, 0, 0, 0]","[2, 3, 5, 7, 11, 13, 17, 19]"
5630/81,69.50617284,5630,81,"[2, 3, 5, 563]","[1, -4, 1, 0, 0, 0, 0, 0]","[2, 3, 5, 7, 11, 13, 17, 19]"
5632/81,69.53086420,5632,81,"[2, 3, 11]","[9, -4, 0, 0, 1, 0, 0, 0]","[2, 3, 5, 7, 11, 13, 17, 19]"
5635/81,69.56790123,5635,81,"[3, 5, 7, 23]","[0, -4, 1, 2, 0, 0, 0, 0]","[2, 3, 5, 7, 11, 13, 17, 19]"
5636/243,23.19341564,5636,243,"[2, 3, 1409]","[2, -5, 0, 0, 0, 0, 0, 0]","[2, 3, 5, 7, 11, 13, 17, 19]"
5638/81,69.60493827,5638,81,"[2, 3, 2819]","[1, -4, 0, 0, 0, 0, 0, 0]","[2, 3, 5, 7, 11, 13, 17, 19]"
5641/81,69.64197531,5641,81,"[3, 5641]","[0, -4, 0, 0, 0, 0, 0, 0]","[2, 3, 5, 7, 11, 13, 17, 19]"
5645/81,69.69135802,5645,81,"[3, 5, 1129]","[0, -4, 1, 0, 0, 0, 0, 0]","[2, 3, 5, 7, 11, 13, 17, 19]"
5647/81,69.71604938,5647,81,"[3, 5647]","[0, -4, 0, 0, 0, 0, 0, 0]","[2, 3, 5, 7, 11, 13, 17, 19]"
5648/81,69.72839506,5648,81,"[2, 3, 353]","[4, -4, 0, 0, 0, 0, 0, 0]","[2, 3, 5, 7, 11, 13, 17, 19]"
5648/243,23.24279835,5648,243,"[2, 3, 353]","[4, -5, 0, 0, 0, 0, 0, 0]","[2, 3, 5, 7, 11, 13, 17, 19]"
5654/243,23.26748971,5654,243,"[2, 3, 11, 257]","[1, -5, 0, 0, 1, 0, 0, 0]","[2, 3, 5, 7, 11, 13, 17, 19]"
5656/81,69.82716049,5656,81,"[2, 3, 7, 101]","[3, -4, 0, 1, 0, 0, 0, 0]","[2, 3, 5, 7, 11, 13, 17, 19]"
5657/81,69.83950617,5657,81,"[3, 5657]","[0, -4, 0, 0, 0, 0, 0, 0]","[2, 3, 5, 7, 11, 13, 17, 19]"
5662/81,69.90123457,5662,81,"[2, 3, 19, 149]","[1, -4, 0, 0, 0, 0, 0, 1]","[2, 3, 5, 7, 11, 13, 17, 19]"
5666/81,69.95061728,5666,81,"[2, 3, 2833]","[1, -4, 0, 0, 0, 0, 0, 0]","[2, 3, 5, 7, 11, 13, 17, 19]"
5668/81,69.97530864,5668,81,"[2, 3, 13, 109]","[2, -4, 0, 0, 0, 1, 0, 0]","[2, 3, 5, 7, 11, 13, 17, 19]"
5672/81,70.02469136,5672,81,"[2, 3, 709]","[3, -4, 0, 0, 0, 0, 0, 0]","[2, 3, 5, 7, 11, 13, 17, 19]"
5675/81,70.06172840,5675,81,"[3, 5, 227]","[0, -4, 2, 0, 0, 0, 0, 0]","[2, 3, 5, 7, 11, 13, 17, 19]"
5675/243,23.35390947,5675,243,"[3, 5, 227]","[0, -5, 2, 0, 0, 0, 0, 0]","[2, 3, 5, 7, 11, 13, 17, 19]"
5681/81,70.13580247,5681,81,"[3, 13, 19, 23]","[0, -4, 0, 0, 0, 1, 0, 1]","[2, 3, 5, 7, 11, 13, 17, 19]"
5686/81,70.19753086,5686,81,"[2, 3, 2843]","[1, -4, 0, 0, 0, 0, 0, 0]","[2, 3, 5, 7, 11, 13, 17, 19]"
5690/243,23.41563786,5690,243,"[2, 3, 5, 569]","[1, -5, 1, 0, 0, 0, 0, 0]","[2, 3, 5, 7, 11, 13, 17, 19]"
5692/81,70.27160494,5692,81,"[2, 3, 1423]","[2, -4, 0, 0, 0, 0, 0, 0]","[2, 3, 5, 7, 11, 13, 17, 19]"
5693/81,70.28395062,5693,81,"[3, 5693]","[0, -4, 0, 0, 0, 0, 0, 0]","[2, 3, 5, 7, 11, 13, 17, 19]"
5695/81,70.30864198,5695,81,"[3, 5, 17, 67]","[0, -4, 1, 0, 0, 0, 1, 0]","[2, 3, 5, 7, 11, 13, 17, 19]"
5698/81,70.34567901,5698,81,"[2, 3, 7, 11, 37]","[1, -4, 0, 1, 1, 0, 0, 0]","[2, 3, 5, 7, 11, 13, 17, 19]"
5701/81,70.38271605,5701,81,"[3, 5701]","[0, -4, 0, 0, 0, 0, 0, 0]","[2, 3, 5, 7, 11, 13, 17, 19]"
5708/243,23.48971193,5708,243,"[2, 3, 1427]","[2, -5, 0, 0, 0, 0, 0, 0]","[2, 3, 5, 7, 11, 13, 17, 19]"
5710/81,70.49382716,5710,81,"[2, 3, 5, 571]","[1, -4, 1, 0, 0, 0, 0, 0]","[2, 3, 5, 7, 11, 13, 17, 19]"
5711/81,70.50617284,5711,81,"[3, 5711]","[0, -4, 0, 0, 0, 0, 0, 0]","[2, 3, 5, 7, 11, 13, 17, 19]"
5713/81,70.53086420,5713,81,"[3, 29, 197]","[0, -4, 0, 0, 0, 0, 0, 0]","[2, 3, 5, 7, 11, 13, 17, 19]"
5716/81,70.56790123,5716,81,"[2, 3, 1429]","[2, -4, 0, 0, 0, 0, 0, 0]","[2, 3, 5, 7, 11, 13, 17, 19]"
5720/81,70.61728395,5720,81,"[2, 3, 5, 11, 13]","[3, -4, 1, 0, 1, 1, 0, 0]","[2, 3, 5, 7, 11, 13, 17, 19]"
5722/81,70.64197531,5722,81,"[2, 3, 2861]","[1, -4, 0, 0, 0, 0, 0, 0]","[2, 3, 5, 7, 11, 13, 17, 19]"
5725/81,70.67901235,5725,81,"[3, 5, 229]","[0, -4, 2, 0, 0, 0, 0, 0]","[2, 3, 5, 7, 11, 13, 17, 19]"
5726/81,70.69135802,5726,81,"[2, 3, 7, 409]","[1, -4, 0, 1, 0, 0, 0, 0]","[2, 3, 5, 7, 11, 13, 17, 19]"
5728/81,70.71604938,5728,81,"[2, 3, 179]","[5, -4, 0, 0, 0, 0, 0, 0]","[2, 3, 5, 7, 11, 13, 17, 19]"
5729/243,23.57613169,5729,243,"[3, 17, 337]","[0, -5, 0, 0, 0, 0, 1, 0]","[2, 3, 5, 7, 11, 13, 17, 19]"
5735/81,70.80246914,5735,81,"[3, 5, 31, 37]","[0, -4, 1, 0, 0, 0, 0, 0]","[2, 3, 5, 7, 11, 13, 17, 19]"
5735/243,23.60082305,5735,243,"[3, 5, 31, 37]","[0, -5, 1, 0, 0, 0, 0, 0]","[2, 3, 5, 7, 11, 13, 17, 19]"
5737/81,70.82716049,5737,81,"[3, 5737]","[0, -4, 0, 0, 0, 0, 0, 0]","[2, 3, 5, 7, 11, 13, 17, 19]"
5738/81,70.83950617,5738,81,"[2, 3, 19, 151]","[1, -4, 0, 0, 0, 0, 0, 1]","[2, 3, 5, 7, 11, 13, 17, 19]"
5743/81,70.90123457,5743,81,"[3, 5743]","[0, -4, 0, 0, 0, 0, 0, 0]","[2, 3, 5, 7, 11, 13, 17, 19]"
5744/243,23.63786008,5744,243,"[2, 3, 359]","[4, -5, 0, 0, 0, 0, 0, 0]","[2, 3, 5, 7, 11, 13, 17, 19]"
5747/81,70.95061728,5747,81,"[3, 7, 821]","[0, -4, 0, 1, 0, 0, 0, 0]","[2, 3, 5, 7, 11, 13, 17, 19]"
5750/81,70.98765432,5750,81,"[2, 3, 5, 23]","[1, -4, 3, 0, 0, 0, 0, 0]","[2, 3, 5, 7, 11, 13, 17, 19]"
5753/81,71.02469136,5753,81,"[3, 11, 523]","[0, -4, 0, 0, 1, 0, 0, 0]","[2, 3, 5, 7, 11, 13, 17, 19]"
5755/81,71.04938272,5755,81,"[3, 5, 1151]","[0, -4, 1, 0, 0, 0, 0, 0]","[2, 3, 5, 7, 11, 13, 17, 19]"
5756/81,71.06172840,5756,81,"[2, 3, 1439]","[2, -4, 0, 0, 0, 0, 0, 0]","[2, 3, 5, 7, 11, 13, 17, 19]"
5762/81,71.13580247,5762,81,"[2, 3, 43, 67]","[1, -4, 0, 0, 0, 0, 0, 0]","[2, 3, 5, 7, 11, 13, 17, 19]"
5767/81,71.19753086,5767,81,"[3, 73, 79]","[0, -4, 0, 0, 0, 0, 0, 0]","[2, 3, 5, 7, 11, 13, 17, 19]"
5770/81,71.23456790,5770,81,"[2, 3, 5, 577]","[1, -4, 1, 0, 0, 0, 0, 0]","[2, 3, 5, 7, 11, 13, 17, 19]"
5771/243,23.74897119,5771,243,"[3, 29, 199]","[0, -5, 0, 0, 0, 0, 0, 0]","[2, 3, 5, 7, 11, 13, 17, 19]"
5773/81,71.27160494,5773,81,"[3, 23, 251]","[0, -4, 0, 0, 0, 0, 0, 0]","[2, 3, 5, 7, 11, 13, 17, 19]"
5776/81,71.30864198,5776,81,"[2, 3, 19]","[4, -4, 0, 0, 0, 0, 0, 2]","[2, 3, 5, 7, 11, 13, 17, 19]"
5780/81,71.35802469,5780,81,"[2, 3, 5, 17]","[2, -4, 1, 0, 0, 0, 2, 0]","[2, 3, 5, 7, 11, 13, 17, 19]"
5780/243,23.78600823,5780,243,"[2, 3, 5, 17]","[2, -5, 1, 0, 0, 0, 2, 0]","[2, 3, 5, 7, 11, 13, 17, 19]"
5782/81,71.38271605,5782,81,"[2, 3, 7, 59]","[1, -4, 0, 2, 0, 0, 0, 0]","[2, 3, 5, 7, 11, 13, 17, 19]"
5789/243,23.82304527,5789,243,"[3, 7, 827]","[0, -5, 0, 1, 0, 0, 0, 0]","[2, 3, 5, 7, 11, 13, 17, 19]"
5791/81,71.49382716,5791,81,"[3, 5791]","[0, -4, 0, 0, 0, 0, 0, 0]","[2, 3, 5, 7, 11, 13, 17, 19]"
5792/81,71.50617284,5792,81,"[2, 3, 181]","[5, -4, 0, 0, 0, 0, 0, 0]","[2, 3, 5, 7, 11, 13, 17, 19]"
5797/81,71.56790123,5797,81,"[3, 11, 17, 31]","[0, -4, 0, 0, 1, 0, 1, 0]","[2, 3, 5, 7, 11, 13, 17, 19]"
5798/243,23.86008230,5798,243,"[2, 3, 13, 223]","[1, -5, 0, 0, 0, 1, 0, 0]","[2, 3, 5, 7, 11, 13, 17, 19]"
5800/81,71.60493827,5800,81,"[2, 3, 5, 29]","[3, -4, 2, 0, 0, 0, 0, 0]","[2, 3, 5, 7, 11, 13, 17, 19]"
5801/81,71.61728395,5801,81,"[3, 5801]","[0, -4, 0, 0, 0, 0, 0, 0]","[2, 3, 5, 7, 11, 13, 17, 19]"
5803/81,71.64197531,5803,81,"[3, 7, 829]","[0, -4, 0, 1, 0, 0, 0, 0]","[2, 3, 5, 7, 11, 13, 17, 19]"
5806/81,71.67901235,5806,81,"[2, 3, 2903]","[1, -4, 0, 0, 0, 0, 0, 0]","[2, 3, 5, 7, 11, 13, 17, 19]"
5807/81,71.69135802,5807,81,"[3, 5807]","[0, -4, 0, 0, 0, 0, 0, 0]","[2, 3, 5, 7, 11, 13, 17, 19]"
5810/81,71.72839506,5810,81,"[2, 3, 5, 7, 83]","[1, -4, 1, 1, 0, 0, 0, 0]","[2, 3, 5, 7, 11, 13, 17, 19]"
5810/243,23.90946502,5810,243,"[2, 3, 5, 7, 83]","[1, -5, 1, 1, 0, 0, 0, 0]","[2, 3, 5, 7, 11, 13, 17, 19]"
5816/81,71.80246914,5816,81,"[2, 3, 727]","[3, -4, 0, 0, 0, 0, 0, 0]","[2, 3, 5, 7, 11, 13, 17, 19]"
5816/243,23.93415638,5816,243,"[2, 3, 727]","[3, -5, 0, 0, 0, 0, 0, 0]","[2, 3, 5, 7, 11, 13, 17, 19]"
5818/81,71.82716049,5818,81,"[2, 3, 2909]","[1, -4, 0, 0, 0, 0, 0, 0]","[2, 3, 5, 7, 11, 13, 17, 19]"
5825/81,71.91358025,5825,81,"[3, 5, 233]","[0, -4, 2, 0, 0, 0, 0, 0]","[2, 3, 5, 7, 11, 13, 17, 19]"
5828/81,71.95061728,5828,81,"[2, 3, 31, 47]","[2, -4, 0, 0, 0, 0, 0, 0]","[2, 3, 5, 7, 11, 13, 17, 19]"
5830/81,71.97530864,5830,81,"[2, 3, 5, 11, 53]","[1, -4, 1, 0, 1, 0, 0, 0]","[2, 3, 5, 7, 11, 13, 17, 19]"
5831/81,71.98765432,5831,81,"[3, 7, 17]","[0, -4, 0, 3, 0, 0, 1, 0]","[2, 3, 5, 7, 11, 13, 17, 19]"
5836/81,72.04938272,5836,81,"[2, 3, 1459]","[2, -4, 0, 0, 0, 0, 0, 0]","[2, 3, 5, 7, 11, 13, 17, 19]"
5837/81,72.06172840,5837,81,"[3, 13, 449]","[0, -4, 0, 0, 0, 1, 0, 0]","[2, 3, 5, 7, 11, 13, 17, 19]"
5843/81,72.13580247,5843,81,"[3, 5843]","[0, -4, 0, 0, 0, 0, 0, 0]","[2, 3, 5, 7, 11, 13, 17, 19]"
5843/243,24.04526749,5843,243,"[3, 5843]","[0, -5, 0, 0, 0, 0, 0, 0]","[2, 3, 5, 7, 11, 13, 17, 19]"
5845/81,72.16049383,5845,81,"[3, 5, 7, 167]","[0, -4, 1, 1, 0, 0, 0, 0]","[2, 3, 5, 7, 11, 13, 17, 19]"
5848/81,72.19753086,5848,81,"[2, 3, 17, 43]","[3, -4, 0, 0, 0, 0, 1, 0]","[2, 3, 5, 7, 11, 13, 17, 19]"
5851/81,72.23456790,5851,81,"[3, 5851]","[0, -4, 0, 0, 0, 0, 0, 0]","[2, 3, 5, 7, 11, 13, 17, 19]"
5855/81,72.28395062,5855,81,"[3, 5, 1171]","[0, -4, 1, 0, 0, 0, 0, 0]","[2, 3, 5, 7, 11, 13, 17, 19]"
5857/81,72.30864198,5857,81,"[3, 5857]","[0, -4, 0, 0, 0, 0, 0, 0]","[2, 3, 5, 7, 11, 13, 17, 19]"
5860/81,72.34567901,5860,81,"[2, 3, 5, 293]","[2, -4, 1, 0, 0, 0, 0, 0]","[2, 3, 5, 7, 11, 13, 17, 19]"
5861/81,72.35802469,5861,81,"[3, 5861]","[0, -4, 0, 0, 0, 0, 0, 0]","[2, 3, 5, 7, 11, 13, 17, 19]"
5861/243,24.11934156,5861,243,"[3, 5861]","[0, -5, 0, 0, 0, 0, 0, 0]","[2, 3, 5, 7, 11, 13, 17, 19]"
5863/81,72.38271605,5863,81,"[3, 11, 13, 41]","[0, -4, 0, 0, 1, 1, 0, 0]","[2, 3, 5, 7, 11, 13, 17, 19]"
5870/81,72.46913580,5870,81,"[2, 3, 5, 587]","[1, -4, 1, 0, 0, 0, 0, 0]","[2, 3, 5, 7, 11, 13, 17, 19]"
5872/81,72.49382716,5872,81,"[2, 3, 367]","[4, -4, 0, 0, 0, 0, 0, 0]","[2, 3, 5, 7, 11, 13, 17, 19]"
5873/81,72.50617284,5873,81,"[3, 7, 839]","[0, -4, 0, 1, 0, 0, 0, 0]","[2, 3, 5, 7, 11, 13, 17, 19]"
5878/81,72.56790123,5878,81,"[2, 3, 2939]","[1, -4, 0, 0, 0, 0, 0, 0]","[2, 3, 5, 7, 11, 13, 17, 19]"
5879/243,24.19341564,5879,243,"[3, 5879]","[0, -5, 0, 0, 0, 0, 0, 0]","[2, 3, 5, 7, 11, 13, 17, 19]"
5881/81,72.60493827,5881,81,"[3, 5881]","[0, -4, 0, 0, 0, 0, 0, 0]","[2, 3, 5, 7, 11, 13, 17, 19]"
5882/81,72.61728395,5882,81,"[2, 3, 17, 173]","[1, -4, 0, 0, 0, 0, 1, 0]","[2, 3, 5, 7, 11, 13, 17, 19]"
5885/81,72.65432099,5885,81,"[3, 5, 11, 107]","[0, -4, 1, 0, 1, 0, 0, 0]","[2, 3, 5, 7, 11, 13, 17, 19]"
5887/81,72.67901235,5887,81,"[3, 7, 29]","[0, -4, 0, 1, 0, 0, 0, 0]","[2, 3, 5, 7, 11, 13, 17, 19]"
5888/81,72.69135802,5888,81,"[2, 3, 23]","[8, -4, 0, 0, 0, 0, 0, 0]","[2, 3, 5, 7, 11, 13, 17, 19]"
5891/81,72.72839506,5891,81,"[3, 43, 137]","[0, -4, 0, 0, 0, 0, 0, 0]","[2, 3, 5, 7, 11, 13, 17, 19]"
5891/243,24.24279835,5891,243,"[3, 43, 137]","[0, -5, 0, 0, 0, 0, 0, 0]","[2, 3, 5, 7, 11, 13, 17, 19]"
5897/81,72.80246914,5897,81,"[3, 5897]","[0, -4, 0, 0, 0, 0, 0, 0]","[2, 3, 5, 7, 11, 13, 17, 19]"
5905/81,72.90123457,5905,81,"[3, 5, 1181]","[0, -4, 1, 0, 0, 0, 0, 0]","[2, 3, 5, 7, 11, 13, 17, 19]"
5906/81,72.91358025,5906,81,"[2, 3, 2953]","[1, -4, 0, 0, 0, 0, 0, 0]","[2, 3, 5, 7, 11, 13, 17, 19]"
5911/81,72.97530864,5911,81,"[3, 23, 257]","[0, -4, 0, 0, 0, 0, 0, 0]","[2, 3, 5, 7, 11, 13, 17, 19]"
5912/81,72.98765432,5912,81,"[2, 3, 739]","[3, -4, 0, 0, 0, 0, 0, 0]","[2, 3, 5, 7, 11, 13, 17, 19]"
5917/81,73.04938272,5917,81,"[3, 61, 97]","[0, -4, 0, 0, 0, 0, 0, 0]","[2, 3, 5, 7, 11, 13, 17, 19]"
5918/81,73.06172840,5918,81,"[2, 3, 11, 269]","[1, -4, 0, 0, 1, 0, 0, 0]","[2, 3, 5, 7, 11, 13, 17, 19]"
5918/243,24.35390947,5918,243,"[2, 3, 11, 269]","[1, -5, 0, 0, 1, 0, 0, 0]","[2, 3, 5, 7, 11, 13, 17, 19]"
5926/81,73.16049383,5926,81,"[2, 3, 2963]","[1, -4, 0, 0, 0, 0, 0, 0]","[2, 3, 5, 7, 11, 13, 17, 19]"
5932/81,73.23456790,5932,81,"[2, 3, 1483]","[2, -4, 0, 0, 0, 0, 0, 0]","[2, 3, 5, 7, 11, 13, 17, 19]"
5933/243,24.41563786,5933,243,"[3, 17, 349]","[0, -5, 0, 0, 0, 0, 1, 0]","[2, 3, 5, 7, 11, 13, 17, 19]"
5935/81,73.27160494,5935,81,"[3, 5, 1187]","[0, -4, 1, 0, 0, 0, 0, 0]","[2, 3, 5, 7, 11, 13, 17, 19]"
5936/81,73.28395062,5936,81,"[2, 3, 7, 53]","[4, -4, 0, 1, 0, 0, 0, 0]","[2, 3, 5, 7, 11, 13, 17, 19]"
5938/81,73.30864198,5938,81,"[2, 3, 2969]","[1, -4, 0, 0, 0, 0, 0, 0]","[2, 3, 5, 7, 11, 13, 17, 19]"
5941/81,73.34567901,5941,81,"[3, 13, 457]","[0, -4, 0, 0, 0, 1, 0, 0]","[2, 3, 5, 7, 11, 13, 17, 19]"
5942/81,73.35802469,5942,81,"[2, 3, 2971]","[1, -4, 0, 0, 0, 0, 0, 0]","[2, 3, 5, 7, 11, 13, 17, 19]"
5945/81,73.39506173,5945,81,"[3, 5, 29, 41]","[0, -4, 1, 0, 0, 0, 0, 0]","[2, 3, 5, 7, 11, 13, 17, 19]"
5950/81,73.45679012,5950,81,"[2, 3, 5, 7, 17]","[1, -4, 2, 1, 0, 0, 1, 0]","[2, 3, 5, 7, 11, 13, 17, 19]"
5951/81,73.46913580,5951,81,"[3, 11, 541]","[0, -4, 0, 0, 1, 0, 0, 0]","[2, 3, 5, 7, 11, 13, 17, 19]"
5951/243,24.48971193,5951,243,"[3, 11, 541]","[0, -5, 0, 0, 1, 0, 0, 0]","[2, 3, 5, 7, 11, 13, 17, 19]"
5953/81,73.49382716,5953,81,"[3, 5953]","[0, -4, 0, 0, 0, 0, 0, 0]","[2, 3, 5, 7, 11, 13, 17, 19]"
5960/81,73.58024691,5960,81,"[2, 3, 5, 149]","[3, -4, 1, 0, 0, 0, 0, 0]","[2, 3, 5, 7, 11, 13, 17, 19]"
5960/243,24.52674897,5960,243,"[2, 3, 5, 149]","[3, -5, 1, 0, 0, 0, 0, 0]","[2, 3, 5, 7, 11, 13, 17, 19]"
5962/81,73.60493827,5962,81,"[2, 3, 11, 271]","[1, -4, 0, 0, 1, 0, 0, 0]","[2, 3, 5, 7, 11, 13, 17, 19]"
5963/81,73.61728395,5963,81,"[3, 67, 89]","[0, -4, 0, 0, 0, 0, 0, 0]","[2, 3, 5, 7, 11, 13, 17, 19]"
5966/81,73.65432099,5966,81,"[2, 3, 19, 157]","[1, -4, 0, 0, 0, 0, 0, 1]","[2, 3, 5, 7, 11, 13, 17, 19]"
5968/81,73.67901235,5968,81,"[2, 3, 373]","[4, -4, 0, 0, 0, 0, 0, 0]","[2, 3, 5, 7, 11, 13, 17, 19]"
5972/81,73.72839506,5972,81,"[2, 3, 1493]","[2, -4, 0, 0, 0, 0, 0, 0]","[2, 3, 5, 7, 11, 13, 17, 19]"
5975/81,73.76543210,5975,81,"[3, 5, 239]","[0, -4, 2, 0, 0, 0, 0, 0]","[2, 3, 5, 7, 11, 13, 17, 19]"
5978/81,73.80246914,5978,81,"[2, 3, 7, 61]","[1, -4, 0, 2, 0, 0, 0, 0]","[2, 3, 5, 7, 11, 13, 17, 19]"
5978/243,24.60082305,5978,243,"[2, 3, 7, 61]","[1, -5, 0, 2, 0, 0, 0, 0]","[2, 3, 5, 7, 11, 13, 17, 19]"
5980/81,73.82716049,5980,81,"[2, 3, 5, 13, 23]","[2, -4, 1, 0, 0, 1, 0, 0]","[2, 3, 5, 7, 11, 13, 17, 19]"
5986/81,73.90123457,5986,81,"[2, 3, 41, 73]","[1, -4, 0, 0, 0, 0, 0, 0]","[2, 3, 5, 7, 11, 13, 17, 19]"
5987/81,73.91358025,5987,81,"[3, 5987]","[0, -4, 0, 0, 0, 0, 0, 0]","[2, 3, 5, 7, 11, 13, 17, 19]"
5992/81,73.97530864,5992,81,"[2, 3, 7, 107]","[3, -4, 0, 1, 0, 0, 0, 0]","[2, 3, 5, 7, 11, 13, 17, 19]"
5993/81,73.98765432,5993,81,"[3, 13, 461]","[0, -4, 0, 0, 0, 1, 0, 0]","[2, 3, 5, 7, 11, 13, 17, 19]"
5995/81,74.01234568,5995,81,"[3, 5, 11, 109]","[0, -4, 1, 0, 1, 0, 0, 0]","[2, 3, 5, 7, 11, 13, 17, 19]"
5998/81,74.04938272,5998,81,"[2, 3, 2999]","[1, -4, 0, 0, 0, 0, 0, 0]","[2, 3, 5, 7, 11, 13, 17, 19]"
6005/81,74.13580247,6005,81,"[3, 5, 1201]","[0, -4, 1, 0, 0, 0, 0, 0]","[2, 3, 5, 7, 11, 13, 17, 19]"
6005/243,24.71193416,6005,243,"[3, 5, 1201]","[0, -5, 1, 0, 0, 0, 0, 0]","[2, 3, 5, 7, 11, 13, 17, 19]"
6007/81,74.16049383,6007,81,"[3, 6007]","[0, -4, 0, 0, 0, 0, 0, 0]","[2, 3, 5, 7, 11, 13, 17, 19]"
6013/81,74.23456790,6013,81,"[3, 7, 859]","[0, -4, 0, 1, 0, 0, 0, 0]","[2, 3, 5, 7, 11, 13, 17, 19]"
6014/243,24.74897119,6014,243,"[2, 3, 31, 97]","[1, -5, 0, 0, 0, 0, 0, 0]","[2, 3, 5, 7, 11, 13, 17, 19]"
6016/81,74.27160494,6016,81,"[2, 3, 47]","[7, -4, 0, 0, 0, 0, 0, 0]","[2, 3, 5, 7, 11, 13, 17, 19]"
6017/81,74.28395062,6017,81,"[3, 11, 547]","[0, -4, 0, 0, 1, 0, 0, 0]","[2, 3, 5, 7, 11, 13, 17, 19]"
6020/81,74.32098765,6020,81,"[2, 3, 5, 7, 43]","[2, -4, 1, 1, 0, 0, 0, 0]","[2, 3, 5, 7, 11, 13, 17, 19]"
6022/81,74.34567901,6022,81,"[2, 3, 3011]","[1, -4, 0, 0, 0, 0, 0, 0]","[2, 3, 5, 7, 11, 13, 17, 19]"
6023/81,74.35802469,6023,81,"[3, 19, 317]","[0, -4, 0, 0, 0, 0, 0, 1]","[2, 3, 5, 7, 11, 13, 17, 19]"
6023/243,24.78600823,6023,243,"[3, 19, 317]","[0, -5, 0, 0, 0, 0, 0, 1]","[2, 3, 5, 7, 11, 13, 17, 19]"
6026/81,74.39506173,6026,81,"[2, 3, 23, 131]","[1, -4, 0, 0, 0, 0, 0, 0]","[2, 3, 5, 7, 11, 13, 17, 19]"
6031/81,74.45679012,6031,81,"[3, 37, 163]","[0, -4, 0, 0, 0, 0, 0, 0]","[2, 3, 5, 7, 11, 13, 17, 19]"
6032/81,74.46913580,6032,81,"[2, 3, 13, 29]","[4, -4, 0, 0, 0, 1, 0, 0]","[2, 3, 5, 7, 11, 13, 17, 19]"
6041/81,74.58024691,6041,81,"[3, 7, 863]","[0, -4, 0, 1, 0, 0, 0, 0]","[2, 3, 5, 7, 11, 13, 17, 19]"
6041/243,24.86008230,6041,243,"[3, 7, 863]","[0, -5, 0, 1, 0, 0, 0, 0]","[2, 3, 5, 7, 11, 13, 17, 19]"
6043/81,74.60493827,6043,81,"[3, 6043]","[0, -4, 0, 0, 0, 0, 0, 0]","[2, 3, 5, 7, 11, 13, 17, 19]"
6047/81,74.65432099,6047,81,"[3, 6047]","[0, -4, 0, 0, 0, 0, 0, 0]","[2, 3, 5, 7, 11, 13, 17, 19]"
6050/81,74.69135802,6050,81,"[2, 3, 5, 11]","[1, -4, 2, 0, 2, 0, 0, 0]","[2, 3, 5, 7, 11, 13, 17, 19]"
6050/243,24.89711934,6050,243,"[2, 3, 5, 11]","[1, -5, 2, 0, 2, 0, 0, 0]","[2, 3, 5, 7, 11, 13, 17, 19]"
6053/81,74.72839506,6053,81,"[3, 6053]","[0, -4, 0, 0, 0, 0, 0, 0]","[2, 3, 5, 7, 11, 13, 17, 19]"
6053/243,24.90946502,6053,243,"[3, 6053]","[0, -5, 0, 0, 0, 0, 0, 0]","[2, 3, 5, 7, 11, 13, 17, 19]"
6056/81,74.76543210,6056,81,"[2, 3, 757]","[3, -4, 0, 0, 0, 0, 0, 0]","[2, 3, 5, 7, 11, 13, 17, 19]"
6059/243,24.93415638,6059,243,"[3, 73, 83]","[0, -5, 0, 0, 0, 0, 0, 0]","[2, 3, 5, 7, 11, 13, 17, 19]"
6061/81,74.82716049,6061,81,"[3, 11, 19, 29]","[0, -4, 0, 0, 1, 0, 0, 1]","[2, 3, 5, 7, 11, 13, 17, 19]"
6067/81,74.90123457,6067,81,"[3, 6067]","[0, -4, 0, 0, 0, 0, 0, 0]","[2, 3, 5, 7, 11, 13, 17, 19]"
6068/81,74.91358025,6068,81,"[2, 3, 37, 41]","[2, -4, 0, 0, 0, 0, 0, 0]","[2, 3, 5, 7, 11, 13, 17, 19]"
6070/81,74.93827160,6070,81,"[2, 3, 5, 607]","[1, -4, 1, 0, 0, 0, 0, 0]","[2, 3, 5, 7, 11, 13, 17, 19]"
6073/81,74.97530864,6073,81,"[3, 6073]","[0, -4, 0, 0, 0, 0, 0, 0]","[2, 3, 5, 7, 11, 13, 17, 19]"
6076/81,75.01234568,6076,81,"[2, 3, 7, 31]","[2, -4, 0, 2, 0, 0, 0, 0]","[2, 3, 5, 7, 11, 13, 17, 19]"
6080/81,75.06172840,6080,81,"[2, 3, 5, 19]","[6, -4, 1, 0, 0, 0, 0, 1]","[2, 3, 5, 7, 11, 13, 17, 19]"
6080/243,25.02057613,6080,243,"[2, 3, 5, 19]","[6, -5, 1, 0, 0, 0, 0, 1]","[2, 3, 5, 7, 11, 13, 17, 19]"
6085/81,75.12345679,6085,81,"[3, 5, 1217]","[0, -4, 1, 0, 0, 0, 0, 0]","[2, 3, 5, 7, 11, 13, 17, 19]"
6086/81,75.13580247,6086,81,"[2, 3, 17, 179]","[1, -4, 0, 0, 0, 0, 1, 0]","[2, 3, 5, 7, 11, 13, 17, 19]"
6086/243,25.04526749,6086,243,"[2, 3, 17, 179]","[1, -5, 0, 0, 0, 0, 1, 0]","[2, 3, 5, 7, 11, 13, 17, 19]"
6088/81,75.16049383,6088,81,"[2, 3, 761]","[3, -4, 0, 0, 0, 0, 0, 0]","[2, 3, 5, 7, 11, 13, 17, 19]"
6095/81,75.24691358,6095,81,"[3, 5, 23, 53]","[0, -4, 1, 0, 0, 0, 0, 0]","[2, 3, 5, 7, 11, 13, 17, 19]"
6097/81,75.27160494,6097,81,"[3, 7, 13, 67]","[0, -4, 0, 1, 0, 1, 0, 0]","[2, 3, 5, 7, 11, 13, 17, 19]"
6098/81,75.28395062,6098,81,"[2, 3, 3049]","[1, -4, 0, 0, 0, 0, 0, 0]","[2, 3, 5, 7, 11, 13, 17, 19]"
6101/81,75.32098765,6101,81,"[3, 6101]","[0, -4, 0, 0, 0, 0, 0, 0]","[2, 3, 5, 7, 11, 13, 17, 19]"
6103/81,75.34567901,6103,81,"[3, 17, 359]","[0, -4, 0, 0, 0, 0, 1, 0]","[2, 3, 5, 7, 11, 13, 17, 19]"
6104/243,25.11934156,6104,243,"[2, 3, 7, 109]","[3, -5, 0, 1, 0, 0, 0, 0]","[2, 3, 5, 7, 11, 13, 17, 19]"
6107/81,75.39506173,6107,81,"[3, 31, 197]","[0, -4, 0, 0, 0, 0, 0, 0]","[2, 3, 5, 7, 11, 13, 17, 19]"
6110/81,75.43209877,6110,81,"[2, 3, 5, 13, 47]","[1, -4, 1, 0, 0, 1, 0, 0]","[2, 3, 5, 7, 11, 13, 17, 19]"
6112/81,75.45679012,6112,81,"[2, 3, 191]","[5, -4, 0, 0, 0, 0, 0, 0]","[2, 3, 5, 7, 11, 13, 17, 19]"
6113/81,75.46913580,6113,81,"[3, 6113]","[0, -4, 0, 0, 0, 0, 0, 0]","[2, 3, 5, 7, 11, 13, 17, 19]"
6122/81,75.58024691,6122,81,"[2, 3, 3061]","[1, -4, 0, 0, 0, 0, 0, 0]","[2, 3, 5, 7, 11, 13, 17, 19]"
6125/81,75.61728395,6125,81,"[3, 5, 7]","[0, -4, 3, 2, 0, 0, 0, 0]","[2, 3, 5, 7, 11, 13, 17, 19]"
6125/243,25.20576132,6125,243,"[3, 5, 7]","[0, -5, 3, 2, 0, 0, 0, 0]","[2, 3, 5, 7, 11, 13, 17, 19]"
6128/81,75.65432099,6128,81,"[2, 3, 383]","[4, -4, 0, 0, 0, 0, 0, 0]","[2, 3, 5, 7, 11, 13, 17, 19]"
6130/81,75.67901235,6130,81,"[2, 3, 5, 613]","[1, -4, 1, 0, 0, 0, 0, 0]","[2, 3, 5, 7, 11, 13, 17, 19]"
6131/81,75.69135802,6131,81,"[3, 6131]","[0, -4, 0, 0, 0, 0, 0, 0]","[2, 3, 5, 7, 11, 13, 17, 19]"
6134/243,25.24279835,6134,243,"[2, 3, 3067]","[1, -5, 0, 0, 0, 0, 0, 0]","[2, 3, 5, 7, 11, 13, 17, 19]"
6137/81,75.76543210,6137,81,"[3, 17, 19]","[0, -4, 0, 0, 0, 0, 1, 2]","[2, 3, 5, 7, 11, 13, 17, 19]"
6140/243,25.26748971,6140,243,"[2, 3, 5, 307]","[2, -5, 1, 0, 0, 0, 0, 0]","[2, 3, 5, 7, 11, 13, 17, 19]"
6142/81,75.82716049,6142,81,"[2, 3, 37, 83]","[1, -4, 0, 0, 0, 0, 0, 0]","[2, 3, 5, 7, 11, 13, 17, 19]"
6148/81,75.90123457,6148,81,"[2, 3, 29, 53]","[2, -4, 0, 0, 0, 0, 0, 0]","[2, 3, 5, 7, 11, 13, 17, 19]"
6151/81,75.93827160,6151,81,"[3, 6151]","[0, -4, 0, 0, 0, 0, 0, 0]","[2, 3, 5, 7, 11, 13, 17, 19]"
6155/81,75.98765432,6155,81,"[3, 5, 1231]","[0, -4, 1, 0, 0, 0, 0, 0]","[2, 3, 5, 7, 11, 13, 17, 19]"
6157/81,76.01234568,6157,81,"[3, 47, 131]","[0, -4, 0, 0, 0, 0, 0, 0]","[2, 3, 5, 7, 11, 13, 17, 19]"
6161/81,76.06172840,6161,81,"[3, 61, 101]","[0, -4, 0, 0, 0, 0, 0, 0]","[2, 3, 5, 7, 11, 13, 17, 19]"
6161/243,25.35390947,6161,243,"[3, 61, 101]","[0, -5, 0, 0, 0, 0, 0, 0]","[2, 3, 5, 7, 11, 13, 17, 19]"
6166/81,76.12345679,6166,81,"[2, 3, 3083]","[1, -4, 0, 0, 0, 0, 0, 0]","[2, 3, 5, 7, 11, 13, 17, 19]"
6167/81,76.13580247,6167,81,"[3, 7, 881]","[0, -4, 0, 1, 0, 0, 0, 0]","[2, 3, 5, 7, 11, 13, 17, 19]"
6175/81,76.23456790,6175,81,"[3, 5, 13, 19]","[0, -4, 2, 0, 0, 1, 0, 1]","[2, 3, 5, 7, 11, 13, 17, 19]"
6176/81,76.24691358,6176,81,"[2, 3, 193]","[5, -4, 0, 0, 0, 0, 0, 0]","[2, 3, 5, 7, 11, 13, 17, 19]"
6176/243,25.41563786,6176,243,"[2, 3, 193]","[5, -5, 0, 0, 0, 0, 0, 0]","[2, 3, 5, 7, 11, 13, 17, 19]"
6178/81,76.27160494,6178,81,"[2, 3, 3089]","[1, -4, 0, 0, 0, 0, 0, 0]","[2, 3, 5, 7, 11, 13, 17, 19]"
6182/81,76.32098765,6182,81,"[2, 3, 11, 281]","[1, -4, 0, 0, 1, 0, 0, 0]","[2, 3, 5, 7, 11, 13, 17, 19]"
6185/81,76.35802469,6185,81,"[3, 5, 1237]","[0, -4, 1, 0, 0, 0, 0, 0]","[2, 3, 5, 7, 11, 13, 17, 19]"
6185/243,25.45267490,6185,243,"[3, 5, 1237]","[0, -5, 1, 0, 0, 0, 0, 0]","[2, 3, 5, 7, 11, 13, 17, 19]"
6188/81,76.39506173,6188,81,"[2, 3, 7, 13, 17]","[2, -4, 0, 1, 0, 1, 1, 0]","[2, 3, 5, 7, 11, 13, 17, 19]"
6191/81,76.43209877,6191,81,"[3, 41, 151]","[0, -4, 0, 0, 0, 0, 0, 0]","[2, 3, 5, 7, 11, 13, 17, 19]"
6193/81,76.45679012,6193,81,"[3, 11, 563]","[0, -4, 0, 0, 1, 0, 0, 0]","[2, 3, 5, 7, 11, 13, 17, 19]"
6194/243,25.48971193,6194,243,"[2, 3, 19, 163]","[1, -5, 0, 0, 0, 0, 0, 1]","[2, 3, 5, 7, 11, 13, 17, 19]"
6200/81,76.54320988,6200,81,"[2, 3, 5, 31]","[3, -4, 2, 0, 0, 0, 0, 0]","[2, 3, 5, 7, 11, 13, 17, 19]"
6203/81,76.58024691,6203,81,"[3, 6203]","[0, -4, 0, 0, 0, 0, 0, 0]","[2, 3, 5, 7, 11, 13, 17, 19]"
6203/243,25.52674897,6203,243,"[3, 6203]","[0, -5, 0, 0, 0, 0, 0, 0]","[2, 3, 5, 7, 11, 13, 17, 19]"
6205/81,76.60493827,6205,81,"[3, 5, 17, 73]","[0, -4, 1, 0, 0, 0, 1, 0]","[2, 3, 5, 7, 11, 13, 17, 19]"
6206/81,76.61728395,6206,81,"[2, 3, 29, 107]","[1, -4, 0, 0, 0, 0, 0, 0]","[2, 3, 5, 7, 11, 13, 17, 19]"
6211/81,76.67901235,6211,81,"[3, 6211]","[0, -4, 0, 0, 0, 0, 0, 0]","[2, 3, 5, 7, 11, 13, 17, 19]"
6212/81,76.69135802,6212,81,"[2, 3, 1553]","[2, -4, 0, 0, 0, 0, 0, 0]","[2, 3, 5, 7, 11, 13, 17, 19]"
6215/243,25.57613169,6215,243,"[3, 5, 11, 113]","[0, -5, 1, 0, 1, 0, 0, 0]","[2, 3, 5, 7, 11, 13, 17, 19]"
6218/81,76.76543210,6218,81,"[2, 3, 3109]","[1, -4, 0, 0, 0, 0, 0, 0]","[2, 3, 5, 7, 11, 13, 17, 19]"
6220/81,76.79012346,6220,81,"[2, 3, 5, 311]","[2, -4, 1, 0, 0, 0, 0, 0]","[2, 3, 5, 7, 11, 13, 17, 19]"
6221/243,25.60082305,6221,243,"[3, 6221]","[0, -5, 0, 0, 0, 0, 0, 0]","[2, 3, 5, 7, 11, 13, 17, 19]"
6223/81,76.82716049,6223,81,"[3, 7, 127]","[0, -4, 0, 2, 0, 0, 0, 0]","[2, 3, 5, 7, 11, 13, 17, 19]"
6230/81,76.91358025,6230,81,"[2, 3, 5, 7, 89]","[1, -4, 1, 1, 0, 0, 0, 0]","[2, 3, 5, 7, 11, 13, 17, 19]"
6232/81,76.93827160,6232,81,"[2, 3, 19, 41]","[3, -4, 0, 0, 0, 0, 0, 1]","[2, 3, 5, 7, 11, 13, 17, 19]"
6236/81,76.98765432,6236,81,"[2, 3, 1559]","[2, -4, 0, 0, 0, 0, 0, 0]","[2, 3, 5, 7, 11, 13, 17, 19]"
6238/81,77.01234568,6238,81,"[2, 3, 3119]","[1, -4, 0, 0, 0, 0, 0, 0]","[2, 3, 5, 7, 11, 13, 17, 19]"
6242/81,77.06172840,6242,81,"[2, 3, 3121]","[1, -4, 0, 0, 0, 0, 0, 0]","[2, 3, 5, 7, 11, 13, 17, 19]"
6245/81,77.09876543,6245,81,"[3, 5, 1249]","[0, -4, 1, 0, 0, 0, 0, 0]","[2, 3, 5, 7, 11, 13, 17, 19]"
6247/81,77.12345679,6247,81,"[3, 6247]","[0, -4, 0, 0, 0, 0, 0, 0]","[2, 3, 5, 7, 11, 13, 17, 19]"
6248/81,77.13580247,6248,81,"[2, 3, 11, 71]","[3, -4, 0, 0, 1, 0, 0, 0]","[2, 3, 5, 7, 11, 13, 17, 19]"
6248/243,25.71193416,6248,243,"[2, 3, 11, 71]","[3, -5, 0, 0, 1, 0, 0, 0]","[2, 3, 5, 7, 11, 13, 17, 19]"
6250/243,25.72016461,6250,243,"[2, 3, 5]","[1, -5, 5, 0, 0, 0, 0, 0]","[2, 3, 5, 7, 11, 13, 17, 19]"
6256/81,77.23456790,6256,81,"[2, 3, 17, 23]","[4, -4, 0, 0, 0, 0, 1, 0]","[2, 3, 5, 7, 11, 13, 17, 19]"
6257/81,77.24691358,6257,81,"[3, 6257]","[0, -4, 0, 0, 0, 0, 0, 0]","[2, 3, 5, 7, 11, 13, 17, 19]"
6260/81,77.28395062,6260,81,"[2, 3, 5, 313]","[2, -4, 1, 0, 0, 0, 0, 0]","[2, 3, 5, 7, 11, 13, 17, 19]"
6263/81,77.32098765,6263,81,"[3, 6263]","[0, -4, 0, 0, 0, 0, 0, 0]","[2, 3, 5, 7, 11, 13, 17, 19]"
6266/81,77.35802469,6266,81,"[2, 3, 13, 241]","[1, -4, 0, 0, 0, 1, 0, 0]","[2, 3, 5, 7, 11, 13, 17, 19]"
6266/243,25.78600823,6266,243,"[2, 3, 13, 241]","[1, -5, 0, 0, 0, 1, 0, 0]","[2, 3, 5, 7, 11, 13, 17, 19]"
6272/81,77.43209877,6272,81,"[2, 3, 7]","[7, -4, 0, 2, 0, 0, 0, 0]","[2, 3, 5, 7, 11, 13, 17, 19]"
6275/243,25.82304527,6275,243,"[3, 5, 251]","[0, -5, 2, 0, 0, 0, 0, 0]","[2, 3, 5, 7, 11, 13, 17, 19]"
6281/81,77.54320988,6281,81,"[3, 11, 571]","[0, -4, 0, 0, 1, 0, 0, 0]","[2, 3, 5, 7, 11, 13, 17, 19]"
6284/243,25.86008230,6284,243,"[2, 3, 1571]","[2, -5, 0, 0, 0, 0, 0, 0]","[2, 3, 5, 7, 11, 13, 17, 19]"
6286/81,77.60493827,6286,81,"[2, 3, 7, 449]","[1, -4, 0, 1, 0, 0, 0, 0]","[2, 3, 5, 7, 11, 13, 17, 19]"
6287/81,77.61728395,6287,81,"[3, 6287]","[0, -4, 0, 0, 0, 0, 0, 0]","[2, 3, 5, 7, 11, 13, 17, 19]"
6292/81,77.67901235,6292,81,"[2, 3, 11, 13]","[2, -4, 0, 0, 2, 1, 0, 0]","[2, 3, 5, 7, 11, 13, 17, 19]"
6293/81,77.69135802,6293,81,"[3, 7, 29, 31]","[0, -4, 0, 1, 0, 0, 0, 0]","[2, 3, 5, 7, 11, 13, 17, 19]"
6293/243,25.89711934,6293,243,"[3, 7, 29, 31]","[0, -5, 0, 1, 0, 0, 0, 0]","[2, 3, 5, 7, 11, 13, 17, 19]"
6296/243,25.90946502,6296,243,"[2, 3, 787]","[3, -5, 0, 0, 0, 0, 0, 0]","[2, 3, 5, 7, 11, 13, 17, 19]"
6301/81,77.79012346,6301,81,"[3, 6301]","[0, -4, 0, 0, 0, 0, 0, 0]","[2, 3, 5, 7, 11, 13, 17, 19]"
6310/81,77.90123457,6310,81,"[2, 3, 5, 631]","[1, -4, 1, 0, 0, 0, 0, 0]","[2, 3, 5, 7, 11, 13, 17, 19]"
6311/81,77.91358025,6311,81,"[3, 6311]","[0, -4, 0, 0, 0, 0, 0, 0]","[2, 3, 5, 7, 11, 13, 17, 19]"
6313/81,77.93827160,6313,81,"[3, 59, 107]","[0, -4, 0, 0, 0, 0, 0, 0]","[2, 3, 5, 7, 11, 13, 17, 19]"
6317/81,77.98765432,6317,81,"[3, 6317]","[0, -4, 0, 0, 0, 0, 0, 0]","[2, 3, 5, 7, 11, 13, 17, 19]"
6320/81,78.02469136,6320,81,"[2, 3, 5, 79]","[4, -4, 1, 0, 0, 0, 0, 0]","[2, 3, 5, 7, 11, 13, 17, 19]"
6323/81,78.06172840,6323,81,"[3, 6323]","[0, -4, 0, 0, 0, 0, 0, 0]","[2, 3, 5, 7, 11, 13, 17, 19]"
6323/243,26.02057613,6323,243,"[3, 6323]","[0, -5, 0, 0, 0, 0, 0, 0]","[2, 3, 5, 7, 11, 13, 17, 19]"
6326/81,78.09876543,6326,81,"[2, 3, 3163]","[1, -4, 0, 0, 0, 0, 0, 0]","[2, 3, 5, 7, 11, 13, 17, 19]"
6328/81,78.12345679,6328,81,"[2, 3, 7, 113]","[3, -4, 0, 1, 0, 0, 0, 0]","[2, 3, 5, 7, 11, 13, 17, 19]"
6329/243,26.04526749,6329,243,"[3, 6329]","[0, -5, 0, 0, 0, 0, 0, 0]","[2, 3, 5, 7, 11, 13, 17, 19]"
6335/81,78.20987654,6335,81,"[3, 5, 7, 181]","[0, -4, 1, 1, 0, 0, 0, 0]","[2, 3, 5, 7, 11, 13, 17, 19]"
6337/81,78.23456790,6337,81,"[3, 6337]","[0, -4, 0, 0, 0, 0, 0, 0]","[2, 3, 5, 7, 11, 13, 17, 19]"
6338/81,78.24691358,6338,81,"[2, 3, 3169]","[1, -4, 0, 0, 0, 0, 0, 0]","[2, 3, 5, 7, 11, 13, 17, 19]"
6341/81,78.28395062,6341,81,"[3, 17, 373]","[0, -4, 0, 0, 0, 0, 1, 0]","[2, 3, 5, 7, 11, 13, 17, 19]"
6347/81,78.35802469,6347,81,"[3, 11, 577]","[0, -4, 0, 0, 1, 0, 0, 0]","[2, 3, 5, 7, 11, 13, 17, 19]"
6350/81,78.39506173,6350,81,"[2, 3, 5, 127]","[1, -4, 2, 0, 0, 0, 0, 0]","[2, 3, 5, 7, 11, 13, 17, 19]"
6350/243,26.13168724,6350,243,"[2, 3, 5, 127]","[1, -5, 2, 0, 0, 0, 0, 0]","[2, 3, 5, 7, 11, 13, 17, 19]"
6353/81,78.43209877,6353,81,"[3, 6353]","[0, -4, 0, 0, 0, 0, 0, 0]","[2, 3, 5, 7, 11, 13, 17, 19]"
6355/81,78.45679012,6355,81,"[3, 5, 31, 41]","[0, -4, 1, 0, 0, 0, 0, 0]","[2, 3, 5, 7, 11, 13, 17, 19]"
6362/81,78.54320988,6362,81,"[2, 3, 3181]","[1, -4, 0, 0, 0, 0, 0, 0]","[2, 3, 5, 7, 11, 13, 17, 19]"
6365/243,26.19341564,6365,243,"[3, 5, 19, 67]","[0, -5, 1, 0, 0, 0, 0, 1]","[2, 3, 5, 7, 11, 13, 17, 19]"
6367/81,78.60493827,6367,81,"[3, 6367]","[0, -4, 0, 0, 0, 0, 0, 0]","[2, 3, 5, 7, 11, 13, 17, 19]"
6368/81,78.61728395,6368,81,"[2, 3, 199]","[5, -4, 0, 0, 0, 0, 0, 0]","[2, 3, 5, 7, 11, 13, 17, 19]"
6368/243,26.20576132,6368,243,"[2, 3, 199]","[5, -5, 0, 0, 0, 0, 0, 0]","[2, 3, 5, 7, 11, 13, 17, 19]"
6373/81,78.67901235,6373,81,"[3, 6373]","[0, -4, 0, 0, 0, 0, 0, 0]","[2, 3, 5, 7, 11, 13, 17, 19]"
6380/81,78.76543210,6380,81,"[2, 3, 5, 11, 29]","[2, -4, 1, 0, 1, 0, 0, 0]","[2, 3, 5, 7, 11, 13, 17, 19]"
6382/81,78.79012346,6382,81,"[2, 3, 3191]","[1, -4, 0, 0, 0, 0, 0, 0]","[2, 3, 5, 7, 11, 13, 17, 19]"
6383/243,26.26748971,6383,243,"[3, 13, 491]","[0, -5, 0, 0, 0, 1, 0, 0]","[2, 3, 5, 7, 11, 13, 17, 19]"
6391/81,78.90123457,6391,81,"[3, 7, 11, 83]","[0, -4, 0, 1, 1, 0, 0, 0]","[2, 3, 5, 7, 11, 13, 17, 19]"
6392/81,78.91358025,6392,81,"[2, 3, 17, 47]","[3, -4, 0, 0, 0, 0, 1, 0]","[2, 3, 5, 7, 11, 13, 17, 19]"
6395/81,78.95061728,6395,81,"[3, 5, 1279]","[0, -4, 1, 0, 0, 0, 0, 0]","[2, 3, 5, 7, 11, 13, 17, 19]"
6398/81,78.98765432,6398,81,"[2, 3, 7, 457]","[1, -4, 0, 1, 0, 0, 0, 0]","[2, 3, 5, 7, 11, 13, 17, 19]"
6401/81,79.02469136,6401,81,"[3, 37, 173]","[0, -4, 0, 0, 0, 0, 0, 0]","[2, 3, 5, 7, 11, 13, 17, 19]"
6404/243,26.35390947,6404,243,"[2, 3, 1601]","[2, -5, 0, 0, 0, 0, 0, 0]","[2, 3, 5, 7, 11, 13, 17, 19]"
6407/81,79.09876543,6407,81,"[3, 43, 149]","[0, -4, 0, 0, 0, 0, 0, 0]","[2, 3, 5, 7, 11, 13, 17, 19]"
6410/243,26.37860082,6410,243,"[2, 3, 5, 641]","[1, -5, 1, 0, 0, 0, 0, 0]","[2, 3, 5, 7, 11, 13, 17, 19]"
6416/81,79.20987654,6416,81,"[2, 3, 401]","[4, -4, 0, 0, 0, 0, 0, 0]","[2, 3, 5, 7, 11, 13, 17, 19]"
6418/81,79.23456790,6418,81,"[2, 3, 3209]","[1, -4, 0, 0, 0, 0, 0, 0]","[2, 3, 5, 7, 11, 13, 17, 19]"
6419/243,26.41563786,6419,243,"[3, 7, 131]","[0, -5, 0, 2, 0, 0, 0, 0]","[2, 3, 5, 7, 11, 13, 17, 19]"
6422/81,79.28395062,6422,81,"[2, 3, 13, 19]","[1, -4, 0, 0, 0, 2, 0, 1]","[2, 3, 5, 7, 11, 13, 17, 19]"
6425/81,79.32098765,6425,81,"[3, 5, 257]","[0, -4, 2, 0, 0, 0, 0, 0]","[2, 3, 5, 7, 11, 13, 17, 19]"
6428/81,79.35802469,6428,81,"[2, 3, 1607]","[2, -4, 0, 0, 0, 0, 0, 0]","[2, 3, 5, 7, 11, 13, 17, 19]"
6428/243,26.45267490,6428,243,"[2, 3, 1607]","[2, -5, 0, 0, 0, 0, 0, 0]","[2, 3, 5, 7, 11, 13, 17, 19]"
6431/81,79.39506173,6431,81,"[3, 59, 109]","[0, -4, 0, 0, 0, 0, 0, 0]","[2, 3, 5, 7, 11, 13, 17, 19]"
6436/81,79.45679012,6436,81,"[2, 3, 1609]","[2, -4, 0, 0, 0, 0, 0, 0]","[2, 3, 5, 7, 11, 13, 17, 19]"
6443/81,79.54320988,6443,81,"[3, 17, 379]","[0, -4, 0, 0, 0, 0, 1, 0]","[2, 3, 5, 7, 11, 13, 17, 19]"
6445/81,79.56790123,6445,81,"[3, 5, 1289]","[0, -4, 1, 0, 0, 0, 0, 0]","[2, 3, 5, 7, 11, 13, 17, 19]"
6446/243,26.52674897,6446,243,"[2, 3, 11, 293]","[1, -5, 0, 0, 1, 0, 0, 0]","[2, 3, 5, 7, 11, 13, 17, 19]"
6448/81,79.60493827,6448,81,"[2, 3, 13, 31]","[4, -4, 0, 0, 0, 1, 0, 0]","[2, 3, 5, 7, 11, 13, 17, 19]"
6455/81,79.69135802,6455,81,"[3, 5, 1291]","[0, -4, 1, 0, 0, 0, 0, 0]","[2, 3, 5, 7, 11, 13, 17, 19]"
6455/243,26.56378601,6455,243,"[3, 5, 1291]","[0, -5, 1, 0, 0, 0, 0, 0]","[2, 3, 5, 7, 11, 13, 17, 19]"
6458/243,26.57613169,6458,243,"[2, 3, 3229]","[1, -5, 0, 0, 0, 0, 0, 0]","[2, 3, 5, 7, 11, 13, 17, 19]"
6461/81,79.76543210,6461,81,"[3, 7, 13, 71]","[0, -4, 0, 1, 0, 1, 0, 0]","[2, 3, 5, 7, 11, 13, 17, 19]"
6463/81,79.79012346,6463,81,"[3, 23, 281]","[0, -4, 0, 0, 0, 0, 0, 0]","[2, 3, 5, 7, 11, 13, 17, 19]"
6464/243,26.60082305,6464,243,"[2, 3, 101]","[6, -5, 0, 0, 0, 0, 0, 0]","[2, 3, 5, 7, 11, 13, 17, 19]"
6470/81,79.87654321,6470,81,"[2, 3, 5, 647]","[1, -4, 1, 0, 0, 0, 0, 0]","[2, 3, 5, 7, 11, 13, 17, 19]"
6472/81,79.90123457,6472,81,"[2, 3, 809]","[3, -4, 0, 0, 0, 0, 0, 0]","[2, 3, 5, 7, 11, 13, 17, 19]"
6473/81,79.91358025,6473,81,"[3, 6473]","[0, -4, 0, 0, 0, 0, 0, 0]","[2, 3, 5, 7, 11, 13, 17, 19]"
6476/81,79.95061728,6476,81,"[2, 3, 1619]","[2, -4, 0, 0, 0, 0, 0, 0]","[2, 3, 5, 7, 11, 13, 17, 19]"
6482/81,80.02469136,6482,81,"[2, 3, 7, 463]","[1, -4, 0, 1, 0, 0, 0, 0]","[2, 3, 5, 7, 11, 13, 17, 19]"
6485/81,80.06172840,6485,81,"[3, 5, 1297]","[0, -4, 1, 0, 0, 0, 0, 0]","[2, 3, 5, 7, 11, 13, 17, 19]"
6485/243,26.68724280,6485,243,"[3, 5, 1297]","[0, -5, 1, 0, 0, 0, 0, 0]","[2, 3, 5, 7, 11, 13, 17, 19]"
6488/81,80.09876543,6488,81,"[2, 3, 811]","[3, -4, 0, 0, 0, 0, 0, 0]","[2, 3, 5, 7, 11, 13, 17, 19]"
6491/243,26.71193416,6491,243,"[3, 6491]","[0, -5, 0, 0, 0, 0, 0, 0]","[2, 3, 5, 7, 11, 13, 17, 19]"
6493/243,26.72016461,6493,243,"[3, 43, 151]","[0, -5, 0, 0, 0, 0, 0, 0]","[2, 3, 5, 7, 11, 13, 17, 19]"
6497/81,80.20987654,6497,81,"[3, 73, 89]","[0, -4, 0, 0, 0, 0, 0, 0]","[2, 3, 5, 7, 11, 13, 17, 19]"
6500/243,26.74897119,6500,243,"[2, 3, 5, 13]","[2, -5, 3, 0, 0, 1, 0, 0]","[2, 3, 5, 7, 11, 13, 17, 19]"
6503/81,80.28395062,6503,81,"[3, 7, 929]","[0, -4, 0, 1, 0, 0, 0, 0]","[2, 3, 5, 7, 11, 13, 17, 19]"
6506/81,80.32098765,6506,81,"[2, 3, 3253]","[1, -4, 0, 0, 0, 0, 0, 0]","[2, 3, 5, 7, 11, 13, 17, 19]"
6509/243,26.78600823,6509,243,"[3, 23, 283]","[0, -5, 0, 0, 0, 0, 0, 0]","[2, 3, 5, 7, 11, 13, 17, 19]"
6512/81,80.39506173,6512,81,"[2, 3, 11, 37]","[4, -4, 0, 0, 1, 0, 0, 0]","[2, 3, 5, 7, 11, 13, 17, 19]"
6517/81,80.45679012,6517,81,"[3, 7, 19]","[0, -4, 0, 3, 0, 0, 0, 1]","[2, 3, 5, 7, 11, 13, 17, 19]"
6518/243,26.82304527,6518,243,"[2, 3, 3259]","[1, -5, 0, 0, 0, 0, 0, 0]","[2, 3, 5, 7, 11, 13, 17, 19]"
6526/81,80.56790123,6526,81,"[2, 3, 13, 251]","[1, -4, 0, 0, 0, 1, 0, 0]","[2, 3, 5, 7, 11, 13, 17, 19]"
6530/81,80.61728395,6530,81,"[2, 3, 5, 653]","[1, -4, 1, 0, 0, 0, 0, 0]","[2, 3, 5, 7, 11, 13, 17, 19]"
6530/243,26.87242798,6530,243,"[2, 3, 5, 653]","[1, -5, 1, 0, 0, 0, 0, 0]","[2, 3, 5, 7, 11, 13, 17, 19]"
6536/81,80.69135802,6536,81,"[2, 3, 19, 43]","[3, -4, 0, 0, 0, 0, 0, 1]","[2, 3, 5, 7, 11, 13, 17, 19]"
6536/243,26.89711934,6536,243,"[2, 3, 19, 43]","[3, -5, 0, 0, 0, 0, 0, 1]","[2, 3, 5, 7, 11, 13, 17, 19]"
6539/243,26.90946502,6539,243,"[3, 13, 503]","[0, -5, 0, 0, 0, 1, 0, 0]","[2, 3, 5, 7, 11, 13, 17, 19]"
6542/81,80.76543210,6542,81,"[2, 3, 3271]","[1, -4, 0, 0, 0, 0, 0, 0]","[2, 3, 5, 7, 11, 13, 17, 19]"
6551/81,80.87654321,6551,81,"[3, 6551]","[0, -4, 0, 0, 0, 0, 0, 0]","[2, 3, 5, 7, 11, 13, 17, 19]"
6553/81,80.90123457,6553,81,"[3, 6553]","[0, -4, 0, 0, 0, 0, 0, 0]","[2, 3, 5, 7, 11, 13, 17, 19]"
6557/81,80.95061728,6557,81,"[3, 79, 83]","[0, -4, 0, 0, 0, 0, 0, 0]","[2, 3, 5, 7, 11, 13, 17, 19]"
6560/81,80.98765432,6560,81,"[2, 3, 5, 41]","[5, -4, 1, 0, 0, 0, 0, 0]","[2, 3, 5, 7, 11, 13, 17, 19]"
6563/81,81.02469136,6563,81,"[3, 6563]","[0, -4, 0, 0, 0, 0, 0, 0]","[2, 3, 5, 7, 11, 13, 17, 19]"
6566/81,81.06172840,6566,81,"[2, 3, 7, 67]","[1, -4, 0, 2, 0, 0, 0, 0]","[2, 3, 5, 7, 11, 13, 17, 19]"
6566/243,27.02057613,6566,243,"[2, 3, 7, 67]","[1, -5, 0, 2, 0, 0, 0, 0]","[2, 3, 5, 7, 11, 13, 17, 19]"
6575/81,81.17283951,6575,81,"[3, 5, 263]","[0, -4, 2, 0, 0, 0, 0, 0]","[2, 3, 5, 7, 11, 13, 17, 19]"
6578/81,81.20987654,6578,81,"[2, 3, 11, 13, 23]","[1, -4, 0, 0, 1, 1, 0, 0]","[2, 3, 5, 7, 11, 13, 17, 19]"
6580/81,81.23456790,6580,81,"[2, 3, 5, 7, 47]","[2, -4, 1, 1, 0, 0, 0, 0]","[2, 3, 5, 7, 11, 13, 17, 19]"
6587/81,81.32098765,6587,81,"[3, 7, 941]","[0, -4, 0, 1, 0, 0, 0, 0]","[2, 3, 5, 7, 11, 13, 17, 19]"
6590/243,27.11934156,6590,243,"[2, 3, 5, 659]","[1, -5, 1, 0, 0, 0, 0, 0]","[2, 3, 5, 7, 11, 13, 17, 19]"
6593/81,81.39506173,6593,81,"[3, 19, 347]","[0, -4, 0, 0, 0, 0, 0, 1]","[2, 3, 5, 7, 11, 13, 17, 19]"
6593/243,27.13168724,6593,243,"[3, 19, 347]","[0, -5, 0, 0, 0, 0, 0, 1]","[2, 3, 5, 7, 11, 13, 17, 19]"
6598/81,81.45679012,6598,81,"[2, 3, 3299]","[1, -4, 0, 0, 0, 0, 0, 0]","[2, 3, 5, 7, 11, 13, 17, 19]"
6605/81,81.54320988,6605,81,"[3, 5, 1321]","[0, -4, 1, 0, 0, 0, 0, 0]","[2, 3, 5, 7, 11, 13, 17, 19]"
6607/81,81.56790123,6607,81,"[3, 6607]","[0, -4, 0, 0, 0, 0, 0, 0]","[2, 3, 5, 7, 11, 13, 17, 19]"
6608/243,27.19341564,6608,243,"[2, 3, 7, 59]","[4, -5, 0, 1, 0, 0, 0, 0]","[2, 3, 5, 7, 11, 13, 17, 19]"
6611/81,81.61728395,6611,81,"[3, 11, 601]","[0, -4, 0, 0, 1, 0, 0, 0]","[2, 3, 5, 7, 11, 13, 17, 19]"
6611/243,27.20576132,6611,243,"[3, 11, 601]","[0, -5, 0, 0, 1, 0, 0, 0]","[2, 3, 5, 7, 11, 13, 17, 19]"
6617/81,81.69135802,6617,81,"[3, 13, 509]","[0, -4, 0, 0, 0, 1, 0, 0]","[2, 3, 5, 7, 11, 13, 17, 19]"
6620/81,81.72839506,6620,81,"[2, 3, 5, 331]","[2, -4, 1, 0, 0, 0, 0, 0]","[2, 3, 5, 7, 11, 13, 17, 19]"
6623/81,81.76543210,6623,81,"[3, 37, 179]","[0, -4, 0, 0, 0, 0, 0, 0]","[2, 3, 5, 7, 11, 13, 17, 19]"
6626/243,27.26748971,6626,243,"[2, 3, 3313]","[1, -5, 0, 0, 0, 0, 0, 0]","[2, 3, 5, 7, 11, 13, 17, 19]"
6632/81,81.87654321,6632,81,"[2, 3, 829]","[3, -4, 0, 0, 0, 0, 0, 0]","[2, 3, 5, 7, 11, 13, 17, 19]"
6638/81,81.95061728,6638,81,"[2, 3, 3319]","[1, -4, 0, 0, 0, 0, 0, 0]","[2, 3, 5, 7, 11, 13, 17, 19]"
6641/81,81.98765432,6641,81,"[3, 29, 229]","[0, -4, 0, 0, 0, 0, 0, 0]","[2, 3, 5, 7, 11, 13, 17, 19]"
6647/81,82.06172840,6647,81,"[3, 17, 23]","[0, -4, 0, 0, 0, 0, 2, 0]","[2, 3, 5, 7, 11, 13, 17, 19]"
6653/243,27.37860082,6653,243,"[3, 6653]","[0, -5, 0, 0, 0, 0, 0, 0]","[2, 3, 5, 7, 11, 13, 17, 19]"
6655/243,27.38683128,6655,243,"[3, 5, 11]","[0, -5, 1, 0, 3, 0, 0, 0]","[2, 3, 5, 7, 11, 13, 17, 19]"
6656/81,82.17283951,6656,81,"[2, 3, 13]","[9, -4, 0, 0, 0, 1, 0, 0]","[2, 3, 5, 7, 11, 13, 17, 19]"
6661/81,82.23456790,6661,81,"[3, 6661]","[0, -4, 0, 0, 0, 0, 0, 0]","[2, 3, 5, 7, 11, 13, 17, 19]"
6668/81,82.32098765,6668,81,"[2, 3, 1667]","[2, -4, 0, 0, 0, 0, 0, 0]","[2, 3, 5, 7, 11, 13, 17, 19]"
6671/243,27.45267490,6671,243,"[3, 7, 953]","[0, -5, 0, 1, 0, 0, 0, 0]","[2, 3, 5, 7, 11, 13, 17, 19]"
6680/243,27.48971193,6680,243,"[2, 3, 5, 167]","[3, -5, 1, 0, 0, 0, 0, 0]","[2, 3, 5, 7, 11, 13, 17, 19]"
6686/81,82.54320988,6686,81,"[2, 3, 3343]","[1, -4, 0, 0, 0, 0, 0, 0]","[2, 3, 5, 7, 11, 13, 17, 19]"
6688/81,82.56790123,6688,81,"[2, 3, 11, 19]","[5, -4, 0, 0, 1, 0, 0, 1]","[2, 3, 5, 7, 11, 13, 17, 19]"
6689/243,27.52674897,6689,243,"[3, 6689]","[0, -5, 0, 0, 0, 0, 0, 0]","[2, 3, 5, 7, 11, 13, 17, 19]"
6692/81,82.61728395,6692,81,"[2, 3, 7, 239]","[2, -4, 0, 1, 0, 0, 0, 0]","[2, 3, 5, 7, 11, 13, 17, 19]"
6695/81,82.65432099,6695,81,"[3, 5, 13, 103]","[0, -4, 1, 0, 0, 1, 0, 0]","[2, 3, 5, 7, 11, 13, 17, 19]"
6698/81,82.69135802,6698,81,"[2, 3, 17, 197]","[1, -4, 0, 0, 0, 0, 1, 0]","[2, 3, 5, 7, 11, 13, 17, 19]"
6698/243,27.56378601,6698,243,"[2, 3, 17, 197]","[1, -5, 0, 0, 0, 0, 1, 0]","[2, 3, 5, 7, 11, 13, 17, 19]"
6701/81,82.72839506,6701,81,"[3, 6701]","[0, -4, 0, 0, 0, 0, 0, 0]","[2, 3, 5, 7, 11, 13, 17, 19]"
6701/243,27.57613169,6701,243,"[3, 6701]","[0, -5, 0, 0, 0, 0, 0, 0]","[2, 3, 5, 7, 11, 13, 17, 19]"
6710/81,82.83950617,6710,81,"[2, 3, 5, 11, 61]","[1, -4, 1, 0, 1, 0, 0, 0]","[2, 3, 5, 7, 11, 13, 17, 19]"
6713/81,82.87654321,6713,81,"[3, 7, 137]","[0, -4, 0, 2, 0, 0, 0, 0]","[2, 3, 5, 7, 11, 13, 17, 19]"
6722/81,82.98765432,6722,81,"[2, 3, 3361]","[1, -4, 0, 0, 0, 0, 0, 0]","[2, 3, 5, 7, 11, 13, 17, 19]"
6725/243,27.67489712,6725,243,"[3, 5, 269]","[0, -5, 2, 0, 0, 0, 0, 0]","[2, 3, 5, 7, 11, 13, 17, 19]"
6728/81,83.06172840,6728,81,"[2, 3, 29]","[3, -4, 0, 0, 0, 0, 0, 0]","[2, 3, 5, 7, 11, 13, 17, 19]"
6728/243,27.68724280,6728,243,"[2, 3, 29]","[3, -5, 0, 0, 0, 0, 0, 0]","[2, 3, 5, 7, 11, 13, 17, 19]"
6734/243,27.71193416,6734,243,"[2, 3, 7, 13, 37]","[1, -5, 0, 1, 0, 1, 0, 0]","[2, 3, 5, 7, 11, 13, 17, 19]"
6736/243,27.72016461,6736,243,"[2, 3, 421]","[4, -5, 0, 0, 0, 0, 0, 0]","[2, 3, 5, 7, 11, 13, 17, 19]"
6737/81,83.17283951,6737,81,"[3, 6737]","[0, -4, 0, 0, 0, 0, 0, 0]","[2, 3, 5, 7, 11, 13, 17, 19]"
6742/81,83.23456790,6742,81,"[2, 3, 3371]","[1, -4, 0, 0, 0, 0, 0, 0]","[2, 3, 5, 7, 11, 13, 17, 19]"
6743/243,27.74897119,6743,243,"[3, 11, 613]","[0, -5, 0, 0, 1, 0, 0, 0]","[2, 3, 5, 7, 11, 13, 17, 19]"
6755/81,83.39506173,6755,81,"[3, 5, 7, 193]","[0, -4, 1, 1, 0, 0, 0, 0]","[2, 3, 5, 7, 11, 13, 17, 19]"
6755/243,27.79835391,6755,243,"[3, 5, 7, 193]","[0, -5, 1, 1, 0, 0, 0, 0]","[2, 3, 5, 7, 11, 13, 17, 19]"
6761/243,27.82304527,6761,243,"[3, 6761]","[0, -5, 0, 0, 0, 0, 0, 0]","[2, 3, 5, 7, 11, 13, 17, 19]"
6767/81,83.54320988,6767,81,"[3, 67, 101]","[0, -4, 0, 0, 0, 0, 0, 0]","[2, 3, 5, 7, 11, 13, 17, 19]"
6773/81,83.61728395,6773,81,"[3, 13, 521]","[0, -4, 0, 0, 0, 1, 0, 0]","[2, 3, 5, 7, 11, 13, 17, 19]"
6773/243,27.87242798,6773,243,"[3, 13, 521]","[0, -5, 0, 0, 0, 1, 0, 0]","[2, 3, 5, 7, 11, 13, 17, 19]"
6776/81,83.65432099,6776,81,"[2, 3, 7, 11]","[3, -4, 0, 1, 2, 0, 0, 0]","[2, 3, 5, 7, 11, 13, 17, 19]"
6779/243,27.89711934,6779,243,"[3, 6779]","[0, -5, 0, 0, 0, 0, 0, 0]","[2, 3, 5, 7, 11, 13, 17, 19]"
6782/81,83.72839506,6782,81,"[2, 3, 3391]","[1, -4, 0, 0, 0, 0, 0, 0]","[2, 3, 5, 7, 11, 13, 17, 19]"
6791/81,83.83950617,6791,81,"[3, 6791]","[0, -4, 0, 0, 0, 0, 0, 0]","[2, 3, 5, 7, 11, 13, 17, 19]"
6800/81,83.95061728,6800,81,"[2, 3, 5, 17]","[4, -4, 2, 0, 0, 0, 1, 0]","[2, 3, 5, 7, 11, 13, 17, 19]"
6800/243,27.98353909,6800,243,"[2, 3, 5, 17]","[4, -5, 2, 0, 0, 0, 1, 0]","[2, 3, 5, 7, 11, 13, 17, 19]"
6803/81,83.98765432,6803,81,"[3, 6803]","[0, -4, 0, 0, 0, 0, 0, 0]","[2, 3, 5, 7, 11, 13, 17, 19]"
6809/243,28.02057613,6809,243,"[3, 11, 619]","[0, -5, 0, 0, 1, 0, 0, 0]","[2, 3, 5, 7, 11, 13, 17, 19]"
6815/243,28.04526749,6815,243,"[3, 5, 29, 47]","[0, -5, 1, 0, 0, 0, 0, 0]","[2, 3, 5, 7, 11, 13, 17, 19]"
6818/81,84.17283951,6818,81,"[2, 3, 7, 487]","[1, -4, 0, 1, 0, 0, 0, 0]","[2, 3, 5, 7, 11, 13, 17, 19]"
6823/81,84.23456790,6823,81,"[3, 6823]","[0, -4, 0, 0, 0, 0, 0, 0]","[2, 3, 5, 7, 11, 13, 17, 19]"
6830/81,84.32098765,6830,81,"[2, 3, 5, 683]","[1, -4, 1, 0, 0, 0, 0, 0]","[2, 3, 5, 7, 11, 13, 17, 19]"
6833/243,28.11934156,6833,243,"[3, 6833]","[0, -5, 0, 0, 0, 0, 0, 0]","[2, 3, 5, 7, 11, 13, 17, 19]"
6836/81,84.39506173,6836,81,"[2, 3, 1709]","[2, -4, 0, 0, 0, 0, 0, 0]","[2, 3, 5, 7, 11, 13, 17, 19]"
6836/243,28.13168724,6836,243,"[2, 3, 1709]","[2, -5, 0, 0, 0, 0, 0, 0]","[2, 3, 5, 7, 11, 13, 17, 19]"
6845/81,84.50617284,6845,81,"[3, 5, 37]","[0, -4, 1, 0, 0, 0, 0, 0]","[2, 3, 5, 7, 11, 13, 17, 19]"
6848/81,84.54320988,6848,81,"[2, 3, 107]","[6, -4, 0, 0, 0, 0, 0, 0]","[2, 3, 5, 7, 11, 13, 17, 19]"
6851/243,28.19341564,6851,243,"[3, 13, 17, 31]","[0, -5, 0, 0, 0, 1, 1, 0]","[2, 3, 5, 7, 11, 13, 17, 19]"
6854/243,28.20576132,6854,243,"[2, 3, 23, 149]","[1, -5, 0, 0, 0, 0, 0, 0]","[2, 3, 5, 7, 11, 13, 17, 19]"
6857/81,84.65432099,6857,81,"[3, 6857]","[0, -4, 0, 0, 0, 0, 0, 0]","[2, 3, 5, 7, 11, 13, 17, 19]"
6860/243,28.23045267,6860,243,"[2, 3, 5, 7]","[2, -5, 1, 3, 0, 0, 0, 0]","[2, 3, 5, 7, 11, 13, 17, 19]"
6863/81,84.72839506,6863,81,"[3, 6863]","[0, -4, 0, 0, 0, 0, 0, 0]","[2, 3, 5, 7, 11, 13, 17, 19]"
6869/243,28.26748971,6869,243,"[3, 6869]","[0, -5, 0, 0, 0, 0, 0, 0]","[2, 3, 5, 7, 11, 13, 17, 19]"
6872/81,84.83950617,6872,81,"[2, 3, 859]","[3, -4, 0, 0, 0, 0, 0, 0]","[2, 3, 5, 7, 11, 13, 17, 19]"
6875/243,28.29218107,6875,243,"[3, 5, 11]","[0, -5, 4, 0, 1, 0, 0, 0]","[2, 3, 5, 7, 11, 13, 17, 19]"
6881/81,84.95061728,6881,81,"[3, 7, 983]","[0, -4, 0, 1, 0, 0, 0, 0]","[2, 3, 5, 7, 11, 13, 17, 19]"
6890/243,28.35390947,6890,243,"[2, 3, 5, 13, 53]","[1, -5, 1, 0, 0, 1, 0, 0]","[2, 3, 5, 7, 11, 13, 17, 19]"
6896/243,28.37860082,6896,243,"[2, 3, 431]","[4, -5, 0, 0, 0, 0, 0, 0]","[2, 3, 5, 7, 11, 13, 17, 19]"
6898/243,28.38683128,6898,243,"[2, 3, 3449]","[1, -5, 0, 0, 0, 0, 0, 0]","[2, 3, 5, 7, 11, 13, 17, 19]"
6905/243,28.41563786,6905,243,"[3, 5, 1381]","[0, -5, 1, 0, 0, 0, 0, 0]","[2, 3, 5, 7, 11, 13, 17, 19]"
6911/81,85.32098765,6911,81,"[3, 6911]","[0, -4, 0, 0, 0, 0, 0, 0]","[2, 3, 5, 7, 11, 13, 17, 19]"
6914/243,28.45267490,6914,243,"[2, 3, 3457]","[1, -5, 0, 0, 0, 0, 0, 0]","[2, 3, 5, 7, 11, 13, 17, 19]"
6917/81,85.39506173,6917,81,"[3, 6917]","[0, -4, 0, 0, 0, 0, 0, 0]","[2, 3, 5, 7, 11, 13, 17, 19]"
6923/243,28.48971193,6923,243,"[3, 7, 23, 43]","[0, -5, 0, 1, 0, 0, 0, 0]","[2, 3, 5, 7, 11, 13, 17, 19]"
6925/243,28.49794239,6925,243,"[3, 5, 277]","[0, -5, 2, 0, 0, 0, 0, 0]","[2, 3, 5, 7, 11, 13, 17, 19]"
6926/81,85.50617284,6926,81,"[2, 3, 3463]","[1, -4, 0, 0, 0, 0, 0, 0]","[2, 3, 5, 7, 11, 13, 17, 19]"
6935/81,85.61728395,6935,81,"[3, 5, 19, 73]","[0, -4, 1, 0, 0, 0, 0, 1]","[2, 3, 5, 7, 11, 13, 17, 19]"
6935/243,28.53909465,6935,243,"[3, 5, 19, 73]","[0, -5, 1, 0, 0, 0, 0, 1]","[2, 3, 5, 7, 11, 13, 17, 19]"
6938/81,85.65432099,6938,81,"[2, 3, 3469]","[1, -4, 0, 0, 0, 0, 0, 0]","[2, 3, 5, 7, 11, 13, 17, 19]"
6941/243,28.56378601,6941,243,"[3, 11, 631]","[0, -5, 0, 0, 1, 0, 0, 0]","[2, 3, 5, 7, 11, 13, 17, 19]"
6944/243,28.57613169,6944,243,"[2, 3, 7, 31]","[5, -5, 0, 1, 0, 0, 0, 0]","[2, 3, 5, 7, 11, 13, 17, 19]"
6953/81,85.83950617,6953,81,"[3, 17, 409]","[0, -4, 0, 0, 0, 0, 1, 0]","[2, 3, 5, 7, 11, 13, 17, 19]"
6962/81,85.95061728,6962,81,"[2, 3, 59]","[1, -4, 0, 0, 0, 0, 0, 0]","[2, 3, 5, 7, 11, 13, 17, 19]"
6968/243,28.67489712,6968,243,"[2, 3, 13, 67]","[3, -5, 0, 0, 0, 1, 0, 0]","[2, 3, 5, 7, 11, 13, 17, 19]"
6971/243,28.68724280,6971,243,"[3, 6971]","[0, -5, 0, 0, 0, 0, 0, 0]","[2, 3, 5, 7, 11, 13, 17, 19]"
6979/243,28.72016461,6979,243,"[3, 7, 997]","[0, -5, 0, 1, 0, 0, 0, 0]","[2, 3, 5, 7, 11, 13, 17, 19]"
6980/81,86.17283951,6980,81,"[2, 3, 5, 349]","[2, -4, 1, 0, 0, 0, 0, 0]","[2, 3, 5, 7, 11, 13, 17, 19]"
6986/243,28.74897119,6986,243,"[2, 3, 7, 499]","[1, -5, 0, 1, 0, 0, 0, 0]","[2, 3, 5, 7, 11, 13, 17, 19]"
6992/81,86.32098765,6992,81,"[2, 3, 19, 23]","[4, -4, 0, 0, 0, 0, 0, 1]","[2, 3, 5, 7, 11, 13, 17, 19]"
6998/81,86.39506173,6998,81,"[2, 3, 3499]","[1, -4, 0, 0, 0, 0, 0, 0]","[2, 3, 5, 7, 11, 13, 17, 19]"
6998/243,28.79835391,6998,243,"[2, 3, 3499]","[1, -5, 0, 0, 0, 0, 0, 0]","[2, 3, 5, 7, 11, 13, 17, 19]"
7004/243,28.82304527,7004,243,"[2, 3, 17, 103]","[2, -5, 0, 0, 0, 0, 1, 0]","[2, 3, 5, 7, 11, 13, 17, 19]"
7007/81,86.50617284,7007,81,"[3, 7, 11, 13]","[0, -4, 0, 2, 1, 1, 0, 0]","[2, 3, 5, 7, 11, 13, 17, 19]"
7016/81,86.61728395,7016,81,"[2, 3, 877]","[3, -4, 0, 0, 0, 0, 0, 0]","[2, 3, 5, 7, 11, 13, 17, 19]"
7016/243,28.87242798,7016,243,"[2, 3, 877]","[3, -5, 0, 0, 0, 0, 0, 0]","[2, 3, 5, 7, 11, 13, 17, 19]"
7025/243,28.90946502,7025,243,"[3, 5, 281]","[0, -5, 2, 0, 0, 0, 0, 0]","[2, 3, 5, 7, 11, 13, 17, 19]"
7043/81,86.95061728,7043,81,"[3, 7043]","[0, -4, 0, 0, 0, 0, 0, 0]","[2, 3, 5, 7, 11, 13, 17, 19]"
7043/243,28.98353909,7043,243,"[3, 7043]","[0, -5, 0, 0, 0, 0, 0, 0]","[2, 3, 5, 7, 11, 13, 17, 19]"
7058/243,29.04526749,7058,243,"[2, 3, 3529]","[1, -5, 0, 0, 0, 0, 0, 0]","[2, 3, 5, 7, 11, 13, 17, 19]"
7060/243,29.05349794,7060,243,"[2, 3, 5, 353]","[2, -5, 1, 0, 0, 0, 0, 0]","[2, 3, 5, 7, 11, 13, 17, 19]"
7061/81,87.17283951,7061,81,"[3, 23, 307]","[0, -4, 0, 0, 0, 0, 0, 0]","[2, 3, 5, 7, 11, 13, 17, 19]"
7070/81,87.28395062,7070,81,"[2, 3, 5, 7, 101]","[1, -4, 1, 1, 0, 0, 0, 0]","[2, 3, 5, 7, 11, 13, 17, 19]"
7073/81,87.32098765,7073,81,"[3, 11, 643]","[0, -4, 0, 0, 1, 0, 0, 0]","[2, 3, 5, 7, 11, 13, 17, 19]"
7076/243,29.11934156,7076,243,"[2, 3, 29, 61]","[2, -5, 0, 0, 0, 0, 0, 0]","[2, 3, 5, 7, 11, 13, 17, 19]"
7079/243,29.13168724,7079,243,"[3, 7079]","[0, -5, 0, 0, 0, 0, 0, 0]","[2, 3, 5, 7, 11, 13, 17, 19]"
7085/243,29.15637860,7085,243,"[3, 5, 13, 109]","[0, -5, 1, 0, 0, 1, 0, 0]","[2, 3, 5, 7, 11, 13, 17, 19]"
7088/81,87.50617284,7088,81,"[2, 3, 443]","[4, -4, 0, 0, 0, 0, 0, 0]","[2, 3, 5, 7, 11, 13, 17, 19]"
7094/243,29.19341564,7094,243,"[2, 3, 3547]","[1, -5, 0, 0, 0, 0, 0, 0]","[2, 3, 5, 7, 11, 13, 17, 19]"
7097/81,87.61728395,7097,81,"[3, 47, 151]","[0, -4, 0, 0, 0, 0, 0, 0]","[2, 3, 5, 7, 11, 13, 17, 19]"
7103/243,29.23045267,7103,243,"[3, 7103]","[0, -5, 0, 0, 0, 0, 0, 0]","[2, 3, 5, 7, 11, 13, 17, 19]"
7118/243,29.29218107,7118,243,"[2, 3, 3559]","[1, -5, 0, 0, 0, 0, 0, 0]","[2, 3, 5, 7, 11, 13, 17, 19]"
7130/243,29.34156379,7130,243,"[2, 3, 5, 23, 31]","[1, -5, 1, 0, 0, 0, 0, 0]","[2, 3, 5, 7, 11, 13, 17, 19]"
7133/243,29.35390947,7133,243,"[3, 7, 1019]","[0, -5, 0, 1, 0, 0, 0, 0]","[2, 3, 5, 7, 11, 13, 17, 19]"
7139/243,29.37860082,7139,243,"[3, 11, 59]","[0, -5, 0, 0, 2, 0, 0, 0]","[2, 3, 5, 7, 11, 13, 17, 19]"
7141/243,29.38683128,7141,243,"[3, 37, 193]","[0, -5, 0, 0, 0, 0, 0, 0]","[2, 3, 5, 7, 11, 13, 17, 19]"
7142/81,88.17283951,7142,81,"[2, 3, 3571]","[1, -4, 0, 0, 0, 0, 0, 0]","[2, 3, 5, 7, 11, 13, 17, 19]"
7148/243,29.41563786,7148,243,"[2, 3, 1787]","[2, -5, 0, 0, 0, 0, 0, 0]","[2, 3, 5, 7, 11, 13, 17, 19]"
7151/81,88.28395062,7151,81,"[3, 7151]","[0, -4, 0, 0, 0, 0, 0, 0]","[2, 3, 5, 7, 11, 13, 17, 19]"
7160/243,29.46502058,7160,243,"[2, 3, 5, 179]","[3, -5, 1, 0, 0, 0, 0, 0]","[2, 3, 5, 7, 11, 13, 17, 19]"
7166/243,29.48971193,7166,243,"[2, 3, 3583]","[1, -5, 0, 0, 0, 0, 0, 0]","[2, 3, 5, 7, 11, 13, 17, 19]"
7168/243,29.49794239,7168,243,"[2, 3, 7]","[10, -5, 0, 1, 0, 0, 0, 0]","[2, 3, 5, 7, 11, 13, 17, 19]"
7175/243,29.52674897,7175,243,"[3, 5, 7, 41]","[0, -5, 2, 1, 0, 0, 0, 0]","[2, 3, 5, 7, 11, 13, 17, 19]"
7178/81,88.61728395,7178,81,"[2, 3, 37, 97]","[1, -4, 0, 0, 0, 0, 0, 0]","[2, 3, 5, 7, 11, 13, 17, 19]"
7178/243,29.53909465,7178,243,"[2, 3, 37, 97]","[1, -5, 0, 0, 0, 0, 0, 0]","[2, 3, 5, 7, 11, 13, 17, 19]"
7184/243,29.56378601,7184,243,"[2, 3, 449]","[4, -5, 0, 0, 0, 0, 0, 0]","[2, 3, 5, 7, 11, 13, 17, 19]"
7205/81,88.95061728,7205,81,"[3, 5, 11, 131]","[0, -4, 1, 0, 1, 0, 0, 0]","[2, 3, 5, 7, 11, 13, 17, 19]"
7205/243,29.65020576,7205,243,"[3, 5, 11, 131]","[0, -5, 1, 0, 1, 0, 0, 0]","[2, 3, 5, 7, 11, 13, 17, 19]"
7211/243,29.67489712,7211,243,"[3, 7211]","[0, -5, 0, 0, 0, 0, 0, 0]","[2, 3, 5, 7, 11, 13, 17, 19]"
7214/243,29.68724280,7214,243,"[2, 3, 3607]","[1, -5, 0, 0, 0, 0, 0, 0]","[2, 3, 5, 7, 11, 13, 17, 19]"
7223/81,89.17283951,7223,81,"[3, 31, 233]","[0, -4, 0, 0, 0, 0, 0, 0]","[2, 3, 5, 7, 11, 13, 17, 19]"
7229/243,29.74897119,7229,243,"[3, 7229]","[0, -5, 0, 0, 0, 0, 0, 0]","[2, 3, 5, 7, 11, 13, 17, 19]"
7232/81,89.28395062,7232,81,"[2, 3, 113]","[6, -4, 0, 0, 0, 0, 0, 0]","[2, 3, 5, 7, 11, 13, 17, 19]"
7241/243,29.79835391,7241,243,"[3, 13, 557]","[0, -5, 0, 0, 0, 1, 0, 0]","[2, 3, 5, 7, 11, 13, 17, 19]"
7250/243,29.83539095,7250,243,"[2, 3, 5, 29]","[1, -5, 3, 0, 0, 0, 0, 0]","[2, 3, 5, 7, 11, 13, 17, 19]"
7259/243,29.87242798,7259,243,"[3, 7, 17, 61]","[0, -5, 0, 1, 0, 0, 1, 0]","[2, 3, 5, 7, 11, 13, 17, 19]"
7265/243,29.89711934,7265,243,"[3, 5, 1453]","[0, -5, 1, 0, 0, 0, 0, 0]","[2, 3, 5, 7, 11, 13, 17, 19]"
7268/243,29.90946502,7268,243,"[2, 3, 23, 79]","[2, -5, 0, 0, 0, 0, 0, 0]","[2, 3, 5, 7, 11, 13, 17, 19]"
7280/243,29.95884774,7280,243,"[2, 3, 5, 7, 13]","[4, -5, 1, 1, 0, 1, 0, 0]","[2, 3, 5, 7, 11, 13, 17, 19]"
7286/81,89.95061728,7286,81,"[2, 3, 3643]","[1, -4, 0, 0, 0, 0, 0, 0]","[2, 3, 5, 7, 11, 13, 17, 19]"
7286/243,29.98353909,7286,243,"[2, 3, 3643]","[1, -5, 0, 0, 0, 0, 0, 0]","[2, 3, 5, 7, 11, 13, 17, 19]"
7301/243,30.04526749,7301,243,"[3, 7, 149]","[0, -5, 0, 2, 0, 0, 0, 0]","[2, 3, 5, 7, 11, 13, 17, 19]"
7303/243,30.05349794,7303,243,"[3, 67, 109]","[0, -5, 0, 0, 0, 0, 0, 0]","[2, 3, 5, 7, 11, 13, 17, 19]"
7310/243,30.08230453,7310,243,"[2, 3, 5, 17, 43]","[1, -5, 1, 0, 0, 0, 1, 0]","[2, 3, 5, 7, 11, 13, 17, 19]"
7313/81,90.28395062,7313,81,"[3, 71, 103]","[0, -4, 0, 0, 0, 0, 0, 0]","[2, 3, 5, 7, 11, 13, 17, 19]"
7319/243,30.11934156,7319,243,"[3, 13, 563]","[0, -5, 0, 0, 0, 1, 0, 0]","[2, 3, 5, 7, 11, 13, 17, 19]"
7328/243,30.15637860,7328,243,"[2, 3, 229]","[5, -5, 0, 0, 0, 0, 0, 0]","[2, 3, 5, 7, 11, 13, 17, 19]"
7330/243,30.16460905,7330,243,"[2, 3, 5, 733]","[1, -5, 1, 0, 0, 0, 0, 0]","[2, 3, 5, 7, 11, 13, 17, 19]"
7340/243,30.20576132,7340,243,"[2, 3, 5, 367]","[2, -5, 1, 0, 0, 0, 0, 0]","[2, 3, 5, 7, 11, 13, 17, 19]"
7346/243,30.23045267,7346,243,"[2, 3, 3673]","[1, -5, 0, 0, 0, 0, 0, 0]","[2, 3, 5, 7, 11, 13, 17, 19]"
7361/243,30.29218107,7361,243,"[3, 17, 433]","[0, -5, 0, 0, 0, 0, 1, 0]","[2, 3, 5, 7, 11, 13, 17, 19]"
7367/81,90.95061728,7367,81,"[3, 53, 139]","[0, -4, 0, 0, 0, 0, 0, 0]","[2, 3, 5, 7, 11, 13, 17, 19]"
7373/243,30.34156379,7373,243,"[3, 73, 101]","[0, -5, 0, 0, 0, 0, 0, 0]","[2, 3, 5, 7, 11, 13, 17, 19]"
7375/243,30.34979424,7375,243,"[3, 5, 59]","[0, -5, 3, 0, 0, 0, 0, 0]","[2, 3, 5, 7, 11, 13, 17, 19]"
7376/243,30.35390947,7376,243,"[2, 3, 461]","[4, -5, 0, 0, 0, 0, 0, 0]","[2, 3, 5, 7, 11, 13, 17, 19]"
7384/243,30.38683128,7384,243,"[2, 3, 13, 71]","[3, -5, 0, 0, 0, 1, 0, 0]","[2, 3, 5, 7, 11, 13, 17, 19]"
7391/243,30.41563786,7391,243,"[3, 19, 389]","[0, -5, 0, 0, 0, 0, 0, 1]","[2, 3, 5, 7, 11, 13, 17, 19]"
7400/243,30.45267490,7400,243,"[2, 3, 5, 37]","[3, -5, 2, 0, 0, 0, 0, 0]","[2, 3, 5, 7, 11, 13, 17, 19]"
7403/243,30.46502058,7403,243,"[3, 11, 673]","[0, -5, 0, 0, 1, 0, 0, 0]","[2, 3, 5, 7, 11, 13, 17, 19]"
7409/243,30.48971193,7409,243,"[3, 31, 239]","[0, -5, 0, 0, 0, 0, 0, 0]","[2, 3, 5, 7, 11, 13, 17, 19]"
7411/243,30.49794239,7411,243,"[3, 7411]","[0, -5, 0, 0, 0, 0, 0, 0]","[2, 3, 5, 7, 11, 13, 17, 19]"
7418/243,30.52674897,7418,243,"[2, 3, 3709]","[1, -5, 0, 0, 0, 0, 0, 0]","[2, 3, 5, 7, 11, 13, 17, 19]"
7421/243,30.53909465,7421,243,"[3, 41, 181]","[0, -5, 0, 0, 0, 0, 0, 0]","[2, 3, 5, 7, 11, 13, 17, 19]"
7430/243,30.57613169,7430,243,"[2, 3, 5, 743]","[1, -5, 1, 0, 0, 0, 0, 0]","[2, 3, 5, 7, 11, 13, 17, 19]"
7448/81,91.95061728,7448,81,"[2, 3, 7, 19]","[3, -4, 0, 2, 0, 0, 0, 1]","[2, 3, 5, 7, 11, 13, 17, 19]"
7448/243,30.65020576,7448,243,"[2, 3, 7, 19]","[3, -5, 0, 2, 0, 0, 0, 1]","[2, 3, 5, 7, 11, 13, 17, 19]"
7454/243,30.67489712,7454,243,"[2, 3, 3727]","[1, -5, 0, 0, 0, 0, 0, 0]","[2, 3, 5, 7, 11, 13, 17, 19]"
7465/243,30.72016461,7465,243,"[3, 5, 1493]","[0, -5, 1, 0, 0, 0, 0, 0]","[2, 3, 5, 7, 11, 13, 17, 19]"
7475/243,30.76131687,7475,243,"[3, 5, 13, 23]","[0, -5, 2, 0, 0, 1, 0, 0]","[2, 3, 5, 7, 11, 13, 17, 19]"
7484/243,30.79835391,7484,243,"[2, 3, 1871]","[2, -5, 0, 0, 0, 0, 0, 0]","[2, 3, 5, 7, 11, 13, 17, 19]"
7490/243,30.82304527,7490,243,"[2, 3, 5, 7, 107]","[1, -5, 1, 1, 0, 0, 0, 0]","[2, 3, 5, 7, 11, 13, 17, 19]"
7493/243,30.83539095,7493,243,"[3, 59, 127]","[0, -5, 0, 0, 0, 0, 0, 0]","[2, 3, 5, 7, 11, 13, 17, 19]"
7508/243,30.89711934,7508,243,"[2, 3, 1877]","[2, -5, 0, 0, 0, 0, 0, 0]","[2, 3, 5, 7, 11, 13, 17, 19]"
7511/243,30.90946502,7511,243,"[3, 7, 29, 37]","[0, -5, 0, 1, 0, 0, 0, 0]","[2, 3, 5, 7, 11, 13, 17, 19]"
7523/243,30.95884774,7523,243,"[3, 7523]","[0, -5, 0, 0, 0, 0, 0, 0]","[2, 3, 5, 7, 11, 13, 17, 19]"
7529/243,30.98353909,7529,243,"[3, 7529]","[0, -5, 0, 0, 0, 0, 0, 0]","[2, 3, 5, 7, 11, 13, 17, 19]"
7535/243,31.00823045,7535,243,"[3, 5, 11, 137]","[0, -5, 1, 0, 1, 0, 0, 0]","[2, 3, 5, 7, 11, 13, 17, 19]"
7544/243,31.04526749,7544,243,"[2, 3, 23, 41]","[3, -5, 0, 0, 0, 0, 0, 0]","[2, 3, 5, 7, 11, 13, 17, 19]"
7546/243,31.05349794,7546,243,"[2, 3, 7, 11]","[1, -5, 0, 3, 1, 0, 0, 0]","[2, 3, 5, 7, 11, 13, 17, 19]"
7550/243,31.06995885,7550,243,"[2, 3, 5, 151]","[1, -5, 2, 0, 0, 0, 0, 0]","[2, 3, 5, 7, 11, 13, 17, 19]"
7553/243,31.08230453,7553,243,"[3, 7, 13, 83]","[0, -5, 0, 1, 0, 1, 0, 0]","[2, 3, 5, 7, 11, 13, 17, 19]"
7565/243,31.13168724,7565,243,"[3, 5, 17, 89]","[0, -5, 1, 0, 0, 0, 1, 0]","[2, 3, 5, 7, 11, 13, 17, 19]"
7571/243,31.15637860,7571,243,"[3, 67, 113]","[0, -5, 0, 0, 0, 0, 0, 0]","[2, 3, 5, 7, 11, 13, 17, 19]"
7573/243,31.16460905,7573,243,"[3, 7573]","[0, -5, 0, 0, 0, 0, 0, 0]","[2, 3, 5, 7, 11, 13, 17, 19]"
7580/243,31.19341564,7580,243,"[2, 3, 5, 379]","[2, -5, 1, 0, 0, 0, 0, 0]","[2, 3, 5, 7, 11, 13, 17, 19]"
7583/243,31.20576132,7583,243,"[3, 7583]","[0, -5, 0, 0, 0, 0, 0, 0]","[2, 3, 5, 7, 11, 13, 17, 19]"
7589/243,31.23045267,7589,243,"[3, 7589]","[0, -5, 0, 0, 0, 0, 0, 0]","[2, 3, 5, 7, 11, 13, 17, 19]"
7600/243,31.27572016,7600,243,"[2, 3, 5, 19]","[4, -5, 2, 0, 0, 0, 0, 1]","[2, 3, 5, 7, 11, 13, 17, 19]"
7604/243,31.29218107,7604,243,"[2, 3, 1901]","[2, -5, 0, 0, 0, 0, 0, 0]","[2, 3, 5, 7, 11, 13, 17, 19]"
7610/243,31.31687243,7610,243,"[2, 3, 5, 761]","[1, -5, 1, 0, 0, 0, 0, 0]","[2, 3, 5, 7, 11, 13, 17, 19]"
7616/243,31.34156379,7616,243,"[2, 3, 7, 17]","[6, -5, 0, 1, 0, 0, 1, 0]","[2, 3, 5, 7, 11, 13, 17, 19]"
7618/243,31.34979424,7618,243,"[2, 3, 13, 293]","[1, -5, 0, 0, 0, 1, 0, 0]","[2, 3, 5, 7, 11, 13, 17, 19]"
7619/243,31.35390947,7619,243,"[3, 19, 401]","[0, -5, 0, 0, 0, 0, 0, 1]","[2, 3, 5, 7, 11, 13, 17, 19]"
7634/243,31.41563786,7634,243,"[2, 3, 11, 347]","[1, -5, 0, 0, 1, 0, 0, 0]","[2, 3, 5, 7, 11, 13, 17, 19]"
7643/243,31.45267490,7643,243,"[3, 7643]","[0, -5, 0, 0, 0, 0, 0, 0]","[2, 3, 5, 7, 11, 13, 17, 19]"
7646/243,31.46502058,7646,243,"[2, 3, 3823]","[1, -5, 0, 0, 0, 0, 0, 0]","[2, 3, 5, 7, 11, 13, 17, 19]"
7654/243,31.49794239,7654,243,"[2, 3, 43, 89]","[1, -5, 0, 0, 0, 0, 0, 0]","[2, 3, 5, 7, 11, 13, 17, 19]"
7655/243,31.50205761,7655,243,"[3, 5, 1531]","[0, -5, 1, 0, 0, 0, 0, 0]","[2, 3, 5, 7, 11, 13, 17, 19]"
7661/243,31.52674897,7661,243,"[3, 47, 163]","[0, -5, 0, 0, 0, 0, 0, 0]","[2, 3, 5, 7, 11, 13, 17, 19]"
7664/243,31.53909465,7664,243,"[2, 3, 479]","[4, -5, 0, 0, 0, 0, 0, 0]","[2, 3, 5, 7, 11, 13, 17, 19]"
7673/243,31.57613169,7673,243,"[3, 7673]","[0, -5, 0, 0, 0, 0, 0, 0]","[2, 3, 5, 7, 11, 13, 17, 19]"
7685/243,31.62551440,7685,243,"[3, 5, 29, 53]","[0, -5, 1, 0, 0, 0, 0, 0]","[2, 3, 5, 7, 11, 13, 17, 19]"
7691/243,31.65020576,7691,243,"[3, 7691]","[0, -5, 0, 0, 0, 0, 0, 0]","[2, 3, 5, 7, 11, 13, 17, 19]"
7708/243,31.72016461,7708,243,"[2, 3, 41, 47]","[2, -5, 0, 0, 0, 0, 0, 0]","[2, 3, 5, 7, 11, 13, 17, 19]"
7715/243,31.74897119,7715,243,"[3, 5, 1543]","[0, -5, 1, 0, 0, 0, 0, 0]","[2, 3, 5, 7, 11, 13, 17, 19]"
7718/243,31.76131687,7718,243,"[2, 3, 17, 227]","[1, -5, 0, 0, 0, 0, 1, 0]","[2, 3, 5, 7, 11, 13, 17, 19]"
7733/243,31.82304527,7733,243,"[3, 11, 19, 37]","[0, -5, 0, 0, 1, 0, 0, 1]","[2, 3, 5, 7, 11, 13, 17, 19]"
7735/243,31.83127572,7735,243,"[3, 5, 7, 13, 17]","[0, -5, 1, 1, 0, 1, 1, 0]","[2, 3, 5, 7, 11, 13, 17, 19]"
7736/243,31.83539095,7736,243,"[2, 3, 967]","[3, -5, 0, 0, 0, 0, 0, 0]","[2, 3, 5, 7, 11, 13, 17, 19]"
7751/243,31.89711934,7751,243,"[3, 23, 337]","[0, -5, 0, 0, 0, 0, 0, 0]","[2, 3, 5, 7, 11, 13, 17, 19]"
7754/243,31.90946502,7754,243,"[2, 3, 3877]","[1, -5, 0, 0, 0, 0, 0, 0]","[2, 3, 5, 7, 11, 13, 17, 19]"
7766/243,31.95884774,7766,243,"[2, 3, 11, 353]","[1, -5, 0, 0, 1, 0, 0, 0]","[2, 3, 5, 7, 11, 13, 17, 19]"
7778/243,32.00823045,7778,243,"[2, 3, 3889]","[1, -5, 0, 0, 0, 0, 0, 0]","[2, 3, 5, 7, 11, 13, 17, 19]"
7780/243,32.01646091,7780,243,"[2, 3, 5, 389]","[2, -5, 1, 0, 0, 0, 0, 0]","[2, 3, 5, 7, 11, 13, 17, 19]"
7789/243,32.05349794,7789,243,"[3, 7789]","[0, -5, 0, 0, 0, 0, 0, 0]","[2, 3, 5, 7, 11, 13, 17, 19]"
7793/243,32.06995885,7793,243,"[3, 7793]","[0, -5, 0, 0, 0, 0, 0, 0]","[2, 3, 5, 7, 11, 13, 17, 19]"
7796/243,32.08230453,7796,243,"[2, 3, 1949]","[2, -5, 0, 0, 0, 0, 0, 0]","[2, 3, 5, 7, 11, 13, 17, 19]"
7805/243,32.11934156,7805,243,"[3, 5, 7, 223]","[0, -5, 1, 1, 0, 0, 0, 0]","[2, 3, 5, 7, 11, 13, 17, 19]"
7808/243,32.13168724,7808,243,"[2, 3, 61]","[7, -5, 0, 0, 0, 0, 0, 0]","[2, 3, 5, 7, 11, 13, 17, 19]"
7814/243,32.15637860,7814,243,"[2, 3, 3907]","[1, -5, 0, 0, 0, 0, 0, 0]","[2, 3, 5, 7, 11, 13, 17, 19]"
7816/243,32.16460905,7816,243,"[2, 3, 977]","[3, -5, 0, 0, 0, 0, 0, 0]","[2, 3, 5, 7, 11, 13, 17, 19]"
7823/243,32.19341564,7823,243,"[3, 7823]","[0, -5, 0, 0, 0, 0, 0, 0]","[2, 3, 5, 7, 11, 13, 17, 19]"
7826/243,32.20576132,7826,243,"[2, 3, 7, 13, 43]","[1, -5, 0, 1, 0, 1, 0, 0]","[2, 3, 5, 7, 11, 13, 17, 19]"
7835/243,32.24279835,7835,243,"[3, 5, 1567]","[0, -5, 1, 0, 0, 0, 0, 0]","[2, 3, 5, 7, 11, 13, 17, 19]"
7843/243,32.27572016,7843,243,"[3, 11, 23, 31]","[0, -5, 0, 0, 1, 0, 0, 0]","[2, 3, 5, 7, 11, 13, 17, 19]"
7850/243,32.30452675,7850,243,"[2, 3, 5, 157]","[1, -5, 2, 0, 0, 0, 0, 0]","[2, 3, 5, 7, 11, 13, 17, 19]"
7853/243,32.31687243,7853,243,"[3, 7853]","[0, -5, 0, 0, 0, 0, 0, 0]","[2, 3, 5, 7, 11, 13, 17, 19]"
7859/243,32.34156379,7859,243,"[3, 29, 271]","[0, -5, 0, 0, 0, 0, 0, 0]","[2, 3, 5, 7, 11, 13, 17, 19]"
7861/243,32.34979424,7861,243,"[3, 7, 1123]","[0, -5, 0, 1, 0, 0, 0, 0]","[2, 3, 5, 7, 11, 13, 17, 19]"
7880/243,32.42798354,7880,243,"[2, 3, 5, 197]","[3, -5, 1, 0, 0, 0, 0, 0]","[2, 3, 5, 7, 11, 13, 17, 19]"
7886/243,32.45267490,7886,243,"[2, 3, 3943]","[1, -5, 0, 0, 0, 0, 0, 0]","[2, 3, 5, 7, 11, 13, 17, 19]"
7889/243,32.46502058,7889,243,"[3, 7, 23]","[0, -5, 0, 3, 0, 0, 0, 0]","[2, 3, 5, 7, 11, 13, 17, 19]"
7898/243,32.50205761,7898,243,"[2, 3, 11, 359]","[1, -5, 0, 0, 1, 0, 0, 0]","[2, 3, 5, 7, 11, 13, 17, 19]"
7904/243,32.52674897,7904,243,"[2, 3, 13, 19]","[5, -5, 0, 0, 0, 1, 0, 1]","[2, 3, 5, 7, 11, 13, 17, 19]"
7916/243,32.57613169,7916,243,"[2, 3, 1979]","[2, -5, 0, 0, 0, 0, 0, 0]","[2, 3, 5, 7, 11, 13, 17, 19]"
7925/243,32.61316872,7925,243,"[3, 5, 317]","[0, -5, 2, 0, 0, 0, 0, 0]","[2, 3, 5, 7, 11, 13, 17, 19]"
7928/243,32.62551440,7928,243,"[2, 3, 991]","[3, -5, 0, 0, 0, 0, 0, 0]","[2, 3, 5, 7, 11, 13, 17, 19]"
7934/243,32.65020576,7934,243,"[2, 3, 3967]","[1, -5, 0, 0, 0, 0, 0, 0]","[2, 3, 5, 7, 11, 13, 17, 19]"
7940/243,32.67489712,7940,243,"[2, 3, 5, 397]","[2, -5, 1, 0, 0, 0, 0, 0]","[2, 3, 5, 7, 11, 13, 17, 19]"
7951/243,32.72016461,7951,243,"[3, 7951]","[0, -5, 0, 0, 0, 0, 0, 0]","[2, 3, 5, 7, 11, 13, 17, 19]"
7955/243,32.73662551,7955,243,"[3, 5, 37, 43]","[0, -5, 1, 0, 0, 0, 0, 0]","[2, 3, 5, 7, 11, 13, 17, 19]"
7958/243,32.74897119,7958,243,"[2, 3, 23, 173]","[1, -5, 0, 0, 0, 0, 0, 0]","[2, 3, 5, 7, 11, 13, 17, 19]"
7961/243,32.76131687,7961,243,"[3, 19, 419]","[0, -5, 0, 0, 0, 0, 0, 1]","[2, 3, 5, 7, 11, 13, 17, 19]"
7976/243,32.82304527,7976,243,"[2, 3, 997]","[3, -5, 0, 0, 0, 0, 0, 0]","[2, 3, 5, 7, 11, 13, 17, 19]"
7978/243,32.83127572,7978,243,"[2, 3, 3989]","[1, -5, 0, 0, 0, 0, 0, 0]","[2, 3, 5, 7, 11, 13, 17, 19]"
7979/243,32.83539095,7979,243,"[3, 79, 101]","[0, -5, 0, 0, 0, 0, 0, 0]","[2, 3, 5, 7, 11, 13, 17, 19]"
7985/243,32.86008230,7985,243,"[3, 5, 1597]","[0, -5, 1, 0, 0, 0, 0, 0]","[2, 3, 5, 7, 11, 13, 17, 19]"
7994/243,32.89711934,7994,243,"[2, 3, 7, 571]","[1, -5, 0, 1, 0, 0, 0, 0]","[2, 3, 5, 7, 11, 13, 17, 19]"
8000/243,32.92181070,8000,243,"[2, 3, 5]","[6, -5, 3, 0, 0, 0, 0, 0]","[2, 3, 5, 7, 11, 13, 17, 19]"
8005/243,32.94238683,8005,243,"[3, 5, 1601]","[0, -5, 1, 0, 0, 0, 0, 0]","[2, 3, 5, 7, 11, 13, 17, 19]"
8009/243,32.95884774,8009,243,"[3, 8009]","[0, -5, 0, 0, 0, 0, 0, 0]","[2, 3, 5, 7, 11, 13, 17, 19]"
8015/243,32.98353909,8015,243,"[3, 5, 7, 229]","[0, -5, 1, 1, 0, 0, 0, 0]","[2, 3, 5, 7, 11, 13, 17, 19]"
8021/243,33.00823045,8021,243,"[3, 13, 617]","[0, -5, 0, 0, 0, 1, 0, 0]","[2, 3, 5, 7, 11, 13, 17, 19]"
8023/243,33.01646091,8023,243,"[3, 71, 113]","[0, -5, 0, 0, 0, 0, 0, 0]","[2, 3, 5, 7, 11, 13, 17, 19]"
8036/243,33.06995885,8036,243,"[2, 3, 7, 41]","[2, -5, 0, 2, 0, 0, 0, 0]","[2, 3, 5, 7, 11, 13, 17, 19]"
8039/243,33.08230453,8039,243,"[3, 8039]","[0, -5, 0, 0, 0, 0, 0, 0]","[2, 3, 5, 7, 11, 13, 17, 19]"
8048/243,33.11934156,8048,243,"[2, 3, 503]","[4, -5, 0, 0, 0, 0, 0, 0]","[2, 3, 5, 7, 11, 13, 17, 19]"
8050/243,33.12757202,8050,243,"[2, 3, 5, 7, 23]","[1, -5, 2, 1, 0, 0, 0, 0]","[2, 3, 5, 7, 11, 13, 17, 19]"
8051/243,33.13168724,8051,243,"[3, 83, 97]","[0, -5, 0, 0, 0, 0, 0, 0]","[2, 3, 5, 7, 11, 13, 17, 19]"
8059/243,33.16460905,8059,243,"[3, 8059]","[0, -5, 0, 0, 0, 0, 0, 0]","[2, 3, 5, 7, 11, 13, 17, 19]"
8060/243,33.16872428,8060,243,"[2, 3, 5, 13, 31]","[2, -5, 1, 0, 0, 1, 0, 0]","[2, 3, 5, 7, 11, 13, 17, 19]"
8066/243,33.19341564,8066,243,"[2, 3, 37, 109]","[1, -5, 0, 0, 0, 0, 0, 0]","[2, 3, 5, 7, 11, 13, 17, 19]"
8069/243,33.20576132,8069,243,"[3, 8069]","[0, -5, 0, 0, 0, 0, 0, 0]","[2, 3, 5, 7, 11, 13, 17, 19]"
8078/243,33.24279835,8078,243,"[2, 3, 7, 577]","[1, -5, 0, 1, 0, 0, 0, 0]","[2, 3, 5, 7, 11, 13, 17, 19]"
8086/243,33.27572016,8086,243,"[2, 3, 13, 311]","[1, -5, 0, 0, 0, 1, 0, 0]","[2, 3, 5, 7, 11, 13, 17, 19]"
8090/243,33.29218107,8090,243,"[2, 3, 5, 809]","[1, -5, 1, 0, 0, 0, 0, 0]","[2, 3, 5, 7, 11, 13, 17, 19]"
8093/243,33.30452675,8093,243,"[3, 8093]","[0, -5, 0, 0, 0, 0, 0, 0]","[2, 3, 5, 7, 11, 13, 17, 19]"
8096/243,33.31687243,8096,243,"[2, 3, 11, 23]","[5, -5, 0, 0, 1, 0, 0, 0]","[2, 3, 5, 7, 11, 13, 17, 19]"
8104/243,33.34979424,8104,243,"[2, 3, 1013]","[3, -5, 0, 0, 0, 0, 0, 0]","[2, 3, 5, 7, 11, 13, 17, 19]"
8123/243,33.42798354,8123,243,"[3, 8123]","[0, -5, 0, 0, 0, 0, 0, 0]","[2, 3, 5, 7, 11, 13, 17, 19]"
8125/243,33.43621399,8125,243,"[3, 5, 13]","[0, -5, 4, 0, 0, 1, 0, 0]","[2, 3, 5, 7, 11, 13, 17, 19]"
8129/243,33.45267490,8129,243,"[3, 11, 739]","[0, -5, 0, 0, 1, 0, 0, 0]","[2, 3, 5, 7, 11, 13, 17, 19]"
8140/243,33.49794239,8140,243,"[2, 3, 5, 11, 37]","[2, -5, 1, 0, 1, 0, 0, 0]","[2, 3, 5, 7, 11, 13, 17, 19]"
8141/243,33.50205761,8141,243,"[3, 7, 1163]","[0, -5, 0, 1, 0, 0, 0, 0]","[2, 3, 5, 7, 11, 13, 17, 19]"
8150/243,33.53909465,8150,243,"[2, 3, 5, 163]","[1, -5, 2, 0, 0, 0, 0, 0]","[2, 3, 5, 7, 11, 13, 17, 19]"
8159/243,33.57613169,8159,243,"[3, 41, 199]","[0, -5, 0, 0, 0, 0, 0, 0]","[2, 3, 5, 7, 11, 13, 17, 19]"
8168/243,33.61316872,8168,243,"[2, 3, 1021]","[3, -5, 0, 0, 0, 0, 0, 0]","[2, 3, 5, 7, 11, 13, 17, 19]"
8171/243,33.62551440,8171,243,"[3, 8171]","[0, -5, 0, 0, 0, 0, 0, 0]","[2, 3, 5, 7, 11, 13, 17, 19]"
8183/243,33.67489712,8183,243,"[3, 7, 167]","[0, -5, 0, 2, 0, 0, 0, 0]","[2, 3, 5, 7, 11, 13, 17, 19]"
8185/243,33.68312757,8185,243,"[3, 5, 1637]","[0, -5, 1, 0, 0, 0, 0, 0]","[2, 3, 5, 7, 11, 13, 17, 19]"
8194/243,33.72016461,8194,243,"[2, 3, 17, 241]","[1, -5, 0, 0, 0, 0, 1, 0]","[2, 3, 5, 7, 11, 13, 17, 19]"
8198/243,33.73662551,8198,243,"[2, 3, 4099]","[1, -5, 0, 0, 0, 0, 0, 0]","[2, 3, 5, 7, 11, 13, 17, 19]"
8201/243,33.74897119,8201,243,"[3, 59, 139]","[0, -5, 0, 0, 0, 0, 0, 0]","[2, 3, 5, 7, 11, 13, 17, 19]"
8204/243,33.76131687,8204,243,"[2, 3, 7, 293]","[2, -5, 0, 1, 0, 0, 0, 0]","[2, 3, 5, 7, 11, 13, 17, 19]"
8210/243,33.78600823,8210,243,"[2, 3, 5, 821]","[1, -5, 1, 0, 0, 0, 0, 0]","[2, 3, 5, 7, 11, 13, 17, 19]"
8219/243,33.82304527,8219,243,"[3, 8219]","[0, -5, 0, 0, 0, 0, 0, 0]","[2, 3, 5, 7, 11, 13, 17, 19]"
8221/243,33.83127572,8221,243,"[3, 8221]","[0, -5, 0, 0, 0, 0, 0, 0]","[2, 3, 5, 7, 11, 13, 17, 19]"
8225/243,33.84773663,8225,243,"[3, 5, 7, 47]","[0, -5, 2, 1, 0, 0, 0, 0]","[2, 3, 5, 7, 11, 13, 17, 19]"
8228/243,33.86008230,8228,243,"[2, 3, 11, 17]","[2, -5, 0, 0, 2, 0, 1, 0]","[2, 3, 5, 7, 11, 13, 17, 19]"
8240/243,33.90946502,8240,243,"[2, 3, 5, 103]","[4, -5, 1, 0, 0, 0, 0, 0]","[2, 3, 5, 7, 11, 13, 17, 19]"
8243/243,33.92181070,8243,243,"[3, 8243]","[0, -5, 0, 0, 0, 0, 0, 0]","[2, 3, 5, 7, 11, 13, 17, 19]"
8248/243,33.94238683,8248,243,"[2, 3, 1031]","[3, -5, 0, 0, 0, 0, 0, 0]","[2, 3, 5, 7, 11, 13, 17, 19]"
8255/243,33.97119342,8255,243,"[3, 5, 13, 127]","[0, -5, 1, 0, 0, 1, 0, 0]","[2, 3, 5, 7, 11, 13, 17, 19]"
8258/243,33.98353909,8258,243,"[2, 3, 4129]","[1, -5, 0, 0, 0, 0, 0, 0]","[2, 3, 5, 7, 11, 13, 17, 19]"
8264/243,34.00823045,8264,243,"[2, 3, 1033]","[3, -5, 0, 0, 0, 0, 0, 0]","[2, 3, 5, 7, 11, 13, 17, 19]"
8266/243,34.01646091,8266,243,"[2, 3, 4133]","[1, -5, 0, 0, 0, 0, 0, 0]","[2, 3, 5, 7, 11, 13, 17, 19]"
8275/243,34.05349794,8275,243,"[3, 5, 331]","[0, -5, 2, 0, 0, 0, 0, 0]","[2, 3, 5, 7, 11, 13, 17, 19]"
8279/243,34.06995885,8279,243,"[3, 17, 487]","[0, -5, 0, 0, 0, 0, 1, 0]","[2, 3, 5, 7, 11, 13, 17, 19]"
8285/243,34.09465021,8285,243,"[3, 5, 1657]","[0, -5, 1, 0, 0, 0, 0, 0]","[2, 3, 5, 7, 11, 13, 17, 19]"
8291/243,34.11934156,8291,243,"[3, 8291]","[0, -5, 0, 0, 0, 0, 0, 0]","[2, 3, 5, 7, 11, 13, 17, 19]"
8293/243,34.12757202,8293,243,"[3, 8293]","[0, -5, 0, 0, 0, 0, 0, 0]","[2, 3, 5, 7, 11, 13, 17, 19]"
8294/243,34.13168724,8294,243,"[2, 3, 11, 13, 29]","[1, -5, 0, 0, 1, 1, 0, 0]","[2, 3, 5, 7, 11, 13, 17, 19]"
8303/243,34.16872428,8303,243,"[3, 19, 23]","[0, -5, 0, 0, 0, 0, 0, 2]","[2, 3, 5, 7, 11, 13, 17, 19]"
8309/243,34.19341564,8309,243,"[3, 7, 1187]","[0, -5, 0, 1, 0, 0, 0, 0]","[2, 3, 5, 7, 11, 13, 17, 19]"
8321/243,34.24279835,8321,243,"[3, 53, 157]","[0, -5, 0, 0, 0, 0, 0, 0]","[2, 3, 5, 7, 11, 13, 17, 19]"
8329/243,34.27572016,8329,243,"[3, 8329]","[0, -5, 0, 0, 0, 0, 0, 0]","[2, 3, 5, 7, 11, 13, 17, 19]"
8330/243,34.27983539,8330,243,"[2, 3, 5, 7, 17]","[1, -5, 1, 2, 0, 0, 1, 0]","[2, 3, 5, 7, 11, 13, 17, 19]"
8333/243,34.29218107,8333,243,"[3, 13, 641]","[0, -5, 0, 0, 0, 1, 0, 0]","[2, 3, 5, 7, 11, 13, 17, 19]"
8336/243,34.30452675,8336,243,"[2, 3, 521]","[4, -5, 0, 0, 0, 0, 0, 0]","[2, 3, 5, 7, 11, 13, 17, 19]"
8339/243,34.31687243,8339,243,"[3, 31, 269]","[0, -5, 0, 0, 0, 0, 0, 0]","[2, 3, 5, 7, 11, 13, 17, 19]"
8360/243,34.40329218,8360,243,"[2, 3, 5, 11, 19]","[3, -5, 1, 0, 1, 0, 0, 1]","[2, 3, 5, 7, 11, 13, 17, 19]"
8366/243,34.42798354,8366,243,"[2, 3, 47, 89]","[1, -5, 0, 0, 0, 0, 0, 0]","[2, 3, 5, 7, 11, 13, 17, 19]"
8368/243,34.43621399,8368,243,"[2, 3, 523]","[4, -5, 0, 0, 0, 0, 0, 0]","[2, 3, 5, 7, 11, 13, 17, 19]"
8375/243,34.46502058,8375,243,"[3, 5, 67]","[0, -5, 3, 0, 0, 0, 0, 0]","[2, 3, 5, 7, 11, 13, 17, 19]"
8383/243,34.49794239,8383,243,"[3, 83, 101]","[0, -5, 0, 0, 0, 0, 0, 0]","[2, 3, 5, 7, 11, 13, 17, 19]"
8384/243,34.50205761,8384,243,"[2, 3, 131]","[6, -5, 0, 0, 0, 0, 0, 0]","[2, 3, 5, 7, 11, 13, 17, 19]"
8390/243,34.52674897,8390,243,"[2, 3, 5, 839]","[1, -5, 1, 0, 0, 0, 0, 0]","[2, 3, 5, 7, 11, 13, 17, 19]"
8393/243,34.53909465,8393,243,"[3, 7, 11, 109]","[0, -5, 0, 1, 1, 0, 0, 0]","[2, 3, 5, 7, 11, 13, 17, 19]"
8405/243,34.58847737,8405,243,"[3, 5, 41]","[0, -5, 1, 0, 0, 0, 0, 0]","[2, 3, 5, 7, 11, 13, 17, 19]"
8410/243,34.60905350,8410,243,"[2, 3, 5, 29]","[1, -5, 1, 0, 0, 0, 0, 0]","[2, 3, 5, 7, 11, 13, 17, 19]"
8411/243,34.61316872,8411,243,"[3, 13, 647]","[0, -5, 0, 0, 0, 1, 0, 0]","[2, 3, 5, 7, 11, 13, 17, 19]"
8414/243,34.62551440,8414,243,"[2, 3, 7, 601]","[1, -5, 0, 1, 0, 0, 0, 0]","[2, 3, 5, 7, 11, 13, 17, 19]"
8426/243,34.67489712,8426,243,"[2, 3, 11, 383]","[1, -5, 0, 0, 1, 0, 0, 0]","[2, 3, 5, 7, 11, 13, 17, 19]"
8428/243,34.68312757,8428,243,"[2, 3, 7, 43]","[2, -5, 0, 2, 0, 0, 0, 0]","[2, 3, 5, 7, 11, 13, 17, 19]"
8441/243,34.73662551,8441,243,"[3, 23, 367]","[0, -5, 0, 0, 0, 0, 0, 0]","[2, 3, 5, 7, 11, 13, 17, 19]"
8444/243,34.74897119,8444,243,"[2, 3, 2111]","[2, -5, 0, 0, 0, 0, 0, 0]","[2, 3, 5, 7, 11, 13, 17, 19]"
8453/243,34.78600823,8453,243,"[3, 79, 107]","[0, -5, 0, 0, 0, 0, 0, 0]","[2, 3, 5, 7, 11, 13, 17, 19]"
8455/243,34.79423868,8455,243,"[3, 5, 19, 89]","[0, -5, 1, 0, 0, 0, 0, 1]","[2, 3, 5, 7, 11, 13, 17, 19]"
8464/243,34.83127572,8464,243,"[2, 3, 23]","[4, -5, 0, 0, 0, 0, 0, 0]","[2, 3, 5, 7, 11, 13, 17, 19]"
8465/243,34.83539095,8465,243,"[3, 5, 1693]","[0, -5, 1, 0, 0, 0, 0, 0]","[2, 3, 5, 7, 11, 13, 17, 19]"
8468/243,34.84773663,8468,243,"[2, 3, 29, 73]","[2, -5, 0, 0, 0, 0, 0, 0]","[2, 3, 5, 7, 11, 13, 17, 19]"
8471/243,34.86008230,8471,243,"[3, 43, 197]","[0, -5, 0, 0, 0, 0, 0, 0]","[2, 3, 5, 7, 11, 13, 17, 19]"
8483/243,34.90946502,8483,243,"[3, 17, 499]","[0, -5, 0, 0, 0, 0, 1, 0]","[2, 3, 5, 7, 11, 13, 17, 19]"
8486/243,34.92181070,8486,243,"[2, 3, 4243]","[1, -5, 0, 0, 0, 0, 0, 0]","[2, 3, 5, 7, 11, 13, 17, 19]"
8491/243,34.94238683,8491,243,"[3, 7, 1213]","[0, -5, 0, 1, 0, 0, 0, 0]","[2, 3, 5, 7, 11, 13, 17, 19]"
8498/243,34.97119342,8498,243,"[2, 3, 7, 607]","[1, -5, 0, 1, 0, 0, 0, 0]","[2, 3, 5, 7, 11, 13, 17, 19]"
8500/243,34.97942387,8500,243,"[2, 3, 5, 17]","[2, -5, 3, 0, 0, 0, 1, 0]","[2, 3, 5, 7, 11, 13, 17, 19]"
8501/243,34.98353909,8501,243,"[3, 8501]","[0, -5, 0, 0, 0, 0, 0, 0]","[2, 3, 5, 7, 11, 13, 17, 19]"
8509/243,35.01646091,8509,243,"[3, 67, 127]","[0, -5, 0, 0, 0, 0, 0, 0]","[2, 3, 5, 7, 11, 13, 17, 19]"
8518/243,35.05349794,8518,243,"[2, 3, 4259]","[1, -5, 0, 0, 0, 0, 0, 0]","[2, 3, 5, 7, 11, 13, 17, 19]"
8525/243,35.08230453,8525,243,"[3, 5, 11, 31]","[0, -5, 2, 0, 1, 0, 0, 0]","[2, 3, 5, 7, 11, 13, 17, 19]"
8528/243,35.09465021,8528,243,"[2, 3, 13, 41]","[4, -5, 0, 0, 0, 1, 0, 0]","[2, 3, 5, 7, 11, 13, 17, 19]"
8530/243,35.10288066,8530,243,"[2, 3, 5, 853]","[1, -5, 1, 0, 0, 0, 0, 0]","[2, 3, 5, 7, 11, 13, 17, 19]"
8534/243,35.11934156,8534,243,"[2, 3, 17, 251]","[1, -5, 0, 0, 0, 0, 1, 0]","[2, 3, 5, 7, 11, 13, 17, 19]"
8536/243,35.12757202,8536,243,"[2, 3, 11, 97]","[3, -5, 0, 0, 1, 0, 0, 0]","[2, 3, 5, 7, 11, 13, 17, 19]"
8546/243,35.16872428,8546,243,"[2, 3, 4273]","[1, -5, 0, 0, 0, 0, 0, 0]","[2, 3, 5, 7, 11, 13, 17, 19]"
8555/243,35.20576132,8555,243,"[3, 5, 29, 59]","[0, -5, 1, 0, 0, 0, 0, 0]","[2, 3, 5, 7, 11, 13, 17, 19]"
8564/243,35.24279835,8564,243,"[2, 3, 2141]","[2, -5, 0, 0, 0, 0, 0, 0]","[2, 3, 5, 7, 11, 13, 17, 19]"
8573/243,35.27983539,8573,243,"[3, 8573]","[0, -5, 0, 0, 0, 0, 0, 0]","[2, 3, 5, 7, 11, 13, 17, 19]"
8576/243,35.29218107,8576,243,"[2, 3, 67]","[7, -5, 0, 0, 0, 0, 0, 0]","[2, 3, 5, 7, 11, 13, 17, 19]"
8579/243,35.30452675,8579,243,"[3, 23, 373]","[0, -5, 0, 0, 0, 0, 0, 0]","[2, 3, 5, 7, 11, 13, 17, 19]"
8590/243,35.34979424,8590,243,"[2, 3, 5, 859]","[1, -5, 1, 0, 0, 0, 0, 0]","[2, 3, 5, 7, 11, 13, 17, 19]"
8600/243,35.39094650,8600,243,"[2, 3, 5, 43]","[3, -5, 2, 0, 0, 0, 0, 0]","[2, 3, 5, 7, 11, 13, 17, 19]"
8603/243,35.40329218,8603,243,"[3, 7, 1229]","[0, -5, 0, 1, 0, 0, 0, 0]","[2, 3, 5, 7, 11, 13, 17, 19]"
8609/243,35.42798354,8609,243,"[3, 8609]","[0, -5, 0, 0, 0, 0, 0, 0]","[2, 3, 5, 7, 11, 13, 17, 19]"
8611/243,35.43621399,8611,243,"[3, 79, 109]","[0, -5, 0, 0, 0, 0, 0, 0]","[2, 3, 5, 7, 11, 13, 17, 19]"
8615/243,35.45267490,8615,243,"[3, 5, 1723]","[0, -5, 1, 0, 0, 0, 0, 0]","[2, 3, 5, 7, 11, 13, 17, 19]"
8618/243,35.46502058,8618,243,"[2, 3, 31, 139]","[1, -5, 0, 0, 0, 0, 0, 0]","[2, 3, 5, 7, 11, 13, 17, 19]"
8626/243,35.49794239,8626,243,"[2, 3, 19, 227]","[1, -5, 0, 0, 0, 0, 0, 1]","[2, 3, 5, 7, 11, 13, 17, 19]"
8630/243,35.51440329,8630,243,"[2, 3, 5, 863]","[1, -5, 1, 0, 0, 0, 0, 0]","[2, 3, 5, 7, 11, 13, 17, 19]"
8633/243,35.52674897,8633,243,"[3, 89, 97]","[0, -5, 0, 0, 0, 0, 0, 0]","[2, 3, 5, 7, 11, 13, 17, 19]"
8636/243,35.53909465,8636,243,"[2, 3, 17, 127]","[2, -5, 0, 0, 0, 0, 1, 0]","[2, 3, 5, 7, 11, 13, 17, 19]"
8648/243,35.58847737,8648,243,"[2, 3, 23, 47]","[3, -5, 0, 0, 0, 0, 0, 0]","[2, 3, 5, 7, 11, 13, 17, 19]"
8653/243,35.60905350,8653,243,"[3, 17, 509]","[0, -5, 0, 0, 0, 0, 1, 0]","[2, 3, 5, 7, 11, 13, 17, 19]"
8654/243,35.61316872,8654,243,"[2, 3, 4327]","[1, -5, 0, 0, 0, 0, 0, 0]","[2, 3, 5, 7, 11, 13, 17, 19]"
8660/243,35.63786008,8660,243,"[2, 3, 5, 433]","[2, -5, 1, 0, 0, 0, 0, 0]","[2, 3, 5, 7, 11, 13, 17, 19]"
8669/243,35.67489712,8669,243,"[3, 8669]","[0, -5, 0, 0, 0, 0, 0, 0]","[2, 3, 5, 7, 11, 13, 17, 19]"
8671/243,35.68312757,8671,243,"[3, 13, 23, 29]","[0, -5, 0, 0, 0, 1, 0, 0]","[2, 3, 5, 7, 11, 13, 17, 19]"
8675/243,35.69958848,8675,243,"[3, 5, 347]","[0, -5, 2, 0, 0, 0, 0, 0]","[2, 3, 5, 7, 11, 13, 17, 19]"
8680/243,35.72016461,8680,243,"[2, 3, 5, 7, 31]","[3, -5, 1, 1, 0, 0, 0, 0]","[2, 3, 5, 7, 11, 13, 17, 19]"
8684/243,35.73662551,8684,243,"[2, 3, 13, 167]","[2, -5, 0, 0, 0, 1, 0, 0]","[2, 3, 5, 7, 11, 13, 17, 19]"
8690/243,35.76131687,8690,243,"[2, 3, 5, 11, 79]","[1, -5, 1, 0, 1, 0, 0, 0]","[2, 3, 5, 7, 11, 13, 17, 19]"
8696/243,35.78600823,8696,243,"[2, 3, 1087]","[3, -5, 0, 0, 0, 0, 0, 0]","[2, 3, 5, 7, 11, 13, 17, 19]"
8698/243,35.79423868,8698,243,"[2, 3, 4349]","[1, -5, 0, 0, 0, 0, 0, 0]","[2, 3, 5, 7, 11, 13, 17, 19]"
8708/243,35.83539095,8708,243,"[2, 3, 7, 311]","[2, -5, 0, 1, 0, 0, 0, 0]","[2, 3, 5, 7, 11, 13, 17, 19]"
8711/243,35.84773663,8711,243,"[3, 31, 281]","[0, -5, 0, 0, 0, 0, 0, 0]","[2, 3, 5, 7, 11, 13, 17, 19]"
8714/243,35.86008230,8714,243,"[2, 3, 4357]","[1, -5, 0, 0, 0, 0, 0, 0]","[2, 3, 5, 7, 11, 13, 17, 19]"
8725/243,35.90534979,8725,243,"[3, 5, 349]","[0, -5, 2, 0, 0, 0, 0, 0]","[2, 3, 5, 7, 11, 13, 17, 19]"
8726/243,35.90946502,8726,243,"[2, 3, 4363]","[1, -5, 0, 0, 0, 0, 0, 0]","[2, 3, 5, 7, 11, 13, 17, 19]"
8729/243,35.92181070,8729,243,"[3, 7, 29, 43]","[0, -5, 0, 1, 0, 0, 0, 0]","[2, 3, 5, 7, 11, 13, 17, 19]"
8734/243,35.94238683,8734,243,"[2, 3, 11, 397]","[1, -5, 0, 0, 1, 0, 0, 0]","[2, 3, 5, 7, 11, 13, 17, 19]"
8735/243,35.94650206,8735,243,"[3, 5, 1747]","[0, -5, 1, 0, 0, 0, 0, 0]","[2, 3, 5, 7, 11, 13, 17, 19]"
8741/243,35.97119342,8741,243,"[3, 8741]","[0, -5, 0, 0, 0, 0, 0, 0]","[2, 3, 5, 7, 11, 13, 17, 19]"
8743/243,35.97942387,8743,243,"[3, 7, 1249]","[0, -5, 0, 1, 0, 0, 0, 0]","[2, 3, 5, 7, 11, 13, 17, 19]"
8744/243,35.98353909,8744,243,"[2, 3, 1093]","[3, -5, 0, 0, 0, 0, 0, 0]","[2, 3, 5, 7, 11, 13, 17, 19]"
8750/243,36.00823045,8750,243,"[2, 3, 5, 7]","[1, -5, 4, 1, 0, 0, 0, 0]","[2, 3, 5, 7, 11, 13, 17, 19]"
8761/243,36.05349794,8761,243,"[3, 8761]","[0, -5, 0, 0, 0, 0, 0, 0]","[2, 3, 5, 7, 11, 13, 17, 19]"
8765/243,36.06995885,8765,243,"[3, 5, 1753]","[0, -5, 1, 0, 0, 0, 0, 0]","[2, 3, 5, 7, 11, 13, 17, 19]"
8768/243,36.08230453,8768,243,"[2, 3, 137]","[6, -5, 0, 0, 0, 0, 0, 0]","[2, 3, 5, 7, 11, 13, 17, 19]"
8771/243,36.09465021,8771,243,"[3, 7, 179]","[0, -5, 0, 2, 0, 0, 0, 0]","[2, 3, 5, 7, 11, 13, 17, 19]"
8773/243,36.10288066,8773,243,"[3, 31, 283]","[0, -5, 0, 0, 0, 0, 0, 0]","[2, 3, 5, 7, 11, 13, 17, 19]"
8779/243,36.12757202,8779,243,"[3, 8779]","[0, -5, 0, 0, 0, 0, 0, 0]","[2, 3, 5, 7, 11, 13, 17, 19]"
8780/243,36.13168724,8780,243,"[2, 3, 5, 439]","[2, -5, 1, 0, 0, 0, 0, 0]","[2, 3, 5, 7, 11, 13, 17, 19]"
8789/243,36.16872428,8789,243,"[3, 11, 17, 47]","[0, -5, 0, 0, 1, 0, 1, 0]","[2, 3, 5, 7, 11, 13, 17, 19]"
8798/243,36.20576132,8798,243,"[2, 3, 53, 83]","[1, -5, 0, 0, 0, 0, 0, 0]","[2, 3, 5, 7, 11, 13, 17, 19]"
8800/243,36.21399177,8800,243,"[2, 3, 5, 11]","[5, -5, 2, 0, 1, 0, 0, 0]","[2, 3, 5, 7, 11, 13, 17, 19]"
8810/243,36.25514403,8810,243,"[2, 3, 5, 881]","[1, -5, 1, 0, 0, 0, 0, 0]","[2, 3, 5, 7, 11, 13, 17, 19]"
8815/243,36.27572016,8815,243,"[3, 5, 41, 43]","[0, -5, 1, 0, 0, 0, 0, 0]","[2, 3, 5, 7, 11, 13, 17, 19]"
8816/243,36.27983539,8816,243,"[2, 3, 19, 29]","[4, -5, 0, 0, 0, 0, 0, 1]","[2, 3, 5, 7, 11, 13, 17, 19]"
8819/243,36.29218107,8819,243,"[3, 8819]","[0, -5, 0, 0, 0, 0, 0, 0]","[2, 3, 5, 7, 11, 13, 17, 19]"
8833/243,36.34979424,8833,243,"[3, 11, 73]","[0, -5, 0, 0, 2, 0, 0, 0]","[2, 3, 5, 7, 11, 13, 17, 19]"
8843/243,36.39094650,8843,243,"[3, 37, 239]","[0, -5, 0, 0, 0, 0, 0, 0]","[2, 3, 5, 7, 11, 13, 17, 19]"
8846/243,36.40329218,8846,243,"[2, 3, 4423]","[1, -5, 0, 0, 0, 0, 0, 0]","[2, 3, 5, 7, 11, 13, 17, 19]"
8854/243,36.43621399,8854,243,"[2, 3, 19, 233]","[1, -5, 0, 0, 0, 0, 0, 1]","[2, 3, 5, 7, 11, 13, 17, 19]"
8858/243,36.45267490,8858,243,"[2, 3, 43, 103]","[1, -5, 0, 0, 0, 0, 0, 0]","[2, 3, 5, 7, 11, 13, 17, 19]"
8860/243,36.46090535,8860,243,"[2, 3, 5, 443]","[2, -5, 1, 0, 0, 0, 0, 0]","[2, 3, 5, 7, 11, 13, 17, 19]"
8861/243,36.46502058,8861,243,"[3, 8861]","[0, -5, 0, 0, 0, 0, 0, 0]","[2, 3, 5, 7, 11, 13, 17, 19]"
8869/243,36.49794239,8869,243,"[3, 7, 181]","[0, -5, 0, 2, 0, 0, 0, 0]","[2, 3, 5, 7, 11, 13, 17, 19]"
8873/243,36.51440329,8873,243,"[3, 19, 467]","[0, -5, 0, 0, 0, 0, 0, 1]","[2, 3, 5, 7, 11, 13, 17, 19]"
8876/243,36.52674897,8876,243,"[2, 3, 7, 317]","[2, -5, 0, 1, 0, 0, 0, 0]","[2, 3, 5, 7, 11, 13, 17, 19]"
8879/243,36.53909465,8879,243,"[3, 13, 683]","[0, -5, 0, 0, 0, 1, 0, 0]","[2, 3, 5, 7, 11, 13, 17, 19]"
8891/243,36.58847737,8891,243,"[3, 17, 523]","[0, -5, 0, 0, 0, 0, 1, 0]","[2, 3, 5, 7, 11, 13, 17, 19]"
8896/243,36.60905350,8896,243,"[2, 3, 139]","[6, -5, 0, 0, 0, 0, 0, 0]","[2, 3, 5, 7, 11, 13, 17, 19]"
8900/243,36.62551440,8900,243,"[2, 3, 5, 89]","[2, -5, 2, 0, 0, 0, 0, 0]","[2, 3, 5, 7, 11, 13, 17, 19]"
8903/243,36.63786008,8903,243,"[3, 29, 307]","[0, -5, 0, 0, 0, 0, 0, 0]","[2, 3, 5, 7, 11, 13, 17, 19]"
8905/243,36.64609053,8905,243,"[3, 5, 13, 137]","[0, -5, 1, 0, 0, 1, 0, 0]","[2, 3, 5, 7, 11, 13, 17, 19]"
8914/243,36.68312757,8914,243,"[2, 3, 4457]","[1, -5, 0, 0, 0, 0, 0, 0]","[2, 3, 5, 7, 11, 13, 17, 19]"
8918/243,36.69958848,8918,243,"[2, 3, 7, 13]","[1, -5, 0, 3, 0, 1, 0, 0]","[2, 3, 5, 7, 11, 13, 17, 19]"
8923/243,36.72016461,8923,243,"[3, 8923]","[0, -5, 0, 0, 0, 0, 0, 0]","[2, 3, 5, 7, 11, 13, 17, 19]"
8930/243,36.74897119,8930,243,"[2, 3, 5, 19, 47]","[1, -5, 1, 0, 0, 0, 0, 1]","[2, 3, 5, 7, 11, 13, 17, 19]"
8933/243,36.76131687,8933,243,"[3, 8933]","[0, -5, 0, 0, 0, 0, 0, 0]","[2, 3, 5, 7, 11, 13, 17, 19]"
8935/243,36.76954733,8935,243,"[3, 5, 1787]","[0, -5, 1, 0, 0, 0, 0, 0]","[2, 3, 5, 7, 11, 13, 17, 19]"
8939/243,36.78600823,8939,243,"[3, 7, 1277]","[0, -5, 0, 1, 0, 0, 0, 0]","[2, 3, 5, 7, 11, 13, 17, 19]"
8941/243,36.79423868,8941,243,"[3, 8941]","[0, -5, 0, 0, 0, 0, 0, 0]","[2, 3, 5, 7, 11, 13, 17, 19]"
8951/243,36.83539095,8951,243,"[3, 8951]","[0, -5, 0, 0, 0, 0, 0, 0]","[2, 3, 5, 7, 11, 13, 17, 19]"
8954/243,36.84773663,8954,243,"[2, 3, 11, 37]","[1, -5, 0, 0, 2, 0, 0, 0]","[2, 3, 5, 7, 11, 13, 17, 19]"
8960/243,36.87242798,8960,243,"[2, 3, 5, 7]","[8, -5, 1, 1, 0, 0, 0, 0]","[2, 3, 5, 7, 11, 13, 17, 19]"
8968/243,36.90534979,8968,243,"[2, 3, 19, 59]","[3, -5, 0, 0, 0, 0, 0, 1]","[2, 3, 5, 7, 11, 13, 17, 19]"
8969/243,36.90946502,8969,243,"[3, 8969]","[0, -5, 0, 0, 0, 0, 0, 0]","[2, 3, 5, 7, 11, 13, 17, 19]"
8978/243,36.94650206,8978,243,"[2, 3, 67]","[1, -5, 0, 0, 0, 0, 0, 0]","[2, 3, 5, 7, 11, 13, 17, 19]"
8984/243,36.97119342,8984,243,"[2, 3, 1123]","[3, -5, 0, 0, 0, 0, 0, 0]","[2, 3, 5, 7, 11, 13, 17, 19]"
8986/243,36.97942387,8986,243,"[2, 3, 4493]","[1, -5, 0, 0, 0, 0, 0, 0]","[2, 3, 5, 7, 11, 13, 17, 19]"
8993/243,37.00823045,8993,243,"[3, 17, 23]","[0, -5, 0, 0, 0, 0, 1, 0]","[2, 3, 5, 7, 11, 13, 17, 19]"
9004/243,37.05349794,9004,243,"[2, 3, 2251]","[2, -5, 0, 0, 0, 0, 0, 0]","[2, 3, 5, 7, 11, 13, 17, 19]"
9005/243,37.05761317,9005,243,"[3, 5, 1801]","[0, -5, 1, 0, 0, 0, 0, 0]","[2, 3, 5, 7, 11, 13, 17, 19]"
9008/243,37.06995885,9008,243,"[2, 3, 563]","[4, -5, 0, 0, 0, 0, 0, 0]","[2, 3, 5, 7, 11, 13, 17, 19]"
9011/243,37.08230453,9011,243,"[3, 9011]","[0, -5, 0, 0, 0, 0, 0, 0]","[2, 3, 5, 7, 11, 13, 17, 19]"
9014/243,37.09465021,9014,243,"[2, 3, 4507]","[1, -5, 0, 0, 0, 0, 0, 0]","[2, 3, 5, 7, 11, 13, 17, 19]"
9016/243,37.10288066,9016,243,"[2, 3, 7, 23]","[3, -5, 0, 2, 0, 0, 0, 0]","[2, 3, 5, 7, 11, 13, 17, 19]"
9023/243,37.13168724,9023,243,"[3, 7, 1289]","[0, -5, 0, 1, 0, 0, 0, 0]","[2, 3, 5, 7, 11, 13, 17, 19]"
9035/243,37.18106996,9035,243,"[3, 5, 13, 139]","[0, -5, 1, 0, 0, 1, 0, 0]","[2, 3, 5, 7, 11, 13, 17, 19]"
9041/243,37.20576132,9041,243,"[3, 9041]","[0, -5, 0, 0, 0, 0, 0, 0]","[2, 3, 5, 7, 11, 13, 17, 19]"
9043/243,37.21399177,9043,243,"[3, 9043]","[0, -5, 0, 0, 0, 0, 0, 0]","[2, 3, 5, 7, 11, 13, 17, 19]"
9050/243,37.24279835,9050,243,"[2, 3, 5, 181]","[1, -5, 2, 0, 0, 0, 0, 0]","[2, 3, 5, 7, 11, 13, 17, 19]"
9053/243,37.25514403,9053,243,"[3, 11, 823]","[0, -5, 0, 0, 1, 0, 0, 0]","[2, 3, 5, 7, 11, 13, 17, 19]"
9058/243,37.27572016,9058,243,"[2, 3, 7, 647]","[1, -5, 0, 1, 0, 0, 0, 0]","[2, 3, 5, 7, 11, 13, 17, 19]"
9059/243,37.27983539,9059,243,"[3, 9059]","[0, -5, 0, 0, 0, 0, 0, 0]","[2, 3, 5, 7, 11, 13, 17, 19]"
9065/243,37.30452675,9065,243,"[3, 5, 7, 37]","[0, -5, 1, 2, 0, 0, 0, 0]","[2, 3, 5, 7, 11, 13, 17, 19]"
9076/243,37.34979424,9076,243,"[2, 3, 2269]","[2, -5, 0, 0, 0, 0, 0, 0]","[2, 3, 5, 7, 11, 13, 17, 19]"
9080/243,37.36625514,9080,243,"[2, 3, 5, 227]","[3, -5, 1, 0, 0, 0, 0, 0]","[2, 3, 5, 7, 11, 13, 17, 19]"
9085/243,37.38683128,9085,243,"[3, 5, 23, 79]","[0, -5, 1, 0, 0, 0, 0, 0]","[2, 3, 5, 7, 11, 13, 17, 19]"
9086/243,37.39094650,9086,243,"[2, 3, 7, 11, 59]","[1, -5, 0, 1, 1, 0, 0, 0]","[2, 3, 5, 7, 11, 13, 17, 19]"
9089/243,37.40329218,9089,243,"[3, 61, 149]","[0, -5, 0, 0, 0, 0, 0, 0]","[2, 3, 5, 7, 11, 13, 17, 19]"
9101/243,37.45267490,9101,243,"[3, 19, 479]","[0, -5, 0, 0, 0, 0, 0, 1]","[2, 3, 5, 7, 11, 13, 17, 19]"
9103/243,37.46090535,9103,243,"[3, 9103]","[0, -5, 0, 0, 0, 0, 0, 0]","[2, 3, 5, 7, 11, 13, 17, 19]"
9104/243,37.46502058,9104,243,"[2, 3, 569]","[4, -5, 0, 0, 0, 0, 0, 0]","[2, 3, 5, 7, 11, 13, 17, 19]"
9116/243,37.51440329,9116,243,"[2, 3, 43, 53]","[2, -5, 0, 0, 0, 0, 0, 0]","[2, 3, 5, 7, 11, 13, 17, 19]"
9119/243,37.52674897,9119,243,"[3, 11, 829]","[0, -5, 0, 0, 1, 0, 0, 0]","[2, 3, 5, 7, 11, 13, 17, 19]"
9125/243,37.55144033,9125,243,"[3, 5, 73]","[0, -5, 3, 0, 0, 0, 0, 0]","[2, 3, 5, 7, 11, 13, 17, 19]"
9130/243,37.57201646,9130,243,"[2, 3, 5, 11, 83]","[1, -5, 1, 0, 1, 0, 0, 0]","[2, 3, 5, 7, 11, 13, 17, 19]"
9134/243,37.58847737,9134,243,"[2, 3, 4567]","[1, -5, 0, 0, 0, 0, 0, 0]","[2, 3, 5, 7, 11, 13, 17, 19]"
9139/243,37.60905350,9139,243,"[3, 13, 19, 37]","[0, -5, 0, 0, 0, 1, 0, 1]","[2, 3, 5, 7, 11, 13, 17, 19]"
9140/243,37.61316872,9140,243,"[2, 3, 5, 457]","[2, -5, 1, 0, 0, 0, 0, 0]","[2, 3, 5, 7, 11, 13, 17, 19]"
9143/243,37.62551440,9143,243,"[3, 41, 223]","[0, -5, 0, 0, 0, 0, 0, 0]","[2, 3, 5, 7, 11, 13, 17, 19]"
9146/243,37.63786008,9146,243,"[2, 3, 17, 269]","[1, -5, 0, 0, 0, 0, 1, 0]","[2, 3, 5, 7, 11, 13, 17, 19]"
9148/243,37.64609053,9148,243,"[2, 3, 2287]","[2, -5, 0, 0, 0, 0, 0, 0]","[2, 3, 5, 7, 11, 13, 17, 19]"
9155/243,37.67489712,9155,243,"[3, 5, 1831]","[0, -5, 1, 0, 0, 0, 0, 0]","[2, 3, 5, 7, 11, 13, 17, 19]"
9161/243,37.69958848,9161,243,"[3, 9161]","[0, -5, 0, 0, 0, 0, 0, 0]","[2, 3, 5, 7, 11, 13, 17, 19]"
9166/243,37.72016461,9166,243,"[2, 3, 4583]","[1, -5, 0, 0, 0, 0, 0, 0]","[2, 3, 5, 7, 11, 13, 17, 19]"
9173/243,37.74897119,9173,243,"[3, 9173]","[0, -5, 0, 0, 0, 0, 0, 0]","[2, 3, 5, 7, 11, 13, 17, 19]"
9175/243,37.75720165,9175,243,"[3, 5, 367]","[0, -5, 2, 0, 0, 0, 0, 0]","[2, 3, 5, 7, 11, 13, 17, 19]"
9176/243,37.76131687,9176,243,"[2, 3, 31, 37]","[3, -5, 0, 0, 0, 0, 0, 0]","[2, 3, 5, 7, 11, 13, 17, 19]"
9178/243,37.76954733,9178,243,"[2, 3, 13, 353]","[1, -5, 0, 0, 0, 1, 0, 0]","[2, 3, 5, 7, 11, 13, 17, 19]"
9184/243,37.79423868,9184,243,"[2, 3, 7, 41]","[5, -5, 0, 1, 0, 0, 0, 0]","[2, 3, 5, 7, 11, 13, 17, 19]"
9185/243,37.79835391,9185,243,"[3, 5, 11, 167]","[0, -5, 1, 0, 1, 0, 0, 0]","[2, 3, 5, 7, 11, 13, 17, 19]"
9194/243,37.83539095,9194,243,"[2, 3, 4597]","[1, -5, 0, 0, 0, 0, 0, 0]","[2, 3, 5, 7, 11, 13, 17, 19]"
9203/243,37.87242798,9203,243,"[3, 9203]","[0, -5, 0, 0, 0, 0, 0, 0]","[2, 3, 5, 7, 11, 13, 17, 19]"
9205/243,37.88065844,9205,243,"[3, 5, 7, 263]","[0, -5, 1, 1, 0, 0, 0, 0]","[2, 3, 5, 7, 11, 13, 17, 19]"
9211/243,37.90534979,9211,243,"[3, 61, 151]","[0, -5, 0, 0, 0, 0, 0, 0]","[2, 3, 5, 7, 11, 13, 17, 19]"
9215/243,37.92181070,9215,243,"[3, 5, 19, 97]","[0, -5, 1, 0, 0, 0, 0, 1]","[2, 3, 5, 7, 11, 13, 17, 19]"
9221/243,37.94650206,9221,243,"[3, 9221]","[0, -5, 0, 0, 0, 0, 0, 0]","[2, 3, 5, 7, 11, 13, 17, 19]"
9229/243,37.97942387,9229,243,"[3, 11, 839]","[0, -5, 0, 0, 1, 0, 0, 0]","[2, 3, 5, 7, 11, 13, 17, 19]"
9236/243,38.00823045,9236,243,"[2, 3, 2309]","[2, -5, 0, 0, 0, 0, 0, 0]","[2, 3, 5, 7, 11, 13, 17, 19]"
9248/243,38.05761317,9248,243,"[2, 3, 17]","[5, -5, 0, 0, 0, 0, 2, 0]","[2, 3, 5, 7, 11, 13, 17, 19]"
9250/243,38.06584362,9250,243,"[2, 3, 5, 37]","[1, -5, 3, 0, 0, 0, 0, 0]","[2, 3, 5, 7, 11, 13, 17, 19]"
9251/243,38.06995885,9251,243,"[3, 11, 29]","[0, -5, 0, 0, 1, 0, 0, 0]","[2, 3, 5, 7, 11, 13, 17, 19]"
9254/243,38.08230453,9254,243,"[2, 3, 7, 661]","[1, -5, 0, 1, 0, 0, 0, 0]","[2, 3, 5, 7, 11, 13, 17, 19]"
9259/243,38.10288066,9259,243,"[3, 47, 197]","[0, -5, 0, 0, 0, 0, 0, 0]","[2, 3, 5, 7, 11, 13, 17, 19]"
9265/243,38.12757202,9265,243,"[3, 5, 17, 109]","[0, -5, 1, 0, 0, 0, 1, 0]","[2, 3, 5, 7, 11, 13, 17, 19]"
9266/243,38.13168724,9266,243,"[2, 3, 41, 113]","[1, -5, 0, 0, 0, 0, 0, 0]","[2, 3, 5, 7, 11, 13, 17, 19]"
9275/243,38.16872428,9275,243,"[3, 5, 7, 53]","[0, -5, 2, 1, 0, 0, 0, 0]","[2, 3, 5, 7, 11, 13, 17, 19]"
9278/243,38.18106996,9278,243,"[2, 3, 4639]","[1, -5, 0, 0, 0, 0, 0, 0]","[2, 3, 5, 7, 11, 13, 17, 19]"
9284/243,38.20576132,9284,243,"[2, 3, 11, 211]","[2, -5, 0, 0, 1, 0, 0, 0]","[2, 3, 5, 7, 11, 13, 17, 19]"
9286/243,38.21399177,9286,243,"[2, 3, 4643]","[1, -5, 0, 0, 0, 0, 0, 0]","[2, 3, 5, 7, 11, 13, 17, 19]"
9293/243,38.24279835,9293,243,"[3, 9293]","[0, -5, 0, 0, 0, 0, 0, 0]","[2, 3, 5, 7, 11, 13, 17, 19]"
9296/243,38.25514403,9296,243,"[2, 3, 7, 83]","[4, -5, 0, 1, 0, 0, 0, 0]","[2, 3, 5, 7, 11, 13, 17, 19]"
9301/243,38.27572016,9301,243,"[3, 71, 131]","[0, -5, 0, 0, 0, 0, 0, 0]","[2, 3, 5, 7, 11, 13, 17, 19]"
9305/243,38.29218107,9305,243,"[3, 5, 1861]","[0, -5, 1, 0, 0, 0, 0, 0]","[2, 3, 5, 7, 11, 13, 17, 19]"
9308/243,38.30452675,9308,243,"[2, 3, 13, 179]","[2, -5, 0, 0, 0, 1, 0, 0]","[2, 3, 5, 7, 11, 13, 17, 19]"
9310/243,38.31275720,9310,243,"[2, 3, 5, 7, 19]","[1, -5, 1, 2, 0, 0, 0, 1]","[2, 3, 5, 7, 11, 13, 17, 19]"
9319/243,38.34979424,9319,243,"[3, 9319]","[0, -5, 0, 0, 0, 0, 0, 0]","[2, 3, 5, 7, 11, 13, 17, 19]"
9323/243,38.36625514,9323,243,"[3, 9323]","[0, -5, 0, 0, 0, 0, 0, 0]","[2, 3, 5, 7, 11, 13, 17, 19]"
9328/243,38.38683128,9328,243,"[2, 3, 11, 53]","[4, -5, 0, 0, 1, 0, 0, 0]","[2, 3, 5, 7, 11, 13, 17, 19]"
9329/243,38.39094650,9329,243,"[3, 19, 491]","[0, -5, 0, 0, 0, 0, 0, 1]","[2, 3, 5, 7, 11, 13, 17, 19]"
9335/243,38.41563786,9335,243,"[3, 5, 1867]","[0, -5, 1, 0, 0, 0, 0, 0]","[2, 3, 5, 7, 11, 13, 17, 19]"
9340/243,38.43621399,9340,243,"[2, 3, 5, 467]","[2, -5, 1, 0, 0, 0, 0, 0]","[2, 3, 5, 7, 11, 13, 17, 19]"
9344/243,38.45267490,9344,243,"[2, 3, 73]","[7, -5, 0, 0, 0, 0, 0, 0]","[2, 3, 5, 7, 11, 13, 17, 19]"
9346/243,38.46090535,9346,243,"[2, 3, 4673]","[1, -5, 0, 0, 0, 0, 0, 0]","[2, 3, 5, 7, 11, 13, 17, 19]"
9350/243,38.47736626,9350,243,"[2, 3, 5, 11, 17]","[1, -5, 2, 0, 1, 0, 1, 0]","[2, 3, 5, 7, 11, 13, 17, 19]"
9359/243,38.51440329,9359,243,"[3, 7, 191]","[0, -5, 0, 2, 0, 0, 0, 0]","[2, 3, 5, 7, 11, 13, 17, 19]"
9365/243,38.53909465,9365,243,"[3, 5, 1873]","[0, -5, 1, 0, 0, 0, 0, 0]","[2, 3, 5, 7, 11, 13, 17, 19]"
9368/243,38.55144033,9368,243,"[2, 3, 1171]","[3, -5, 0, 0, 0, 0, 0, 0]","[2, 3, 5, 7, 11, 13, 17, 19]"
9373/243,38.57201646,9373,243,"[3, 7, 13, 103]","[0, -5, 0, 1, 0, 1, 0, 0]","[2, 3, 5, 7, 11, 13, 17, 19]"
9383/243,38.61316872,9383,243,"[3, 11, 853]","[0, -5, 0, 0, 1, 0, 0, 0]","[2, 3, 5, 7, 11, 13, 17, 19]"
9386/243,38.62551440,9386,243,"[2, 3, 13, 19]","[1, -5, 0, 0, 0, 1, 0, 2]","[2, 3, 5, 7, 11, 13, 17, 19]"
9389/243,38.63786008,9389,243,"[3, 41, 229]","[0, -5, 0, 0, 0, 0, 0, 0]","[2, 3, 5, 7, 11, 13, 17, 19]"
9391/243,38.64609053,9391,243,"[3, 9391]","[0, -5, 0, 0, 0, 0, 0, 0]","[2, 3, 5, 7, 11, 13, 17, 19]"
9398/243,38.67489712,9398,243,"[2, 3, 37, 127]","[1, -5, 0, 0, 0, 0, 0, 0]","[2, 3, 5, 7, 11, 13, 17, 19]"
9400/243,38.68312757,9400,243,"[2, 3, 5, 47]","[3, -5, 2, 0, 0, 0, 0, 0]","[2, 3, 5, 7, 11, 13, 17, 19]"
9404/243,38.69958848,9404,243,"[2, 3, 2351]","[2, -5, 0, 0, 0, 0, 0, 0]","[2, 3, 5, 7, 11, 13, 17, 19]"
9409/243,38.72016461,9409,243,"[3, 97]","[0, -5, 0, 0, 0, 0, 0, 0]","[2, 3, 5, 7, 11, 13, 17, 19]"
9410/243,38.72427984,9410,243,"[2, 3, 5, 941]","[1, -5, 1, 0, 0, 0, 0, 0]","[2, 3, 5, 7, 11, 13, 17, 19]"
9416/243,38.74897119,9416,243,"[2, 3, 11, 107]","[3, -5, 0, 0, 1, 0, 0, 0]","[2, 3, 5, 7, 11, 13, 17, 19]"
9418/243,38.75720165,9418,243,"[2, 3, 17, 277]","[1, -5, 0, 0, 0, 0, 1, 0]","[2, 3, 5, 7, 11, 13, 17, 19]"
9419/243,38.76131687,9419,243,"[3, 9419]","[0, -5, 0, 0, 0, 0, 0, 0]","[2, 3, 5, 7, 11, 13, 17, 19]"
9421/243,38.76954733,9421,243,"[3, 9421]","[0, -5, 0, 0, 0, 0, 0, 0]","[2, 3, 5, 7, 11, 13, 17, 19]"
9425/243,38.78600823,9425,243,"[3, 5, 13, 29]","[0, -5, 2, 0, 0, 1, 0, 0]","[2, 3, 5, 7, 11, 13, 17, 19]"
9428/243,38.79835391,9428,243,"[2, 3, 2357]","[2, -5, 0, 0, 0, 0, 0, 0]","[2, 3, 5, 7, 11, 13, 17, 19]"
9440/243,38.84773663,9440,243,"[2, 3, 5, 59]","[5, -5, 1, 0, 0, 0, 0, 0]","[2, 3, 5, 7, 11, 13, 17, 19]"
9446/243,38.87242798,9446,243,"[2, 3, 4723]","[1, -5, 0, 0, 0, 0, 0, 0]","[2, 3, 5, 7, 11, 13, 17, 19]"
9448/243,38.88065844,9448,243,"[2, 3, 1181]","[3, -5, 0, 0, 0, 0, 0, 0]","[2, 3, 5, 7, 11, 13, 17, 19]"
9454/243,38.90534979,9454,243,"[2, 3, 29, 163]","[1, -5, 0, 0, 0, 0, 0, 0]","[2, 3, 5, 7, 11, 13, 17, 19]"
9455/243,38.90946502,9455,243,"[3, 5, 31, 61]","[0, -5, 1, 0, 0, 0, 0, 0]","[2, 3, 5, 7, 11, 13, 17, 19]"
9458/243,38.92181070,9458,243,"[2, 3, 4729]","[1, -5, 0, 0, 0, 0, 0, 0]","[2, 3, 5, 7, 11, 13, 17, 19]"
9464/243,38.94650206,9464,243,"[2, 3, 7, 13]","[3, -5, 0, 1, 0, 2, 0, 0]","[2, 3, 5, 7, 11, 13, 17, 19]"
9475/243,38.99176955,9475,243,"[3, 5, 379]","[0, -5, 2, 0, 0, 0, 0, 0]","[2, 3, 5, 7, 11, 13, 17, 19]"
9479/243,39.00823045,9479,243,"[3, 9479]","[0, -5, 0, 0, 0, 0, 0, 0]","[2, 3, 5, 7, 11, 13, 17, 19]"
9485/243,39.03292181,9485,243,"[3, 5, 7, 271]","[0, -5, 1, 1, 0, 0, 0, 0]","[2, 3, 5, 7, 11, 13, 17, 19]"
9490/243,39.05349794,9490,243,"[2, 3, 5, 13, 73]","[1, -5, 1, 0, 0, 1, 0, 0]","[2, 3, 5, 7, 11, 13, 17, 19]"
9491/243,39.05761317,9491,243,"[3, 9491]","[0, -5, 0, 0, 0, 0, 0, 0]","[2, 3, 5, 7, 11, 13, 17, 19]"
9493/243,39.06584362,9493,243,"[3, 11, 863]","[0, -5, 0, 0, 1, 0, 0, 0]","[2, 3, 5, 7, 11, 13, 17, 19]"
9494/243,39.06995885,9494,243,"[2, 3, 47, 101]","[1, -5, 0, 0, 0, 0, 0, 0]","[2, 3, 5, 7, 11, 13, 17, 19]"
9508/243,39.12757202,9508,243,"[2, 3, 2377]","[2, -5, 0, 0, 0, 0, 0, 0]","[2, 3, 5, 7, 11, 13, 17, 19]"
9509/243,39.13168724,9509,243,"[3, 37, 257]","[0, -5, 0, 0, 0, 0, 0, 0]","[2, 3, 5, 7, 11, 13, 17, 19]"
9518/243,39.16872428,9518,243,"[2, 3, 4759]","[1, -5, 0, 0, 0, 0, 0, 0]","[2, 3, 5, 7, 11, 13, 17, 19]"
9521/243,39.18106996,9521,243,"[3, 9521]","[0, -5, 0, 0, 0, 0, 0, 0]","[2, 3, 5, 7, 11, 13, 17, 19]"
9529/243,39.21399177,9529,243,"[3, 13, 733]","[0, -5, 0, 0, 0, 1, 0, 0]","[2, 3, 5, 7, 11, 13, 17, 19]"
9530/243,39.21810700,9530,243,"[2, 3, 5, 953]","[1, -5, 1, 0, 0, 0, 0, 0]","[2, 3, 5, 7, 11, 13, 17, 19]"
9535/243,39.23868313,9535,243,"[3, 5, 1907]","[0, -5, 1, 0, 0, 0, 0, 0]","[2, 3, 5, 7, 11, 13, 17, 19]"
9536/243,39.24279835,9536,243,"[2, 3, 149]","[6, -5, 0, 0, 0, 0, 0, 0]","[2, 3, 5, 7, 11, 13, 17, 19]"
9539/243,39.25514403,9539,243,"[3, 9539]","[0, -5, 0, 0, 0, 0, 0, 0]","[2, 3, 5, 7, 11, 13, 17, 19]"
9544/243,39.27572016,9544,243,"[2, 3, 1193]","[3, -5, 0, 0, 0, 0, 0, 0]","[2, 3, 5, 7, 11, 13, 17, 19]"
9548/243,39.29218107,9548,243,"[2, 3, 7, 11, 31]","[2, -5, 0, 1, 1, 0, 0, 0]","[2, 3, 5, 7, 11, 13, 17, 19]"
9551/243,39.30452675,9551,243,"[3, 9551]","[0, -5, 0, 0, 0, 0, 0, 0]","[2, 3, 5, 7, 11, 13, 17, 19]"
9553/243,39.31275720,9553,243,"[3, 41, 233]","[0, -5, 0, 0, 0, 0, 0, 0]","[2, 3, 5, 7, 11, 13, 17, 19]"
9560/243,39.34156379,9560,243,"[2, 3, 5, 239]","[3, -5, 1, 0, 0, 0, 0, 0]","[2, 3, 5, 7, 11, 13, 17, 19]"
9566/243,39.36625514,9566,243,"[2, 3, 4783]","[1, -5, 0, 0, 0, 0, 0, 0]","[2, 3, 5, 7, 11, 13, 17, 19]"
9571/243,39.38683128,9571,243,"[3, 17, 563]","[0, -5, 0, 0, 0, 0, 1, 0]","[2, 3, 5, 7, 11, 13, 17, 19]"
9578/243,39.41563786,9578,243,"[2, 3, 4789]","[1, -5, 0, 0, 0, 0, 0, 0]","[2, 3, 5, 7, 11, 13, 17, 19]"
9580/243,39.42386831,9580,243,"[2, 3, 5, 479]","[2, -5, 1, 0, 0, 0, 0, 0]","[2, 3, 5, 7, 11, 13, 17, 19]"
9583/243,39.43621399,9583,243,"[3, 7, 37]","[0, -5, 0, 1, 0, 0, 0, 0]","[2, 3, 5, 7, 11, 13, 17, 19]"
9589/243,39.46090535,9589,243,"[3, 43, 223]","[0, -5, 0, 0, 0, 0, 0, 0]","[2, 3, 5, 7, 11, 13, 17, 19]"
9590/243,39.46502058,9590,243,"[2, 3, 5, 7, 137]","[1, -5, 1, 1, 0, 0, 0, 0]","[2, 3, 5, 7, 11, 13, 17, 19]"
9593/243,39.47736626,9593,243,"[3, 53, 181]","[0, -5, 0, 0, 0, 0, 0, 0]","[2, 3, 5, 7, 11, 13, 17, 19]"
9608/243,39.53909465,9608,243,"[2, 3, 1201]","[3, -5, 0, 0, 0, 0, 0, 0]","[2, 3, 5, 7, 11, 13, 17, 19]"
9610/243,39.54732510,9610,243,"[2, 3, 5, 31]","[1, -5, 1, 0, 0, 0, 0, 0]","[2, 3, 5, 7, 11, 13, 17, 19]"
9611/243,39.55144033,9611,243,"[3, 7, 1373]","[0, -5, 0, 1, 0, 0, 0, 0]","[2, 3, 5, 7, 11, 13, 17, 19]"
9616/243,39.57201646,9616,243,"[2, 3, 601]","[4, -5, 0, 0, 0, 0, 0, 0]","[2, 3, 5, 7, 11, 13, 17, 19]"
9625/243,39.60905350,9625,243,"[3, 5, 7, 11]","[0, -5, 3, 1, 1, 0, 0, 0]","[2, 3, 5, 7, 11, 13, 17, 19]"
9626/243,39.61316872,9626,243,"[2, 3, 4813]","[1, -5, 0, 0, 0, 0, 0, 0]","[2, 3, 5, 7, 11, 13, 17, 19]"
9629/243,39.62551440,9629,243,"[3, 9629]","[0, -5, 0, 0, 0, 0, 0, 0]","[2, 3, 5, 7, 11, 13, 17, 19]"
9634/243,39.64609053,9634,243,"[2, 3, 4817]","[1, -5, 0, 0, 0, 0, 0, 0]","[2, 3, 5, 7, 11, 13, 17, 19]"
9641/243,39.67489712,9641,243,"[3, 31, 311]","[0, -5, 0, 0, 0, 0, 0, 0]","[2, 3, 5, 7, 11, 13, 17, 19]"
9643/243,39.68312757,9643,243,"[3, 9643]","[0, -5, 0, 0, 0, 0, 0, 0]","[2, 3, 5, 7, 11, 13, 17, 19]"
9653/243,39.72427984,9653,243,"[3, 7, 197]","[0, -5, 0, 2, 0, 0, 0, 0]","[2, 3, 5, 7, 11, 13, 17, 19]"
9655/243,39.73251029,9655,243,"[3, 5, 1931]","[0, -5, 1, 0, 0, 0, 0, 0]","[2, 3, 5, 7, 11, 13, 17, 19]"
9659/243,39.74897119,9659,243,"[3, 13, 743]","[0, -5, 0, 0, 0, 1, 0, 0]","[2, 3, 5, 7, 11, 13, 17, 19]"
9661/243,39.75720165,9661,243,"[3, 9661]","[0, -5, 0, 0, 0, 0, 0, 0]","[2, 3, 5, 7, 11, 13, 17, 19]"
9664/243,39.76954733,9664,243,"[2, 3, 151]","[6, -5, 0, 0, 0, 0, 0, 0]","[2, 3, 5, 7, 11, 13, 17, 19]"
9668/243,39.78600823,9668,243,"[2, 3, 2417]","[2, -5, 0, 0, 0, 0, 0, 0]","[2, 3, 5, 7, 11, 13, 17, 19]"
9671/243,39.79835391,9671,243,"[3, 19, 509]","[0, -5, 0, 0, 0, 0, 0, 1]","[2, 3, 5, 7, 11, 13, 17, 19]"
9680/243,39.83539095,9680,243,"[2, 3, 5, 11]","[4, -5, 1, 0, 2, 0, 0, 0]","[2, 3, 5, 7, 11, 13, 17, 19]"
9683/243,39.84773663,9683,243,"[3, 23, 421]","[0, -5, 0, 0, 0, 0, 0, 0]","[2, 3, 5, 7, 11, 13, 17, 19]"
9689/243,39.87242798,9689,243,"[3, 9689]","[0, -5, 0, 0, 0, 0, 0, 0]","[2, 3, 5, 7, 11, 13, 17, 19]"
9691/243,39.88065844,9691,243,"[3, 11, 881]","[0, -5, 0, 0, 1, 0, 0, 0]","[2, 3, 5, 7, 11, 13, 17, 19]"
9698/243,39.90946502,9698,243,"[2, 3, 13, 373]","[1, -5, 0, 0, 0, 1, 0, 0]","[2, 3, 5, 7, 11, 13, 17, 19]"
9701/243,39.92181070,9701,243,"[3, 89, 109]","[0, -5, 0, 0, 0, 0, 0, 0]","[2, 3, 5, 7, 11, 13, 17, 19]"
9710/243,39.95884774,9710,243,"[2, 3, 5, 971]","[1, -5, 1, 0, 0, 0, 0, 0]","[2, 3, 5, 7, 11, 13, 17, 19]"
9715/243,39.97942387,9715,243,"[3, 5, 29, 67]","[0, -5, 1, 0, 0, 0, 0, 0]","[2, 3, 5, 7, 11, 13, 17, 19]"
9718/243,39.99176955,9718,243,"[2, 3, 43, 113]","[1, -5, 0, 0, 0, 0, 0, 0]","[2, 3, 5, 7, 11, 13, 17, 19]"
9725/243,40.02057613,9725,243,"[3, 5, 389]","[0, -5, 2, 0, 0, 0, 0, 0]","[2, 3, 5, 7, 11, 13, 17, 19]"
9728/243,40.03292181,9728,243,"[2, 3, 19]","[9, -5, 0, 0, 0, 0, 0, 1]","[2, 3, 5, 7, 11, 13, 17, 19]"
9733/243,40.05349794,9733,243,"[3, 9733]","[0, -5, 0, 0, 0, 0, 0, 0]","[2, 3, 5, 7, 11, 13, 17, 19]"
9734/243,40.05761317,9734,243,"[2, 3, 31, 157]","[1, -5, 0, 0, 0, 0, 0, 0]","[2, 3, 5, 7, 11, 13, 17, 19]"
9736/243,40.06584362,9736,243,"[2, 3, 1217]","[3, -5, 0, 0, 0, 0, 0, 0]","[2, 3, 5, 7, 11, 13, 17, 19]"
9740/243,40.08230453,9740,243,"[2, 3, 5, 487]","[2, -5, 1, 0, 0, 0, 0, 0]","[2, 3, 5, 7, 11, 13, 17, 19]"
9751/243,40.12757202,9751,243,"[3, 7, 199]","[0, -5, 0, 2, 0, 0, 0, 0]","[2, 3, 5, 7, 11, 13, 17, 19]"
9755/243,40.14403292,9755,243,"[3, 5, 1951]","[0, -5, 1, 0, 0, 0, 0, 0]","[2, 3, 5, 7, 11, 13, 17, 19]"
9761/243,40.16872428,9761,243,"[3, 43, 227]","[0, -5, 0, 0, 0, 0, 0, 0]","[2, 3, 5, 7, 11, 13, 17, 19]"
9764/243,40.18106996,9764,243,"[2, 3, 2441]","[2, -5, 0, 0, 0, 0, 0, 0]","[2, 3, 5, 7, 11, 13, 17, 19]"
9773/243,40.21810700,9773,243,"[3, 29, 337]","[0, -5, 0, 0, 0, 0, 0, 0]","[2, 3, 5, 7, 11, 13, 17, 19]"
9778/243,40.23868313,9778,243,"[2, 3, 4889]","[1, -5, 0, 0, 0, 0, 0, 0]","[2, 3, 5, 7, 11, 13, 17, 19]"
9779/243,40.24279835,9779,243,"[3, 7, 11, 127]","[0, -5, 0, 1, 1, 0, 0, 0]","[2, 3, 5, 7, 11, 13, 17, 19]"
9791/243,40.29218107,9791,243,"[3, 9791]","[0, -5, 0, 0, 0, 0, 0, 0]","[2, 3, 5, 7, 11, 13, 17, 19]"
9794/243,40.30452675,9794,243,"[2, 3, 59, 83]","[1, -5, 0, 0, 0, 0, 0, 0]","[2, 3, 5, 7, 11, 13, 17, 19]"
9796/243,40.31275720,9796,243,"[2, 3, 31, 79]","[2, -5, 0, 0, 0, 0, 0, 0]","[2, 3, 5, 7, 11, 13, 17, 19]"
9800/243,40.32921811,9800,243,"[2, 3, 5, 7]","[3, -5, 2, 2, 0, 0, 0, 0]","[2, 3, 5, 7, 11, 13, 17, 19]"
9803/243,40.34156379,9803,243,"[3, 9803]","[0, -5, 0, 0, 0, 0, 0, 0]","[2, 3, 5, 7, 11, 13, 17, 19]"
9805/243,40.34979424,9805,243,"[3, 5, 37, 53]","[0, -5, 1, 0, 0, 0, 0, 0]","[2, 3, 5, 7, 11, 13, 17, 19]"
9809/243,40.36625514,9809,243,"[3, 17, 577]","[0, -5, 0, 0, 0, 0, 1, 0]","[2, 3, 5, 7, 11, 13, 17, 19]"
9814/243,40.38683128,9814,243,"[2, 3, 7, 701]","[1, -5, 0, 1, 0, 0, 0, 0]","[2, 3, 5, 7, 11, 13, 17, 19]"
9815/243,40.39094650,9815,243,"[3, 5, 13, 151]","[0, -5, 1, 0, 0, 1, 0, 0]","[2, 3, 5, 7, 11, 13, 17, 19]"
9821/243,40.41563786,9821,243,"[3, 7, 23, 61]","[0, -5, 0, 1, 0, 0, 0, 0]","[2, 3, 5, 7, 11, 13, 17, 19]"
9823/243,40.42386831,9823,243,"[3, 11, 19, 47]","[0, -5, 0, 0, 1, 0, 0, 1]","[2, 3, 5, 7, 11, 13, 17, 19]"
9826/243,40.43621399,9826,243,"[2, 3, 17]","[1, -5, 0, 0, 0, 0, 3, 0]","[2, 3, 5, 7, 11, 13, 17, 19]"
9830/243,40.45267490,9830,243,"[2, 3, 5, 983]","[1, -5, 1, 0, 0, 0, 0, 0]","[2, 3, 5, 7, 11, 13, 17, 19]"
9833/243,40.46502058,9833,243,"[3, 9833]","[0, -5, 0, 0, 0, 0, 0, 0]","[2, 3, 5, 7, 11, 13, 17, 19]"
9836/243,40.47736626,9836,243,"[2, 3, 2459]","[2, -5, 0, 0, 0, 0, 0, 0]","[2, 3, 5, 7, 11, 13, 17, 19]"
9850/243,40.53497942,9850,243,"[2, 3, 5, 197]","[1, -5, 2, 0, 0, 0, 0, 0]","[2, 3, 5, 7, 11, 13, 17, 19]"
9851/243,40.53909465,9851,243,"[3, 9851]","[0, -5, 0, 0, 0, 0, 0, 0]","[2, 3, 5, 7, 11, 13, 17, 19]"
9853/243,40.54732510,9853,243,"[3, 59, 167]","[0, -5, 0, 0, 0, 0, 0, 0]","[2, 3, 5, 7, 11, 13, 17, 19]"
9854/243,40.55144033,9854,243,"[2, 3, 13, 379]","[1, -5, 0, 0, 0, 1, 0, 0]","[2, 3, 5, 7, 11, 13, 17, 19]"
9859/243,40.57201646,9859,243,"[3, 9859]","[0, -5, 0, 0, 0, 0, 0, 0]","[2, 3, 5, 7, 11, 13, 17, 19]"
9860/243,40.57613169,9860,243,"[2, 3, 5, 17, 29]","[2, -5, 1, 0, 0, 0, 1, 0]","[2, 3, 5, 7, 11, 13, 17, 19]"
9868/243,40.60905350,9868,243,"[2, 3, 2467]","[2, -5, 0, 0, 0, 0, 0, 0]","[2, 3, 5, 7, 11, 13, 17, 19]"
9869/243,40.61316872,9869,243,"[3, 71, 139]","[0, -5, 0, 0, 0, 0, 0, 0]","[2, 3, 5, 7, 11, 13, 17, 19]"
9875/243,40.63786008,9875,243,"[3, 5, 79]","[0, -5, 3, 0, 0, 0, 0, 0]","[2, 3, 5, 7, 11, 13, 17, 19]"
9880/243,40.65843621,9880,243,"[2, 3, 5, 13, 19]","[3, -5, 1, 0, 0, 1, 0, 1]","[2, 3, 5, 7, 11, 13, 17, 19]"
9884/243,40.67489712,9884,243,"[2, 3, 7, 353]","[2, -5, 0, 1, 0, 0, 0, 0]","[2, 3, 5, 7, 11, 13, 17, 19]"
9886/243,40.68312757,9886,243,"[2, 3, 4943]","[1, -5, 0, 0, 0, 0, 0, 0]","[2, 3, 5, 7, 11, 13, 17, 19]"
9890/243,40.69958848,9890,243,"[2, 3, 5, 23, 43]","[1, -5, 1, 0, 0, 0, 0, 0]","[2, 3, 5, 7, 11, 13, 17, 19]"
9896/243,40.72427984,9896,243,"[2, 3, 1237]","[3, -5, 0, 0, 0, 0, 0, 0]","[2, 3, 5, 7, 11, 13, 17, 19]"
9898/243,40.73251029,9898,243,"[2, 3, 7, 101]","[1, -5, 0, 2, 0, 0, 0, 0]","[2, 3, 5, 7, 11, 13, 17, 19]"
9904/243,40.75720165,9904,243,"[2, 3, 619]","[4, -5, 0, 0, 0, 0, 0, 0]","[2, 3, 5, 7, 11, 13, 17, 19]"
9911/243,40.78600823,9911,243,"[3, 11, 17, 53]","[0, -5, 0, 0, 1, 0, 1, 0]","[2, 3, 5, 7, 11, 13, 17, 19]"
9914/243,40.79835391,9914,243,"[2, 3, 4957]","[1, -5, 0, 0, 0, 0, 0, 0]","[2, 3, 5, 7, 11, 13, 17, 19]"
9923/243,40.83539095,9923,243,"[3, 9923]","[0, -5, 0, 0, 0, 0, 0, 0]","[2, 3, 5, 7, 11, 13, 17, 19]"
9925/243,40.84362140,9925,243,"[3, 5, 397]","[0, -5, 2, 0, 0, 0, 0, 0]","[2, 3, 5, 7, 11, 13, 17, 19]"
9926/243,40.84773663,9926,243,"[2, 3, 7, 709]","[1, -5, 0, 1, 0, 0, 0, 0]","[2, 3, 5, 7, 11, 13, 17, 19]"
9934/243,40.88065844,9934,243,"[2, 3, 4967]","[1, -5, 0, 0, 0, 0, 0, 0]","[2, 3, 5, 7, 11, 13, 17, 19]"
9935/243,40.88477366,9935,243,"[3, 5, 1987]","[0, -5, 1, 0, 0, 0, 0, 0]","[2, 3, 5, 7, 11, 13, 17, 19]"
9940/243,40.90534979,9940,243,"[2, 3, 5, 7, 71]","[2, -5, 1, 1, 0, 0, 0, 0]","[2, 3, 5, 7, 11, 13, 17, 19]"
9941/243,40.90946502,9941,243,"[3, 9941]","[0, -5, 0, 0, 0, 0, 0, 0]","[2, 3, 5, 7, 11, 13, 17, 19]"
9944/243,40.92181070,9944,243,"[2, 3, 11, 113]","[3, -5, 0, 0, 1, 0, 0, 0]","[2, 3, 5, 7, 11, 13, 17, 19]"
9953/243,40.95884774,9953,243,"[3, 37, 269]","[0, -5, 0, 0, 0, 0, 0, 0]","[2, 3, 5, 7, 11, 13, 17, 19]"
9958/243,40.97942387,9958,243,"[2, 3, 13, 383]","[1, -5, 0, 0, 0, 1, 0, 0]","[2, 3, 5, 7, 11, 13, 17, 19]"
9961/243,40.99176955,9961,243,"[3, 7, 1423]","[0, -5, 0, 1, 0, 0, 0, 0]","[2, 3, 5, 7, 11, 13, 17, 19]"
9965/243,41.00823045,9965,243,"[3, 5, 1993]","[0, -5, 1, 0, 0, 0, 0, 0]","[2, 3, 5, 7, 11, 13, 17, 19]"
9968/243,41.02057613,9968,243,"[2, 3, 7, 89]","[4, -5, 0, 1, 0, 0, 0, 0]","[2, 3, 5, 7, 11, 13, 17, 19]"
9971/243,41.03292181,9971,243,"[3, 13, 59]","[0, -5, 0, 0, 0, 2, 0, 0]","[2, 3, 5, 7, 11, 13, 17, 19]"
9976/243,41.05349794,9976,243,"[2, 3, 29, 43]","[3, -5, 0, 0, 0, 0, 0, 0]","[2, 3, 5, 7, 11, 13, 17, 19]"
9979/243,41.06584362,9979,243,"[3, 17, 587]","[0, -5, 0, 0, 0, 0, 1, 0]","[2, 3, 5, 7, 11, 13, 17, 19]"
9983/243,41.08230453,9983,243,"[3, 67, 149]","[0, -5, 0, 0, 0, 0, 0, 0]","[2, 3, 5, 7, 11, 13, 17, 19]"
9985/243,41.09053498,9985,243,"[3, 5, 1997]","[0, -5, 1, 0, 0, 0, 0, 0]","[2, 3, 5, 7, 11, 13, 17, 19]"
9994/243,41.12757202,9994,243,"[2, 3, 19, 263]","[1, -5, 0, 0, 0, 0, 0, 1]","[2, 3, 5, 7, 11, 13, 17, 19]"
9998/243,41.14403292,9998,243,"[2, 3, 4999]","[1, -5, 0, 0, 0, 0, 0, 0]","[2, 3, 5, 7, 11, 13, 17, 19]"
10000/243,41.15226337,10000,243,"[2, 3, 5]","[4, -5, 4, 0, 0, 0, 0, 0]","[2, 3, 5, 7, 11, 13, 17, 19]"
10004/243,41.16872428,10004,243,"[2, 3, 41, 61]","[2, -5, 0, 0, 0, 0, 0, 0]","[2, 3, 5, 7, 11, 13, 17, 19]"
10015/243,41.21399177,10015,243,"[3, 5, 2003]","[0, -5, 1, 0, 0, 0, 0, 0]","[2, 3, 5, 7, 11, 13, 17, 19]"
10016/243,41.21810700,10016,243,"[2, 3, 313]","[5, -5, 0, 0, 0, 0, 0, 0]","[2, 3, 5, 7, 11, 13, 17, 19]"
10021/243,41.23868313,10021,243,"[3, 11, 911]","[0, -5, 0, 0, 1, 0, 0, 0]","[2, 3, 5, 7, 11, 13, 17, 19]"
10025/243,41.25514403,10025,243,"[3, 5, 401]","[0, -5, 2, 0, 0, 0, 0, 0]","[2, 3, 5, 7, 11, 13, 17, 19]"
10030/243,41.27572016,10030,243,"[2, 3, 5, 17, 59]","[1, -5, 1, 0, 0, 0, 1, 0]","[2, 3, 5, 7, 11, 13, 17, 19]"
10034/243,41.29218107,10034,243,"[2, 3, 29, 173]","[1, -5, 0, 0, 0, 0, 0, 0]","[2, 3, 5, 7, 11, 13, 17, 19]"
10039/243,41.31275720,10039,243,"[3, 10039]","[0, -5, 0, 0, 0, 0, 0, 0]","[2, 3, 5, 7, 11, 13, 17, 19]"
10043/243,41.32921811,10043,243,"[3, 11, 83]","[0, -5, 0, 0, 2, 0, 0, 0]","[2, 3, 5, 7, 11, 13, 17, 19]"
10046/243,41.34156379,10046,243,"[2, 3, 5023]","[1, -5, 0, 0, 0, 0, 0, 0]","[2, 3, 5, 7, 11, 13, 17, 19]"
10048/243,41.34979424,10048,243,"[2, 3, 157]","[6, -5, 0, 0, 0, 0, 0, 0]","[2, 3, 5, 7, 11, 13, 17, 19]"
10058/243,41.39094650,10058,243,"[2, 3, 47, 107]","[1, -5, 0, 0, 0, 0, 0, 0]","[2, 3, 5, 7, 11, 13, 17, 19]"
10060/243,41.39917695,10060,243,"[2, 3, 5, 503]","[2, -5, 1, 0, 0, 0, 0, 0]","[2, 3, 5, 7, 11, 13, 17, 19]"
10064/243,41.41563786,10064,243,"[2, 3, 17, 37]","[4, -5, 0, 0, 0, 0, 1, 0]","[2, 3, 5, 7, 11, 13, 17, 19]"
10066/243,41.42386831,10066,243,"[2, 3, 7, 719]","[1, -5, 0, 1, 0, 0, 0, 0]","[2, 3, 5, 7, 11, 13, 17, 19]"
10069/243,41.43621399,10069,243,"[3, 10069]","[0, -5, 0, 0, 0, 0, 0, 0]","[2, 3, 5, 7, 11, 13, 17, 19]"
10073/243,41.45267490,10073,243,"[3, 7, 1439]","[0, -5, 0, 1, 0, 0, 0, 0]","[2, 3, 5, 7, 11, 13, 17, 19]"
10076/243,41.46502058,10076,243,"[2, 3, 11, 229]","[2, -5, 0, 0, 1, 0, 0, 0]","[2, 3, 5, 7, 11, 13, 17, 19]"
10079/243,41.47736626,10079,243,"[3, 10079]","[0, -5, 0, 0, 0, 0, 0, 0]","[2, 3, 5, 7, 11, 13, 17, 19]"
10085/243,41.50205761,10085,243,"[3, 5, 2017]","[0, -5, 1, 0, 0, 0, 0, 0]","[2, 3, 5, 7, 11, 13, 17, 19]"
10093/243,41.53497942,10093,243,"[3, 10093]","[0, -5, 0, 0, 0, 0, 0, 0]","[2, 3, 5, 7, 11, 13, 17, 19]"
10094/243,41.53909465,10094,243,"[2, 3, 7, 103]","[1, -5, 0, 2, 0, 0, 0, 0]","[2, 3, 5, 7, 11, 13, 17, 19]"
10096/243,41.54732510,10096,243,"[2, 3, 631]","[4, -5, 0, 0, 0, 0, 0, 0]","[2, 3, 5, 7, 11, 13, 17, 19]"
10100/243,41.56378601,10100,243,"[2, 3, 5, 101]","[2, -5, 2, 0, 0, 0, 0, 0]","[2, 3, 5, 7, 11, 13, 17, 19]"
10103/243,41.57613169,10103,243,"[3, 10103]","[0, -5, 0, 0, 0, 0, 0, 0]","[2, 3, 5, 7, 11, 13, 17, 19]"
10111/243,41.60905350,10111,243,"[3, 10111]","[0, -5, 0, 0, 0, 0, 0, 0]","[2, 3, 5, 7, 11, 13, 17, 19]"
10115/243,41.62551440,10115,243,"[3, 5, 7, 17]","[0, -5, 1, 1, 0, 0, 2, 0]","[2, 3, 5, 7, 11, 13, 17, 19]"
10118/243,41.63786008,10118,243,"[2, 3, 5059]","[1, -5, 0, 0, 0, 0, 0, 0]","[2, 3, 5, 7, 11, 13, 17, 19]"
10123/243,41.65843621,10123,243,"[3, 53, 191]","[0, -5, 0, 0, 0, 0, 0, 0]","[2, 3, 5, 7, 11, 13, 17, 19]"
10129/243,41.68312757,10129,243,"[3, 7, 1447]","[0, -5, 0, 1, 0, 0, 0, 0]","[2, 3, 5, 7, 11, 13, 17, 19]"
10130/243,41.68724280,10130,243,"[2, 3, 5, 1013]","[1, -5, 1, 0, 0, 0, 0, 0]","[2, 3, 5, 7, 11, 13, 17, 19]"
10133/243,41.69958848,10133,243,"[3, 10133]","[0, -5, 0, 0, 0, 0, 0, 0]","[2, 3, 5, 7, 11, 13, 17, 19]"
10139/243,41.72427984,10139,243,"[3, 10139]","[0, -5, 0, 0, 0, 0, 0, 0]","[2, 3, 5, 7, 11, 13, 17, 19]"
10141/243,41.73251029,10141,243,"[3, 10141]","[0, -5, 0, 0, 0, 0, 0, 0]","[2, 3, 5, 7, 11, 13, 17, 19]"
10150/243,41.76954733,10150,243,"[2, 3, 5, 7, 29]","[1, -5, 2, 1, 0, 0, 0, 0]","[2, 3, 5, 7, 11, 13, 17, 19]"
10154/243,41.78600823,10154,243,"[2, 3, 5077]","[1, -5, 0, 0, 0, 0, 0, 0]","[2, 3, 5, 7, 11, 13, 17, 19]"
10160/243,41.81069959,10160,243,"[2, 3, 5, 127]","[4, -5, 1, 0, 0, 0, 0, 0]","[2, 3, 5, 7, 11, 13, 17, 19]"
10166/243,41.83539095,10166,243,"[2, 3, 13, 17, 23]","[1, -5, 0, 0, 0, 1, 1, 0]","[2, 3, 5, 7, 11, 13, 17, 19]"
10168/243,41.84362140,10168,243,"[2, 3, 31, 41]","[3, -5, 0, 0, 0, 0, 0, 0]","[2, 3, 5, 7, 11, 13, 17, 19]"
10169/243,41.84773663,10169,243,"[3, 10169]","[0, -5, 0, 0, 0, 0, 0, 0]","[2, 3, 5, 7, 11, 13, 17, 19]"
10178/243,41.88477366,10178,243,"[2, 3, 7, 727]","[1, -5, 0, 1, 0, 0, 0, 0]","[2, 3, 5, 7, 11, 13, 17, 19]"
10183/243,41.90534979,10183,243,"[3, 17, 599]","[0, -5, 0, 0, 0, 0, 1, 0]","[2, 3, 5, 7, 11, 13, 17, 19]"
10184/243,41.90946502,10184,243,"[2, 3, 19, 67]","[3, -5, 0, 0, 0, 0, 0, 1]","[2, 3, 5, 7, 11, 13, 17, 19]"
10196/243,41.95884774,10196,243,"[2, 3, 2549]","[2, -5, 0, 0, 0, 0, 0, 0]","[2, 3, 5, 7, 11, 13, 17, 19]"
10201/243,41.97942387,10201,243,"[3, 101]","[0, -5, 0, 0, 0, 0, 0, 0]","[2, 3, 5, 7, 11, 13, 17, 19]"
10204/243,41.99176955,10204,243,"[2, 3, 2551]","[2, -5, 0, 0, 0, 0, 0, 0]","[2, 3, 5, 7, 11, 13, 17, 19]"
10205/243,41.99588477,10205,243,"[3, 5, 13, 157]","[0, -5, 1, 0, 0, 1, 0, 0]","[2, 3, 5, 7, 11, 13, 17, 19]"
10208/243,42.00823045,10208,243,"[2, 3, 11, 29]","[5, -5, 0, 0, 1, 0, 0, 0]","[2, 3, 5, 7, 11, 13, 17, 19]"
10210/243,42.01646091,10210,243,"[2, 3, 5, 1021]","[1, -5, 1, 0, 0, 0, 0, 0]","[2, 3, 5, 7, 11, 13, 17, 19]"
10211/243,42.02057613,10211,243,"[3, 10211]","[0, -5, 0, 0, 0, 0, 0, 0]","[2, 3, 5, 7, 11, 13, 17, 19]"
10214/243,42.03292181,10214,243,"[2, 3, 5107]","[1, -5, 0, 0, 0, 0, 0, 0]","[2, 3, 5, 7, 11, 13, 17, 19]"
10219/243,42.05349794,10219,243,"[3, 11, 929]","[0, -5, 0, 0, 1, 0, 0, 0]","[2, 3, 5, 7, 11, 13, 17, 19]"
10226/243,42.08230453,10226,243,"[2, 3, 5113]","[1, -5, 0, 0, 0, 0, 0, 0]","[2, 3, 5, 7, 11, 13, 17, 19]"
10228/243,42.09053498,10228,243,"[2, 3, 2557]","[2, -5, 0, 0, 0, 0, 0, 0]","[2, 3, 5, 7, 11, 13, 17, 19]"
10235/243,42.11934156,10235,243,"[3, 5, 23, 89]","[0, -5, 1, 0, 0, 0, 0, 0]","[2, 3, 5, 7, 11, 13, 17, 19]"
10241/243,42.14403292,10241,243,"[3, 7, 11, 19]","[0, -5, 0, 2, 1, 0, 0, 1]","[2, 3, 5, 7, 11, 13, 17, 19]"
10243/243,42.15226337,10243,243,"[3, 10243]","[0, -5, 0, 0, 0, 0, 0, 0]","[2, 3, 5, 7, 11, 13, 17, 19]"
10250/243,42.18106996,10250,243,"[2, 3, 5, 41]","[1, -5, 3, 0, 0, 0, 0, 0]","[2, 3, 5, 7, 11, 13, 17, 19]"
10255/243,42.20164609,10255,243,"[3, 5, 7, 293]","[0, -5, 1, 1, 0, 0, 0, 0]","[2, 3, 5, 7, 11, 13, 17, 19]"
10258/243,42.21399177,10258,243,"[2, 3, 23, 223]","[1, -5, 0, 0, 0, 0, 0, 0]","[2, 3, 5, 7, 11, 13, 17, 19]"
10259/243,42.21810700,10259,243,"[3, 10259]","[0, -5, 0, 0, 0, 0, 0, 0]","[2, 3, 5, 7, 11, 13, 17, 19]"
10264/243,42.23868313,10264,243,"[2, 3, 1283]","[3, -5, 0, 0, 0, 0, 0, 0]","[2, 3, 5, 7, 11, 13, 17, 19]"
10265/243,42.24279835,10265,243,"[3, 5, 2053]","[0, -5, 1, 0, 0, 0, 0, 0]","[2, 3, 5, 7, 11, 13, 17, 19]"
10268/243,42.25514403,10268,243,"[2, 3, 17, 151]","[2, -5, 0, 0, 0, 0, 1, 0]","[2, 3, 5, 7, 11, 13, 17, 19]"
10273/243,42.27572016,10273,243,"[3, 10273]","[0, -5, 0, 0, 0, 0, 0, 0]","[2, 3, 5, 7, 11, 13, 17, 19]"
10280/243,42.30452675,10280,243,"[2, 3, 5, 257]","[3, -5, 1, 0, 0, 0, 0, 0]","[2, 3, 5, 7, 11, 13, 17, 19]"
10285/243,42.32510288,10285,243,"[3, 5, 11, 17]","[0, -5, 1, 0, 2, 0, 1, 0]","[2, 3, 5, 7, 11, 13, 17, 19]"
10286/243,42.32921811,10286,243,"[2, 3, 37, 139]","[1, -5, 0, 0, 0, 0, 0, 0]","[2, 3, 5, 7, 11, 13, 17, 19]"
10289/243,42.34156379,10289,243,"[3, 10289]","[0, -5, 0, 0, 0, 0, 0, 0]","[2, 3, 5, 7, 11, 13, 17, 19]"
10291/243,42.34979424,10291,243,"[3, 41, 251]","[0, -5, 0, 0, 0, 0, 0, 0]","[2, 3, 5, 7, 11, 13, 17, 19]"
10300/243,42.38683128,10300,243,"[2, 3, 5, 103]","[2, -5, 2, 0, 0, 0, 0, 0]","[2, 3, 5, 7, 11, 13, 17, 19]"
10301/243,42.39094650,10301,243,"[3, 10301]","[0, -5, 0, 0, 0, 0, 0, 0]","[2, 3, 5, 7, 11, 13, 17, 19]"
10303/243,42.39917695,10303,243,"[3, 10303]","[0, -5, 0, 0, 0, 0, 0, 0]","[2, 3, 5, 7, 11, 13, 17, 19]"
10309/243,42.42386831,10309,243,"[3, 13, 61]","[0, -5, 0, 0, 0, 2, 0, 0]","[2, 3, 5, 7, 11, 13, 17, 19]"
10316/243,42.45267490,10316,243,"[2, 3, 2579]","[2, -5, 0, 0, 0, 0, 0, 0]","[2, 3, 5, 7, 11, 13, 17, 19]"
10319/243,42.46502058,10319,243,"[3, 17, 607]","[0, -5, 0, 0, 0, 0, 1, 0]","[2, 3, 5, 7, 11, 13, 17, 19]"
10328/243,42.50205761,10328,243,"[2, 3, 1291]","[3, -5, 0, 0, 0, 0, 0, 0]","[2, 3, 5, 7, 11, 13, 17, 19]"
10330/243,42.51028807,10330,243,"[2, 3, 5, 1033]","[1, -5, 1, 0, 0, 0, 0, 0]","[2, 3, 5, 7, 11, 13, 17, 19]"
10336/243,42.53497942,10336,243,"[2, 3, 17, 19]","[5, -5, 0, 0, 0, 0, 1, 1]","[2, 3, 5, 7, 11, 13, 17, 19]"
10339/243,42.54732510,10339,243,"[3, 7, 211]","[0, -5, 0, 2, 0, 0, 0, 0]","[2, 3, 5, 7, 11, 13, 17, 19]"
10340/243,42.55144033,10340,243,"[2, 3, 5, 11, 47]","[2, -5, 1, 0, 1, 0, 0, 0]","[2, 3, 5, 7, 11, 13, 17, 19]"
10343/243,42.56378601,10343,243,"[3, 10343]","[0, -5, 0, 0, 0, 0, 0, 0]","[2, 3, 5, 7, 11, 13, 17, 19]"
10346/243,42.57613169,10346,243,"[2, 3, 7, 739]","[1, -5, 0, 1, 0, 0, 0, 0]","[2, 3, 5, 7, 11, 13, 17, 19]"
10354/243,42.60905350,10354,243,"[2, 3, 31, 167]","[1, -5, 0, 0, 0, 0, 0, 0]","[2, 3, 5, 7, 11, 13, 17, 19]"
10358/243,42.62551440,10358,243,"[2, 3, 5179]","[1, -5, 0, 0, 0, 0, 0, 0]","[2, 3, 5, 7, 11, 13, 17, 19]"
10361/243,42.63786008,10361,243,"[3, 13, 797]","[0, -5, 0, 0, 0, 1, 0, 0]","[2, 3, 5, 7, 11, 13, 17, 19]"
10366/243,42.65843621,10366,243,"[2, 3, 71, 73]","[1, -5, 0, 0, 0, 0, 0, 0]","[2, 3, 5, 7, 11, 13, 17, 19]"
10373/243,42.68724280,10373,243,"[3, 11, 23, 41]","[0, -5, 0, 0, 1, 0, 0, 0]","[2, 3, 5, 7, 11, 13, 17, 19]"
10375/243,42.69547325,10375,243,"[3, 5, 83]","[0, -5, 3, 0, 0, 0, 0, 0]","[2, 3, 5, 7, 11, 13, 17, 19]"
10376/243,42.69958848,10376,243,"[2, 3, 1297]","[3, -5, 0, 0, 0, 0, 0, 0]","[2, 3, 5, 7, 11, 13, 17, 19]"
10384/243,42.73251029,10384,243,"[2, 3, 11, 59]","[4, -5, 0, 0, 1, 0, 0, 0]","[2, 3, 5, 7, 11, 13, 17, 19]"
10390/243,42.75720165,10390,243,"[2, 3, 5, 1039]","[1, -5, 1, 0, 0, 0, 0, 0]","[2, 3, 5, 7, 11, 13, 17, 19]"
10393/243,42.76954733,10393,243,"[3, 19, 547]","[0, -5, 0, 0, 0, 0, 0, 1]","[2, 3, 5, 7, 11, 13, 17, 19]"
10400/243,42.79835391,10400,243,"[2, 3, 5, 13]","[5, -5, 2, 0, 0, 1, 0, 0]","[2, 3, 5, 7, 11, 13, 17, 19]"
10403/243,42.81069959,10403,243,"[3, 101, 103]","[0, -5, 0, 0, 0, 0, 0, 0]","[2, 3, 5, 7, 11, 13, 17, 19]"
10405/243,42.81893004,10405,243,"[3, 5, 2081]","[0, -5, 1, 0, 0, 0, 0, 0]","[2, 3, 5, 7, 11, 13, 17, 19]"
10409/243,42.83539095,10409,243,"[3, 7, 1487]","[0, -5, 0, 1, 0, 0, 0, 0]","[2, 3, 5, 7, 11, 13, 17, 19]"
10411/243,42.84362140,10411,243,"[3, 29, 359]","[0, -5, 0, 0, 0, 0, 0, 0]","[2, 3, 5, 7, 11, 13, 17, 19]"
10421/243,42.88477366,10421,243,"[3, 17, 613]","[0, -5, 0, 0, 0, 0, 1, 0]","[2, 3, 5, 7, 11, 13, 17, 19]"
10426/243,42.90534979,10426,243,"[2, 3, 13, 401]","[1, -5, 0, 0, 0, 1, 0, 0]","[2, 3, 5, 7, 11, 13, 17, 19]"
10430/243,42.92181070,10430,243,"[2, 3, 5, 7, 149]","[1, -5, 1, 1, 0, 0, 0, 0]","[2, 3, 5, 7, 11, 13, 17, 19]"
10435/243,42.94238683,10435,243,"[3, 5, 2087]","[0, -5, 1, 0, 0, 0, 0, 0]","[2, 3, 5, 7, 11, 13, 17, 19]"
10439/243,42.95884774,10439,243,"[3, 11, 13, 73]","[0, -5, 0, 0, 1, 1, 0, 0]","[2, 3, 5, 7, 11, 13, 17, 19]"
10444/243,42.97942387,10444,243,"[2, 3, 7, 373]","[2, -5, 0, 1, 0, 0, 0, 0]","[2, 3, 5, 7, 11, 13, 17, 19]"
10448/243,42.99588477,10448,243,"[2, 3, 653]","[4, -5, 0, 0, 0, 0, 0, 0]","[2, 3, 5, 7, 11, 13, 17, 19]"
10451/243,43.00823045,10451,243,"[3, 7, 1493]","[0, -5, 0, 1, 0, 0, 0, 0]","[2, 3, 5, 7, 11, 13, 17, 19]"
10453/243,43.01646091,10453,243,"[3, 10453]","[0, -5, 0, 0, 0, 0, 0, 0]","[2, 3, 5, 7, 11, 13, 17, 19]"
10454/243,43.02057613,10454,243,"[2, 3, 5227]","[1, -5, 0, 0, 0, 0, 0, 0]","[2, 3, 5, 7, 11, 13, 17, 19]"
10465/243,43.06584362,10465,243,"[3, 5, 7, 13, 23]","[0, -5, 1, 1, 0, 1, 0, 0]","[2, 3, 5, 7, 11, 13, 17, 19]"
10469/243,43.08230453,10469,243,"[3, 19, 29]","[0, -5, 0, 0, 0, 0, 0, 2]","[2, 3, 5, 7, 11, 13, 17, 19]"
10471/243,43.09053498,10471,243,"[3, 37, 283]","[0, -5, 0, 0, 0, 0, 0, 0]","[2, 3, 5, 7, 11, 13, 17, 19]"
10475/243,43.10699588,10475,243,"[3, 5, 419]","[0, -5, 2, 0, 0, 0, 0, 0]","[2, 3, 5, 7, 11, 13, 17, 19]"
10478/243,43.11934156,10478,243,"[2, 3, 13, 31]","[1, -5, 0, 0, 0, 2, 0, 0]","[2, 3, 5, 7, 11, 13, 17, 19]"
10484/243,43.14403292,10484,243,"[2, 3, 2621]","[2, -5, 0, 0, 0, 0, 0, 0]","[2, 3, 5, 7, 11, 13, 17, 19]"
10486/243,43.15226337,10486,243,"[2, 3, 7, 107]","[1, -5, 0, 2, 0, 0, 0, 0]","[2, 3, 5, 7, 11, 13, 17, 19]"
10490/243,43.16872428,10490,243,"[2, 3, 5, 1049]","[1, -5, 1, 0, 0, 0, 0, 0]","[2, 3, 5, 7, 11, 13, 17, 19]"
10493/243,43.18106996,10493,243,"[3, 7, 1499]","[0, -5, 0, 1, 0, 0, 0, 0]","[2, 3, 5, 7, 11, 13, 17, 19]"
10498/243,43.20164609,10498,243,"[2, 3, 29, 181]","[1, -5, 0, 0, 0, 0, 0, 0]","[2, 3, 5, 7, 11, 13, 17, 19]"
10501/243,43.21399177,10501,243,"[3, 10501]","[0, -5, 0, 0, 0, 0, 0, 0]","[2, 3, 5, 7, 11, 13, 17, 19]"
10505/243,43.23045267,10505,243,"[3, 5, 11, 191]","[0, -5, 1, 0, 1, 0, 0, 0]","[2, 3, 5, 7, 11, 13, 17, 19]"
10508/243,43.24279835,10508,243,"[2, 3, 37, 71]","[2, -5, 0, 0, 0, 0, 0, 0]","[2, 3, 5, 7, 11, 13, 17, 19]"
10511/243,43.25514403,10511,243,"[3, 23, 457]","[0, -5, 0, 0, 0, 0, 0, 0]","[2, 3, 5, 7, 11, 13, 17, 19]"
10516/243,43.27572016,10516,243,"[2, 3, 11, 239]","[2, -5, 0, 0, 1, 0, 0, 0]","[2, 3, 5, 7, 11, 13, 17, 19]"
10523/243,43.30452675,10523,243,"[3, 17, 619]","[0, -5, 0, 0, 0, 0, 1, 0]","[2, 3, 5, 7, 11, 13, 17, 19]"
10525/243,43.31275720,10525,243,"[3, 5, 421]","[0, -5, 2, 0, 0, 0, 0, 0]","[2, 3, 5, 7, 11, 13, 17, 19]"
10528/243,43.32510288,10528,243,"[2, 3, 7, 47]","[5, -5, 0, 1, 0, 0, 0, 0]","[2, 3, 5, 7, 11, 13, 17, 19]"
10529/243,43.32921811,10529,243,"[3, 10529]","[0, -5, 0, 0, 0, 0, 0, 0]","[2, 3, 5, 7, 11, 13, 17, 19]"
10534/243,43.34979424,10534,243,"[2, 3, 23, 229]","[1, -5, 0, 0, 0, 0, 0, 0]","[2, 3, 5, 7, 11, 13, 17, 19]"
10535/243,43.35390947,10535,243,"[3, 5, 7, 43]","[0, -5, 1, 2, 0, 0, 0, 0]","[2, 3, 5, 7, 11, 13, 17, 19]"
10543/243,43.38683128,10543,243,"[3, 13, 811]","[0, -5, 0, 0, 0, 1, 0, 0]","[2, 3, 5, 7, 11, 13, 17, 19]"
10544/243,43.39094650,10544,243,"[2, 3, 659]","[4, -5, 0, 0, 0, 0, 0, 0]","[2, 3, 5, 7, 11, 13, 17, 19]"
10546/243,43.39917695,10546,243,"[2, 3, 5273]","[1, -5, 0, 0, 0, 0, 0, 0]","[2, 3, 5, 7, 11, 13, 17, 19]"
10550/243,43.41563786,10550,243,"[2, 3, 5, 211]","[1, -5, 2, 0, 0, 0, 0, 0]","[2, 3, 5, 7, 11, 13, 17, 19]"
10555/243,43.43621399,10555,243,"[3, 5, 2111]","[0, -5, 1, 0, 0, 0, 0, 0]","[2, 3, 5, 7, 11, 13, 17, 19]"
10559/243,43.45267490,10559,243,"[3, 10559]","[0, -5, 0, 0, 0, 0, 0, 0]","[2, 3, 5, 7, 11, 13, 17, 19]"
10565/243,43.47736626,10565,243,"[3, 5, 2113]","[0, -5, 1, 0, 0, 0, 0, 0]","[2, 3, 5, 7, 11, 13, 17, 19]"
10571/243,43.50205761,10571,243,"[3, 11, 31]","[0, -5, 0, 0, 1, 0, 0, 0]","[2, 3, 5, 7, 11, 13, 17, 19]"
10573/243,43.51028807,10573,243,"[3, 97, 109]","[0, -5, 0, 0, 0, 0, 0, 0]","[2, 3, 5, 7, 11, 13, 17, 19]"
10579/243,43.53497942,10579,243,"[3, 71, 149]","[0, -5, 0, 0, 0, 0, 0, 0]","[2, 3, 5, 7, 11, 13, 17, 19]"
10583/243,43.55144033,10583,243,"[3, 19, 557]","[0, -5, 0, 0, 0, 0, 0, 1]","[2, 3, 5, 7, 11, 13, 17, 19]"
10586/243,43.56378601,10586,243,"[2, 3, 67, 79]","[1, -5, 0, 0, 0, 0, 0, 0]","[2, 3, 5, 7, 11, 13, 17, 19]"
10589/243,43.57613169,10589,243,"[3, 10589]","[0, -5, 0, 0, 0, 0, 0, 0]","[2, 3, 5, 7, 11, 13, 17, 19]"
10600/243,43.62139918,10600,243,"[2, 3, 5, 53]","[3, -5, 2, 0, 0, 0, 0, 0]","[2, 3, 5, 7, 11, 13, 17, 19]"
10601/243,43.62551440,10601,243,"[3, 10601]","[0, -5, 0, 0, 0, 0, 0, 0]","[2, 3, 5, 7, 11, 13, 17, 19]"
10604/243,43.63786008,10604,243,"[2, 3, 11, 241]","[2, -5, 0, 0, 1, 0, 0, 0]","[2, 3, 5, 7, 11, 13, 17, 19]"
10609/243,43.65843621,10609,243,"[3, 103]","[0, -5, 0, 0, 0, 0, 0, 0]","[2, 3, 5, 7, 11, 13, 17, 19]"
10610/243,43.66255144,10610,243,"[2, 3, 5, 1061]","[1, -5, 1, 0, 0, 0, 0, 0]","[2, 3, 5, 7, 11, 13, 17, 19]"
10615/243,43.68312757,10615,243,"[3, 5, 11, 193]","[0, -5, 1, 0, 1, 0, 0, 0]","[2, 3, 5, 7, 11, 13, 17, 19]"
10616/243,43.68724280,10616,243,"[2, 3, 1327]","[3, -5, 0, 0, 0, 0, 0, 0]","[2, 3, 5, 7, 11, 13, 17, 19]"
10618/243,43.69547325,10618,243,"[2, 3, 5309]","[1, -5, 0, 0, 0, 0, 0, 0]","[2, 3, 5, 7, 11, 13, 17, 19]"
10619/243,43.69958848,10619,243,"[3, 7, 37, 41]","[0, -5, 0, 1, 0, 0, 0, 0]","[2, 3, 5, 7, 11, 13, 17, 19]"
10633/243,43.75720165,10633,243,"[3, 7, 31]","[0, -5, 0, 3, 0, 0, 0, 0]","[2, 3, 5, 7, 11, 13, 17, 19]"
10636/243,43.76954733,10636,243,"[2, 3, 2659]","[2, -5, 0, 0, 0, 0, 0, 0]","[2, 3, 5, 7, 11, 13, 17, 19]"
10640/243,43.78600823,10640,243,"[2, 3, 5, 7, 19]","[4, -5, 1, 1, 0, 0, 0, 1]","[2, 3, 5, 7, 11, 13, 17, 19]"
10643/243,43.79835391,10643,243,"[3, 29, 367]","[0, -5, 0, 0, 0, 0, 0, 0]","[2, 3, 5, 7, 11, 13, 17, 19]"
10646/243,43.81069959,10646,243,"[2, 3, 5323]","[1, -5, 0, 0, 0, 0, 0, 0]","[2, 3, 5, 7, 11, 13, 17, 19]"
10648/243,43.81893004,10648,243,"[2, 3, 11]","[3, -5, 0, 0, 3, 0, 0, 0]","[2, 3, 5, 7, 11, 13, 17, 19]"
10654/243,43.84362140,10654,243,"[2, 3, 7, 761]","[1, -5, 0, 1, 0, 0, 0, 0]","[2, 3, 5, 7, 11, 13, 17, 19]"
10655/243,43.84773663,10655,243,"[3, 5, 2131]","[0, -5, 1, 0, 0, 0, 0, 0]","[2, 3, 5, 7, 11, 13, 17, 19]"
10660/243,43.86831276,10660,243,"[2, 3, 5, 13, 41]","[2, -5, 1, 0, 0, 1, 0, 0]","[2, 3, 5, 7, 11, 13, 17, 19]"
10664/243,43.88477366,10664,243,"[2, 3, 31, 43]","[3, -5, 0, 0, 0, 0, 0, 0]","[2, 3, 5, 7, 11, 13, 17, 19]"
10669/243,43.90534979,10669,243,"[3, 47, 227]","[0, -5, 0, 0, 0, 0, 0, 0]","[2, 3, 5, 7, 11, 13, 17, 19]"
10673/243,43.92181070,10673,243,"[3, 13, 821]","[0, -5, 0, 0, 0, 1, 0, 0]","[2, 3, 5, 7, 11, 13, 17, 19]"
10675/243,43.93004115,10675,243,"[3, 5, 7, 61]","[0, -5, 2, 1, 0, 0, 0, 0]","[2, 3, 5, 7, 11, 13, 17, 19]"
10678/243,43.94238683,10678,243,"[2, 3, 19, 281]","[1, -5, 0, 0, 0, 0, 0, 1]","[2, 3, 5, 7, 11, 13, 17, 19]"
10685/243,43.97119342,10685,243,"[3, 5, 2137]","[0, -5, 1, 0, 0, 0, 0, 0]","[2, 3, 5, 7, 11, 13, 17, 19]"
10690/243,43.99176955,10690,243,"[2, 3, 5, 1069]","[1, -5, 1, 0, 0, 0, 0, 0]","[2, 3, 5, 7, 11, 13, 17, 19]"
10691/243,43.99588477,10691,243,"[3, 10691]","[0, -5, 0, 0, 0, 0, 0, 0]","[2, 3, 5, 7, 11, 13, 17, 19]"
10694/243,44.00823045,10694,243,"[2, 3, 5347]","[1, -5, 0, 0, 0, 0, 0, 0]","[2, 3, 5, 7, 11, 13, 17, 19]"
10696/243,44.01646091,10696,243,"[2, 3, 7, 191]","[3, -5, 0, 1, 0, 0, 0, 0]","[2, 3, 5, 7, 11, 13, 17, 19]"
10705/243,44.05349794,10705,243,"[3, 5, 2141]","[0, -5, 1, 0, 0, 0, 0, 0]","[2, 3, 5, 7, 11, 13, 17, 19]"
10708/243,44.06584362,10708,243,"[2, 3, 2677]","[2, -5, 0, 0, 0, 0, 0, 0]","[2, 3, 5, 7, 11, 13, 17, 19]"
10714/243,44.09053498,10714,243,"[2, 3, 11, 487]","[1, -5, 0, 0, 1, 0, 0, 0]","[2, 3, 5, 7, 11, 13, 17, 19]"
10718/243,44.10699588,10718,243,"[2, 3, 23, 233]","[1, -5, 0, 0, 0, 0, 0, 0]","[2, 3, 5, 7, 11, 13, 17, 19]"
10721/243,44.11934156,10721,243,"[3, 71, 151]","[0, -5, 0, 0, 0, 0, 0, 0]","[2, 3, 5, 7, 11, 13, 17, 19]"
10729/243,44.15226337,10729,243,"[3, 10729]","[0, -5, 0, 0, 0, 0, 0, 0]","[2, 3, 5, 7, 11, 13, 17, 19]"
10733/243,44.16872428,10733,243,"[3, 10733]","[0, -5, 0, 0, 0, 0, 0, 0]","[2, 3, 5, 7, 11, 13, 17, 19]"
10735/243,44.17695473,10735,243,"[3, 5, 19, 113]","[0, -5, 1, 0, 0, 0, 0, 1]","[2, 3, 5, 7, 11, 13, 17, 19]"
10736/243,44.18106996,10736,243,"[2, 3, 11, 61]","[4, -5, 0, 0, 1, 0, 0, 0]","[2, 3, 5, 7, 11, 13, 17, 19]"
10741/243,44.20164609,10741,243,"[3, 23, 467]","[0, -5, 0, 0, 0, 0, 0, 0]","[2, 3, 5, 7, 11, 13, 17, 19]"
10744/243,44.21399177,10744,243,"[2, 3, 17, 79]","[3, -5, 0, 0, 0, 0, 1, 0]","[2, 3, 5, 7, 11, 13, 17, 19]"
10748/243,44.23045267,10748,243,"[2, 3, 2687]","[2, -5, 0, 0, 0, 0, 0, 0]","[2, 3, 5, 7, 11, 13, 17, 19]"
10751/243,44.24279835,10751,243,"[3, 13, 827]","[0, -5, 0, 0, 0, 1, 0, 0]","[2, 3, 5, 7, 11, 13, 17, 19]"
10754/243,44.25514403,10754,243,"[2, 3, 19, 283]","[1, -5, 0, 0, 0, 0, 0, 1]","[2, 3, 5, 7, 11, 13, 17, 19]"
10759/243,44.27572016,10759,243,"[3, 7, 29, 53]","[0, -5, 0, 1, 0, 0, 0, 0]","[2, 3, 5, 7, 11, 13, 17, 19]"
10766/243,44.30452675,10766,243,"[2, 3, 7, 769]","[1, -5, 0, 1, 0, 0, 0, 0]","[2, 3, 5, 7, 11, 13, 17, 19]"
10768/243,44.31275720,10768,243,"[2, 3, 673]","[4, -5, 0, 0, 0, 0, 0, 0]","[2, 3, 5, 7, 11, 13, 17, 19]"
10771/243,44.32510288,10771,243,"[3, 10771]","[0, -5, 0, 0, 0, 0, 0, 0]","[2, 3, 5, 7, 11, 13, 17, 19]"
10775/243,44.34156379,10775,243,"[3, 5, 431]","[0, -5, 2, 0, 0, 0, 0, 0]","[2, 3, 5, 7, 11, 13, 17, 19]"
10778/243,44.35390947,10778,243,"[2, 3, 17, 317]","[1, -5, 0, 0, 0, 0, 1, 0]","[2, 3, 5, 7, 11, 13, 17, 19]"
10780/243,44.36213992,10780,243,"[2, 3, 5, 7, 11]","[2, -5, 1, 2, 1, 0, 0, 0]","[2, 3, 5, 7, 11, 13, 17, 19]"
10786/243,44.38683128,10786,243,"[2, 3, 5393]","[1, -5, 0, 0, 0, 0, 0, 0]","[2, 3, 5, 7, 11, 13, 17, 19]"
10789/243,44.39917695,10789,243,"[3, 10789]","[0, -5, 0, 0, 0, 0, 0, 0]","[2, 3, 5, 7, 11, 13, 17, 19]"
10793/243,44.41563786,10793,243,"[3, 43, 251]","[0, -5, 0, 0, 0, 0, 0, 0]","[2, 3, 5, 7, 11, 13, 17, 19]"
10798/243,44.43621399,10798,243,"[2, 3, 5399]","[1, -5, 0, 0, 0, 0, 0, 0]","[2, 3, 5, 7, 11, 13, 17, 19]"
10805/243,44.46502058,10805,243,"[3, 5, 2161]","[0, -5, 1, 0, 0, 0, 0, 0]","[2, 3, 5, 7, 11, 13, 17, 19]"
10808/243,44.47736626,10808,243,"[2, 3, 7, 193]","[3, -5, 0, 1, 0, 0, 0, 0]","[2, 3, 5, 7, 11, 13, 17, 19]"
10810/243,44.48559671,10810,243,"[2, 3, 5, 23, 47]","[1, -5, 1, 0, 0, 0, 0, 0]","[2, 3, 5, 7, 11, 13, 17, 19]"
10814/243,44.50205761,10814,243,"[2, 3, 5407]","[1, -5, 0, 0, 0, 0, 0, 0]","[2, 3, 5, 7, 11, 13, 17, 19]"
10816/243,44.51028807,10816,243,"[2, 3, 13]","[6, -5, 0, 0, 0, 2, 0, 0]","[2, 3, 5, 7, 11, 13, 17, 19]"
10826/243,44.55144033,10826,243,"[2, 3, 5413]","[1, -5, 0, 0, 0, 0, 0, 0]","[2, 3, 5, 7, 11, 13, 17, 19]"
10829/243,44.56378601,10829,243,"[3, 7, 13, 17]","[0, -5, 0, 2, 0, 1, 1, 0]","[2, 3, 5, 7, 11, 13, 17, 19]"
10835/243,44.58847737,10835,243,"[3, 5, 11, 197]","[0, -5, 1, 0, 1, 0, 0, 0]","[2, 3, 5, 7, 11, 13, 17, 19]"
10840/243,44.60905350,10840,243,"[2, 3, 5, 271]","[3, -5, 1, 0, 0, 0, 0, 0]","[2, 3, 5, 7, 11, 13, 17, 19]"
10843/243,44.62139918,10843,243,"[3, 7, 1549]","[0, -5, 0, 1, 0, 0, 0, 0]","[2, 3, 5, 7, 11, 13, 17, 19]"
10844/243,44.62551440,10844,243,"[2, 3, 2711]","[2, -5, 0, 0, 0, 0, 0, 0]","[2, 3, 5, 7, 11, 13, 17, 19]"
10853/243,44.66255144,10853,243,"[3, 10853]","[0, -5, 0, 0, 0, 0, 0, 0]","[2, 3, 5, 7, 11, 13, 17, 19]"
10858/243,44.68312757,10858,243,"[2, 3, 61, 89]","[1, -5, 0, 0, 0, 0, 0, 0]","[2, 3, 5, 7, 11, 13, 17, 19]"
10859/243,44.68724280,10859,243,"[3, 10859]","[0, -5, 0, 0, 0, 0, 0, 0]","[2, 3, 5, 7, 11, 13, 17, 19]"
10861/243,44.69547325,10861,243,"[3, 10861]","[0, -5, 0, 0, 0, 0, 0, 0]","[2, 3, 5, 7, 11, 13, 17, 19]"
10876/243,44.75720165,10876,243,"[2, 3, 2719]","[2, -5, 0, 0, 0, 0, 0, 0]","[2, 3, 5, 7, 11, 13, 17, 19]"
10879/243,44.76954733,10879,243,"[3, 11, 23, 43]","[0, -5, 0, 0, 1, 0, 0, 0]","[2, 3, 5, 7, 11, 13, 17, 19]"
10880/243,44.77366255,10880,243,"[2, 3, 5, 17]","[7, -5, 1, 0, 0, 0, 1, 0]","[2, 3, 5, 7, 11, 13, 17, 19]"
10883/243,44.78600823,10883,243,"[3, 10883]","[0, -5, 0, 0, 0, 0, 0, 0]","[2, 3, 5, 7, 11, 13, 17, 19]"
10886/243,44.79835391,10886,243,"[2, 3, 5443]","[1, -5, 0, 0, 0, 0, 0, 0]","[2, 3, 5, 7, 11, 13, 17, 19]"
10889/243,44.81069959,10889,243,"[3, 10889]","[0, -5, 0, 0, 0, 0, 0, 0]","[2, 3, 5, 7, 11, 13, 17, 19]"
10891/243,44.81893004,10891,243,"[3, 10891]","[0, -5, 0, 0, 0, 0, 0, 0]","[2, 3, 5, 7, 11, 13, 17, 19]"
10898/243,44.84773663,10898,243,"[2, 3, 5449]","[1, -5, 0, 0, 0, 0, 0, 0]","[2, 3, 5, 7, 11, 13, 17, 19]"
10903/243,44.86831276,10903,243,"[3, 10903]","[0, -5, 0, 0, 0, 0, 0, 0]","[2, 3, 5, 7, 11, 13, 17, 19]"
10910/243,44.89711934,10910,243,"[2, 3, 5, 1091]","[1, -5, 1, 0, 0, 0, 0, 0]","[2, 3, 5, 7, 11, 13, 17, 19]"
10916/243,44.92181070,10916,243,"[2, 3, 2729]","[2, -5, 0, 0, 0, 0, 0, 0]","[2, 3, 5, 7, 11, 13, 17, 19]"
10918/243,44.93004115,10918,243,"[2, 3, 53, 103]","[1, -5, 0, 0, 0, 0, 0, 0]","[2, 3, 5, 7, 11, 13, 17, 19]"
10921/243,44.94238683,10921,243,"[3, 67, 163]","[0, -5, 0, 0, 0, 0, 0, 0]","[2, 3, 5, 7, 11, 13, 17, 19]"
10925/243,44.95884774,10925,243,"[3, 5, 19, 23]","[0, -5, 2, 0, 0, 0, 0, 1]","[2, 3, 5, 7, 11, 13, 17, 19]"
10928/243,44.97119342,10928,243,"[2, 3, 683]","[4, -5, 0, 0, 0, 0, 0, 0]","[2, 3, 5, 7, 11, 13, 17, 19]"
10930/243,44.97942387,10930,243,"[2, 3, 5, 1093]","[1, -5, 1, 0, 0, 0, 0, 0]","[2, 3, 5, 7, 11, 13, 17, 19]"
10933/243,44.99176955,10933,243,"[3, 13, 29]","[0, -5, 0, 0, 0, 1, 0, 0]","[2, 3, 5, 7, 11, 13, 17, 19]"
10934/243,44.99588477,10934,243,"[2, 3, 7, 11, 71]","[1, -5, 0, 1, 1, 0, 0, 0]","[2, 3, 5, 7, 11, 13, 17, 19]"
10939/243,45.01646091,10939,243,"[3, 10939]","[0, -5, 0, 0, 0, 0, 0, 0]","[2, 3, 5, 7, 11, 13, 17, 19]"
10940/243,45.02057613,10940,243,"[2, 3, 5, 547]","[2, -5, 1, 0, 0, 0, 0, 0]","[2, 3, 5, 7, 11, 13, 17, 19]"
10948/243,45.05349794,10948,243,"[2, 3, 7, 17, 23]","[2, -5, 0, 1, 0, 0, 1, 0]","[2, 3, 5, 7, 11, 13, 17, 19]"
10951/243,45.06584362,10951,243,"[3, 47, 233]","[0, -5, 0, 0, 0, 0, 0, 0]","[2, 3, 5, 7, 11, 13, 17, 19]"
10955/243,45.08230453,10955,243,"[3, 5, 7, 313]","[0, -5, 1, 1, 0, 0, 0, 0]","[2, 3, 5, 7, 11, 13, 17, 19]"
10960/243,45.10288066,10960,243,"[2, 3, 5, 137]","[4, -5, 1, 0, 0, 0, 0, 0]","[2, 3, 5, 7, 11, 13, 17, 19]"
10961/243,45.10699588,10961,243,"[3, 97, 113]","[0, -5, 0, 0, 0, 0, 0, 0]","[2, 3, 5, 7, 11, 13, 17, 19]"
10964/243,45.11934156,10964,243,"[2, 3, 2741]","[2, -5, 0, 0, 0, 0, 0, 0]","[2, 3, 5, 7, 11, 13, 17, 19]"
10975/243,45.16460905,10975,243,"[3, 5, 439]","[0, -5, 2, 0, 0, 0, 0, 0]","[2, 3, 5, 7, 11, 13, 17, 19]"
10976/243,45.16872428,10976,243,"[2, 3, 7]","[5, -5, 0, 3, 0, 0, 0, 0]","[2, 3, 5, 7, 11, 13, 17, 19]"
10978/243,45.17695473,10978,243,"[2, 3, 11, 499]","[1, -5, 0, 0, 1, 0, 0, 0]","[2, 3, 5, 7, 11, 13, 17, 19]"
10979/243,45.18106996,10979,243,"[3, 10979]","[0, -5, 0, 0, 0, 0, 0, 0]","[2, 3, 5, 7, 11, 13, 17, 19]"
10984/243,45.20164609,10984,243,"[2, 3, 1373]","[3, -5, 0, 0, 0, 0, 0, 0]","[2, 3, 5, 7, 11, 13, 17, 19]"
10991/243,45.23045267,10991,243,"[3, 29, 379]","[0, -5, 0, 0, 0, 0, 0, 0]","[2, 3, 5, 7, 11, 13, 17, 19]"
10994/243,45.24279835,10994,243,"[2, 3, 23, 239]","[1, -5, 0, 0, 0, 0, 0, 0]","[2, 3, 5, 7, 11, 13, 17, 19]"
11000/243,45.26748971,11000,243,"[2, 3, 5, 11]","[3, -5, 3, 0, 1, 0, 0, 0]","[2, 3, 5, 7, 11, 13, 17, 19]"
11005/243,45.28806584,11005,243,"[3, 5, 31, 71]","[0, -5, 1, 0, 0, 0, 0, 0]","[2, 3, 5, 7, 11, 13, 17, 19]"
11009/243,45.30452675,11009,243,"[3, 101, 109]","[0, -5, 0, 0, 0, 0, 0, 0]","[2, 3, 5, 7, 11, 13, 17, 19]"
11011/243,45.31275720,11011,243,"[3, 7, 11, 13]","[0, -5, 0, 1, 2, 1, 0, 0]","[2, 3, 5, 7, 11, 13, 17, 19]"
11014/243,45.32510288,11014,243,"[2, 3, 5507]","[1, -5, 0, 0, 0, 0, 0, 0]","[2, 3, 5, 7, 11, 13, 17, 19]"
11015/243,45.32921811,11015,243,"[3, 5, 2203]","[0, -5, 1, 0, 0, 0, 0, 0]","[2, 3, 5, 7, 11, 13, 17, 19]"
11018/243,45.34156379,11018,243,"[2, 3, 7, 787]","[1, -5, 0, 1, 0, 0, 0, 0]","[2, 3, 5, 7, 11, 13, 17, 19]"
11021/243,45.35390947,11021,243,"[3, 103, 107]","[0, -5, 0, 0, 0, 0, 0, 0]","[2, 3, 5, 7, 11, 13, 17, 19]"
11023/243,45.36213992,11023,243,"[3, 73, 151]","[0, -5, 0, 0, 0, 0, 0, 0]","[2, 3, 5, 7, 11, 13, 17, 19]"
11029/243,45.38683128,11029,243,"[3, 41, 269]","[0, -5, 0, 0, 0, 0, 0, 0]","[2, 3, 5, 7, 11, 13, 17, 19]"
11036/243,45.41563786,11036,243,"[2, 3, 31, 89]","[2, -5, 0, 0, 0, 0, 0, 0]","[2, 3, 5, 7, 11, 13, 17, 19]"
11041/243,45.43621399,11041,243,"[3, 61, 181]","[0, -5, 0, 0, 0, 0, 0, 0]","[2, 3, 5, 7, 11, 13, 17, 19]"
11048/243,45.46502058,11048,243,"[2, 3, 1381]","[3, -5, 0, 0, 0, 0, 0, 0]","[2, 3, 5, 7, 11, 13, 17, 19]"
11050/243,45.47325103,11050,243,"[2, 3, 5, 13, 17]","[1, -5, 2, 0, 0, 1, 1, 0]","[2, 3, 5, 7, 11, 13, 17, 19]"
11051/243,45.47736626,11051,243,"[3, 43, 257]","[0, -5, 0, 0, 0, 0, 0, 0]","[2, 3, 5, 7, 11, 13, 17, 19]"
11053/243,45.48559671,11053,243,"[3, 7, 1579]","[0, -5, 0, 1, 0, 0, 0, 0]","[2, 3, 5, 7, 11, 13, 17, 19]"
11059/243,45.51028807,11059,243,"[3, 11059]","[0, -5, 0, 0, 0, 0, 0, 0]","[2, 3, 5, 7, 11, 13, 17, 19]"
11060/243,45.51440329,11060,243,"[2, 3, 5, 7, 79]","[2, -5, 1, 1, 0, 0, 0, 0]","[2, 3, 5, 7, 11, 13, 17, 19]"
11065/243,45.53497942,11065,243,"[3, 5, 2213]","[0, -5, 1, 0, 0, 0, 0, 0]","[2, 3, 5, 7, 11, 13, 17, 19]"
11069/243,45.55144033,11069,243,"[3, 11069]","[0, -5, 0, 0, 0, 0, 0, 0]","[2, 3, 5, 7, 11, 13, 17, 19]"
11078/243,45.58847737,11078,243,"[2, 3, 29, 191]","[1, -5, 0, 0, 0, 0, 0, 0]","[2, 3, 5, 7, 11, 13, 17, 19]"
11080/243,45.59670782,11080,243,"[2, 3, 5, 277]","[3, -5, 1, 0, 0, 0, 0, 0]","[2, 3, 5, 7, 11, 13, 17, 19]"
11083/243,45.60905350,11083,243,"[3, 11083]","[0, -5, 0, 0, 0, 0, 0, 0]","[2, 3, 5, 7, 11, 13, 17, 19]"
11086/243,45.62139918,11086,243,"[2, 3, 23, 241]","[1, -5, 0, 0, 0, 0, 0, 0]","[2, 3, 5, 7, 11, 13, 17, 19]"
11090/243,45.63786008,11090,243,"[2, 3, 5, 1109]","[1, -5, 1, 0, 0, 0, 0, 0]","[2, 3, 5, 7, 11, 13, 17, 19]"
11096/243,45.66255144,11096,243,"[2, 3, 19, 73]","[3, -5, 0, 0, 0, 0, 0, 1]","[2, 3, 5, 7, 11, 13, 17, 19]"
11101/243,45.68312757,11101,243,"[3, 17, 653]","[0, -5, 0, 0, 0, 0, 1, 0]","[2, 3, 5, 7, 11, 13, 17, 19]"
11104/243,45.69547325,11104,243,"[2, 3, 347]","[5, -5, 0, 0, 0, 0, 0, 0]","[2, 3, 5, 7, 11, 13, 17, 19]"
11110/243,45.72016461,11110,243,"[2, 3, 5, 11, 101]","[1, -5, 1, 0, 1, 0, 0, 0]","[2, 3, 5, 7, 11, 13, 17, 19]"
11119/243,45.75720165,11119,243,"[3, 11119]","[0, -5, 0, 0, 0, 0, 0, 0]","[2, 3, 5, 7, 11, 13, 17, 19]"
11123/243,45.77366255,11123,243,"[3, 7, 227]","[0, -5, 0, 2, 0, 0, 0, 0]","[2, 3, 5, 7, 11, 13, 17, 19]"
11125/243,45.78189300,11125,243,"[3, 5, 89]","[0, -5, 3, 0, 0, 0, 0, 0]","[2, 3, 5, 7, 11, 13, 17, 19]"
11126/243,45.78600823,11126,243,"[2, 3, 5563]","[1, -5, 0, 0, 0, 0, 0, 0]","[2, 3, 5, 7, 11, 13, 17, 19]"
11129/243,45.79835391,11129,243,"[3, 31, 359]","[0, -5, 0, 0, 0, 0, 0, 0]","[2, 3, 5, 7, 11, 13, 17, 19]"
11134/243,45.81893004,11134,243,"[2, 3, 19, 293]","[1, -5, 0, 0, 0, 0, 0, 1]","[2, 3, 5, 7, 11, 13, 17, 19]"
11140/243,45.84362140,11140,243,"[2, 3, 5, 557]","[2, -5, 1, 0, 0, 0, 0, 0]","[2, 3, 5, 7, 11, 13, 17, 19]"
11141/243,45.84773663,11141,243,"[3, 13, 857]","[0, -5, 0, 0, 0, 1, 0, 0]","[2, 3, 5, 7, 11, 13, 17, 19]"
11146/243,45.86831276,11146,243,"[2, 3, 5573]","[1, -5, 0, 0, 0, 0, 0, 0]","[2, 3, 5, 7, 11, 13, 17, 19]"
11150/243,45.88477366,11150,243,"[2, 3, 5, 223]","[1, -5, 2, 0, 0, 0, 0, 0]","[2, 3, 5, 7, 11, 13, 17, 19]"
11153/243,45.89711934,11153,243,"[3, 19, 587]","[0, -5, 0, 0, 0, 0, 0, 1]","[2, 3, 5, 7, 11, 13, 17, 19]"
11159/243,45.92181070,11159,243,"[3, 11159]","[0, -5, 0, 0, 0, 0, 0, 0]","[2, 3, 5, 7, 11, 13, 17, 19]"
11161/243,45.93004115,11161,243,"[3, 11161]","[0, -5, 0, 0, 0, 0, 0, 0]","[2, 3, 5, 7, 11, 13, 17, 19]"
11164/243,45.94238683,11164,243,"[2, 3, 2791]","[2, -5, 0, 0, 0, 0, 0, 0]","[2, 3, 5, 7, 11, 13, 17, 19]"
11168/243,45.95884774,11168,243,"[2, 3, 349]","[5, -5, 0, 0, 0, 0, 0, 0]","[2, 3, 5, 7, 11, 13, 17, 19]"
11171/243,45.97119342,11171,243,"[3, 11171]","[0, -5, 0, 0, 0, 0, 0, 0]","[2, 3, 5, 7, 11, 13, 17, 19]"
11173/243,45.97942387,11173,243,"[3, 11173]","[0, -5, 0, 0, 0, 0, 0, 0]","[2, 3, 5, 7, 11, 13, 17, 19]"
11176/243,45.99176955,11176,243,"[2, 3, 11, 127]","[3, -5, 0, 0, 1, 0, 0, 0]","[2, 3, 5, 7, 11, 13, 17, 19]"
11180/243,46.00823045,11180,243,"[2, 3, 5, 13, 43]","[2, -5, 1, 0, 0, 1, 0, 0]","[2, 3, 5, 7, 11, 13, 17, 19]"
11183/243,46.02057613,11183,243,"[3, 53, 211]","[0, -5, 0, 0, 0, 0, 0, 0]","[2, 3, 5, 7, 11, 13, 17, 19]"
11185/243,46.02880658,11185,243,"[3, 5, 2237]","[0, -5, 1, 0, 0, 0, 0, 0]","[2, 3, 5, 7, 11, 13, 17, 19]"
11191/243,46.05349794,11191,243,"[3, 19, 31]","[0, -5, 0, 0, 0, 0, 0, 2]","[2, 3, 5, 7, 11, 13, 17, 19]"
11194/243,46.06584362,11194,243,"[2, 3, 29, 193]","[1, -5, 0, 0, 0, 0, 0, 0]","[2, 3, 5, 7, 11, 13, 17, 19]"
11198/243,46.08230453,11198,243,"[2, 3, 11, 509]","[1, -5, 0, 0, 1, 0, 0, 0]","[2, 3, 5, 7, 11, 13, 17, 19]"
11203/243,46.10288066,11203,243,"[3, 17, 659]","[0, -5, 0, 0, 0, 0, 1, 0]","[2, 3, 5, 7, 11, 13, 17, 19]"
11204/243,46.10699588,11204,243,"[2, 3, 2801]","[2, -5, 0, 0, 0, 0, 0, 0]","[2, 3, 5, 7, 11, 13, 17, 19]"
11210/243,46.13168724,11210,243,"[2, 3, 5, 19, 59]","[1, -5, 1, 0, 0, 0, 0, 1]","[2, 3, 5, 7, 11, 13, 17, 19]"
11215/243,46.15226337,11215,243,"[3, 5, 2243]","[0, -5, 1, 0, 0, 0, 0, 0]","[2, 3, 5, 7, 11, 13, 17, 19]"
11218/243,46.16460905,11218,243,"[2, 3, 71, 79]","[1, -5, 0, 0, 0, 0, 0, 0]","[2, 3, 5, 7, 11, 13, 17, 19]"
11219/243,46.16872428,11219,243,"[3, 13, 863]","[0, -5, 0, 0, 0, 1, 0, 0]","[2, 3, 5, 7, 11, 13, 17, 19]"
11221/243,46.17695473,11221,243,"[3, 7, 229]","[0, -5, 0, 2, 0, 0, 0, 0]","[2, 3, 5, 7, 11, 13, 17, 19]"
11225/243,46.19341564,11225,243,"[3, 5, 449]","[0, -5, 2, 0, 0, 0, 0, 0]","[2, 3, 5, 7, 11, 13, 17, 19]"
11234/243,46.23045267,11234,243,"[2, 3, 41, 137]","[1, -5, 0, 0, 0, 0, 0, 0]","[2, 3, 5, 7, 11, 13, 17, 19]"
11240/243,46.25514403,11240,243,"[2, 3, 5, 281]","[3, -5, 1, 0, 0, 0, 0, 0]","[2, 3, 5, 7, 11, 13, 17, 19]"
11243/243,46.26748971,11243,243,"[3, 11243]","[0, -5, 0, 0, 0, 0, 0, 0]","[2, 3, 5, 7, 11, 13, 17, 19]"
11248/243,46.28806584,11248,243,"[2, 3, 19, 37]","[4, -5, 0, 0, 0, 0, 0, 1]","[2, 3, 5, 7, 11, 13, 17, 19]"
11254/243,46.31275720,11254,243,"[2, 3, 17, 331]","[1, -5, 0, 0, 0, 0, 1, 0]","[2, 3, 5, 7, 11, 13, 17, 19]"
11258/243,46.32921811,11258,243,"[2, 3, 13, 433]","[1, -5, 0, 0, 0, 1, 0, 0]","[2, 3, 5, 7, 11, 13, 17, 19]"
11261/243,46.34156379,11261,243,"[3, 11261]","[0, -5, 0, 0, 0, 0, 0, 0]","[2, 3, 5, 7, 11, 13, 17, 19]"
11264/243,46.35390947,11264,243,"[2, 3, 11]","[10, -5, 0, 0, 1, 0, 0, 0]","[2, 3, 5, 7, 11, 13, 17, 19]"
11266/243,46.36213992,11266,243,"[2, 3, 43, 131]","[1, -5, 0, 0, 0, 0, 0, 0]","[2, 3, 5, 7, 11, 13, 17, 19]"
11275/243,46.39917695,11275,243,"[3, 5, 11, 41]","[0, -5, 2, 0, 1, 0, 0, 0]","[2, 3, 5, 7, 11, 13, 17, 19]"
11279/243,46.41563786,11279,243,"[3, 11279]","[0, -5, 0, 0, 0, 0, 0, 0]","[2, 3, 5, 7, 11, 13, 17, 19]"
11284/243,46.43621399,11284,243,"[2, 3, 7, 13, 31]","[2, -5, 0, 1, 0, 1, 0, 0]","[2, 3, 5, 7, 11, 13, 17, 19]"
11285/243,46.44032922,11285,243,"[3, 5, 37, 61]","[0, -5, 1, 0, 0, 0, 0, 0]","[2, 3, 5, 7, 11, 13, 17, 19]"
11291/243,46.46502058,11291,243,"[3, 7, 1613]","[0, -5, 0, 1, 0, 0, 0, 0]","[2, 3, 5, 7, 11, 13, 17, 19]"
11293/243,46.47325103,11293,243,"[3, 23, 491]","[0, -5, 0, 0, 0, 0, 0, 0]","[2, 3, 5, 7, 11, 13, 17, 19]"
11294/243,46.47736626,11294,243,"[2, 3, 5647]","[1, -5, 0, 0, 0, 0, 0, 0]","[2, 3, 5, 7, 11, 13, 17, 19]"
11296/243,46.48559671,11296,243,"[2, 3, 353]","[5, -5, 0, 0, 0, 0, 0, 0]","[2, 3, 5, 7, 11, 13, 17, 19]"
11303/243,46.51440329,11303,243,"[3, 89, 127]","[0, -5, 0, 0, 0, 0, 0, 0]","[2, 3, 5, 7, 11, 13, 17, 19]"
11308/243,46.53497942,11308,243,"[2, 3, 11, 257]","[2, -5, 0, 0, 1, 0, 0, 0]","[2, 3, 5, 7, 11, 13, 17, 19]"
11315/243,46.56378601,11315,243,"[3, 5, 31, 73]","[0, -5, 1, 0, 0, 0, 0, 0]","[2, 3, 5, 7, 11, 13, 17, 19]"
11321/243,46.58847737,11321,243,"[3, 11321]","[0, -5, 0, 0, 0, 0, 0, 0]","[2, 3, 5, 7, 11, 13, 17, 19]"
11323/243,46.59670782,11323,243,"[3, 13, 67]","[0, -5, 0, 0, 0, 2, 0, 0]","[2, 3, 5, 7, 11, 13, 17, 19]"
11326/243,46.60905350,11326,243,"[2, 3, 7, 809]","[1, -5, 0, 1, 0, 0, 0, 0]","[2, 3, 5, 7, 11, 13, 17, 19]"
11329/243,46.62139918,11329,243,"[3, 11329]","[0, -5, 0, 0, 0, 0, 0, 0]","[2, 3, 5, 7, 11, 13, 17, 19]"
11330/243,46.62551440,11330,243,"[2, 3, 5, 11, 103]","[1, -5, 1, 0, 1, 0, 0, 0]","[2, 3, 5, 7, 11, 13, 17, 19]"
11333/243,46.63786008,11333,243,"[3, 7, 1619]","[0, -5, 0, 1, 0, 0, 0, 0]","[2, 3, 5, 7, 11, 13, 17, 19]"
11335/243,46.64609053,11335,243,"[3, 5, 2267]","[0, -5, 1, 0, 0, 0, 0, 0]","[2, 3, 5, 7, 11, 13, 17, 19]"
11339/243,46.66255144,11339,243,"[3, 17, 23, 29]","[0, -5, 0, 0, 0, 0, 1, 0]","[2, 3, 5, 7, 11, 13, 17, 19]"
11344/243,46.68312757,11344,243,"[2, 3, 709]","[4, -5, 0, 0, 0, 0, 0, 0]","[2, 3, 5, 7, 11, 13, 17, 19]"
11350/243,46.70781893,11350,243,"[2, 3, 5, 227]","[1, -5, 2, 0, 0, 0, 0, 0]","[2, 3, 5, 7, 11, 13, 17, 19]"
11353/243,46.72016461,11353,243,"[3, 11353]","[0, -5, 0, 0, 0, 0, 0, 0]","[2, 3, 5, 7, 11, 13, 17, 19]"
11360/243,46.74897119,11360,243,"[2, 3, 5, 71]","[5, -5, 1, 0, 0, 0, 0, 0]","[2, 3, 5, 7, 11, 13, 17, 19]"
11365/243,46.76954733,11365,243,"[3, 5, 2273]","[0, -5, 1, 0, 0, 0, 0, 0]","[2, 3, 5, 7, 11, 13, 17, 19]"
11366/243,46.77366255,11366,243,"[2, 3, 5683]","[1, -5, 0, 0, 0, 0, 0, 0]","[2, 3, 5, 7, 11, 13, 17, 19]"
11368/243,46.78189300,11368,243,"[2, 3, 7, 29]","[3, -5, 0, 2, 0, 0, 0, 0]","[2, 3, 5, 7, 11, 13, 17, 19]"
11369/243,46.78600823,11369,243,"[3, 11369]","[0, -5, 0, 0, 0, 0, 0, 0]","[2, 3, 5, 7, 11, 13, 17, 19]"
11380/243,46.83127572,11380,243,"[2, 3, 5, 569]","[2, -5, 1, 0, 0, 0, 0, 0]","[2, 3, 5, 7, 11, 13, 17, 19]"
11383/243,46.84362140,11383,243,"[3, 11383]","[0, -5, 0, 0, 0, 0, 0, 0]","[2, 3, 5, 7, 11, 13, 17, 19]"
11384/243,46.84773663,11384,243,"[2, 3, 1423]","[3, -5, 0, 0, 0, 0, 0, 0]","[2, 3, 5, 7, 11, 13, 17, 19]"
11389/243,46.86831276,11389,243,"[3, 7, 1627]","[0, -5, 0, 1, 0, 0, 0, 0]","[2, 3, 5, 7, 11, 13, 17, 19]"
11393/243,46.88477366,11393,243,"[3, 11393]","[0, -5, 0, 0, 0, 0, 0, 0]","[2, 3, 5, 7, 11, 13, 17, 19]"
11396/243,46.89711934,11396,243,"[2, 3, 7, 11, 37]","[2, -5, 0, 1, 1, 0, 0, 0]","[2, 3, 5, 7, 11, 13, 17, 19]"
11404/243,46.93004115,11404,243,"[2, 3, 2851]","[2, -5, 0, 0, 0, 0, 0, 0]","[2, 3, 5, 7, 11, 13, 17, 19]"
11405/243,46.93415638,11405,243,"[3, 5, 2281]","[0, -5, 1, 0, 0, 0, 0, 0]","[2, 3, 5, 7, 11, 13, 17, 19]"
11410/243,46.95473251,11410,243,"[2, 3, 5, 7, 163]","[1, -5, 1, 1, 0, 0, 0, 0]","[2, 3, 5, 7, 11, 13, 17, 19]"
11411/243,46.95884774,11411,243,"[3, 11411]","[0, -5, 0, 0, 0, 0, 0, 0]","[2, 3, 5, 7, 11, 13, 17, 19]"
11414/243,46.97119342,11414,243,"[2, 3, 13, 439]","[1, -5, 0, 0, 0, 1, 0, 0]","[2, 3, 5, 7, 11, 13, 17, 19]"
11416/243,46.97942387,11416,243,"[2, 3, 1427]","[3, -5, 0, 0, 0, 0, 0, 0]","[2, 3, 5, 7, 11, 13, 17, 19]"
11419/243,46.99176955,11419,243,"[3, 19, 601]","[0, -5, 0, 0, 0, 0, 0, 1]","[2, 3, 5, 7, 11, 13, 17, 19]"
11423/243,47.00823045,11423,243,"[3, 11423]","[0, -5, 0, 0, 0, 0, 0, 0]","[2, 3, 5, 7, 11, 13, 17, 19]"
11426/243,47.02057613,11426,243,"[2, 3, 29, 197]","[1, -5, 0, 0, 0, 0, 0, 0]","[2, 3, 5, 7, 11, 13, 17, 19]"
11428/243,47.02880658,11428,243,"[2, 3, 2857]","[2, -5, 0, 0, 0, 0, 0, 0]","[2, 3, 5, 7, 11, 13, 17, 19]"
11434/243,47.05349794,11434,243,"[2, 3, 5717]","[1, -5, 0, 0, 0, 0, 0, 0]","[2, 3, 5, 7, 11, 13, 17, 19]"
11441/243,47.08230453,11441,243,"[3, 17, 673]","[0, -5, 0, 0, 0, 0, 1, 0]","[2, 3, 5, 7, 11, 13, 17, 19]"
11446/243,47.10288066,11446,243,"[2, 3, 59, 97]","[1, -5, 0, 0, 0, 0, 0, 0]","[2, 3, 5, 7, 11, 13, 17, 19]"
11453/243,47.13168724,11453,243,"[3, 13, 881]","[0, -5, 0, 0, 0, 1, 0, 0]","[2, 3, 5, 7, 11, 13, 17, 19]"
11455/243,47.13991770,11455,243,"[3, 5, 29, 79]","[0, -5, 1, 0, 0, 0, 0, 0]","[2, 3, 5, 7, 11, 13, 17, 19]"
11458/243,47.15226337,11458,243,"[2, 3, 17, 337]","[1, -5, 0, 0, 0, 0, 1, 0]","[2, 3, 5, 7, 11, 13, 17, 19]"
11461/243,47.16460905,11461,243,"[3, 73, 157]","[0, -5, 0, 0, 0, 0, 0, 0]","[2, 3, 5, 7, 11, 13, 17, 19]"
11464/243,47.17695473,11464,243,"[2, 3, 1433]","[3, -5, 0, 0, 0, 0, 0, 0]","[2, 3, 5, 7, 11, 13, 17, 19]"
11465/243,47.18106996,11465,243,"[3, 5, 2293]","[0, -5, 1, 0, 0, 0, 0, 0]","[2, 3, 5, 7, 11, 13, 17, 19]"
11468/243,47.19341564,11468,243,"[2, 3, 47, 61]","[2, -5, 0, 0, 0, 0, 0, 0]","[2, 3, 5, 7, 11, 13, 17, 19]"
11483/243,47.25514403,11483,243,"[3, 11483]","[0, -5, 0, 0, 0, 0, 0, 0]","[2, 3, 5, 7, 11, 13, 17, 19]"
11485/243,47.26337449,11485,243,"[3, 5, 2297]","[0, -5, 1, 0, 0, 0, 0, 0]","[2, 3, 5, 7, 11, 13, 17, 19]"
11486/243,47.26748971,11486,243,"[2, 3, 5743]","[1, -5, 0, 0, 0, 0, 0, 0]","[2, 3, 5, 7, 11, 13, 17, 19]"
11491/243,47.28806584,11491,243,"[3, 11491]","[0, -5, 0, 0, 0, 0, 0, 0]","[2, 3, 5, 7, 11, 13, 17, 19]"
11500/243,47.32510288,11500,243,"[2, 3, 5, 23]","[2, -5, 3, 0, 0, 0, 0, 0]","[2, 3, 5, 7, 11, 13, 17, 19]"
11501/243,47.32921811,11501,243,"[3, 7, 31, 53]","[0, -5, 0, 1, 0, 0, 0, 0]","[2, 3, 5, 7, 11, 13, 17, 19]"
11504/243,47.34156379,11504,243,"[2, 3, 719]","[4, -5, 0, 0, 0, 0, 0, 0]","[2, 3, 5, 7, 11, 13, 17, 19]"
11509/243,47.36213992,11509,243,"[3, 17, 677]","[0, -5, 0, 0, 0, 0, 1, 0]","[2, 3, 5, 7, 11, 13, 17, 19]"
11515/243,47.38683128,11515,243,"[3, 5, 7, 47]","[0, -5, 1, 2, 0, 0, 0, 0]","[2, 3, 5, 7, 11, 13, 17, 19]"
11518/243,47.39917695,11518,243,"[2, 3, 13, 443]","[1, -5, 0, 0, 0, 1, 0, 0]","[2, 3, 5, 7, 11, 13, 17, 19]"
11528/243,47.44032922,11528,243,"[2, 3, 11, 131]","[3, -5, 0, 0, 1, 0, 0, 0]","[2, 3, 5, 7, 11, 13, 17, 19]"
11530/243,47.44855967,11530,243,"[2, 3, 5, 1153]","[1, -5, 1, 0, 0, 0, 0, 0]","[2, 3, 5, 7, 11, 13, 17, 19]"
11534/243,47.46502058,11534,243,"[2, 3, 73, 79]","[1, -5, 0, 0, 0, 0, 0, 0]","[2, 3, 5, 7, 11, 13, 17, 19]"
11536/243,47.47325103,11536,243,"[2, 3, 7, 103]","[4, -5, 0, 1, 0, 0, 0, 0]","[2, 3, 5, 7, 11, 13, 17, 19]"
11539/243,47.48559671,11539,243,"[3, 11, 1049]","[0, -5, 0, 0, 1, 0, 0, 0]","[2, 3, 5, 7, 11, 13, 17, 19]"
11546/243,47.51440329,11546,243,"[2, 3, 23, 251]","[1, -5, 0, 0, 0, 0, 0, 0]","[2, 3, 5, 7, 11, 13, 17, 19]"
11551/243,47.53497942,11551,243,"[3, 11551]","[0, -5, 0, 0, 0, 0, 0, 0]","[2, 3, 5, 7, 11, 13, 17, 19]"
11555/243,47.55144033,11555,243,"[3, 5, 2311]","[0, -5, 1, 0, 0, 0, 0, 0]","[2, 3, 5, 7, 11, 13, 17, 19]"
11558/243,47.56378601,11558,243,"[2, 3, 5779]","[1, -5, 0, 0, 0, 0, 0, 0]","[2, 3, 5, 7, 11, 13, 17, 19]"
11564/243,47.58847737,11564,243,"[2, 3, 7, 59]","[2, -5, 0, 2, 0, 0, 0, 0]","[2, 3, 5, 7, 11, 13, 17, 19]"
11566/243,47.59670782,11566,243,"[2, 3, 5783]","[1, -5, 0, 0, 0, 0, 0, 0]","[2, 3, 5, 7, 11, 13, 17, 19]"
11569/243,47.60905350,11569,243,"[3, 23, 503]","[0, -5, 0, 0, 0, 0, 0, 0]","[2, 3, 5, 7, 11, 13, 17, 19]"
11573/243,47.62551440,11573,243,"[3, 71, 163]","[0, -5, 0, 0, 0, 0, 0, 0]","[2, 3, 5, 7, 11, 13, 17, 19]"
11576/243,47.63786008,11576,243,"[2, 3, 1447]","[3, -5, 0, 0, 0, 0, 0, 0]","[2, 3, 5, 7, 11, 13, 17, 19]"
11578/243,47.64609053,11578,243,"[2, 3, 7, 827]","[1, -5, 0, 1, 0, 0, 0, 0]","[2, 3, 5, 7, 11, 13, 17, 19]"
11585/243,47.67489712,11585,243,"[3, 5, 7, 331]","[0, -5, 1, 1, 0, 0, 0, 0]","[2, 3, 5, 7, 11, 13, 17, 19]"
11590/243,47.69547325,11590,243,"[2, 3, 5, 19, 61]","[1, -5, 1, 0, 0, 0, 0, 1]","[2, 3, 5, 7, 11, 13, 17, 19]"
11593/243,47.70781893,11593,243,"[3, 11593]","[0, -5, 0, 0, 0, 0, 0, 0]","[2, 3, 5, 7, 11, 13, 17, 19]"
11596/243,47.72016461,11596,243,"[2, 3, 13, 223]","[2, -5, 0, 0, 0, 1, 0, 0]","[2, 3, 5, 7, 11, 13, 17, 19]"
11600/243,47.73662551,11600,243,"[2, 3, 5, 29]","[4, -5, 2, 0, 0, 0, 0, 0]","[2, 3, 5, 7, 11, 13, 17, 19]"
11603/243,47.74897119,11603,243,"[3, 41, 283]","[0, -5, 0, 0, 0, 0, 0, 0]","[2, 3, 5, 7, 11, 13, 17, 19]"
11608/243,47.76954733,11608,243,"[2, 3, 1451]","[3, -5, 0, 0, 0, 0, 0, 0]","[2, 3, 5, 7, 11, 13, 17, 19]"
11609/243,47.77366255,11609,243,"[3, 13, 19, 47]","[0, -5, 0, 0, 0, 1, 0, 1]","[2, 3, 5, 7, 11, 13, 17, 19]"
11611/243,47.78189300,11611,243,"[3, 17, 683]","[0, -5, 0, 0, 0, 0, 1, 0]","[2, 3, 5, 7, 11, 13, 17, 19]"
11615/243,47.79835391,11615,243,"[3, 5, 23, 101]","[0, -5, 1, 0, 0, 0, 0, 0]","[2, 3, 5, 7, 11, 13, 17, 19]"
11623/243,47.83127572,11623,243,"[3, 59, 197]","[0, -5, 0, 0, 0, 0, 0, 0]","[2, 3, 5, 7, 11, 13, 17, 19]"
11626/243,47.84362140,11626,243,"[2, 3, 5813]","[1, -5, 0, 0, 0, 0, 0, 0]","[2, 3, 5, 7, 11, 13, 17, 19]"
11630/243,47.86008230,11630,243,"[2, 3, 5, 1163]","[1, -5, 1, 0, 0, 0, 0, 0]","[2, 3, 5, 7, 11, 13, 17, 19]"
11636/243,47.88477366,11636,243,"[2, 3, 2909]","[2, -5, 0, 0, 0, 0, 0, 0]","[2, 3, 5, 7, 11, 13, 17, 19]"
11639/243,47.89711934,11639,243,"[3, 103, 113]","[0, -5, 0, 0, 0, 0, 0, 0]","[2, 3, 5, 7, 11, 13, 17, 19]"
11648/243,47.93415638,11648,243,"[2, 3, 7, 13]","[7, -5, 0, 1, 0, 1, 0, 0]","[2, 3, 5, 7, 11, 13, 17, 19]"
11650/243,47.94238683,11650,243,"[2, 3, 5, 233]","[1, -5, 2, 0, 0, 0, 0, 0]","[2, 3, 5, 7, 11, 13, 17, 19]"
11653/243,47.95473251,11653,243,"[3, 43, 271]","[0, -5, 0, 0, 0, 0, 0, 0]","[2, 3, 5, 7, 11, 13, 17, 19]"
11654/243,47.95884774,11654,243,"[2, 3, 5827]","[1, -5, 0, 0, 0, 0, 0, 0]","[2, 3, 5, 7, 11, 13, 17, 19]"
11659/243,47.97942387,11659,243,"[3, 89, 131]","[0, -5, 0, 0, 0, 0, 0, 0]","[2, 3, 5, 7, 11, 13, 17, 19]"
11666/243,48.00823045,11666,243,"[2, 3, 19, 307]","[1, -5, 0, 0, 0, 0, 0, 1]","[2, 3, 5, 7, 11, 13, 17, 19]"
11669/243,48.02057613,11669,243,"[3, 7, 1667]","[0, -5, 0, 1, 0, 0, 0, 0]","[2, 3, 5, 7, 11, 13, 17, 19]"
11671/243,48.02880658,11671,243,"[3, 11, 1061]","[0, -5, 0, 0, 1, 0, 0, 0]","[2, 3, 5, 7, 11, 13, 17, 19]"
11675/243,48.04526749,11675,243,"[3, 5, 467]","[0, -5, 2, 0, 0, 0, 0, 0]","[2, 3, 5, 7, 11, 13, 17, 19]"
11680/243,48.06584362,11680,243,"[2, 3, 5, 73]","[5, -5, 1, 0, 0, 0, 0, 0]","[2, 3, 5, 7, 11, 13, 17, 19]"
11684/243,48.08230453,11684,243,"[2, 3, 23, 127]","[2, -5, 0, 0, 0, 0, 0, 0]","[2, 3, 5, 7, 11, 13, 17, 19]"
11689/243,48.10288066,11689,243,"[3, 11689]","[0, -5, 0, 0, 0, 0, 0, 0]","[2, 3, 5, 7, 11, 13, 17, 19]"
11690/243,48.10699588,11690,243,"[2, 3, 5, 7, 167]","[1, -5, 1, 1, 0, 0, 0, 0]","[2, 3, 5, 7, 11, 13, 17, 19]"
11696/243,48.13168724,11696,243,"[2, 3, 17, 43]","[4, -5, 0, 0, 0, 0, 1, 0]","[2, 3, 5, 7, 11, 13, 17, 19]"
11698/243,48.13991770,11698,243,"[2, 3, 5849]","[1, -5, 0, 0, 0, 0, 0, 0]","[2, 3, 5, 7, 11, 13, 17, 19]"
11701/243,48.15226337,11701,243,"[3, 11701]","[0, -5, 0, 0, 0, 0, 0, 0]","[2, 3, 5, 7, 11, 13, 17, 19]"
11704/243,48.16460905,11704,243,"[2, 3, 7, 11, 19]","[3, -5, 0, 1, 1, 0, 0, 1]","[2, 3, 5, 7, 11, 13, 17, 19]"
11708/243,48.18106996,11708,243,"[2, 3, 2927]","[2, -5, 0, 0, 0, 0, 0, 0]","[2, 3, 5, 7, 11, 13, 17, 19]"
11711/243,48.19341564,11711,243,"[3, 7, 239]","[0, -5, 0, 2, 0, 0, 0, 0]","[2, 3, 5, 7, 11, 13, 17, 19]"
11725/243,48.25102881,11725,243,"[3, 5, 7, 67]","[0, -5, 2, 1, 0, 0, 0, 0]","[2, 3, 5, 7, 11, 13, 17, 19]"
11726/243,48.25514403,11726,243,"[2, 3, 11, 13, 41]","[1, -5, 0, 0, 1, 1, 0, 0]","[2, 3, 5, 7, 11, 13, 17, 19]"
11728/243,48.26337449,11728,243,"[2, 3, 733]","[4, -5, 0, 0, 0, 0, 0, 0]","[2, 3, 5, 7, 11, 13, 17, 19]"
11729/243,48.26748971,11729,243,"[3, 37, 317]","[0, -5, 0, 0, 0, 0, 0, 0]","[2, 3, 5, 7, 11, 13, 17, 19]"
11734/243,48.28806584,11734,243,"[2, 3, 5867]","[1, -5, 0, 0, 0, 0, 0, 0]","[2, 3, 5, 7, 11, 13, 17, 19]"
11735/243,48.29218107,11735,243,"[3, 5, 2347]","[0, -5, 1, 0, 0, 0, 0, 0]","[2, 3, 5, 7, 11, 13, 17, 19]"
11740/243,48.31275720,11740,243,"[2, 3, 5, 587]","[2, -5, 1, 0, 0, 0, 0, 0]","[2, 3, 5, 7, 11, 13, 17, 19]"
11743/243,48.32510288,11743,243,"[3, 11743]","[0, -5, 0, 0, 0, 0, 0, 0]","[2, 3, 5, 7, 11, 13, 17, 19]"
11744/243,48.32921811,11744,243,"[2, 3, 367]","[5, -5, 0, 0, 0, 0, 0, 0]","[2, 3, 5, 7, 11, 13, 17, 19]"
11755/243,48.37448560,11755,243,"[3, 5, 2351]","[0, -5, 1, 0, 0, 0, 0, 0]","[2, 3, 5, 7, 11, 13, 17, 19]"
11758/243,48.38683128,11758,243,"[2, 3, 5879]","[1, -5, 0, 0, 0, 0, 0, 0]","[2, 3, 5, 7, 11, 13, 17, 19]"
11761/243,48.39917695,11761,243,"[3, 19, 619]","[0, -5, 0, 0, 0, 0, 0, 1]","[2, 3, 5, 7, 11, 13, 17, 19]"
11765/243,48.41563786,11765,243,"[3, 5, 13, 181]","[0, -5, 1, 0, 0, 1, 0, 0]","[2, 3, 5, 7, 11, 13, 17, 19]"
11771/243,48.44032922,11771,243,"[3, 79, 149]","[0, -5, 0, 0, 0, 0, 0, 0]","[2, 3, 5, 7, 11, 13, 17, 19]"
11773/243,48.44855967,11773,243,"[3, 61, 193]","[0, -5, 0, 0, 0, 0, 0, 0]","[2, 3, 5, 7, 11, 13, 17, 19]"
11779/243,48.47325103,11779,243,"[3, 11779]","[0, -5, 0, 0, 0, 0, 0, 0]","[2, 3, 5, 7, 11, 13, 17, 19]"
11785/243,48.49794239,11785,243,"[3, 5, 2357]","[0, -5, 1, 0, 0, 0, 0, 0]","[2, 3, 5, 7, 11, 13, 17, 19]"
11789/243,48.51440329,11789,243,"[3, 11789]","[0, -5, 0, 0, 0, 0, 0, 0]","[2, 3, 5, 7, 11, 13, 17, 19]"
11794/243,48.53497942,11794,243,"[2, 3, 5897]","[1, -5, 0, 0, 0, 0, 0, 0]","[2, 3, 5, 7, 11, 13, 17, 19]"
11798/243,48.55144033,11798,243,"[2, 3, 17, 347]","[1, -5, 0, 0, 0, 0, 1, 0]","[2, 3, 5, 7, 11, 13, 17, 19]"
11800/243,48.55967078,11800,243,"[2, 3, 5, 59]","[3, -5, 2, 0, 0, 0, 0, 0]","[2, 3, 5, 7, 11, 13, 17, 19]"
11801/243,48.56378601,11801,243,"[3, 11801]","[0, -5, 0, 0, 0, 0, 0, 0]","[2, 3, 5, 7, 11, 13, 17, 19]"
11809/243,48.59670782,11809,243,"[3, 7, 241]","[0, -5, 0, 2, 0, 0, 0, 0]","[2, 3, 5, 7, 11, 13, 17, 19]"
11810/243,48.60082305,11810,243,"[2, 3, 5, 1181]","[1, -5, 1, 0, 0, 0, 0, 0]","[2, 3, 5, 7, 11, 13, 17, 19]"
11815/243,48.62139918,11815,243,"[3, 5, 17, 139]","[0, -5, 1, 0, 0, 0, 1, 0]","[2, 3, 5, 7, 11, 13, 17, 19]"
11816/243,48.62551440,11816,243,"[2, 3, 7, 211]","[3, -5, 0, 1, 0, 0, 0, 0]","[2, 3, 5, 7, 11, 13, 17, 19]"
11819/243,48.63786008,11819,243,"[3, 53, 223]","[0, -5, 0, 0, 0, 0, 0, 0]","[2, 3, 5, 7, 11, 13, 17, 19]"
11821/243,48.64609053,11821,243,"[3, 11821]","[0, -5, 0, 0, 0, 0, 0, 0]","[2, 3, 5, 7, 11, 13, 17, 19]"
11828/243,48.67489712,11828,243,"[2, 3, 2957]","[2, -5, 0, 0, 0, 0, 0, 0]","[2, 3, 5, 7, 11, 13, 17, 19]"
11833/243,48.69547325,11833,243,"[3, 11833]","[0, -5, 0, 0, 0, 0, 0, 0]","[2, 3, 5, 7, 11, 13, 17, 19]"
11836/243,48.70781893,11836,243,"[2, 3, 11, 269]","[2, -5, 0, 0, 1, 0, 0, 0]","[2, 3, 5, 7, 11, 13, 17, 19]"
11839/243,48.72016461,11839,243,"[3, 11839]","[0, -5, 0, 0, 0, 0, 0, 0]","[2, 3, 5, 7, 11, 13, 17, 19]"
11843/243,48.73662551,11843,243,"[3, 13, 911]","[0, -5, 0, 0, 0, 1, 0, 0]","[2, 3, 5, 7, 11, 13, 17, 19]"
11846/243,48.74897119,11846,243,"[2, 3, 5923]","[1, -5, 0, 0, 0, 0, 0, 0]","[2, 3, 5, 7, 11, 13, 17, 19]"
11851/243,48.76954733,11851,243,"[3, 7, 1693]","[0, -5, 0, 1, 0, 0, 0, 0]","[2, 3, 5, 7, 11, 13, 17, 19]"
11854/243,48.78189300,11854,243,"[2, 3, 5927]","[1, -5, 0, 0, 0, 0, 0, 0]","[2, 3, 5, 7, 11, 13, 17, 19]"
11858/243,48.79835391,11858,243,"[2, 3, 7, 11]","[1, -5, 0, 2, 2, 0, 0, 0]","[2, 3, 5, 7, 11, 13, 17, 19]"
11860/243,48.80658436,11860,243,"[2, 3, 5, 593]","[2, -5, 1, 0, 0, 0, 0, 0]","[2, 3, 5, 7, 11, 13, 17, 19]"
11866/243,48.83127572,11866,243,"[2, 3, 17, 349]","[1, -5, 0, 0, 0, 0, 1, 0]","[2, 3, 5, 7, 11, 13, 17, 19]"
11869/243,48.84362140,11869,243,"[3, 11, 13, 83]","[0, -5, 0, 0, 1, 1, 0, 0]","[2, 3, 5, 7, 11, 13, 17, 19]"
11873/243,48.86008230,11873,243,"[3, 31, 383]","[0, -5, 0, 0, 0, 0, 0, 0]","[2, 3, 5, 7, 11, 13, 17, 19]"
11875/243,48.86831276,11875,243,"[3, 5, 19]","[0, -5, 4, 0, 0, 0, 0, 1]","[2, 3, 5, 7, 11, 13, 17, 19]"
11879/243,48.88477366,11879,243,"[3, 7, 1697]","[0, -5, 0, 1, 0, 0, 0, 0]","[2, 3, 5, 7, 11, 13, 17, 19]"
11890/243,48.93004115,11890,243,"[2, 3, 5, 29, 41]","[1, -5, 1, 0, 0, 0, 0, 0]","[2, 3, 5, 7, 11, 13, 17, 19]"
11891/243,48.93415638,11891,243,"[3, 11, 23, 47]","[0, -5, 0, 0, 1, 0, 0, 0]","[2, 3, 5, 7, 11, 13, 17, 19]"
11893/243,48.94238683,11893,243,"[3, 7, 1699]","[0, -5, 0, 1, 0, 0, 0, 0]","[2, 3, 5, 7, 11, 13, 17, 19]"
11896/243,48.95473251,11896,243,"[2, 3, 1487]","[3, -5, 0, 0, 0, 0, 0, 0]","[2, 3, 5, 7, 11, 13, 17, 19]"
11900/243,48.97119342,11900,243,"[2, 3, 5, 7, 17]","[2, -5, 2, 1, 0, 0, 1, 0]","[2, 3, 5, 7, 11, 13, 17, 19]"
11905/243,48.99176955,11905,243,"[3, 5, 2381]","[0, -5, 1, 0, 0, 0, 0, 0]","[2, 3, 5, 7, 11, 13, 17, 19]"
11909/243,49.00823045,11909,243,"[3, 11909]","[0, -5, 0, 0, 0, 0, 0, 0]","[2, 3, 5, 7, 11, 13, 17, 19]"
11914/243,49.02880658,11914,243,"[2, 3, 7, 23, 37]","[1, -5, 0, 1, 0, 0, 0, 0]","[2, 3, 5, 7, 11, 13, 17, 19]"
11918/243,49.04526749,11918,243,"[2, 3, 59, 101]","[1, -5, 0, 0, 0, 0, 0, 0]","[2, 3, 5, 7, 11, 13, 17, 19]"
11923/243,49.06584362,11923,243,"[3, 11923]","[0, -5, 0, 0, 0, 0, 0, 0]","[2, 3, 5, 7, 11, 13, 17, 19]"
11933/243,49.10699588,11933,243,"[3, 11933]","[0, -5, 0, 0, 0, 0, 0, 0]","[2, 3, 5, 7, 11, 13, 17, 19]"
11935/243,49.11522634,11935,243,"[3, 5, 7, 11, 31]","[0, -5, 1, 1, 1, 0, 0, 0]","[2, 3, 5, 7, 11, 13, 17, 19]"
11939/243,49.13168724,11939,243,"[3, 11939]","[0, -5, 0, 0, 0, 0, 0, 0]","[2, 3, 5, 7, 11, 13, 17, 19]"
11941/243,49.13991770,11941,243,"[3, 11941]","[0, -5, 0, 0, 0, 0, 0, 0]","[2, 3, 5, 7, 11, 13, 17, 19]"
11944/243,49.15226337,11944,243,"[2, 3, 1493]","[3, -5, 0, 0, 0, 0, 0, 0]","[2, 3, 5, 7, 11, 13, 17, 19]"
11951/243,49.18106996,11951,243,"[3, 17, 19, 37]","[0, -5, 0, 0, 0, 0, 1, 1]","[2, 3, 5, 7, 11, 13, 17, 19]"
11954/243,49.19341564,11954,243,"[2, 3, 43, 139]","[1, -5, 0, 0, 0, 0, 0, 0]","[2, 3, 5, 7, 11, 13, 17, 19]"
11960/243,49.21810700,11960,243,"[2, 3, 5, 13, 23]","[3, -5, 1, 0, 0, 1, 0, 0]","[2, 3, 5, 7, 11, 13, 17, 19]"
11968/243,49.25102881,11968,243,"[2, 3, 11, 17]","[6, -5, 0, 0, 1, 0, 1, 0]","[2, 3, 5, 7, 11, 13, 17, 19]"
11969/243,49.25514403,11969,243,"[3, 11969]","[0, -5, 0, 0, 0, 0, 0, 0]","[2, 3, 5, 7, 11, 13, 17, 19]"
11971/243,49.26337449,11971,243,"[3, 11971]","[0, -5, 0, 0, 0, 0, 0, 0]","[2, 3, 5, 7, 11, 13, 17, 19]"
11978/243,49.29218107,11978,243,"[2, 3, 53, 113]","[1, -5, 0, 0, 0, 0, 0, 0]","[2, 3, 5, 7, 11, 13, 17, 19]"
11983/243,49.31275720,11983,243,"[3, 23, 521]","[0, -5, 0, 0, 0, 0, 0, 0]","[2, 3, 5, 7, 11, 13, 17, 19]"
11986/243,49.32510288,11986,243,"[2, 3, 13, 461]","[1, -5, 0, 0, 0, 1, 0, 0]","[2, 3, 5, 7, 11, 13, 17, 19]"
11990/243,49.34156379,11990,243,"[2, 3, 5, 11, 109]","[1, -5, 1, 0, 1, 0, 0, 0]","[2, 3, 5, 7, 11, 13, 17, 19]"
11998/243,49.37448560,11998,243,"[2, 3, 7, 857]","[1, -5, 0, 1, 0, 0, 0, 0]","[2, 3, 5, 7, 11, 13, 17, 19]"
12001/243,49.38683128,12001,243,"[3, 11, 1091]","[0, -5, 0, 0, 1, 0, 0, 0]","[2, 3, 5, 7, 11, 13, 17, 19]"
12004/243,49.39917695,12004,243,"[2, 3, 3001]","[2, -5, 0, 0, 0, 0, 0, 0]","[2, 3, 5, 7, 11, 13, 17, 19]"
12005/243,49.40329218,12005,243,"[3, 5, 7]","[0, -5, 1, 4, 0, 0, 0, 0]","[2, 3, 5, 7, 11, 13, 17, 19]"
12008/243,49.41563786,12008,243,"[2, 3, 19, 79]","[3, -5, 0, 0, 0, 0, 0, 1]","[2, 3, 5, 7, 11, 13, 17, 19]"
12014/243,49.44032922,12014,243,"[2, 3, 6007]","[1, -5, 0, 0, 0, 0, 0, 0]","[2, 3, 5, 7, 11, 13, 17, 19]"
12016/243,49.44855967,12016,243,"[2, 3, 751]","[4, -5, 0, 0, 0, 0, 0, 0]","[2, 3, 5, 7, 11, 13, 17, 19]"
12025/243,49.48559671,12025,243,"[3, 5, 13, 37]","[0, -5, 2, 0, 0, 1, 0, 0]","[2, 3, 5, 7, 11, 13, 17, 19]"
12028/243,49.49794239,12028,243,"[2, 3, 31, 97]","[2, -5, 0, 0, 0, 0, 0, 0]","[2, 3, 5, 7, 11, 13, 17, 19]"
12035/243,49.52674897,12035,243,"[3, 5, 29, 83]","[0, -5, 1, 0, 0, 0, 0, 0]","[2, 3, 5, 7, 11, 13, 17, 19]"
12041/243,49.55144033,12041,243,"[3, 12041]","[0, -5, 0, 0, 0, 0, 0, 0]","[2, 3, 5, 7, 11, 13, 17, 19]"
12043/243,49.55967078,12043,243,"[3, 12043]","[0, -5, 0, 0, 0, 0, 0, 0]","[2, 3, 5, 7, 11, 13, 17, 19]"
12044/243,49.56378601,12044,243,"[2, 3, 3011]","[2, -5, 0, 0, 0, 0, 0, 0]","[2, 3, 5, 7, 11, 13, 17, 19]"
12053/243,49.60082305,12053,243,"[3, 17, 709]","[0, -5, 0, 0, 0, 0, 1, 0]","[2, 3, 5, 7, 11, 13, 17, 19]"
12055/243,49.60905350,12055,243,"[3, 5, 2411]","[0, -5, 1, 0, 0, 0, 0, 0]","[2, 3, 5, 7, 11, 13, 17, 19]"
12058/243,49.62139918,12058,243,"[2, 3, 6029]","[1, -5, 0, 0, 0, 0, 0, 0]","[2, 3, 5, 7, 11, 13, 17, 19]"
12059/243,49.62551440,12059,243,"[3, 31, 389]","[0, -5, 0, 0, 0, 0, 0, 0]","[2, 3, 5, 7, 11, 13, 17, 19]"
12064/243,49.64609053,12064,243,"[2, 3, 13, 29]","[5, -5, 0, 0, 0, 1, 0, 0]","[2, 3, 5, 7, 11, 13, 17, 19]"
12071/243,49.67489712,12071,243,"[3, 12071]","[0, -5, 0, 0, 0, 0, 0, 0]","[2, 3, 5, 7, 11, 13, 17, 19]"
12076/243,49.69547325,12076,243,"[2, 3, 3019]","[2, -5, 0, 0, 0, 0, 0, 0]","[2, 3, 5, 7, 11, 13, 17, 19]"
12079/243,49.70781893,12079,243,"[3, 47, 257]","[0, -5, 0, 0, 0, 0, 0, 0]","[2, 3, 5, 7, 11, 13, 17, 19]"
12080/243,49.71193416,12080,243,"[2, 3, 5, 151]","[4, -5, 1, 0, 0, 0, 0, 0]","[2, 3, 5, 7, 11, 13, 17, 19]"
12085/243,49.73251029,12085,243,"[3, 5, 2417]","[0, -5, 1, 0, 0, 0, 0, 0]","[2, 3, 5, 7, 11, 13, 17, 19]"
12086/243,49.73662551,12086,243,"[2, 3, 6043]","[1, -5, 0, 0, 0, 0, 0, 0]","[2, 3, 5, 7, 11, 13, 17, 19]"
12089/243,49.74897119,12089,243,"[3, 7, 11, 157]","[0, -5, 0, 1, 1, 0, 0, 0]","[2, 3, 5, 7, 11, 13, 17, 19]"
12094/243,49.76954733,12094,243,"[2, 3, 6047]","[1, -5, 0, 0, 0, 0, 0, 0]","[2, 3, 5, 7, 11, 13, 17, 19]"
12101/243,49.79835391,12101,243,"[3, 12101]","[0, -5, 0, 0, 0, 0, 0, 0]","[2, 3, 5, 7, 11, 13, 17, 19]"
12103/243,49.80658436,12103,243,"[3, 7, 13, 19]","[0, -5, 0, 2, 0, 1, 0, 1]","[2, 3, 5, 7, 11, 13, 17, 19]"
12109/243,49.83127572,12109,243,"[3, 12109]","[0, -5, 0, 0, 0, 0, 0, 0]","[2, 3, 5, 7, 11, 13, 17, 19]"
12116/243,49.86008230,12116,243,"[2, 3, 13, 233]","[2, -5, 0, 0, 0, 1, 0, 0]","[2, 3, 5, 7, 11, 13, 17, 19]"
12118/243,49.86831276,12118,243,"[2, 3, 73, 83]","[1, -5, 0, 0, 0, 0, 0, 0]","[2, 3, 5, 7, 11, 13, 17, 19]"
12125/243,49.89711934,12125,243,"[3, 5, 97]","[0, -5, 3, 0, 0, 0, 0, 0]","[2, 3, 5, 7, 11, 13, 17, 19]"
12130/243,49.91769547,12130,243,"[2, 3, 5, 1213]","[1, -5, 1, 0, 0, 0, 0, 0]","[2, 3, 5, 7, 11, 13, 17, 19]"
12133/243,49.93004115,12133,243,"[3, 11, 1103]","[0, -5, 0, 0, 1, 0, 0, 0]","[2, 3, 5, 7, 11, 13, 17, 19]"
12134/243,49.93415638,12134,243,"[2, 3, 6067]","[1, -5, 0, 0, 0, 0, 0, 0]","[2, 3, 5, 7, 11, 13, 17, 19]"
12136/243,49.94238683,12136,243,"[2, 3, 37, 41]","[3, -5, 0, 0, 0, 0, 0, 0]","[2, 3, 5, 7, 11, 13, 17, 19]"
12139/243,49.95473251,12139,243,"[3, 61, 199]","[0, -5, 0, 0, 0, 0, 0, 0]","[2, 3, 5, 7, 11, 13, 17, 19]"
12140/243,49.95884774,12140,243,"[2, 3, 5, 607]","[2, -5, 1, 0, 0, 0, 0, 0]","[2, 3, 5, 7, 11, 13, 17, 19]"
12143/243,49.97119342,12143,243,"[3, 12143]","[0, -5, 0, 0, 0, 0, 0, 0]","[2, 3, 5, 7, 11, 13, 17, 19]"
12148/243,49.99176955,12148,243,"[2, 3, 3037]","[2, -5, 0, 0, 0, 0, 0, 0]","[2, 3, 5, 7, 11, 13, 17, 19]"
12160/243,50.04115226,12160,243,"[2, 3, 5, 19]","[7, -5, 1, 0, 0, 0, 0, 1]","[2, 3, 5, 7, 11, 13, 17, 19]"
12161/243,50.04526749,12161,243,"[3, 12161]","[0, -5, 0, 0, 0, 0, 0, 0]","[2, 3, 5, 7, 11, 13, 17, 19]"
12166/243,50.06584362,12166,243,"[2, 3, 7, 11, 79]","[1, -5, 0, 1, 1, 0, 0, 0]","[2, 3, 5, 7, 11, 13, 17, 19]"
12175/243,50.10288066,12175,243,"[3, 5, 487]","[0, -5, 2, 0, 0, 0, 0, 0]","[2, 3, 5, 7, 11, 13, 17, 19]"
12176/243,50.10699588,12176,243,"[2, 3, 761]","[4, -5, 0, 0, 0, 0, 0, 0]","[2, 3, 5, 7, 11, 13, 17, 19]"
12178/243,50.11522634,12178,243,"[2, 3, 6089]","[1, -5, 0, 0, 0, 0, 0, 0]","[2, 3, 5, 7, 11, 13, 17, 19]"
12184/243,50.13991770,12184,243,"[2, 3, 1523]","[3, -5, 0, 0, 0, 0, 0, 0]","[2, 3, 5, 7, 11, 13, 17, 19]"
12190/243,50.16460905,12190,243,"[2, 3, 5, 23, 53]","[1, -5, 1, 0, 0, 0, 0, 0]","[2, 3, 5, 7, 11, 13, 17, 19]"
12194/243,50.18106996,12194,243,"[2, 3, 7, 13, 67]","[1, -5, 0, 1, 0, 1, 0, 0]","[2, 3, 5, 7, 11, 13, 17, 19]"
12203/243,50.21810700,12203,243,"[3, 12203]","[0, -5, 0, 0, 0, 0, 0, 0]","[2, 3, 5, 7, 11, 13, 17, 19]"
12205/243,50.22633745,12205,243,"[3, 5, 2441]","[0, -5, 1, 0, 0, 0, 0, 0]","[2, 3, 5, 7, 11, 13, 17, 19]"
12211/243,50.25102881,12211,243,"[3, 12211]","[0, -5, 0, 0, 0, 0, 0, 0]","[2, 3, 5, 7, 11, 13, 17, 19]"
12214/243,50.26337449,12214,243,"[2, 3, 31, 197]","[1, -5, 0, 0, 0, 0, 0, 0]","[2, 3, 5, 7, 11, 13, 17, 19]"
12215/243,50.26748971,12215,243,"[3, 5, 7, 349]","[0, -5, 1, 1, 0, 0, 0, 0]","[2, 3, 5, 7, 11, 13, 17, 19]"
12221/243,50.29218107,12221,243,"[3, 11, 101]","[0, -5, 0, 0, 2, 0, 0, 0]","[2, 3, 5, 7, 11, 13, 17, 19]"
12226/243,50.31275720,12226,243,"[2, 3, 6113]","[1, -5, 0, 0, 0, 0, 0, 0]","[2, 3, 5, 7, 11, 13, 17, 19]"
12229/243,50.32510288,12229,243,"[3, 7, 1747]","[0, -5, 0, 1, 0, 0, 0, 0]","[2, 3, 5, 7, 11, 13, 17, 19]"
12233/243,50.34156379,12233,243,"[3, 13, 941]","[0, -5, 0, 0, 0, 1, 0, 0]","[2, 3, 5, 7, 11, 13, 17, 19]"
12241/243,50.37448560,12241,243,"[3, 12241]","[0, -5, 0, 0, 0, 0, 0, 0]","[2, 3, 5, 7, 11, 13, 17, 19]"
12244/243,50.38683128,12244,243,"[2, 3, 3061]","[2, -5, 0, 0, 0, 0, 0, 0]","[2, 3, 5, 7, 11, 13, 17, 19]"
12248/243,50.40329218,12248,243,"[2, 3, 1531]","[3, -5, 0, 0, 0, 0, 0, 0]","[2, 3, 5, 7, 11, 13, 17, 19]"
12250/243,50.41152263,12250,243,"[2, 3, 5, 7]","[1, -5, 3, 2, 0, 0, 0, 0]","[2, 3, 5, 7, 11, 13, 17, 19]"
12251/243,50.41563786,12251,243,"[3, 12251]","[0, -5, 0, 0, 0, 0, 0, 0]","[2, 3, 5, 7, 11, 13, 17, 19]"
12259/243,50.44855967,12259,243,"[3, 13, 23, 41]","[0, -5, 0, 0, 0, 1, 0, 0]","[2, 3, 5, 7, 11, 13, 17, 19]"
12265/243,50.47325103,12265,243,"[3, 5, 11, 223]","[0, -5, 1, 0, 1, 0, 0, 0]","[2, 3, 5, 7, 11, 13, 17, 19]"
12268/243,50.48559671,12268,243,"[2, 3, 3067]","[2, -5, 0, 0, 0, 0, 0, 0]","[2, 3, 5, 7, 11, 13, 17, 19]"
12271/243,50.49794239,12271,243,"[3, 7, 1753]","[0, -5, 0, 1, 0, 0, 0, 0]","[2, 3, 5, 7, 11, 13, 17, 19]"
12275/243,50.51440329,12275,243,"[3, 5, 491]","[0, -5, 2, 0, 0, 0, 0, 0]","[2, 3, 5, 7, 11, 13, 17, 19]"
12278/243,50.52674897,12278,243,"[2, 3, 7, 877]","[1, -5, 0, 1, 0, 0, 0, 0]","[2, 3, 5, 7, 11, 13, 17, 19]"
12280/243,50.53497942,12280,243,"[2, 3, 5, 307]","[3, -5, 1, 0, 0, 0, 0, 0]","[2, 3, 5, 7, 11, 13, 17, 19]"
12284/243,50.55144033,12284,243,"[2, 3, 37, 83]","[2, -5, 0, 0, 0, 0, 0, 0]","[2, 3, 5, 7, 11, 13, 17, 19]"
12286/243,50.55967078,12286,243,"[2, 3, 6143]","[1, -5, 0, 0, 0, 0, 0, 0]","[2, 3, 5, 7, 11, 13, 17, 19]"
12296/243,50.60082305,12296,243,"[2, 3, 29, 53]","[3, -5, 0, 0, 0, 0, 0, 0]","[2, 3, 5, 7, 11, 13, 17, 19]"
12298/243,50.60905350,12298,243,"[2, 3, 11, 13, 43]","[1, -5, 0, 0, 1, 1, 0, 0]","[2, 3, 5, 7, 11, 13, 17, 19]"
12301/243,50.62139918,12301,243,"[3, 12301]","[0, -5, 0, 0, 0, 0, 0, 0]","[2, 3, 5, 7, 11, 13, 17, 19]"
12305/243,50.63786008,12305,243,"[3, 5, 23, 107]","[0, -5, 1, 0, 0, 0, 0, 0]","[2, 3, 5, 7, 11, 13, 17, 19]"
12310/243,50.65843621,12310,243,"[2, 3, 5, 1231]","[1, -5, 1, 0, 0, 0, 0, 0]","[2, 3, 5, 7, 11, 13, 17, 19]"
12314/243,50.67489712,12314,243,"[2, 3, 47, 131]","[1, -5, 0, 0, 0, 0, 0, 0]","[2, 3, 5, 7, 11, 13, 17, 19]"
12319/243,50.69547325,12319,243,"[3, 97, 127]","[0, -5, 0, 0, 0, 0, 0, 0]","[2, 3, 5, 7, 11, 13, 17, 19]"
12323/243,50.71193416,12323,243,"[3, 12323]","[0, -5, 0, 0, 0, 0, 0, 0]","[2, 3, 5, 7, 11, 13, 17, 19]"
12328/243,50.73251029,12328,243,"[2, 3, 23, 67]","[3, -5, 0, 0, 0, 0, 0, 0]","[2, 3, 5, 7, 11, 13, 17, 19]"
12329/243,50.73662551,12329,243,"[3, 12329]","[0, -5, 0, 0, 0, 0, 0, 0]","[2, 3, 5, 7, 11, 13, 17, 19]"
12340/243,50.78189300,12340,243,"[2, 3, 5, 617]","[2, -5, 1, 0, 0, 0, 0, 0]","[2, 3, 5, 7, 11, 13, 17, 19]"
12344/243,50.79835391,12344,243,"[2, 3, 1543]","[3, -5, 0, 0, 0, 0, 0, 0]","[2, 3, 5, 7, 11, 13, 17, 19]"
12346/243,50.80658436,12346,243,"[2, 3, 6173]","[1, -5, 0, 0, 0, 0, 0, 0]","[2, 3, 5, 7, 11, 13, 17, 19]"
12350/243,50.82304527,12350,243,"[2, 3, 5, 13, 19]","[1, -5, 2, 0, 0, 1, 0, 1]","[2, 3, 5, 7, 11, 13, 17, 19]"
12359/243,50.86008230,12359,243,"[3, 17, 727]","[0, -5, 0, 0, 0, 0, 1, 0]","[2, 3, 5, 7, 11, 13, 17, 19]"
12361/243,50.86831276,12361,243,"[3, 47, 263]","[0, -5, 0, 0, 0, 0, 0, 0]","[2, 3, 5, 7, 11, 13, 17, 19]"
12365/243,50.88477366,12365,243,"[3, 5, 2473]","[0, -5, 1, 0, 0, 0, 0, 0]","[2, 3, 5, 7, 11, 13, 17, 19]"
12368/243,50.89711934,12368,243,"[2, 3, 773]","[4, -5, 0, 0, 0, 0, 0, 0]","[2, 3, 5, 7, 11, 13, 17, 19]"
12373/243,50.91769547,12373,243,"[3, 12373]","[0, -5, 0, 0, 0, 0, 0, 0]","[2, 3, 5, 7, 11, 13, 17, 19]"
12376/243,50.93004115,12376,243,"[2, 3, 7, 13, 17]","[3, -5, 0, 1, 0, 1, 1, 0]","[2, 3, 5, 7, 11, 13, 17, 19]"
12379/243,50.94238683,12379,243,"[3, 12379]","[0, -5, 0, 0, 0, 0, 0, 0]","[2, 3, 5, 7, 11, 13, 17, 19]"
12383/243,50.95884774,12383,243,"[3, 7, 29, 61]","[0, -5, 0, 1, 0, 0, 0, 0]","[2, 3, 5, 7, 11, 13, 17, 19]"
12386/243,50.97119342,12386,243,"[2, 3, 11, 563]","[1, -5, 0, 0, 1, 0, 0, 0]","[2, 3, 5, 7, 11, 13, 17, 19]"
12391/243,50.99176955,12391,243,"[3, 12391]","[0, -5, 0, 0, 0, 0, 0, 0]","[2, 3, 5, 7, 11, 13, 17, 19]"
12400/243,51.02880658,12400,243,"[2, 3, 5, 31]","[4, -5, 2, 0, 0, 0, 0, 0]","[2, 3, 5, 7, 11, 13, 17, 19]"
12403/243,51.04115226,12403,243,"[3, 79, 157]","[0, -5, 0, 0, 0, 0, 0, 0]","[2, 3, 5, 7, 11, 13, 17, 19]"
12404/243,51.04526749,12404,243,"[2, 3, 7, 443]","[2, -5, 0, 1, 0, 0, 0, 0]","[2, 3, 5, 7, 11, 13, 17, 19]"
12409/243,51.06584362,12409,243,"[3, 12409]","[0, -5, 0, 0, 0, 0, 0, 0]","[2, 3, 5, 7, 11, 13, 17, 19]"
12410/243,51.06995885,12410,243,"[2, 3, 5, 17, 73]","[1, -5, 1, 0, 0, 0, 1, 0]","[2, 3, 5, 7, 11, 13, 17, 19]"
12418/243,51.10288066,12418,243,"[2, 3, 7, 887]","[1, -5, 0, 1, 0, 0, 0, 0]","[2, 3, 5, 7, 11, 13, 17, 19]"
12419/243,51.10699588,12419,243,"[3, 11, 1129]","[0, -5, 0, 0, 1, 0, 0, 0]","[2, 3, 5, 7, 11, 13, 17, 19]"
12421/243,51.11522634,12421,243,"[3, 12421]","[0, -5, 0, 0, 0, 0, 0, 0]","[2, 3, 5, 7, 11, 13, 17, 19]"
12430/243,51.15226337,12430,243,"[2, 3, 5, 11, 113]","[1, -5, 1, 0, 1, 0, 0, 0]","[2, 3, 5, 7, 11, 13, 17, 19]"
12433/243,51.16460905,12433,243,"[3, 12433]","[0, -5, 0, 0, 0, 0, 0, 0]","[2, 3, 5, 7, 11, 13, 17, 19]"
12440/243,51.19341564,12440,243,"[2, 3, 5, 311]","[3, -5, 1, 0, 0, 0, 0, 0]","[2, 3, 5, 7, 11, 13, 17, 19]"
12446/243,51.21810700,12446,243,"[2, 3, 7, 127]","[1, -5, 0, 2, 0, 0, 0, 0]","[2, 3, 5, 7, 11, 13, 17, 19]"
12448/243,51.22633745,12448,243,"[2, 3, 389]","[5, -5, 0, 0, 0, 0, 0, 0]","[2, 3, 5, 7, 11, 13, 17, 19]"
12454/243,51.25102881,12454,243,"[2, 3, 13, 479]","[1, -5, 0, 0, 0, 1, 0, 0]","[2, 3, 5, 7, 11, 13, 17, 19]"
12458/243,51.26748971,12458,243,"[2, 3, 6229]","[1, -5, 0, 0, 0, 0, 0, 0]","[2, 3, 5, 7, 11, 13, 17, 19]"
12460/243,51.27572016,12460,243,"[2, 3, 5, 7, 89]","[2, -5, 1, 1, 0, 0, 0, 0]","[2, 3, 5, 7, 11, 13, 17, 19]"
12464/243,51.29218107,12464,243,"[2, 3, 19, 41]","[4, -5, 0, 0, 0, 0, 0, 1]","[2, 3, 5, 7, 11, 13, 17, 19]"
12469/243,51.31275720,12469,243,"[3, 37, 337]","[0, -5, 0, 0, 0, 0, 0, 0]","[2, 3, 5, 7, 11, 13, 17, 19]"
12475/243,51.33744856,12475,243,"[3, 5, 499]","[0, -5, 2, 0, 0, 0, 0, 0]","[2, 3, 5, 7, 11, 13, 17, 19]"
12476/243,51.34156379,12476,243,"[2, 3, 3119]","[2, -5, 0, 0, 0, 0, 0, 0]","[2, 3, 5, 7, 11, 13, 17, 19]"
12484/243,51.37448560,12484,243,"[2, 3, 3121]","[2, -5, 0, 0, 0, 0, 0, 0]","[2, 3, 5, 7, 11, 13, 17, 19]"
12485/243,51.37860082,12485,243,"[3, 5, 11, 227]","[0, -5, 1, 0, 1, 0, 0, 0]","[2, 3, 5, 7, 11, 13, 17, 19]"
12490/243,51.39917695,12490,243,"[2, 3, 5, 1249]","[1, -5, 1, 0, 0, 0, 0, 0]","[2, 3, 5, 7, 11, 13, 17, 19]"
12491/243,51.40329218,12491,243,"[3, 12491]","[0, -5, 0, 0, 0, 0, 0, 0]","[2, 3, 5, 7, 11, 13, 17, 19]"
12493/243,51.41152263,12493,243,"[3, 13, 31]","[0, -5, 0, 0, 0, 1, 0, 0]","[2, 3, 5, 7, 11, 13, 17, 19]"
12494/243,51.41563786,12494,243,"[2, 3, 6247]","[1, -5, 0, 0, 0, 0, 0, 0]","[2, 3, 5, 7, 11, 13, 17, 19]"
12508/243,51.47325103,12508,243,"[2, 3, 53, 59]","[2, -5, 0, 0, 0, 0, 0, 0]","[2, 3, 5, 7, 11, 13, 17, 19]"
12511/243,51.48559671,12511,243,"[3, 12511]","[0, -5, 0, 0, 0, 0, 0, 0]","[2, 3, 5, 7, 11, 13, 17, 19]"
12514/243,51.49794239,12514,243,"[2, 3, 6257]","[1, -5, 0, 0, 0, 0, 0, 0]","[2, 3, 5, 7, 11, 13, 17, 19]"
12518/243,51.51440329,12518,243,"[2, 3, 11, 569]","[1, -5, 0, 0, 1, 0, 0, 0]","[2, 3, 5, 7, 11, 13, 17, 19]"
12521/243,51.52674897,12521,243,"[3, 19, 659]","[0, -5, 0, 0, 0, 0, 0, 1]","[2, 3, 5, 7, 11, 13, 17, 19]"
12523/243,51.53497942,12523,243,"[3, 7, 1789]","[0, -5, 0, 1, 0, 0, 0, 0]","[2, 3, 5, 7, 11, 13, 17, 19]"
12529/243,51.55967078,12529,243,"[3, 11, 17, 67]","[0, -5, 0, 0, 1, 0, 1, 0]","[2, 3, 5, 7, 11, 13, 17, 19]"
12530/243,51.56378601,12530,243,"[2, 3, 5, 7, 179]","[1, -5, 1, 1, 0, 0, 0, 0]","[2, 3, 5, 7, 11, 13, 17, 19]"
12535/243,51.58436214,12535,243,"[3, 5, 23, 109]","[0, -5, 1, 0, 0, 0, 0, 0]","[2, 3, 5, 7, 11, 13, 17, 19]"
12539/243,51.60082305,12539,243,"[3, 12539]","[0, -5, 0, 0, 0, 0, 0, 0]","[2, 3, 5, 7, 11, 13, 17, 19]"
12541/243,51.60905350,12541,243,"[3, 12541]","[0, -5, 0, 0, 0, 0, 0, 0]","[2, 3, 5, 7, 11, 13, 17, 19]"
12544/243,51.62139918,12544,243,"[2, 3, 7]","[8, -5, 0, 2, 0, 0, 0, 0]","[2, 3, 5, 7, 11, 13, 17, 19]"
12548/243,51.63786008,12548,243,"[2, 3, 3137]","[2, -5, 0, 0, 0, 0, 0, 0]","[2, 3, 5, 7, 11, 13, 17, 19]"
12550/243,51.64609053,12550,243,"[2, 3, 5, 251]","[1, -5, 2, 0, 0, 0, 0, 0]","[2, 3, 5, 7, 11, 13, 17, 19]"
12553/243,51.65843621,12553,243,"[3, 12553]","[0, -5, 0, 0, 0, 0, 0, 0]","[2, 3, 5, 7, 11, 13, 17, 19]"
12565/243,51.70781893,12565,243,"[3, 5, 7, 359]","[0, -5, 1, 1, 0, 0, 0, 0]","[2, 3, 5, 7, 11, 13, 17, 19]"
12566/243,51.71193416,12566,243,"[2, 3, 61, 103]","[1, -5, 0, 0, 0, 0, 0, 0]","[2, 3, 5, 7, 11, 13, 17, 19]"
12571/243,51.73251029,12571,243,"[3, 13, 967]","[0, -5, 0, 0, 0, 1, 0, 0]","[2, 3, 5, 7, 11, 13, 17, 19]"
12580/243,51.76954733,12580,243,"[2, 3, 5, 17, 37]","[2, -5, 1, 0, 0, 0, 1, 0]","[2, 3, 5, 7, 11, 13, 17, 19]"
12583/243,51.78189300,12583,243,"[3, 12583]","[0, -5, 0, 0, 0, 0, 0, 0]","[2, 3, 5, 7, 11, 13, 17, 19]"
12589/243,51.80658436,12589,243,"[3, 12589]","[0, -5, 0, 0, 0, 0, 0, 0]","[2, 3, 5, 7, 11, 13, 17, 19]"
12593/243,51.82304527,12593,243,"[3, 7, 257]","[0, -5, 0, 2, 0, 0, 0, 0]","[2, 3, 5, 7, 11, 13, 17, 19]"
12604/243,51.86831276,12604,243,"[2, 3, 23, 137]","[2, -5, 0, 0, 0, 0, 0, 0]","[2, 3, 5, 7, 11, 13, 17, 19]"
12608/243,51.88477366,12608,243,"[2, 3, 197]","[6, -5, 0, 0, 0, 0, 0, 0]","[2, 3, 5, 7, 11, 13, 17, 19]"
12610/243,51.89300412,12610,243,"[2, 3, 5, 13, 97]","[1, -5, 1, 0, 0, 1, 0, 0]","[2, 3, 5, 7, 11, 13, 17, 19]"
12611/243,51.89711934,12611,243,"[3, 12611]","[0, -5, 0, 0, 0, 0, 0, 0]","[2, 3, 5, 7, 11, 13, 17, 19]"
12616/243,51.91769547,12616,243,"[2, 3, 19, 83]","[3, -5, 0, 0, 0, 0, 0, 1]","[2, 3, 5, 7, 11, 13, 17, 19]"
12619/243,51.93004115,12619,243,"[3, 12619]","[0, -5, 0, 0, 0, 0, 0, 0]","[2, 3, 5, 7, 11, 13, 17, 19]"
12626/243,51.95884774,12626,243,"[2, 3, 59, 107]","[1, -5, 0, 0, 0, 0, 0, 0]","[2, 3, 5, 7, 11, 13, 17, 19]"
12629/243,51.97119342,12629,243,"[3, 73, 173]","[0, -5, 0, 0, 0, 0, 0, 0]","[2, 3, 5, 7, 11, 13, 17, 19]"
12634/243,51.99176955,12634,243,"[2, 3, 6317]","[1, -5, 0, 0, 0, 0, 0, 0]","[2, 3, 5, 7, 11, 13, 17, 19]"
12643/243,52.02880658,12643,243,"[3, 47, 269]","[0, -5, 0, 0, 0, 0, 0, 0]","[2, 3, 5, 7, 11, 13, 17, 19]"
12646/243,52.04115226,12646,243,"[2, 3, 6323]","[1, -5, 0, 0, 0, 0, 0, 0]","[2, 3, 5, 7, 11, 13, 17, 19]"
12653/243,52.06995885,12653,243,"[3, 12653]","[0, -5, 0, 0, 0, 0, 0, 0]","[2, 3, 5, 7, 11, 13, 17, 19]"
12655/243,52.07818930,12655,243,"[3, 5, 2531]","[0, -5, 1, 0, 0, 0, 0, 0]","[2, 3, 5, 7, 11, 13, 17, 19]"
12661/243,52.10288066,12661,243,"[3, 11, 1151]","[0, -5, 0, 0, 1, 0, 0, 0]","[2, 3, 5, 7, 11, 13, 17, 19]"
12664/243,52.11522634,12664,243,"[2, 3, 1583]","[3, -5, 0, 0, 0, 0, 0, 0]","[2, 3, 5, 7, 11, 13, 17, 19]"
12673/243,52.15226337,12673,243,"[3, 19, 23, 29]","[0, -5, 0, 0, 0, 0, 0, 1]","[2, 3, 5, 7, 11, 13, 17, 19]"
12676/243,52.16460905,12676,243,"[2, 3, 3169]","[2, -5, 0, 0, 0, 0, 0, 0]","[2, 3, 5, 7, 11, 13, 17, 19]"
12680/243,52.18106996,12680,243,"[2, 3, 5, 317]","[3, -5, 1, 0, 0, 0, 0, 0]","[2, 3, 5, 7, 11, 13, 17, 19]"
12683/243,52.19341564,12683,243,"[3, 11, 1153]","[0, -5, 0, 0, 1, 0, 0, 0]","[2, 3, 5, 7, 11, 13, 17, 19]"
12685/243,52.20164609,12685,243,"[3, 5, 43, 59]","[0, -5, 1, 0, 0, 0, 0, 0]","[2, 3, 5, 7, 11, 13, 17, 19]"
12689/243,52.21810700,12689,243,"[3, 12689]","[0, -5, 0, 0, 0, 0, 0, 0]","[2, 3, 5, 7, 11, 13, 17, 19]"
12691/243,52.22633745,12691,243,"[3, 7, 37]","[0, -5, 0, 3, 0, 0, 0, 0]","[2, 3, 5, 7, 11, 13, 17, 19]"
12701/243,52.26748971,12701,243,"[3, 13, 977]","[0, -5, 0, 0, 0, 1, 0, 0]","[2, 3, 5, 7, 11, 13, 17, 19]"
12703/243,52.27572016,12703,243,"[3, 12703]","[0, -5, 0, 0, 0, 0, 0, 0]","[2, 3, 5, 7, 11, 13, 17, 19]"
12710/243,52.30452675,12710,243,"[2, 3, 5, 31, 41]","[1, -5, 1, 0, 0, 0, 0, 0]","[2, 3, 5, 7, 11, 13, 17, 19]"
12715/243,52.32510288,12715,243,"[3, 5, 2543]","[0, -5, 1, 0, 0, 0, 0, 0]","[2, 3, 5, 7, 11, 13, 17, 19]"
12718/243,52.33744856,12718,243,"[2, 3, 6359]","[1, -5, 0, 0, 0, 0, 0, 0]","[2, 3, 5, 7, 11, 13, 17, 19]"
12719/243,52.34156379,12719,243,"[3, 7, 23, 79]","[0, -5, 0, 1, 0, 0, 0, 0]","[2, 3, 5, 7, 11, 13, 17, 19]"
12728/243,52.37860082,12728,243,"[2, 3, 37, 43]","[3, -5, 0, 0, 0, 0, 0, 0]","[2, 3, 5, 7, 11, 13, 17, 19]"
12733/243,52.39917695,12733,243,"[3, 7, 17, 107]","[0, -5, 0, 1, 0, 0, 1, 0]","[2, 3, 5, 7, 11, 13, 17, 19]"
12734/243,52.40329218,12734,243,"[2, 3, 6367]","[1, -5, 0, 0, 0, 0, 0, 0]","[2, 3, 5, 7, 11, 13, 17, 19]"
12736/243,52.41152263,12736,243,"[2, 3, 199]","[6, -5, 0, 0, 0, 0, 0, 0]","[2, 3, 5, 7, 11, 13, 17, 19]"
12751/243,52.47325103,12751,243,"[3, 41, 311]","[0, -5, 0, 0, 0, 0, 0, 0]","[2, 3, 5, 7, 11, 13, 17, 19]"
12754/243,52.48559671,12754,243,"[2, 3, 7, 911]","[1, -5, 0, 1, 0, 0, 0, 0]","[2, 3, 5, 7, 11, 13, 17, 19]"
12755/243,52.48971193,12755,243,"[3, 5, 2551]","[0, -5, 1, 0, 0, 0, 0, 0]","[2, 3, 5, 7, 11, 13, 17, 19]"
12761/243,52.51440329,12761,243,"[3, 7, 1823]","[0, -5, 0, 1, 0, 0, 0, 0]","[2, 3, 5, 7, 11, 13, 17, 19]"
12764/243,52.52674897,12764,243,"[2, 3, 3191]","[2, -5, 0, 0, 0, 0, 0, 0]","[2, 3, 5, 7, 11, 13, 17, 19]"
12766/243,52.53497942,12766,243,"[2, 3, 13, 491]","[1, -5, 0, 0, 0, 1, 0, 0]","[2, 3, 5, 7, 11, 13, 17, 19]"
12773/243,52.56378601,12773,243,"[3, 53, 241]","[0, -5, 0, 0, 0, 0, 0, 0]","[2, 3, 5, 7, 11, 13, 17, 19]"
12778/243,52.58436214,12778,243,"[2, 3, 6389]","[1, -5, 0, 0, 0, 0, 0, 0]","[2, 3, 5, 7, 11, 13, 17, 19]"
12784/243,52.60905350,12784,243,"[2, 3, 17, 47]","[4, -5, 0, 0, 0, 0, 1, 0]","[2, 3, 5, 7, 11, 13, 17, 19]"
12791/243,52.63786008,12791,243,"[3, 12791]","[0, -5, 0, 0, 0, 0, 0, 0]","[2, 3, 5, 7, 11, 13, 17, 19]"
12793/243,52.64609053,12793,243,"[3, 11, 1163]","[0, -5, 0, 0, 1, 0, 0, 0]","[2, 3, 5, 7, 11, 13, 17, 19]"
12796/243,52.65843621,12796,243,"[2, 3, 7, 457]","[2, -5, 0, 1, 0, 0, 0, 0]","[2, 3, 5, 7, 11, 13, 17, 19]"
12800/243,52.67489712,12800,243,"[2, 3, 5]","[9, -5, 2, 0, 0, 0, 0, 0]","[2, 3, 5, 7, 11, 13, 17, 19]"
12805/243,52.69547325,12805,243,"[3, 5, 13, 197]","[0, -5, 1, 0, 0, 1, 0, 0]","[2, 3, 5, 7, 11, 13, 17, 19]"
12808/243,52.70781893,12808,243,"[2, 3, 1601]","[3, -5, 0, 0, 0, 0, 0, 0]","[2, 3, 5, 7, 11, 13, 17, 19]"
12809/243,52.71193416,12809,243,"[3, 12809]","[0, -5, 0, 0, 0, 0, 0, 0]","[2, 3, 5, 7, 11, 13, 17, 19]"
12814/243,52.73251029,12814,243,"[2, 3, 43, 149]","[1, -5, 0, 0, 0, 0, 0, 0]","[2, 3, 5, 7, 11, 13, 17, 19]"
12815/243,52.73662551,12815,243,"[3, 5, 11, 233]","[0, -5, 1, 0, 1, 0, 0, 0]","[2, 3, 5, 7, 11, 13, 17, 19]"
12823/243,52.76954733,12823,243,"[3, 12823]","[0, -5, 0, 0, 0, 0, 0, 0]","[2, 3, 5, 7, 11, 13, 17, 19]"
12826/243,52.78189300,12826,243,"[2, 3, 11, 53]","[1, -5, 0, 0, 2, 0, 0, 0]","[2, 3, 5, 7, 11, 13, 17, 19]"
12835/243,52.81893004,12835,243,"[3, 5, 17, 151]","[0, -5, 1, 0, 0, 0, 1, 0]","[2, 3, 5, 7, 11, 13, 17, 19]"
12836/243,52.82304527,12836,243,"[2, 3, 3209]","[2, -5, 0, 0, 0, 0, 0, 0]","[2, 3, 5, 7, 11, 13, 17, 19]"
12850/243,52.88065844,12850,243,"[2, 3, 5, 257]","[1, -5, 2, 0, 0, 0, 0, 0]","[2, 3, 5, 7, 11, 13, 17, 19]"
12851/243,52.88477366,12851,243,"[3, 71, 181]","[0, -5, 0, 0, 0, 0, 0, 0]","[2, 3, 5, 7, 11, 13, 17, 19]"
12853/243,52.89300412,12853,243,"[3, 12853]","[0, -5, 0, 0, 0, 0, 0, 0]","[2, 3, 5, 7, 11, 13, 17, 19]"
12854/243,52.89711934,12854,243,"[2, 3, 6427]","[1, -5, 0, 0, 0, 0, 0, 0]","[2, 3, 5, 7, 11, 13, 17, 19]"
12859/243,52.91769547,12859,243,"[3, 7, 11, 167]","[0, -5, 0, 1, 1, 0, 0, 0]","[2, 3, 5, 7, 11, 13, 17, 19]"
12865/243,52.94238683,12865,243,"[3, 5, 31, 83]","[0, -5, 1, 0, 0, 0, 0, 0]","[2, 3, 5, 7, 11, 13, 17, 19]"
12869/243,52.95884774,12869,243,"[3, 17, 757]","[0, -5, 0, 0, 0, 0, 1, 0]","[2, 3, 5, 7, 11, 13, 17, 19]"
12880/243,53.00411523,12880,243,"[2, 3, 5, 7, 23]","[4, -5, 1, 1, 0, 0, 0, 0]","[2, 3, 5, 7, 11, 13, 17, 19]"
12886/243,53.02880658,12886,243,"[2, 3, 17, 379]","[1, -5, 0, 0, 0, 0, 1, 0]","[2, 3, 5, 7, 11, 13, 17, 19]"
12889/243,53.04115226,12889,243,"[3, 12889]","[0, -5, 0, 0, 0, 0, 0, 0]","[2, 3, 5, 7, 11, 13, 17, 19]"
12890/243,53.04526749,12890,243,"[2, 3, 5, 1289]","[1, -5, 1, 0, 0, 0, 0, 0]","[2, 3, 5, 7, 11, 13, 17, 19]"
12896/243,53.06995885,12896,243,"[2, 3, 13, 31]","[5, -5, 0, 0, 0, 1, 0, 0]","[2, 3, 5, 7, 11, 13, 17, 19]"
12898/243,53.07818930,12898,243,"[2, 3, 6449]","[1, -5, 0, 0, 0, 0, 0, 0]","[2, 3, 5, 7, 11, 13, 17, 19]"
12904/243,53.10288066,12904,243,"[2, 3, 1613]","[3, -5, 0, 0, 0, 0, 0, 0]","[2, 3, 5, 7, 11, 13, 17, 19]"
12916/243,53.15226337,12916,243,"[2, 3, 3229]","[2, -5, 0, 0, 0, 0, 0, 0]","[2, 3, 5, 7, 11, 13, 17, 19]"
12919/243,53.16460905,12919,243,"[3, 12919]","[0, -5, 0, 0, 0, 0, 0, 0]","[2, 3, 5, 7, 11, 13, 17, 19]"
12923/243,53.18106996,12923,243,"[3, 12923]","[0, -5, 0, 0, 0, 0, 0, 0]","[2, 3, 5, 7, 11, 13, 17, 19]"
12925/243,53.18930041,12925,243,"[3, 5, 11, 47]","[0, -5, 2, 0, 1, 0, 0, 0]","[2, 3, 5, 7, 11, 13, 17, 19]"
12926/243,53.19341564,12926,243,"[2, 3, 23, 281]","[1, -5, 0, 0, 0, 0, 0, 0]","[2, 3, 5, 7, 11, 13, 17, 19]"
12928/243,53.20164609,12928,243,"[2, 3, 101]","[7, -5, 0, 0, 0, 0, 0, 0]","[2, 3, 5, 7, 11, 13, 17, 19]"
12934/243,53.22633745,12934,243,"[2, 3, 29, 223]","[1, -5, 0, 0, 0, 0, 0, 0]","[2, 3, 5, 7, 11, 13, 17, 19]"
12935/243,53.23045267,12935,243,"[3, 5, 13, 199]","[0, -5, 1, 0, 0, 1, 0, 0]","[2, 3, 5, 7, 11, 13, 17, 19]"
12940/243,53.25102881,12940,243,"[2, 3, 5, 647]","[2, -5, 1, 0, 0, 0, 0, 0]","[2, 3, 5, 7, 11, 13, 17, 19]"
12944/243,53.26748971,12944,243,"[2, 3, 809]","[4, -5, 0, 0, 0, 0, 0, 0]","[2, 3, 5, 7, 11, 13, 17, 19]"
12946/243,53.27572016,12946,243,"[2, 3, 6473]","[1, -5, 0, 0, 0, 0, 0, 0]","[2, 3, 5, 7, 11, 13, 17, 19]"
12953/243,53.30452675,12953,243,"[3, 12953]","[0, -5, 0, 0, 0, 0, 0, 0]","[2, 3, 5, 7, 11, 13, 17, 19]"
12955/243,53.31275720,12955,243,"[3, 5, 2591]","[0, -5, 1, 0, 0, 0, 0, 0]","[2, 3, 5, 7, 11, 13, 17, 19]"
12958/243,53.32510288,12958,243,"[2, 3, 11, 19, 31]","[1, -5, 0, 0, 1, 0, 0, 1]","[2, 3, 5, 7, 11, 13, 17, 19]"
12961/243,53.33744856,12961,243,"[3, 13, 997]","[0, -5, 0, 0, 0, 1, 0, 0]","[2, 3, 5, 7, 11, 13, 17, 19]"
12971/243,53.37860082,12971,243,"[3, 7, 17, 109]","[0, -5, 0, 1, 0, 0, 1, 0]","[2, 3, 5, 7, 11, 13, 17, 19]"
12976/243,53.39917695,12976,243,"[2, 3, 811]","[4, -5, 0, 0, 0, 0, 0, 0]","[2, 3, 5, 7, 11, 13, 17, 19]"
12979/243,53.41152263,12979,243,"[3, 12979]","[0, -5, 0, 0, 0, 0, 0, 0]","[2, 3, 5, 7, 11, 13, 17, 19]"
12985/243,53.43621399,12985,243,"[3, 5, 7, 53]","[0, -5, 1, 2, 0, 0, 0, 0]","[2, 3, 5, 7, 11, 13, 17, 19]"
12994/243,53.47325103,12994,243,"[2, 3, 73, 89]","[1, -5, 0, 0, 0, 0, 0, 0]","[2, 3, 5, 7, 11, 13, 17, 19]"
12998/243,53.48971193,12998,243,"[2, 3, 67, 97]","[1, -5, 0, 0, 0, 0, 0, 0]","[2, 3, 5, 7, 11, 13, 17, 19]"
13000/243,53.49794239,13000,243,"[2, 3, 5, 13]","[3, -5, 3, 0, 0, 1, 0, 0]","[2, 3, 5, 7, 11, 13, 17, 19]"
13004/243,53.51440329,13004,243,"[2, 3, 3251]","[2, -5, 0, 0, 0, 0, 0, 0]","[2, 3, 5, 7, 11, 13, 17, 19]"
13009/243,53.53497942,13009,243,"[3, 13009]","[0, -5, 0, 0, 0, 0, 0, 0]","[2, 3, 5, 7, 11, 13, 17, 19]"
13015/243,53.55967078,13015,243,"[3, 5, 19, 137]","[0, -5, 1, 0, 0, 0, 0, 1]","[2, 3, 5, 7, 11, 13, 17, 19]"
13016/243,53.56378601,13016,243,"[2, 3, 1627]","[3, -5, 0, 0, 0, 0, 0, 0]","[2, 3, 5, 7, 11, 13, 17, 19]"
13021/243,53.58436214,13021,243,"[3, 29, 449]","[0, -5, 0, 0, 0, 0, 0, 0]","[2, 3, 5, 7, 11, 13, 17, 19]"
13025/243,53.60082305,13025,243,"[3, 5, 521]","[0, -5, 2, 0, 0, 0, 0, 0]","[2, 3, 5, 7, 11, 13, 17, 19]"
13034/243,53.63786008,13034,243,"[2, 3, 7, 19]","[1, -5, 0, 3, 0, 0, 0, 1]","[2, 3, 5, 7, 11, 13, 17, 19]"
13036/243,53.64609053,13036,243,"[2, 3, 3259]","[2, -5, 0, 0, 0, 0, 0, 0]","[2, 3, 5, 7, 11, 13, 17, 19]"
13039/243,53.65843621,13039,243,"[3, 13, 17, 59]","[0, -5, 0, 0, 0, 1, 1, 0]","[2, 3, 5, 7, 11, 13, 17, 19]"
13043/243,53.67489712,13043,243,"[3, 13043]","[0, -5, 0, 0, 0, 0, 0, 0]","[2, 3, 5, 7, 11, 13, 17, 19]"
13048/243,53.69547325,13048,243,"[2, 3, 7, 233]","[3, -5, 0, 1, 0, 0, 0, 0]","[2, 3, 5, 7, 11, 13, 17, 19]"
13051/243,53.70781893,13051,243,"[3, 31, 421]","[0, -5, 0, 0, 0, 0, 0, 0]","[2, 3, 5, 7, 11, 13, 17, 19]"
13058/243,53.73662551,13058,243,"[2, 3, 6529]","[1, -5, 0, 0, 0, 0, 0, 0]","[2, 3, 5, 7, 11, 13, 17, 19]"
13060/243,53.74485597,13060,243,"[2, 3, 5, 653]","[2, -5, 1, 0, 0, 0, 0, 0]","[2, 3, 5, 7, 11, 13, 17, 19]"
13066/243,53.76954733,13066,243,"[2, 3, 47, 139]","[1, -5, 0, 0, 0, 0, 0, 0]","[2, 3, 5, 7, 11, 13, 17, 19]"
13069/243,53.78189300,13069,243,"[3, 7, 1867]","[0, -5, 0, 1, 0, 0, 0, 0]","[2, 3, 5, 7, 11, 13, 17, 19]"
13078/243,53.81893004,13078,243,"[2, 3, 13, 503]","[1, -5, 0, 0, 0, 1, 0, 0]","[2, 3, 5, 7, 11, 13, 17, 19]"
13079/243,53.82304527,13079,243,"[3, 11, 29, 41]","[0, -5, 0, 0, 1, 0, 0, 0]","[2, 3, 5, 7, 11, 13, 17, 19]"
13085/243,53.84773663,13085,243,"[3, 5, 2617]","[0, -5, 1, 0, 0, 0, 0, 0]","[2, 3, 5, 7, 11, 13, 17, 19]"
13090/243,53.86831276,13090,243,"[2, 3, 5, 7, 11, 17]","[1, -5, 1, 1, 1, 0, 1, 0]","[2, 3, 5, 7, 11, 13, 17, 19]"
13093/243,53.88065844,13093,243,"[3, 13093]","[0, -5, 0, 0, 0, 0, 0, 0]","[2, 3, 5, 7, 11, 13, 17, 19]"
13094/243,53.88477366,13094,243,"[2, 3, 6547]","[1, -5, 0, 0, 0, 0, 0, 0]","[2, 3, 5, 7, 11, 13, 17, 19]"
13096/243,53.89300412,13096,243,"[2, 3, 1637]","[3, -5, 0, 0, 0, 0, 0, 0]","[2, 3, 5, 7, 11, 13, 17, 19]"
13108/243,53.94238683,13108,243,"[2, 3, 29, 113]","[2, -5, 0, 0, 0, 0, 0, 0]","[2, 3, 5, 7, 11, 13, 17, 19]"
13115/243,53.97119342,13115,243,"[3, 5, 43, 61]","[0, -5, 1, 0, 0, 0, 0, 0]","[2, 3, 5, 7, 11, 13, 17, 19]"
13123/243,54.00411523,13123,243,"[3, 11, 1193]","[0, -5, 0, 0, 1, 0, 0, 0]","[2, 3, 5, 7, 11, 13, 17, 19]"
13129/243,54.02880658,13129,243,"[3, 19, 691]","[0, -5, 0, 0, 0, 0, 0, 1]","[2, 3, 5, 7, 11, 13, 17, 19]"
13133/243,54.04526749,13133,243,"[3, 23, 571]","[0, -5, 0, 0, 0, 0, 0, 0]","[2, 3, 5, 7, 11, 13, 17, 19]"
13139/243,54.06995885,13139,243,"[3, 7, 1877]","[0, -5, 0, 1, 0, 0, 0, 0]","[2, 3, 5, 7, 11, 13, 17, 19]"
13141/243,54.07818930,13141,243,"[3, 17, 773]","[0, -5, 0, 0, 0, 0, 1, 0]","[2, 3, 5, 7, 11, 13, 17, 19]"
13150/243,54.11522634,13150,243,"[2, 3, 5, 263]","[1, -5, 2, 0, 0, 0, 0, 0]","[2, 3, 5, 7, 11, 13, 17, 19]"
13159/243,54.15226337,13159,243,"[3, 13159]","[0, -5, 0, 0, 0, 0, 0, 0]","[2, 3, 5, 7, 11, 13, 17, 19]"
13160/243,54.15637860,13160,243,"[2, 3, 5, 7, 47]","[3, -5, 1, 1, 0, 0, 0, 0]","[2, 3, 5, 7, 11, 13, 17, 19]"
13166/243,54.18106996,13166,243,"[2, 3, 29, 227]","[1, -5, 0, 0, 0, 0, 0, 0]","[2, 3, 5, 7, 11, 13, 17, 19]"
13168/243,54.18930041,13168,243,"[2, 3, 823]","[4, -5, 0, 0, 0, 0, 0, 0]","[2, 3, 5, 7, 11, 13, 17, 19]"
13169/243,54.19341564,13169,243,"[3, 13, 1013]","[0, -5, 0, 0, 0, 1, 0, 0]","[2, 3, 5, 7, 11, 13, 17, 19]"
13171/243,54.20164609,13171,243,"[3, 13171]","[0, -5, 0, 0, 0, 0, 0, 0]","[2, 3, 5, 7, 11, 13, 17, 19]"
13178/243,54.23045267,13178,243,"[2, 3, 11, 599]","[1, -5, 0, 0, 1, 0, 0, 0]","[2, 3, 5, 7, 11, 13, 17, 19]"
13183/243,54.25102881,13183,243,"[3, 13183]","[0, -5, 0, 0, 0, 0, 0, 0]","[2, 3, 5, 7, 11, 13, 17, 19]"
13189/243,54.27572016,13189,243,"[3, 11, 109]","[0, -5, 0, 0, 2, 0, 0, 0]","[2, 3, 5, 7, 11, 13, 17, 19]"
13196/243,54.30452675,13196,243,"[2, 3, 3299]","[2, -5, 0, 0, 0, 0, 0, 0]","[2, 3, 5, 7, 11, 13, 17, 19]"
13198/243,54.31275720,13198,243,"[2, 3, 6599]","[1, -5, 0, 0, 0, 0, 0, 0]","[2, 3, 5, 7, 11, 13, 17, 19]"
13201/243,54.32510288,13201,243,"[3, 43, 307]","[0, -5, 0, 0, 0, 0, 0, 0]","[2, 3, 5, 7, 11, 13, 17, 19]"
13204/243,54.33744856,13204,243,"[2, 3, 3301]","[2, -5, 0, 0, 0, 0, 0, 0]","[2, 3, 5, 7, 11, 13, 17, 19]"
13205/243,54.34156379,13205,243,"[3, 5, 19, 139]","[0, -5, 1, 0, 0, 0, 0, 1]","[2, 3, 5, 7, 11, 13, 17, 19]"
13210/243,54.36213992,13210,243,"[2, 3, 5, 1321]","[1, -5, 1, 0, 0, 0, 0, 0]","[2, 3, 5, 7, 11, 13, 17, 19]"
13214/243,54.37860082,13214,243,"[2, 3, 6607]","[1, -5, 0, 0, 0, 0, 0, 0]","[2, 3, 5, 7, 11, 13, 17, 19]"
13219/243,54.39917695,13219,243,"[3, 13219]","[0, -5, 0, 0, 0, 0, 0, 0]","[2, 3, 5, 7, 11, 13, 17, 19]"
13225/243,54.42386831,13225,243,"[3, 5, 23]","[0, -5, 2, 0, 0, 0, 0, 0]","[2, 3, 5, 7, 11, 13, 17, 19]"
13228/243,54.43621399,13228,243,"[2, 3, 3307]","[2, -5, 0, 0, 0, 0, 0, 0]","[2, 3, 5, 7, 11, 13, 17, 19]"
13240/243,54.48559671,13240,243,"[2, 3, 5, 331]","[3, -5, 1, 0, 0, 0, 0, 0]","[2, 3, 5, 7, 11, 13, 17, 19]"
13241/243,54.48971193,13241,243,"[3, 13241]","[0, -5, 0, 0, 0, 0, 0, 0]","[2, 3, 5, 7, 11, 13, 17, 19]"
13243/243,54.49794239,13243,243,"[3, 17, 19, 41]","[0, -5, 0, 0, 0, 0, 1, 1]","[2, 3, 5, 7, 11, 13, 17, 19]"
13255/243,54.54732510,13255,243,"[3, 5, 11, 241]","[0, -5, 1, 0, 1, 0, 0, 0]","[2, 3, 5, 7, 11, 13, 17, 19]"
13258/243,54.55967078,13258,243,"[2, 3, 7, 947]","[1, -5, 0, 1, 0, 0, 0, 0]","[2, 3, 5, 7, 11, 13, 17, 19]"
13259/243,54.56378601,13259,243,"[3, 13259]","[0, -5, 0, 0, 0, 0, 0, 0]","[2, 3, 5, 7, 11, 13, 17, 19]"
13264/243,54.58436214,13264,243,"[2, 3, 829]","[4, -5, 0, 0, 0, 0, 0, 0]","[2, 3, 5, 7, 11, 13, 17, 19]"
13268/243,54.60082305,13268,243,"[2, 3, 31, 107]","[2, -5, 0, 0, 0, 0, 0, 0]","[2, 3, 5, 7, 11, 13, 17, 19]"
13279/243,54.64609053,13279,243,"[3, 7, 271]","[0, -5, 0, 2, 0, 0, 0, 0]","[2, 3, 5, 7, 11, 13, 17, 19]"
13285/243,54.67078189,13285,243,"[3, 5, 2657]","[0, -5, 1, 0, 0, 0, 0, 0]","[2, 3, 5, 7, 11, 13, 17, 19]"
13286/243,54.67489712,13286,243,"[2, 3, 7, 13, 73]","[1, -5, 0, 1, 0, 1, 0, 0]","[2, 3, 5, 7, 11, 13, 17, 19]"
13291/243,54.69547325,13291,243,"[3, 13291]","[0, -5, 0, 0, 0, 0, 0, 0]","[2, 3, 5, 7, 11, 13, 17, 19]"
13294/243,54.70781893,13294,243,"[2, 3, 17, 23]","[1, -5, 0, 0, 0, 0, 2, 0]","[2, 3, 5, 7, 11, 13, 17, 19]"
13301/243,54.73662551,13301,243,"[3, 47, 283]","[0, -5, 0, 0, 0, 0, 0, 0]","[2, 3, 5, 7, 11, 13, 17, 19]"
13303/243,54.74485597,13303,243,"[3, 53, 251]","[0, -5, 0, 0, 0, 0, 0, 0]","[2, 3, 5, 7, 11, 13, 17, 19]"
13309/243,54.76954733,13309,243,"[3, 13309]","[0, -5, 0, 0, 0, 0, 0, 0]","[2, 3, 5, 7, 11, 13, 17, 19]"
13321/243,54.81893004,13321,243,"[3, 7, 11, 173]","[0, -5, 0, 1, 1, 0, 0, 0]","[2, 3, 5, 7, 11, 13, 17, 19]"
13328/243,54.84773663,13328,243,"[2, 3, 7, 17]","[4, -5, 0, 2, 0, 0, 1, 0]","[2, 3, 5, 7, 11, 13, 17, 19]"
13330/243,54.85596708,13330,243,"[2, 3, 5, 31, 43]","[1, -5, 1, 0, 0, 0, 0, 0]","[2, 3, 5, 7, 11, 13, 17, 19]"
13333/243,54.86831276,13333,243,"[3, 67, 199]","[0, -5, 0, 0, 0, 0, 0, 0]","[2, 3, 5, 7, 11, 13, 17, 19]"
13336/243,54.88065844,13336,243,"[2, 3, 1667]","[3, -5, 0, 0, 0, 0, 0, 0]","[2, 3, 5, 7, 11, 13, 17, 19]"
13339/243,54.89300412,13339,243,"[3, 13339]","[0, -5, 0, 0, 0, 0, 0, 0]","[2, 3, 5, 7, 11, 13, 17, 19]"
13340/243,54.89711934,13340,243,"[2, 3, 5, 23, 29]","[2, -5, 1, 0, 0, 0, 0, 0]","[2, 3, 5, 7, 11, 13, 17, 19]"
13351/243,54.94238683,13351,243,"[3, 13, 79]","[0, -5, 0, 0, 0, 2, 0, 0]","[2, 3, 5, 7, 11, 13, 17, 19]"
13358/243,54.97119342,13358,243,"[2, 3, 6679]","[1, -5, 0, 0, 0, 0, 0, 0]","[2, 3, 5, 7, 11, 13, 17, 19]"
13360/243,54.97942387,13360,243,"[2, 3, 5, 167]","[4, -5, 1, 0, 0, 0, 0, 0]","[2, 3, 5, 7, 11, 13, 17, 19]"
13366/243,55.00411523,13366,243,"[2, 3, 41, 163]","[1, -5, 0, 0, 0, 0, 0, 0]","[2, 3, 5, 7, 11, 13, 17, 19]"
13375/243,55.04115226,13375,243,"[3, 5, 107]","[0, -5, 3, 0, 0, 0, 0, 0]","[2, 3, 5, 7, 11, 13, 17, 19]"
13376/243,55.04526749,13376,243,"[2, 3, 11, 19]","[6, -5, 0, 0, 1, 0, 0, 1]","[2, 3, 5, 7, 11, 13, 17, 19]"
13384/243,55.07818930,13384,243,"[2, 3, 7, 239]","[3, -5, 0, 1, 0, 0, 0, 0]","[2, 3, 5, 7, 11, 13, 17, 19]"
13390/243,55.10288066,13390,243,"[2, 3, 5, 13, 103]","[1, -5, 1, 0, 0, 1, 0, 0]","[2, 3, 5, 7, 11, 13, 17, 19]"
13393/243,55.11522634,13393,243,"[3, 59, 227]","[0, -5, 0, 0, 0, 0, 0, 0]","[2, 3, 5, 7, 11, 13, 17, 19]"
13403/243,55.15637860,13403,243,"[3, 13, 1031]","[0, -5, 0, 0, 0, 1, 0, 0]","[2, 3, 5, 7, 11, 13, 17, 19]"
13405/243,55.16460905,13405,243,"[3, 5, 7, 383]","[0, -5, 1, 1, 0, 0, 0, 0]","[2, 3, 5, 7, 11, 13, 17, 19]"
13409/243,55.18106996,13409,243,"[3, 11, 23, 53]","[0, -5, 0, 0, 1, 0, 0, 0]","[2, 3, 5, 7, 11, 13, 17, 19]"
13411/243,55.18930041,13411,243,"[3, 13411]","[0, -5, 0, 0, 0, 0, 0, 0]","[2, 3, 5, 7, 11, 13, 17, 19]"
13414/243,55.20164609,13414,243,"[2, 3, 19, 353]","[1, -5, 0, 0, 0, 0, 0, 1]","[2, 3, 5, 7, 11, 13, 17, 19]"
13421/243,55.23045267,13421,243,"[3, 13421]","[0, -5, 0, 0, 0, 0, 0, 0]","[2, 3, 5, 7, 11, 13, 17, 19]"
13426/243,55.25102881,13426,243,"[2, 3, 7, 137]","[1, -5, 0, 2, 0, 0, 0, 0]","[2, 3, 5, 7, 11, 13, 17, 19]"
13430/243,55.26748971,13430,243,"[2, 3, 5, 17, 79]","[1, -5, 1, 0, 0, 0, 1, 0]","[2, 3, 5, 7, 11, 13, 17, 19]"
13439/243,55.30452675,13439,243,"[3, 89, 151]","[0, -5, 0, 0, 0, 0, 0, 0]","[2, 3, 5, 7, 11, 13, 17, 19]"
13441/243,55.31275720,13441,243,"[3, 13441]","[0, -5, 0, 0, 0, 0, 0, 0]","[2, 3, 5, 7, 11, 13, 17, 19]"
13444/243,55.32510288,13444,243,"[2, 3, 3361]","[2, -5, 0, 0, 0, 0, 0, 0]","[2, 3, 5, 7, 11, 13, 17, 19]"
13448/243,55.34156379,13448,243,"[2, 3, 41]","[3, -5, 0, 0, 0, 0, 0, 0]","[2, 3, 5, 7, 11, 13, 17, 19]"
13453/243,55.36213992,13453,243,"[3, 11, 1223]","[0, -5, 0, 0, 1, 0, 0, 0]","[2, 3, 5, 7, 11, 13, 17, 19]"
13465/243,55.41152263,13465,243,"[3, 5, 2693]","[0, -5, 1, 0, 0, 0, 0, 0]","[2, 3, 5, 7, 11, 13, 17, 19]"
13468/243,55.42386831,13468,243,"[2, 3, 7, 13, 37]","[2, -5, 0, 1, 0, 1, 0, 0]","[2, 3, 5, 7, 11, 13, 17, 19]"
13471/243,55.43621399,13471,243,"[3, 19, 709]","[0, -5, 0, 0, 0, 0, 0, 1]","[2, 3, 5, 7, 11, 13, 17, 19]"
13475/243,55.45267490,13475,243,"[3, 5, 7, 11]","[0, -5, 2, 2, 1, 0, 0, 0]","[2, 3, 5, 7, 11, 13, 17, 19]"
13483/243,55.48559671,13483,243,"[3, 97, 139]","[0, -5, 0, 0, 0, 0, 0, 0]","[2, 3, 5, 7, 11, 13, 17, 19]"
13484/243,55.48971193,13484,243,"[2, 3, 3371]","[2, -5, 0, 0, 0, 0, 0, 0]","[2, 3, 5, 7, 11, 13, 17, 19]"
13486/243,55.49794239,13486,243,"[2, 3, 11, 613]","[1, -5, 0, 0, 1, 0, 0, 0]","[2, 3, 5, 7, 11, 13, 17, 19]"
13490/243,55.51440329,13490,243,"[2, 3, 5, 19, 71]","[1, -5, 1, 0, 0, 0, 0, 1]","[2, 3, 5, 7, 11, 13, 17, 19]"
13498/243,55.54732510,13498,243,"[2, 3, 17, 397]","[1, -5, 0, 0, 0, 0, 1, 0]","[2, 3, 5, 7, 11, 13, 17, 19]"
13501/243,55.55967078,13501,243,"[3, 23, 587]","[0, -5, 0, 0, 0, 0, 0, 0]","[2, 3, 5, 7, 11, 13, 17, 19]"
13511/243,55.60082305,13511,243,"[3, 59, 229]","[0, -5, 0, 0, 0, 0, 0, 0]","[2, 3, 5, 7, 11, 13, 17, 19]"
13525/243,55.65843621,13525,243,"[3, 5, 541]","[0, -5, 2, 0, 0, 0, 0, 0]","[2, 3, 5, 7, 11, 13, 17, 19]"
13528/243,55.67078189,13528,243,"[2, 3, 19, 89]","[3, -5, 0, 0, 0, 0, 0, 1]","[2, 3, 5, 7, 11, 13, 17, 19]"
13529/243,55.67489712,13529,243,"[3, 83, 163]","[0, -5, 0, 0, 0, 0, 0, 0]","[2, 3, 5, 7, 11, 13, 17, 19]"
13534/243,55.69547325,13534,243,"[2, 3, 67, 101]","[1, -5, 0, 0, 0, 0, 0, 0]","[2, 3, 5, 7, 11, 13, 17, 19]"
13544/243,55.73662551,13544,243,"[2, 3, 1693]","[3, -5, 0, 0, 0, 0, 0, 0]","[2, 3, 5, 7, 11, 13, 17, 19]"
13546/243,55.74485597,13546,243,"[2, 3, 13, 521]","[1, -5, 0, 0, 0, 1, 0, 0]","[2, 3, 5, 7, 11, 13, 17, 19]"
13555/243,55.78189300,13555,243,"[3, 5, 2711]","[0, -5, 1, 0, 0, 0, 0, 0]","[2, 3, 5, 7, 11, 13, 17, 19]"
13564/243,55.81893004,13564,243,"[2, 3, 3391]","[2, -5, 0, 0, 0, 0, 0, 0]","[2, 3, 5, 7, 11, 13, 17, 19]"
13565/243,55.82304527,13565,243,"[3, 5, 2713]","[0, -5, 1, 0, 0, 0, 0, 0]","[2, 3, 5, 7, 11, 13, 17, 19]"
13571/243,55.84773663,13571,243,"[3, 41, 331]","[0, -5, 0, 0, 0, 0, 0, 0]","[2, 3, 5, 7, 11, 13, 17, 19]"
13573/243,55.85596708,13573,243,"[3, 7, 277]","[0, -5, 0, 2, 0, 0, 0, 0]","[2, 3, 5, 7, 11, 13, 17, 19]"
13576/243,55.86831276,13576,243,"[2, 3, 1697]","[3, -5, 0, 0, 0, 0, 0, 0]","[2, 3, 5, 7, 11, 13, 17, 19]"
13579/243,55.88065844,13579,243,"[3, 37, 367]","[0, -5, 0, 0, 0, 0, 0, 0]","[2, 3, 5, 7, 11, 13, 17, 19]"
13583/243,55.89711934,13583,243,"[3, 17, 47]","[0, -5, 0, 0, 0, 0, 2, 0]","[2, 3, 5, 7, 11, 13, 17, 19]"
13594/243,55.94238683,13594,243,"[2, 3, 7, 971]","[1, -5, 0, 1, 0, 0, 0, 0]","[2, 3, 5, 7, 11, 13, 17, 19]"
13600/243,55.96707819,13600,243,"[2, 3, 5, 17]","[5, -5, 2, 0, 0, 0, 1, 0]","[2, 3, 5, 7, 11, 13, 17, 19]"
13601/243,55.97119342,13601,243,"[3, 7, 29, 67]","[0, -5, 0, 1, 0, 0, 0, 0]","[2, 3, 5, 7, 11, 13, 17, 19]"
13603/243,55.97942387,13603,243,"[3, 61, 223]","[0, -5, 0, 0, 0, 0, 0, 0]","[2, 3, 5, 7, 11, 13, 17, 19]"
13609/243,56.00411523,13609,243,"[3, 31, 439]","[0, -5, 0, 0, 0, 0, 0, 0]","[2, 3, 5, 7, 11, 13, 17, 19]"
13610/243,56.00823045,13610,243,"[2, 3, 5, 1361]","[1, -5, 1, 0, 0, 0, 0, 0]","[2, 3, 5, 7, 11, 13, 17, 19]"
13615/243,56.02880658,13615,243,"[3, 5, 7, 389]","[0, -5, 1, 1, 0, 0, 0, 0]","[2, 3, 5, 7, 11, 13, 17, 19]"
13618/243,56.04115226,13618,243,"[2, 3, 11, 619]","[1, -5, 0, 0, 1, 0, 0, 0]","[2, 3, 5, 7, 11, 13, 17, 19]"
13619/243,56.04526749,13619,243,"[3, 13619]","[0, -5, 0, 0, 0, 0, 0, 0]","[2, 3, 5, 7, 11, 13, 17, 19]"
13630/243,56.09053498,13630,243,"[2, 3, 5, 29, 47]","[1, -5, 1, 0, 0, 0, 0, 0]","[2, 3, 5, 7, 11, 13, 17, 19]"
13633/243,56.10288066,13633,243,"[3, 13633]","[0, -5, 0, 0, 0, 0, 0, 0]","[2, 3, 5, 7, 11, 13, 17, 19]"
13636/243,56.11522634,13636,243,"[2, 3, 7, 487]","[2, -5, 0, 1, 0, 0, 0, 0]","[2, 3, 5, 7, 11, 13, 17, 19]"
13646/243,56.15637860,13646,243,"[2, 3, 6823]","[1, -5, 0, 0, 0, 0, 0, 0]","[2, 3, 5, 7, 11, 13, 17, 19]"
13648/243,56.16460905,13648,243,"[2, 3, 853]","[4, -5, 0, 0, 0, 0, 0, 0]","[2, 3, 5, 7, 11, 13, 17, 19]"
13654/243,56.18930041,13654,243,"[2, 3, 6827]","[1, -5, 0, 0, 0, 0, 0, 0]","[2, 3, 5, 7, 11, 13, 17, 19]"
13660/243,56.21399177,13660,243,"[2, 3, 5, 683]","[2, -5, 1, 0, 0, 0, 0, 0]","[2, 3, 5, 7, 11, 13, 17, 19]"
13664/243,56.23045267,13664,243,"[2, 3, 7, 61]","[5, -5, 0, 1, 0, 0, 0, 0]","[2, 3, 5, 7, 11, 13, 17, 19]"
13669/243,56.25102881,13669,243,"[3, 13669]","[0, -5, 0, 0, 0, 0, 0, 0]","[2, 3, 5, 7, 11, 13, 17, 19]"
13673/243,56.26748971,13673,243,"[3, 11, 113]","[0, -5, 0, 0, 2, 0, 0, 0]","[2, 3, 5, 7, 11, 13, 17, 19]"
13675/243,56.27572016,13675,243,"[3, 5, 547]","[0, -5, 2, 0, 0, 0, 0, 0]","[2, 3, 5, 7, 11, 13, 17, 19]"
13684/243,56.31275720,13684,243,"[2, 3, 11, 311]","[2, -5, 0, 0, 1, 0, 0, 0]","[2, 3, 5, 7, 11, 13, 17, 19]"
13690/243,56.33744856,13690,243,"[2, 3, 5, 37]","[1, -5, 1, 0, 0, 0, 0, 0]","[2, 3, 5, 7, 11, 13, 17, 19]"
13691/243,56.34156379,13691,243,"[3, 13691]","[0, -5, 0, 0, 0, 0, 0, 0]","[2, 3, 5, 7, 11, 13, 17, 19]"
13696/243,56.36213992,13696,243,"[2, 3, 107]","[7, -5, 0, 0, 0, 0, 0, 0]","[2, 3, 5, 7, 11, 13, 17, 19]"
13708/243,56.41152263,13708,243,"[2, 3, 23, 149]","[2, -5, 0, 0, 0, 0, 0, 0]","[2, 3, 5, 7, 11, 13, 17, 19]"
13711/243,56.42386831,13711,243,"[3, 13711]","[0, -5, 0, 0, 0, 0, 0, 0]","[2, 3, 5, 7, 11, 13, 17, 19]"
13714/243,56.43621399,13714,243,"[2, 3, 6857]","[1, -5, 0, 0, 0, 0, 0, 0]","[2, 3, 5, 7, 11, 13, 17, 19]"
13718/243,56.45267490,13718,243,"[2, 3, 19]","[1, -5, 0, 0, 0, 0, 0, 3]","[2, 3, 5, 7, 11, 13, 17, 19]"
13726/243,56.48559671,13726,243,"[2, 3, 6863]","[1, -5, 0, 0, 0, 0, 0, 0]","[2, 3, 5, 7, 11, 13, 17, 19]"
13729/243,56.49794239,13729,243,"[3, 13729]","[0, -5, 0, 0, 0, 0, 0, 0]","[2, 3, 5, 7, 11, 13, 17, 19]"
13733/243,56.51440329,13733,243,"[3, 31, 443]","[0, -5, 0, 0, 0, 0, 0, 0]","[2, 3, 5, 7, 11, 13, 17, 19]"
13735/243,56.52263374,13735,243,"[3, 5, 41, 67]","[0, -5, 1, 0, 0, 0, 0, 0]","[2, 3, 5, 7, 11, 13, 17, 19]"
13741/243,56.54732510,13741,243,"[3, 7, 13, 151]","[0, -5, 0, 1, 0, 1, 0, 0]","[2, 3, 5, 7, 11, 13, 17, 19]"
13744/243,56.55967078,13744,243,"[2, 3, 859]","[4, -5, 0, 0, 0, 0, 0, 0]","[2, 3, 5, 7, 11, 13, 17, 19]"
13754/243,56.60082305,13754,243,"[2, 3, 13, 23]","[1, -5, 0, 0, 0, 1, 0, 0]","[2, 3, 5, 7, 11, 13, 17, 19]"
13765/243,56.64609053,13765,243,"[3, 5, 2753]","[0, -5, 1, 0, 0, 0, 0, 0]","[2, 3, 5, 7, 11, 13, 17, 19]"
13768/243,56.65843621,13768,243,"[2, 3, 1721]","[3, -5, 0, 0, 0, 0, 0, 0]","[2, 3, 5, 7, 11, 13, 17, 19]"
13771/243,56.67078189,13771,243,"[3, 47, 293]","[0, -5, 0, 0, 0, 0, 0, 0]","[2, 3, 5, 7, 11, 13, 17, 19]"
13780/243,56.70781893,13780,243,"[2, 3, 5, 13, 53]","[2, -5, 1, 0, 0, 1, 0, 0]","[2, 3, 5, 7, 11, 13, 17, 19]"
13789/243,56.74485597,13789,243,"[3, 13789]","[0, -5, 0, 0, 0, 0, 0, 0]","[2, 3, 5, 7, 11, 13, 17, 19]"
13798/243,56.78189300,13798,243,"[2, 3, 6899]","[1, -5, 0, 0, 0, 0, 0, 0]","[2, 3, 5, 7, 11, 13, 17, 19]"
13808/243,56.82304527,13808,243,"[2, 3, 863]","[4, -5, 0, 0, 0, 0, 0, 0]","[2, 3, 5, 7, 11, 13, 17, 19]"
13810/243,56.83127572,13810,243,"[2, 3, 5, 1381]","[1, -5, 1, 0, 0, 0, 0, 0]","[2, 3, 5, 7, 11, 13, 17, 19]"
13814/243,56.84773663,13814,243,"[2, 3, 6907]","[1, -5, 0, 0, 0, 0, 0, 0]","[2, 3, 5, 7, 11, 13, 17, 19]"
13816/243,56.85596708,13816,243,"[2, 3, 11, 157]","[3, -5, 0, 0, 1, 0, 0, 0]","[2, 3, 5, 7, 11, 13, 17, 19]"
13819/243,56.86831276,13819,243,"[3, 13, 1063]","[0, -5, 0, 0, 0, 1, 0, 0]","[2, 3, 5, 7, 11, 13, 17, 19]"
13826/243,56.89711934,13826,243,"[2, 3, 31, 223]","[1, -5, 0, 0, 0, 0, 0, 0]","[2, 3, 5, 7, 11, 13, 17, 19]"
13835/243,56.93415638,13835,243,"[3, 5, 2767]","[0, -5, 1, 0, 0, 0, 0, 0]","[2, 3, 5, 7, 11, 13, 17, 19]"
13843/243,56.96707819,13843,243,"[3, 109, 127]","[0, -5, 0, 0, 0, 0, 0, 0]","[2, 3, 5, 7, 11, 13, 17, 19]"
13844/243,56.97119342,13844,243,"[2, 3, 3461]","[2, -5, 0, 0, 0, 0, 0, 0]","[2, 3, 5, 7, 11, 13, 17, 19]"
13846/243,56.97942387,13846,243,"[2, 3, 7, 23, 43]","[1, -5, 0, 1, 0, 0, 0, 0]","[2, 3, 5, 7, 11, 13, 17, 19]"
13853/243,57.00823045,13853,243,"[3, 7, 1979]","[0, -5, 0, 1, 0, 0, 0, 0]","[2, 3, 5, 7, 11, 13, 17, 19]"
13858/243,57.02880658,13858,243,"[2, 3, 13, 41]","[1, -5, 0, 0, 0, 2, 0, 0]","[2, 3, 5, 7, 11, 13, 17, 19]"
13861/243,57.04115226,13861,243,"[3, 83, 167]","[0, -5, 0, 0, 0, 0, 0, 0]","[2, 3, 5, 7, 11, 13, 17, 19]"
13873/243,57.09053498,13873,243,"[3, 13873]","[0, -5, 0, 0, 0, 0, 0, 0]","[2, 3, 5, 7, 11, 13, 17, 19]"
13876/243,57.10288066,13876,243,"[2, 3, 3469]","[2, -5, 0, 0, 0, 0, 0, 0]","[2, 3, 5, 7, 11, 13, 17, 19]"
13879/243,57.11522634,13879,243,"[3, 13879]","[0, -5, 0, 0, 0, 0, 0, 0]","[2, 3, 5, 7, 11, 13, 17, 19]"
13880/243,57.11934156,13880,243,"[2, 3, 5, 347]","[3, -5, 1, 0, 0, 0, 0, 0]","[2, 3, 5, 7, 11, 13, 17, 19]"
13889/243,57.15637860,13889,243,"[3, 17, 19, 43]","[0, -5, 0, 0, 0, 0, 1, 1]","[2, 3, 5, 7, 11, 13, 17, 19]"
13891/243,57.16460905,13891,243,"[3, 29, 479]","[0, -5, 0, 0, 0, 0, 0, 0]","[2, 3, 5, 7, 11, 13, 17, 19]"
13900/243,57.20164609,13900,243,"[2, 3, 5, 139]","[2, -5, 2, 0, 0, 0, 0, 0]","[2, 3, 5, 7, 11, 13, 17, 19]"
13903/243,57.21399177,13903,243,"[3, 13903]","[0, -5, 0, 0, 0, 0, 0, 0]","[2, 3, 5, 7, 11, 13, 17, 19]"
13916/243,57.26748971,13916,243,"[2, 3, 7, 71]","[2, -5, 0, 2, 0, 0, 0, 0]","[2, 3, 5, 7, 11, 13, 17, 19]"
13918/243,57.27572016,13918,243,"[2, 3, 6959]","[1, -5, 0, 0, 0, 0, 0, 0]","[2, 3, 5, 7, 11, 13, 17, 19]"
13930/243,57.32510288,13930,243,"[2, 3, 5, 7, 199]","[1, -5, 1, 1, 0, 0, 0, 0]","[2, 3, 5, 7, 11, 13, 17, 19]"
13933/243,57.33744856,13933,243,"[3, 13933]","[0, -5, 0, 0, 0, 0, 0, 0]","[2, 3, 5, 7, 11, 13, 17, 19]"
13934/243,57.34156379,13934,243,"[2, 3, 6967]","[1, -5, 0, 0, 0, 0, 0, 0]","[2, 3, 5, 7, 11, 13, 17, 19]"
13939/243,57.36213992,13939,243,"[3, 53, 263]","[0, -5, 0, 0, 0, 0, 0, 0]","[2, 3, 5, 7, 11, 13, 17, 19]"
13951/243,57.41152263,13951,243,"[3, 7, 1993]","[0, -5, 0, 1, 0, 0, 0, 0]","[2, 3, 5, 7, 11, 13, 17, 19]"
13954/243,57.42386831,13954,243,"[2, 3, 6977]","[1, -5, 0, 0, 0, 0, 0, 0]","[2, 3, 5, 7, 11, 13, 17, 19]"
13960/243,57.44855967,13960,243,"[2, 3, 5, 349]","[3, -5, 1, 0, 0, 0, 0, 0]","[2, 3, 5, 7, 11, 13, 17, 19]"
13961/243,57.45267490,13961,243,"[3, 23, 607]","[0, -5, 0, 0, 0, 0, 0, 0]","[2, 3, 5, 7, 11, 13, 17, 19]"
13969/243,57.48559671,13969,243,"[3, 61, 229]","[0, -5, 0, 0, 0, 0, 0, 0]","[2, 3, 5, 7, 11, 13, 17, 19]"
13976/243,57.51440329,13976,243,"[2, 3, 1747]","[3, -5, 0, 0, 0, 0, 0, 0]","[2, 3, 5, 7, 11, 13, 17, 19]"
13978/243,57.52263374,13978,243,"[2, 3, 29, 241]","[1, -5, 0, 0, 0, 0, 0, 0]","[2, 3, 5, 7, 11, 13, 17, 19]"
13984/243,57.54732510,13984,243,"[2, 3, 19, 23]","[5, -5, 0, 0, 0, 0, 0, 1]","[2, 3, 5, 7, 11, 13, 17, 19]"
14005/243,57.63374486,14005,243,"[3, 5, 2801]","[0, -5, 1, 0, 0, 0, 0, 0]","[2, 3, 5, 7, 11, 13, 17, 19]"
14008/243,57.64609053,14008,243,"[2, 3, 17, 103]","[3, -5, 0, 0, 0, 0, 1, 0]","[2, 3, 5, 7, 11, 13, 17, 19]"
14011/243,57.65843621,14011,243,"[3, 14011]","[0, -5, 0, 0, 0, 0, 0, 0]","[2, 3, 5, 7, 11, 13, 17, 19]"
14014/243,57.67078189,14014,243,"[2, 3, 7, 11, 13]","[1, -5, 0, 2, 1, 1, 0, 0]","[2, 3, 5, 7, 11, 13, 17, 19]"
14015/243,57.67489712,14015,243,"[3, 5, 2803]","[0, -5, 1, 0, 0, 0, 0, 0]","[2, 3, 5, 7, 11, 13, 17, 19]"
14023/243,57.70781893,14023,243,"[3, 37, 379]","[0, -5, 0, 0, 0, 0, 0, 0]","[2, 3, 5, 7, 11, 13, 17, 19]"
14035/243,57.75720165,14035,243,"[3, 5, 7, 401]","[0, -5, 1, 1, 0, 0, 0, 0]","[2, 3, 5, 7, 11, 13, 17, 19]"
14041/243,57.78189300,14041,243,"[3, 19, 739]","[0, -5, 0, 0, 0, 0, 0, 1]","[2, 3, 5, 7, 11, 13, 17, 19]"
14050/243,57.81893004,14050,243,"[2, 3, 5, 281]","[1, -5, 2, 0, 0, 0, 0, 0]","[2, 3, 5, 7, 11, 13, 17, 19]"
14051/243,57.82304527,14051,243,"[3, 14051]","[0, -5, 0, 0, 0, 0, 0, 0]","[2, 3, 5, 7, 11, 13, 17, 19]"
14053/243,57.83127572,14053,243,"[3, 13, 23, 47]","[0, -5, 0, 0, 0, 1, 0, 0]","[2, 3, 5, 7, 11, 13, 17, 19]"
14059/243,57.85596708,14059,243,"[3, 17, 827]","[0, -5, 0, 0, 0, 0, 1, 0]","[2, 3, 5, 7, 11, 13, 17, 19]"
14065/243,57.88065844,14065,243,"[3, 5, 29, 97]","[0, -5, 1, 0, 0, 0, 0, 0]","[2, 3, 5, 7, 11, 13, 17, 19]"
14069/243,57.89711934,14069,243,"[3, 11, 1279]","[0, -5, 0, 0, 1, 0, 0, 0]","[2, 3, 5, 7, 11, 13, 17, 19]"
14078/243,57.93415638,14078,243,"[2, 3, 7039]","[1, -5, 0, 0, 0, 0, 0, 0]","[2, 3, 5, 7, 11, 13, 17, 19]"
14080/243,57.94238683,14080,243,"[2, 3, 5, 11]","[8, -5, 1, 0, 1, 0, 0, 0]","[2, 3, 5, 7, 11, 13, 17, 19]"
14086/243,57.96707819,14086,243,"[2, 3, 7043]","[1, -5, 0, 0, 0, 0, 0, 0]","[2, 3, 5, 7, 11, 13, 17, 19]"
14089/243,57.97942387,14089,243,"[3, 73, 193]","[0, -5, 0, 0, 0, 0, 0, 0]","[2, 3, 5, 7, 11, 13, 17, 19]"
14096/243,58.00823045,14096,243,"[2, 3, 881]","[4, -5, 0, 0, 0, 0, 0, 0]","[2, 3, 5, 7, 11, 13, 17, 19]"
14101/243,58.02880658,14101,243,"[3, 59, 239]","[0, -5, 0, 0, 0, 0, 0, 0]","[2, 3, 5, 7, 11, 13, 17, 19]"
14104/243,58.04115226,14104,243,"[2, 3, 41, 43]","[3, -5, 0, 0, 0, 0, 0, 0]","[2, 3, 5, 7, 11, 13, 17, 19]"
14116/243,58.09053498,14116,243,"[2, 3, 3529]","[2, -5, 0, 0, 0, 0, 0, 0]","[2, 3, 5, 7, 11, 13, 17, 19]"
14119/243,58.10288066,14119,243,"[3, 7, 2017]","[0, -5, 0, 1, 0, 0, 0, 0]","[2, 3, 5, 7, 11, 13, 17, 19]"
14123/243,58.11934156,14123,243,"[3, 29, 487]","[0, -5, 0, 0, 0, 0, 0, 0]","[2, 3, 5, 7, 11, 13, 17, 19]"
14125/243,58.12757202,14125,243,"[3, 5, 113]","[0, -5, 3, 0, 0, 0, 0, 0]","[2, 3, 5, 7, 11, 13, 17, 19]"
14134/243,58.16460905,14134,243,"[2, 3, 37, 191]","[1, -5, 0, 0, 0, 0, 0, 0]","[2, 3, 5, 7, 11, 13, 17, 19]"
14140/243,58.18930041,14140,243,"[2, 3, 5, 7, 101]","[2, -5, 1, 1, 0, 0, 0, 0]","[2, 3, 5, 7, 11, 13, 17, 19]"
14143/243,58.20164609,14143,243,"[3, 14143]","[0, -5, 0, 0, 0, 0, 0, 0]","[2, 3, 5, 7, 11, 13, 17, 19]"
14146/243,58.21399177,14146,243,"[2, 3, 11, 643]","[1, -5, 0, 0, 1, 0, 0, 0]","[2, 3, 5, 7, 11, 13, 17, 19]"
14150/243,58.23045267,14150,243,"[2, 3, 5, 283]","[1, -5, 2, 0, 0, 0, 0, 0]","[2, 3, 5, 7, 11, 13, 17, 19]"
14159/243,58.26748971,14159,243,"[3, 14159]","[0, -5, 0, 0, 0, 0, 0, 0]","[2, 3, 5, 7, 11, 13, 17, 19]"
14161/243,58.27572016,14161,243,"[3, 7, 17]","[0, -5, 0, 2, 0, 0, 2, 0]","[2, 3, 5, 7, 11, 13, 17, 19]"
14173/243,58.32510288,14173,243,"[3, 14173]","[0, -5, 0, 0, 0, 0, 0, 0]","[2, 3, 5, 7, 11, 13, 17, 19]"
14176/243,58.33744856,14176,243,"[2, 3, 443]","[5, -5, 0, 0, 0, 0, 0, 0]","[2, 3, 5, 7, 11, 13, 17, 19]"
14185/243,58.37448560,14185,243,"[3, 5, 2837]","[0, -5, 1, 0, 0, 0, 0, 0]","[2, 3, 5, 7, 11, 13, 17, 19]"
14194/243,58.41152263,14194,243,"[2, 3, 47, 151]","[1, -5, 0, 0, 0, 0, 0, 0]","[2, 3, 5, 7, 11, 13, 17, 19]"
14203/243,58.44855967,14203,243,"[3, 7, 2029]","[0, -5, 0, 1, 0, 0, 0, 0]","[2, 3, 5, 7, 11, 13, 17, 19]"
14204/243,58.45267490,14204,243,"[2, 3, 53, 67]","[2, -5, 0, 0, 0, 0, 0, 0]","[2, 3, 5, 7, 11, 13, 17, 19]"
14215/243,58.49794239,14215,243,"[3, 5, 2843]","[0, -5, 1, 0, 0, 0, 0, 0]","[2, 3, 5, 7, 11, 13, 17, 19]"
14219/243,58.51440329,14219,243,"[3, 59, 241]","[0, -5, 0, 0, 0, 0, 0, 0]","[2, 3, 5, 7, 11, 13, 17, 19]"
14221/243,58.52263374,14221,243,"[3, 14221]","[0, -5, 0, 0, 0, 0, 0, 0]","[2, 3, 5, 7, 11, 13, 17, 19]"
14240/243,58.60082305,14240,243,"[2, 3, 5, 89]","[5, -5, 1, 0, 0, 0, 0, 0]","[2, 3, 5, 7, 11, 13, 17, 19]"
14248/243,58.63374486,14248,243,"[2, 3, 13, 137]","[3, -5, 0, 0, 0, 1, 0, 0]","[2, 3, 5, 7, 11, 13, 17, 19]"
14251/243,58.64609053,14251,243,"[3, 14251]","[0, -5, 0, 0, 0, 0, 0, 0]","[2, 3, 5, 7, 11, 13, 17, 19]"
14254/243,58.65843621,14254,243,"[2, 3, 7127]","[1, -5, 0, 0, 0, 0, 0, 0]","[2, 3, 5, 7, 11, 13, 17, 19]"
14258/243,58.67489712,14258,243,"[2, 3, 7129]","[1, -5, 0, 0, 0, 0, 0, 0]","[2, 3, 5, 7, 11, 13, 17, 19]"
14266/243,58.70781893,14266,243,"[2, 3, 7, 1019]","[1, -5, 0, 1, 0, 0, 0, 0]","[2, 3, 5, 7, 11, 13, 17, 19]"
14275/243,58.74485597,14275,243,"[3, 5, 571]","[0, -5, 2, 0, 0, 0, 0, 0]","[2, 3, 5, 7, 11, 13, 17, 19]"
14278/243,58.75720165,14278,243,"[2, 3, 11, 59]","[1, -5, 0, 0, 2, 0, 0, 0]","[2, 3, 5, 7, 11, 13, 17, 19]"
14284/243,58.78189300,14284,243,"[2, 3, 3571]","[2, -5, 0, 0, 0, 0, 0, 0]","[2, 3, 5, 7, 11, 13, 17, 19]"
14285/243,58.78600823,14285,243,"[3, 5, 2857]","[0, -5, 1, 0, 0, 0, 0, 0]","[2, 3, 5, 7, 11, 13, 17, 19]"
14293/243,58.81893004,14293,243,"[3, 14293]","[0, -5, 0, 0, 0, 0, 0, 0]","[2, 3, 5, 7, 11, 13, 17, 19]"
14294/243,58.82304527,14294,243,"[2, 3, 7, 1021]","[1, -5, 0, 1, 0, 0, 0, 0]","[2, 3, 5, 7, 11, 13, 17, 19]"
14296/243,58.83127572,14296,243,"[2, 3, 1787]","[3, -5, 0, 0, 0, 0, 0, 0]","[2, 3, 5, 7, 11, 13, 17, 19]"
14305/243,58.86831276,14305,243,"[3, 5, 2861]","[0, -5, 1, 0, 0, 0, 0, 0]","[2, 3, 5, 7, 11, 13, 17, 19]"
14308/243,58.88065844,14308,243,"[2, 3, 7, 73]","[2, -5, 0, 2, 0, 0, 0, 0]","[2, 3, 5, 7, 11, 13, 17, 19]"
14321/243,58.93415638,14321,243,"[3, 14321]","[0, -5, 0, 0, 0, 0, 0, 0]","[2, 3, 5, 7, 11, 13, 17, 19]"
14323/243,58.94238683,14323,243,"[3, 14323]","[0, -5, 0, 0, 0, 0, 0, 0]","[2, 3, 5, 7, 11, 13, 17, 19]"
14329/243,58.96707819,14329,243,"[3, 7, 23, 89]","[0, -5, 0, 1, 0, 0, 0, 0]","[2, 3, 5, 7, 11, 13, 17, 19]"
14335/243,58.99176955,14335,243,"[3, 5, 47, 61]","[0, -5, 1, 0, 0, 0, 0, 0]","[2, 3, 5, 7, 11, 13, 17, 19]"
14339/243,59.00823045,14339,243,"[3, 13, 1103]","[0, -5, 0, 0, 0, 1, 0, 0]","[2, 3, 5, 7, 11, 13, 17, 19]"
14344/243,59.02880658,14344,243,"[2, 3, 11, 163]","[3, -5, 0, 0, 1, 0, 0, 0]","[2, 3, 5, 7, 11, 13, 17, 19]"
14350/243,59.05349794,14350,243,"[2, 3, 5, 7, 41]","[1, -5, 2, 1, 0, 0, 0, 0]","[2, 3, 5, 7, 11, 13, 17, 19]"
14359/243,59.09053498,14359,243,"[3, 83, 173]","[0, -5, 0, 0, 0, 0, 0, 0]","[2, 3, 5, 7, 11, 13, 17, 19]"
14365/243,59.11522634,14365,243,"[3, 5, 13, 17]","[0, -5, 1, 0, 0, 2, 1, 0]","[2, 3, 5, 7, 11, 13, 17, 19]"
14366/243,59.11934156,14366,243,"[2, 3, 11, 653]","[1, -5, 0, 0, 1, 0, 0, 0]","[2, 3, 5, 7, 11, 13, 17, 19]"
14368/243,59.12757202,14368,243,"[2, 3, 449]","[5, -5, 0, 0, 0, 0, 0, 0]","[2, 3, 5, 7, 11, 13, 17, 19]"
14383/243,59.18930041,14383,243,"[3, 19, 757]","[0, -5, 0, 0, 0, 0, 0, 1]","[2, 3, 5, 7, 11, 13, 17, 19]"
14386/243,59.20164609,14386,243,"[2, 3, 7193]","[1, -5, 0, 0, 0, 0, 0, 0]","[2, 3, 5, 7, 11, 13, 17, 19]"
14389/243,59.21399177,14389,243,"[3, 14389]","[0, -5, 0, 0, 0, 0, 0, 0]","[2, 3, 5, 7, 11, 13, 17, 19]"
14393/243,59.23045267,14393,243,"[3, 37, 389]","[0, -5, 0, 0, 0, 0, 0, 0]","[2, 3, 5, 7, 11, 13, 17, 19]"
14404/243,59.27572016,14404,243,"[2, 3, 13, 277]","[2, -5, 0, 0, 0, 1, 0, 0]","[2, 3, 5, 7, 11, 13, 17, 19]"
14410/243,59.30041152,14410,243,"[2, 3, 5, 11, 131]","[1, -5, 1, 0, 1, 0, 0, 0]","[2, 3, 5, 7, 11, 13, 17, 19]"
14416/243,59.32510288,14416,243,"[2, 3, 17, 53]","[4, -5, 0, 0, 0, 0, 1, 0]","[2, 3, 5, 7, 11, 13, 17, 19]"
14419/243,59.33744856,14419,243,"[3, 14419]","[0, -5, 0, 0, 0, 0, 0, 0]","[2, 3, 5, 7, 11, 13, 17, 19]"
14428/243,59.37448560,14428,243,"[2, 3, 3607]","[2, -5, 0, 0, 0, 0, 0, 0]","[2, 3, 5, 7, 11, 13, 17, 19]"
14440/243,59.42386831,14440,243,"[2, 3, 5, 19]","[3, -5, 1, 0, 0, 0, 0, 2]","[2, 3, 5, 7, 11, 13, 17, 19]"
14446/243,59.44855967,14446,243,"[2, 3, 31, 233]","[1, -5, 0, 0, 0, 0, 0, 0]","[2, 3, 5, 7, 11, 13, 17, 19]"
14455/243,59.48559671,14455,243,"[3, 5, 7, 59]","[0, -5, 1, 2, 0, 0, 0, 0]","[2, 3, 5, 7, 11, 13, 17, 19]"
14458/243,59.49794239,14458,243,"[2, 3, 7229]","[1, -5, 0, 0, 0, 0, 0, 0]","[2, 3, 5, 7, 11, 13, 17, 19]"
14464/243,59.52263374,14464,243,"[2, 3, 113]","[7, -5, 0, 0, 0, 0, 0, 0]","[2, 3, 5, 7, 11, 13, 17, 19]"
14483/243,59.60082305,14483,243,"[3, 7, 2069]","[0, -5, 0, 1, 0, 0, 0, 0]","[2, 3, 5, 7, 11, 13, 17, 19]"
14485/243,59.60905350,14485,243,"[3, 5, 2897]","[0, -5, 1, 0, 0, 0, 0, 0]","[2, 3, 5, 7, 11, 13, 17, 19]"
14491/243,59.63374486,14491,243,"[3, 43, 337]","[0, -5, 0, 0, 0, 0, 0, 0]","[2, 3, 5, 7, 11, 13, 17, 19]"
14494/243,59.64609053,14494,243,"[2, 3, 7247]","[1, -5, 0, 0, 0, 0, 0, 0]","[2, 3, 5, 7, 11, 13, 17, 19]"
14501/243,59.67489712,14501,243,"[3, 17, 853]","[0, -5, 0, 0, 0, 0, 1, 0]","[2, 3, 5, 7, 11, 13, 17, 19]"
14509/243,59.70781893,14509,243,"[3, 11, 1319]","[0, -5, 0, 0, 1, 0, 0, 0]","[2, 3, 5, 7, 11, 13, 17, 19]"
14518/243,59.74485597,14518,243,"[2, 3, 7, 17, 61]","[1, -5, 0, 1, 0, 0, 1, 0]","[2, 3, 5, 7, 11, 13, 17, 19]"
14521/243,59.75720165,14521,243,"[3, 13, 1117]","[0, -5, 0, 0, 0, 1, 0, 0]","[2, 3, 5, 7, 11, 13, 17, 19]"
14528/243,59.78600823,14528,243,"[2, 3, 227]","[6, -5, 0, 0, 0, 0, 0, 0]","[2, 3, 5, 7, 11, 13, 17, 19]"
14530/243,59.79423868,14530,243,"[2, 3, 5, 1453]","[1, -5, 1, 0, 0, 0, 0, 0]","[2, 3, 5, 7, 11, 13, 17, 19]"
14536/243,59.81893004,14536,243,"[2, 3, 23, 79]","[3, -5, 0, 0, 0, 0, 0, 0]","[2, 3, 5, 7, 11, 13, 17, 19]"
14539/243,59.83127572,14539,243,"[3, 7, 31, 67]","[0, -5, 0, 1, 0, 0, 0, 0]","[2, 3, 5, 7, 11, 13, 17, 19]"
14548/243,59.86831276,14548,243,"[2, 3, 3637]","[2, -5, 0, 0, 0, 0, 0, 0]","[2, 3, 5, 7, 11, 13, 17, 19]"
14551/243,59.88065844,14551,243,"[3, 14551]","[0, -5, 0, 0, 0, 0, 0, 0]","[2, 3, 5, 7, 11, 13, 17, 19]"
14555/243,59.89711934,14555,243,"[3, 5, 41, 71]","[0, -5, 1, 0, 0, 0, 0, 0]","[2, 3, 5, 7, 11, 13, 17, 19]"
14564/243,59.93415638,14564,243,"[2, 3, 11, 331]","[2, -5, 0, 0, 1, 0, 0, 0]","[2, 3, 5, 7, 11, 13, 17, 19]"
14566/243,59.94238683,14566,243,"[2, 3, 7283]","[1, -5, 0, 0, 0, 0, 0, 0]","[2, 3, 5, 7, 11, 13, 17, 19]"
14578/243,59.99176955,14578,243,"[2, 3, 37, 197]","[1, -5, 0, 0, 0, 0, 0, 0]","[2, 3, 5, 7, 11, 13, 17, 19]"
14590/243,60.04115226,14590,243,"[2, 3, 5, 1459]","[1, -5, 1, 0, 0, 0, 0, 0]","[2, 3, 5, 7, 11, 13, 17, 19]"
14593/243,60.05349794,14593,243,"[3, 14593]","[0, -5, 0, 0, 0, 0, 0, 0]","[2, 3, 5, 7, 11, 13, 17, 19]"
14608/243,60.11522634,14608,243,"[2, 3, 11, 83]","[4, -5, 0, 0, 1, 0, 0, 0]","[2, 3, 5, 7, 11, 13, 17, 19]"
14609/243,60.11934156,14609,243,"[3, 7, 2087]","[0, -5, 0, 1, 0, 0, 0, 0]","[2, 3, 5, 7, 11, 13, 17, 19]"
14611/243,60.12757202,14611,243,"[3, 19, 769]","[0, -5, 0, 0, 0, 0, 0, 1]","[2, 3, 5, 7, 11, 13, 17, 19]"
14626/243,60.18930041,14626,243,"[2, 3, 71, 103]","[1, -5, 0, 0, 0, 0, 0, 0]","[2, 3, 5, 7, 11, 13, 17, 19]"
14629/243,60.20164609,14629,243,"[3, 14629]","[0, -5, 0, 0, 0, 0, 0, 0]","[2, 3, 5, 7, 11, 13, 17, 19]"
14636/243,60.23045267,14636,243,"[2, 3, 3659]","[2, -5, 0, 0, 0, 0, 0, 0]","[2, 3, 5, 7, 11, 13, 17, 19]"
14653/243,60.30041152,14653,243,"[3, 14653]","[0, -5, 0, 0, 0, 0, 0, 0]","[2, 3, 5, 7, 11, 13, 17, 19]"
14659/243,60.32510288,14659,243,"[3, 107, 137]","[0, -5, 0, 0, 0, 0, 0, 0]","[2, 3, 5, 7, 11, 13, 17, 19]"
14671/243,60.37448560,14671,243,"[3, 17, 863]","[0, -5, 0, 0, 0, 0, 1, 0]","[2, 3, 5, 7, 11, 13, 17, 19]"
14680/243,60.41152263,14680,243,"[2, 3, 5, 367]","[3, -5, 1, 0, 0, 0, 0, 0]","[2, 3, 5, 7, 11, 13, 17, 19]"
14683/243,60.42386831,14683,243,"[3, 14683]","[0, -5, 0, 0, 0, 0, 0, 0]","[2, 3, 5, 7, 11, 13, 17, 19]"
14689/243,60.44855967,14689,243,"[3, 37, 397]","[0, -5, 0, 0, 0, 0, 0, 0]","[2, 3, 5, 7, 11, 13, 17, 19]"
14690/243,60.45267490,14690,243,"[2, 3, 5, 13, 113]","[1, -5, 1, 0, 0, 1, 0, 0]","[2, 3, 5, 7, 11, 13, 17, 19]"
14698/243,60.48559671,14698,243,"[2, 3, 7349]","[1, -5, 0, 0, 0, 0, 0, 0]","[2, 3, 5, 7, 11, 13, 17, 19]"
14701/243,60.49794239,14701,243,"[3, 61, 241]","[0, -5, 0, 0, 0, 0, 0, 0]","[2, 3, 5, 7, 11, 13, 17, 19]"
14710/243,60.53497942,14710,243,"[2, 3, 5, 1471]","[1, -5, 1, 0, 0, 0, 0, 0]","[2, 3, 5, 7, 11, 13, 17, 19]"
14725/243,60.59670782,14725,243,"[3, 5, 19, 31]","[0, -5, 2, 0, 0, 0, 0, 1]","[2, 3, 5, 7, 11, 13, 17, 19]"
14726/243,60.60082305,14726,243,"[2, 3, 37, 199]","[1, -5, 0, 0, 0, 0, 0, 0]","[2, 3, 5, 7, 11, 13, 17, 19]"
14728/243,60.60905350,14728,243,"[2, 3, 7, 263]","[3, -5, 0, 1, 0, 0, 0, 0]","[2, 3, 5, 7, 11, 13, 17, 19]"
14734/243,60.63374486,14734,243,"[2, 3, 53, 139]","[1, -5, 0, 0, 0, 0, 0, 0]","[2, 3, 5, 7, 11, 13, 17, 19]"
14740/243,60.65843621,14740,243,"[2, 3, 5, 11, 67]","[2, -5, 1, 0, 1, 0, 0, 0]","[2, 3, 5, 7, 11, 13, 17, 19]"
14744/243,60.67489712,14744,243,"[2, 3, 19, 97]","[3, -5, 0, 0, 0, 0, 0, 1]","[2, 3, 5, 7, 11, 13, 17, 19]"
14755/243,60.72016461,14755,243,"[3, 5, 13, 227]","[0, -5, 1, 0, 0, 1, 0, 0]","[2, 3, 5, 7, 11, 13, 17, 19]"
14761/243,60.74485597,14761,243,"[3, 29, 509]","[0, -5, 0, 0, 0, 0, 0, 0]","[2, 3, 5, 7, 11, 13, 17, 19]"
14764/243,60.75720165,14764,243,"[2, 3, 3691]","[2, -5, 0, 0, 0, 0, 0, 0]","[2, 3, 5, 7, 11, 13, 17, 19]"
14771/243,60.78600823,14771,243,"[3, 14771]","[0, -5, 0, 0, 0, 0, 0, 0]","[2, 3, 5, 7, 11, 13, 17, 19]"
14773/243,60.79423868,14773,243,"[3, 11, 17, 79]","[0, -5, 0, 0, 1, 0, 1, 0]","[2, 3, 5, 7, 11, 13, 17, 19]"
14779/243,60.81893004,14779,243,"[3, 14779]","[0, -5, 0, 0, 0, 0, 0, 0]","[2, 3, 5, 7, 11, 13, 17, 19]"
14791/243,60.86831276,14791,243,"[3, 7, 2113]","[0, -5, 0, 1, 0, 0, 0, 0]","[2, 3, 5, 7, 11, 13, 17, 19]"
14794/243,60.88065844,14794,243,"[2, 3, 13, 569]","[1, -5, 0, 0, 0, 1, 0, 0]","[2, 3, 5, 7, 11, 13, 17, 19]"
14798/243,60.89711934,14798,243,"[2, 3, 7, 151]","[1, -5, 0, 2, 0, 0, 0, 0]","[2, 3, 5, 7, 11, 13, 17, 19]"
14800/243,60.90534979,14800,243,"[2, 3, 5, 37]","[4, -5, 2, 0, 0, 0, 0, 0]","[2, 3, 5, 7, 11, 13, 17, 19]"
14809/243,60.94238683,14809,243,"[3, 59, 251]","[0, -5, 0, 0, 0, 0, 0, 0]","[2, 3, 5, 7, 11, 13, 17, 19]"
14815/243,60.96707819,14815,243,"[3, 5, 2963]","[0, -5, 1, 0, 0, 0, 0, 0]","[2, 3, 5, 7, 11, 13, 17, 19]"
14821/243,60.99176955,14821,243,"[3, 14821]","[0, -5, 0, 0, 0, 0, 0, 0]","[2, 3, 5, 7, 11, 13, 17, 19]"
14833/243,61.04115226,14833,243,"[3, 7, 13, 163]","[0, -5, 0, 1, 0, 1, 0, 0]","[2, 3, 5, 7, 11, 13, 17, 19]"
14836/243,61.05349794,14836,243,"[2, 3, 3709]","[2, -5, 0, 0, 0, 0, 0, 0]","[2, 3, 5, 7, 11, 13, 17, 19]"
14851/243,61.11522634,14851,243,"[3, 14851]","[0, -5, 0, 0, 0, 0, 0, 0]","[2, 3, 5, 7, 11, 13, 17, 19]"
14854/243,61.12757202,14854,243,"[2, 3, 7, 1061]","[1, -5, 0, 1, 0, 0, 0, 0]","[2, 3, 5, 7, 11, 13, 17, 19]"
14860/243,61.15226337,14860,243,"[2, 3, 5, 743]","[2, -5, 1, 0, 0, 0, 0, 0]","[2, 3, 5, 7, 11, 13, 17, 19]"
14869/243,61.18930041,14869,243,"[3, 14869]","[0, -5, 0, 0, 0, 0, 0, 0]","[2, 3, 5, 7, 11, 13, 17, 19]"
14879/243,61.23045267,14879,243,"[3, 14879]","[0, -5, 0, 0, 0, 0, 0, 0]","[2, 3, 5, 7, 11, 13, 17, 19]"
14890/243,61.27572016,14890,243,"[2, 3, 5, 1489]","[1, -5, 1, 0, 0, 0, 0, 0]","[2, 3, 5, 7, 11, 13, 17, 19]"
14896/243,61.30041152,14896,243,"[2, 3, 7, 19]","[4, -5, 0, 2, 0, 0, 0, 1]","[2, 3, 5, 7, 11, 13, 17, 19]"
14914/243,61.37448560,14914,243,"[2, 3, 7457]","[1, -5, 0, 0, 0, 0, 0, 0]","[2, 3, 5, 7, 11, 13, 17, 19]"
14923/243,61.41152263,14923,243,"[3, 14923]","[0, -5, 0, 0, 0, 0, 0, 0]","[2, 3, 5, 7, 11, 13, 17, 19]"
14926/243,61.42386831,14926,243,"[2, 3, 17, 439]","[1, -5, 0, 0, 0, 0, 1, 0]","[2, 3, 5, 7, 11, 13, 17, 19]"
14933/243,61.45267490,14933,243,"[3, 109, 137]","[0, -5, 0, 0, 0, 0, 0, 0]","[2, 3, 5, 7, 11, 13, 17, 19]"
14935/243,61.46090535,14935,243,"[3, 5, 29, 103]","[0, -5, 1, 0, 0, 0, 0, 0]","[2, 3, 5, 7, 11, 13, 17, 19]"
14941/243,61.48559671,14941,243,"[3, 67, 223]","[0, -5, 0, 0, 0, 0, 0, 0]","[2, 3, 5, 7, 11, 13, 17, 19]"
14944/243,61.49794239,14944,243,"[2, 3, 467]","[5, -5, 0, 0, 0, 0, 0, 0]","[2, 3, 5, 7, 11, 13, 17, 19]"
14953/243,61.53497942,14953,243,"[3, 19, 787]","[0, -5, 0, 0, 0, 0, 0, 1]","[2, 3, 5, 7, 11, 13, 17, 19]"
14960/243,61.56378601,14960,243,"[2, 3, 5, 11, 17]","[4, -5, 1, 0, 1, 0, 1, 0]","[2, 3, 5, 7, 11, 13, 17, 19]"
14968/243,61.59670782,14968,243,"[2, 3, 1871]","[3, -5, 0, 0, 0, 0, 0, 0]","[2, 3, 5, 7, 11, 13, 17, 19]"
14969/243,61.60082305,14969,243,"[3, 14969]","[0, -5, 0, 0, 0, 0, 0, 0]","[2, 3, 5, 7, 11, 13, 17, 19]"
14971/243,61.60905350,14971,243,"[3, 11, 1361]","[0, -5, 0, 0, 1, 0, 0, 0]","[2, 3, 5, 7, 11, 13, 17, 19]"
14983/243,61.65843621,14983,243,"[3, 14983]","[0, -5, 0, 0, 0, 0, 0, 0]","[2, 3, 5, 7, 11, 13, 17, 19]"
14998/243,61.72016461,14998,243,"[2, 3, 7499]","[1, -5, 0, 0, 0, 0, 0, 0]","[2, 3, 5, 7, 11, 13, 17, 19]"
15004/243,61.74485597,15004,243,"[2, 3, 11, 31]","[2, -5, 0, 0, 2, 0, 0, 0]","[2, 3, 5, 7, 11, 13, 17, 19]"
15014/243,61.78600823,15014,243,"[2, 3, 7507]","[1, -5, 0, 0, 0, 0, 0, 0]","[2, 3, 5, 7, 11, 13, 17, 19]"
15016/243,61.79423868,15016,243,"[2, 3, 1877]","[3, -5, 0, 0, 0, 0, 0, 0]","[2, 3, 5, 7, 11, 13, 17, 19]"
15025/243,61.83127572,15025,243,"[3, 5, 601]","[0, -5, 2, 0, 0, 0, 0, 0]","[2, 3, 5, 7, 11, 13, 17, 19]"
15034/243,61.86831276,15034,243,"[2, 3, 7517]","[1, -5, 0, 0, 0, 0, 0, 0]","[2, 3, 5, 7, 11, 13, 17, 19]"
15041/243,61.89711934,15041,243,"[3, 13, 89]","[0, -5, 0, 0, 0, 2, 0, 0]","[2, 3, 5, 7, 11, 13, 17, 19]"
15043/243,61.90534979,15043,243,"[3, 7, 307]","[0, -5, 0, 2, 0, 0, 0, 0]","[2, 3, 5, 7, 11, 13, 17, 19]"
15058/243,61.96707819,15058,243,"[2, 3, 7529]","[1, -5, 0, 0, 0, 0, 0, 0]","[2, 3, 5, 7, 11, 13, 17, 19]"
15064/243,61.99176955,15064,243,"[2, 3, 7, 269]","[3, -5, 0, 1, 0, 0, 0, 0]","[2, 3, 5, 7, 11, 13, 17, 19]"
15076/243,62.04115226,15076,243,"[2, 3, 3769]","[2, -5, 0, 0, 0, 0, 0, 0]","[2, 3, 5, 7, 11, 13, 17, 19]"
15079/243,62.05349794,15079,243,"[3, 17, 887]","[0, -5, 0, 0, 0, 0, 1, 0]","[2, 3, 5, 7, 11, 13, 17, 19]"
15085/243,62.07818930,15085,243,"[3, 5, 7, 431]","[0, -5, 1, 1, 0, 0, 0, 0]","[2, 3, 5, 7, 11, 13, 17, 19]"
15094/243,62.11522634,15094,243,"[2, 3, 7547]","[1, -5, 0, 0, 0, 0, 0, 0]","[2, 3, 5, 7, 11, 13, 17, 19]"
15103/243,62.15226337,15103,243,"[3, 11, 1373]","[0, -5, 0, 0, 1, 0, 0, 0]","[2, 3, 5, 7, 11, 13, 17, 19]"
15115/243,62.20164609,15115,243,"[3, 5, 3023]","[0, -5, 1, 0, 0, 0, 0, 0]","[2, 3, 5, 7, 11, 13, 17, 19]"
15130/243,62.26337449,15130,243,"[2, 3, 5, 17, 89]","[1, -5, 1, 0, 0, 0, 1, 0]","[2, 3, 5, 7, 11, 13, 17, 19]"
15133/243,62.27572016,15133,243,"[3, 37, 409]","[0, -5, 0, 0, 0, 0, 0, 0]","[2, 3, 5, 7, 11, 13, 17, 19]"
15139/243,62.30041152,15139,243,"[3, 15139]","[0, -5, 0, 0, 0, 0, 0, 0]","[2, 3, 5, 7, 11, 13, 17, 19]"
15160/243,62.38683128,15160,243,"[2, 3, 5, 379]","[3, -5, 1, 0, 0, 0, 0, 0]","[2, 3, 5, 7, 11, 13, 17, 19]"
15166/243,62.41152263,15166,243,"[2, 3, 7583]","[1, -5, 0, 0, 0, 0, 0, 0]","[2, 3, 5, 7, 11, 13, 17, 19]"
15169/243,62.42386831,15169,243,"[3, 7, 11, 197]","[0, -5, 0, 1, 1, 0, 0, 0]","[2, 3, 5, 7, 11, 13, 17, 19]"
15176/243,62.45267490,15176,243,"[2, 3, 7, 271]","[3, -5, 0, 1, 0, 0, 0, 0]","[2, 3, 5, 7, 11, 13, 17, 19]"
15178/243,62.46090535,15178,243,"[2, 3, 7589]","[1, -5, 0, 0, 0, 0, 0, 0]","[2, 3, 5, 7, 11, 13, 17, 19]"
15184/243,62.48559671,15184,243,"[2, 3, 13, 73]","[4, -5, 0, 0, 0, 1, 0, 0]","[2, 3, 5, 7, 11, 13, 17, 19]"
15196/243,62.53497942,15196,243,"[2, 3, 29, 131]","[2, -5, 0, 0, 0, 0, 0, 0]","[2, 3, 5, 7, 11, 13, 17, 19]"
15203/243,62.56378601,15203,243,"[3, 23, 661]","[0, -5, 0, 0, 0, 0, 0, 0]","[2, 3, 5, 7, 11, 13, 17, 19]"
15205/243,62.57201646,15205,243,"[3, 5, 3041]","[0, -5, 1, 0, 0, 0, 0, 0]","[2, 3, 5, 7, 11, 13, 17, 19]"
15211/243,62.59670782,15211,243,"[3, 7, 41, 53]","[0, -5, 0, 1, 0, 0, 0, 0]","[2, 3, 5, 7, 11, 13, 17, 19]"
15214/243,62.60905350,15214,243,"[2, 3, 7607]","[1, -5, 0, 0, 0, 0, 0, 0]","[2, 3, 5, 7, 11, 13, 17, 19]"
15226/243,62.65843621,15226,243,"[2, 3, 23, 331]","[1, -5, 0, 0, 0, 0, 0, 0]","[2, 3, 5, 7, 11, 13, 17, 19]"
15241/243,62.72016461,15241,243,"[3, 15241]","[0, -5, 0, 0, 0, 0, 0, 0]","[2, 3, 5, 7, 11, 13, 17, 19]"
15250/243,62.75720165,15250,243,"[2, 3, 5, 61]","[1, -5, 3, 0, 0, 0, 0, 0]","[2, 3, 5, 7, 11, 13, 17, 19]"
15259/243,62.79423868,15259,243,"[3, 15259]","[0, -5, 0, 0, 0, 0, 0, 0]","[2, 3, 5, 7, 11, 13, 17, 19]"
15265/243,62.81893004,15265,243,"[3, 5, 43, 71]","[0, -5, 1, 0, 0, 0, 0, 0]","[2, 3, 5, 7, 11, 13, 17, 19]"
15268/243,62.83127572,15268,243,"[2, 3, 11, 347]","[2, -5, 0, 0, 1, 0, 0, 0]","[2, 3, 5, 7, 11, 13, 17, 19]"
15284/243,62.89711934,15284,243,"[2, 3, 3821]","[2, -5, 0, 0, 0, 0, 0, 0]","[2, 3, 5, 7, 11, 13, 17, 19]"
15286/243,62.90534979,15286,243,"[2, 3, 7643]","[1, -5, 0, 0, 0, 0, 0, 0]","[2, 3, 5, 7, 11, 13, 17, 19]"
15301/243,62.96707819,15301,243,"[3, 11, 13, 107]","[0, -5, 0, 0, 1, 1, 0, 0]","[2, 3, 5, 7, 11, 13, 17, 19]"
15319/243,63.04115226,15319,243,"[3, 15319]","[0, -5, 0, 0, 0, 0, 0, 0]","[2, 3, 5, 7, 11, 13, 17, 19]"
15328/243,63.07818930,15328,243,"[2, 3, 479]","[5, -5, 0, 0, 0, 0, 0, 0]","[2, 3, 5, 7, 11, 13, 17, 19]"
15340/243,63.12757202,15340,243,"[2, 3, 5, 13, 59]","[2, -5, 1, 0, 0, 1, 0, 0]","[2, 3, 5, 7, 11, 13, 17, 19]"
15346/243,63.15226337,15346,243,"[2, 3, 7673]","[1, -5, 0, 0, 0, 0, 0, 0]","[2, 3, 5, 7, 11, 13, 17, 19]"
15358/243,63.20164609,15358,243,"[2, 3, 7, 1097]","[1, -5, 0, 1, 0, 0, 0, 0]","[2, 3, 5, 7, 11, 13, 17, 19]"
15365/243,63.23045267,15365,243,"[3, 5, 7, 439]","[0, -5, 1, 1, 0, 0, 0, 0]","[2, 3, 5, 7, 11, 13, 17, 19]"
15373/243,63.26337449,15373,243,"[3, 15373]","[0, -5, 0, 0, 0, 0, 0, 0]","[2, 3, 5, 7, 11, 13, 17, 19]"
15376/243,63.27572016,15376,243,"[2, 3, 31]","[4, -5, 0, 0, 0, 0, 0, 0]","[2, 3, 5, 7, 11, 13, 17, 19]"
15400/243,63.37448560,15400,243,"[2, 3, 5, 7, 11]","[3, -5, 2, 1, 1, 0, 0, 0]","[2, 3, 5, 7, 11, 13, 17, 19]"
15403/243,63.38683128,15403,243,"[3, 73, 211]","[0, -5, 0, 0, 0, 0, 0, 0]","[2, 3, 5, 7, 11, 13, 17, 19]"
15409/243,63.41152263,15409,243,"[3, 19, 811]","[0, -5, 0, 0, 0, 0, 0, 1]","[2, 3, 5, 7, 11, 13, 17, 19]"
15419/243,63.45267490,15419,243,"[3, 17, 907]","[0, -5, 0, 0, 0, 0, 1, 0]","[2, 3, 5, 7, 11, 13, 17, 19]"
15421/243,63.46090535,15421,243,"[3, 7, 2203]","[0, -5, 0, 1, 0, 0, 0, 0]","[2, 3, 5, 7, 11, 13, 17, 19]"
15430/243,63.49794239,15430,243,"[2, 3, 5, 1543]","[1, -5, 1, 0, 0, 0, 0, 0]","[2, 3, 5, 7, 11, 13, 17, 19]"
15439/243,63.53497942,15439,243,"[3, 15439]","[0, -5, 0, 0, 0, 0, 0, 0]","[2, 3, 5, 7, 11, 13, 17, 19]"
15446/243,63.56378601,15446,243,"[2, 3, 7723]","[1, -5, 0, 0, 0, 0, 0, 0]","[2, 3, 5, 7, 11, 13, 17, 19]"
15448/243,63.57201646,15448,243,"[2, 3, 1931]","[3, -5, 0, 0, 0, 0, 0, 0]","[2, 3, 5, 7, 11, 13, 17, 19]"
15454/243,63.59670782,15454,243,"[2, 3, 7727]","[1, -5, 0, 0, 0, 0, 0, 0]","[2, 3, 5, 7, 11, 13, 17, 19]"
15469/243,63.65843621,15469,243,"[3, 31, 499]","[0, -5, 0, 0, 0, 0, 0, 0]","[2, 3, 5, 7, 11, 13, 17, 19]"
15475/243,63.68312757,15475,243,"[3, 5, 619]","[0, -5, 2, 0, 0, 0, 0, 0]","[2, 3, 5, 7, 11, 13, 17, 19]"
15484/243,63.72016461,15484,243,"[2, 3, 7, 79]","[2, -5, 0, 2, 0, 0, 0, 0]","[2, 3, 5, 7, 11, 13, 17, 19]"
15490/243,63.74485597,15490,243,"[2, 3, 5, 1549]","[1, -5, 1, 0, 0, 0, 0, 0]","[2, 3, 5, 7, 11, 13, 17, 19]"
15493/243,63.75720165,15493,243,"[3, 15493]","[0, -5, 0, 0, 0, 0, 0, 0]","[2, 3, 5, 7, 11, 13, 17, 19]"
15508/243,63.81893004,15508,243,"[2, 3, 3877]","[2, -5, 0, 0, 0, 0, 0, 0]","[2, 3, 5, 7, 11, 13, 17, 19]"
15511/243,63.83127572,15511,243,"[3, 15511]","[0, -5, 0, 0, 0, 0, 0, 0]","[2, 3, 5, 7, 11, 13, 17, 19]"
15529/243,63.90534979,15529,243,"[3, 53, 293]","[0, -5, 0, 0, 0, 0, 0, 0]","[2, 3, 5, 7, 11, 13, 17, 19]"
15535/243,63.93004115,15535,243,"[3, 5, 13, 239]","[0, -5, 1, 0, 0, 1, 0, 0]","[2, 3, 5, 7, 11, 13, 17, 19]"
15544/243,63.96707819,15544,243,"[2, 3, 29, 67]","[3, -5, 0, 0, 0, 0, 0, 0]","[2, 3, 5, 7, 11, 13, 17, 19]"
15565/243,64.05349794,15565,243,"[3, 5, 11, 283]","[0, -5, 1, 0, 1, 0, 0, 0]","[2, 3, 5, 7, 11, 13, 17, 19]"
15571/243,64.07818930,15571,243,"[3, 23, 677]","[0, -5, 0, 0, 0, 0, 0, 0]","[2, 3, 5, 7, 11, 13, 17, 19]"
15583/243,64.12757202,15583,243,"[3, 15583]","[0, -5, 0, 0, 0, 0, 0, 0]","[2, 3, 5, 7, 11, 13, 17, 19]"
15589/243,64.15226337,15589,243,"[3, 7, 17, 131]","[0, -5, 0, 1, 0, 0, 1, 0]","[2, 3, 5, 7, 11, 13, 17, 19]"
15601/243,64.20164609,15601,243,"[3, 15601]","[0, -5, 0, 0, 0, 0, 0, 0]","[2, 3, 5, 7, 11, 13, 17, 19]"
15608/243,64.23045267,15608,243,"[2, 3, 1951]","[3, -5, 0, 0, 0, 0, 0, 0]","[2, 3, 5, 7, 11, 13, 17, 19]"
15610/243,64.23868313,15610,243,"[2, 3, 5, 7, 223]","[1, -5, 1, 1, 0, 0, 0, 0]","[2, 3, 5, 7, 11, 13, 17, 19]"
15616/243,64.26337449,15616,243,"[2, 3, 61]","[8, -5, 0, 0, 0, 0, 0, 0]","[2, 3, 5, 7, 11, 13, 17, 19]"
15619/243,64.27572016,15619,243,"[3, 15619]","[0, -5, 0, 0, 0, 0, 0, 0]","[2, 3, 5, 7, 11, 13, 17, 19]"
15643/243,64.37448560,15643,243,"[3, 15643]","[0, -5, 0, 0, 0, 0, 0, 0]","[2, 3, 5, 7, 11, 13, 17, 19]"
15646/243,64.38683128,15646,243,"[2, 3, 7823]","[1, -5, 0, 0, 0, 0, 0, 0]","[2, 3, 5, 7, 11, 13, 17, 19]"
15655/243,64.42386831,15655,243,"[3, 5, 31, 101]","[0, -5, 1, 0, 0, 0, 0, 0]","[2, 3, 5, 7, 11, 13, 17, 19]"
15664/243,64.46090535,15664,243,"[2, 3, 11, 89]","[4, -5, 0, 0, 1, 0, 0, 0]","[2, 3, 5, 7, 11, 13, 17, 19]"
15673/243,64.49794239,15673,243,"[3, 7, 2239]","[0, -5, 0, 1, 0, 0, 0, 0]","[2, 3, 5, 7, 11, 13, 17, 19]"
15689/243,64.56378601,15689,243,"[3, 29, 541]","[0, -5, 0, 0, 0, 0, 0, 0]","[2, 3, 5, 7, 11, 13, 17, 19]"
15691/243,64.57201646,15691,243,"[3, 13, 17, 71]","[0, -5, 0, 0, 0, 1, 1, 0]","[2, 3, 5, 7, 11, 13, 17, 19]"
15718/243,64.68312757,15718,243,"[2, 3, 29, 271]","[1, -5, 0, 0, 0, 0, 0, 0]","[2, 3, 5, 7, 11, 13, 17, 19]"
15733/243,64.74485597,15733,243,"[3, 15733]","[0, -5, 0, 0, 0, 0, 0, 0]","[2, 3, 5, 7, 11, 13, 17, 19]"
15736/243,64.75720165,15736,243,"[2, 3, 7, 281]","[3, -5, 0, 1, 0, 0, 0, 0]","[2, 3, 5, 7, 11, 13, 17, 19]"
15751/243,64.81893004,15751,243,"[3, 19, 829]","[0, -5, 0, 0, 0, 0, 0, 1]","[2, 3, 5, 7, 11, 13, 17, 19]"
15754/243,64.83127572,15754,243,"[2, 3, 7877]","[1, -5, 0, 0, 0, 0, 0, 0]","[2, 3, 5, 7, 11, 13, 17, 19]"
15778/243,64.93004115,15778,243,"[2, 3, 7, 23]","[1, -5, 0, 3, 0, 0, 0, 0]","[2, 3, 5, 7, 11, 13, 17, 19]"
15805/243,65.04115226,15805,243,"[3, 5, 29, 109]","[0, -5, 1, 0, 0, 0, 0, 0]","[2, 3, 5, 7, 11, 13, 17, 19]"
15808/243,65.05349794,15808,243,"[2, 3, 13, 19]","[6, -5, 0, 0, 0, 1, 0, 1]","[2, 3, 5, 7, 11, 13, 17, 19]"
15814/243,65.07818930,15814,243,"[2, 3, 7907]","[1, -5, 0, 0, 0, 0, 0, 0]","[2, 3, 5, 7, 11, 13, 17, 19]"
15826/243,65.12757202,15826,243,"[2, 3, 41, 193]","[1, -5, 0, 0, 0, 0, 0, 0]","[2, 3, 5, 7, 11, 13, 17, 19]"
15835/243,65.16460905,15835,243,"[3, 5, 3167]","[0, -5, 1, 0, 0, 0, 0, 0]","[2, 3, 5, 7, 11, 13, 17, 19]"
15844/243,65.20164609,15844,243,"[2, 3, 17, 233]","[2, -5, 0, 0, 0, 0, 1, 0]","[2, 3, 5, 7, 11, 13, 17, 19]"
15851/243,65.23045267,15851,243,"[3, 11, 131]","[0, -5, 0, 0, 2, 0, 0, 0]","[2, 3, 5, 7, 11, 13, 17, 19]"
15853/243,65.23868313,15853,243,"[3, 83, 191]","[0, -5, 0, 0, 0, 0, 0, 0]","[2, 3, 5, 7, 11, 13, 17, 19]"
15859/243,65.26337449,15859,243,"[3, 15859]","[0, -5, 0, 0, 0, 0, 0, 0]","[2, 3, 5, 7, 11, 13, 17, 19]"
15880/243,65.34979424,15880,243,"[2, 3, 5, 397]","[3, -5, 1, 0, 0, 0, 0, 0]","[2, 3, 5, 7, 11, 13, 17, 19]"
15886/243,65.37448560,15886,243,"[2, 3, 13, 47]","[1, -5, 0, 0, 0, 2, 0, 0]","[2, 3, 5, 7, 11, 13, 17, 19]"
15889/243,65.38683128,15889,243,"[3, 15889]","[0, -5, 0, 0, 0, 0, 0, 0]","[2, 3, 5, 7, 11, 13, 17, 19]"
15898/243,65.42386831,15898,243,"[2, 3, 7949]","[1, -5, 0, 0, 0, 0, 0, 0]","[2, 3, 5, 7, 11, 13, 17, 19]"
15916/243,65.49794239,15916,243,"[2, 3, 23, 173]","[2, -5, 0, 0, 0, 0, 0, 0]","[2, 3, 5, 7, 11, 13, 17, 19]"
15925/243,65.53497942,15925,243,"[3, 5, 7, 13]","[0, -5, 2, 2, 0, 1, 0, 0]","[2, 3, 5, 7, 11, 13, 17, 19]"
15934/243,65.57201646,15934,243,"[2, 3, 31, 257]","[1, -5, 0, 0, 0, 0, 0, 0]","[2, 3, 5, 7, 11, 13, 17, 19]"
15940/243,65.59670782,15940,243,"[2, 3, 5, 797]","[2, -5, 1, 0, 0, 0, 0, 0]","[2, 3, 5, 7, 11, 13, 17, 19]"
15961/243,65.68312757,15961,243,"[3, 11, 1451]","[0, -5, 0, 0, 1, 0, 0, 0]","[2, 3, 5, 7, 11, 13, 17, 19]"
15976/243,65.74485597,15976,243,"[2, 3, 1997]","[3, -5, 0, 0, 0, 0, 0, 0]","[2, 3, 5, 7, 11, 13, 17, 19]"
15979/243,65.75720165,15979,243,"[3, 19, 29]","[0, -5, 0, 0, 0, 0, 0, 1]","[2, 3, 5, 7, 11, 13, 17, 19]"
15994/243,65.81893004,15994,243,"[2, 3, 11, 727]","[1, -5, 0, 0, 1, 0, 0, 0]","[2, 3, 5, 7, 11, 13, 17, 19]"
16015/243,65.90534979,16015,243,"[3, 5, 3203]","[0, -5, 1, 0, 0, 0, 0, 0]","[2, 3, 5, 7, 11, 13, 17, 19]"
16021/243,65.93004115,16021,243,"[3, 37, 433]","[0, -5, 0, 0, 0, 0, 0, 0]","[2, 3, 5, 7, 11, 13, 17, 19]"
16048/243,66.04115226,16048,243,"[2, 3, 17, 59]","[4, -5, 0, 0, 0, 0, 1, 0]","[2, 3, 5, 7, 11, 13, 17, 19]"
16051/243,66.05349794,16051,243,"[3, 7, 2293]","[0, -5, 0, 1, 0, 0, 0, 0]","[2, 3, 5, 7, 11, 13, 17, 19]"
16060/243,66.09053498,16060,243,"[2, 3, 5, 11, 73]","[2, -5, 1, 0, 1, 0, 0, 0]","[2, 3, 5, 7, 11, 13, 17, 19]"
16069/243,66.12757202,16069,243,"[3, 16069]","[0, -5, 0, 0, 0, 0, 0, 0]","[2, 3, 5, 7, 11, 13, 17, 19]"
16078/243,66.16460905,16078,243,"[2, 3, 8039]","[1, -5, 0, 0, 0, 0, 0, 0]","[2, 3, 5, 7, 11, 13, 17, 19]"
16094/243,66.23045267,16094,243,"[2, 3, 13, 619]","[1, -5, 0, 0, 0, 1, 0, 0]","[2, 3, 5, 7, 11, 13, 17, 19]"
16096/243,66.23868313,16096,243,"[2, 3, 503]","[5, -5, 0, 0, 0, 0, 0, 0]","[2, 3, 5, 7, 11, 13, 17, 19]"
16123/243,66.34979424,16123,243,"[3, 23, 701]","[0, -5, 0, 0, 0, 0, 0, 0]","[2, 3, 5, 7, 11, 13, 17, 19]"
16129/243,66.37448560,16129,243,"[3, 127]","[0, -5, 0, 0, 0, 0, 0, 0]","[2, 3, 5, 7, 11, 13, 17, 19]"
16141/243,66.42386831,16141,243,"[3, 16141]","[0, -5, 0, 0, 0, 0, 0, 0]","[2, 3, 5, 7, 11, 13, 17, 19]"
16150/243,66.46090535,16150,243,"[2, 3, 5, 17, 19]","[1, -5, 2, 0, 0, 0, 1, 1]","[2, 3, 5, 7, 11, 13, 17, 19]"
16159/243,66.49794239,16159,243,"[3, 11, 13, 113]","[0, -5, 0, 0, 1, 1, 0, 0]","[2, 3, 5, 7, 11, 13, 17, 19]"
16168/243,66.53497942,16168,243,"[2, 3, 43, 47]","[3, -5, 0, 0, 0, 0, 0, 0]","[2, 3, 5, 7, 11, 13, 17, 19]"
16183/243,66.59670782,16183,243,"[3, 16183]","[0, -5, 0, 0, 0, 0, 0, 0]","[2, 3, 5, 7, 11, 13, 17, 19]"
16204/243,66.68312757,16204,243,"[2, 3, 4051]","[2, -5, 0, 0, 0, 0, 0, 0]","[2, 3, 5, 7, 11, 13, 17, 19]"
16210/243,66.70781893,16210,243,"[2, 3, 5, 1621]","[1, -5, 1, 0, 0, 0, 0, 0]","[2, 3, 5, 7, 11, 13, 17, 19]"
16219/243,66.74485597,16219,243,"[3, 7, 331]","[0, -5, 0, 2, 0, 0, 0, 0]","[2, 3, 5, 7, 11, 13, 17, 19]"
16240/243,66.83127572,16240,243,"[2, 3, 5, 7, 29]","[4, -5, 1, 1, 0, 0, 0, 0]","[2, 3, 5, 7, 11, 13, 17, 19]"
16258/243,66.90534979,16258,243,"[2, 3, 11, 739]","[1, -5, 0, 0, 1, 0, 0, 0]","[2, 3, 5, 7, 11, 13, 17, 19]"
16264/243,66.93004115,16264,243,"[2, 3, 19, 107]","[3, -5, 0, 0, 0, 0, 0, 1]","[2, 3, 5, 7, 11, 13, 17, 19]"
16285/243,67.01646091,16285,243,"[3, 5, 3257]","[0, -5, 1, 0, 0, 0, 0, 0]","[2, 3, 5, 7, 11, 13, 17, 19]"
16291/243,67.04115226,16291,243,"[3, 11, 1481]","[0, -5, 0, 0, 1, 0, 0, 0]","[2, 3, 5, 7, 11, 13, 17, 19]"
16294/243,67.05349794,16294,243,"[2, 3, 8147]","[1, -5, 0, 0, 0, 0, 0, 0]","[2, 3, 5, 7, 11, 13, 17, 19]"
16303/243,67.09053498,16303,243,"[3, 7, 17, 137]","[0, -5, 0, 1, 0, 0, 1, 0]","[2, 3, 5, 7, 11, 13, 17, 19]"
16321/243,67.16460905,16321,243,"[3, 19, 859]","[0, -5, 0, 0, 0, 0, 0, 1]","[2, 3, 5, 7, 11, 13, 17, 19]"
16330/243,67.20164609,16330,243,"[2, 3, 5, 23, 71]","[1, -5, 1, 0, 0, 0, 0, 0]","[2, 3, 5, 7, 11, 13, 17, 19]"
16339/243,67.23868313,16339,243,"[3, 16339]","[0, -5, 0, 0, 0, 0, 0, 0]","[2, 3, 5, 7, 11, 13, 17, 19]"
16366/243,67.34979424,16366,243,"[2, 3, 7, 167]","[1, -5, 0, 2, 0, 0, 0, 0]","[2, 3, 5, 7, 11, 13, 17, 19]"
16384/243,67.42386831,16384,243,"[2, 3]","[14, -5, 0, 0, 0, 0, 0, 0]","[2, 3, 5, 7, 11, 13, 17, 19]"
16393/243,67.46090535,16393,243,"[3, 13, 97]","[0, -5, 0, 0, 0, 2, 0, 0]","[2, 3, 5, 7, 11, 13, 17, 19]"
16411/243,67.53497942,16411,243,"[3, 16411]","[0, -5, 0, 0, 0, 0, 0, 0]","[2, 3, 5, 7, 11, 13, 17, 19]"
16426/243,67.59670782,16426,243,"[2, 3, 43, 191]","[1, -5, 0, 0, 0, 0, 0, 0]","[2, 3, 5, 7, 11, 13, 17, 19]"
16453/243,67.70781893,16453,243,"[3, 16453]","[0, -5, 0, 0, 0, 0, 0, 0]","[2, 3, 5, 7, 11, 13, 17, 19]"
16465/243,67.75720165,16465,243,"[3, 5, 37, 89]","[0, -5, 1, 0, 0, 0, 0, 0]","[2, 3, 5, 7, 11, 13, 17, 19]"
16483/243,67.83127572,16483,243,"[3, 53, 311]","[0, -5, 0, 0, 0, 0, 0, 0]","[2, 3, 5, 7, 11, 13, 17, 19]"
16501/243,67.90534979,16501,243,"[3, 29, 569]","[0, -5, 0, 0, 0, 0, 0, 0]","[2, 3, 5, 7, 11, 13, 17, 19]"
16528/243,68.01646091,16528,243,"[2, 3, 1033]","[4, -5, 0, 0, 0, 0, 0, 0]","[2, 3, 5, 7, 11, 13, 17, 19]"
16534/243,68.04115226,16534,243,"[2, 3, 7, 1181]","[1, -5, 0, 1, 0, 0, 0, 0]","[2, 3, 5, 7, 11, 13, 17, 19]"
16546/243,68.09053498,16546,243,"[2, 3, 8273]","[1, -5, 0, 0, 0, 0, 0, 0]","[2, 3, 5, 7, 11, 13, 17, 19]"
16555/243,68.12757202,16555,243,"[3, 5, 7, 11, 43]","[0, -5, 1, 1, 1, 0, 0, 0]","[2, 3, 5, 7, 11, 13, 17, 19]"
16564/243,68.16460905,16564,243,"[2, 3, 41, 101]","[2, -5, 0, 0, 0, 0, 0, 0]","[2, 3, 5, 7, 11, 13, 17, 19]"
16573/243,68.20164609,16573,243,"[3, 16573]","[0, -5, 0, 0, 0, 0, 0, 0]","[2, 3, 5, 7, 11, 13, 17, 19]"
16600/243,68.31275720,16600,243,"[2, 3, 5, 83]","[3, -5, 2, 0, 0, 0, 0, 0]","[2, 3, 5, 7, 11, 13, 17, 19]"
16609/243,68.34979424,16609,243,"[3, 17, 977]","[0, -5, 0, 0, 0, 0, 1, 0]","[2, 3, 5, 7, 11, 13, 17, 19]"
16615/243,68.37448560,16615,243,"[3, 5, 3323]","[0, -5, 1, 0, 0, 0, 0, 0]","[2, 3, 5, 7, 11, 13, 17, 19]"
16636/243,68.46090535,16636,243,"[2, 3, 4159]","[2, -5, 0, 0, 0, 0, 0, 0]","[2, 3, 5, 7, 11, 13, 17, 19]"
16654/243,68.53497942,16654,243,"[2, 3, 11, 757]","[1, -5, 0, 0, 1, 0, 0, 0]","[2, 3, 5, 7, 11, 13, 17, 19]"
16669/243,68.59670782,16669,243,"[3, 79, 211]","[0, -5, 0, 0, 0, 0, 0, 0]","[2, 3, 5, 7, 11, 13, 17, 19]"
16690/243,68.68312757,16690,243,"[2, 3, 5, 1669]","[1, -5, 1, 0, 0, 0, 0, 0]","[2, 3, 5, 7, 11, 13, 17, 19]"
16696/243,68.70781893,16696,243,"[2, 3, 2087]","[3, -5, 0, 0, 0, 0, 0, 0]","[2, 3, 5, 7, 11, 13, 17, 19]"
16708/243,68.75720165,16708,243,"[2, 3, 4177]","[2, -5, 0, 0, 0, 0, 0, 0]","[2, 3, 5, 7, 11, 13, 17, 19]"
16726/243,68.83127572,16726,243,"[2, 3, 8363]","[1, -5, 0, 0, 0, 0, 0, 0]","[2, 3, 5, 7, 11, 13, 17, 19]"
16735/243,68.86831276,16735,243,"[3, 5, 3347]","[0, -5, 1, 0, 0, 0, 0, 0]","[2, 3, 5, 7, 11, 13, 17, 19]"
16744/243,68.90534979,16744,243,"[2, 3, 7, 13, 23]","[3, -5, 0, 1, 0, 1, 0, 0]","[2, 3, 5, 7, 11, 13, 17, 19]"
16771/243,69.01646091,16771,243,"[3, 31, 541]","[0, -5, 0, 0, 0, 0, 0, 0]","[2, 3, 5, 7, 11, 13, 17, 19]"
16789/243,69.09053498,16789,243,"[3, 103, 163]","[0, -5, 0, 0, 0, 0, 0, 0]","[2, 3, 5, 7, 11, 13, 17, 19]"
16798/243,69.12757202,16798,243,"[2, 3, 37, 227]","[1, -5, 0, 0, 0, 0, 0, 0]","[2, 3, 5, 7, 11, 13, 17, 19]"
16816/243,69.20164609,16816,243,"[2, 3, 1051]","[4, -5, 0, 0, 0, 0, 0, 0]","[2, 3, 5, 7, 11, 13, 17, 19]"
16843/243,69.31275720,16843,243,"[3, 16843]","[0, -5, 0, 0, 0, 0, 0, 0]","[2, 3, 5, 7, 11, 13, 17, 19]"
16858/243,69.37448560,16858,243,"[2, 3, 8429]","[1, -5, 0, 0, 0, 0, 0, 0]","[2, 3, 5, 7, 11, 13, 17, 19]"
16879/243,69.46090535,16879,243,"[3, 16879]","[0, -5, 0, 0, 0, 0, 0, 0]","[2, 3, 5, 7, 11, 13, 17, 19]"
16933/243,69.68312757,16933,243,"[3, 7, 41, 59]","[0, -5, 0, 1, 0, 0, 0, 0]","[2, 3, 5, 7, 11, 13, 17, 19]"
16939/243,69.70781893,16939,243,"[3, 13, 1303]","[0, -5, 0, 0, 0, 1, 0, 0]","[2, 3, 5, 7, 11, 13, 17, 19]"
16951/243,69.75720165,16951,243,"[3, 11, 23, 67]","[0, -5, 0, 0, 1, 0, 0, 0]","[2, 3, 5, 7, 11, 13, 17, 19]"
16960/243,69.79423868,16960,243,"[2, 3, 5, 53]","[6, -5, 1, 0, 0, 0, 0, 0]","[2, 3, 5, 7, 11, 13, 17, 19]"
16969/243,69.83127572,16969,243,"[3, 71, 239]","[0, -5, 0, 0, 0, 0, 0, 0]","[2, 3, 5, 7, 11, 13, 17, 19]"
16978/243,69.86831276,16978,243,"[2, 3, 13, 653]","[1, -5, 0, 0, 0, 1, 0, 0]","[2, 3, 5, 7, 11, 13, 17, 19]"
17005/243,69.97942387,17005,243,"[3, 5, 19, 179]","[0, -5, 1, 0, 0, 0, 0, 1]","[2, 3, 5, 7, 11, 13, 17, 19]"
17014/243,70.01646091,17014,243,"[2, 3, 47, 181]","[1, -5, 0, 0, 0, 0, 0, 0]","[2, 3, 5, 7, 11, 13, 17, 19]"
17041/243,70.12757202,17041,243,"[3, 17041]","[0, -5, 0, 0, 0, 0, 0, 0]","[2, 3, 5, 7, 11, 13, 17, 19]"
17059/243,70.20164609,17059,243,"[3, 7, 2437]","[0, -5, 0, 1, 0, 0, 0, 0]","[2, 3, 5, 7, 11, 13, 17, 19]"
17086/243,70.31275720,17086,243,"[2, 3, 8543]","[1, -5, 0, 0, 0, 0, 0, 0]","[2, 3, 5, 7, 11, 13, 17, 19]"
17101/243,70.37448560,17101,243,"[3, 7, 349]","[0, -5, 0, 2, 0, 0, 0, 0]","[2, 3, 5, 7, 11, 13, 17, 19]"
17140/243,70.53497942,17140,243,"[2, 3, 5, 857]","[2, -5, 1, 0, 0, 0, 0, 0]","[2, 3, 5, 7, 11, 13, 17, 19]"
17176/243,70.68312757,17176,243,"[2, 3, 19, 113]","[3, -5, 0, 0, 0, 0, 0, 1]","[2, 3, 5, 7, 11, 13, 17, 19]"
17194/243,70.75720165,17194,243,"[2, 3, 8597]","[1, -5, 0, 0, 0, 0, 0, 0]","[2, 3, 5, 7, 11, 13, 17, 19]"
17203/243,70.79423868,17203,243,"[3, 17203]","[0, -5, 0, 0, 0, 0, 0, 0]","[2, 3, 5, 7, 11, 13, 17, 19]"
17221/243,70.86831276,17221,243,"[3, 17, 1013]","[0, -5, 0, 0, 0, 0, 1, 0]","[2, 3, 5, 7, 11, 13, 17, 19]"
17248/243,70.97942387,17248,243,"[2, 3, 7, 11]","[5, -5, 0, 2, 1, 0, 0, 0]","[2, 3, 5, 7, 11, 13, 17, 19]"
17275/243,71.09053498,17275,243,"[3, 5, 691]","[0, -5, 2, 0, 0, 0, 0, 0]","[2, 3, 5, 7, 11, 13, 17, 19]"
17284/243,71.12757202,17284,243,"[2, 3, 29, 149]","[2, -5, 0, 0, 0, 0, 0, 0]","[2, 3, 5, 7, 11, 13, 17, 19]"
17329/243,71.31275720,17329,243,"[3, 13, 31, 43]","[0, -5, 0, 0, 0, 1, 0, 0]","[2, 3, 5, 7, 11, 13, 17, 19]"
17344/243,71.37448560,17344,243,"[2, 3, 271]","[6, -5, 0, 0, 0, 0, 0, 0]","[2, 3, 5, 7, 11, 13, 17, 19]"
17365/243,71.46090535,17365,243,"[3, 5, 23, 151]","[0, -5, 1, 0, 0, 0, 0, 0]","[2, 3, 5, 7, 11, 13, 17, 19]"
17383/243,71.53497942,17383,243,"[3, 17383]","[0, -5, 0, 0, 0, 0, 0, 0]","[2, 3, 5, 7, 11, 13, 17, 19]"
17410/243,71.64609053,17410,243,"[2, 3, 5, 1741]","[1, -5, 1, 0, 0, 0, 0, 0]","[2, 3, 5, 7, 11, 13, 17, 19]"
17419/243,71.68312757,17419,243,"[3, 17419]","[0, -5, 0, 0, 0, 0, 0, 0]","[2, 3, 5, 7, 11, 13, 17, 19]"
17446/243,71.79423868,17446,243,"[2, 3, 11, 13, 61]","[1, -5, 0, 0, 1, 1, 0, 0]","[2, 3, 5, 7, 11, 13, 17, 19]"
17464/243,71.86831276,17464,243,"[2, 3, 37, 59]","[3, -5, 0, 0, 0, 0, 0, 0]","[2, 3, 5, 7, 11, 13, 17, 19]"
17491/243,71.97942387,17491,243,"[3, 17491]","[0, -5, 0, 0, 0, 0, 0, 0]","[2, 3, 5, 7, 11, 13, 17, 19]"
17518/243,72.09053498,17518,243,"[2, 3, 19, 461]","[1, -5, 0, 0, 0, 0, 0, 1]","[2, 3, 5, 7, 11, 13, 17, 19]"
17608/243,72.46090535,17608,243,"[2, 3, 31, 71]","[3, -5, 0, 0, 0, 0, 0, 0]","[2, 3, 5, 7, 11, 13, 17, 19]"
17626/243,72.53497942,17626,243,"[2, 3, 7, 1259]","[1, -5, 0, 1, 0, 0, 0, 0]","[2, 3, 5, 7, 11, 13, 17, 19]"
17653/243,72.64609053,17653,243,"[3, 127, 139]","[0, -5, 0, 0, 0, 0, 0, 0]","[2, 3, 5, 7, 11, 13, 17, 19]"
17680/243,72.75720165,17680,243,"[2, 3, 5, 13, 17]","[4, -5, 1, 0, 0, 1, 1, 0]","[2, 3, 5, 7, 11, 13, 17, 19]"
17689/243,72.79423868,17689,243,"[3, 7, 19]","[0, -5, 0, 2, 0, 0, 0, 2]","[2, 3, 5, 7, 11, 13, 17, 19]"
17734/243,72.97942387,17734,243,"[2, 3, 8867]","[1, -5, 0, 0, 0, 0, 0, 0]","[2, 3, 5, 7, 11, 13, 17, 19]"
17761/243,73.09053498,17761,243,"[3, 17761]","[0, -5, 0, 0, 0, 0, 0, 0]","[2, 3, 5, 7, 11, 13, 17, 19]"
17815/243,73.31275720,17815,243,"[3, 5, 7, 509]","[0, -5, 1, 1, 0, 0, 0, 0]","[2, 3, 5, 7, 11, 13, 17, 19]"
17851/243,73.46090535,17851,243,"[3, 17851]","[0, -5, 0, 0, 0, 0, 0, 0]","[2, 3, 5, 7, 11, 13, 17, 19]"
17869/243,73.53497942,17869,243,"[3, 107, 167]","[0, -5, 0, 0, 0, 0, 0, 0]","[2, 3, 5, 7, 11, 13, 17, 19]"
17896/243,73.64609053,17896,243,"[2, 3, 2237]","[3, -5, 0, 0, 0, 0, 0, 0]","[2, 3, 5, 7, 11, 13, 17, 19]"
17923/243,73.75720165,17923,243,"[3, 17923]","[0, -5, 0, 0, 0, 0, 0, 0]","[2, 3, 5, 7, 11, 13, 17, 19]"
18004/243,74.09053498,18004,243,"[2, 3, 7, 643]","[2, -5, 0, 1, 0, 0, 0, 0]","[2, 3, 5, 7, 11, 13, 17, 19]"
18058/243,74.31275720,18058,243,"[2, 3, 9029]","[1, -5, 0, 0, 0, 0, 0, 0]","[2, 3, 5, 7, 11, 13, 17, 19]"
18085/243,74.42386831,18085,243,"[3, 5, 3617]","[0, -5, 1, 0, 0, 0, 0, 0]","[2, 3, 5, 7, 11, 13, 17, 19]"
18094/243,74.46090535,18094,243,"[2, 3, 83, 109]","[1, -5, 0, 0, 0, 0, 0, 0]","[2, 3, 5, 7, 11, 13, 17, 19]"
18139/243,74.64609053,18139,243,"[3, 11, 17, 97]","[0, -5, 0, 0, 1, 0, 1, 0]","[2, 3, 5, 7, 11, 13, 17, 19]"
18166/243,74.75720165,18166,243,"[2, 3, 31, 293]","[1, -5, 0, 0, 0, 0, 0, 0]","[2, 3, 5, 7, 11, 13, 17, 19]"
18301/243,75.31275720,18301,243,"[3, 18301]","[0, -5, 0, 0, 0, 0, 0, 0]","[2, 3, 5, 7, 11, 13, 17, 19]"
18328/243,75.42386831,18328,243,"[2, 3, 29, 79]","[3, -5, 0, 0, 0, 0, 0, 0]","[2, 3, 5, 7, 11, 13, 17, 19]"
18409/243,75.75720165,18409,243,"[3, 41, 449]","[0, -5, 0, 0, 0, 0, 0, 0]","[2, 3, 5, 7, 11, 13, 17, 19]"
18490/243,76.09053498,18490,243,"[2, 3, 5, 43]","[1, -5, 1, 0, 0, 0, 0, 0]","[2, 3, 5, 7, 11, 13, 17, 19]"
18544/243,76.31275720,18544,243,"[2, 3, 19, 61]","[4, -5, 0, 0, 0, 0, 0, 1]","[2, 3, 5, 7, 11, 13, 17, 19]"
18571/243,76.42386831,18571,243,"[3, 7, 379]","[0, -5, 0, 2, 0, 0, 0, 0]","[2, 3, 5, 7, 11, 13, 17, 19]"
18733/243,77.09053498,18733,243,"[3, 11, 13, 131]","[0, -5, 0, 0, 1, 1, 0, 0]","[2, 3, 5, 7, 11, 13, 17, 19]"
18814/243,77.42386831,18814,243,"[2, 3, 23, 409]","[1, -5, 0, 0, 0, 0, 0, 0]","[2, 3, 5, 7, 11, 13, 17, 19]"
18976/243,78.09053498,18976,243,"[2, 3, 593]","[5, -5, 0, 0, 0, 0, 0, 0]","[2, 3, 5, 7, 11, 13, 17, 19]"
19219/243,79.09053498,19219,243,"[3, 19219]","[0, -5, 0, 0, 0, 0, 0, 0]","[2, 3, 5, 7, 11, 13, 17, 19]"
