element,decimal_approx,numerator,denominator,support_primes,valuation_vector,selected_primes
1,1.00000000,1,1,[],"[0, 0, 0, 0, 0, 0, 0, 0]","[2, 3, 5, 7, 11, 13, 17, 19]"
2,2.00000000,2,1,[2],"[1, 0, 0, 0, 0, 0, 0, 0]","[2, 3, 5, 7, 11, 13, 17, 19]"
3,3.00000000,3,1,[3],"[0, 1, 0, 0, 0, 0, 0, 0]","[2, 3, 5, 7, 11, 13, 17, 19]"
3/2,1.50000000,3,2,"[2, 3]","[-1, 1, 0, 0, 0, 0, 0, 0]","[2, 3, 5, 7, 11, 13, 17, 19]"
4,4.00000000,4,1,[2],"[2, 0, 0, 0, 0, 0, 0, 0]","[2, 3, 5, 7, 11, 13, 17, 19]"
5,5.00000000,5,1,[5],"[0, 0, 1, 0, 0, 0, 0, 0]","[2, 3, 5, 7, 11, 13, 17, 19]"
5/2,2.50000000,5,2,"[2, 5]","[-1, 0, 1, 0, 0, 0, 0, 0]","[2, 3, 5, 7, 11, 13, 17, 19]"
6,6.00000000,6,1,"[2, 3]","[1, 1, 0, 0, 0, 0, 0, 0]","[2, 3, 5, 7, 11, 13, 17, 19]"
7,7.00000000,7,1,[7],"[0, 0, 0, 1, 0, 0, 0, 0]","[2, 3, 5, 7, 11, 13, 17, 19]"
7/2,3.50000000,7,2,"[2, 7]","[-1, 0, 0, 1, 0, 0, 0, 0]","[2, 3, 5, 7, 11, 13, 17, 19]"
8,8.00000000,8,1,[2],"[3, 0, 0, 0, 0, 0, 0, 0]","[2, 3, 5, 7, 11, 13, 17, 19]"
9,9.00000000,9,1,[3],"[0, 2, 0, 0, 0, 0, 0, 0]","[2, 3, 5, 7, 11, 13, 17, 19]"
9/2,4.50000000,9,2,"[2, 3]","[-1, 2, 0, 0, 0, 0, 0, 0]","[2, 3, 5, 7, 11, 13, 17, 19]"
9/4,2.25000000,9,4,"[2, 3]","[-2, 2, 0, 0, 0, 0, 0, 0]","[2, 3, 5, 7, 11, 13, 17, 19]"
10,10.00000000,10,1,"[2, 5]","[1, 0, 1, 0, 0, 0, 0, 0]","[2, 3, 5, 7, 11, 13, 17, 19]"
11,11.00000000,11,1,[11],"[0, 0, 0, 0, 1, 0, 0, 0]","[2, 3, 5, 7, 11, 13, 17, 19]"
11/2,5.50000000,11,2,"[2, 11]","[-1, 0, 0, 0, 1, 0, 0, 0]","[2, 3, 5, 7, 11, 13, 17, 19]"
12,12.00000000,12,1,"[2, 3]","[2, 1, 0, 0, 0, 0, 0, 0]","[2, 3, 5, 7, 11, 13, 17, 19]"
13,13.00000000,13,1,[13],"[0, 0, 0, 0, 0, 1, 0, 0]","[2, 3, 5, 7, 11, 13, 17, 19]"
13/2,6.50000000,13,2,"[2, 13]","[-1, 0, 0, 0, 0, 1, 0, 0]","[2, 3, 5, 7, 11, 13, 17, 19]"
13/4,3.25000000,13,4,"[2, 13]","[-2, 0, 0, 0, 0, 1, 0, 0]","[2, 3, 5, 7, 11, 13, 17, 19]"
14,14.00000000,14,1,"[2, 7]","[1, 0, 0, 1, 0, 0, 0, 0]","[2, 3, 5, 7, 11, 13, 17, 19]"
15,15.00000000,15,1,"[3, 5]","[0, 1, 1, 0, 0, 0, 0, 0]","[2, 3, 5, 7, 11, 13, 17, 19]"
15/2,7.50000000,15,2,"[2, 3, 5]","[-1, 1, 1, 0, 0, 0, 0, 0]","[2, 3, 5, 7, 11, 13, 17, 19]"
15/4,3.75000000,15,4,"[2, 3, 5]","[-2, 1, 1, 0, 0, 0, 0, 0]","[2, 3, 5, 7, 11, 13, 17, 19]"
16,16.00000000,16,1,[2],"[4, 0, 0, 0, 0, 0, 0, 0]","[2, 3, 5, 7, 11, 13, 17, 19]"
17,17.00000000,17,1,[17],"[0, 0, 0, 0, 0, 0, 1, 0]","[2, 3, 5, 7, 11, 13, 17, 19]"
17/2,8.50000000,17,2,"[2, 17]","[-1, 0, 0, 0, 0, 0, 1, 0]","[2, 3, 5, 7, 11, 13, 17, 19]"
17/4,4.25000000,17,4,"[2, 17]","[-2, 0, 0, 0, 0, 0, 1, 0]","[2, 3, 5, 7, 11, 13, 17, 19]"
18,18.00000000,18,1,"[2, 3]","[1, 2, 0, 0, 0, 0, 0, 0]","[2, 3, 5, 7, 11, 13, 17, 19]"
19,19.00000000,19,1,[19],"[0, 0, 0, 0, 0, 0, 0, 1]","[2, 3, 5, 7, 11, 13, 17, 19]"
19/2,9.50000000,19,2,"[2, 19]","[-1, 0, 0, 0, 0, 0, 0, 1]","[2, 3, 5, 7, 11, 13, 17, 19]"
19/4,4.75000000,19,4,"[2, 19]","[-2, 0, 0, 0, 0, 0, 0, 1]","[2, 3, 5, 7, 11, 13, 17, 19]"
20,20.00000000,20,1,"[2, 5]","[2, 0, 1, 0, 0, 0, 0, 0]","[2, 3, 5, 7, 11, 13, 17, 19]"
21,21.00000000,21,1,"[3, 7]","[0, 1, 0, 1, 0, 0, 0, 0]","[2, 3, 5, 7, 11, 13, 17, 19]"
21/2,10.50000000,21,2,"[2, 3, 7]","[-1, 1, 0, 1, 0, 0, 0, 0]","[2, 3, 5, 7, 11, 13, 17, 19]"
21/4,5.25000000,21,4,"[2, 3, 7]","[-2, 1, 0, 1, 0, 0, 0, 0]","[2, 3, 5, 7, 11, 13, 17, 19]"
22,22.00000000,22,1,"[2, 11]","[1, 0, 0, 0, 1, 0, 0, 0]","[2, 3, 5, 7, 11, 13, 17, 19]"
23,23.00000000,23,1,[23],"[0, 0, 0, 0, 0, 0, 0, 0]","[2, 3, 5, 7, 11, 13, 17, 19]"
23/2,11.50000000,23,2,"[2, 23]","[-1, 0, 0, 0, 0, 0, 0, 0]","[2, 3, 5, 7, 11, 13, 17, 19]"
23/4,5.75000000,23,4,"[2, 23]","[-2, 0, 0, 0, 0, 0, 0, 0]","[2, 3, 5, 7, 11, 13, 17, 19]"
24,24.00000000,24,1,"[2, 3]","[3, 1, 0, 0, 0, 0, 0, 0]","[2, 3, 5, 7, 11, 13, 17, 19]"
25,25.00000000,25,1,[5],"[0, 0, 2, 0, 0, 0, 0, 0]","[2, 3, 5, 7, 11, 13, 17, 19]"
25/2,12.50000000,25,2,"[2, 5]","[-1, 0, 2, 0, 0, 0, 0, 0]","[2, 3, 5, 7, 11, 13, 17, 19]"
25/4,6.25000000,25,4,"[2, 5]","[-2, 0, 2, 0, 0, 0, 0, 0]","[2, 3, 5, 7, 11, 13, 17, 19]"
26,26.00000000,26,1,"[2, 13]","[1, 0, 0, 0, 0, 1, 0, 0]","[2, 3, 5, 7, 11, 13, 17, 19]"
27,27.00000000,27,1,[3],"[0, 3, 0, 0, 0, 0, 0, 0]","[2, 3, 5, 7, 11, 13, 17, 19]"
27/2,13.50000000,27,2,"[2, 3]","[-1, 3, 0, 0, 0, 0, 0, 0]","[2, 3, 5, 7, 11, 13, 17, 19]"
27/4,6.75000000,27,4,"[2, 3]","[-2, 3, 0, 0, 0, 0, 0, 0]","[2, 3, 5, 7, 11, 13, 17, 19]"
27/8,3.37500000,27,8,"[2, 3]","[-3, 3, 0, 0, 0, 0, 0, 0]","[2, 3, 5, 7, 11, 13, 17, 19]"
28,28.00000000,28,1,"[2, 7]","[2, 0, 0, 1, 0, 0, 0, 0]","[2, 3, 5, 7, 11, 13, 17, 19]"
29,29.00000000,29,1,[29],"[0, 0, 0, 0, 0, 0, 0, 0]","[2, 3, 5, 7, 11, 13, 17, 19]"
29/2,14.50000000,29,2,"[2, 29]","[-1, 0, 0, 0, 0, 0, 0, 0]","[2, 3, 5, 7, 11, 13, 17, 19]"
29/4,7.25000000,29,4,"[2, 29]","[-2, 0, 0, 0, 0, 0, 0, 0]","[2, 3, 5, 7, 11, 13, 17, 19]"
30,30.00000000,30,1,"[2, 3, 5]","[1, 1, 1, 0, 0, 0, 0, 0]","[2, 3, 5, 7, 11, 13, 17, 19]"
31,31.00000000,31,1,[31],"[0, 0, 0, 0, 0, 0, 0, 0]","[2, 3, 5, 7, 11, 13, 17, 19]"
31/2,15.50000000,31,2,"[2, 31]","[-1, 0, 0, 0, 0, 0, 0, 0]","[2, 3, 5, 7, 11, 13, 17, 19]"
31/4,7.75000000,31,4,"[2, 31]","[-2, 0, 0, 0, 0, 0, 0, 0]","[2, 3, 5, 7, 11, 13, 17, 19]"
32,32.00000000,32,1,[2],"[5, 0, 0, 0, 0, 0, 0, 0]","[2, 3, 5, 7, 11, 13, 17, 19]"
33,33.00000000,33,1,"[3, 11]","[0, 1, 0, 0, 1, 0, 0, 0]","[2, 3, 5, 7, 11, 13, 17, 19]"
33/2,16.50000000,33,2,"[2, 3, 11]","[-1, 1, 0, 0, 1, 0, 0, 0]","[2, 3, 5, 7, 11, 13, 17, 19]"
33/4,8.25000000,33,4,"[2, 3, 11]","[-2, 1, 0, 0, 1, 0, 0, 0]","[2, 3, 5, 7, 11, 13, 17, 19]"
34,34.00000000,34,1,"[2, 17]","[1, 0, 0, 0, 0, 0, 1, 0]","[2, 3, 5, 7, 11, 13, 17, 19]"
35,35.00000000,35,1,"[5, 7]","[0, 0, 1, 1, 0, 0, 0, 0]","[2, 3, 5, 7, 11, 13, 17, 19]"
35/2,17.50000000,35,2,"[2, 5, 7]","[-1, 0, 1, 1, 0, 0, 0, 0]","[2, 3, 5, 7, 11, 13, 17, 19]"
35/4,8.75000000,35,4,"[2, 5, 7]","[-2, 0, 1, 1, 0, 0, 0, 0]","[2, 3, 5, 7, 11, 13, 17, 19]"
35/8,4.37500000,35,8,"[2, 5, 7]","[-3, 0, 1, 1, 0, 0, 0, 0]","[2, 3, 5, 7, 11, 13, 17, 19]"
36,36.00000000,36,1,"[2, 3]","[2, 2, 0, 0, 0, 0, 0, 0]","[2, 3, 5, 7, 11, 13, 17, 19]"
37,37.00000000,37,1,[37],"[0, 0, 0, 0, 0, 0, 0, 0]","[2, 3, 5, 7, 11, 13, 17, 19]"
37/2,18.50000000,37,2,"[2, 37]","[-1, 0, 0, 0, 0, 0, 0, 0]","[2, 3, 5, 7, 11, 13, 17, 19]"
37/4,9.25000000,37,4,"[2, 37]","[-2, 0, 0, 0, 0, 0, 0, 0]","[2, 3, 5, 7, 11, 13, 17, 19]"
38,38.00000000,38,1,"[2, 19]","[1, 0, 0, 0, 0, 0, 0, 1]","[2, 3, 5, 7, 11, 13, 17, 19]"
39,39.00000000,39,1,"[3, 13]","[0, 1, 0, 0, 0, 1, 0, 0]","[2, 3, 5, 7, 11, 13, 17, 19]"
39/2,19.50000000,39,2,"[2, 3, 13]","[-1, 1, 0, 0, 0, 1, 0, 0]","[2, 3, 5, 7, 11, 13, 17, 19]"
39/4,9.75000000,39,4,"[2, 3, 13]","[-2, 1, 0, 0, 0, 1, 0, 0]","[2, 3, 5, 7, 11, 13, 17, 19]"
39/8,4.87500000,39,8,"[2, 3, 13]","[-3, 1, 0, 0, 0, 1, 0, 0]","[2, 3, 5, 7, 11, 13, 17, 19]"
40,40.00000000,40,1,"[2, 5]","[3, 0, 1, 0, 0, 0, 0, 0]","[2, 3, 5, 7, 11, 13, 17, 19]"
41,41.00000000,41,1,[41],"[0, 0, 0, 0, 0, 0, 0, 0]","[2, 3, 5, 7, 11, 13, 17, 19]"
41/2,20.50000000,41,2,"[2, 41]","[-1, 0, 0, 0, 0, 0, 0, 0]","[2, 3, 5, 7, 11, 13, 17, 19]"
41/4,10.25000000,41,4,"[2, 41]","[-2, 0, 0, 0, 0, 0, 0, 0]","[2, 3, 5, 7, 11, 13, 17, 19]"
42,42.00000000,42,1,"[2, 3, 7]","[1, 1, 0, 1, 0, 0, 0, 0]","[2, 3, 5, 7, 11, 13, 17, 19]"
43,43.00000000,43,1,[43],"[0, 0, 0, 0, 0, 0, 0, 0]","[2, 3, 5, 7, 11, 13, 17, 19]"
43/2,21.50000000,43,2,"[2, 43]","[-1, 0, 0, 0, 0, 0, 0, 0]","[2, 3, 5, 7, 11, 13, 17, 19]"
43/4,10.75000000,43,4,"[2, 43]","[-2, 0, 0, 0, 0, 0, 0, 0]","[2, 3, 5, 7, 11, 13, 17, 19]"
43/8,5.37500000,43,8,"[2, 43]","[-3, 0, 0, 0, 0, 0, 0, 0]","[2, 3, 5, 7, 11, 13, 17, 19]"
44,44.00000000,44,1,"[2, 11]","[2, 0, 0, 0, 1, 0, 0, 0]","[2, 3, 5, 7, 11, 13, 17, 19]"
45,45.00000000,45,1,"[3, 5]","[0, 2, 1, 0, 0, 0, 0, 0]","[2, 3, 5, 7, 11, 13, 17, 19]"
45/2,22.50000000,45,2,"[2, 3, 5]","[-1, 2, 1, 0, 0, 0, 0, 0]","[2, 3, 5, 7, 11, 13, 17, 19]"
45/4,11.25000000,45,4,"[2, 3, 5]","[-2, 2, 1, 0, 0, 0, 0, 0]","[2, 3, 5, 7, 11, 13, 17, 19]"
45/8,5.62500000,45,8,"[2, 3, 5]","[-3, 2, 1, 0, 0, 0, 0, 0]","[2, 3, 5, 7, 11, 13, 17, 19]"
46,46.00000000,46,1,"[2, 23]","[1, 0, 0, 0, 0, 0, 0, 0]","[2, 3, 5, 7, 11, 13, 17, 19]"
47,47.00000000,47,1,[47],"[0, 0, 0, 0, 0, 0, 0, 0]","[2, 3, 5, 7, 11, 13, 17, 19]"
47/2,23.50000000,47,2,"[2, 47]","[-1, 0, 0, 0, 0, 0, 0, 0]","[2, 3, 5, 7, 11, 13, 17, 19]"
47/4,11.75000000,47,4,"[2, 47]","[-2, 0, 0, 0, 0, 0, 0, 0]","[2, 3, 5, 7, 11, 13, 17, 19]"
47/8,5.87500000,47,8,"[2, 47]","[-3, 0, 0, 0, 0, 0, 0, 0]","[2, 3, 5, 7, 11, 13, 17, 19]"
48,48.00000000,48,1,"[2, 3]","[4, 1, 0, 0, 0, 0, 0, 0]","[2, 3, 5, 7, 11, 13, 17, 19]"
49,49.00000000,49,1,[7],"[0, 0, 0, 2, 0, 0, 0, 0]","[2, 3, 5, 7, 11, 13, 17, 19]"
49/2,24.50000000,49,2,"[2, 7]","[-1, 0, 0, 2, 0, 0, 0, 0]","[2, 3, 5, 7, 11, 13, 17, 19]"
49/4,12.25000000,49,4,"[2, 7]","[-2, 0, 0, 2, 0, 0, 0, 0]","[2, 3, 5, 7, 11, 13, 17, 19]"
50,50.00000000,50,1,"[2, 5]","[1, 0, 2, 0, 0, 0, 0, 0]","[2, 3, 5, 7, 11, 13, 17, 19]"
51,51.00000000,51,1,"[3, 17]","[0, 1, 0, 0, 0, 0, 1, 0]","[2, 3, 5, 7, 11, 13, 17, 19]"
51/2,25.50000000,51,2,"[2, 3, 17]","[-1, 1, 0, 0, 0, 0, 1, 0]","[2, 3, 5, 7, 11, 13, 17, 19]"
51/4,12.75000000,51,4,"[2, 3, 17]","[-2, 1, 0, 0, 0, 0, 1, 0]","[2, 3, 5, 7, 11, 13, 17, 19]"
51/8,6.37500000,51,8,"[2, 3, 17]","[-3, 1, 0, 0, 0, 0, 1, 0]","[2, 3, 5, 7, 11, 13, 17, 19]"
53/2,26.50000000,53,2,"[2, 53]","[-1, 0, 0, 0, 0, 0, 0, 0]","[2, 3, 5, 7, 11, 13, 17, 19]"
53/4,13.25000000,53,4,"[2, 53]","[-2, 0, 0, 0, 0, 0, 0, 0]","[2, 3, 5, 7, 11, 13, 17, 19]"
53/8,6.62500000,53,8,"[2, 53]","[-3, 0, 0, 0, 0, 0, 0, 0]","[2, 3, 5, 7, 11, 13, 17, 19]"
55/2,27.50000000,55,2,"[2, 5, 11]","[-1, 0, 1, 0, 1, 0, 0, 0]","[2, 3, 5, 7, 11, 13, 17, 19]"
55/4,13.75000000,55,4,"[2, 5, 11]","[-2, 0, 1, 0, 1, 0, 0, 0]","[2, 3, 5, 7, 11, 13, 17, 19]"
55/8,6.87500000,55,8,"[2, 5, 11]","[-3, 0, 1, 0, 1, 0, 0, 0]","[2, 3, 5, 7, 11, 13, 17, 19]"
57/2,28.50000000,57,2,"[2, 3, 19]","[-1, 1, 0, 0, 0, 0, 0, 1]","[2, 3, 5, 7, 11, 13, 17, 19]"
57/4,14.25000000,57,4,"[2, 3, 19]","[-2, 1, 0, 0, 0, 0, 0, 1]","[2, 3, 5, 7, 11, 13, 17, 19]"
57/8,7.12500000,57,8,"[2, 3, 19]","[-3, 1, 0, 0, 0, 0, 0, 1]","[2, 3, 5, 7, 11, 13, 17, 19]"
59/2,29.50000000,59,2,"[2, 59]","[-1, 0, 0, 0, 0, 0, 0, 0]","[2, 3, 5, 7, 11, 13, 17, 19]"
59/4,14.75000000,59,4,"[2, 59]","[-2, 0, 0, 0, 0, 0, 0, 0]","[2, 3, 5, 7, 11, 13, 17, 19]"
59/8,7.37500000,59,8,"[2, 59]","[-3, 0, 0, 0, 0, 0, 0, 0]","[2, 3, 5, 7, 11, 13, 17, 19]"
61/2,30.50000000,61,2,"[2, 61]","[-1, 0, 0, 0, 0, 0, 0, 0]","[2, 3, 5, 7, 11, 13, 17, 19]"
61/4,15.25000000,61,4,"[2, 61]","[-2, 0, 0, 0, 0, 0, 0, 0]","[2, 3, 5, 7, 11, 13, 17, 19]"
61/8,7.62500000,61,8,"[2, 61]","[-3, 0, 0, 0, 0, 0, 0, 0]","[2, 3, 5, 7, 11, 13, 17, 19]"
63/2,31.50000000,63,2,"[2, 3, 7]","[-1, 2, 0, 1, 0, 0, 0, 0]","[2, 3, 5, 7, 11, 13, 17, 19]"
63/4,15.75000000,63,4,"[2, 3, 7]","[-2, 2, 0, 1, 0, 0, 0, 0]","[2, 3, 5, 7, 11, 13, 17, 19]"
63/8,7.87500000,63,8,"[2, 3, 7]","[-3, 2, 0, 1, 0, 0, 0, 0]","[2, 3, 5, 7, 11, 13, 17, 19]"
65/2,32.50000000,65,2,"[2, 5, 13]","[-1, 0, 1, 0, 0, 1, 0, 0]","[2, 3, 5, 7, 11, 13, 17, 19]"
65/4,16.25000000,65,4,"[2, 5, 13]","[-2, 0, 1, 0, 0, 1, 0, 0]","[2, 3, 5, 7, 11, 13, 17, 19]"
65/8,8.12500000,65,8,"[2, 5, 13]","[-3, 0, 1, 0, 0, 1, 0, 0]","[2, 3, 5, 7, 11, 13, 17, 19]"
67/2,33.50000000,67,2,"[2, 67]","[-1, 0, 0, 0, 0, 0, 0, 0]","[2, 3, 5, 7, 11, 13, 17, 19]"
67/4,16.75000000,67,4,"[2, 67]","[-2, 0, 0, 0, 0, 0, 0, 0]","[2, 3, 5, 7, 11, 13, 17, 19]"
67/8,8.37500000,67,8,"[2, 67]","[-3, 0, 0, 0, 0, 0, 0, 0]","[2, 3, 5, 7, 11, 13, 17, 19]"
69/2,34.50000000,69,2,"[2, 3, 23]","[-1, 1, 0, 0, 0, 0, 0, 0]","[2, 3, 5, 7, 11, 13, 17, 19]"
69/4,17.25000000,69,4,"[2, 3, 23]","[-2, 1, 0, 0, 0, 0, 0, 0]","[2, 3, 5, 7, 11, 13, 17, 19]"
69/8,8.62500000,69,8,"[2, 3, 23]","[-3, 1, 0, 0, 0, 0, 0, 0]","[2, 3, 5, 7, 11, 13, 17, 19]"
71/2,35.50000000,71,2,"[2, 71]","[-1, 0, 0, 0, 0, 0, 0, 0]","[2, 3, 5, 7, 11, 13, 17, 19]"
71/4,17.75000000,71,4,"[2, 71]","[-2, 0, 0, 0, 0, 0, 0, 0]","[2, 3, 5, 7, 11, 13, 17, 19]"
71/8,8.87500000,71,8,"[2, 71]","[-3, 0, 0, 0, 0, 0, 0, 0]","[2, 3, 5, 7, 11, 13, 17, 19]"
73/2,36.50000000,73,2,"[2, 73]","[-1, 0, 0, 0, 0, 0, 0, 0]","[2, 3, 5, 7, 11, 13, 17, 19]"
73/4,18.25000000,73,4,"[2, 73]","[-2, 0, 0, 0, 0, 0, 0, 0]","[2, 3, 5, 7, 11, 13, 17, 19]"
73/8,9.12500000,73,8,"[2, 73]","[-3, 0, 0, 0, 0, 0, 0, 0]","[2, 3, 5, 7, 11, 13, 17, 19]"
75/2,37.50000000,75,2,"[2, 3, 5]","[-1, 1, 2, 0, 0, 0, 0, 0]","[2, 3, 5, 7, 11, 13, 17, 19]"
75/4,18.75000000,75,4,"[2, 3, 5]","[-2, 1, 2, 0, 0, 0, 0, 0]","[2, 3, 5, 7, 11, 13, 17, 19]"
75/8,9.37500000,75,8,"[2, 3, 5]","[-3, 1, 2, 0, 0, 0, 0, 0]","[2, 3, 5, 7, 11, 13, 17, 19]"
77/2,38.50000000,77,2,"[2, 7, 11]","[-1, 0, 0, 1, 1, 0, 0, 0]","[2, 3, 5, 7, 11, 13, 17, 19]"
77/4,19.25000000,77,4,"[2, 7, 11]","[-2, 0, 0, 1, 1, 0, 0, 0]","[2, 3, 5, 7, 11, 13, 17, 19]"
77/8,9.62500000,77,8,"[2, 7, 11]","[-3, 0, 0, 1, 1, 0, 0, 0]","[2, 3, 5, 7, 11, 13, 17, 19]"
79/2,39.50000000,79,2,"[2, 79]","[-1, 0, 0, 0, 0, 0, 0, 0]","[2, 3, 5, 7, 11, 13, 17, 19]"
79/4,19.75000000,79,4,"[2, 79]","[-2, 0, 0, 0, 0, 0, 0, 0]","[2, 3, 5, 7, 11, 13, 17, 19]"
79/8,9.87500000,79,8,"[2, 79]","[-3, 0, 0, 0, 0, 0, 0, 0]","[2, 3, 5, 7, 11, 13, 17, 19]"
81/2,40.50000000,81,2,"[2, 3]","[-1, 4, 0, 0, 0, 0, 0, 0]","[2, 3, 5, 7, 11, 13, 17, 19]"
81/4,20.25000000,81,4,"[2, 3]","[-2, 4, 0, 0, 0, 0, 0, 0]","[2, 3, 5, 7, 11, 13, 17, 19]"
81/8,10.12500000,81,8,"[2, 3]","[-3, 4, 0, 0, 0, 0, 0, 0]","[2, 3, 5, 7, 11, 13, 17, 19]"
81/16,5.06250000,81,16,"[2, 3]","[-4, 4, 0, 0, 0, 0, 0, 0]","[2, 3, 5, 7, 11, 13, 17, 19]"
83/2,41.50000000,83,2,"[2, 83]","[-1, 0, 0, 0, 0, 0, 0, 0]","[2, 3, 5, 7, 11, 13, 17, 19]"
83/4,20.75000000,83,4,"[2, 83]","[-2, 0, 0, 0, 0, 0, 0, 0]","[2, 3, 5, 7, 11, 13, 17, 19]"
83/8,10.37500000,83,8,"[2, 83]","[-3, 0, 0, 0, 0, 0, 0, 0]","[2, 3, 5, 7, 11, 13, 17, 19]"
85/2,42.50000000,85,2,"[2, 5, 17]","[-1, 0, 1, 0, 0, 0, 1, 0]","[2, 3, 5, 7, 11, 13, 17, 19]"
85/4,21.25000000,85,4,"[2, 5, 17]","[-2, 0, 1, 0, 0, 0, 1, 0]","[2, 3, 5, 7, 11, 13, 17, 19]"
85/8,10.62500000,85,8,"[2, 5, 17]","[-3, 0, 1, 0, 0, 0, 1, 0]","[2, 3, 5, 7, 11, 13, 17, 19]"
87/2,43.50000000,87,2,"[2, 3, 29]","[-1, 1, 0, 0, 0, 0, 0, 0]","[2, 3, 5, 7, 11, 13, 17, 19]"
87/4,21.75000000,87,4,"[2, 3, 29]","[-2, 1, 0, 0, 0, 0, 0, 0]","[2, 3, 5, 7, 11, 13, 17, 19]"
87/8,10.87500000,87,8,"[2, 3, 29]","[-3, 1, 0, 0, 0, 0, 0, 0]","[2, 3, 5, 7, 11, 13, 17, 19]"
89/2,44.50000000,89,2,"[2, 89]","[-1, 0, 0, 0, 0, 0, 0, 0]","[2, 3, 5, 7, 11, 13, 17, 19]"
89/4,22.25000000,89,4,"[2, 89]","[-2, 0, 0, 0, 0, 0, 0, 0]","[2, 3, 5, 7, 11, 13, 17, 19]"
89/8,11.12500000,89,8,"[2, 89]","[-3, 0, 0, 0, 0, 0, 0, 0]","[2, 3, 5, 7, 11, 13, 17, 19]"
91/2,45.50000000,91,2,"[2, 7, 13]","[-1, 0, 0, 1, 0, 1, 0, 0]","[2, 3, 5, 7, 11, 13, 17, 19]"
91/4,22.75000000,91,4,"[2, 7, 13]","[-2, 0, 0, 1, 0, 1, 0, 0]","[2, 3, 5, 7, 11, 13, 17, 19]"
91/8,11.37500000,91,8,"[2, 7, 13]","[-3, 0, 0, 1, 0, 1, 0, 0]","[2, 3, 5, 7, 11, 13, 17, 19]"
93/2,46.50000000,93,2,"[2, 3, 31]","[-1, 1, 0, 0, 0, 0, 0, 0]","[2, 3, 5, 7, 11, 13, 17, 19]"
93/4,23.25000000,93,4,"[2, 3, 31]","[-2, 1, 0, 0, 0, 0, 0, 0]","[2, 3, 5, 7, 11, 13, 17, 19]"
93/8,11.62500000,93,8,"[2, 3, 31]","[-3, 1, 0, 0, 0, 0, 0, 0]","[2, 3, 5, 7, 11, 13, 17, 19]"
95/2,47.50000000,95,2,"[2, 5, 19]","[-1, 0, 1, 0, 0, 0, 0, 1]","[2, 3, 5, 7, 11, 13, 17, 19]"
95/4,23.75000000,95,4,"[2, 5, 19]","[-2, 0, 1, 0, 0, 0, 0, 1]","[2, 3, 5, 7, 11, 13, 17, 19]"
95/8,11.87500000,95,8,"[2, 5, 19]","[-3, 0, 1, 0, 0, 0, 0, 1]","[2, 3, 5, 7, 11, 13, 17, 19]"
97/2,48.50000000,97,2,"[2, 97]","[-1, 0, 0, 0, 0, 0, 0, 0]","[2, 3, 5, 7, 11, 13, 17, 19]"
97/4,24.25000000,97,4,"[2, 97]","[-2, 0, 0, 0, 0, 0, 0, 0]","[2, 3, 5, 7, 11, 13, 17, 19]"
97/8,12.12500000,97,8,"[2, 97]","[-3, 0, 0, 0, 0, 0, 0, 0]","[2, 3, 5, 7, 11, 13, 17, 19]"
97/16,6.06250000,97,16,"[2, 97]","[-4, 0, 0, 0, 0, 0, 0, 0]","[2, 3, 5, 7, 11, 13, 17, 19]"
99/2,49.50000000,99,2,"[2, 3, 11]","[-1, 2, 0, 0, 1, 0, 0, 0]","[2, 3, 5, 7, 11, 13, 17, 19]"
99/4,24.75000000,99,4,"[2, 3, 11]","[-2, 2, 0, 0, 1, 0, 0, 0]","[2, 3, 5, 7, 11, 13, 17, 19]"
99/8,12.37500000,99,8,"[2, 3, 11]","[-3, 2, 0, 0, 1, 0, 0, 0]","[2, 3, 5, 7, 11, 13, 17, 19]"
101/2,50.50000000,101,2,"[2, 101]","[-1, 0, 0, 0, 0, 0, 0, 0]","[2, 3, 5, 7, 11, 13, 17, 19]"
101/4,25.25000000,101,4,"[2, 101]","[-2, 0, 0, 0, 0, 0, 0, 0]","[2, 3, 5, 7, 11, 13, 17, 19]"
101/8,12.62500000,101,8,"[2, 101]","[-3, 0, 0, 0, 0, 0, 0, 0]","[2, 3, 5, 7, 11, 13, 17, 19]"
103/2,51.50000000,103,2,"[2, 103]","[-1, 0, 0, 0, 0, 0, 0, 0]","[2, 3, 5, 7, 11, 13, 17, 19]"
103/4,25.75000000,103,4,"[2, 103]","[-2, 0, 0, 0, 0, 0, 0, 0]","[2, 3, 5, 7, 11, 13, 17, 19]"
103/8,12.87500000,103,8,"[2, 103]","[-3, 0, 0, 0, 0, 0, 0, 0]","[2, 3, 5, 7, 11, 13, 17, 19]"
105/2,52.50000000,105,2,"[2, 3, 5, 7]","[-1, 1, 1, 1, 0, 0, 0, 0]","[2, 3, 5, 7, 11, 13, 17, 19]"
105/4,26.25000000,105,4,"[2, 3, 5, 7]","[-2, 1, 1, 1, 0, 0, 0, 0]","[2, 3, 5, 7, 11, 13, 17, 19]"
105/8,13.12500000,105,8,"[2, 3, 5, 7]","[-3, 1, 1, 1, 0, 0, 0, 0]","[2, 3, 5, 7, 11, 13, 17, 19]"
105/16,6.56250000,105,16,"[2, 3, 5, 7]","[-4, 1, 1, 1, 0, 0, 0, 0]","[2, 3, 5, 7, 11, 13, 17, 19]"
107/4,26.75000000,107,4,"[2, 107]","[-2, 0, 0, 0, 0, 0, 0, 0]","[2, 3, 5, 7, 11, 13, 17, 19]"
107/8,13.37500000,107,8,"[2, 107]","[-3, 0, 0, 0, 0, 0, 0, 0]","[2, 3, 5, 7, 11, 13, 17, 19]"
109/4,27.25000000,109,4,"[2, 109]","[-2, 0, 0, 0, 0, 0, 0, 0]","[2, 3, 5, 7, 11, 13, 17, 19]"
109/8,13.62500000,109,8,"[2, 109]","[-3, 0, 0, 0, 0, 0, 0, 0]","[2, 3, 5, 7, 11, 13, 17, 19]"
111/4,27.75000000,111,4,"[2, 3, 37]","[-2, 1, 0, 0, 0, 0, 0, 0]","[2, 3, 5, 7, 11, 13, 17, 19]"
111/8,13.87500000,111,8,"[2, 3, 37]","[-3, 1, 0, 0, 0, 0, 0, 0]","[2, 3, 5, 7, 11, 13, 17, 19]"
113/4,28.25000000,113,4,"[2, 113]","[-2, 0, 0, 0, 0, 0, 0, 0]","[2, 3, 5, 7, 11, 13, 17, 19]"
113/8,14.12500000,113,8,"[2, 113]","[-3, 0, 0, 0, 0, 0, 0, 0]","[2, 3, 5, 7, 11, 13, 17, 19]"
113/16,7.06250000,113,16,"[2, 113]","[-4, 0, 0, 0, 0, 0, 0, 0]","[2, 3, 5, 7, 11, 13, 17, 19]"
115/4,28.75000000,115,4,"[2, 5, 23]","[-2, 0, 1, 0, 0, 0, 0, 0]","[2, 3, 5, 7, 11, 13, 17, 19]"
115/8,14.37500000,115,8,"[2, 5, 23]","[-3, 0, 1, 0, 0, 0, 0, 0]","[2, 3, 5, 7, 11, 13, 17, 19]"
117/4,29.25000000,117,4,"[2, 3, 13]","[-2, 2, 0, 0, 0, 1, 0, 0]","[2, 3, 5, 7, 11, 13, 17, 19]"
117/8,14.62500000,117,8,"[2, 3, 13]","[-3, 2, 0, 0, 0, 1, 0, 0]","[2, 3, 5, 7, 11, 13, 17, 19]"
117/16,7.31250000,117,16,"[2, 3, 13]","[-4, 2, 0, 0, 0, 1, 0, 0]","[2, 3, 5, 7, 11, 13, 17, 19]"
119/4,29.75000000,119,4,"[2, 7, 17]","[-2, 0, 0, 1, 0, 0, 1, 0]","[2, 3, 5, 7, 11, 13, 17, 19]"
119/8,14.87500000,119,8,"[2, 7, 17]","[-3, 0, 0, 1, 0, 0, 1, 0]","[2, 3, 5, 7, 11, 13, 17, 19]"
121/4,30.25000000,121,4,"[2, 11]","[-2, 0, 0, 0, 2, 0, 0, 0]","[2, 3, 5, 7, 11, 13, 17, 19]"
121/8,15.12500000,121,8,"[2, 11]","[-3, 0, 0, 0, 2, 0, 0, 0]","[2, 3, 5, 7, 11, 13, 17, 19]"
121/16,7.56250000,121,16,"[2, 11]","[-4, 0, 0, 0, 2, 0, 0, 0]","[2, 3, 5, 7, 11, 13, 17, 19]"
123/4,30.75000000,123,4,"[2, 3, 41]","[-2, 1, 0, 0, 0, 0, 0, 0]","[2, 3, 5, 7, 11, 13, 17, 19]"
123/8,15.37500000,123,8,"[2, 3, 41]","[-3, 1, 0, 0, 0, 0, 0, 0]","[2, 3, 5, 7, 11, 13, 17, 19]"
125/4,31.25000000,125,4,"[2, 5]","[-2, 0, 3, 0, 0, 0, 0, 0]","[2, 3, 5, 7, 11, 13, 17, 19]"
125/8,15.62500000,125,8,"[2, 5]","[-3, 0, 3, 0, 0, 0, 0, 0]","[2, 3, 5, 7, 11, 13, 17, 19]"
127/4,31.75000000,127,4,"[2, 127]","[-2, 0, 0, 0, 0, 0, 0, 0]","[2, 3, 5, 7, 11, 13, 17, 19]"
127/8,15.87500000,127,8,"[2, 127]","[-3, 0, 0, 0, 0, 0, 0, 0]","[2, 3, 5, 7, 11, 13, 17, 19]"
129/4,32.25000000,129,4,"[2, 3, 43]","[-2, 1, 0, 0, 0, 0, 0, 0]","[2, 3, 5, 7, 11, 13, 17, 19]"
129/8,16.12500000,129,8,"[2, 3, 43]","[-3, 1, 0, 0, 0, 0, 0, 0]","[2, 3, 5, 7, 11, 13, 17, 19]"
129/16,8.06250000,129,16,"[2, 3, 43]","[-4, 1, 0, 0, 0, 0, 0, 0]","[2, 3, 5, 7, 11, 13, 17, 19]"
131/4,32.75000000,131,4,"[2, 131]","[-2, 0, 0, 0, 0, 0, 0, 0]","[2, 3, 5, 7, 11, 13, 17, 19]"
131/8,16.37500000,131,8,"[2, 131]","[-3, 0, 0, 0, 0, 0, 0, 0]","[2, 3, 5, 7, 11, 13, 17, 19]"
133/4,33.25000000,133,4,"[2, 7, 19]","[-2, 0, 0, 1, 0, 0, 0, 1]","[2, 3, 5, 7, 11, 13, 17, 19]"
133/8,16.62500000,133,8,"[2, 7, 19]","[-3, 0, 0, 1, 0, 0, 0, 1]","[2, 3, 5, 7, 11, 13, 17, 19]"
133/16,8.31250000,133,16,"[2, 7, 19]","[-4, 0, 0, 1, 0, 0, 0, 1]","[2, 3, 5, 7, 11, 13, 17, 19]"
135/4,33.75000000,135,4,"[2, 3, 5]","[-2, 3, 1, 0, 0, 0, 0, 0]","[2, 3, 5, 7, 11, 13, 17, 19]"
135/8,16.87500000,135,8,"[2, 3, 5]","[-3, 3, 1, 0, 0, 0, 0, 0]","[2, 3, 5, 7, 11, 13, 17, 19]"
135/16,8.43750000,135,16,"[2, 3, 5]","[-4, 3, 1, 0, 0, 0, 0, 0]","[2, 3, 5, 7, 11, 13, 17, 19]"
137/4,34.25000000,137,4,"[2, 137]","[-2, 0, 0, 0, 0, 0, 0, 0]","[2, 3, 5, 7, 11, 13, 17, 19]"
137/8,17.12500000,137,8,"[2, 137]","[-3, 0, 0, 0, 0, 0, 0, 0]","[2, 3, 5, 7, 11, 13, 17, 19]"
137/16,8.56250000,137,16,"[2, 137]","[-4, 0, 0, 0, 0, 0, 0, 0]","[2, 3, 5, 7, 11, 13, 17, 19]"
139/4,34.75000000,139,4,"[2, 139]","[-2, 0, 0, 0, 0, 0, 0, 0]","[2, 3, 5, 7, 11, 13, 17, 19]"
139/8,17.37500000,139,8,"[2, 139]","[-3, 0, 0, 0, 0, 0, 0, 0]","[2, 3, 5, 7, 11, 13, 17, 19]"
141/4,35.25000000,141,4,"[2, 3, 47]","[-2, 1, 0, 0, 0, 0, 0, 0]","[2, 3, 5, 7, 11, 13, 17, 19]"
141/8,17.62500000,141,8,"[2, 3, 47]","[-3, 1, 0, 0, 0, 0, 0, 0]","[2, 3, 5, 7, 11, 13, 17, 19]"
141/16,8.81250000,141,16,"[2, 3, 47]","[-4, 1, 0, 0, 0, 0, 0, 0]","[2, 3, 5, 7, 11, 13, 17, 19]"
143/4,35.75000000,143,4,"[2, 11, 13]","[-2, 0, 0, 0, 1, 1, 0, 0]","[2, 3, 5, 7, 11, 13, 17, 19]"
143/8,17.87500000,143,8,"[2, 11, 13]","[-3, 0, 0, 0, 1, 1, 0, 0]","[2, 3, 5, 7, 11, 13, 17, 19]"
145/4,36.25000000,145,4,"[2, 5, 29]","[-2, 0, 1, 0, 0, 0, 0, 0]","[2, 3, 5, 7, 11, 13, 17, 19]"
145/8,18.12500000,145,8,"[2, 5, 29]","[-3, 0, 1, 0, 0, 0, 0, 0]","[2, 3, 5, 7, 11, 13, 17, 19]"
145/16,9.06250000,145,16,"[2, 5, 29]","[-4, 0, 1, 0, 0, 0, 0, 0]","[2, 3, 5, 7, 11, 13, 17, 19]"
147/4,36.75000000,147,4,"[2, 3, 7]","[-2, 1, 0, 2, 0, 0, 0, 0]","[2, 3, 5, 7, 11, 13, 17, 19]"
147/8,18.37500000,147,8,"[2, 3, 7]","[-3, 1, 0, 2, 0, 0, 0, 0]","[2, 3, 5, 7, 11, 13, 17, 19]"
149/4,37.25000000,149,4,"[2, 149]","[-2, 0, 0, 0, 0, 0, 0, 0]","[2, 3, 5, 7, 11, 13, 17, 19]"
149/8,18.62500000,149,8,"[2, 149]","[-3, 0, 0, 0, 0, 0, 0, 0]","[2, 3, 5, 7, 11, 13, 17, 19]"
149/16,9.31250000,149,16,"[2, 149]","[-4, 0, 0, 0, 0, 0, 0, 0]","[2, 3, 5, 7, 11, 13, 17, 19]"
151/4,37.75000000,151,4,"[2, 151]","[-2, 0, 0, 0, 0, 0, 0, 0]","[2, 3, 5, 7, 11, 13, 17, 19]"
151/8,18.87500000,151,8,"[2, 151]","[-3, 0, 0, 0, 0, 0, 0, 0]","[2, 3, 5, 7, 11, 13, 17, 19]"
151/16,9.43750000,151,16,"[2, 151]","[-4, 0, 0, 0, 0, 0, 0, 0]","[2, 3, 5, 7, 11, 13, 17, 19]"
153/4,38.25000000,153,4,"[2, 3, 17]","[-2, 2, 0, 0, 0, 0, 1, 0]","[2, 3, 5, 7, 11, 13, 17, 19]"
153/8,19.12500000,153,8,"[2, 3, 17]","[-3, 2, 0, 0, 0, 0, 1, 0]","[2, 3, 5, 7, 11, 13, 17, 19]"
153/16,9.56250000,153,16,"[2, 3, 17]","[-4, 2, 0, 0, 0, 0, 1, 0]","[2, 3, 5, 7, 11, 13, 17, 19]"
155/4,38.75000000,155,4,"[2, 5, 31]","[-2, 0, 1, 0, 0, 0, 0, 0]","[2, 3, 5, 7, 11, 13, 17, 19]"
155/8,19.37500000,155,8,"[2, 5, 31]","[-3, 0, 1, 0, 0, 0, 0, 0]","[2, 3, 5, 7, 11, 13, 17, 19]"
157/4,39.25000000,157,4,"[2, 157]","[-2, 0, 0, 0, 0, 0, 0, 0]","[2, 3, 5, 7, 11, 13, 17, 19]"
157/8,19.62500000,157,8,"[2, 157]","[-3, 0, 0, 0, 0, 0, 0, 0]","[2, 3, 5, 7, 11, 13, 17, 19]"
157/16,9.81250000,157,16,"[2, 157]","[-4, 0, 0, 0, 0, 0, 0, 0]","[2, 3, 5, 7, 11, 13, 17, 19]"
159/4,39.75000000,159,4,"[2, 3, 53]","[-2, 1, 0, 0, 0, 0, 0, 0]","[2, 3, 5, 7, 11, 13, 17, 19]"
159/8,19.87500000,159,8,"[2, 3, 53]","[-3, 1, 0, 0, 0, 0, 0, 0]","[2, 3, 5, 7, 11, 13, 17, 19]"
159/16,9.93750000,159,16,"[2, 3, 53]","[-4, 1, 0, 0, 0, 0, 0, 0]","[2, 3, 5, 7, 11, 13, 17, 19]"
161/4,40.25000000,161,4,"[2, 7, 23]","[-2, 0, 0, 1, 0, 0, 0, 0]","[2, 3, 5, 7, 11, 13, 17, 19]"
161/8,20.12500000,161,8,"[2, 7, 23]","[-3, 0, 0, 1, 0, 0, 0, 0]","[2, 3, 5, 7, 11, 13, 17, 19]"
161/16,10.06250000,161,16,"[2, 7, 23]","[-4, 0, 0, 1, 0, 0, 0, 0]","[2, 3, 5, 7, 11, 13, 17, 19]"
163/4,40.75000000,163,4,"[2, 163]","[-2, 0, 0, 0, 0, 0, 0, 0]","[2, 3, 5, 7, 11, 13, 17, 19]"
163/8,20.37500000,163,8,"[2, 163]","[-3, 0, 0, 0, 0, 0, 0, 0]","[2, 3, 5, 7, 11, 13, 17, 19]"
165/4,41.25000000,165,4,"[2, 3, 5, 11]","[-2, 1, 1, 0, 1, 0, 0, 0]","[2, 3, 5, 7, 11, 13, 17, 19]"
165/8,20.62500000,165,8,"[2, 3, 5, 11]","[-3, 1, 1, 0, 1, 0, 0, 0]","[2, 3, 5, 7, 11, 13, 17, 19]"
165/16,10.31250000,165,16,"[2, 3, 5, 11]","[-4, 1, 1, 0, 1, 0, 0, 0]","[2, 3, 5, 7, 11, 13, 17, 19]"
167/4,41.75000000,167,4,"[2, 167]","[-2, 0, 0, 0, 0, 0, 0, 0]","[2, 3, 5, 7, 11, 13, 17, 19]"
167/8,20.87500000,167,8,"[2, 167]","[-3, 0, 0, 0, 0, 0, 0, 0]","[2, 3, 5, 7, 11, 13, 17, 19]"
167/16,10.43750000,167,16,"[2, 167]","[-4, 0, 0, 0, 0, 0, 0, 0]","[2, 3, 5, 7, 11, 13, 17, 19]"
169/4,42.25000000,169,4,"[2, 13]","[-2, 0, 0, 0, 0, 2, 0, 0]","[2, 3, 5, 7, 11, 13, 17, 19]"
169/8,21.12500000,169,8,"[2, 13]","[-3, 0, 0, 0, 0, 2, 0, 0]","[2, 3, 5, 7, 11, 13, 17, 19]"
169/16,10.56250000,169,16,"[2, 13]","[-4, 0, 0, 0, 0, 2, 0, 0]","[2, 3, 5, 7, 11, 13, 17, 19]"
171/4,42.75000000,171,4,"[2, 3, 19]","[-2, 2, 0, 0, 0, 0, 0, 1]","[2, 3, 5, 7, 11, 13, 17, 19]"
171/8,21.37500000,171,8,"[2, 3, 19]","[-3, 2, 0, 0, 0, 0, 0, 1]","[2, 3, 5, 7, 11, 13, 17, 19]"
171/16,10.68750000,171,16,"[2, 3, 19]","[-4, 2, 0, 0, 0, 0, 0, 1]","[2, 3, 5, 7, 11, 13, 17, 19]"
173/4,43.25000000,173,4,"[2, 173]","[-2, 0, 0, 0, 0, 0, 0, 0]","[2, 3, 5, 7, 11, 13, 17, 19]"
173/8,21.62500000,173,8,"[2, 173]","[-3, 0, 0, 0, 0, 0, 0, 0]","[2, 3, 5, 7, 11, 13, 17, 19]"
173/16,10.81250000,173,16,"[2, 173]","[-4, 0, 0, 0, 0, 0, 0, 0]","[2, 3, 5, 7, 11, 13, 17, 19]"
175/4,43.75000000,175,4,"[2, 5, 7]","[-2, 0, 2, 1, 0, 0, 0, 0]","[2, 3, 5, 7, 11, 13, 17, 19]"
175/8,21.87500000,175,8,"[2, 5, 7]","[-3, 0, 2, 1, 0, 0, 0, 0]","[2, 3, 5, 7, 11, 13, 17, 19]"
175/16,10.93750000,175,16,"[2, 5, 7]","[-4, 0, 2, 1, 0, 0, 0, 0]","[2, 3, 5, 7, 11, 13, 17, 19]"
177/4,44.25000000,177,4,"[2, 3, 59]","[-2, 1, 0, 0, 0, 0, 0, 0]","[2, 3, 5, 7, 11, 13, 17, 19]"
177/8,22.12500000,177,8,"[2, 3, 59]","[-3, 1, 0, 0, 0, 0, 0, 0]","[2, 3, 5, 7, 11, 13, 17, 19]"
177/16,11.06250000,177,16,"[2, 3, 59]","[-4, 1, 0, 0, 0, 0, 0, 0]","[2, 3, 5, 7, 11, 13, 17, 19]"
179/4,44.75000000,179,4,"[2, 179]","[-2, 0, 0, 0, 0, 0, 0, 0]","[2, 3, 5, 7, 11, 13, 17, 19]"
179/8,22.37500000,179,8,"[2, 179]","[-3, 0, 0, 0, 0, 0, 0, 0]","[2, 3, 5, 7, 11, 13, 17, 19]"
181/4,45.25000000,181,4,"[2, 181]","[-2, 0, 0, 0, 0, 0, 0, 0]","[2, 3, 5, 7, 11, 13, 17, 19]"
181/8,22.62500000,181,8,"[2, 181]","[-3, 0, 0, 0, 0, 0, 0, 0]","[2, 3, 5, 7, 11, 13, 17, 19]"
181/16,11.31250000,181,16,"[2, 181]","[-4, 0, 0, 0, 0, 0, 0, 0]","[2, 3, 5, 7, 11, 13, 17, 19]"
183/4,45.75000000,183,4,"[2, 3, 61]","[-2, 1, 0, 0, 0, 0, 0, 0]","[2, 3, 5, 7, 11, 13, 17, 19]"
183/8,22.87500000,183,8,"[2, 3, 61]","[-3, 1, 0, 0, 0, 0, 0, 0]","[2, 3, 5, 7, 11, 13, 17, 19]"
183/16,11.43750000,183,16,"[2, 3, 61]","[-4, 1, 0, 0, 0, 0, 0, 0]","[2, 3, 5, 7, 11, 13, 17, 19]"
185/4,46.25000000,185,4,"[2, 5, 37]","[-2, 0, 1, 0, 0, 0, 0, 0]","[2, 3, 5, 7, 11, 13, 17, 19]"
185/8,23.12500000,185,8,"[2, 5, 37]","[-3, 0, 1, 0, 0, 0, 0, 0]","[2, 3, 5, 7, 11, 13, 17, 19]"
185/16,11.56250000,185,16,"[2, 5, 37]","[-4, 0, 1, 0, 0, 0, 0, 0]","[2, 3, 5, 7, 11, 13, 17, 19]"
187/4,46.75000000,187,4,"[2, 11, 17]","[-2, 0, 0, 0, 1, 0, 1, 0]","[2, 3, 5, 7, 11, 13, 17, 19]"
187/8,23.37500000,187,8,"[2, 11, 17]","[-3, 0, 0, 0, 1, 0, 1, 0]","[2, 3, 5, 7, 11, 13, 17, 19]"
187/16,11.68750000,187,16,"[2, 11, 17]","[-4, 0, 0, 0, 1, 0, 1, 0]","[2, 3, 5, 7, 11, 13, 17, 19]"
189/4,47.25000000,189,4,"[2, 3, 7]","[-2, 3, 0, 1, 0, 0, 0, 0]","[2, 3, 5, 7, 11, 13, 17, 19]"
189/8,23.62500000,189,8,"[2, 3, 7]","[-3, 3, 0, 1, 0, 0, 0, 0]","[2, 3, 5, 7, 11, 13, 17, 19]"
189/16,11.81250000,189,16,"[2, 3, 7]","[-4, 3, 0, 1, 0, 0, 0, 0]","[2, 3, 5, 7, 11, 13, 17, 19]"
191/4,47.75000000,191,4,"[2, 191]","[-2, 0, 0, 0, 0, 0, 0, 0]","[2, 3, 5, 7, 11, 13, 17, 19]"
191/8,23.87500000,191,8,"[2, 191]","[-3, 0, 0, 0, 0, 0, 0, 0]","[2, 3, 5, 7, 11, 13, 17, 19]"
191/16,11.93750000,191,16,"[2, 191]","[-4, 0, 0, 0, 0, 0, 0, 0]","[2, 3, 5, 7, 11, 13, 17, 19]"
193/4,48.25000000,193,4,"[2, 193]","[-2, 0, 0, 0, 0, 0, 0, 0]","[2, 3, 5, 7, 11, 13, 17, 19]"
193/8,24.12500000,193,8,"[2, 193]","[-3, 0, 0, 0, 0, 0, 0, 0]","[2, 3, 5, 7, 11, 13, 17, 19]"
193/16,12.06250000,193,16,"[2, 193]","[-4, 0, 0, 0, 0, 0, 0, 0]","[2, 3, 5, 7, 11, 13, 17, 19]"
195/4,48.75000000,195,4,"[2, 3, 5, 13]","[-2, 1, 1, 0, 0, 1, 0, 0]","[2, 3, 5, 7, 11, 13, 17, 19]"
195/8,24.37500000,195,8,"[2, 3, 5, 13]","[-3, 1, 1, 0, 0, 1, 0, 0]","[2, 3, 5, 7, 11, 13, 17, 19]"
195/16,12.18750000,195,16,"[2, 3, 5, 13]","[-4, 1, 1, 0, 0, 1, 0, 0]","[2, 3, 5, 7, 11, 13, 17, 19]"
197/4,49.25000000,197,4,"[2, 197]","[-2, 0, 0, 0, 0, 0, 0, 0]","[2, 3, 5, 7, 11, 13, 17, 19]"
197/8,24.62500000,197,8,"[2, 197]","[-3, 0, 0, 0, 0, 0, 0, 0]","[2, 3, 5, 7, 11, 13, 17, 19]"
197/16,12.31250000,197,16,"[2, 197]","[-4, 0, 0, 0, 0, 0, 0, 0]","[2, 3, 5, 7, 11, 13, 17, 19]"
199/4,49.75000000,199,4,"[2, 199]","[-2, 0, 0, 0, 0, 0, 0, 0]","[2, 3, 5, 7, 11, 13, 17, 19]"
199/8,24.87500000,199,8,"[2, 199]","[-3, 0, 0, 0, 0, 0, 0, 0]","[2, 3, 5, 7, 11, 13, 17, 19]"
199/16,12.43750000,199,16,"[2, 199]","[-4, 0, 0, 0, 0, 0, 0, 0]","[2, 3, 5, 7, 11, 13, 17, 19]"
201/4,50.25000000,201,4,"[2, 3, 67]","[-2, 1, 0, 0, 0, 0, 0, 0]","[2, 3, 5, 7, 11, 13, 17, 19]"
201/8,25.12500000,201,8,"[2, 3, 67]","[-3, 1, 0, 0, 0, 0, 0, 0]","[2, 3, 5, 7, 11, 13, 17, 19]"
201/16,12.56250000,201,16,"[2, 3, 67]","[-4, 1, 0, 0, 0, 0, 0, 0]","[2, 3, 5, 7, 11, 13, 17, 19]"
203/4,50.75000000,203,4,"[2, 7, 29]","[-2, 0, 0, 1, 0, 0, 0, 0]","[2, 3, 5, 7, 11, 13, 17, 19]"
203/8,25.37500000,203,8,"[2, 7, 29]","[-3, 0, 0, 1, 0, 0, 0, 0]","[2, 3, 5, 7, 11, 13, 17, 19]"
203/16,12.68750000,203,16,"[2, 7, 29]","[-4, 0, 0, 1, 0, 0, 0, 0]","[2, 3, 5, 7, 11, 13, 17, 19]"
205/4,51.25000000,205,4,"[2, 5, 41]","[-2, 0, 1, 0, 0, 0, 0, 0]","[2, 3, 5, 7, 11, 13, 17, 19]"
205/8,25.62500000,205,8,"[2, 5, 41]","[-3, 0, 1, 0, 0, 0, 0, 0]","[2, 3, 5, 7, 11, 13, 17, 19]"
205/16,12.81250000,205,16,"[2, 5, 41]","[-4, 0, 1, 0, 0, 0, 0, 0]","[2, 3, 5, 7, 11, 13, 17, 19]"
207/4,51.75000000,207,4,"[2, 3, 23]","[-2, 2, 0, 0, 0, 0, 0, 0]","[2, 3, 5, 7, 11, 13, 17, 19]"
207/8,25.87500000,207,8,"[2, 3, 23]","[-3, 2, 0, 0, 0, 0, 0, 0]","[2, 3, 5, 7, 11, 13, 17, 19]"
207/16,12.93750000,207,16,"[2, 3, 23]","[-4, 2, 0, 0, 0, 0, 0, 0]","[2, 3, 5, 7, 11, 13, 17, 19]"
209/4,52.25000000,209,4,"[2, 11, 19]","[-2, 0, 0, 0, 1, 0, 0, 1]","[2, 3, 5, 7, 11, 13, 17, 19]"
209/8,26.12500000,209,8,"[2, 11, 19]","[-3, 0, 0, 0, 1, 0, 0, 1]","[2, 3, 5, 7, 11, 13, 17, 19]"
209/16,13.06250000,209,16,"[2, 11, 19]","[-4, 0, 0, 0, 1, 0, 0, 1]","[2, 3, 5, 7, 11, 13, 17, 19]"
211/4,52.75000000,211,4,"[2, 211]","[-2, 0, 0, 0, 0, 0, 0, 0]","[2, 3, 5, 7, 11, 13, 17, 19]"
211/8,26.37500000,211,8,"[2, 211]","[-3, 0, 0, 0, 0, 0, 0, 0]","[2, 3, 5, 7, 11, 13, 17, 19]"
211/16,13.18750000,211,16,"[2, 211]","[-4, 0, 0, 0, 0, 0, 0, 0]","[2, 3, 5, 7, 11, 13, 17, 19]"
213/4,53.25000000,213,4,"[2, 3, 71]","[-2, 1, 0, 0, 0, 0, 0, 0]","[2, 3, 5, 7, 11, 13, 17, 19]"
213/8,26.62500000,213,8,"[2, 3, 71]","[-3, 1, 0, 0, 0, 0, 0, 0]","[2, 3, 5, 7, 11, 13, 17, 19]"
213/16,13.31250000,213,16,"[2, 3, 71]","[-4, 1, 0, 0, 0, 0, 0, 0]","[2, 3, 5, 7, 11, 13, 17, 19]"
215/4,53.75000000,215,4,"[2, 5, 43]","[-2, 0, 1, 0, 0, 0, 0, 0]","[2, 3, 5, 7, 11, 13, 17, 19]"
215/8,26.87500000,215,8,"[2, 5, 43]","[-3, 0, 1, 0, 0, 0, 0, 0]","[2, 3, 5, 7, 11, 13, 17, 19]"
215/16,13.43750000,215,16,"[2, 5, 43]","[-4, 0, 1, 0, 0, 0, 0, 0]","[2, 3, 5, 7, 11, 13, 17, 19]"
217/8,27.12500000,217,8,"[2, 7, 31]","[-3, 0, 0, 1, 0, 0, 0, 0]","[2, 3, 5, 7, 11, 13, 17, 19]"
217/16,13.56250000,217,16,"[2, 7, 31]","[-4, 0, 0, 1, 0, 0, 0, 0]","[2, 3, 5, 7, 11, 13, 17, 19]"
219/4,54.75000000,219,4,"[2, 3, 73]","[-2, 1, 0, 0, 0, 0, 0, 0]","[2, 3, 5, 7, 11, 13, 17, 19]"
219/8,27.37500000,219,8,"[2, 3, 73]","[-3, 1, 0, 0, 0, 0, 0, 0]","[2, 3, 5, 7, 11, 13, 17, 19]"
219/16,13.68750000,219,16,"[2, 3, 73]","[-4, 1, 0, 0, 0, 0, 0, 0]","[2, 3, 5, 7, 11, 13, 17, 19]"
221/8,27.62500000,221,8,"[2, 13, 17]","[-3, 0, 0, 0, 0, 1, 1, 0]","[2, 3, 5, 7, 11, 13, 17, 19]"
221/16,13.81250000,221,16,"[2, 13, 17]","[-4, 0, 0, 0, 0, 1, 1, 0]","[2, 3, 5, 7, 11, 13, 17, 19]"
223/8,27.87500000,223,8,"[2, 223]","[-3, 0, 0, 0, 0, 0, 0, 0]","[2, 3, 5, 7, 11, 13, 17, 19]"
223/16,13.93750000,223,16,"[2, 223]","[-4, 0, 0, 0, 0, 0, 0, 0]","[2, 3, 5, 7, 11, 13, 17, 19]"
225/8,28.12500000,225,8,"[2, 3, 5]","[-3, 2, 2, 0, 0, 0, 0, 0]","[2, 3, 5, 7, 11, 13, 17, 19]"
225/16,14.06250000,225,16,"[2, 3, 5]","[-4, 2, 2, 0, 0, 0, 0, 0]","[2, 3, 5, 7, 11, 13, 17, 19]"
227/8,28.37500000,227,8,"[2, 227]","[-3, 0, 0, 0, 0, 0, 0, 0]","[2, 3, 5, 7, 11, 13, 17, 19]"
227/16,14.18750000,227,16,"[2, 227]","[-4, 0, 0, 0, 0, 0, 0, 0]","[2, 3, 5, 7, 11, 13, 17, 19]"
229/8,28.62500000,229,8,"[2, 229]","[-3, 0, 0, 0, 0, 0, 0, 0]","[2, 3, 5, 7, 11, 13, 17, 19]"
229/16,14.31250000,229,16,"[2, 229]","[-4, 0, 0, 0, 0, 0, 0, 0]","[2, 3, 5, 7, 11, 13, 17, 19]"
231/8,28.87500000,231,8,"[2, 3, 7, 11]","[-3, 1, 0, 1, 1, 0, 0, 0]","[2, 3, 5, 7, 11, 13, 17, 19]"
231/16,14.43750000,231,16,"[2, 3, 7, 11]","[-4, 1, 0, 1, 1, 0, 0, 0]","[2, 3, 5, 7, 11, 13, 17, 19]"
233/8,29.12500000,233,8,"[2, 233]","[-3, 0, 0, 0, 0, 0, 0, 0]","[2, 3, 5, 7, 11, 13, 17, 19]"
233/16,14.56250000,233,16,"[2, 233]","[-4, 0, 0, 0, 0, 0, 0, 0]","[2, 3, 5, 7, 11, 13, 17, 19]"
235/8,29.37500000,235,8,"[2, 5, 47]","[-3, 0, 1, 0, 0, 0, 0, 0]","[2, 3, 5, 7, 11, 13, 17, 19]"
235/16,14.68750000,235,16,"[2, 5, 47]","[-4, 0, 1, 0, 0, 0, 0, 0]","[2, 3, 5, 7, 11, 13, 17, 19]"
237/8,29.62500000,237,8,"[2, 3, 79]","[-3, 1, 0, 0, 0, 0, 0, 0]","[2, 3, 5, 7, 11, 13, 17, 19]"
237/16,14.81250000,237,16,"[2, 3, 79]","[-4, 1, 0, 0, 0, 0, 0, 0]","[2, 3, 5, 7, 11, 13, 17, 19]"
239/8,29.87500000,239,8,"[2, 239]","[-3, 0, 0, 0, 0, 0, 0, 0]","[2, 3, 5, 7, 11, 13, 17, 19]"
239/16,14.93750000,239,16,"[2, 239]","[-4, 0, 0, 0, 0, 0, 0, 0]","[2, 3, 5, 7, 11, 13, 17, 19]"
241/8,30.12500000,241,8,"[2, 241]","[-3, 0, 0, 0, 0, 0, 0, 0]","[2, 3, 5, 7, 11, 13, 17, 19]"
241/16,15.06250000,241,16,"[2, 241]","[-4, 0, 0, 0, 0, 0, 0, 0]","[2, 3, 5, 7, 11, 13, 17, 19]"
243/8,30.37500000,243,8,"[2, 3]","[-3, 5, 0, 0, 0, 0, 0, 0]","[2, 3, 5, 7, 11, 13, 17, 19]"
243/16,15.18750000,243,16,"[2, 3]","[-4, 5, 0, 0, 0, 0, 0, 0]","[2, 3, 5, 7, 11, 13, 17, 19]"
243/32,7.59375000,243,32,"[2, 3]","[-5, 5, 0, 0, 0, 0, 0, 0]","[2, 3, 5, 7, 11, 13, 17, 19]"
245/8,30.62500000,245,8,"[2, 5, 7]","[-3, 0, 1, 2, 0, 0, 0, 0]","[2, 3, 5, 7, 11, 13, 17, 19]"
245/16,15.31250000,245,16,"[2, 5, 7]","[-4, 0, 1, 2, 0, 0, 0, 0]","[2, 3, 5, 7, 11, 13, 17, 19]"
247/8,30.87500000,247,8,"[2, 13, 19]","[-3, 0, 0, 0, 0, 1, 0, 1]","[2, 3, 5, 7, 11, 13, 17, 19]"
247/16,15.43750000,247,16,"[2, 13, 19]","[-4, 0, 0, 0, 0, 1, 0, 1]","[2, 3, 5, 7, 11, 13, 17, 19]"
249/8,31.12500000,249,8,"[2, 3, 83]","[-3, 1, 0, 0, 0, 0, 0, 0]","[2, 3, 5, 7, 11, 13, 17, 19]"
249/16,15.56250000,249,16,"[2, 3, 83]","[-4, 1, 0, 0, 0, 0, 0, 0]","[2, 3, 5, 7, 11, 13, 17, 19]"
251/8,31.37500000,251,8,"[2, 251]","[-3, 0, 0, 0, 0, 0, 0, 0]","[2, 3, 5, 7, 11, 13, 17, 19]"
251/16,15.68750000,251,16,"[2, 251]","[-4, 0, 0, 0, 0, 0, 0, 0]","[2, 3, 5, 7, 11, 13, 17, 19]"
253/8,31.62500000,253,8,"[2, 11, 23]","[-3, 0, 0, 0, 1, 0, 0, 0]","[2, 3, 5, 7, 11, 13, 17, 19]"
253/16,15.81250000,253,16,"[2, 11, 23]","[-4, 0, 0, 0, 1, 0, 0, 0]","[2, 3, 5, 7, 11, 13, 17, 19]"
255/8,31.87500000,255,8,"[2, 3, 5, 17]","[-3, 1, 1, 0, 0, 0, 1, 0]","[2, 3, 5, 7, 11, 13, 17, 19]"
255/16,15.93750000,255,16,"[2, 3, 5, 17]","[-4, 1, 1, 0, 0, 0, 1, 0]","[2, 3, 5, 7, 11, 13, 17, 19]"
257/8,32.12500000,257,8,"[2, 257]","[-3, 0, 0, 0, 0, 0, 0, 0]","[2, 3, 5, 7, 11, 13, 17, 19]"
257/16,16.06250000,257,16,"[2, 257]","[-4, 0, 0, 0, 0, 0, 0, 0]","[2, 3, 5, 7, 11, 13, 17, 19]"
259/8,32.37500000,259,8,"[2, 7, 37]","[-3, 0, 0, 1, 0, 0, 0, 0]","[2, 3, 5, 7, 11, 13, 17, 19]"
259/16,16.18750000,259,16,"[2, 7, 37]","[-4, 0, 0, 1, 0, 0, 0, 0]","[2, 3, 5, 7, 11, 13, 17, 19]"
261/8,32.62500000,261,8,"[2, 3, 29]","[-3, 2, 0, 0, 0, 0, 0, 0]","[2, 3, 5, 7, 11, 13, 17, 19]"
261/16,16.31250000,261,16,"[2, 3, 29]","[-4, 2, 0, 0, 0, 0, 0, 0]","[2, 3, 5, 7, 11, 13, 17, 19]"
263/8,32.87500000,263,8,"[2, 263]","[-3, 0, 0, 0, 0, 0, 0, 0]","[2, 3, 5, 7, 11, 13, 17, 19]"
263/16,16.43750000,263,16,"[2, 263]","[-4, 0, 0, 0, 0, 0, 0, 0]","[2, 3, 5, 7, 11, 13, 17, 19]"
265/8,33.12500000,265,8,"[2, 5, 53]","[-3, 0, 1, 0, 0, 0, 0, 0]","[2, 3, 5, 7, 11, 13, 17, 19]"
265/16,16.56250000,265,16,"[2, 5, 53]","[-4, 0, 1, 0, 0, 0, 0, 0]","[2, 3, 5, 7, 11, 13, 17, 19]"
267/8,33.37500000,267,8,"[2, 3, 89]","[-3, 1, 0, 0, 0, 0, 0, 0]","[2, 3, 5, 7, 11, 13, 17, 19]"
267/16,16.68750000,267,16,"[2, 3, 89]","[-4, 1, 0, 0, 0, 0, 0, 0]","[2, 3, 5, 7, 11, 13, 17, 19]"
269/8,33.62500000,269,8,"[2, 269]","[-3, 0, 0, 0, 0, 0, 0, 0]","[2, 3, 5, 7, 11, 13, 17, 19]"
269/16,16.81250000,269,16,"[2, 269]","[-4, 0, 0, 0, 0, 0, 0, 0]","[2, 3, 5, 7, 11, 13, 17, 19]"
271/8,33.87500000,271,8,"[2, 271]","[-3, 0, 0, 0, 0, 0, 0, 0]","[2, 3, 5, 7, 11, 13, 17, 19]"
271/16,16.93750000,271,16,"[2, 271]","[-4, 0, 0, 0, 0, 0, 0, 0]","[2, 3, 5, 7, 11, 13, 17, 19]"
273/8,34.12500000,273,8,"[2, 3, 7, 13]","[-3, 1, 0, 1, 0, 1, 0, 0]","[2, 3, 5, 7, 11, 13, 17, 19]"
273/16,17.06250000,273,16,"[2, 3, 7, 13]","[-4, 1, 0, 1, 0, 1, 0, 0]","[2, 3, 5, 7, 11, 13, 17, 19]"
275/8,34.37500000,275,8,"[2, 5, 11]","[-3, 0, 2, 0, 1, 0, 0, 0]","[2, 3, 5, 7, 11, 13, 17, 19]"
275/16,17.18750000,275,16,"[2, 5, 11]","[-4, 0, 2, 0, 1, 0, 0, 0]","[2, 3, 5, 7, 11, 13, 17, 19]"
275/32,8.59375000,275,32,"[2, 5, 11]","[-5, 0, 2, 0, 1, 0, 0, 0]","[2, 3, 5, 7, 11, 13, 17, 19]"
277/8,34.62500000,277,8,"[2, 277]","[-3, 0, 0, 0, 0, 0, 0, 0]","[2, 3, 5, 7, 11, 13, 17, 19]"
277/16,17.31250000,277,16,"[2, 277]","[-4, 0, 0, 0, 0, 0, 0, 0]","[2, 3, 5, 7, 11, 13, 17, 19]"
279/8,34.87500000,279,8,"[2, 3, 31]","[-3, 2, 0, 0, 0, 0, 0, 0]","[2, 3, 5, 7, 11, 13, 17, 19]"
279/16,17.43750000,279,16,"[2, 3, 31]","[-4, 2, 0, 0, 0, 0, 0, 0]","[2, 3, 5, 7, 11, 13, 17, 19]"
281/8,35.12500000,281,8,"[2, 281]","[-3, 0, 0, 0, 0, 0, 0, 0]","[2, 3, 5, 7, 11, 13, 17, 19]"
281/16,17.56250000,281,16,"[2, 281]","[-4, 0, 0, 0, 0, 0, 0, 0]","[2, 3, 5, 7, 11, 13, 17, 19]"
283/8,35.37500000,283,8,"[2, 283]","[-3, 0, 0, 0, 0, 0, 0, 0]","[2, 3, 5, 7, 11, 13, 17, 19]"
283/16,17.68750000,283,16,"[2, 283]","[-4, 0, 0, 0, 0, 0, 0, 0]","[2, 3, 5, 7, 11, 13, 17, 19]"
285/8,35.62500000,285,8,"[2, 3, 5, 19]","[-3, 1, 1, 0, 0, 0, 0, 1]","[2, 3, 5, 7, 11, 13, 17, 19]"
285/16,17.81250000,285,16,"[2, 3, 5, 19]","[-4, 1, 1, 0, 0, 0, 0, 1]","[2, 3, 5, 7, 11, 13, 17, 19]"
287/8,35.87500000,287,8,"[2, 7, 41]","[-3, 0, 0, 1, 0, 0, 0, 0]","[2, 3, 5, 7, 11, 13, 17, 19]"
287/16,17.93750000,287,16,"[2, 7, 41]","[-4, 0, 0, 1, 0, 0, 0, 0]","[2, 3, 5, 7, 11, 13, 17, 19]"
289/8,36.12500000,289,8,"[2, 17]","[-3, 0, 0, 0, 0, 0, 2, 0]","[2, 3, 5, 7, 11, 13, 17, 19]"
289/16,18.06250000,289,16,"[2, 17]","[-4, 0, 0, 0, 0, 0, 2, 0]","[2, 3, 5, 7, 11, 13, 17, 19]"
291/8,36.37500000,291,8,"[2, 3, 97]","[-3, 1, 0, 0, 0, 0, 0, 0]","[2, 3, 5, 7, 11, 13, 17, 19]"
291/16,18.18750000,291,16,"[2, 3, 97]","[-4, 1, 0, 0, 0, 0, 0, 0]","[2, 3, 5, 7, 11, 13, 17, 19]"
291/32,9.09375000,291,32,"[2, 3, 97]","[-5, 1, 0, 0, 0, 0, 0, 0]","[2, 3, 5, 7, 11, 13, 17, 19]"
293/8,36.62500000,293,8,"[2, 293]","[-3, 0, 0, 0, 0, 0, 0, 0]","[2, 3, 5, 7, 11, 13, 17, 19]"
293/16,18.31250000,293,16,"[2, 293]","[-4, 0, 0, 0, 0, 0, 0, 0]","[2, 3, 5, 7, 11, 13, 17, 19]"
295/8,36.87500000,295,8,"[2, 5, 59]","[-3, 0, 1, 0, 0, 0, 0, 0]","[2, 3, 5, 7, 11, 13, 17, 19]"
295/16,18.43750000,295,16,"[2, 5, 59]","[-4, 0, 1, 0, 0, 0, 0, 0]","[2, 3, 5, 7, 11, 13, 17, 19]"
297/8,37.12500000,297,8,"[2, 3, 11]","[-3, 3, 0, 0, 1, 0, 0, 0]","[2, 3, 5, 7, 11, 13, 17, 19]"
297/16,18.56250000,297,16,"[2, 3, 11]","[-4, 3, 0, 0, 1, 0, 0, 0]","[2, 3, 5, 7, 11, 13, 17, 19]"
299/8,37.37500000,299,8,"[2, 13, 23]","[-3, 0, 0, 0, 0, 1, 0, 0]","[2, 3, 5, 7, 11, 13, 17, 19]"
299/16,18.68750000,299,16,"[2, 13, 23]","[-4, 0, 0, 0, 0, 1, 0, 0]","[2, 3, 5, 7, 11, 13, 17, 19]"
301/8,37.62500000,301,8,"[2, 7, 43]","[-3, 0, 0, 1, 0, 0, 0, 0]","[2, 3, 5, 7, 11, 13, 17, 19]"
301/16,18.81250000,301,16,"[2, 7, 43]","[-4, 0, 0, 1, 0, 0, 0, 0]","[2, 3, 5, 7, 11, 13, 17, 19]"
303/8,37.87500000,303,8,"[2, 3, 101]","[-3, 1, 0, 0, 0, 0, 0, 0]","[2, 3, 5, 7, 11, 13, 17, 19]"
303/16,18.93750000,303,16,"[2, 3, 101]","[-4, 1, 0, 0, 0, 0, 0, 0]","[2, 3, 5, 7, 11, 13, 17, 19]"
305/8,38.12500000,305,8,"[2, 5, 61]","[-3, 0, 1, 0, 0, 0, 0, 0]","[2, 3, 5, 7, 11, 13, 17, 19]"
305/16,19.06250000,305,16,"[2, 5, 61]","[-4, 0, 1, 0, 0, 0, 0, 0]","[2, 3, 5, 7, 11, 13, 17, 19]"
307/8,38.37500000,307,8,"[2, 307]","[-3, 0, 0, 0, 0, 0, 0, 0]","[2, 3, 5, 7, 11, 13, 17, 19]"
307/16,19.18750000,307,16,"[2, 307]","[-4, 0, 0, 0, 0, 0, 0, 0]","[2, 3, 5, 7, 11, 13, 17, 19]"
307/32,9.59375000,307,32,"[2, 307]","[-5, 0, 0, 0, 0, 0, 0, 0]","[2, 3, 5, 7, 11, 13, 17, 19]"
309/8,38.62500000,309,8,"[2, 3, 103]","[-3, 1, 0, 0, 0, 0, 0, 0]","[2, 3, 5, 7, 11, 13, 17, 19]"
309/16,19.31250000,309,16,"[2, 3, 103]","[-4, 1, 0, 0, 0, 0, 0, 0]","[2, 3, 5, 7, 11, 13, 17, 19]"
311/8,38.87500000,311,8,"[2, 311]","[-3, 0, 0, 0, 0, 0, 0, 0]","[2, 3, 5, 7, 11, 13, 17, 19]"
311/16,19.43750000,311,16,"[2, 311]","[-4, 0, 0, 0, 0, 0, 0, 0]","[2, 3, 5, 7, 11, 13, 17, 19]"
313/8,39.12500000,313,8,"[2, 313]","[-3, 0, 0, 0, 0, 0, 0, 0]","[2, 3, 5, 7, 11, 13, 17, 19]"
313/16,19.56250000,313,16,"[2, 313]","[-4, 0, 0, 0, 0, 0, 0, 0]","[2, 3, 5, 7, 11, 13, 17, 19]"
315/8,39.37500000,315,8,"[2, 3, 5, 7]","[-3, 2, 1, 1, 0, 0, 0, 0]","[2, 3, 5, 7, 11, 13, 17, 19]"
315/16,19.68750000,315,16,"[2, 3, 5, 7]","[-4, 2, 1, 1, 0, 0, 0, 0]","[2, 3, 5, 7, 11, 13, 17, 19]"
315/32,9.84375000,315,32,"[2, 3, 5, 7]","[-5, 2, 1, 1, 0, 0, 0, 0]","[2, 3, 5, 7, 11, 13, 17, 19]"
317/8,39.62500000,317,8,"[2, 317]","[-3, 0, 0, 0, 0, 0, 0, 0]","[2, 3, 5, 7, 11, 13, 17, 19]"
317/16,19.81250000,317,16,"[2, 317]","[-4, 0, 0, 0, 0, 0, 0, 0]","[2, 3, 5, 7, 11, 13, 17, 19]"
319/8,39.87500000,319,8,"[2, 11, 29]","[-3, 0, 0, 0, 1, 0, 0, 0]","[2, 3, 5, 7, 11, 13, 17, 19]"
319/16,19.93750000,319,16,"[2, 11, 29]","[-4, 0, 0, 0, 1, 0, 0, 0]","[2, 3, 5, 7, 11, 13, 17, 19]"
321/8,40.12500000,321,8,"[2, 3, 107]","[-3, 1, 0, 0, 0, 0, 0, 0]","[2, 3, 5, 7, 11, 13, 17, 19]"
321/16,20.06250000,321,16,"[2, 3, 107]","[-4, 1, 0, 0, 0, 0, 0, 0]","[2, 3, 5, 7, 11, 13, 17, 19]"
323/8,40.37500000,323,8,"[2, 17, 19]","[-3, 0, 0, 0, 0, 0, 1, 1]","[2, 3, 5, 7, 11, 13, 17, 19]"
323/16,20.18750000,323,16,"[2, 17, 19]","[-4, 0, 0, 0, 0, 0, 1, 1]","[2, 3, 5, 7, 11, 13, 17, 19]"
323/32,10.09375000,323,32,"[2, 17, 19]","[-5, 0, 0, 0, 0, 0, 1, 1]","[2, 3, 5, 7, 11, 13, 17, 19]"
325/8,40.62500000,325,8,"[2, 5, 13]","[-3, 0, 2, 0, 0, 1, 0, 0]","[2, 3, 5, 7, 11, 13, 17, 19]"
325/16,20.31250000,325,16,"[2, 5, 13]","[-4, 0, 2, 0, 0, 1, 0, 0]","[2, 3, 5, 7, 11, 13, 17, 19]"
327/8,40.87500000,327,8,"[2, 3, 109]","[-3, 1, 0, 0, 0, 0, 0, 0]","[2, 3, 5, 7, 11, 13, 17, 19]"
327/16,20.43750000,327,16,"[2, 3, 109]","[-4, 1, 0, 0, 0, 0, 0, 0]","[2, 3, 5, 7, 11, 13, 17, 19]"
329/8,41.12500000,329,8,"[2, 7, 47]","[-3, 0, 0, 1, 0, 0, 0, 0]","[2, 3, 5, 7, 11, 13, 17, 19]"
329/16,20.56250000,329,16,"[2, 7, 47]","[-4, 0, 0, 1, 0, 0, 0, 0]","[2, 3, 5, 7, 11, 13, 17, 19]"
331/8,41.37500000,331,8,"[2, 331]","[-3, 0, 0, 0, 0, 0, 0, 0]","[2, 3, 5, 7, 11, 13, 17, 19]"
331/16,20.68750000,331,16,"[2, 331]","[-4, 0, 0, 0, 0, 0, 0, 0]","[2, 3, 5, 7, 11, 13, 17, 19]"
333/8,41.62500000,333,8,"[2, 3, 37]","[-3, 2, 0, 0, 0, 0, 0, 0]","[2, 3, 5, 7, 11, 13, 17, 19]"
333/16,20.81250000,333,16,"[2, 3, 37]","[-4, 2, 0, 0, 0, 0, 0, 0]","[2, 3, 5, 7, 11, 13, 17, 19]"
335/8,41.87500000,335,8,"[2, 5, 67]","[-3, 0, 1, 0, 0, 0, 0, 0]","[2, 3, 5, 7, 11, 13, 17, 19]"
335/16,20.93750000,335,16,"[2, 5, 67]","[-4, 0, 1, 0, 0, 0, 0, 0]","[2, 3, 5, 7, 11, 13, 17, 19]"
337/8,42.12500000,337,8,"[2, 337]","[-3, 0, 0, 0, 0, 0, 0, 0]","[2, 3, 5, 7, 11, 13, 17, 19]"
337/16,21.06250000,337,16,"[2, 337]","[-4, 0, 0, 0, 0, 0, 0, 0]","[2, 3, 5, 7, 11, 13, 17, 19]"
339/8,42.37500000,339,8,"[2, 3, 113]","[-3, 1, 0, 0, 0, 0, 0, 0]","[2, 3, 5, 7, 11, 13, 17, 19]"
339/16,21.18750000,339,16,"[2, 3, 113]","[-4, 1, 0, 0, 0, 0, 0, 0]","[2, 3, 5, 7, 11, 13, 17, 19]"
339/32,10.59375000,339,32,"[2, 3, 113]","[-5, 1, 0, 0, 0, 0, 0, 0]","[2, 3, 5, 7, 11, 13, 17, 19]"
341/8,42.62500000,341,8,"[2, 11, 31]","[-3, 0, 0, 0, 1, 0, 0, 0]","[2, 3, 5, 7, 11, 13, 17, 19]"
341/16,21.31250000,341,16,"[2, 11, 31]","[-4, 0, 0, 0, 1, 0, 0, 0]","[2, 3, 5, 7, 11, 13, 17, 19]"
343/8,42.87500000,343,8,"[2, 7]","[-3, 0, 0, 3, 0, 0, 0, 0]","[2, 3, 5, 7, 11, 13, 17, 19]"
343/16,21.43750000,343,16,"[2, 7]","[-4, 0, 0, 3, 0, 0, 0, 0]","[2, 3, 5, 7, 11, 13, 17, 19]"
345/8,43.12500000,345,8,"[2, 3, 5, 23]","[-3, 1, 1, 0, 0, 0, 0, 0]","[2, 3, 5, 7, 11, 13, 17, 19]"
345/16,21.56250000,345,16,"[2, 3, 5, 23]","[-4, 1, 1, 0, 0, 0, 0, 0]","[2, 3, 5, 7, 11, 13, 17, 19]"
347/8,43.37500000,347,8,"[2, 347]","[-3, 0, 0, 0, 0, 0, 0, 0]","[2, 3, 5, 7, 11, 13, 17, 19]"
347/16,21.68750000,347,16,"[2, 347]","[-4, 0, 0, 0, 0, 0, 0, 0]","[2, 3, 5, 7, 11, 13, 17, 19]"
347/32,10.84375000,347,32,"[2, 347]","[-5, 0, 0, 0, 0, 0, 0, 0]","[2, 3, 5, 7, 11, 13, 17, 19]"
349/8,43.62500000,349,8,"[2, 349]","[-3, 0, 0, 0, 0, 0, 0, 0]","[2, 3, 5, 7, 11, 13, 17, 19]"
349/16,21.81250000,349,16,"[2, 349]","[-4, 0, 0, 0, 0, 0, 0, 0]","[2, 3, 5, 7, 11, 13, 17, 19]"
351/8,43.87500000,351,8,"[2, 3, 13]","[-3, 3, 0, 0, 0, 1, 0, 0]","[2, 3, 5, 7, 11, 13, 17, 19]"
351/16,21.93750000,351,16,"[2, 3, 13]","[-4, 3, 0, 0, 0, 1, 0, 0]","[2, 3, 5, 7, 11, 13, 17, 19]"
351/32,10.96875000,351,32,"[2, 3, 13]","[-5, 3, 0, 0, 0, 1, 0, 0]","[2, 3, 5, 7, 11, 13, 17, 19]"
353/8,44.12500000,353,8,"[2, 353]","[-3, 0, 0, 0, 0, 0, 0, 0]","[2, 3, 5, 7, 11, 13, 17, 19]"
353/16,22.06250000,353,16,"[2, 353]","[-4, 0, 0, 0, 0, 0, 0, 0]","[2, 3, 5, 7, 11, 13, 17, 19]"
355/8,44.37500000,355,8,"[2, 5, 71]","[-3, 0, 1, 0, 0, 0, 0, 0]","[2, 3, 5, 7, 11, 13, 17, 19]"
355/16,22.18750000,355,16,"[2, 5, 71]","[-4, 0, 1, 0, 0, 0, 0, 0]","[2, 3, 5, 7, 11, 13, 17, 19]"
355/32,11.09375000,355,32,"[2, 5, 71]","[-5, 0, 1, 0, 0, 0, 0, 0]","[2, 3, 5, 7, 11, 13, 17, 19]"
357/8,44.62500000,357,8,"[2, 3, 7, 17]","[-3, 1, 0, 1, 0, 0, 1, 0]","[2, 3, 5, 7, 11, 13, 17, 19]"
357/16,22.31250000,357,16,"[2, 3, 7, 17]","[-4, 1, 0, 1, 0, 0, 1, 0]","[2, 3, 5, 7, 11, 13, 17, 19]"
359/8,44.87500000,359,8,"[2, 359]","[-3, 0, 0, 0, 0, 0, 0, 0]","[2, 3, 5, 7, 11, 13, 17, 19]"
359/16,22.43750000,359,16,"[2, 359]","[-4, 0, 0, 0, 0, 0, 0, 0]","[2, 3, 5, 7, 11, 13, 17, 19]"
361/8,45.12500000,361,8,"[2, 19]","[-3, 0, 0, 0, 0, 0, 0, 2]","[2, 3, 5, 7, 11, 13, 17, 19]"
361/16,22.56250000,361,16,"[2, 19]","[-4, 0, 0, 0, 0, 0, 0, 2]","[2, 3, 5, 7, 11, 13, 17, 19]"
363/8,45.37500000,363,8,"[2, 3, 11]","[-3, 1, 0, 0, 2, 0, 0, 0]","[2, 3, 5, 7, 11, 13, 17, 19]"
363/16,22.68750000,363,16,"[2, 3, 11]","[-4, 1, 0, 0, 2, 0, 0, 0]","[2, 3, 5, 7, 11, 13, 17, 19]"
363/32,11.34375000,363,32,"[2, 3, 11]","[-5, 1, 0, 0, 2, 0, 0, 0]","[2, 3, 5, 7, 11, 13, 17, 19]"
365/8,45.62500000,365,8,"[2, 5, 73]","[-3, 0, 1, 0, 0, 0, 0, 0]","[2, 3, 5, 7, 11, 13, 17, 19]"
365/16,22.81250000,365,16,"[2, 5, 73]","[-4, 0, 1, 0, 0, 0, 0, 0]","[2, 3, 5, 7, 11, 13, 17, 19]"
367/8,45.87500000,367,8,"[2, 367]","[-3, 0, 0, 0, 0, 0, 0, 0]","[2, 3, 5, 7, 11, 13, 17, 19]"
367/16,22.93750000,367,16,"[2, 367]","[-4, 0, 0, 0, 0, 0, 0, 0]","[2, 3, 5, 7, 11, 13, 17, 19]"
369/8,46.12500000,369,8,"[2, 3, 41]","[-3, 2, 0, 0, 0, 0, 0, 0]","[2, 3, 5, 7, 11, 13, 17, 19]"
369/16,23.06250000,369,16,"[2, 3, 41]","[-4, 2, 0, 0, 0, 0, 0, 0]","[2, 3, 5, 7, 11, 13, 17, 19]"
371/8,46.37500000,371,8,"[2, 7, 53]","[-3, 0, 0, 1, 0, 0, 0, 0]","[2, 3, 5, 7, 11, 13, 17, 19]"
371/16,23.18750000,371,16,"[2, 7, 53]","[-4, 0, 0, 1, 0, 0, 0, 0]","[2, 3, 5, 7, 11, 13, 17, 19]"
371/32,11.59375000,371,32,"[2, 7, 53]","[-5, 0, 0, 1, 0, 0, 0, 0]","[2, 3, 5, 7, 11, 13, 17, 19]"
373/8,46.62500000,373,8,"[2, 373]","[-3, 0, 0, 0, 0, 0, 0, 0]","[2, 3, 5, 7, 11, 13, 17, 19]"
373/16,23.31250000,373,16,"[2, 373]","[-4, 0, 0, 0, 0, 0, 0, 0]","[2, 3, 5, 7, 11, 13, 17, 19]"
375/8,46.87500000,375,8,"[2, 3, 5]","[-3, 1, 3, 0, 0, 0, 0, 0]","[2, 3, 5, 7, 11, 13, 17, 19]"
375/16,23.43750000,375,16,"[2, 3, 5]","[-4, 1, 3, 0, 0, 0, 0, 0]","[2, 3, 5, 7, 11, 13, 17, 19]"
377/8,47.12500000,377,8,"[2, 13, 29]","[-3, 0, 0, 0, 0, 1, 0, 0]","[2, 3, 5, 7, 11, 13, 17, 19]"
377/16,23.56250000,377,16,"[2, 13, 29]","[-4, 0, 0, 0, 0, 1, 0, 0]","[2, 3, 5, 7, 11, 13, 17, 19]"
379/8,47.37500000,379,8,"[2, 379]","[-3, 0, 0, 0, 0, 0, 0, 0]","[2, 3, 5, 7, 11, 13, 17, 19]"
379/16,23.68750000,379,16,"[2, 379]","[-4, 0, 0, 0, 0, 0, 0, 0]","[2, 3, 5, 7, 11, 13, 17, 19]"
379/32,11.84375000,379,32,"[2, 379]","[-5, 0, 0, 0, 0, 0, 0, 0]","[2, 3, 5, 7, 11, 13, 17, 19]"
381/8,47.62500000,381,8,"[2, 3, 127]","[-3, 1, 0, 0, 0, 0, 0, 0]","[2, 3, 5, 7, 11, 13, 17, 19]"
381/16,23.81250000,381,16,"[2, 3, 127]","[-4, 1, 0, 0, 0, 0, 0, 0]","[2, 3, 5, 7, 11, 13, 17, 19]"
383/8,47.87500000,383,8,"[2, 383]","[-3, 0, 0, 0, 0, 0, 0, 0]","[2, 3, 5, 7, 11, 13, 17, 19]"
383/16,23.93750000,383,16,"[2, 383]","[-4, 0, 0, 0, 0, 0, 0, 0]","[2, 3, 5, 7, 11, 13, 17, 19]"
383/32,11.96875000,383,32,"[2, 383]","[-5, 0, 0, 0, 0, 0, 0, 0]","[2, 3, 5, 7, 11, 13, 17, 19]"
385/8,48.12500000,385,8,"[2, 5, 7, 11]","[-3, 0, 1, 1, 1, 0, 0, 0]","[2, 3, 5, 7, 11, 13, 17, 19]"
385/16,24.06250000,385,16,"[2, 5, 7, 11]","[-4, 0, 1, 1, 1, 0, 0, 0]","[2, 3, 5, 7, 11, 13, 17, 19]"
387/8,48.37500000,387,8,"[2, 3, 43]","[-3, 2, 0, 0, 0, 0, 0, 0]","[2, 3, 5, 7, 11, 13, 17, 19]"
387/16,24.18750000,387,16,"[2, 3, 43]","[-4, 2, 0, 0, 0, 0, 0, 0]","[2, 3, 5, 7, 11, 13, 17, 19]"
387/32,12.09375000,387,32,"[2, 3, 43]","[-5, 2, 0, 0, 0, 0, 0, 0]","[2, 3, 5, 7, 11, 13, 17, 19]"
389/16,24.31250000,389,16,"[2, 389]","[-4, 0, 0, 0, 0, 0, 0, 0]","[2, 3, 5, 7, 11, 13, 17, 19]"
391/8,48.87500000,391,8,"[2, 17, 23]","[-3, 0, 0, 0, 0, 0, 1, 0]","[2, 3, 5, 7, 11, 13, 17, 19]"
391/16,24.43750000,391,16,"[2, 17, 23]","[-4, 0, 0, 0, 0, 0, 1, 0]","[2, 3, 5, 7, 11, 13, 17, 19]"
393/8,49.12500000,393,8,"[2, 3, 131]","[-3, 1, 0, 0, 0, 0, 0, 0]","[2, 3, 5, 7, 11, 13, 17, 19]"
393/16,24.56250000,393,16,"[2, 3, 131]","[-4, 1, 0, 0, 0, 0, 0, 0]","[2, 3, 5, 7, 11, 13, 17, 19]"
395/8,49.37500000,395,8,"[2, 5, 79]","[-3, 0, 1, 0, 0, 0, 0, 0]","[2, 3, 5, 7, 11, 13, 17, 19]"
395/16,24.68750000,395,16,"[2, 5, 79]","[-4, 0, 1, 0, 0, 0, 0, 0]","[2, 3, 5, 7, 11, 13, 17, 19]"
395/32,12.34375000,395,32,"[2, 5, 79]","[-5, 0, 1, 0, 0, 0, 0, 0]","[2, 3, 5, 7, 11, 13, 17, 19]"
397/16,24.81250000,397,16,"[2, 397]","[-4, 0, 0, 0, 0, 0, 0, 0]","[2, 3, 5, 7, 11, 13, 17, 19]"
399/8,49.87500000,399,8,"[2, 3, 7, 19]","[-3, 1, 0, 1, 0, 0, 0, 1]","[2, 3, 5, 7, 11, 13, 17, 19]"
399/16,24.93750000,399,16,"[2, 3, 7, 19]","[-4, 1, 0, 1, 0, 0, 0, 1]","[2, 3, 5, 7, 11, 13, 17, 19]"
399/32,12.46875000,399,32,"[2, 3, 7, 19]","[-5, 1, 0, 1, 0, 0, 0, 1]","[2, 3, 5, 7, 11, 13, 17, 19]"
401/16,25.06250000,401,16,"[2, 401]","[-4, 0, 0, 0, 0, 0, 0, 0]","[2, 3, 5, 7, 11, 13, 17, 19]"
403/8,50.37500000,403,8,"[2, 13, 31]","[-3, 0, 0, 0, 0, 1, 0, 0]","[2, 3, 5, 7, 11, 13, 17, 19]"
403/16,25.18750000,403,16,"[2, 13, 31]","[-4, 0, 0, 0, 0, 1, 0, 0]","[2, 3, 5, 7, 11, 13, 17, 19]"
403/32,12.59375000,403,32,"[2, 13, 31]","[-5, 0, 0, 0, 0, 1, 0, 0]","[2, 3, 5, 7, 11, 13, 17, 19]"
405/16,25.31250000,405,16,"[2, 3, 5]","[-4, 4, 1, 0, 0, 0, 0, 0]","[2, 3, 5, 7, 11, 13, 17, 19]"
405/32,12.65625000,405,32,"[2, 3, 5]","[-5, 4, 1, 0, 0, 0, 0, 0]","[2, 3, 5, 7, 11, 13, 17, 19]"
407/16,25.43750000,407,16,"[2, 11, 37]","[-4, 0, 0, 0, 1, 0, 0, 0]","[2, 3, 5, 7, 11, 13, 17, 19]"
409/16,25.56250000,409,16,"[2, 409]","[-4, 0, 0, 0, 0, 0, 0, 0]","[2, 3, 5, 7, 11, 13, 17, 19]"
411/8,51.37500000,411,8,"[2, 3, 137]","[-3, 1, 0, 0, 0, 0, 0, 0]","[2, 3, 5, 7, 11, 13, 17, 19]"
411/16,25.68750000,411,16,"[2, 3, 137]","[-4, 1, 0, 0, 0, 0, 0, 0]","[2, 3, 5, 7, 11, 13, 17, 19]"
411/32,12.84375000,411,32,"[2, 3, 137]","[-5, 1, 0, 0, 0, 0, 0, 0]","[2, 3, 5, 7, 11, 13, 17, 19]"
413/16,25.81250000,413,16,"[2, 7, 59]","[-4, 0, 0, 1, 0, 0, 0, 0]","[2, 3, 5, 7, 11, 13, 17, 19]"
415/16,25.93750000,415,16,"[2, 5, 83]","[-4, 0, 1, 0, 0, 0, 0, 0]","[2, 3, 5, 7, 11, 13, 17, 19]"
415/32,12.96875000,415,32,"[2, 5, 83]","[-5, 0, 1, 0, 0, 0, 0, 0]","[2, 3, 5, 7, 11, 13, 17, 19]"
417/16,26.06250000,417,16,"[2, 3, 139]","[-4, 1, 0, 0, 0, 0, 0, 0]","[2, 3, 5, 7, 11, 13, 17, 19]"
419/16,26.18750000,419,16,"[2, 419]","[-4, 0, 0, 0, 0, 0, 0, 0]","[2, 3, 5, 7, 11, 13, 17, 19]"
419/32,13.09375000,419,32,"[2, 419]","[-5, 0, 0, 0, 0, 0, 0, 0]","[2, 3, 5, 7, 11, 13, 17, 19]"
421/16,26.31250000,421,16,"[2, 421]","[-4, 0, 0, 0, 0, 0, 0, 0]","[2, 3, 5, 7, 11, 13, 17, 19]"
423/16,26.43750000,423,16,"[2, 3, 47]","[-4, 2, 0, 0, 0, 0, 0, 0]","[2, 3, 5, 7, 11, 13, 17, 19]"
423/32,13.21875000,423,32,"[2, 3, 47]","[-5, 2, 0, 0, 0, 0, 0, 0]","[2, 3, 5, 7, 11, 13, 17, 19]"
425/16,26.56250000,425,16,"[2, 5, 17]","[-4, 0, 2, 0, 0, 0, 1, 0]","[2, 3, 5, 7, 11, 13, 17, 19]"
427/16,26.68750000,427,16,"[2, 7, 61]","[-4, 0, 0, 1, 0, 0, 0, 0]","[2, 3, 5, 7, 11, 13, 17, 19]"
427/32,13.34375000,427,32,"[2, 7, 61]","[-5, 0, 0, 1, 0, 0, 0, 0]","[2, 3, 5, 7, 11, 13, 17, 19]"
429/16,26.81250000,429,16,"[2, 3, 11, 13]","[-4, 1, 0, 0, 1, 1, 0, 0]","[2, 3, 5, 7, 11, 13, 17, 19]"
431/16,26.93750000,431,16,"[2, 431]","[-4, 0, 0, 0, 0, 0, 0, 0]","[2, 3, 5, 7, 11, 13, 17, 19]"
431/32,13.46875000,431,32,"[2, 431]","[-5, 0, 0, 0, 0, 0, 0, 0]","[2, 3, 5, 7, 11, 13, 17, 19]"
433/16,27.06250000,433,16,"[2, 433]","[-4, 0, 0, 0, 0, 0, 0, 0]","[2, 3, 5, 7, 11, 13, 17, 19]"
435/16,27.18750000,435,16,"[2, 3, 5, 29]","[-4, 1, 1, 0, 0, 0, 0, 0]","[2, 3, 5, 7, 11, 13, 17, 19]"
435/32,13.59375000,435,32,"[2, 3, 5, 29]","[-5, 1, 1, 0, 0, 0, 0, 0]","[2, 3, 5, 7, 11, 13, 17, 19]"
437/16,27.31250000,437,16,"[2, 19, 23]","[-4, 0, 0, 0, 0, 0, 0, 1]","[2, 3, 5, 7, 11, 13, 17, 19]"
437/32,13.65625000,437,32,"[2, 19, 23]","[-5, 0, 0, 0, 0, 0, 0, 1]","[2, 3, 5, 7, 11, 13, 17, 19]"
439/16,27.43750000,439,16,"[2, 439]","[-4, 0, 0, 0, 0, 0, 0, 0]","[2, 3, 5, 7, 11, 13, 17, 19]"
441/16,27.56250000,441,16,"[2, 3, 7]","[-4, 2, 0, 2, 0, 0, 0, 0]","[2, 3, 5, 7, 11, 13, 17, 19]"
443/16,27.68750000,443,16,"[2, 443]","[-4, 0, 0, 0, 0, 0, 0, 0]","[2, 3, 5, 7, 11, 13, 17, 19]"
443/32,13.84375000,443,32,"[2, 443]","[-5, 0, 0, 0, 0, 0, 0, 0]","[2, 3, 5, 7, 11, 13, 17, 19]"
445/16,27.81250000,445,16,"[2, 5, 89]","[-4, 0, 1, 0, 0, 0, 0, 0]","[2, 3, 5, 7, 11, 13, 17, 19]"
447/16,27.93750000,447,16,"[2, 3, 149]","[-4, 1, 0, 0, 0, 0, 0, 0]","[2, 3, 5, 7, 11, 13, 17, 19]"
447/32,13.96875000,447,32,"[2, 3, 149]","[-5, 1, 0, 0, 0, 0, 0, 0]","[2, 3, 5, 7, 11, 13, 17, 19]"
449/16,28.06250000,449,16,"[2, 449]","[-4, 0, 0, 0, 0, 0, 0, 0]","[2, 3, 5, 7, 11, 13, 17, 19]"
451/16,28.18750000,451,16,"[2, 11, 41]","[-4, 0, 0, 0, 1, 0, 0, 0]","[2, 3, 5, 7, 11, 13, 17, 19]"
451/32,14.09375000,451,32,"[2, 11, 41]","[-5, 0, 0, 0, 1, 0, 0, 0]","[2, 3, 5, 7, 11, 13, 17, 19]"
453/16,28.31250000,453,16,"[2, 3, 151]","[-4, 1, 0, 0, 0, 0, 0, 0]","[2, 3, 5, 7, 11, 13, 17, 19]"
453/32,14.15625000,453,32,"[2, 3, 151]","[-5, 1, 0, 0, 0, 0, 0, 0]","[2, 3, 5, 7, 11, 13, 17, 19]"
455/16,28.43750000,455,16,"[2, 5, 7, 13]","[-4, 0, 1, 1, 0, 1, 0, 0]","[2, 3, 5, 7, 11, 13, 17, 19]"
455/32,14.21875000,455,32,"[2, 5, 7, 13]","[-5, 0, 1, 1, 0, 1, 0, 0]","[2, 3, 5, 7, 11, 13, 17, 19]"
457/16,28.56250000,457,16,"[2, 457]","[-4, 0, 0, 0, 0, 0, 0, 0]","[2, 3, 5, 7, 11, 13, 17, 19]"
459/16,28.68750000,459,16,"[2, 3, 17]","[-4, 3, 0, 0, 0, 0, 1, 0]","[2, 3, 5, 7, 11, 13, 17, 19]"
459/32,14.34375000,459,32,"[2, 3, 17]","[-5, 3, 0, 0, 0, 0, 1, 0]","[2, 3, 5, 7, 11, 13, 17, 19]"
461/16,28.81250000,461,16,"[2, 461]","[-4, 0, 0, 0, 0, 0, 0, 0]","[2, 3, 5, 7, 11, 13, 17, 19]"
463/16,28.93750000,463,16,"[2, 463]","[-4, 0, 0, 0, 0, 0, 0, 0]","[2, 3, 5, 7, 11, 13, 17, 19]"
463/32,14.46875000,463,32,"[2, 463]","[-5, 0, 0, 0, 0, 0, 0, 0]","[2, 3, 5, 7, 11, 13, 17, 19]"
465/16,29.06250000,465,16,"[2, 3, 5, 31]","[-4, 1, 1, 0, 0, 0, 0, 0]","[2, 3, 5, 7, 11, 13, 17, 19]"
467/16,29.18750000,467,16,"[2, 467]","[-4, 0, 0, 0, 0, 0, 0, 0]","[2, 3, 5, 7, 11, 13, 17, 19]"
467/32,14.59375000,467,32,"[2, 467]","[-5, 0, 0, 0, 0, 0, 0, 0]","[2, 3, 5, 7, 11, 13, 17, 19]"
469/16,29.31250000,469,16,"[2, 7, 67]","[-4, 0, 0, 1, 0, 0, 0, 0]","[2, 3, 5, 7, 11, 13, 17, 19]"
469/32,14.65625000,469,32,"[2, 7, 67]","[-5, 0, 0, 1, 0, 0, 0, 0]","[2, 3, 5, 7, 11, 13, 17, 19]"
471/16,29.43750000,471,16,"[2, 3, 157]","[-4, 1, 0, 0, 0, 0, 0, 0]","[2, 3, 5, 7, 11, 13, 17, 19]"
471/32,14.71875000,471,32,"[2, 3, 157]","[-5, 1, 0, 0, 0, 0, 0, 0]","[2, 3, 5, 7, 11, 13, 17, 19]"
473/16,29.56250000,473,16,"[2, 11, 43]","[-4, 0, 0, 0, 1, 0, 0, 0]","[2, 3, 5, 7, 11, 13, 17, 19]"
475/16,29.68750000,475,16,"[2, 5, 19]","[-4, 0, 2, 0, 0, 0, 0, 1]","[2, 3, 5, 7, 11, 13, 17, 19]"
475/32,14.84375000,475,32,"[2, 5, 19]","[-5, 0, 2, 0, 0, 0, 0, 1]","[2, 3, 5, 7, 11, 13, 17, 19]"
477/16,29.81250000,477,16,"[2, 3, 53]","[-4, 2, 0, 0, 0, 0, 0, 0]","[2, 3, 5, 7, 11, 13, 17, 19]"
477/32,14.90625000,477,32,"[2, 3, 53]","[-5, 2, 0, 0, 0, 0, 0, 0]","[2, 3, 5, 7, 11, 13, 17, 19]"
479/16,29.93750000,479,16,"[2, 479]","[-4, 0, 0, 0, 0, 0, 0, 0]","[2, 3, 5, 7, 11, 13, 17, 19]"
479/32,14.96875000,479,32,"[2, 479]","[-5, 0, 0, 0, 0, 0, 0, 0]","[2, 3, 5, 7, 11, 13, 17, 19]"
481/16,30.06250000,481,16,"[2, 13, 37]","[-4, 0, 0, 0, 0, 1, 0, 0]","[2, 3, 5, 7, 11, 13, 17, 19]"
483/16,30.18750000,483,16,"[2, 3, 7, 23]","[-4, 1, 0, 1, 0, 0, 0, 0]","[2, 3, 5, 7, 11, 13, 17, 19]"
483/32,15.09375000,483,32,"[2, 3, 7, 23]","[-5, 1, 0, 1, 0, 0, 0, 0]","[2, 3, 5, 7, 11, 13, 17, 19]"
485/16,30.31250000,485,16,"[2, 5, 97]","[-4, 0, 1, 0, 0, 0, 0, 0]","[2, 3, 5, 7, 11, 13, 17, 19]"
485/32,15.15625000,485,32,"[2, 5, 97]","[-5, 0, 1, 0, 0, 0, 0, 0]","[2, 3, 5, 7, 11, 13, 17, 19]"
487/16,30.43750000,487,16,"[2, 487]","[-4, 0, 0, 0, 0, 0, 0, 0]","[2, 3, 5, 7, 11, 13, 17, 19]"
487/32,15.21875000,487,32,"[2, 487]","[-5, 0, 0, 0, 0, 0, 0, 0]","[2, 3, 5, 7, 11, 13, 17, 19]"
489/16,30.56250000,489,16,"[2, 3, 163]","[-4, 1, 0, 0, 0, 0, 0, 0]","[2, 3, 5, 7, 11, 13, 17, 19]"
491/16,30.68750000,491,16,"[2, 491]","[-4, 0, 0, 0, 0, 0, 0, 0]","[2, 3, 5, 7, 11, 13, 17, 19]"
491/32,15.34375000,491,32,"[2, 491]","[-5, 0, 0, 0, 0, 0, 0, 0]","[2, 3, 5, 7, 11, 13, 17, 19]"
493/16,30.81250000,493,16,"[2, 17, 29]","[-4, 0, 0, 0, 0, 0, 1, 0]","[2, 3, 5, 7, 11, 13, 17, 19]"
495/16,30.93750000,495,16,"[2, 3, 5, 11]","[-4, 2, 1, 0, 1, 0, 0, 0]","[2, 3, 5, 7, 11, 13, 17, 19]"
495/32,15.46875000,495,32,"[2, 3, 5, 11]","[-5, 2, 1, 0, 1, 0, 0, 0]","[2, 3, 5, 7, 11, 13, 17, 19]"
497/16,31.06250000,497,16,"[2, 7, 71]","[-4, 0, 0, 1, 0, 0, 0, 0]","[2, 3, 5, 7, 11, 13, 17, 19]"
499/16,31.18750000,499,16,"[2, 499]","[-4, 0, 0, 0, 0, 0, 0, 0]","[2, 3, 5, 7, 11, 13, 17, 19]"
499/32,15.59375000,499,32,"[2, 499]","[-5, 0, 0, 0, 0, 0, 0, 0]","[2, 3, 5, 7, 11, 13, 17, 19]"
501/16,31.31250000,501,16,"[2, 3, 167]","[-4, 1, 0, 0, 0, 0, 0, 0]","[2, 3, 5, 7, 11, 13, 17, 19]"
501/32,15.65625000,501,32,"[2, 3, 167]","[-5, 1, 0, 0, 0, 0, 0, 0]","[2, 3, 5, 7, 11, 13, 17, 19]"
503/16,31.43750000,503,16,"[2, 503]","[-4, 0, 0, 0, 0, 0, 0, 0]","[2, 3, 5, 7, 11, 13, 17, 19]"
503/32,15.71875000,503,32,"[2, 503]","[-5, 0, 0, 0, 0, 0, 0, 0]","[2, 3, 5, 7, 11, 13, 17, 19]"
505/16,31.56250000,505,16,"[2, 5, 101]","[-4, 0, 1, 0, 0, 0, 0, 0]","[2, 3, 5, 7, 11, 13, 17, 19]"
507/16,31.68750000,507,16,"[2, 3, 13]","[-4, 1, 0, 0, 0, 2, 0, 0]","[2, 3, 5, 7, 11, 13, 17, 19]"
507/32,15.84375000,507,32,"[2, 3, 13]","[-5, 1, 0, 0, 0, 2, 0, 0]","[2, 3, 5, 7, 11, 13, 17, 19]"
509/16,31.81250000,509,16,"[2, 509]","[-4, 0, 0, 0, 0, 0, 0, 0]","[2, 3, 5, 7, 11, 13, 17, 19]"
509/32,15.90625000,509,32,"[2, 509]","[-5, 0, 0, 0, 0, 0, 0, 0]","[2, 3, 5, 7, 11, 13, 17, 19]"
511/16,31.93750000,511,16,"[2, 7, 73]","[-4, 0, 0, 1, 0, 0, 0, 0]","[2, 3, 5, 7, 11, 13, 17, 19]"
511/32,15.96875000,511,32,"[2, 7, 73]","[-5, 0, 0, 1, 0, 0, 0, 0]","[2, 3, 5, 7, 11, 13, 17, 19]"
513/16,32.06250000,513,16,"[2, 3, 19]","[-4, 3, 0, 0, 0, 0, 0, 1]","[2, 3, 5, 7, 11, 13, 17, 19]"
513/32,16.03125000,513,32,"[2, 3, 19]","[-5, 3, 0, 0, 0, 0, 0, 1]","[2, 3, 5, 7, 11, 13, 17, 19]"
515/16,32.18750000,515,16,"[2, 5, 103]","[-4, 0, 1, 0, 0, 0, 0, 0]","[2, 3, 5, 7, 11, 13, 17, 19]"
515/32,16.09375000,515,32,"[2, 5, 103]","[-5, 0, 1, 0, 0, 0, 0, 0]","[2, 3, 5, 7, 11, 13, 17, 19]"
517/16,32.31250000,517,16,"[2, 11, 47]","[-4, 0, 0, 0, 1, 0, 0, 0]","[2, 3, 5, 7, 11, 13, 17, 19]"
517/32,16.15625000,517,32,"[2, 11, 47]","[-5, 0, 0, 0, 1, 0, 0, 0]","[2, 3, 5, 7, 11, 13, 17, 19]"
519/16,32.43750000,519,16,"[2, 3, 173]","[-4, 1, 0, 0, 0, 0, 0, 0]","[2, 3, 5, 7, 11, 13, 17, 19]"
519/32,16.21875000,519,32,"[2, 3, 173]","[-5, 1, 0, 0, 0, 0, 0, 0]","[2, 3, 5, 7, 11, 13, 17, 19]"
521/16,32.56250000,521,16,"[2, 521]","[-4, 0, 0, 0, 0, 0, 0, 0]","[2, 3, 5, 7, 11, 13, 17, 19]"
523/16,32.68750000,523,16,"[2, 523]","[-4, 0, 0, 0, 0, 0, 0, 0]","[2, 3, 5, 7, 11, 13, 17, 19]"
523/32,16.34375000,523,32,"[2, 523]","[-5, 0, 0, 0, 0, 0, 0, 0]","[2, 3, 5, 7, 11, 13, 17, 19]"
525/16,32.81250000,525,16,"[2, 3, 5, 7]","[-4, 1, 2, 1, 0, 0, 0, 0]","[2, 3, 5, 7, 11, 13, 17, 19]"
525/32,16.40625000,525,32,"[2, 3, 5, 7]","[-5, 1, 2, 1, 0, 0, 0, 0]","[2, 3, 5, 7, 11, 13, 17, 19]"
527/16,32.93750000,527,16,"[2, 17, 31]","[-4, 0, 0, 0, 0, 0, 1, 0]","[2, 3, 5, 7, 11, 13, 17, 19]"
527/32,16.46875000,527,32,"[2, 17, 31]","[-5, 0, 0, 0, 0, 0, 1, 0]","[2, 3, 5, 7, 11, 13, 17, 19]"
529/16,33.06250000,529,16,"[2, 23]","[-4, 0, 0, 0, 0, 0, 0, 0]","[2, 3, 5, 7, 11, 13, 17, 19]"
531/16,33.18750000,531,16,"[2, 3, 59]","[-4, 2, 0, 0, 0, 0, 0, 0]","[2, 3, 5, 7, 11, 13, 17, 19]"
531/32,16.59375000,531,32,"[2, 3, 59]","[-5, 2, 0, 0, 0, 0, 0, 0]","[2, 3, 5, 7, 11, 13, 17, 19]"
533/16,33.31250000,533,16,"[2, 13, 41]","[-4, 0, 0, 0, 0, 1, 0, 0]","[2, 3, 5, 7, 11, 13, 17, 19]"
533/32,16.65625000,533,32,"[2, 13, 41]","[-5, 0, 0, 0, 0, 1, 0, 0]","[2, 3, 5, 7, 11, 13, 17, 19]"
535/16,33.43750000,535,16,"[2, 5, 107]","[-4, 0, 1, 0, 0, 0, 0, 0]","[2, 3, 5, 7, 11, 13, 17, 19]"
535/32,16.71875000,535,32,"[2, 5, 107]","[-5, 0, 1, 0, 0, 0, 0, 0]","[2, 3, 5, 7, 11, 13, 17, 19]"
537/16,33.56250000,537,16,"[2, 3, 179]","[-4, 1, 0, 0, 0, 0, 0, 0]","[2, 3, 5, 7, 11, 13, 17, 19]"
539/16,33.68750000,539,16,"[2, 7, 11]","[-4, 0, 0, 2, 1, 0, 0, 0]","[2, 3, 5, 7, 11, 13, 17, 19]"
539/32,16.84375000,539,32,"[2, 7, 11]","[-5, 0, 0, 2, 1, 0, 0, 0]","[2, 3, 5, 7, 11, 13, 17, 19]"
541/16,33.81250000,541,16,"[2, 541]","[-4, 0, 0, 0, 0, 0, 0, 0]","[2, 3, 5, 7, 11, 13, 17, 19]"
541/32,16.90625000,541,32,"[2, 541]","[-5, 0, 0, 0, 0, 0, 0, 0]","[2, 3, 5, 7, 11, 13, 17, 19]"
543/16,33.93750000,543,16,"[2, 3, 181]","[-4, 1, 0, 0, 0, 0, 0, 0]","[2, 3, 5, 7, 11, 13, 17, 19]"
543/32,16.96875000,543,32,"[2, 3, 181]","[-5, 1, 0, 0, 0, 0, 0, 0]","[2, 3, 5, 7, 11, 13, 17, 19]"
545/16,34.06250000,545,16,"[2, 5, 109]","[-4, 0, 1, 0, 0, 0, 0, 0]","[2, 3, 5, 7, 11, 13, 17, 19]"
545/32,17.03125000,545,32,"[2, 5, 109]","[-5, 0, 1, 0, 0, 0, 0, 0]","[2, 3, 5, 7, 11, 13, 17, 19]"
547/16,34.18750000,547,16,"[2, 547]","[-4, 0, 0, 0, 0, 0, 0, 0]","[2, 3, 5, 7, 11, 13, 17, 19]"
547/32,17.09375000,547,32,"[2, 547]","[-5, 0, 0, 0, 0, 0, 0, 0]","[2, 3, 5, 7, 11, 13, 17, 19]"
549/16,34.31250000,549,16,"[2, 3, 61]","[-4, 2, 0, 0, 0, 0, 0, 0]","[2, 3, 5, 7, 11, 13, 17, 19]"
549/32,17.15625000,549,32,"[2, 3, 61]","[-5, 2, 0, 0, 0, 0, 0, 0]","[2, 3, 5, 7, 11, 13, 17, 19]"
551/16,34.43750000,551,16,"[2, 19, 29]","[-4, 0, 0, 0, 0, 0, 0, 1]","[2, 3, 5, 7, 11, 13, 17, 19]"
551/32,17.21875000,551,32,"[2, 19, 29]","[-5, 0, 0, 0, 0, 0, 0, 1]","[2, 3, 5, 7, 11, 13, 17, 19]"
553/16,34.56250000,553,16,"[2, 7, 79]","[-4, 0, 0, 1, 0, 0, 0, 0]","[2, 3, 5, 7, 11, 13, 17, 19]"
555/16,34.68750000,555,16,"[2, 3, 5, 37]","[-4, 1, 1, 0, 0, 0, 0, 0]","[2, 3, 5, 7, 11, 13, 17, 19]"
555/32,17.34375000,555,32,"[2, 3, 5, 37]","[-5, 1, 1, 0, 0, 0, 0, 0]","[2, 3, 5, 7, 11, 13, 17, 19]"
557/16,34.81250000,557,16,"[2, 557]","[-4, 0, 0, 0, 0, 0, 0, 0]","[2, 3, 5, 7, 11, 13, 17, 19]"
557/32,17.40625000,557,32,"[2, 557]","[-5, 0, 0, 0, 0, 0, 0, 0]","[2, 3, 5, 7, 11, 13, 17, 19]"
559/16,34.93750000,559,16,"[2, 13, 43]","[-4, 0, 0, 0, 0, 1, 0, 0]","[2, 3, 5, 7, 11, 13, 17, 19]"
559/32,17.46875000,559,32,"[2, 13, 43]","[-5, 0, 0, 0, 0, 1, 0, 0]","[2, 3, 5, 7, 11, 13, 17, 19]"
561/16,35.06250000,561,16,"[2, 3, 11, 17]","[-4, 1, 0, 0, 1, 0, 1, 0]","[2, 3, 5, 7, 11, 13, 17, 19]"
561/32,17.53125000,561,32,"[2, 3, 11, 17]","[-5, 1, 0, 0, 1, 0, 1, 0]","[2, 3, 5, 7, 11, 13, 17, 19]"
563/16,35.18750000,563,16,"[2, 563]","[-4, 0, 0, 0, 0, 0, 0, 0]","[2, 3, 5, 7, 11, 13, 17, 19]"
563/32,17.59375000,563,32,"[2, 563]","[-5, 0, 0, 0, 0, 0, 0, 0]","[2, 3, 5, 7, 11, 13, 17, 19]"
565/16,35.31250000,565,16,"[2, 5, 113]","[-4, 0, 1, 0, 0, 0, 0, 0]","[2, 3, 5, 7, 11, 13, 17, 19]"
565/32,17.65625000,565,32,"[2, 5, 113]","[-5, 0, 1, 0, 0, 0, 0, 0]","[2, 3, 5, 7, 11, 13, 17, 19]"
567/16,35.43750000,567,16,"[2, 3, 7]","[-4, 4, 0, 1, 0, 0, 0, 0]","[2, 3, 5, 7, 11, 13, 17, 19]"
567/32,17.71875000,567,32,"[2, 3, 7]","[-5, 4, 0, 1, 0, 0, 0, 0]","[2, 3, 5, 7, 11, 13, 17, 19]"
569/16,35.56250000,569,16,"[2, 569]","[-4, 0, 0, 0, 0, 0, 0, 0]","[2, 3, 5, 7, 11, 13, 17, 19]"
571/16,35.68750000,571,16,"[2, 571]","[-4, 0, 0, 0, 0, 0, 0, 0]","[2, 3, 5, 7, 11, 13, 17, 19]"
571/32,17.84375000,571,32,"[2, 571]","[-5, 0, 0, 0, 0, 0, 0, 0]","[2, 3, 5, 7, 11, 13, 17, 19]"
573/16,35.81250000,573,16,"[2, 3, 191]","[-4, 1, 0, 0, 0, 0, 0, 0]","[2, 3, 5, 7, 11, 13, 17, 19]"
573/32,17.90625000,573,32,"[2, 3, 191]","[-5, 1, 0, 0, 0, 0, 0, 0]","[2, 3, 5, 7, 11, 13, 17, 19]"
575/16,35.93750000,575,16,"[2, 5, 23]","[-4, 0, 2, 0, 0, 0, 0, 0]","[2, 3, 5, 7, 11, 13, 17, 19]"
575/32,17.96875000,575,32,"[2, 5, 23]","[-5, 0, 2, 0, 0, 0, 0, 0]","[2, 3, 5, 7, 11, 13, 17, 19]"
577/16,36.06250000,577,16,"[2, 577]","[-4, 0, 0, 0, 0, 0, 0, 0]","[2, 3, 5, 7, 11, 13, 17, 19]"
577/32,18.03125000,577,32,"[2, 577]","[-5, 0, 0, 0, 0, 0, 0, 0]","[2, 3, 5, 7, 11, 13, 17, 19]"
579/16,36.18750000,579,16,"[2, 3, 193]","[-4, 1, 0, 0, 0, 0, 0, 0]","[2, 3, 5, 7, 11, 13, 17, 19]"
579/32,18.09375000,579,32,"[2, 3, 193]","[-5, 1, 0, 0, 0, 0, 0, 0]","[2, 3, 5, 7, 11, 13, 17, 19]"
581/16,36.31250000,581,16,"[2, 7, 83]","[-4, 0, 0, 1, 0, 0, 0, 0]","[2, 3, 5, 7, 11, 13, 17, 19]"
581/32,18.15625000,581,32,"[2, 7, 83]","[-5, 0, 0, 1, 0, 0, 0, 0]","[2, 3, 5, 7, 11, 13, 17, 19]"
583/16,36.43750000,583,16,"[2, 11, 53]","[-4, 0, 0, 0, 1, 0, 0, 0]","[2, 3, 5, 7, 11, 13, 17, 19]"
583/32,18.21875000,583,32,"[2, 11, 53]","[-5, 0, 0, 0, 1, 0, 0, 0]","[2, 3, 5, 7, 11, 13, 17, 19]"
585/16,36.56250000,585,16,"[2, 3, 5, 13]","[-4, 2, 1, 0, 0, 1, 0, 0]","[2, 3, 5, 7, 11, 13, 17, 19]"
585/32,18.28125000,585,32,"[2, 3, 5, 13]","[-5, 2, 1, 0, 0, 1, 0, 0]","[2, 3, 5, 7, 11, 13, 17, 19]"
587/16,36.68750000,587,16,"[2, 587]","[-4, 0, 0, 0, 0, 0, 0, 0]","[2, 3, 5, 7, 11, 13, 17, 19]"
587/32,18.34375000,587,32,"[2, 587]","[-5, 0, 0, 0, 0, 0, 0, 0]","[2, 3, 5, 7, 11, 13, 17, 19]"
589/16,36.81250000,589,16,"[2, 19, 31]","[-4, 0, 0, 0, 0, 0, 0, 1]","[2, 3, 5, 7, 11, 13, 17, 19]"
589/32,18.40625000,589,32,"[2, 19, 31]","[-5, 0, 0, 0, 0, 0, 0, 1]","[2, 3, 5, 7, 11, 13, 17, 19]"
591/16,36.93750000,591,16,"[2, 3, 197]","[-4, 1, 0, 0, 0, 0, 0, 0]","[2, 3, 5, 7, 11, 13, 17, 19]"
591/32,18.46875000,591,32,"[2, 3, 197]","[-5, 1, 0, 0, 0, 0, 0, 0]","[2, 3, 5, 7, 11, 13, 17, 19]"
593/16,37.06250000,593,16,"[2, 593]","[-4, 0, 0, 0, 0, 0, 0, 0]","[2, 3, 5, 7, 11, 13, 17, 19]"
593/32,18.53125000,593,32,"[2, 593]","[-5, 0, 0, 0, 0, 0, 0, 0]","[2, 3, 5, 7, 11, 13, 17, 19]"
595/16,37.18750000,595,16,"[2, 5, 7, 17]","[-4, 0, 1, 1, 0, 0, 1, 0]","[2, 3, 5, 7, 11, 13, 17, 19]"
595/32,18.59375000,595,32,"[2, 5, 7, 17]","[-5, 0, 1, 1, 0, 0, 1, 0]","[2, 3, 5, 7, 11, 13, 17, 19]"
597/16,37.31250000,597,16,"[2, 3, 199]","[-4, 1, 0, 0, 0, 0, 0, 0]","[2, 3, 5, 7, 11, 13, 17, 19]"
597/32,18.65625000,597,32,"[2, 3, 199]","[-5, 1, 0, 0, 0, 0, 0, 0]","[2, 3, 5, 7, 11, 13, 17, 19]"
599/16,37.43750000,599,16,"[2, 599]","[-4, 0, 0, 0, 0, 0, 0, 0]","[2, 3, 5, 7, 11, 13, 17, 19]"
599/32,18.71875000,599,32,"[2, 599]","[-5, 0, 0, 0, 0, 0, 0, 0]","[2, 3, 5, 7, 11, 13, 17, 19]"
601/16,37.56250000,601,16,"[2, 601]","[-4, 0, 0, 0, 0, 0, 0, 0]","[2, 3, 5, 7, 11, 13, 17, 19]"
603/16,37.68750000,603,16,"[2, 3, 67]","[-4, 2, 0, 0, 0, 0, 0, 0]","[2, 3, 5, 7, 11, 13, 17, 19]"
603/32,18.84375000,603,32,"[2, 3, 67]","[-5, 2, 0, 0, 0, 0, 0, 0]","[2, 3, 5, 7, 11, 13, 17, 19]"
605/16,37.81250000,605,16,"[2, 5, 11]","[-4, 0, 1, 0, 2, 0, 0, 0]","[2, 3, 5, 7, 11, 13, 17, 19]"
605/32,18.90625000,605,32,"[2, 5, 11]","[-5, 0, 1, 0, 2, 0, 0, 0]","[2, 3, 5, 7, 11, 13, 17, 19]"
607/16,37.93750000,607,16,"[2, 607]","[-4, 0, 0, 0, 0, 0, 0, 0]","[2, 3, 5, 7, 11, 13, 17, 19]"
607/32,18.96875000,607,32,"[2, 607]","[-5, 0, 0, 0, 0, 0, 0, 0]","[2, 3, 5, 7, 11, 13, 17, 19]"
609/16,38.06250000,609,16,"[2, 3, 7, 29]","[-4, 1, 0, 1, 0, 0, 0, 0]","[2, 3, 5, 7, 11, 13, 17, 19]"
609/32,19.03125000,609,32,"[2, 3, 7, 29]","[-5, 1, 0, 1, 0, 0, 0, 0]","[2, 3, 5, 7, 11, 13, 17, 19]"
611/16,38.18750000,611,16,"[2, 13, 47]","[-4, 0, 0, 0, 0, 1, 0, 0]","[2, 3, 5, 7, 11, 13, 17, 19]"
611/32,19.09375000,611,32,"[2, 13, 47]","[-5, 0, 0, 0, 0, 1, 0, 0]","[2, 3, 5, 7, 11, 13, 17, 19]"
613/16,38.31250000,613,16,"[2, 613]","[-4, 0, 0, 0, 0, 0, 0, 0]","[2, 3, 5, 7, 11, 13, 17, 19]"
613/32,19.15625000,613,32,"[2, 613]","[-5, 0, 0, 0, 0, 0, 0, 0]","[2, 3, 5, 7, 11, 13, 17, 19]"
615/16,38.43750000,615,16,"[2, 3, 5, 41]","[-4, 1, 1, 0, 0, 0, 0, 0]","[2, 3, 5, 7, 11, 13, 17, 19]"
615/32,19.21875000,615,32,"[2, 3, 5, 41]","[-5, 1, 1, 0, 0, 0, 0, 0]","[2, 3, 5, 7, 11, 13, 17, 19]"
617/16,38.56250000,617,16,"[2, 617]","[-4, 0, 0, 0, 0, 0, 0, 0]","[2, 3, 5, 7, 11, 13, 17, 19]"
617/32,19.28125000,617,32,"[2, 617]","[-5, 0, 0, 0, 0, 0, 0, 0]","[2, 3, 5, 7, 11, 13, 17, 19]"
619/16,38.68750000,619,16,"[2, 619]","[-4, 0, 0, 0, 0, 0, 0, 0]","[2, 3, 5, 7, 11, 13, 17, 19]"
619/32,19.34375000,619,32,"[2, 619]","[-5, 0, 0, 0, 0, 0, 0, 0]","[2, 3, 5, 7, 11, 13, 17, 19]"
621/16,38.81250000,621,16,"[2, 3, 23]","[-4, 3, 0, 0, 0, 0, 0, 0]","[2, 3, 5, 7, 11, 13, 17, 19]"
621/32,19.40625000,621,32,"[2, 3, 23]","[-5, 3, 0, 0, 0, 0, 0, 0]","[2, 3, 5, 7, 11, 13, 17, 19]"
623/16,38.93750000,623,16,"[2, 7, 89]","[-4, 0, 0, 1, 0, 0, 0, 0]","[2, 3, 5, 7, 11, 13, 17, 19]"
623/32,19.46875000,623,32,"[2, 7, 89]","[-5, 0, 0, 1, 0, 0, 0, 0]","[2, 3, 5, 7, 11, 13, 17, 19]"
625/16,39.06250000,625,16,"[2, 5]","[-4, 0, 4, 0, 0, 0, 0, 0]","[2, 3, 5, 7, 11, 13, 17, 19]"
625/32,19.53125000,625,32,"[2, 5]","[-5, 0, 4, 0, 0, 0, 0, 0]","[2, 3, 5, 7, 11, 13, 17, 19]"
627/16,39.18750000,627,16,"[2, 3, 11, 19]","[-4, 1, 0, 0, 1, 0, 0, 1]","[2, 3, 5, 7, 11, 13, 17, 19]"
627/32,19.59375000,627,32,"[2, 3, 11, 19]","[-5, 1, 0, 0, 1, 0, 0, 1]","[2, 3, 5, 7, 11, 13, 17, 19]"
629/16,39.31250000,629,16,"[2, 17, 37]","[-4, 0, 0, 0, 0, 0, 1, 0]","[2, 3, 5, 7, 11, 13, 17, 19]"
629/32,19.65625000,629,32,"[2, 17, 37]","[-5, 0, 0, 0, 0, 0, 1, 0]","[2, 3, 5, 7, 11, 13, 17, 19]"
631/16,39.43750000,631,16,"[2, 631]","[-4, 0, 0, 0, 0, 0, 0, 0]","[2, 3, 5, 7, 11, 13, 17, 19]"
631/32,19.71875000,631,32,"[2, 631]","[-5, 0, 0, 0, 0, 0, 0, 0]","[2, 3, 5, 7, 11, 13, 17, 19]"
633/16,39.56250000,633,16,"[2, 3, 211]","[-4, 1, 0, 0, 0, 0, 0, 0]","[2, 3, 5, 7, 11, 13, 17, 19]"
633/32,19.78125000,633,32,"[2, 3, 211]","[-5, 1, 0, 0, 0, 0, 0, 0]","[2, 3, 5, 7, 11, 13, 17, 19]"
635/16,39.68750000,635,16,"[2, 5, 127]","[-4, 0, 1, 0, 0, 0, 0, 0]","[2, 3, 5, 7, 11, 13, 17, 19]"
635/32,19.84375000,635,32,"[2, 5, 127]","[-5, 0, 1, 0, 0, 0, 0, 0]","[2, 3, 5, 7, 11, 13, 17, 19]"
637/16,39.81250000,637,16,"[2, 7, 13]","[-4, 0, 0, 2, 0, 1, 0, 0]","[2, 3, 5, 7, 11, 13, 17, 19]"
637/32,19.90625000,637,32,"[2, 7, 13]","[-5, 0, 0, 2, 0, 1, 0, 0]","[2, 3, 5, 7, 11, 13, 17, 19]"
639/16,39.93750000,639,16,"[2, 3, 71]","[-4, 2, 0, 0, 0, 0, 0, 0]","[2, 3, 5, 7, 11, 13, 17, 19]"
639/32,19.96875000,639,32,"[2, 3, 71]","[-5, 2, 0, 0, 0, 0, 0, 0]","[2, 3, 5, 7, 11, 13, 17, 19]"
641/16,40.06250000,641,16,"[2, 641]","[-4, 0, 0, 0, 0, 0, 0, 0]","[2, 3, 5, 7, 11, 13, 17, 19]"
641/32,20.03125000,641,32,"[2, 641]","[-5, 0, 0, 0, 0, 0, 0, 0]","[2, 3, 5, 7, 11, 13, 17, 19]"
643/16,40.18750000,643,16,"[2, 643]","[-4, 0, 0, 0, 0, 0, 0, 0]","[2, 3, 5, 7, 11, 13, 17, 19]"
643/32,20.09375000,643,32,"[2, 643]","[-5, 0, 0, 0, 0, 0, 0, 0]","[2, 3, 5, 7, 11, 13, 17, 19]"
645/16,40.31250000,645,16,"[2, 3, 5, 43]","[-4, 1, 1, 0, 0, 0, 0, 0]","[2, 3, 5, 7, 11, 13, 17, 19]"
645/32,20.15625000,645,32,"[2, 3, 5, 43]","[-5, 1, 1, 0, 0, 0, 0, 0]","[2, 3, 5, 7, 11, 13, 17, 19]"
647/16,40.43750000,647,16,"[2, 647]","[-4, 0, 0, 0, 0, 0, 0, 0]","[2, 3, 5, 7, 11, 13, 17, 19]"
647/32,20.21875000,647,32,"[2, 647]","[-5, 0, 0, 0, 0, 0, 0, 0]","[2, 3, 5, 7, 11, 13, 17, 19]"
649/16,40.56250000,649,16,"[2, 11, 59]","[-4, 0, 0, 0, 1, 0, 0, 0]","[2, 3, 5, 7, 11, 13, 17, 19]"
649/32,20.28125000,649,32,"[2, 11, 59]","[-5, 0, 0, 0, 1, 0, 0, 0]","[2, 3, 5, 7, 11, 13, 17, 19]"
651/16,40.68750000,651,16,"[2, 3, 7, 31]","[-4, 1, 0, 1, 0, 0, 0, 0]","[2, 3, 5, 7, 11, 13, 17, 19]"
651/32,20.34375000,651,32,"[2, 3, 7, 31]","[-5, 1, 0, 1, 0, 0, 0, 0]","[2, 3, 5, 7, 11, 13, 17, 19]"
653/16,40.81250000,653,16,"[2, 653]","[-4, 0, 0, 0, 0, 0, 0, 0]","[2, 3, 5, 7, 11, 13, 17, 19]"
653/32,20.40625000,653,32,"[2, 653]","[-5, 0, 0, 0, 0, 0, 0, 0]","[2, 3, 5, 7, 11, 13, 17, 19]"
655/16,40.93750000,655,16,"[2, 5, 131]","[-4, 0, 1, 0, 0, 0, 0, 0]","[2, 3, 5, 7, 11, 13, 17, 19]"
655/32,20.46875000,655,32,"[2, 5, 131]","[-5, 0, 1, 0, 0, 0, 0, 0]","[2, 3, 5, 7, 11, 13, 17, 19]"
657/16,41.06250000,657,16,"[2, 3, 73]","[-4, 2, 0, 0, 0, 0, 0, 0]","[2, 3, 5, 7, 11, 13, 17, 19]"
657/32,20.53125000,657,32,"[2, 3, 73]","[-5, 2, 0, 0, 0, 0, 0, 0]","[2, 3, 5, 7, 11, 13, 17, 19]"
659/16,41.18750000,659,16,"[2, 659]","[-4, 0, 0, 0, 0, 0, 0, 0]","[2, 3, 5, 7, 11, 13, 17, 19]"
659/32,20.59375000,659,32,"[2, 659]","[-5, 0, 0, 0, 0, 0, 0, 0]","[2, 3, 5, 7, 11, 13, 17, 19]"
661/16,41.31250000,661,16,"[2, 661]","[-4, 0, 0, 0, 0, 0, 0, 0]","[2, 3, 5, 7, 11, 13, 17, 19]"
661/32,20.65625000,661,32,"[2, 661]","[-5, 0, 0, 0, 0, 0, 0, 0]","[2, 3, 5, 7, 11, 13, 17, 19]"
663/16,41.43750000,663,16,"[2, 3, 13, 17]","[-4, 1, 0, 0, 0, 1, 1, 0]","[2, 3, 5, 7, 11, 13, 17, 19]"
663/32,20.71875000,663,32,"[2, 3, 13, 17]","[-5, 1, 0, 0, 0, 1, 1, 0]","[2, 3, 5, 7, 11, 13, 17, 19]"
665/16,41.56250000,665,16,"[2, 5, 7, 19]","[-4, 0, 1, 1, 0, 0, 0, 1]","[2, 3, 5, 7, 11, 13, 17, 19]"
665/32,20.78125000,665,32,"[2, 5, 7, 19]","[-5, 0, 1, 1, 0, 0, 0, 1]","[2, 3, 5, 7, 11, 13, 17, 19]"
667/16,41.68750000,667,16,"[2, 23, 29]","[-4, 0, 0, 0, 0, 0, 0, 0]","[2, 3, 5, 7, 11, 13, 17, 19]"
667/32,20.84375000,667,32,"[2, 23, 29]","[-5, 0, 0, 0, 0, 0, 0, 0]","[2, 3, 5, 7, 11, 13, 17, 19]"
669/16,41.81250000,669,16,"[2, 3, 223]","[-4, 1, 0, 0, 0, 0, 0, 0]","[2, 3, 5, 7, 11, 13, 17, 19]"
669/32,20.90625000,669,32,"[2, 3, 223]","[-5, 1, 0, 0, 0, 0, 0, 0]","[2, 3, 5, 7, 11, 13, 17, 19]"
671/16,41.93750000,671,16,"[2, 11, 61]","[-4, 0, 0, 0, 1, 0, 0, 0]","[2, 3, 5, 7, 11, 13, 17, 19]"
671/32,20.96875000,671,32,"[2, 11, 61]","[-5, 0, 0, 0, 1, 0, 0, 0]","[2, 3, 5, 7, 11, 13, 17, 19]"
673/16,42.06250000,673,16,"[2, 673]","[-4, 0, 0, 0, 0, 0, 0, 0]","[2, 3, 5, 7, 11, 13, 17, 19]"
673/32,21.03125000,673,32,"[2, 673]","[-5, 0, 0, 0, 0, 0, 0, 0]","[2, 3, 5, 7, 11, 13, 17, 19]"
675/16,42.18750000,675,16,"[2, 3, 5]","[-4, 3, 2, 0, 0, 0, 0, 0]","[2, 3, 5, 7, 11, 13, 17, 19]"
675/32,21.09375000,675,32,"[2, 3, 5]","[-5, 3, 2, 0, 0, 0, 0, 0]","[2, 3, 5, 7, 11, 13, 17, 19]"
677/16,42.31250000,677,16,"[2, 677]","[-4, 0, 0, 0, 0, 0, 0, 0]","[2, 3, 5, 7, 11, 13, 17, 19]"
677/32,21.15625000,677,32,"[2, 677]","[-5, 0, 0, 0, 0, 0, 0, 0]","[2, 3, 5, 7, 11, 13, 17, 19]"
679/16,42.43750000,679,16,"[2, 7, 97]","[-4, 0, 0, 1, 0, 0, 0, 0]","[2, 3, 5, 7, 11, 13, 17, 19]"
679/32,21.21875000,679,32,"[2, 7, 97]","[-5, 0, 0, 1, 0, 0, 0, 0]","[2, 3, 5, 7, 11, 13, 17, 19]"
681/16,42.56250000,681,16,"[2, 3, 227]","[-4, 1, 0, 0, 0, 0, 0, 0]","[2, 3, 5, 7, 11, 13, 17, 19]"
681/32,21.28125000,681,32,"[2, 3, 227]","[-5, 1, 0, 0, 0, 0, 0, 0]","[2, 3, 5, 7, 11, 13, 17, 19]"
683/16,42.68750000,683,16,"[2, 683]","[-4, 0, 0, 0, 0, 0, 0, 0]","[2, 3, 5, 7, 11, 13, 17, 19]"
683/32,21.34375000,683,32,"[2, 683]","[-5, 0, 0, 0, 0, 0, 0, 0]","[2, 3, 5, 7, 11, 13, 17, 19]"
685/16,42.81250000,685,16,"[2, 5, 137]","[-4, 0, 1, 0, 0, 0, 0, 0]","[2, 3, 5, 7, 11, 13, 17, 19]"
685/32,21.40625000,685,32,"[2, 5, 137]","[-5, 0, 1, 0, 0, 0, 0, 0]","[2, 3, 5, 7, 11, 13, 17, 19]"
687/16,42.93750000,687,16,"[2, 3, 229]","[-4, 1, 0, 0, 0, 0, 0, 0]","[2, 3, 5, 7, 11, 13, 17, 19]"
687/32,21.46875000,687,32,"[2, 3, 229]","[-5, 1, 0, 0, 0, 0, 0, 0]","[2, 3, 5, 7, 11, 13, 17, 19]"
689/16,43.06250000,689,16,"[2, 13, 53]","[-4, 0, 0, 0, 0, 1, 0, 0]","[2, 3, 5, 7, 11, 13, 17, 19]"
689/32,21.53125000,689,32,"[2, 13, 53]","[-5, 0, 0, 0, 0, 1, 0, 0]","[2, 3, 5, 7, 11, 13, 17, 19]"
691/16,43.18750000,691,16,"[2, 691]","[-4, 0, 0, 0, 0, 0, 0, 0]","[2, 3, 5, 7, 11, 13, 17, 19]"
691/32,21.59375000,691,32,"[2, 691]","[-5, 0, 0, 0, 0, 0, 0, 0]","[2, 3, 5, 7, 11, 13, 17, 19]"
693/16,43.31250000,693,16,"[2, 3, 7, 11]","[-4, 2, 0, 1, 1, 0, 0, 0]","[2, 3, 5, 7, 11, 13, 17, 19]"
693/32,21.65625000,693,32,"[2, 3, 7, 11]","[-5, 2, 0, 1, 1, 0, 0, 0]","[2, 3, 5, 7, 11, 13, 17, 19]"
695/16,43.43750000,695,16,"[2, 5, 139]","[-4, 0, 1, 0, 0, 0, 0, 0]","[2, 3, 5, 7, 11, 13, 17, 19]"
695/32,21.71875000,695,32,"[2, 5, 139]","[-5, 0, 1, 0, 0, 0, 0, 0]","[2, 3, 5, 7, 11, 13, 17, 19]"
697/32,21.78125000,697,32,"[2, 17, 41]","[-5, 0, 0, 0, 0, 0, 1, 0]","[2, 3, 5, 7, 11, 13, 17, 19]"
699/16,43.68750000,699,16,"[2, 3, 233]","[-4, 1, 0, 0, 0, 0, 0, 0]","[2, 3, 5, 7, 11, 13, 17, 19]"
699/32,21.84375000,699,32,"[2, 3, 233]","[-5, 1, 0, 0, 0, 0, 0, 0]","[2, 3, 5, 7, 11, 13, 17, 19]"
701/16,43.81250000,701,16,"[2, 701]","[-4, 0, 0, 0, 0, 0, 0, 0]","[2, 3, 5, 7, 11, 13, 17, 19]"
701/32,21.90625000,701,32,"[2, 701]","[-5, 0, 0, 0, 0, 0, 0, 0]","[2, 3, 5, 7, 11, 13, 17, 19]"
703/16,43.93750000,703,16,"[2, 19, 37]","[-4, 0, 0, 0, 0, 0, 0, 1]","[2, 3, 5, 7, 11, 13, 17, 19]"
703/32,21.96875000,703,32,"[2, 19, 37]","[-5, 0, 0, 0, 0, 0, 0, 1]","[2, 3, 5, 7, 11, 13, 17, 19]"
705/16,44.06250000,705,16,"[2, 3, 5, 47]","[-4, 1, 1, 0, 0, 0, 0, 0]","[2, 3, 5, 7, 11, 13, 17, 19]"
705/32,22.03125000,705,32,"[2, 3, 5, 47]","[-5, 1, 1, 0, 0, 0, 0, 0]","[2, 3, 5, 7, 11, 13, 17, 19]"
707/16,44.18750000,707,16,"[2, 7, 101]","[-4, 0, 0, 1, 0, 0, 0, 0]","[2, 3, 5, 7, 11, 13, 17, 19]"
707/32,22.09375000,707,32,"[2, 7, 101]","[-5, 0, 0, 1, 0, 0, 0, 0]","[2, 3, 5, 7, 11, 13, 17, 19]"
709/16,44.31250000,709,16,"[2, 709]","[-4, 0, 0, 0, 0, 0, 0, 0]","[2, 3, 5, 7, 11, 13, 17, 19]"
709/32,22.15625000,709,32,"[2, 709]","[-5, 0, 0, 0, 0, 0, 0, 0]","[2, 3, 5, 7, 11, 13, 17, 19]"
711/16,44.43750000,711,16,"[2, 3, 79]","[-4, 2, 0, 0, 0, 0, 0, 0]","[2, 3, 5, 7, 11, 13, 17, 19]"
711/32,22.21875000,711,32,"[2, 3, 79]","[-5, 2, 0, 0, 0, 0, 0, 0]","[2, 3, 5, 7, 11, 13, 17, 19]"
713/32,22.28125000,713,32,"[2, 23, 31]","[-5, 0, 0, 0, 0, 0, 0, 0]","[2, 3, 5, 7, 11, 13, 17, 19]"
715/16,44.68750000,715,16,"[2, 5, 11, 13]","[-4, 0, 1, 0, 1, 1, 0, 0]","[2, 3, 5, 7, 11, 13, 17, 19]"
715/32,22.34375000,715,32,"[2, 5, 11, 13]","[-5, 0, 1, 0, 1, 1, 0, 0]","[2, 3, 5, 7, 11, 13, 17, 19]"
717/16,44.81250000,717,16,"[2, 3, 239]","[-4, 1, 0, 0, 0, 0, 0, 0]","[2, 3, 5, 7, 11, 13, 17, 19]"
717/32,22.40625000,717,32,"[2, 3, 239]","[-5, 1, 0, 0, 0, 0, 0, 0]","[2, 3, 5, 7, 11, 13, 17, 19]"
719/16,44.93750000,719,16,"[2, 719]","[-4, 0, 0, 0, 0, 0, 0, 0]","[2, 3, 5, 7, 11, 13, 17, 19]"
719/32,22.46875000,719,32,"[2, 719]","[-5, 0, 0, 0, 0, 0, 0, 0]","[2, 3, 5, 7, 11, 13, 17, 19]"
721/32,22.53125000,721,32,"[2, 7, 103]","[-5, 0, 0, 1, 0, 0, 0, 0]","[2, 3, 5, 7, 11, 13, 17, 19]"
723/16,45.18750000,723,16,"[2, 3, 241]","[-4, 1, 0, 0, 0, 0, 0, 0]","[2, 3, 5, 7, 11, 13, 17, 19]"
723/32,22.59375000,723,32,"[2, 3, 241]","[-5, 1, 0, 0, 0, 0, 0, 0]","[2, 3, 5, 7, 11, 13, 17, 19]"
725/16,45.31250000,725,16,"[2, 5, 29]","[-4, 0, 2, 0, 0, 0, 0, 0]","[2, 3, 5, 7, 11, 13, 17, 19]"
725/32,22.65625000,725,32,"[2, 5, 29]","[-5, 0, 2, 0, 0, 0, 0, 0]","[2, 3, 5, 7, 11, 13, 17, 19]"
727/16,45.43750000,727,16,"[2, 727]","[-4, 0, 0, 0, 0, 0, 0, 0]","[2, 3, 5, 7, 11, 13, 17, 19]"
727/32,22.71875000,727,32,"[2, 727]","[-5, 0, 0, 0, 0, 0, 0, 0]","[2, 3, 5, 7, 11, 13, 17, 19]"
729/32,22.78125000,729,32,"[2, 3]","[-5, 6, 0, 0, 0, 0, 0, 0]","[2, 3, 5, 7, 11, 13, 17, 19]"
731/16,45.68750000,731,16,"[2, 17, 43]","[-4, 0, 0, 0, 0, 0, 1, 0]","[2, 3, 5, 7, 11, 13, 17, 19]"
731/32,22.84375000,731,32,"[2, 17, 43]","[-5, 0, 0, 0, 0, 0, 1, 0]","[2, 3, 5, 7, 11, 13, 17, 19]"
733/32,22.90625000,733,32,"[2, 733]","[-5, 0, 0, 0, 0, 0, 0, 0]","[2, 3, 5, 7, 11, 13, 17, 19]"
735/16,45.93750000,735,16,"[2, 3, 5, 7]","[-4, 1, 1, 2, 0, 0, 0, 0]","[2, 3, 5, 7, 11, 13, 17, 19]"
735/32,22.96875000,735,32,"[2, 3, 5, 7]","[-5, 1, 1, 2, 0, 0, 0, 0]","[2, 3, 5, 7, 11, 13, 17, 19]"
737/32,23.03125000,737,32,"[2, 11, 67]","[-5, 0, 0, 0, 1, 0, 0, 0]","[2, 3, 5, 7, 11, 13, 17, 19]"
739/16,46.18750000,739,16,"[2, 739]","[-4, 0, 0, 0, 0, 0, 0, 0]","[2, 3, 5, 7, 11, 13, 17, 19]"
739/32,23.09375000,739,32,"[2, 739]","[-5, 0, 0, 0, 0, 0, 0, 0]","[2, 3, 5, 7, 11, 13, 17, 19]"
741/16,46.31250000,741,16,"[2, 3, 13, 19]","[-4, 1, 0, 0, 0, 1, 0, 1]","[2, 3, 5, 7, 11, 13, 17, 19]"
741/32,23.15625000,741,32,"[2, 3, 13, 19]","[-5, 1, 0, 0, 0, 1, 0, 1]","[2, 3, 5, 7, 11, 13, 17, 19]"
743/16,46.43750000,743,16,"[2, 743]","[-4, 0, 0, 0, 0, 0, 0, 0]","[2, 3, 5, 7, 11, 13, 17, 19]"
743/32,23.21875000,743,32,"[2, 743]","[-5, 0, 0, 0, 0, 0, 0, 0]","[2, 3, 5, 7, 11, 13, 17, 19]"
745/32,23.28125000,745,32,"[2, 5, 149]","[-5, 0, 1, 0, 0, 0, 0, 0]","[2, 3, 5, 7, 11, 13, 17, 19]"
747/16,46.68750000,747,16,"[2, 3, 83]","[-4, 2, 0, 0, 0, 0, 0, 0]","[2, 3, 5, 7, 11, 13, 17, 19]"
747/32,23.34375000,747,32,"[2, 3, 83]","[-5, 2, 0, 0, 0, 0, 0, 0]","[2, 3, 5, 7, 11, 13, 17, 19]"
749/32,23.40625000,749,32,"[2, 7, 107]","[-5, 0, 0, 1, 0, 0, 0, 0]","[2, 3, 5, 7, 11, 13, 17, 19]"
751/32,23.46875000,751,32,"[2, 751]","[-5, 0, 0, 0, 0, 0, 0, 0]","[2, 3, 5, 7, 11, 13, 17, 19]"
753/32,23.53125000,753,32,"[2, 3, 251]","[-5, 1, 0, 0, 0, 0, 0, 0]","[2, 3, 5, 7, 11, 13, 17, 19]"
755/16,47.18750000,755,16,"[2, 5, 151]","[-4, 0, 1, 0, 0, 0, 0, 0]","[2, 3, 5, 7, 11, 13, 17, 19]"
755/32,23.59375000,755,32,"[2, 5, 151]","[-5, 0, 1, 0, 0, 0, 0, 0]","[2, 3, 5, 7, 11, 13, 17, 19]"
757/32,23.65625000,757,32,"[2, 757]","[-5, 0, 0, 0, 0, 0, 0, 0]","[2, 3, 5, 7, 11, 13, 17, 19]"
759/16,47.43750000,759,16,"[2, 3, 11, 23]","[-4, 1, 0, 0, 1, 0, 0, 0]","[2, 3, 5, 7, 11, 13, 17, 19]"
759/32,23.71875000,759,32,"[2, 3, 11, 23]","[-5, 1, 0, 0, 1, 0, 0, 0]","[2, 3, 5, 7, 11, 13, 17, 19]"
761/32,23.78125000,761,32,"[2, 761]","[-5, 0, 0, 0, 0, 0, 0, 0]","[2, 3, 5, 7, 11, 13, 17, 19]"
763/16,47.68750000,763,16,"[2, 7, 109]","[-4, 0, 0, 1, 0, 0, 0, 0]","[2, 3, 5, 7, 11, 13, 17, 19]"
763/32,23.84375000,763,32,"[2, 7, 109]","[-5, 0, 0, 1, 0, 0, 0, 0]","[2, 3, 5, 7, 11, 13, 17, 19]"
765/32,23.90625000,765,32,"[2, 3, 5, 17]","[-5, 2, 1, 0, 0, 0, 1, 0]","[2, 3, 5, 7, 11, 13, 17, 19]"
767/32,23.96875000,767,32,"[2, 13, 59]","[-5, 0, 0, 0, 0, 1, 0, 0]","[2, 3, 5, 7, 11, 13, 17, 19]"
769/32,24.03125000,769,32,"[2, 769]","[-5, 0, 0, 0, 0, 0, 0, 0]","[2, 3, 5, 7, 11, 13, 17, 19]"
771/16,48.18750000,771,16,"[2, 3, 257]","[-4, 1, 0, 0, 0, 0, 0, 0]","[2, 3, 5, 7, 11, 13, 17, 19]"
771/32,24.09375000,771,32,"[2, 3, 257]","[-5, 1, 0, 0, 0, 0, 0, 0]","[2, 3, 5, 7, 11, 13, 17, 19]"
773/32,24.15625000,773,32,"[2, 773]","[-5, 0, 0, 0, 0, 0, 0, 0]","[2, 3, 5, 7, 11, 13, 17, 19]"
775/32,24.21875000,775,32,"[2, 5, 31]","[-5, 0, 2, 0, 0, 0, 0, 0]","[2, 3, 5, 7, 11, 13, 17, 19]"
777/32,24.28125000,777,32,"[2, 3, 7, 37]","[-5, 1, 0, 1, 0, 0, 0, 0]","[2, 3, 5, 7, 11, 13, 17, 19]"
779/16,48.68750000,779,16,"[2, 19, 41]","[-4, 0, 0, 0, 0, 0, 0, 1]","[2, 3, 5, 7, 11, 13, 17, 19]"
779/32,24.34375000,779,32,"[2, 19, 41]","[-5, 0, 0, 0, 0, 0, 0, 1]","[2, 3, 5, 7, 11, 13, 17, 19]"
781/32,24.40625000,781,32,"[2, 11, 71]","[-5, 0, 0, 0, 1, 0, 0, 0]","[2, 3, 5, 7, 11, 13, 17, 19]"
783/32,24.46875000,783,32,"[2, 3, 29]","[-5, 3, 0, 0, 0, 0, 0, 0]","[2, 3, 5, 7, 11, 13, 17, 19]"
785/32,24.53125000,785,32,"[2, 5, 157]","[-5, 0, 1, 0, 0, 0, 0, 0]","[2, 3, 5, 7, 11, 13, 17, 19]"
787/32,24.59375000,787,32,"[2, 787]","[-5, 0, 0, 0, 0, 0, 0, 0]","[2, 3, 5, 7, 11, 13, 17, 19]"
789/32,24.65625000,789,32,"[2, 3, 263]","[-5, 1, 0, 0, 0, 0, 0, 0]","[2, 3, 5, 7, 11, 13, 17, 19]"
791/32,24.71875000,791,32,"[2, 7, 113]","[-5, 0, 0, 1, 0, 0, 0, 0]","[2, 3, 5, 7, 11, 13, 17, 19]"
793/32,24.78125000,793,32,"[2, 13, 61]","[-5, 0, 0, 0, 0, 1, 0, 0]","[2, 3, 5, 7, 11, 13, 17, 19]"
795/16,49.68750000,795,16,"[2, 3, 5, 53]","[-4, 1, 1, 0, 0, 0, 0, 0]","[2, 3, 5, 7, 11, 13, 17, 19]"
795/32,24.84375000,795,32,"[2, 3, 5, 53]","[-5, 1, 1, 0, 0, 0, 0, 0]","[2, 3, 5, 7, 11, 13, 17, 19]"
797/32,24.90625000,797,32,"[2, 797]","[-5, 0, 0, 0, 0, 0, 0, 0]","[2, 3, 5, 7, 11, 13, 17, 19]"
799/32,24.96875000,799,32,"[2, 17, 47]","[-5, 0, 0, 0, 0, 0, 1, 0]","[2, 3, 5, 7, 11, 13, 17, 19]"
801/32,25.03125000,801,32,"[2, 3, 89]","[-5, 2, 0, 0, 0, 0, 0, 0]","[2, 3, 5, 7, 11, 13, 17, 19]"
803/32,25.09375000,803,32,"[2, 11, 73]","[-5, 0, 0, 0, 1, 0, 0, 0]","[2, 3, 5, 7, 11, 13, 17, 19]"
805/32,25.15625000,805,32,"[2, 5, 7, 23]","[-5, 0, 1, 1, 0, 0, 0, 0]","[2, 3, 5, 7, 11, 13, 17, 19]"
807/32,25.21875000,807,32,"[2, 3, 269]","[-5, 1, 0, 0, 0, 0, 0, 0]","[2, 3, 5, 7, 11, 13, 17, 19]"
809/32,25.28125000,809,32,"[2, 809]","[-5, 0, 0, 0, 0, 0, 0, 0]","[2, 3, 5, 7, 11, 13, 17, 19]"
811/32,25.34375000,811,32,"[2, 811]","[-5, 0, 0, 0, 0, 0, 0, 0]","[2, 3, 5, 7, 11, 13, 17, 19]"
813/32,25.40625000,813,32,"[2, 3, 271]","[-5, 1, 0, 0, 0, 0, 0, 0]","[2, 3, 5, 7, 11, 13, 17, 19]"
815/32,25.46875000,815,32,"[2, 5, 163]","[-5, 0, 1, 0, 0, 0, 0, 0]","[2, 3, 5, 7, 11, 13, 17, 19]"
817/32,25.53125000,817,32,"[2, 19, 43]","[-5, 0, 0, 0, 0, 0, 0, 1]","[2, 3, 5, 7, 11, 13, 17, 19]"
819/32,25.59375000,819,32,"[2, 3, 7, 13]","[-5, 2, 0, 1, 0, 1, 0, 0]","[2, 3, 5, 7, 11, 13, 17, 19]"
821/32,25.65625000,821,32,"[2, 821]","[-5, 0, 0, 0, 0, 0, 0, 0]","[2, 3, 5, 7, 11, 13, 17, 19]"
823/32,25.71875000,823,32,"[2, 823]","[-5, 0, 0, 0, 0, 0, 0, 0]","[2, 3, 5, 7, 11, 13, 17, 19]"
825/32,25.78125000,825,32,"[2, 3, 5, 11]","[-5, 1, 2, 0, 1, 0, 0, 0]","[2, 3, 5, 7, 11, 13, 17, 19]"
827/32,25.84375000,827,32,"[2, 827]","[-5, 0, 0, 0, 0, 0, 0, 0]","[2, 3, 5, 7, 11, 13, 17, 19]"
829/32,25.90625000,829,32,"[2, 829]","[-5, 0, 0, 0, 0, 0, 0, 0]","[2, 3, 5, 7, 11, 13, 17, 19]"
831/32,25.96875000,831,32,"[2, 3, 277]","[-5, 1, 0, 0, 0, 0, 0, 0]","[2, 3, 5, 7, 11, 13, 17, 19]"
833/32,26.03125000,833,32,"[2, 7, 17]","[-5, 0, 0, 2, 0, 0, 1, 0]","[2, 3, 5, 7, 11, 13, 17, 19]"
835/32,26.09375000,835,32,"[2, 5, 167]","[-5, 0, 1, 0, 0, 0, 0, 0]","[2, 3, 5, 7, 11, 13, 17, 19]"
837/32,26.15625000,837,32,"[2, 3, 31]","[-5, 3, 0, 0, 0, 0, 0, 0]","[2, 3, 5, 7, 11, 13, 17, 19]"
839/32,26.21875000,839,32,"[2, 839]","[-5, 0, 0, 0, 0, 0, 0, 0]","[2, 3, 5, 7, 11, 13, 17, 19]"
841/32,26.28125000,841,32,"[2, 29]","[-5, 0, 0, 0, 0, 0, 0, 0]","[2, 3, 5, 7, 11, 13, 17, 19]"
843/32,26.34375000,843,32,"[2, 3, 281]","[-5, 1, 0, 0, 0, 0, 0, 0]","[2, 3, 5, 7, 11, 13, 17, 19]"
845/32,26.40625000,845,32,"[2, 5, 13]","[-5, 0, 1, 0, 0, 2, 0, 0]","[2, 3, 5, 7, 11, 13, 17, 19]"
847/32,26.46875000,847,32,"[2, 7, 11]","[-5, 0, 0, 1, 2, 0, 0, 0]","[2, 3, 5, 7, 11, 13, 17, 19]"
849/32,26.53125000,849,32,"[2, 3, 283]","[-5, 1, 0, 0, 0, 0, 0, 0]","[2, 3, 5, 7, 11, 13, 17, 19]"
851/32,26.59375000,851,32,"[2, 23, 37]","[-5, 0, 0, 0, 0, 0, 0, 0]","[2, 3, 5, 7, 11, 13, 17, 19]"
853/32,26.65625000,853,32,"[2, 853]","[-5, 0, 0, 0, 0, 0, 0, 0]","[2, 3, 5, 7, 11, 13, 17, 19]"
855/32,26.71875000,855,32,"[2, 3, 5, 19]","[-5, 2, 1, 0, 0, 0, 0, 1]","[2, 3, 5, 7, 11, 13, 17, 19]"
857/32,26.78125000,857,32,"[2, 857]","[-5, 0, 0, 0, 0, 0, 0, 0]","[2, 3, 5, 7, 11, 13, 17, 19]"
859/32,26.84375000,859,32,"[2, 859]","[-5, 0, 0, 0, 0, 0, 0, 0]","[2, 3, 5, 7, 11, 13, 17, 19]"
861/32,26.90625000,861,32,"[2, 3, 7, 41]","[-5, 1, 0, 1, 0, 0, 0, 0]","[2, 3, 5, 7, 11, 13, 17, 19]"
863/32,26.96875000,863,32,"[2, 863]","[-5, 0, 0, 0, 0, 0, 0, 0]","[2, 3, 5, 7, 11, 13, 17, 19]"
865/32,27.03125000,865,32,"[2, 5, 173]","[-5, 0, 1, 0, 0, 0, 0, 0]","[2, 3, 5, 7, 11, 13, 17, 19]"
867/32,27.09375000,867,32,"[2, 3, 17]","[-5, 1, 0, 0, 0, 0, 2, 0]","[2, 3, 5, 7, 11, 13, 17, 19]"
869/32,27.15625000,869,32,"[2, 11, 79]","[-5, 0, 0, 0, 1, 0, 0, 0]","[2, 3, 5, 7, 11, 13, 17, 19]"
871/32,27.21875000,871,32,"[2, 13, 67]","[-5, 0, 0, 0, 0, 1, 0, 0]","[2, 3, 5, 7, 11, 13, 17, 19]"
873/32,27.28125000,873,32,"[2, 3, 97]","[-5, 2, 0, 0, 0, 0, 0, 0]","[2, 3, 5, 7, 11, 13, 17, 19]"
875/32,27.34375000,875,32,"[2, 5, 7]","[-5, 0, 3, 1, 0, 0, 0, 0]","[2, 3, 5, 7, 11, 13, 17, 19]"
877/32,27.40625000,877,32,"[2, 877]","[-5, 0, 0, 0, 0, 0, 0, 0]","[2, 3, 5, 7, 11, 13, 17, 19]"
879/32,27.46875000,879,32,"[2, 3, 293]","[-5, 1, 0, 0, 0, 0, 0, 0]","[2, 3, 5, 7, 11, 13, 17, 19]"
881/32,27.53125000,881,32,"[2, 881]","[-5, 0, 0, 0, 0, 0, 0, 0]","[2, 3, 5, 7, 11, 13, 17, 19]"
883/32,27.59375000,883,32,"[2, 883]","[-5, 0, 0, 0, 0, 0, 0, 0]","[2, 3, 5, 7, 11, 13, 17, 19]"
885/32,27.65625000,885,32,"[2, 3, 5, 59]","[-5, 1, 1, 0, 0, 0, 0, 0]","[2, 3, 5, 7, 11, 13, 17, 19]"
887/32,27.71875000,887,32,"[2, 887]","[-5, 0, 0, 0, 0, 0, 0, 0]","[2, 3, 5, 7, 11, 13, 17, 19]"
889/32,27.78125000,889,32,"[2, 7, 127]","[-5, 0, 0, 1, 0, 0, 0, 0]","[2, 3, 5, 7, 11, 13, 17, 19]"
891/32,27.84375000,891,32,"[2, 3, 11]","[-5, 4, 0, 0, 1, 0, 0, 0]","[2, 3, 5, 7, 11, 13, 17, 19]"
893/32,27.90625000,893,32,"[2, 19, 47]","[-5, 0, 0, 0, 0, 0, 0, 1]","[2, 3, 5, 7, 11, 13, 17, 19]"
895/32,27.96875000,895,32,"[2, 5, 179]","[-5, 0, 1, 0, 0, 0, 0, 0]","[2, 3, 5, 7, 11, 13, 17, 19]"
897/32,28.03125000,897,32,"[2, 3, 13, 23]","[-5, 1, 0, 0, 0, 1, 0, 0]","[2, 3, 5, 7, 11, 13, 17, 19]"
899/32,28.09375000,899,32,"[2, 29, 31]","[-5, 0, 0, 0, 0, 0, 0, 0]","[2, 3, 5, 7, 11, 13, 17, 19]"
901/32,28.15625000,901,32,"[2, 17, 53]","[-5, 0, 0, 0, 0, 0, 1, 0]","[2, 3, 5, 7, 11, 13, 17, 19]"
903/32,28.21875000,903,32,"[2, 3, 7, 43]","[-5, 1, 0, 1, 0, 0, 0, 0]","[2, 3, 5, 7, 11, 13, 17, 19]"
905/32,28.28125000,905,32,"[2, 5, 181]","[-5, 0, 1, 0, 0, 0, 0, 0]","[2, 3, 5, 7, 11, 13, 17, 19]"
907/32,28.34375000,907,32,"[2, 907]","[-5, 0, 0, 0, 0, 0, 0, 0]","[2, 3, 5, 7, 11, 13, 17, 19]"
909/32,28.40625000,909,32,"[2, 3, 101]","[-5, 2, 0, 0, 0, 0, 0, 0]","[2, 3, 5, 7, 11, 13, 17, 19]"
911/32,28.46875000,911,32,"[2, 911]","[-5, 0, 0, 0, 0, 0, 0, 0]","[2, 3, 5, 7, 11, 13, 17, 19]"
913/32,28.53125000,913,32,"[2, 11, 83]","[-5, 0, 0, 0, 1, 0, 0, 0]","[2, 3, 5, 7, 11, 13, 17, 19]"
915/32,28.59375000,915,32,"[2, 3, 5, 61]","[-5, 1, 1, 0, 0, 0, 0, 0]","[2, 3, 5, 7, 11, 13, 17, 19]"
917/32,28.65625000,917,32,"[2, 7, 131]","[-5, 0, 0, 1, 0, 0, 0, 0]","[2, 3, 5, 7, 11, 13, 17, 19]"
919/32,28.71875000,919,32,"[2, 919]","[-5, 0, 0, 0, 0, 0, 0, 0]","[2, 3, 5, 7, 11, 13, 17, 19]"
921/32,28.78125000,921,32,"[2, 3, 307]","[-5, 1, 0, 0, 0, 0, 0, 0]","[2, 3, 5, 7, 11, 13, 17, 19]"
923/32,28.84375000,923,32,"[2, 13, 71]","[-5, 0, 0, 0, 0, 1, 0, 0]","[2, 3, 5, 7, 11, 13, 17, 19]"
925/32,28.90625000,925,32,"[2, 5, 37]","[-5, 0, 2, 0, 0, 0, 0, 0]","[2, 3, 5, 7, 11, 13, 17, 19]"
927/32,28.96875000,927,32,"[2, 3, 103]","[-5, 2, 0, 0, 0, 0, 0, 0]","[2, 3, 5, 7, 11, 13, 17, 19]"
929/32,29.03125000,929,32,"[2, 929]","[-5, 0, 0, 0, 0, 0, 0, 0]","[2, 3, 5, 7, 11, 13, 17, 19]"
931/32,29.09375000,931,32,"[2, 7, 19]","[-5, 0, 0, 2, 0, 0, 0, 1]","[2, 3, 5, 7, 11, 13, 17, 19]"
933/32,29.15625000,933,32,"[2, 3, 311]","[-5, 1, 0, 0, 0, 0, 0, 0]","[2, 3, 5, 7, 11, 13, 17, 19]"
935/32,29.21875000,935,32,"[2, 5, 11, 17]","[-5, 0, 1, 0, 1, 0, 1, 0]","[2, 3, 5, 7, 11, 13, 17, 19]"
937/32,29.28125000,937,32,"[2, 937]","[-5, 0, 0, 0, 0, 0, 0, 0]","[2, 3, 5, 7, 11, 13, 17, 19]"
939/32,29.34375000,939,32,"[2, 3, 313]","[-5, 1, 0, 0, 0, 0, 0, 0]","[2, 3, 5, 7, 11, 13, 17, 19]"
941/32,29.40625000,941,32,"[2, 941]","[-5, 0, 0, 0, 0, 0, 0, 0]","[2, 3, 5, 7, 11, 13, 17, 19]"
943/32,29.46875000,943,32,"[2, 23, 41]","[-5, 0, 0, 0, 0, 0, 0, 0]","[2, 3, 5, 7, 11, 13, 17, 19]"
945/32,29.53125000,945,32,"[2, 3, 5, 7]","[-5, 3, 1, 1, 0, 0, 0, 0]","[2, 3, 5, 7, 11, 13, 17, 19]"
947/32,29.59375000,947,32,"[2, 947]","[-5, 0, 0, 0, 0, 0, 0, 0]","[2, 3, 5, 7, 11, 13, 17, 19]"
949/32,29.65625000,949,32,"[2, 13, 73]","[-5, 0, 0, 0, 0, 1, 0, 0]","[2, 3, 5, 7, 11, 13, 17, 19]"
951/32,29.71875000,951,32,"[2, 3, 317]","[-5, 1, 0, 0, 0, 0, 0, 0]","[2, 3, 5, 7, 11, 13, 17, 19]"
953/32,29.78125000,953,32,"[2, 953]","[-5, 0, 0, 0, 0, 0, 0, 0]","[2, 3, 5, 7, 11, 13, 17, 19]"
955/32,29.84375000,955,32,"[2, 5, 191]","[-5, 0, 1, 0, 0, 0, 0, 0]","[2, 3, 5, 7, 11, 13, 17, 19]"
957/32,29.90625000,957,32,"[2, 3, 11, 29]","[-5, 1, 0, 0, 1, 0, 0, 0]","[2, 3, 5, 7, 11, 13, 17, 19]"
959/32,29.96875000,959,32,"[2, 7, 137]","[-5, 0, 0, 1, 0, 0, 0, 0]","[2, 3, 5, 7, 11, 13, 17, 19]"
961/32,30.03125000,961,32,"[2, 31]","[-5, 0, 0, 0, 0, 0, 0, 0]","[2, 3, 5, 7, 11, 13, 17, 19]"
963/32,30.09375000,963,32,"[2, 3, 107]","[-5, 2, 0, 0, 0, 0, 0, 0]","[2, 3, 5, 7, 11, 13, 17, 19]"
965/32,30.15625000,965,32,"[2, 5, 193]","[-5, 0, 1, 0, 0, 0, 0, 0]","[2, 3, 5, 7, 11, 13, 17, 19]"
967/32,30.21875000,967,32,"[2, 967]","[-5, 0, 0, 0, 0, 0, 0, 0]","[2, 3, 5, 7, 11, 13, 17, 19]"
969/32,30.28125000,969,32,"[2, 3, 17, 19]","[-5, 1, 0, 0, 0, 0, 1, 1]","[2, 3, 5, 7, 11, 13, 17, 19]"
971/32,30.34375000,971,32,"[2, 971]","[-5, 0, 0, 0, 0, 0, 0, 0]","[2, 3, 5, 7, 11, 13, 17, 19]"
973/32,30.40625000,973,32,"[2, 7, 139]","[-5, 0, 0, 1, 0, 0, 0, 0]","[2, 3, 5, 7, 11, 13, 17, 19]"
975/32,30.46875000,975,32,"[2, 3, 5, 13]","[-5, 1, 2, 0, 0, 1, 0, 0]","[2, 3, 5, 7, 11, 13, 17, 19]"
977/32,30.53125000,977,32,"[2, 977]","[-5, 0, 0, 0, 0, 0, 0, 0]","[2, 3, 5, 7, 11, 13, 17, 19]"
979/32,30.59375000,979,32,"[2, 11, 89]","[-5, 0, 0, 0, 1, 0, 0, 0]","[2, 3, 5, 7, 11, 13, 17, 19]"
981/32,30.65625000,981,32,"[2, 3, 109]","[-5, 2, 0, 0, 0, 0, 0, 0]","[2, 3, 5, 7, 11, 13, 17, 19]"
983/32,30.71875000,983,32,"[2, 983]","[-5, 0, 0, 0, 0, 0, 0, 0]","[2, 3, 5, 7, 11, 13, 17, 19]"
985/32,30.78125000,985,32,"[2, 5, 197]","[-5, 0, 1, 0, 0, 0, 0, 0]","[2, 3, 5, 7, 11, 13, 17, 19]"
987/32,30.84375000,987,32,"[2, 3, 7, 47]","[-5, 1, 0, 1, 0, 0, 0, 0]","[2, 3, 5, 7, 11, 13, 17, 19]"
989/32,30.90625000,989,32,"[2, 23, 43]","[-5, 0, 0, 0, 0, 0, 0, 0]","[2, 3, 5, 7, 11, 13, 17, 19]"
991/32,30.96875000,991,32,"[2, 991]","[-5, 0, 0, 0, 0, 0, 0, 0]","[2, 3, 5, 7, 11, 13, 17, 19]"
993/32,31.03125000,993,32,"[2, 3, 331]","[-5, 1, 0, 0, 0, 0, 0, 0]","[2, 3, 5, 7, 11, 13, 17, 19]"
995/32,31.09375000,995,32,"[2, 5, 199]","[-5, 0, 1, 0, 0, 0, 0, 0]","[2, 3, 5, 7, 11, 13, 17, 19]"
997/32,31.15625000,997,32,"[2, 997]","[-5, 0, 0, 0, 0, 0, 0, 0]","[2, 3, 5, 7, 11, 13, 17, 19]"
999/32,31.21875000,999,32,"[2, 3, 37]","[-5, 3, 0, 0, 0, 0, 0, 0]","[2, 3, 5, 7, 11, 13, 17, 19]"
1001/32,31.28125000,1001,32,"[2, 7, 11, 13]","[-5, 0, 0, 1, 1, 1, 0, 0]","[2, 3, 5, 7, 11, 13, 17, 19]"
1003/32,31.34375000,1003,32,"[2, 17, 59]","[-5, 0, 0, 0, 0, 0, 1, 0]","[2, 3, 5, 7, 11, 13, 17, 19]"
1005/32,31.40625000,1005,32,"[2, 3, 5, 67]","[-5, 1, 1, 0, 0, 0, 0, 0]","[2, 3, 5, 7, 11, 13, 17, 19]"
1007/32,31.46875000,1007,32,"[2, 19, 53]","[-5, 0, 0, 0, 0, 0, 0, 1]","[2, 3, 5, 7, 11, 13, 17, 19]"
1009/32,31.53125000,1009,32,"[2, 1009]","[-5, 0, 0, 0, 0, 0, 0, 0]","[2, 3, 5, 7, 11, 13, 17, 19]"
1011/32,31.59375000,1011,32,"[2, 3, 337]","[-5, 1, 0, 0, 0, 0, 0, 0]","[2, 3, 5, 7, 11, 13, 17, 19]"
1013/32,31.65625000,1013,32,"[2, 1013]","[-5, 0, 0, 0, 0, 0, 0, 0]","[2, 3, 5, 7, 11, 13, 17, 19]"
1015/32,31.71875000,1015,32,"[2, 5, 7, 29]","[-5, 0, 1, 1, 0, 0, 0, 0]","[2, 3, 5, 7, 11, 13, 17, 19]"
1017/32,31.78125000,1017,32,"[2, 3, 113]","[-5, 2, 0, 0, 0, 0, 0, 0]","[2, 3, 5, 7, 11, 13, 17, 19]"
1019/32,31.84375000,1019,32,"[2, 1019]","[-5, 0, 0, 0, 0, 0, 0, 0]","[2, 3, 5, 7, 11, 13, 17, 19]"
1021/32,31.90625000,1021,32,"[2, 1021]","[-5, 0, 0, 0, 0, 0, 0, 0]","[2, 3, 5, 7, 11, 13, 17, 19]"
1023/32,31.96875000,1023,32,"[2, 3, 11, 31]","[-5, 1, 0, 0, 1, 0, 0, 0]","[2, 3, 5, 7, 11, 13, 17, 19]"
1025/32,32.03125000,1025,32,"[2, 5, 41]","[-5, 0, 2, 0, 0, 0, 0, 0]","[2, 3, 5, 7, 11, 13, 17, 19]"
1027/32,32.09375000,1027,32,"[2, 13, 79]","[-5, 0, 0, 0, 0, 1, 0, 0]","[2, 3, 5, 7, 11, 13, 17, 19]"
1029/32,32.15625000,1029,32,"[2, 3, 7]","[-5, 1, 0, 3, 0, 0, 0, 0]","[2, 3, 5, 7, 11, 13, 17, 19]"
1031/32,32.21875000,1031,32,"[2, 1031]","[-5, 0, 0, 0, 0, 0, 0, 0]","[2, 3, 5, 7, 11, 13, 17, 19]"
1033/32,32.28125000,1033,32,"[2, 1033]","[-5, 0, 0, 0, 0, 0, 0, 0]","[2, 3, 5, 7, 11, 13, 17, 19]"
1035/32,32.34375000,1035,32,"[2, 3, 5, 23]","[-5, 2, 1, 0, 0, 0, 0, 0]","[2, 3, 5, 7, 11, 13, 17, 19]"
1037/32,32.40625000,1037,32,"[2, 17, 61]","[-5, 0, 0, 0, 0, 0, 1, 0]","[2, 3, 5, 7, 11, 13, 17, 19]"
1039/32,32.46875000,1039,32,"[2, 1039]","[-5, 0, 0, 0, 0, 0, 0, 0]","[2, 3, 5, 7, 11, 13, 17, 19]"
1041/32,32.53125000,1041,32,"[2, 3, 347]","[-5, 1, 0, 0, 0, 0, 0, 0]","[2, 3, 5, 7, 11, 13, 17, 19]"
1043/32,32.59375000,1043,32,"[2, 7, 149]","[-5, 0, 0, 1, 0, 0, 0, 0]","[2, 3, 5, 7, 11, 13, 17, 19]"
1045/32,32.65625000,1045,32,"[2, 5, 11, 19]","[-5, 0, 1, 0, 1, 0, 0, 1]","[2, 3, 5, 7, 11, 13, 17, 19]"
1047/32,32.71875000,1047,32,"[2, 3, 349]","[-5, 1, 0, 0, 0, 0, 0, 0]","[2, 3, 5, 7, 11, 13, 17, 19]"
1049/32,32.78125000,1049,32,"[2, 1049]","[-5, 0, 0, 0, 0, 0, 0, 0]","[2, 3, 5, 7, 11, 13, 17, 19]"
1051/32,32.84375000,1051,32,"[2, 1051]","[-5, 0, 0, 0, 0, 0, 0, 0]","[2, 3, 5, 7, 11, 13, 17, 19]"
1053/32,32.90625000,1053,32,"[2, 3, 13]","[-5, 4, 0, 0, 0, 1, 0, 0]","[2, 3, 5, 7, 11, 13, 17, 19]"
1055/32,32.96875000,1055,32,"[2, 5, 211]","[-5, 0, 1, 0, 0, 0, 0, 0]","[2, 3, 5, 7, 11, 13, 17, 19]"
1057/32,33.03125000,1057,32,"[2, 7, 151]","[-5, 0, 0, 1, 0, 0, 0, 0]","[2, 3, 5, 7, 11, 13, 17, 19]"
1059/32,33.09375000,1059,32,"[2, 3, 353]","[-5, 1, 0, 0, 0, 0, 0, 0]","[2, 3, 5, 7, 11, 13, 17, 19]"
1061/32,33.15625000,1061,32,"[2, 1061]","[-5, 0, 0, 0, 0, 0, 0, 0]","[2, 3, 5, 7, 11, 13, 17, 19]"
1063/32,33.21875000,1063,32,"[2, 1063]","[-5, 0, 0, 0, 0, 0, 0, 0]","[2, 3, 5, 7, 11, 13, 17, 19]"
1065/32,33.28125000,1065,32,"[2, 3, 5, 71]","[-5, 1, 1, 0, 0, 0, 0, 0]","[2, 3, 5, 7, 11, 13, 17, 19]"
1067/32,33.34375000,1067,32,"[2, 11, 97]","[-5, 0, 0, 0, 1, 0, 0, 0]","[2, 3, 5, 7, 11, 13, 17, 19]"
1069/32,33.40625000,1069,32,"[2, 1069]","[-5, 0, 0, 0, 0, 0, 0, 0]","[2, 3, 5, 7, 11, 13, 17, 19]"
1071/32,33.46875000,1071,32,"[2, 3, 7, 17]","[-5, 2, 0, 1, 0, 0, 1, 0]","[2, 3, 5, 7, 11, 13, 17, 19]"
1073/32,33.53125000,1073,32,"[2, 29, 37]","[-5, 0, 0, 0, 0, 0, 0, 0]","[2, 3, 5, 7, 11, 13, 17, 19]"
1075/32,33.59375000,1075,32,"[2, 5, 43]","[-5, 0, 2, 0, 0, 0, 0, 0]","[2, 3, 5, 7, 11, 13, 17, 19]"
1077/32,33.65625000,1077,32,"[2, 3, 359]","[-5, 1, 0, 0, 0, 0, 0, 0]","[2, 3, 5, 7, 11, 13, 17, 19]"
1079/32,33.71875000,1079,32,"[2, 13, 83]","[-5, 0, 0, 0, 0, 1, 0, 0]","[2, 3, 5, 7, 11, 13, 17, 19]"
1081/32,33.78125000,1081,32,"[2, 23, 47]","[-5, 0, 0, 0, 0, 0, 0, 0]","[2, 3, 5, 7, 11, 13, 17, 19]"
1083/32,33.84375000,1083,32,"[2, 3, 19]","[-5, 1, 0, 0, 0, 0, 0, 2]","[2, 3, 5, 7, 11, 13, 17, 19]"
1085/32,33.90625000,1085,32,"[2, 5, 7, 31]","[-5, 0, 1, 1, 0, 0, 0, 0]","[2, 3, 5, 7, 11, 13, 17, 19]"
1087/32,33.96875000,1087,32,"[2, 1087]","[-5, 0, 0, 0, 0, 0, 0, 0]","[2, 3, 5, 7, 11, 13, 17, 19]"
1089/32,34.03125000,1089,32,"[2, 3, 11]","[-5, 2, 0, 0, 2, 0, 0, 0]","[2, 3, 5, 7, 11, 13, 17, 19]"
1091/32,34.09375000,1091,32,"[2, 1091]","[-5, 0, 0, 0, 0, 0, 0, 0]","[2, 3, 5, 7, 11, 13, 17, 19]"
1093/32,34.15625000,1093,32,"[2, 1093]","[-5, 0, 0, 0, 0, 0, 0, 0]","[2, 3, 5, 7, 11, 13, 17, 19]"
1095/32,34.21875000,1095,32,"[2, 3, 5, 73]","[-5, 1, 1, 0, 0, 0, 0, 0]","[2, 3, 5, 7, 11, 13, 17, 19]"
1097/32,34.28125000,1097,32,"[2, 1097]","[-5, 0, 0, 0, 0, 0, 0, 0]","[2, 3, 5, 7, 11, 13, 17, 19]"
1099/32,34.34375000,1099,32,"[2, 7, 157]","[-5, 0, 0, 1, 0, 0, 0, 0]","[2, 3, 5, 7, 11, 13, 17, 19]"
1101/32,34.40625000,1101,32,"[2, 3, 367]","[-5, 1, 0, 0, 0, 0, 0, 0]","[2, 3, 5, 7, 11, 13, 17, 19]"
1103/32,34.46875000,1103,32,"[2, 1103]","[-5, 0, 0, 0, 0, 0, 0, 0]","[2, 3, 5, 7, 11, 13, 17, 19]"
1105/32,34.53125000,1105,32,"[2, 5, 13, 17]","[-5, 0, 1, 0, 0, 1, 1, 0]","[2, 3, 5, 7, 11, 13, 17, 19]"
1107/32,34.59375000,1107,32,"[2, 3, 41]","[-5, 3, 0, 0, 0, 0, 0, 0]","[2, 3, 5, 7, 11, 13, 17, 19]"
1109/32,34.65625000,1109,32,"[2, 1109]","[-5, 0, 0, 0, 0, 0, 0, 0]","[2, 3, 5, 7, 11, 13, 17, 19]"
1111/32,34.71875000,1111,32,"[2, 11, 101]","[-5, 0, 0, 0, 1, 0, 0, 0]","[2, 3, 5, 7, 11, 13, 17, 19]"
1113/32,34.78125000,1113,32,"[2, 3, 7, 53]","[-5, 1, 0, 1, 0, 0, 0, 0]","[2, 3, 5, 7, 11, 13, 17, 19]"
1115/32,34.84375000,1115,32,"[2, 5, 223]","[-5, 0, 1, 0, 0, 0, 0, 0]","[2, 3, 5, 7, 11, 13, 17, 19]"
1117/32,34.90625000,1117,32,"[2, 1117]","[-5, 0, 0, 0, 0, 0, 0, 0]","[2, 3, 5, 7, 11, 13, 17, 19]"
1119/32,34.96875000,1119,32,"[2, 3, 373]","[-5, 1, 0, 0, 0, 0, 0, 0]","[2, 3, 5, 7, 11, 13, 17, 19]"
1121/32,35.03125000,1121,32,"[2, 19, 59]","[-5, 0, 0, 0, 0, 0, 0, 1]","[2, 3, 5, 7, 11, 13, 17, 19]"
1123/32,35.09375000,1123,32,"[2, 1123]","[-5, 0, 0, 0, 0, 0, 0, 0]","[2, 3, 5, 7, 11, 13, 17, 19]"
1125/32,35.15625000,1125,32,"[2, 3, 5]","[-5, 2, 3, 0, 0, 0, 0, 0]","[2, 3, 5, 7, 11, 13, 17, 19]"
1127/32,35.21875000,1127,32,"[2, 7, 23]","[-5, 0, 0, 2, 0, 0, 0, 0]","[2, 3, 5, 7, 11, 13, 17, 19]"
1129/32,35.28125000,1129,32,"[2, 1129]","[-5, 0, 0, 0, 0, 0, 0, 0]","[2, 3, 5, 7, 11, 13, 17, 19]"
1131/32,35.34375000,1131,32,"[2, 3, 13, 29]","[-5, 1, 0, 0, 0, 1, 0, 0]","[2, 3, 5, 7, 11, 13, 17, 19]"
1133/32,35.40625000,1133,32,"[2, 11, 103]","[-5, 0, 0, 0, 1, 0, 0, 0]","[2, 3, 5, 7, 11, 13, 17, 19]"
1135/32,35.46875000,1135,32,"[2, 5, 227]","[-5, 0, 1, 0, 0, 0, 0, 0]","[2, 3, 5, 7, 11, 13, 17, 19]"
1137/32,35.53125000,1137,32,"[2, 3, 379]","[-5, 1, 0, 0, 0, 0, 0, 0]","[2, 3, 5, 7, 11, 13, 17, 19]"
1139/32,35.59375000,1139,32,"[2, 17, 67]","[-5, 0, 0, 0, 0, 0, 1, 0]","[2, 3, 5, 7, 11, 13, 17, 19]"
1141/32,35.65625000,1141,32,"[2, 7, 163]","[-5, 0, 0, 1, 0, 0, 0, 0]","[2, 3, 5, 7, 11, 13, 17, 19]"
1143/32,35.71875000,1143,32,"[2, 3, 127]","[-5, 2, 0, 0, 0, 0, 0, 0]","[2, 3, 5, 7, 11, 13, 17, 19]"
1145/32,35.78125000,1145,32,"[2, 5, 229]","[-5, 0, 1, 0, 0, 0, 0, 0]","[2, 3, 5, 7, 11, 13, 17, 19]"
1147/32,35.84375000,1147,32,"[2, 31, 37]","[-5, 0, 0, 0, 0, 0, 0, 0]","[2, 3, 5, 7, 11, 13, 17, 19]"
1149/32,35.90625000,1149,32,"[2, 3, 383]","[-5, 1, 0, 0, 0, 0, 0, 0]","[2, 3, 5, 7, 11, 13, 17, 19]"
1151/32,35.96875000,1151,32,"[2, 1151]","[-5, 0, 0, 0, 0, 0, 0, 0]","[2, 3, 5, 7, 11, 13, 17, 19]"
1153/32,36.03125000,1153,32,"[2, 1153]","[-5, 0, 0, 0, 0, 0, 0, 0]","[2, 3, 5, 7, 11, 13, 17, 19]"
1155/32,36.09375000,1155,32,"[2, 3, 5, 7, 11]","[-5, 1, 1, 1, 1, 0, 0, 0]","[2, 3, 5, 7, 11, 13, 17, 19]"
1157/32,36.15625000,1157,32,"[2, 13, 89]","[-5, 0, 0, 0, 0, 1, 0, 0]","[2, 3, 5, 7, 11, 13, 17, 19]"
1159/32,36.21875000,1159,32,"[2, 19, 61]","[-5, 0, 0, 0, 0, 0, 0, 1]","[2, 3, 5, 7, 11, 13, 17, 19]"
1161/32,36.28125000,1161,32,"[2, 3, 43]","[-5, 3, 0, 0, 0, 0, 0, 0]","[2, 3, 5, 7, 11, 13, 17, 19]"
1163/32,36.34375000,1163,32,"[2, 1163]","[-5, 0, 0, 0, 0, 0, 0, 0]","[2, 3, 5, 7, 11, 13, 17, 19]"
1165/32,36.40625000,1165,32,"[2, 5, 233]","[-5, 0, 1, 0, 0, 0, 0, 0]","[2, 3, 5, 7, 11, 13, 17, 19]"
1167/32,36.46875000,1167,32,"[2, 3, 389]","[-5, 1, 0, 0, 0, 0, 0, 0]","[2, 3, 5, 7, 11, 13, 17, 19]"
1169/32,36.53125000,1169,32,"[2, 7, 167]","[-5, 0, 0, 1, 0, 0, 0, 0]","[2, 3, 5, 7, 11, 13, 17, 19]"
1171/32,36.59375000,1171,32,"[2, 1171]","[-5, 0, 0, 0, 0, 0, 0, 0]","[2, 3, 5, 7, 11, 13, 17, 19]"
1173/32,36.65625000,1173,32,"[2, 3, 17, 23]","[-5, 1, 0, 0, 0, 0, 1, 0]","[2, 3, 5, 7, 11, 13, 17, 19]"
1175/32,36.71875000,1175,32,"[2, 5, 47]","[-5, 0, 2, 0, 0, 0, 0, 0]","[2, 3, 5, 7, 11, 13, 17, 19]"
1177/32,36.78125000,1177,32,"[2, 11, 107]","[-5, 0, 0, 0, 1, 0, 0, 0]","[2, 3, 5, 7, 11, 13, 17, 19]"
1179/32,36.84375000,1179,32,"[2, 3, 131]","[-5, 2, 0, 0, 0, 0, 0, 0]","[2, 3, 5, 7, 11, 13, 17, 19]"
1181/32,36.90625000,1181,32,"[2, 1181]","[-5, 0, 0, 0, 0, 0, 0, 0]","[2, 3, 5, 7, 11, 13, 17, 19]"
1183/32,36.96875000,1183,32,"[2, 7, 13]","[-5, 0, 0, 1, 0, 2, 0, 0]","[2, 3, 5, 7, 11, 13, 17, 19]"
1185/32,37.03125000,1185,32,"[2, 3, 5, 79]","[-5, 1, 1, 0, 0, 0, 0, 0]","[2, 3, 5, 7, 11, 13, 17, 19]"
1187/32,37.09375000,1187,32,"[2, 1187]","[-5, 0, 0, 0, 0, 0, 0, 0]","[2, 3, 5, 7, 11, 13, 17, 19]"
1189/32,37.15625000,1189,32,"[2, 29, 41]","[-5, 0, 0, 0, 0, 0, 0, 0]","[2, 3, 5, 7, 11, 13, 17, 19]"
1191/32,37.21875000,1191,32,"[2, 3, 397]","[-5, 1, 0, 0, 0, 0, 0, 0]","[2, 3, 5, 7, 11, 13, 17, 19]"
1193/32,37.28125000,1193,32,"[2, 1193]","[-5, 0, 0, 0, 0, 0, 0, 0]","[2, 3, 5, 7, 11, 13, 17, 19]"
1195/32,37.34375000,1195,32,"[2, 5, 239]","[-5, 0, 1, 0, 0, 0, 0, 0]","[2, 3, 5, 7, 11, 13, 17, 19]"
1197/32,37.40625000,1197,32,"[2, 3, 7, 19]","[-5, 2, 0, 1, 0, 0, 0, 1]","[2, 3, 5, 7, 11, 13, 17, 19]"
1199/32,37.46875000,1199,32,"[2, 11, 109]","[-5, 0, 0, 0, 1, 0, 0, 0]","[2, 3, 5, 7, 11, 13, 17, 19]"
1201/32,37.53125000,1201,32,"[2, 1201]","[-5, 0, 0, 0, 0, 0, 0, 0]","[2, 3, 5, 7, 11, 13, 17, 19]"
1203/32,37.59375000,1203,32,"[2, 3, 401]","[-5, 1, 0, 0, 0, 0, 0, 0]","[2, 3, 5, 7, 11, 13, 17, 19]"
1205/32,37.65625000,1205,32,"[2, 5, 241]","[-5, 0, 1, 0, 0, 0, 0, 0]","[2, 3, 5, 7, 11, 13, 17, 19]"
1207/32,37.71875000,1207,32,"[2, 17, 71]","[-5, 0, 0, 0, 0, 0, 1, 0]","[2, 3, 5, 7, 11, 13, 17, 19]"
1209/32,37.78125000,1209,32,"[2, 3, 13, 31]","[-5, 1, 0, 0, 0, 1, 0, 0]","[2, 3, 5, 7, 11, 13, 17, 19]"
1211/32,37.84375000,1211,32,"[2, 7, 173]","[-5, 0, 0, 1, 0, 0, 0, 0]","[2, 3, 5, 7, 11, 13, 17, 19]"
1213/32,37.90625000,1213,32,"[2, 1213]","[-5, 0, 0, 0, 0, 0, 0, 0]","[2, 3, 5, 7, 11, 13, 17, 19]"
1215/32,37.96875000,1215,32,"[2, 3, 5]","[-5, 5, 1, 0, 0, 0, 0, 0]","[2, 3, 5, 7, 11, 13, 17, 19]"
1217/32,38.03125000,1217,32,"[2, 1217]","[-5, 0, 0, 0, 0, 0, 0, 0]","[2, 3, 5, 7, 11, 13, 17, 19]"
1219/32,38.09375000,1219,32,"[2, 23, 53]","[-5, 0, 0, 0, 0, 0, 0, 0]","[2, 3, 5, 7, 11, 13, 17, 19]"
1221/32,38.15625000,1221,32,"[2, 3, 11, 37]","[-5, 1, 0, 0, 1, 0, 0, 0]","[2, 3, 5, 7, 11, 13, 17, 19]"
1223/32,38.21875000,1223,32,"[2, 1223]","[-5, 0, 0, 0, 0, 0, 0, 0]","[2, 3, 5, 7, 11, 13, 17, 19]"
1225/32,38.28125000,1225,32,"[2, 5, 7]","[-5, 0, 2, 2, 0, 0, 0, 0]","[2, 3, 5, 7, 11, 13, 17, 19]"
1227/32,38.34375000,1227,32,"[2, 3, 409]","[-5, 1, 0, 0, 0, 0, 0, 0]","[2, 3, 5, 7, 11, 13, 17, 19]"
1229/32,38.40625000,1229,32,"[2, 1229]","[-5, 0, 0, 0, 0, 0, 0, 0]","[2, 3, 5, 7, 11, 13, 17, 19]"
1231/32,38.46875000,1231,32,"[2, 1231]","[-5, 0, 0, 0, 0, 0, 0, 0]","[2, 3, 5, 7, 11, 13, 17, 19]"
1233/32,38.53125000,1233,32,"[2, 3, 137]","[-5, 2, 0, 0, 0, 0, 0, 0]","[2, 3, 5, 7, 11, 13, 17, 19]"
1235/32,38.59375000,1235,32,"[2, 5, 13, 19]","[-5, 0, 1, 0, 0, 1, 0, 1]","[2, 3, 5, 7, 11, 13, 17, 19]"
1237/32,38.65625000,1237,32,"[2, 1237]","[-5, 0, 0, 0, 0, 0, 0, 0]","[2, 3, 5, 7, 11, 13, 17, 19]"
1239/32,38.71875000,1239,32,"[2, 3, 7, 59]","[-5, 1, 0, 1, 0, 0, 0, 0]","[2, 3, 5, 7, 11, 13, 17, 19]"
1241/32,38.78125000,1241,32,"[2, 17, 73]","[-5, 0, 0, 0, 0, 0, 1, 0]","[2, 3, 5, 7, 11, 13, 17, 19]"
1243/32,38.84375000,1243,32,"[2, 11, 113]","[-5, 0, 0, 0, 1, 0, 0, 0]","[2, 3, 5, 7, 11, 13, 17, 19]"
1245/32,38.90625000,1245,32,"[2, 3, 5, 83]","[-5, 1, 1, 0, 0, 0, 0, 0]","[2, 3, 5, 7, 11, 13, 17, 19]"
1247/32,38.96875000,1247,32,"[2, 29, 43]","[-5, 0, 0, 0, 0, 0, 0, 0]","[2, 3, 5, 7, 11, 13, 17, 19]"
1249/32,39.03125000,1249,32,"[2, 1249]","[-5, 0, 0, 0, 0, 0, 0, 0]","[2, 3, 5, 7, 11, 13, 17, 19]"
1251/32,39.09375000,1251,32,"[2, 3, 139]","[-5, 2, 0, 0, 0, 0, 0, 0]","[2, 3, 5, 7, 11, 13, 17, 19]"
1253/32,39.15625000,1253,32,"[2, 7, 179]","[-5, 0, 0, 1, 0, 0, 0, 0]","[2, 3, 5, 7, 11, 13, 17, 19]"
1255/32,39.21875000,1255,32,"[2, 5, 251]","[-5, 0, 1, 0, 0, 0, 0, 0]","[2, 3, 5, 7, 11, 13, 17, 19]"
1257/32,39.28125000,1257,32,"[2, 3, 419]","[-5, 1, 0, 0, 0, 0, 0, 0]","[2, 3, 5, 7, 11, 13, 17, 19]"
1259/32,39.34375000,1259,32,"[2, 1259]","[-5, 0, 0, 0, 0, 0, 0, 0]","[2, 3, 5, 7, 11, 13, 17, 19]"
1261/32,39.40625000,1261,32,"[2, 13, 97]","[-5, 0, 0, 0, 0, 1, 0, 0]","[2, 3, 5, 7, 11, 13, 17, 19]"
1263/32,39.46875000,1263,32,"[2, 3, 421]","[-5, 1, 0, 0, 0, 0, 0, 0]","[2, 3, 5, 7, 11, 13, 17, 19]"
1265/32,39.53125000,1265,32,"[2, 5, 11, 23]","[-5, 0, 1, 0, 1, 0, 0, 0]","[2, 3, 5, 7, 11, 13, 17, 19]"
1267/32,39.59375000,1267,32,"[2, 7, 181]","[-5, 0, 0, 1, 0, 0, 0, 0]","[2, 3, 5, 7, 11, 13, 17, 19]"
1269/32,39.65625000,1269,32,"[2, 3, 47]","[-5, 3, 0, 0, 0, 0, 0, 0]","[2, 3, 5, 7, 11, 13, 17, 19]"
1271/32,39.71875000,1271,32,"[2, 31, 41]","[-5, 0, 0, 0, 0, 0, 0, 0]","[2, 3, 5, 7, 11, 13, 17, 19]"
1273/32,39.78125000,1273,32,"[2, 19, 67]","[-5, 0, 0, 0, 0, 0, 0, 1]","[2, 3, 5, 7, 11, 13, 17, 19]"
1275/32,39.84375000,1275,32,"[2, 3, 5, 17]","[-5, 1, 2, 0, 0, 0, 1, 0]","[2, 3, 5, 7, 11, 13, 17, 19]"
1277/32,39.90625000,1277,32,"[2, 1277]","[-5, 0, 0, 0, 0, 0, 0, 0]","[2, 3, 5, 7, 11, 13, 17, 19]"
1279/32,39.96875000,1279,32,"[2, 1279]","[-5, 0, 0, 0, 0, 0, 0, 0]","[2, 3, 5, 7, 11, 13, 17, 19]"
1281/32,40.03125000,1281,32,"[2, 3, 7, 61]","[-5, 1, 0, 1, 0, 0, 0, 0]","[2, 3, 5, 7, 11, 13, 17, 19]"
1283/32,40.09375000,1283,32,"[2, 1283]","[-5, 0, 0, 0, 0, 0, 0, 0]","[2, 3, 5, 7, 11, 13, 17, 19]"
1285/32,40.15625000,1285,32,"[2, 5, 257]","[-5, 0, 1, 0, 0, 0, 0, 0]","[2, 3, 5, 7, 11, 13, 17, 19]"
1287/32,40.21875000,1287,32,"[2, 3, 11, 13]","[-5, 2, 0, 0, 1, 1, 0, 0]","[2, 3, 5, 7, 11, 13, 17, 19]"
1289/32,40.28125000,1289,32,"[2, 1289]","[-5, 0, 0, 0, 0, 0, 0, 0]","[2, 3, 5, 7, 11, 13, 17, 19]"
1291/32,40.34375000,1291,32,"[2, 1291]","[-5, 0, 0, 0, 0, 0, 0, 0]","[2, 3, 5, 7, 11, 13, 17, 19]"
1293/32,40.40625000,1293,32,"[2, 3, 431]","[-5, 1, 0, 0, 0, 0, 0, 0]","[2, 3, 5, 7, 11, 13, 17, 19]"
1295/32,40.46875000,1295,32,"[2, 5, 7, 37]","[-5, 0, 1, 1, 0, 0, 0, 0]","[2, 3, 5, 7, 11, 13, 17, 19]"
1297/32,40.53125000,1297,32,"[2, 1297]","[-5, 0, 0, 0, 0, 0, 0, 0]","[2, 3, 5, 7, 11, 13, 17, 19]"
1299/32,40.59375000,1299,32,"[2, 3, 433]","[-5, 1, 0, 0, 0, 0, 0, 0]","[2, 3, 5, 7, 11, 13, 17, 19]"
1301/32,40.65625000,1301,32,"[2, 1301]","[-5, 0, 0, 0, 0, 0, 0, 0]","[2, 3, 5, 7, 11, 13, 17, 19]"
1303/32,40.71875000,1303,32,"[2, 1303]","[-5, 0, 0, 0, 0, 0, 0, 0]","[2, 3, 5, 7, 11, 13, 17, 19]"
1305/32,40.78125000,1305,32,"[2, 3, 5, 29]","[-5, 2, 1, 0, 0, 0, 0, 0]","[2, 3, 5, 7, 11, 13, 17, 19]"
1307/32,40.84375000,1307,32,"[2, 1307]","[-5, 0, 0, 0, 0, 0, 0, 0]","[2, 3, 5, 7, 11, 13, 17, 19]"
1309/32,40.90625000,1309,32,"[2, 7, 11, 17]","[-5, 0, 0, 1, 1, 0, 1, 0]","[2, 3, 5, 7, 11, 13, 17, 19]"
1311/32,40.96875000,1311,32,"[2, 3, 19, 23]","[-5, 1, 0, 0, 0, 0, 0, 1]","[2, 3, 5, 7, 11, 13, 17, 19]"
1313/32,41.03125000,1313,32,"[2, 13, 101]","[-5, 0, 0, 0, 0, 1, 0, 0]","[2, 3, 5, 7, 11, 13, 17, 19]"
1315/32,41.09375000,1315,32,"[2, 5, 263]","[-5, 0, 1, 0, 0, 0, 0, 0]","[2, 3, 5, 7, 11, 13, 17, 19]"
1317/32,41.15625000,1317,32,"[2, 3, 439]","[-5, 1, 0, 0, 0, 0, 0, 0]","[2, 3, 5, 7, 11, 13, 17, 19]"
1319/32,41.21875000,1319,32,"[2, 1319]","[-5, 0, 0, 0, 0, 0, 0, 0]","[2, 3, 5, 7, 11, 13, 17, 19]"
1321/32,41.28125000,1321,32,"[2, 1321]","[-5, 0, 0, 0, 0, 0, 0, 0]","[2, 3, 5, 7, 11, 13, 17, 19]"
1323/32,41.34375000,1323,32,"[2, 3, 7]","[-5, 3, 0, 2, 0, 0, 0, 0]","[2, 3, 5, 7, 11, 13, 17, 19]"
1325/32,41.40625000,1325,32,"[2, 5, 53]","[-5, 0, 2, 0, 0, 0, 0, 0]","[2, 3, 5, 7, 11, 13, 17, 19]"
1327/32,41.46875000,1327,32,"[2, 1327]","[-5, 0, 0, 0, 0, 0, 0, 0]","[2, 3, 5, 7, 11, 13, 17, 19]"
1329/32,41.53125000,1329,32,"[2, 3, 443]","[-5, 1, 0, 0, 0, 0, 0, 0]","[2, 3, 5, 7, 11, 13, 17, 19]"
1331/32,41.59375000,1331,32,"[2, 11]","[-5, 0, 0, 0, 3, 0, 0, 0]","[2, 3, 5, 7, 11, 13, 17, 19]"
1333/32,41.65625000,1333,32,"[2, 31, 43]","[-5, 0, 0, 0, 0, 0, 0, 0]","[2, 3, 5, 7, 11, 13, 17, 19]"
1335/32,41.71875000,1335,32,"[2, 3, 5, 89]","[-5, 1, 1, 0, 0, 0, 0, 0]","[2, 3, 5, 7, 11, 13, 17, 19]"
1337/32,41.78125000,1337,32,"[2, 7, 191]","[-5, 0, 0, 1, 0, 0, 0, 0]","[2, 3, 5, 7, 11, 13, 17, 19]"
1339/32,41.84375000,1339,32,"[2, 13, 103]","[-5, 0, 0, 0, 0, 1, 0, 0]","[2, 3, 5, 7, 11, 13, 17, 19]"
1341/32,41.90625000,1341,32,"[2, 3, 149]","[-5, 2, 0, 0, 0, 0, 0, 0]","[2, 3, 5, 7, 11, 13, 17, 19]"
1343/32,41.96875000,1343,32,"[2, 17, 79]","[-5, 0, 0, 0, 0, 0, 1, 0]","[2, 3, 5, 7, 11, 13, 17, 19]"
1345/32,42.03125000,1345,32,"[2, 5, 269]","[-5, 0, 1, 0, 0, 0, 0, 0]","[2, 3, 5, 7, 11, 13, 17, 19]"
1347/32,42.09375000,1347,32,"[2, 3, 449]","[-5, 1, 0, 0, 0, 0, 0, 0]","[2, 3, 5, 7, 11, 13, 17, 19]"
1349/32,42.15625000,1349,32,"[2, 19, 71]","[-5, 0, 0, 0, 0, 0, 0, 1]","[2, 3, 5, 7, 11, 13, 17, 19]"
1351/32,42.21875000,1351,32,"[2, 7, 193]","[-5, 0, 0, 1, 0, 0, 0, 0]","[2, 3, 5, 7, 11, 13, 17, 19]"
1353/32,42.28125000,1353,32,"[2, 3, 11, 41]","[-5, 1, 0, 0, 1, 0, 0, 0]","[2, 3, 5, 7, 11, 13, 17, 19]"
1355/32,42.34375000,1355,32,"[2, 5, 271]","[-5, 0, 1, 0, 0, 0, 0, 0]","[2, 3, 5, 7, 11, 13, 17, 19]"
1357/32,42.40625000,1357,32,"[2, 23, 59]","[-5, 0, 0, 0, 0, 0, 0, 0]","[2, 3, 5, 7, 11, 13, 17, 19]"
1359/32,42.46875000,1359,32,"[2, 3, 151]","[-5, 2, 0, 0, 0, 0, 0, 0]","[2, 3, 5, 7, 11, 13, 17, 19]"
1361/32,42.53125000,1361,32,"[2, 1361]","[-5, 0, 0, 0, 0, 0, 0, 0]","[2, 3, 5, 7, 11, 13, 17, 19]"
1363/32,42.59375000,1363,32,"[2, 29, 47]","[-5, 0, 0, 0, 0, 0, 0, 0]","[2, 3, 5, 7, 11, 13, 17, 19]"
1365/32,42.65625000,1365,32,"[2, 3, 5, 7, 13]","[-5, 1, 1, 1, 0, 1, 0, 0]","[2, 3, 5, 7, 11, 13, 17, 19]"
1367/32,42.71875000,1367,32,"[2, 1367]","[-5, 0, 0, 0, 0, 0, 0, 0]","[2, 3, 5, 7, 11, 13, 17, 19]"
1369/32,42.78125000,1369,32,"[2, 37]","[-5, 0, 0, 0, 0, 0, 0, 0]","[2, 3, 5, 7, 11, 13, 17, 19]"
1371/32,42.84375000,1371,32,"[2, 3, 457]","[-5, 1, 0, 0, 0, 0, 0, 0]","[2, 3, 5, 7, 11, 13, 17, 19]"
1373/32,42.90625000,1373,32,"[2, 1373]","[-5, 0, 0, 0, 0, 0, 0, 0]","[2, 3, 5, 7, 11, 13, 17, 19]"
1375/32,42.96875000,1375,32,"[2, 5, 11]","[-5, 0, 3, 0, 1, 0, 0, 0]","[2, 3, 5, 7, 11, 13, 17, 19]"
1377/32,43.03125000,1377,32,"[2, 3, 17]","[-5, 4, 0, 0, 0, 0, 1, 0]","[2, 3, 5, 7, 11, 13, 17, 19]"
1379/32,43.09375000,1379,32,"[2, 7, 197]","[-5, 0, 0, 1, 0, 0, 0, 0]","[2, 3, 5, 7, 11, 13, 17, 19]"
1381/32,43.15625000,1381,32,"[2, 1381]","[-5, 0, 0, 0, 0, 0, 0, 0]","[2, 3, 5, 7, 11, 13, 17, 19]"
1383/32,43.21875000,1383,32,"[2, 3, 461]","[-5, 1, 0, 0, 0, 0, 0, 0]","[2, 3, 5, 7, 11, 13, 17, 19]"
1385/32,43.28125000,1385,32,"[2, 5, 277]","[-5, 0, 1, 0, 0, 0, 0, 0]","[2, 3, 5, 7, 11, 13, 17, 19]"
1387/32,43.34375000,1387,32,"[2, 19, 73]","[-5, 0, 0, 0, 0, 0, 0, 1]","[2, 3, 5, 7, 11, 13, 17, 19]"
1389/32,43.40625000,1389,32,"[2, 3, 463]","[-5, 1, 0, 0, 0, 0, 0, 0]","[2, 3, 5, 7, 11, 13, 17, 19]"
1391/32,43.46875000,1391,32,"[2, 13, 107]","[-5, 0, 0, 0, 0, 1, 0, 0]","[2, 3, 5, 7, 11, 13, 17, 19]"
1393/32,43.53125000,1393,32,"[2, 7, 199]","[-5, 0, 0, 1, 0, 0, 0, 0]","[2, 3, 5, 7, 11, 13, 17, 19]"
1395/32,43.59375000,1395,32,"[2, 3, 5, 31]","[-5, 2, 1, 0, 0, 0, 0, 0]","[2, 3, 5, 7, 11, 13, 17, 19]"
1397/32,43.65625000,1397,32,"[2, 11, 127]","[-5, 0, 0, 0, 1, 0, 0, 0]","[2, 3, 5, 7, 11, 13, 17, 19]"
1399/32,43.71875000,1399,32,"[2, 1399]","[-5, 0, 0, 0, 0, 0, 0, 0]","[2, 3, 5, 7, 11, 13, 17, 19]"
1401/32,43.78125000,1401,32,"[2, 3, 467]","[-5, 1, 0, 0, 0, 0, 0, 0]","[2, 3, 5, 7, 11, 13, 17, 19]"
1403/32,43.84375000,1403,32,"[2, 23, 61]","[-5, 0, 0, 0, 0, 0, 0, 0]","[2, 3, 5, 7, 11, 13, 17, 19]"
1405/32,43.90625000,1405,32,"[2, 5, 281]","[-5, 0, 1, 0, 0, 0, 0, 0]","[2, 3, 5, 7, 11, 13, 17, 19]"
1407/32,43.96875000,1407,32,"[2, 3, 7, 67]","[-5, 1, 0, 1, 0, 0, 0, 0]","[2, 3, 5, 7, 11, 13, 17, 19]"
1409/32,44.03125000,1409,32,"[2, 1409]","[-5, 0, 0, 0, 0, 0, 0, 0]","[2, 3, 5, 7, 11, 13, 17, 19]"
1411/32,44.09375000,1411,32,"[2, 17, 83]","[-5, 0, 0, 0, 0, 0, 1, 0]","[2, 3, 5, 7, 11, 13, 17, 19]"
1413/32,44.15625000,1413,32,"[2, 3, 157]","[-5, 2, 0, 0, 0, 0, 0, 0]","[2, 3, 5, 7, 11, 13, 17, 19]"
1415/32,44.21875000,1415,32,"[2, 5, 283]","[-5, 0, 1, 0, 0, 0, 0, 0]","[2, 3, 5, 7, 11, 13, 17, 19]"
1417/32,44.28125000,1417,32,"[2, 13, 109]","[-5, 0, 0, 0, 0, 1, 0, 0]","[2, 3, 5, 7, 11, 13, 17, 19]"
1419/32,44.34375000,1419,32,"[2, 3, 11, 43]","[-5, 1, 0, 0, 1, 0, 0, 0]","[2, 3, 5, 7, 11, 13, 17, 19]"
1421/32,44.40625000,1421,32,"[2, 7, 29]","[-5, 0, 0, 2, 0, 0, 0, 0]","[2, 3, 5, 7, 11, 13, 17, 19]"
1423/32,44.46875000,1423,32,"[2, 1423]","[-5, 0, 0, 0, 0, 0, 0, 0]","[2, 3, 5, 7, 11, 13, 17, 19]"
1425/32,44.53125000,1425,32,"[2, 3, 5, 19]","[-5, 1, 2, 0, 0, 0, 0, 1]","[2, 3, 5, 7, 11, 13, 17, 19]"
1427/32,44.59375000,1427,32,"[2, 1427]","[-5, 0, 0, 0, 0, 0, 0, 0]","[2, 3, 5, 7, 11, 13, 17, 19]"
1429/32,44.65625000,1429,32,"[2, 1429]","[-5, 0, 0, 0, 0, 0, 0, 0]","[2, 3, 5, 7, 11, 13, 17, 19]"
1431/32,44.71875000,1431,32,"[2, 3, 53]","[-5, 3, 0, 0, 0, 0, 0, 0]","[2, 3, 5, 7, 11, 13, 17, 19]"
1433/32,44.78125000,1433,32,"[2, 1433]","[-5, 0, 0, 0, 0, 0, 0, 0]","[2, 3, 5, 7, 11, 13, 17, 19]"
1435/32,44.84375000,1435,32,"[2, 5, 7, 41]","[-5, 0, 1, 1, 0, 0, 0, 0]","[2, 3, 5, 7, 11, 13, 17, 19]"
1437/32,44.90625000,1437,32,"[2, 3, 479]","[-5, 1, 0, 0, 0, 0, 0, 0]","[2, 3, 5, 7, 11, 13, 17, 19]"
1439/32,44.96875000,1439,32,"[2, 1439]","[-5, 0, 0, 0, 0, 0, 0, 0]","[2, 3, 5, 7, 11, 13, 17, 19]"
1441/32,45.03125000,1441,32,"[2, 11, 131]","[-5, 0, 0, 0, 1, 0, 0, 0]","[2, 3, 5, 7, 11, 13, 17, 19]"
1443/32,45.09375000,1443,32,"[2, 3, 13, 37]","[-5, 1, 0, 0, 0, 1, 0, 0]","[2, 3, 5, 7, 11, 13, 17, 19]"
1445/32,45.15625000,1445,32,"[2, 5, 17]","[-5, 0, 1, 0, 0, 0, 2, 0]","[2, 3, 5, 7, 11, 13, 17, 19]"
1447/32,45.21875000,1447,32,"[2, 1447]","[-5, 0, 0, 0, 0, 0, 0, 0]","[2, 3, 5, 7, 11, 13, 17, 19]"
1449/32,45.28125000,1449,32,"[2, 3, 7, 23]","[-5, 2, 0, 1, 0, 0, 0, 0]","[2, 3, 5, 7, 11, 13, 17, 19]"
1451/32,45.34375000,1451,32,"[2, 1451]","[-5, 0, 0, 0, 0, 0, 0, 0]","[2, 3, 5, 7, 11, 13, 17, 19]"
1453/32,45.40625000,1453,32,"[2, 1453]","[-5, 0, 0, 0, 0, 0, 0, 0]","[2, 3, 5, 7, 11, 13, 17, 19]"
1455/32,45.46875000,1455,32,"[2, 3, 5, 97]","[-5, 1, 1, 0, 0, 0, 0, 0]","[2, 3, 5, 7, 11, 13, 17, 19]"
1457/32,45.53125000,1457,32,"[2, 31, 47]","[-5, 0, 0, 0, 0, 0, 0, 0]","[2, 3, 5, 7, 11, 13, 17, 19]"
1459/32,45.59375000,1459,32,"[2, 1459]","[-5, 0, 0, 0, 0, 0, 0, 0]","[2, 3, 5, 7, 11, 13, 17, 19]"
1461/32,45.65625000,1461,32,"[2, 3, 487]","[-5, 1, 0, 0, 0, 0, 0, 0]","[2, 3, 5, 7, 11, 13, 17, 19]"
1463/32,45.71875000,1463,32,"[2, 7, 11, 19]","[-5, 0, 0, 1, 1, 0, 0, 1]","[2, 3, 5, 7, 11, 13, 17, 19]"
1465/32,45.78125000,1465,32,"[2, 5, 293]","[-5, 0, 1, 0, 0, 0, 0, 0]","[2, 3, 5, 7, 11, 13, 17, 19]"
1467/32,45.84375000,1467,32,"[2, 3, 163]","[-5, 2, 0, 0, 0, 0, 0, 0]","[2, 3, 5, 7, 11, 13, 17, 19]"
1469/32,45.90625000,1469,32,"[2, 13, 113]","[-5, 0, 0, 0, 0, 1, 0, 0]","[2, 3, 5, 7, 11, 13, 17, 19]"
1471/32,45.96875000,1471,32,"[2, 1471]","[-5, 0, 0, 0, 0, 0, 0, 0]","[2, 3, 5, 7, 11, 13, 17, 19]"
1473/32,46.03125000,1473,32,"[2, 3, 491]","[-5, 1, 0, 0, 0, 0, 0, 0]","[2, 3, 5, 7, 11, 13, 17, 19]"
1475/32,46.09375000,1475,32,"[2, 5, 59]","[-5, 0, 2, 0, 0, 0, 0, 0]","[2, 3, 5, 7, 11, 13, 17, 19]"
1477/32,46.15625000,1477,32,"[2, 7, 211]","[-5, 0, 0, 1, 0, 0, 0, 0]","[2, 3, 5, 7, 11, 13, 17, 19]"
1479/32,46.21875000,1479,32,"[2, 3, 17, 29]","[-5, 1, 0, 0, 0, 0, 1, 0]","[2, 3, 5, 7, 11, 13, 17, 19]"
1481/32,46.28125000,1481,32,"[2, 1481]","[-5, 0, 0, 0, 0, 0, 0, 0]","[2, 3, 5, 7, 11, 13, 17, 19]"
1483/32,46.34375000,1483,32,"[2, 1483]","[-5, 0, 0, 0, 0, 0, 0, 0]","[2, 3, 5, 7, 11, 13, 17, 19]"
1485/32,46.40625000,1485,32,"[2, 3, 5, 11]","[-5, 3, 1, 0, 1, 0, 0, 0]","[2, 3, 5, 7, 11, 13, 17, 19]"
1487/32,46.46875000,1487,32,"[2, 1487]","[-5, 0, 0, 0, 0, 0, 0, 0]","[2, 3, 5, 7, 11, 13, 17, 19]"
1489/32,46.53125000,1489,32,"[2, 1489]","[-5, 0, 0, 0, 0, 0, 0, 0]","[2, 3, 5, 7, 11, 13, 17, 19]"
1491/32,46.59375000,1491,32,"[2, 3, 7, 71]","[-5, 1, 0, 1, 0, 0, 0, 0]","[2, 3, 5, 7, 11, 13, 17, 19]"
1493/32,46.65625000,1493,32,"[2, 1493]","[-5, 0, 0, 0, 0, 0, 0, 0]","[2, 3, 5, 7, 11, 13, 17, 19]"
1495/32,46.71875000,1495,32,"[2, 5, 13, 23]","[-5, 0, 1, 0, 0, 1, 0, 0]","[2, 3, 5, 7, 11, 13, 17, 19]"
1497/32,46.78125000,1497,32,"[2, 3, 499]","[-5, 1, 0, 0, 0, 0, 0, 0]","[2, 3, 5, 7, 11, 13, 17, 19]"
1499/32,46.84375000,1499,32,"[2, 1499]","[-5, 0, 0, 0, 0, 0, 0, 0]","[2, 3, 5, 7, 11, 13, 17, 19]"
1501/32,46.90625000,1501,32,"[2, 19, 79]","[-5, 0, 0, 0, 0, 0, 0, 1]","[2, 3, 5, 7, 11, 13, 17, 19]"
1503/32,46.96875000,1503,32,"[2, 3, 167]","[-5, 2, 0, 0, 0, 0, 0, 0]","[2, 3, 5, 7, 11, 13, 17, 19]"
1505/32,47.03125000,1505,32,"[2, 5, 7, 43]","[-5, 0, 1, 1, 0, 0, 0, 0]","[2, 3, 5, 7, 11, 13, 17, 19]"
1507/32,47.09375000,1507,32,"[2, 11, 137]","[-5, 0, 0, 0, 1, 0, 0, 0]","[2, 3, 5, 7, 11, 13, 17, 19]"
1509/32,47.15625000,1509,32,"[2, 3, 503]","[-5, 1, 0, 0, 0, 0, 0, 0]","[2, 3, 5, 7, 11, 13, 17, 19]"
1511/32,47.21875000,1511,32,"[2, 1511]","[-5, 0, 0, 0, 0, 0, 0, 0]","[2, 3, 5, 7, 11, 13, 17, 19]"
1513/32,47.28125000,1513,32,"[2, 17, 89]","[-5, 0, 0, 0, 0, 0, 1, 0]","[2, 3, 5, 7, 11, 13, 17, 19]"
1515/32,47.34375000,1515,32,"[2, 3, 5, 101]","[-5, 1, 1, 0, 0, 0, 0, 0]","[2, 3, 5, 7, 11, 13, 17, 19]"
1517/32,47.40625000,1517,32,"[2, 37, 41]","[-5, 0, 0, 0, 0, 0, 0, 0]","[2, 3, 5, 7, 11, 13, 17, 19]"
1519/32,47.46875000,1519,32,"[2, 7, 31]","[-5, 0, 0, 2, 0, 0, 0, 0]","[2, 3, 5, 7, 11, 13, 17, 19]"
1521/32,47.53125000,1521,32,"[2, 3, 13]","[-5, 2, 0, 0, 0, 2, 0, 0]","[2, 3, 5, 7, 11, 13, 17, 19]"
1523/32,47.59375000,1523,32,"[2, 1523]","[-5, 0, 0, 0, 0, 0, 0, 0]","[2, 3, 5, 7, 11, 13, 17, 19]"
1525/32,47.65625000,1525,32,"[2, 5, 61]","[-5, 0, 2, 0, 0, 0, 0, 0]","[2, 3, 5, 7, 11, 13, 17, 19]"
1527/32,47.71875000,1527,32,"[2, 3, 509]","[-5, 1, 0, 0, 0, 0, 0, 0]","[2, 3, 5, 7, 11, 13, 17, 19]"
1529/32,47.78125000,1529,32,"[2, 11, 139]","[-5, 0, 0, 0, 1, 0, 0, 0]","[2, 3, 5, 7, 11, 13, 17, 19]"
1531/32,47.84375000,1531,32,"[2, 1531]","[-5, 0, 0, 0, 0, 0, 0, 0]","[2, 3, 5, 7, 11, 13, 17, 19]"
1533/32,47.90625000,1533,32,"[2, 3, 7, 73]","[-5, 1, 0, 1, 0, 0, 0, 0]","[2, 3, 5, 7, 11, 13, 17, 19]"
1535/32,47.96875000,1535,32,"[2, 5, 307]","[-5, 0, 1, 0, 0, 0, 0, 0]","[2, 3, 5, 7, 11, 13, 17, 19]"
1537/32,48.03125000,1537,32,"[2, 29, 53]","[-5, 0, 0, 0, 0, 0, 0, 0]","[2, 3, 5, 7, 11, 13, 17, 19]"
1539/32,48.09375000,1539,32,"[2, 3, 19]","[-5, 4, 0, 0, 0, 0, 0, 1]","[2, 3, 5, 7, 11, 13, 17, 19]"
1541/32,48.15625000,1541,32,"[2, 23, 67]","[-5, 0, 0, 0, 0, 0, 0, 0]","[2, 3, 5, 7, 11, 13, 17, 19]"
1543/32,48.21875000,1543,32,"[2, 1543]","[-5, 0, 0, 0, 0, 0, 0, 0]","[2, 3, 5, 7, 11, 13, 17, 19]"
1545/32,48.28125000,1545,32,"[2, 3, 5, 103]","[-5, 1, 1, 0, 0, 0, 0, 0]","[2, 3, 5, 7, 11, 13, 17, 19]"
1547/32,48.34375000,1547,32,"[2, 7, 13, 17]","[-5, 0, 0, 1, 0, 1, 1, 0]","[2, 3, 5, 7, 11, 13, 17, 19]"
1549/32,48.40625000,1549,32,"[2, 1549]","[-5, 0, 0, 0, 0, 0, 0, 0]","[2, 3, 5, 7, 11, 13, 17, 19]"
1551/32,48.46875000,1551,32,"[2, 3, 11, 47]","[-5, 1, 0, 0, 1, 0, 0, 0]","[2, 3, 5, 7, 11, 13, 17, 19]"
1553/32,48.53125000,1553,32,"[2, 1553]","[-5, 0, 0, 0, 0, 0, 0, 0]","[2, 3, 5, 7, 11, 13, 17, 19]"
1555/32,48.59375000,1555,32,"[2, 5, 311]","[-5, 0, 1, 0, 0, 0, 0, 0]","[2, 3, 5, 7, 11, 13, 17, 19]"
1557/32,48.65625000,1557,32,"[2, 3, 173]","[-5, 2, 0, 0, 0, 0, 0, 0]","[2, 3, 5, 7, 11, 13, 17, 19]"
1559/32,48.71875000,1559,32,"[2, 1559]","[-5, 0, 0, 0, 0, 0, 0, 0]","[2, 3, 5, 7, 11, 13, 17, 19]"
1561/32,48.78125000,1561,32,"[2, 7, 223]","[-5, 0, 0, 1, 0, 0, 0, 0]","[2, 3, 5, 7, 11, 13, 17, 19]"
1563/32,48.84375000,1563,32,"[2, 3, 521]","[-5, 1, 0, 0, 0, 0, 0, 0]","[2, 3, 5, 7, 11, 13, 17, 19]"
1565/32,48.90625000,1565,32,"[2, 5, 313]","[-5, 0, 1, 0, 0, 0, 0, 0]","[2, 3, 5, 7, 11, 13, 17, 19]"
1567/32,48.96875000,1567,32,"[2, 1567]","[-5, 0, 0, 0, 0, 0, 0, 0]","[2, 3, 5, 7, 11, 13, 17, 19]"
1569/32,49.03125000,1569,32,"[2, 3, 523]","[-5, 1, 0, 0, 0, 0, 0, 0]","[2, 3, 5, 7, 11, 13, 17, 19]"
1571/32,49.09375000,1571,32,"[2, 1571]","[-5, 0, 0, 0, 0, 0, 0, 0]","[2, 3, 5, 7, 11, 13, 17, 19]"
1573/32,49.15625000,1573,32,"[2, 11, 13]","[-5, 0, 0, 0, 2, 1, 0, 0]","[2, 3, 5, 7, 11, 13, 17, 19]"
1575/32,49.21875000,1575,32,"[2, 3, 5, 7]","[-5, 2, 2, 1, 0, 0, 0, 0]","[2, 3, 5, 7, 11, 13, 17, 19]"
1577/32,49.28125000,1577,32,"[2, 19, 83]","[-5, 0, 0, 0, 0, 0, 0, 1]","[2, 3, 5, 7, 11, 13, 17, 19]"
1579/32,49.34375000,1579,32,"[2, 1579]","[-5, 0, 0, 0, 0, 0, 0, 0]","[2, 3, 5, 7, 11, 13, 17, 19]"
1581/32,49.40625000,1581,32,"[2, 3, 17, 31]","[-5, 1, 0, 0, 0, 0, 1, 0]","[2, 3, 5, 7, 11, 13, 17, 19]"
1583/32,49.46875000,1583,32,"[2, 1583]","[-5, 0, 0, 0, 0, 0, 0, 0]","[2, 3, 5, 7, 11, 13, 17, 19]"
1585/32,49.53125000,1585,32,"[2, 5, 317]","[-5, 0, 1, 0, 0, 0, 0, 0]","[2, 3, 5, 7, 11, 13, 17, 19]"
1587/32,49.59375000,1587,32,"[2, 3, 23]","[-5, 1, 0, 0, 0, 0, 0, 0]","[2, 3, 5, 7, 11, 13, 17, 19]"
1589/32,49.65625000,1589,32,"[2, 7, 227]","[-5, 0, 0, 1, 0, 0, 0, 0]","[2, 3, 5, 7, 11, 13, 17, 19]"
1591/32,49.71875000,1591,32,"[2, 37, 43]","[-5, 0, 0, 0, 0, 0, 0, 0]","[2, 3, 5, 7, 11, 13, 17, 19]"
1593/32,49.78125000,1593,32,"[2, 3, 59]","[-5, 3, 0, 0, 0, 0, 0, 0]","[2, 3, 5, 7, 11, 13, 17, 19]"
1595/32,49.84375000,1595,32,"[2, 5, 11, 29]","[-5, 0, 1, 0, 1, 0, 0, 0]","[2, 3, 5, 7, 11, 13, 17, 19]"
1597/32,49.90625000,1597,32,"[2, 1597]","[-5, 0, 0, 0, 0, 0, 0, 0]","[2, 3, 5, 7, 11, 13, 17, 19]"
1599/32,49.96875000,1599,32,"[2, 3, 13, 41]","[-5, 1, 0, 0, 0, 1, 0, 0]","[2, 3, 5, 7, 11, 13, 17, 19]"
1601/32,50.03125000,1601,32,"[2, 1601]","[-5, 0, 0, 0, 0, 0, 0, 0]","[2, 3, 5, 7, 11, 13, 17, 19]"
1603/32,50.09375000,1603,32,"[2, 7, 229]","[-5, 0, 0, 1, 0, 0, 0, 0]","[2, 3, 5, 7, 11, 13, 17, 19]"
1605/32,50.15625000,1605,32,"[2, 3, 5, 107]","[-5, 1, 1, 0, 0, 0, 0, 0]","[2, 3, 5, 7, 11, 13, 17, 19]"
1607/32,50.21875000,1607,32,"[2, 1607]","[-5, 0, 0, 0, 0, 0, 0, 0]","[2, 3, 5, 7, 11, 13, 17, 19]"
1609/32,50.28125000,1609,32,"[2, 1609]","[-5, 0, 0, 0, 0, 0, 0, 0]","[2, 3, 5, 7, 11, 13, 17, 19]"
1611/32,50.34375000,1611,32,"[2, 3, 179]","[-5, 2, 0, 0, 0, 0, 0, 0]","[2, 3, 5, 7, 11, 13, 17, 19]"
1613/32,50.40625000,1613,32,"[2, 1613]","[-5, 0, 0, 0, 0, 0, 0, 0]","[2, 3, 5, 7, 11, 13, 17, 19]"
1615/32,50.46875000,1615,32,"[2, 5, 17, 19]","[-5, 0, 1, 0, 0, 0, 1, 1]","[2, 3, 5, 7, 11, 13, 17, 19]"
1617/32,50.53125000,1617,32,"[2, 3, 7, 11]","[-5, 1, 0, 2, 1, 0, 0, 0]","[2, 3, 5, 7, 11, 13, 17, 19]"
1619/32,50.59375000,1619,32,"[2, 1619]","[-5, 0, 0, 0, 0, 0, 0, 0]","[2, 3, 5, 7, 11, 13, 17, 19]"
1621/32,50.65625000,1621,32,"[2, 1621]","[-5, 0, 0, 0, 0, 0, 0, 0]","[2, 3, 5, 7, 11, 13, 17, 19]"
1623/32,50.71875000,1623,32,"[2, 3, 541]","[-5, 1, 0, 0, 0, 0, 0, 0]","[2, 3, 5, 7, 11, 13, 17, 19]"
1625/32,50.78125000,1625,32,"[2, 5, 13]","[-5, 0, 3, 0, 0, 1, 0, 0]","[2, 3, 5, 7, 11, 13, 17, 19]"
1627/32,50.84375000,1627,32,"[2, 1627]","[-5, 0, 0, 0, 0, 0, 0, 0]","[2, 3, 5, 7, 11, 13, 17, 19]"
1629/32,50.90625000,1629,32,"[2, 3, 181]","[-5, 2, 0, 0, 0, 0, 0, 0]","[2, 3, 5, 7, 11, 13, 17, 19]"
1631/32,50.96875000,1631,32,"[2, 7, 233]","[-5, 0, 0, 1, 0, 0, 0, 0]","[2, 3, 5, 7, 11, 13, 17, 19]"
1633/32,51.03125000,1633,32,"[2, 23, 71]","[-5, 0, 0, 0, 0, 0, 0, 0]","[2, 3, 5, 7, 11, 13, 17, 19]"
1635/32,51.09375000,1635,32,"[2, 3, 5, 109]","[-5, 1, 1, 0, 0, 0, 0, 0]","[2, 3, 5, 7, 11, 13, 17, 19]"
1639/32,51.21875000,1639,32,"[2, 11, 149]","[-5, 0, 0, 0, 1, 0, 0, 0]","[2, 3, 5, 7, 11, 13, 17, 19]"
1641/32,51.28125000,1641,32,"[2, 3, 547]","[-5, 1, 0, 0, 0, 0, 0, 0]","[2, 3, 5, 7, 11, 13, 17, 19]"
1643/32,51.34375000,1643,32,"[2, 31, 53]","[-5, 0, 0, 0, 0, 0, 0, 0]","[2, 3, 5, 7, 11, 13, 17, 19]"
1645/32,51.40625000,1645,32,"[2, 5, 7, 47]","[-5, 0, 1, 1, 0, 0, 0, 0]","[2, 3, 5, 7, 11, 13, 17, 19]"
1647/32,51.46875000,1647,32,"[2, 3, 61]","[-5, 3, 0, 0, 0, 0, 0, 0]","[2, 3, 5, 7, 11, 13, 17, 19]"
1649/32,51.53125000,1649,32,"[2, 17, 97]","[-5, 0, 0, 0, 0, 0, 1, 0]","[2, 3, 5, 7, 11, 13, 17, 19]"
1651/32,51.59375000,1651,32,"[2, 13, 127]","[-5, 0, 0, 0, 0, 1, 0, 0]","[2, 3, 5, 7, 11, 13, 17, 19]"
1653/32,51.65625000,1653,32,"[2, 3, 19, 29]","[-5, 1, 0, 0, 0, 0, 0, 1]","[2, 3, 5, 7, 11, 13, 17, 19]"
1655/32,51.71875000,1655,32,"[2, 5, 331]","[-5, 0, 1, 0, 0, 0, 0, 0]","[2, 3, 5, 7, 11, 13, 17, 19]"
1657/32,51.78125000,1657,32,"[2, 1657]","[-5, 0, 0, 0, 0, 0, 0, 0]","[2, 3, 5, 7, 11, 13, 17, 19]"
1659/32,51.84375000,1659,32,"[2, 3, 7, 79]","[-5, 1, 0, 1, 0, 0, 0, 0]","[2, 3, 5, 7, 11, 13, 17, 19]"
1661/32,51.90625000,1661,32,"[2, 11, 151]","[-5, 0, 0, 0, 1, 0, 0, 0]","[2, 3, 5, 7, 11, 13, 17, 19]"
1663/32,51.96875000,1663,32,"[2, 1663]","[-5, 0, 0, 0, 0, 0, 0, 0]","[2, 3, 5, 7, 11, 13, 17, 19]"
1665/32,52.03125000,1665,32,"[2, 3, 5, 37]","[-5, 2, 1, 0, 0, 0, 0, 0]","[2, 3, 5, 7, 11, 13, 17, 19]"
1667/32,52.09375000,1667,32,"[2, 1667]","[-5, 0, 0, 0, 0, 0, 0, 0]","[2, 3, 5, 7, 11, 13, 17, 19]"
1671/32,52.21875000,1671,32,"[2, 3, 557]","[-5, 1, 0, 0, 0, 0, 0, 0]","[2, 3, 5, 7, 11, 13, 17, 19]"
1673/32,52.28125000,1673,32,"[2, 7, 239]","[-5, 0, 0, 1, 0, 0, 0, 0]","[2, 3, 5, 7, 11, 13, 17, 19]"
1675/32,52.34375000,1675,32,"[2, 5, 67]","[-5, 0, 2, 0, 0, 0, 0, 0]","[2, 3, 5, 7, 11, 13, 17, 19]"
1677/32,52.40625000,1677,32,"[2, 3, 13, 43]","[-5, 1, 0, 0, 0, 1, 0, 0]","[2, 3, 5, 7, 11, 13, 17, 19]"
1679/32,52.46875000,1679,32,"[2, 23, 73]","[-5, 0, 0, 0, 0, 0, 0, 0]","[2, 3, 5, 7, 11, 13, 17, 19]"
1681/32,52.53125000,1681,32,"[2, 41]","[-5, 0, 0, 0, 0, 0, 0, 0]","[2, 3, 5, 7, 11, 13, 17, 19]"
1683/32,52.59375000,1683,32,"[2, 3, 11, 17]","[-5, 2, 0, 0, 1, 0, 1, 0]","[2, 3, 5, 7, 11, 13, 17, 19]"
1687/32,52.71875000,1687,32,"[2, 7, 241]","[-5, 0, 0, 1, 0, 0, 0, 0]","[2, 3, 5, 7, 11, 13, 17, 19]"
1689/32,52.78125000,1689,32,"[2, 3, 563]","[-5, 1, 0, 0, 0, 0, 0, 0]","[2, 3, 5, 7, 11, 13, 17, 19]"
1691/32,52.84375000,1691,32,"[2, 19, 89]","[-5, 0, 0, 0, 0, 0, 0, 1]","[2, 3, 5, 7, 11, 13, 17, 19]"
1693/32,52.90625000,1693,32,"[2, 1693]","[-5, 0, 0, 0, 0, 0, 0, 0]","[2, 3, 5, 7, 11, 13, 17, 19]"
1695/32,52.96875000,1695,32,"[2, 3, 5, 113]","[-5, 1, 1, 0, 0, 0, 0, 0]","[2, 3, 5, 7, 11, 13, 17, 19]"
1697/32,53.03125000,1697,32,"[2, 1697]","[-5, 0, 0, 0, 0, 0, 0, 0]","[2, 3, 5, 7, 11, 13, 17, 19]"
1699/32,53.09375000,1699,32,"[2, 1699]","[-5, 0, 0, 0, 0, 0, 0, 0]","[2, 3, 5, 7, 11, 13, 17, 19]"
1703/32,53.21875000,1703,32,"[2, 13, 131]","[-5, 0, 0, 0, 0, 1, 0, 0]","[2, 3, 5, 7, 11, 13, 17, 19]"
1705/32,53.28125000,1705,32,"[2, 5, 11, 31]","[-5, 0, 1, 0, 1, 0, 0, 0]","[2, 3, 5, 7, 11, 13, 17, 19]"
1707/32,53.34375000,1707,32,"[2, 3, 569]","[-5, 1, 0, 0, 0, 0, 0, 0]","[2, 3, 5, 7, 11, 13, 17, 19]"
1711/32,53.46875000,1711,32,"[2, 29, 59]","[-5, 0, 0, 0, 0, 0, 0, 0]","[2, 3, 5, 7, 11, 13, 17, 19]"
1713/32,53.53125000,1713,32,"[2, 3, 571]","[-5, 1, 0, 0, 0, 0, 0, 0]","[2, 3, 5, 7, 11, 13, 17, 19]"
1715/32,53.59375000,1715,32,"[2, 5, 7]","[-5, 0, 1, 3, 0, 0, 0, 0]","[2, 3, 5, 7, 11, 13, 17, 19]"
1719/32,53.71875000,1719,32,"[2, 3, 191]","[-5, 2, 0, 0, 0, 0, 0, 0]","[2, 3, 5, 7, 11, 13, 17, 19]"
1721/32,53.78125000,1721,32,"[2, 1721]","[-5, 0, 0, 0, 0, 0, 0, 0]","[2, 3, 5, 7, 11, 13, 17, 19]"
1723/32,53.84375000,1723,32,"[2, 1723]","[-5, 0, 0, 0, 0, 0, 0, 0]","[2, 3, 5, 7, 11, 13, 17, 19]"
1725/32,53.90625000,1725,32,"[2, 3, 5, 23]","[-5, 1, 2, 0, 0, 0, 0, 0]","[2, 3, 5, 7, 11, 13, 17, 19]"
1727/32,53.96875000,1727,32,"[2, 11, 157]","[-5, 0, 0, 0, 1, 0, 0, 0]","[2, 3, 5, 7, 11, 13, 17, 19]"
1729/32,54.03125000,1729,32,"[2, 7, 13, 19]","[-5, 0, 0, 1, 0, 1, 0, 1]","[2, 3, 5, 7, 11, 13, 17, 19]"
1731/32,54.09375000,1731,32,"[2, 3, 577]","[-5, 1, 0, 0, 0, 0, 0, 0]","[2, 3, 5, 7, 11, 13, 17, 19]"
1735/32,54.21875000,1735,32,"[2, 5, 347]","[-5, 0, 1, 0, 0, 0, 0, 0]","[2, 3, 5, 7, 11, 13, 17, 19]"
1737/32,54.28125000,1737,32,"[2, 3, 193]","[-5, 2, 0, 0, 0, 0, 0, 0]","[2, 3, 5, 7, 11, 13, 17, 19]"
1739/32,54.34375000,1739,32,"[2, 37, 47]","[-5, 0, 0, 0, 0, 0, 0, 0]","[2, 3, 5, 7, 11, 13, 17, 19]"
1743/32,54.46875000,1743,32,"[2, 3, 7, 83]","[-5, 1, 0, 1, 0, 0, 0, 0]","[2, 3, 5, 7, 11, 13, 17, 19]"
1747/32,54.59375000,1747,32,"[2, 1747]","[-5, 0, 0, 0, 0, 0, 0, 0]","[2, 3, 5, 7, 11, 13, 17, 19]"
1751/32,54.71875000,1751,32,"[2, 17, 103]","[-5, 0, 0, 0, 0, 0, 1, 0]","[2, 3, 5, 7, 11, 13, 17, 19]"
1753/32,54.78125000,1753,32,"[2, 1753]","[-5, 0, 0, 0, 0, 0, 0, 0]","[2, 3, 5, 7, 11, 13, 17, 19]"
1755/32,54.84375000,1755,32,"[2, 3, 5, 13]","[-5, 3, 1, 0, 0, 1, 0, 0]","[2, 3, 5, 7, 11, 13, 17, 19]"
1759/32,54.96875000,1759,32,"[2, 1759]","[-5, 0, 0, 0, 0, 0, 0, 0]","[2, 3, 5, 7, 11, 13, 17, 19]"
1761/32,55.03125000,1761,32,"[2, 3, 587]","[-5, 1, 0, 0, 0, 0, 0, 0]","[2, 3, 5, 7, 11, 13, 17, 19]"
1763/32,55.09375000,1763,32,"[2, 41, 43]","[-5, 0, 0, 0, 0, 0, 0, 0]","[2, 3, 5, 7, 11, 13, 17, 19]"
1767/32,55.21875000,1767,32,"[2, 3, 19, 31]","[-5, 1, 0, 0, 0, 0, 0, 1]","[2, 3, 5, 7, 11, 13, 17, 19]"
1769/32,55.28125000,1769,32,"[2, 29, 61]","[-5, 0, 0, 0, 0, 0, 0, 0]","[2, 3, 5, 7, 11, 13, 17, 19]"
1771/32,55.34375000,1771,32,"[2, 7, 11, 23]","[-5, 0, 0, 1, 1, 0, 0, 0]","[2, 3, 5, 7, 11, 13, 17, 19]"
1775/32,55.46875000,1775,32,"[2, 5, 71]","[-5, 0, 2, 0, 0, 0, 0, 0]","[2, 3, 5, 7, 11, 13, 17, 19]"
1779/32,55.59375000,1779,32,"[2, 3, 593]","[-5, 1, 0, 0, 0, 0, 0, 0]","[2, 3, 5, 7, 11, 13, 17, 19]"
1783/32,55.71875000,1783,32,"[2, 1783]","[-5, 0, 0, 0, 0, 0, 0, 0]","[2, 3, 5, 7, 11, 13, 17, 19]"
1785/32,55.78125000,1785,32,"[2, 3, 5, 7, 17]","[-5, 1, 1, 1, 0, 0, 1, 0]","[2, 3, 5, 7, 11, 13, 17, 19]"
1787/32,55.84375000,1787,32,"[2, 1787]","[-5, 0, 0, 0, 0, 0, 0, 0]","[2, 3, 5, 7, 11, 13, 17, 19]"
1791/32,55.96875000,1791,32,"[2, 3, 199]","[-5, 2, 0, 0, 0, 0, 0, 0]","[2, 3, 5, 7, 11, 13, 17, 19]"
1795/32,56.09375000,1795,32,"[2, 5, 359]","[-5, 0, 1, 0, 0, 0, 0, 0]","[2, 3, 5, 7, 11, 13, 17, 19]"
1801/32,56.28125000,1801,32,"[2, 1801]","[-5, 0, 0, 0, 0, 0, 0, 0]","[2, 3, 5, 7, 11, 13, 17, 19]"
1803/32,56.34375000,1803,32,"[2, 3, 601]","[-5, 1, 0, 0, 0, 0, 0, 0]","[2, 3, 5, 7, 11, 13, 17, 19]"
1807/32,56.46875000,1807,32,"[2, 13, 139]","[-5, 0, 0, 0, 0, 1, 0, 0]","[2, 3, 5, 7, 11, 13, 17, 19]"
1811/32,56.59375000,1811,32,"[2, 1811]","[-5, 0, 0, 0, 0, 0, 0, 0]","[2, 3, 5, 7, 11, 13, 17, 19]"
1815/32,56.71875000,1815,32,"[2, 3, 5, 11]","[-5, 1, 1, 0, 2, 0, 0, 0]","[2, 3, 5, 7, 11, 13, 17, 19]"
1819/32,56.84375000,1819,32,"[2, 17, 107]","[-5, 0, 0, 0, 0, 0, 1, 0]","[2, 3, 5, 7, 11, 13, 17, 19]"
1823/32,56.96875000,1823,32,"[2, 1823]","[-5, 0, 0, 0, 0, 0, 0, 0]","[2, 3, 5, 7, 11, 13, 17, 19]"
1827/32,57.09375000,1827,32,"[2, 3, 7, 29]","[-5, 2, 0, 1, 0, 0, 0, 0]","[2, 3, 5, 7, 11, 13, 17, 19]"
1833/32,57.28125000,1833,32,"[2, 3, 13, 47]","[-5, 1, 0, 0, 0, 1, 0, 0]","[2, 3, 5, 7, 11, 13, 17, 19]"
1835/32,57.34375000,1835,32,"[2, 5, 367]","[-5, 0, 1, 0, 0, 0, 0, 0]","[2, 3, 5, 7, 11, 13, 17, 19]"
1839/32,57.46875000,1839,32,"[2, 3, 613]","[-5, 1, 0, 0, 0, 0, 0, 0]","[2, 3, 5, 7, 11, 13, 17, 19]"
1843/32,57.59375000,1843,32,"[2, 19, 97]","[-5, 0, 0, 0, 0, 0, 0, 1]","[2, 3, 5, 7, 11, 13, 17, 19]"
1851/32,57.84375000,1851,32,"[2, 3, 617]","[-5, 1, 0, 0, 0, 0, 0, 0]","[2, 3, 5, 7, 11, 13, 17, 19]"
1855/32,57.96875000,1855,32,"[2, 5, 7, 53]","[-5, 0, 1, 1, 0, 0, 0, 0]","[2, 3, 5, 7, 11, 13, 17, 19]"
1859/32,58.09375000,1859,32,"[2, 11, 13]","[-5, 0, 0, 0, 1, 2, 0, 0]","[2, 3, 5, 7, 11, 13, 17, 19]"
1867/32,58.34375000,1867,32,"[2, 1867]","[-5, 0, 0, 0, 0, 0, 0, 0]","[2, 3, 5, 7, 11, 13, 17, 19]"
1875/32,58.59375000,1875,32,"[2, 3, 5]","[-5, 1, 4, 0, 0, 0, 0, 0]","[2, 3, 5, 7, 11, 13, 17, 19]"
1883/32,58.84375000,1883,32,"[2, 7, 269]","[-5, 0, 0, 1, 0, 0, 0, 0]","[2, 3, 5, 7, 11, 13, 17, 19]"
1887/32,58.96875000,1887,32,"[2, 3, 17, 37]","[-5, 1, 0, 0, 0, 0, 1, 0]","[2, 3, 5, 7, 11, 13, 17, 19]"
1891/32,59.09375000,1891,32,"[2, 31, 61]","[-5, 0, 0, 0, 0, 0, 0, 0]","[2, 3, 5, 7, 11, 13, 17, 19]"
1899/32,59.34375000,1899,32,"[2, 3, 211]","[-5, 2, 0, 0, 0, 0, 0, 0]","[2, 3, 5, 7, 11, 13, 17, 19]"
1915/32,59.84375000,1915,32,"[2, 5, 383]","[-5, 0, 1, 0, 0, 0, 0, 0]","[2, 3, 5, 7, 11, 13, 17, 19]"
1923/32,60.09375000,1923,32,"[2, 3, 641]","[-5, 1, 0, 0, 0, 0, 0, 0]","[2, 3, 5, 7, 11, 13, 17, 19]"
1931/32,60.34375000,1931,32,"[2, 1931]","[-5, 0, 0, 0, 0, 0, 0, 0]","[2, 3, 5, 7, 11, 13, 17, 19]"
1947/32,60.84375000,1947,32,"[2, 3, 11, 59]","[-5, 1, 0, 0, 1, 0, 0, 0]","[2, 3, 5, 7, 11, 13, 17, 19]"
1963/32,61.34375000,1963,32,"[2, 13, 151]","[-5, 0, 0, 0, 0, 1, 0, 0]","[2, 3, 5, 7, 11, 13, 17, 19]"
1995/32,62.34375000,1995,32,"[2, 3, 5, 7, 19]","[-5, 1, 1, 1, 0, 0, 0, 1]","[2, 3, 5, 7, 11, 13, 17, 19]"
