element,decimal_approx,numerator,denominator,support_primes,valuation_vector,selected_primes
1,1.00000000,1,1,[],"[0, 0, 0, 0, 0, 0, 0, 0]","[2, 3, 5, 7, 11, 13, 17, 19]"
2,2.00000000,2,1,[2],"[1, 0, 0, 0, 0, 0, 0, 0]","[2, 3, 5, 7, 11, 13, 17, 19]"
2/3,0.66666667,2,3,"[2, 3]","[1, -1, 0, 0, 0, 0, 0, 0]","[2, 3, 5, 7, 11, 13, 17, 19]"
3,3.00000000,3,1,[3],"[0, 1, 0, 0, 0, 0, 0, 0]","[2, 3, 5, 7, 11, 13, 17, 19]"
4,4.00000000,4,1,[2],"[2, 0, 0, 0, 0, 0, 0, 0]","[2, 3, 5, 7, 11, 13, 17, 19]"
4/3,1.33333333,4,3,"[2, 3]","[2, -1, 0, 0, 0, 0, 0, 0]","[2, 3, 5, 7, 11, 13, 17, 19]"
4/9,0.44444444,4,9,"[2, 3]","[2, -2, 0, 0, 0, 0, 0, 0]","[2, 3, 5, 7, 11, 13, 17, 19]"
5,5.00000000,5,1,[5],"[0, 0, 1, 0, 0, 0, 0, 0]","[2, 3, 5, 7, 11, 13, 17, 19]"
5/3,1.66666667,5,3,"[3, 5]","[0, -1, 1, 0, 0, 0, 0, 0]","[2, 3, 5, 7, 11, 13, 17, 19]"
7/3,2.33333333,7,3,"[3, 7]","[0, -1, 0, 1, 0, 0, 0, 0]","[2, 3, 5, 7, 11, 13, 17, 19]"
8/3,2.66666667,8,3,"[2, 3]","[3, -1, 0, 0, 0, 0, 0, 0]","[2, 3, 5, 7, 11, 13, 17, 19]"
8/9,0.88888889,8,9,"[2, 3]","[3, -2, 0, 0, 0, 0, 0, 0]","[2, 3, 5, 7, 11, 13, 17, 19]"
8/27,0.29629630,8,27,"[2, 3]","[3, -3, 0, 0, 0, 0, 0, 0]","[2, 3, 5, 7, 11, 13, 17, 19]"
10/3,3.33333333,10,3,"[2, 3, 5]","[1, -1, 1, 0, 0, 0, 0, 0]","[2, 3, 5, 7, 11, 13, 17, 19]"
10/9,1.11111111,10,9,"[2, 3, 5]","[1, -2, 1, 0, 0, 0, 0, 0]","[2, 3, 5, 7, 11, 13, 17, 19]"
11/3,3.66666667,11,3,"[3, 11]","[0, -1, 0, 0, 1, 0, 0, 0]","[2, 3, 5, 7, 11, 13, 17, 19]"
13/3,4.33333333,13,3,"[3, 13]","[0, -1, 0, 0, 0, 1, 0, 0]","[2, 3, 5, 7, 11, 13, 17, 19]"
13/9,1.44444444,13,9,"[3, 13]","[0, -2, 0, 0, 0, 1, 0, 0]","[2, 3, 5, 7, 11, 13, 17, 19]"
14/3,4.66666667,14,3,"[2, 3, 7]","[1, -1, 0, 1, 0, 0, 0, 0]","[2, 3, 5, 7, 11, 13, 17, 19]"
14/9,1.55555556,14,9,"[2, 3, 7]","[1, -2, 0, 1, 0, 0, 0, 0]","[2, 3, 5, 7, 11, 13, 17, 19]"
16/3,5.33333333,16,3,"[2, 3]","[4, -1, 0, 0, 0, 0, 0, 0]","[2, 3, 5, 7, 11, 13, 17, 19]"
16/9,1.77777778,16,9,"[2, 3]","[4, -2, 0, 0, 0, 0, 0, 0]","[2, 3, 5, 7, 11, 13, 17, 19]"
16/27,0.59259259,16,27,"[2, 3]","[4, -3, 0, 0, 0, 0, 0, 0]","[2, 3, 5, 7, 11, 13, 17, 19]"
16/81,0.19753086,16,81,"[2, 3]","[4, -4, 0, 0, 0, 0, 0, 0]","[2, 3, 5, 7, 11, 13, 17, 19]"
17/3,5.66666667,17,3,"[3, 17]","[0, -1, 0, 0, 0, 0, 1, 0]","[2, 3, 5, 7, 11, 13, 17, 19]"
17/9,1.88888889,17,9,"[3, 17]","[0, -2, 0, 0, 0, 0, 1, 0]","[2, 3, 5, 7, 11, 13, 17, 19]"
19/3,6.33333333,19,3,"[3, 19]","[0, -1, 0, 0, 0, 0, 0, 1]","[2, 3, 5, 7, 11, 13, 17, 19]"
19/9,2.11111111,19,9,"[3, 19]","[0, -2, 0, 0, 0, 0, 0, 1]","[2, 3, 5, 7, 11, 13, 17, 19]"
20/9,2.22222222,20,9,"[2, 3, 5]","[2, -2, 1, 0, 0, 0, 0, 0]","[2, 3, 5, 7, 11, 13, 17, 19]"
20/27,0.74074074,20,27,"[2, 3, 5]","[2, -3, 1, 0, 0, 0, 0, 0]","[2, 3, 5, 7, 11, 13, 17, 19]"
22/9,2.44444444,22,9,"[2, 3, 11]","[1, -2, 0, 0, 1, 0, 0, 0]","[2, 3, 5, 7, 11, 13, 17, 19]"
23/9,2.55555556,23,9,"[3, 23]","[0, -2, 0, 0, 0, 0, 0, 0]","[2, 3, 5, 7, 11, 13, 17, 19]"
25/9,2.77777778,25,9,"[3, 5]","[0, -2, 2, 0, 0, 0, 0, 0]","[2, 3, 5, 7, 11, 13, 17, 19]"
26/9,2.88888889,26,9,"[2, 3, 13]","[1, -2, 0, 0, 0, 1, 0, 0]","[2, 3, 5, 7, 11, 13, 17, 19]"
26/27,0.96296296,26,27,"[2, 3, 13]","[1, -3, 0, 0, 0, 1, 0, 0]","[2, 3, 5, 7, 11, 13, 17, 19]"
28/9,3.11111111,28,9,"[2, 3, 7]","[2, -2, 0, 1, 0, 0, 0, 0]","[2, 3, 5, 7, 11, 13, 17, 19]"
28/27,1.03703704,28,27,"[2, 3, 7]","[2, -3, 0, 1, 0, 0, 0, 0]","[2, 3, 5, 7, 11, 13, 17, 19]"
29/9,3.22222222,29,9,"[3, 29]","[0, -2, 0, 0, 0, 0, 0, 0]","[2, 3, 5, 7, 11, 13, 17, 19]"
31/9,3.44444444,31,9,"[3, 31]","[0, -2, 0, 0, 0, 0, 0, 0]","[2, 3, 5, 7, 11, 13, 17, 19]"
32/9,3.55555556,32,9,"[2, 3]","[5, -2, 0, 0, 0, 0, 0, 0]","[2, 3, 5, 7, 11, 13, 17, 19]"
32/27,1.18518519,32,27,"[2, 3]","[5, -3, 0, 0, 0, 0, 0, 0]","[2, 3, 5, 7, 11, 13, 17, 19]"
32/81,0.39506173,32,81,"[2, 3]","[5, -4, 0, 0, 0, 0, 0, 0]","[2, 3, 5, 7, 11, 13, 17, 19]"
32/243,0.13168724,32,243,"[2, 3]","[5, -5, 0, 0, 0, 0, 0, 0]","[2, 3, 5, 7, 11, 13, 17, 19]"
34/9,3.77777778,34,9,"[2, 3, 17]","[1, -2, 0, 0, 0, 0, 1, 0]","[2, 3, 5, 7, 11, 13, 17, 19]"
34/27,1.25925926,34,27,"[2, 3, 17]","[1, -3, 0, 0, 0, 0, 1, 0]","[2, 3, 5, 7, 11, 13, 17, 19]"
35/9,3.88888889,35,9,"[3, 5, 7]","[0, -2, 1, 1, 0, 0, 0, 0]","[2, 3, 5, 7, 11, 13, 17, 19]"
35/27,1.29629630,35,27,"[3, 5, 7]","[0, -3, 1, 1, 0, 0, 0, 0]","[2, 3, 5, 7, 11, 13, 17, 19]"
37/9,4.11111111,37,9,"[3, 37]","[0, -2, 0, 0, 0, 0, 0, 0]","[2, 3, 5, 7, 11, 13, 17, 19]"
38/9,4.22222222,38,9,"[2, 3, 19]","[1, -2, 0, 0, 0, 0, 0, 1]","[2, 3, 5, 7, 11, 13, 17, 19]"
38/27,1.40740741,38,27,"[2, 3, 19]","[1, -3, 0, 0, 0, 0, 0, 1]","[2, 3, 5, 7, 11, 13, 17, 19]"
40/9,4.44444444,40,9,"[2, 3, 5]","[3, -2, 1, 0, 0, 0, 0, 0]","[2, 3, 5, 7, 11, 13, 17, 19]"
40/27,1.48148148,40,27,"[2, 3, 5]","[3, -3, 1, 0, 0, 0, 0, 0]","[2, 3, 5, 7, 11, 13, 17, 19]"
40/81,0.49382716,40,81,"[2, 3, 5]","[3, -4, 1, 0, 0, 0, 0, 0]","[2, 3, 5, 7, 11, 13, 17, 19]"
41/9,4.55555556,41,9,"[3, 41]","[0, -2, 0, 0, 0, 0, 0, 0]","[2, 3, 5, 7, 11, 13, 17, 19]"
43/9,4.77777778,43,9,"[3, 43]","[0, -2, 0, 0, 0, 0, 0, 0]","[2, 3, 5, 7, 11, 13, 17, 19]"
43/27,1.59259259,43,27,"[3, 43]","[0, -3, 0, 0, 0, 0, 0, 0]","[2, 3, 5, 7, 11, 13, 17, 19]"
44/9,4.88888889,44,9,"[2, 3, 11]","[2, -2, 0, 0, 1, 0, 0, 0]","[2, 3, 5, 7, 11, 13, 17, 19]"
44/27,1.62962963,44,27,"[2, 3, 11]","[2, -3, 0, 0, 1, 0, 0, 0]","[2, 3, 5, 7, 11, 13, 17, 19]"
46/9,5.11111111,46,9,"[2, 3, 23]","[1, -2, 0, 0, 0, 0, 0, 0]","[2, 3, 5, 7, 11, 13, 17, 19]"
46/27,1.70370370,46,27,"[2, 3, 23]","[1, -3, 0, 0, 0, 0, 0, 0]","[2, 3, 5, 7, 11, 13, 17, 19]"
47/9,5.22222222,47,9,"[3, 47]","[0, -2, 0, 0, 0, 0, 0, 0]","[2, 3, 5, 7, 11, 13, 17, 19]"
47/27,1.74074074,47,27,"[3, 47]","[0, -3, 0, 0, 0, 0, 0, 0]","[2, 3, 5, 7, 11, 13, 17, 19]"
49/9,5.44444444,49,9,"[3, 7]","[0, -2, 0, 2, 0, 0, 0, 0]","[2, 3, 5, 7, 11, 13, 17, 19]"
50/9,5.55555556,50,9,"[2, 3, 5]","[1, -2, 2, 0, 0, 0, 0, 0]","[2, 3, 5, 7, 11, 13, 17, 19]"
50/27,1.85185185,50,27,"[2, 3, 5]","[1, -3, 2, 0, 0, 0, 0, 0]","[2, 3, 5, 7, 11, 13, 17, 19]"
52/9,5.77777778,52,9,"[2, 3, 13]","[2, -2, 0, 0, 0, 1, 0, 0]","[2, 3, 5, 7, 11, 13, 17, 19]"
52/27,1.92592593,52,27,"[2, 3, 13]","[2, -3, 0, 0, 0, 1, 0, 0]","[2, 3, 5, 7, 11, 13, 17, 19]"
52/81,0.64197531,52,81,"[2, 3, 13]","[2, -4, 0, 0, 0, 1, 0, 0]","[2, 3, 5, 7, 11, 13, 17, 19]"
53/9,5.88888889,53,9,"[3, 53]","[0, -2, 0, 0, 0, 0, 0, 0]","[2, 3, 5, 7, 11, 13, 17, 19]"
53/27,1.96296296,53,27,"[3, 53]","[0, -3, 0, 0, 0, 0, 0, 0]","[2, 3, 5, 7, 11, 13, 17, 19]"
55/9,6.11111111,55,9,"[3, 5, 11]","[0, -2, 1, 0, 1, 0, 0, 0]","[2, 3, 5, 7, 11, 13, 17, 19]"
55/27,2.03703704,55,27,"[3, 5, 11]","[0, -3, 1, 0, 1, 0, 0, 0]","[2, 3, 5, 7, 11, 13, 17, 19]"
56/9,6.22222222,56,9,"[2, 3, 7]","[3, -2, 0, 1, 0, 0, 0, 0]","[2, 3, 5, 7, 11, 13, 17, 19]"
56/27,2.07407407,56,27,"[2, 3, 7]","[3, -3, 0, 1, 0, 0, 0, 0]","[2, 3, 5, 7, 11, 13, 17, 19]"
56/81,0.69135802,56,81,"[2, 3, 7]","[3, -4, 0, 1, 0, 0, 0, 0]","[2, 3, 5, 7, 11, 13, 17, 19]"
58/27,2.14814815,58,27,"[2, 3, 29]","[1, -3, 0, 0, 0, 0, 0, 0]","[2, 3, 5, 7, 11, 13, 17, 19]"
59/9,6.55555556,59,9,"[3, 59]","[0, -2, 0, 0, 0, 0, 0, 0]","[2, 3, 5, 7, 11, 13, 17, 19]"
59/27,2.18518519,59,27,"[3, 59]","[0, -3, 0, 0, 0, 0, 0, 0]","[2, 3, 5, 7, 11, 13, 17, 19]"
61/9,6.77777778,61,9,"[3, 61]","[0, -2, 0, 0, 0, 0, 0, 0]","[2, 3, 5, 7, 11, 13, 17, 19]"
61/27,2.25925926,61,27,"[3, 61]","[0, -3, 0, 0, 0, 0, 0, 0]","[2, 3, 5, 7, 11, 13, 17, 19]"
62/27,2.29629630,62,27,"[2, 3, 31]","[1, -3, 0, 0, 0, 0, 0, 0]","[2, 3, 5, 7, 11, 13, 17, 19]"
64/27,2.37037037,64,27,"[2, 3]","[6, -3, 0, 0, 0, 0, 0, 0]","[2, 3, 5, 7, 11, 13, 17, 19]"
64/81,0.79012346,64,81,"[2, 3]","[6, -4, 0, 0, 0, 0, 0, 0]","[2, 3, 5, 7, 11, 13, 17, 19]"
64/243,0.26337449,64,243,"[2, 3]","[6, -5, 0, 0, 0, 0, 0, 0]","[2, 3, 5, 7, 11, 13, 17, 19]"
65/9,7.22222222,65,9,"[3, 5, 13]","[0, -2, 1, 0, 0, 1, 0, 0]","[2, 3, 5, 7, 11, 13, 17, 19]"
65/27,2.40740741,65,27,"[3, 5, 13]","[0, -3, 1, 0, 0, 1, 0, 0]","[2, 3, 5, 7, 11, 13, 17, 19]"
67/27,2.48148148,67,27,"[3, 67]","[0, -3, 0, 0, 0, 0, 0, 0]","[2, 3, 5, 7, 11, 13, 17, 19]"
68/27,2.51851852,68,27,"[2, 3, 17]","[2, -3, 0, 0, 0, 0, 1, 0]","[2, 3, 5, 7, 11, 13, 17, 19]"
68/81,0.83950617,68,81,"[2, 3, 17]","[2, -4, 0, 0, 0, 0, 1, 0]","[2, 3, 5, 7, 11, 13, 17, 19]"
70/27,2.59259259,70,27,"[2, 3, 5, 7]","[1, -3, 1, 1, 0, 0, 0, 0]","[2, 3, 5, 7, 11, 13, 17, 19]"
70/81,0.86419753,70,81,"[2, 3, 5, 7]","[1, -4, 1, 1, 0, 0, 0, 0]","[2, 3, 5, 7, 11, 13, 17, 19]"
71/27,2.62962963,71,27,"[3, 71]","[0, -3, 0, 0, 0, 0, 0, 0]","[2, 3, 5, 7, 11, 13, 17, 19]"
73/27,2.70370370,73,27,"[3, 73]","[0, -3, 0, 0, 0, 0, 0, 0]","[2, 3, 5, 7, 11, 13, 17, 19]"
74/27,2.74074074,74,27,"[2, 3, 37]","[1, -3, 0, 0, 0, 0, 0, 0]","[2, 3, 5, 7, 11, 13, 17, 19]"
76/27,2.81481481,76,27,"[2, 3, 19]","[2, -3, 0, 0, 0, 0, 0, 1]","[2, 3, 5, 7, 11, 13, 17, 19]"
76/81,0.93827160,76,81,"[2, 3, 19]","[2, -4, 0, 0, 0, 0, 0, 1]","[2, 3, 5, 7, 11, 13, 17, 19]"
77/27,2.85185185,77,27,"[3, 7, 11]","[0, -3, 0, 1, 1, 0, 0, 0]","[2, 3, 5, 7, 11, 13, 17, 19]"
79/27,2.92592593,79,27,"[3, 79]","[0, -3, 0, 0, 0, 0, 0, 0]","[2, 3, 5, 7, 11, 13, 17, 19]"
80/27,2.96296296,80,27,"[2, 3, 5]","[4, -3, 1, 0, 0, 0, 0, 0]","[2, 3, 5, 7, 11, 13, 17, 19]"
80/81,0.98765432,80,81,"[2, 3, 5]","[4, -4, 1, 0, 0, 0, 0, 0]","[2, 3, 5, 7, 11, 13, 17, 19]"
80/243,0.32921811,80,243,"[2, 3, 5]","[4, -5, 1, 0, 0, 0, 0, 0]","[2, 3, 5, 7, 11, 13, 17, 19]"
82/27,3.03703704,82,27,"[2, 3, 41]","[1, -3, 0, 0, 0, 0, 0, 0]","[2, 3, 5, 7, 11, 13, 17, 19]"
83/27,3.07407407,83,27,"[3, 83]","[0, -3, 0, 0, 0, 0, 0, 0]","[2, 3, 5, 7, 11, 13, 17, 19]"
85/27,3.14814815,85,27,"[3, 5, 17]","[0, -3, 1, 0, 0, 0, 1, 0]","[2, 3, 5, 7, 11, 13, 17, 19]"
86/27,3.18518519,86,27,"[2, 3, 43]","[1, -3, 0, 0, 0, 0, 0, 0]","[2, 3, 5, 7, 11, 13, 17, 19]"
86/81,1.06172840,86,81,"[2, 3, 43]","[1, -4, 0, 0, 0, 0, 0, 0]","[2, 3, 5, 7, 11, 13, 17, 19]"
88/27,3.25925926,88,27,"[2, 3, 11]","[3, -3, 0, 0, 1, 0, 0, 0]","[2, 3, 5, 7, 11, 13, 17, 19]"
88/81,1.08641975,88,81,"[2, 3, 11]","[3, -4, 0, 0, 1, 0, 0, 0]","[2, 3, 5, 7, 11, 13, 17, 19]"
89/27,3.29629630,89,27,"[3, 89]","[0, -3, 0, 0, 0, 0, 0, 0]","[2, 3, 5, 7, 11, 13, 17, 19]"
91/27,3.37037037,91,27,"[3, 7, 13]","[0, -3, 0, 1, 0, 1, 0, 0]","[2, 3, 5, 7, 11, 13, 17, 19]"
92/27,3.40740741,92,27,"[2, 3, 23]","[2, -3, 0, 0, 0, 0, 0, 0]","[2, 3, 5, 7, 11, 13, 17, 19]"
92/81,1.13580247,92,81,"[2, 3, 23]","[2, -4, 0, 0, 0, 0, 0, 0]","[2, 3, 5, 7, 11, 13, 17, 19]"
94/27,3.48148148,94,27,"[2, 3, 47]","[1, -3, 0, 0, 0, 0, 0, 0]","[2, 3, 5, 7, 11, 13, 17, 19]"
94/81,1.16049383,94,81,"[2, 3, 47]","[1, -4, 0, 0, 0, 0, 0, 0]","[2, 3, 5, 7, 11, 13, 17, 19]"
95/27,3.51851852,95,27,"[3, 5, 19]","[0, -3, 1, 0, 0, 0, 0, 1]","[2, 3, 5, 7, 11, 13, 17, 19]"
97/27,3.59259259,97,27,"[3, 97]","[0, -3, 0, 0, 0, 0, 0, 0]","[2, 3, 5, 7, 11, 13, 17, 19]"
97/81,1.19753086,97,81,"[3, 97]","[0, -4, 0, 0, 0, 0, 0, 0]","[2, 3, 5, 7, 11, 13, 17, 19]"
98/27,3.62962963,98,27,"[2, 3, 7]","[1, -3, 0, 2, 0, 0, 0, 0]","[2, 3, 5, 7, 11, 13, 17, 19]"
100/27,3.70370370,100,27,"[2, 3, 5]","[2, -3, 2, 0, 0, 0, 0, 0]","[2, 3, 5, 7, 11, 13, 17, 19]"
100/81,1.23456790,100,81,"[2, 3, 5]","[2, -4, 2, 0, 0, 0, 0, 0]","[2, 3, 5, 7, 11, 13, 17, 19]"
101/27,3.74074074,101,27,"[3, 101]","[0, -3, 0, 0, 0, 0, 0, 0]","[2, 3, 5, 7, 11, 13, 17, 19]"
103/27,3.81481481,103,27,"[3, 103]","[0, -3, 0, 0, 0, 0, 0, 0]","[2, 3, 5, 7, 11, 13, 17, 19]"
104/27,3.85185185,104,27,"[2, 3, 13]","[3, -3, 0, 0, 0, 1, 0, 0]","[2, 3, 5, 7, 11, 13, 17, 19]"
104/81,1.28395062,104,81,"[2, 3, 13]","[3, -4, 0, 0, 0, 1, 0, 0]","[2, 3, 5, 7, 11, 13, 17, 19]"
104/243,0.42798354,104,243,"[2, 3, 13]","[3, -5, 0, 0, 0, 1, 0, 0]","[2, 3, 5, 7, 11, 13, 17, 19]"
106/27,3.92592593,106,27,"[2, 3, 53]","[1, -3, 0, 0, 0, 0, 0, 0]","[2, 3, 5, 7, 11, 13, 17, 19]"
106/81,1.30864198,106,81,"[2, 3, 53]","[1, -4, 0, 0, 0, 0, 0, 0]","[2, 3, 5, 7, 11, 13, 17, 19]"
107/27,3.96296296,107,27,"[3, 107]","[0, -3, 0, 0, 0, 0, 0, 0]","[2, 3, 5, 7, 11, 13, 17, 19]"
109/27,4.03703704,109,27,"[3, 109]","[0, -3, 0, 0, 0, 0, 0, 0]","[2, 3, 5, 7, 11, 13, 17, 19]"
110/27,4.07407407,110,27,"[2, 3, 5, 11]","[1, -3, 1, 0, 1, 0, 0, 0]","[2, 3, 5, 7, 11, 13, 17, 19]"
110/81,1.35802469,110,81,"[2, 3, 5, 11]","[1, -4, 1, 0, 1, 0, 0, 0]","[2, 3, 5, 7, 11, 13, 17, 19]"
112/27,4.14814815,112,27,"[2, 3, 7]","[4, -3, 0, 1, 0, 0, 0, 0]","[2, 3, 5, 7, 11, 13, 17, 19]"
112/81,1.38271605,112,81,"[2, 3, 7]","[4, -4, 0, 1, 0, 0, 0, 0]","[2, 3, 5, 7, 11, 13, 17, 19]"
112/243,0.46090535,112,243,"[2, 3, 7]","[4, -5, 0, 1, 0, 0, 0, 0]","[2, 3, 5, 7, 11, 13, 17, 19]"
113/27,4.18518519,113,27,"[3, 113]","[0, -3, 0, 0, 0, 0, 0, 0]","[2, 3, 5, 7, 11, 13, 17, 19]"
113/81,1.39506173,113,81,"[3, 113]","[0, -4, 0, 0, 0, 0, 0, 0]","[2, 3, 5, 7, 11, 13, 17, 19]"
115/27,4.25925926,115,27,"[3, 5, 23]","[0, -3, 1, 0, 0, 0, 0, 0]","[2, 3, 5, 7, 11, 13, 17, 19]"
116/27,4.29629630,116,27,"[2, 3, 29]","[2, -3, 0, 0, 0, 0, 0, 0]","[2, 3, 5, 7, 11, 13, 17, 19]"
116/81,1.43209877,116,81,"[2, 3, 29]","[2, -4, 0, 0, 0, 0, 0, 0]","[2, 3, 5, 7, 11, 13, 17, 19]"
118/27,4.37037037,118,27,"[2, 3, 59]","[1, -3, 0, 0, 0, 0, 0, 0]","[2, 3, 5, 7, 11, 13, 17, 19]"
118/81,1.45679012,118,81,"[2, 3, 59]","[1, -4, 0, 0, 0, 0, 0, 0]","[2, 3, 5, 7, 11, 13, 17, 19]"
119/27,4.40740741,119,27,"[3, 7, 17]","[0, -3, 0, 1, 0, 0, 1, 0]","[2, 3, 5, 7, 11, 13, 17, 19]"
121/27,4.48148148,121,27,"[3, 11]","[0, -3, 0, 0, 2, 0, 0, 0]","[2, 3, 5, 7, 11, 13, 17, 19]"
121/81,1.49382716,121,81,"[3, 11]","[0, -4, 0, 0, 2, 0, 0, 0]","[2, 3, 5, 7, 11, 13, 17, 19]"
122/27,4.51851852,122,27,"[2, 3, 61]","[1, -3, 0, 0, 0, 0, 0, 0]","[2, 3, 5, 7, 11, 13, 17, 19]"
122/81,1.50617284,122,81,"[2, 3, 61]","[1, -4, 0, 0, 0, 0, 0, 0]","[2, 3, 5, 7, 11, 13, 17, 19]"
124/27,4.59259259,124,27,"[2, 3, 31]","[2, -3, 0, 0, 0, 0, 0, 0]","[2, 3, 5, 7, 11, 13, 17, 19]"
124/81,1.53086420,124,81,"[2, 3, 31]","[2, -4, 0, 0, 0, 0, 0, 0]","[2, 3, 5, 7, 11, 13, 17, 19]"
125/27,4.62962963,125,27,"[3, 5]","[0, -3, 3, 0, 0, 0, 0, 0]","[2, 3, 5, 7, 11, 13, 17, 19]"
127/27,4.70370370,127,27,"[3, 127]","[0, -3, 0, 0, 0, 0, 0, 0]","[2, 3, 5, 7, 11, 13, 17, 19]"
128/27,4.74074074,128,27,"[2, 3]","[7, -3, 0, 0, 0, 0, 0, 0]","[2, 3, 5, 7, 11, 13, 17, 19]"
128/81,1.58024691,128,81,"[2, 3]","[7, -4, 0, 0, 0, 0, 0, 0]","[2, 3, 5, 7, 11, 13, 17, 19]"
128/243,0.52674897,128,243,"[2, 3]","[7, -5, 0, 0, 0, 0, 0, 0]","[2, 3, 5, 7, 11, 13, 17, 19]"
130/27,4.81481481,130,27,"[2, 3, 5, 13]","[1, -3, 1, 0, 0, 1, 0, 0]","[2, 3, 5, 7, 11, 13, 17, 19]"
130/81,1.60493827,130,81,"[2, 3, 5, 13]","[1, -4, 1, 0, 0, 1, 0, 0]","[2, 3, 5, 7, 11, 13, 17, 19]"
131/27,4.85185185,131,27,"[3, 131]","[0, -3, 0, 0, 0, 0, 0, 0]","[2, 3, 5, 7, 11, 13, 17, 19]"
133/27,4.92592593,133,27,"[3, 7, 19]","[0, -3, 0, 1, 0, 0, 0, 1]","[2, 3, 5, 7, 11, 13, 17, 19]"
133/81,1.64197531,133,81,"[3, 7, 19]","[0, -4, 0, 1, 0, 0, 0, 1]","[2, 3, 5, 7, 11, 13, 17, 19]"
134/27,4.96296296,134,27,"[2, 3, 67]","[1, -3, 0, 0, 0, 0, 0, 0]","[2, 3, 5, 7, 11, 13, 17, 19]"
134/81,1.65432099,134,81,"[2, 3, 67]","[1, -4, 0, 0, 0, 0, 0, 0]","[2, 3, 5, 7, 11, 13, 17, 19]"
136/27,5.03703704,136,27,"[2, 3, 17]","[3, -3, 0, 0, 0, 0, 1, 0]","[2, 3, 5, 7, 11, 13, 17, 19]"
136/81,1.67901235,136,81,"[2, 3, 17]","[3, -4, 0, 0, 0, 0, 1, 0]","[2, 3, 5, 7, 11, 13, 17, 19]"
136/243,0.55967078,136,243,"[2, 3, 17]","[3, -5, 0, 0, 0, 0, 1, 0]","[2, 3, 5, 7, 11, 13, 17, 19]"
137/27,5.07407407,137,27,"[3, 137]","[0, -3, 0, 0, 0, 0, 0, 0]","[2, 3, 5, 7, 11, 13, 17, 19]"
137/81,1.69135802,137,81,"[3, 137]","[0, -4, 0, 0, 0, 0, 0, 0]","[2, 3, 5, 7, 11, 13, 17, 19]"
139/27,5.14814815,139,27,"[3, 139]","[0, -3, 0, 0, 0, 0, 0, 0]","[2, 3, 5, 7, 11, 13, 17, 19]"
140/27,5.18518519,140,27,"[2, 3, 5, 7]","[2, -3, 1, 1, 0, 0, 0, 0]","[2, 3, 5, 7, 11, 13, 17, 19]"
140/81,1.72839506,140,81,"[2, 3, 5, 7]","[2, -4, 1, 1, 0, 0, 0, 0]","[2, 3, 5, 7, 11, 13, 17, 19]"
140/243,0.57613169,140,243,"[2, 3, 5, 7]","[2, -5, 1, 1, 0, 0, 0, 0]","[2, 3, 5, 7, 11, 13, 17, 19]"
142/27,5.25925926,142,27,"[2, 3, 71]","[1, -3, 0, 0, 0, 0, 0, 0]","[2, 3, 5, 7, 11, 13, 17, 19]"
142/81,1.75308642,142,81,"[2, 3, 71]","[1, -4, 0, 0, 0, 0, 0, 0]","[2, 3, 5, 7, 11, 13, 17, 19]"
143/27,5.29629630,143,27,"[3, 11, 13]","[0, -3, 0, 0, 1, 1, 0, 0]","[2, 3, 5, 7, 11, 13, 17, 19]"
145/27,5.37037037,145,27,"[3, 5, 29]","[0, -3, 1, 0, 0, 0, 0, 0]","[2, 3, 5, 7, 11, 13, 17, 19]"
145/81,1.79012346,145,81,"[3, 5, 29]","[0, -4, 1, 0, 0, 0, 0, 0]","[2, 3, 5, 7, 11, 13, 17, 19]"
146/27,5.40740741,146,27,"[2, 3, 73]","[1, -3, 0, 0, 0, 0, 0, 0]","[2, 3, 5, 7, 11, 13, 17, 19]"
146/81,1.80246914,146,81,"[2, 3, 73]","[1, -4, 0, 0, 0, 0, 0, 0]","[2, 3, 5, 7, 11, 13, 17, 19]"
148/27,5.48148148,148,27,"[2, 3, 37]","[2, -3, 0, 0, 0, 0, 0, 0]","[2, 3, 5, 7, 11, 13, 17, 19]"
148/81,1.82716049,148,81,"[2, 3, 37]","[2, -4, 0, 0, 0, 0, 0, 0]","[2, 3, 5, 7, 11, 13, 17, 19]"
149/27,5.51851852,149,27,"[3, 149]","[0, -3, 0, 0, 0, 0, 0, 0]","[2, 3, 5, 7, 11, 13, 17, 19]"
149/81,1.83950617,149,81,"[3, 149]","[0, -4, 0, 0, 0, 0, 0, 0]","[2, 3, 5, 7, 11, 13, 17, 19]"
151/27,5.59259259,151,27,"[3, 151]","[0, -3, 0, 0, 0, 0, 0, 0]","[2, 3, 5, 7, 11, 13, 17, 19]"
151/81,1.86419753,151,81,"[3, 151]","[0, -4, 0, 0, 0, 0, 0, 0]","[2, 3, 5, 7, 11, 13, 17, 19]"
152/27,5.62962963,152,27,"[2, 3, 19]","[3, -3, 0, 0, 0, 0, 0, 1]","[2, 3, 5, 7, 11, 13, 17, 19]"
152/81,1.87654321,152,81,"[2, 3, 19]","[3, -4, 0, 0, 0, 0, 0, 1]","[2, 3, 5, 7, 11, 13, 17, 19]"
152/243,0.62551440,152,243,"[2, 3, 19]","[3, -5, 0, 0, 0, 0, 0, 1]","[2, 3, 5, 7, 11, 13, 17, 19]"
154/27,5.70370370,154,27,"[2, 3, 7, 11]","[1, -3, 0, 1, 1, 0, 0, 0]","[2, 3, 5, 7, 11, 13, 17, 19]"
154/81,1.90123457,154,81,"[2, 3, 7, 11]","[1, -4, 0, 1, 1, 0, 0, 0]","[2, 3, 5, 7, 11, 13, 17, 19]"
155/27,5.74074074,155,27,"[3, 5, 31]","[0, -3, 1, 0, 0, 0, 0, 0]","[2, 3, 5, 7, 11, 13, 17, 19]"
157/27,5.81481481,157,27,"[3, 157]","[0, -3, 0, 0, 0, 0, 0, 0]","[2, 3, 5, 7, 11, 13, 17, 19]"
157/81,1.93827160,157,81,"[3, 157]","[0, -4, 0, 0, 0, 0, 0, 0]","[2, 3, 5, 7, 11, 13, 17, 19]"
158/27,5.85185185,158,27,"[2, 3, 79]","[1, -3, 0, 0, 0, 0, 0, 0]","[2, 3, 5, 7, 11, 13, 17, 19]"
158/81,1.95061728,158,81,"[2, 3, 79]","[1, -4, 0, 0, 0, 0, 0, 0]","[2, 3, 5, 7, 11, 13, 17, 19]"
160/27,5.92592593,160,27,"[2, 3, 5]","[5, -3, 1, 0, 0, 0, 0, 0]","[2, 3, 5, 7, 11, 13, 17, 19]"
160/81,1.97530864,160,81,"[2, 3, 5]","[5, -4, 1, 0, 0, 0, 0, 0]","[2, 3, 5, 7, 11, 13, 17, 19]"
160/243,0.65843621,160,243,"[2, 3, 5]","[5, -5, 1, 0, 0, 0, 0, 0]","[2, 3, 5, 7, 11, 13, 17, 19]"
161/27,5.96296296,161,27,"[3, 7, 23]","[0, -3, 0, 1, 0, 0, 0, 0]","[2, 3, 5, 7, 11, 13, 17, 19]"
161/81,1.98765432,161,81,"[3, 7, 23]","[0, -4, 0, 1, 0, 0, 0, 0]","[2, 3, 5, 7, 11, 13, 17, 19]"
163/27,6.03703704,163,27,"[3, 163]","[0, -3, 0, 0, 0, 0, 0, 0]","[2, 3, 5, 7, 11, 13, 17, 19]"
164/27,6.07407407,164,27,"[2, 3, 41]","[2, -3, 0, 0, 0, 0, 0, 0]","[2, 3, 5, 7, 11, 13, 17, 19]"
164/81,2.02469136,164,81,"[2, 3, 41]","[2, -4, 0, 0, 0, 0, 0, 0]","[2, 3, 5, 7, 11, 13, 17, 19]"
166/27,6.14814815,166,27,"[2, 3, 83]","[1, -3, 0, 0, 0, 0, 0, 0]","[2, 3, 5, 7, 11, 13, 17, 19]"
166/81,2.04938272,166,81,"[2, 3, 83]","[1, -4, 0, 0, 0, 0, 0, 0]","[2, 3, 5, 7, 11, 13, 17, 19]"
167/27,6.18518519,167,27,"[3, 167]","[0, -3, 0, 0, 0, 0, 0, 0]","[2, 3, 5, 7, 11, 13, 17, 19]"
167/81,2.06172840,167,81,"[3, 167]","[0, -4, 0, 0, 0, 0, 0, 0]","[2, 3, 5, 7, 11, 13, 17, 19]"
169/27,6.25925926,169,27,"[3, 13]","[0, -3, 0, 0, 0, 2, 0, 0]","[2, 3, 5, 7, 11, 13, 17, 19]"
169/81,2.08641975,169,81,"[3, 13]","[0, -4, 0, 0, 0, 2, 0, 0]","[2, 3, 5, 7, 11, 13, 17, 19]"
170/81,2.09876543,170,81,"[2, 3, 5, 17]","[1, -4, 1, 0, 0, 0, 1, 0]","[2, 3, 5, 7, 11, 13, 17, 19]"
172/27,6.37037037,172,27,"[2, 3, 43]","[2, -3, 0, 0, 0, 0, 0, 0]","[2, 3, 5, 7, 11, 13, 17, 19]"
172/81,2.12345679,172,81,"[2, 3, 43]","[2, -4, 0, 0, 0, 0, 0, 0]","[2, 3, 5, 7, 11, 13, 17, 19]"
172/243,0.70781893,172,243,"[2, 3, 43]","[2, -5, 0, 0, 0, 0, 0, 0]","[2, 3, 5, 7, 11, 13, 17, 19]"
173/27,6.40740741,173,27,"[3, 173]","[0, -3, 0, 0, 0, 0, 0, 0]","[2, 3, 5, 7, 11, 13, 17, 19]"
173/81,2.13580247,173,81,"[3, 173]","[0, -4, 0, 0, 0, 0, 0, 0]","[2, 3, 5, 7, 11, 13, 17, 19]"
175/27,6.48148148,175,27,"[3, 5, 7]","[0, -3, 2, 1, 0, 0, 0, 0]","[2, 3, 5, 7, 11, 13, 17, 19]"
175/81,2.16049383,175,81,"[3, 5, 7]","[0, -4, 2, 1, 0, 0, 0, 0]","[2, 3, 5, 7, 11, 13, 17, 19]"
176/27,6.51851852,176,27,"[2, 3, 11]","[4, -3, 0, 0, 1, 0, 0, 0]","[2, 3, 5, 7, 11, 13, 17, 19]"
176/81,2.17283951,176,81,"[2, 3, 11]","[4, -4, 0, 0, 1, 0, 0, 0]","[2, 3, 5, 7, 11, 13, 17, 19]"
176/243,0.72427984,176,243,"[2, 3, 11]","[4, -5, 0, 0, 1, 0, 0, 0]","[2, 3, 5, 7, 11, 13, 17, 19]"
178/81,2.19753086,178,81,"[2, 3, 89]","[1, -4, 0, 0, 0, 0, 0, 0]","[2, 3, 5, 7, 11, 13, 17, 19]"
179/27,6.62962963,179,27,"[3, 179]","[0, -3, 0, 0, 0, 0, 0, 0]","[2, 3, 5, 7, 11, 13, 17, 19]"
181/27,6.70370370,181,27,"[3, 181]","[0, -3, 0, 0, 0, 0, 0, 0]","[2, 3, 5, 7, 11, 13, 17, 19]"
181/81,2.23456790,181,81,"[3, 181]","[0, -4, 0, 0, 0, 0, 0, 0]","[2, 3, 5, 7, 11, 13, 17, 19]"
182/81,2.24691358,182,81,"[2, 3, 7, 13]","[1, -4, 0, 1, 0, 1, 0, 0]","[2, 3, 5, 7, 11, 13, 17, 19]"
184/27,6.81481481,184,27,"[2, 3, 23]","[3, -3, 0, 0, 0, 0, 0, 0]","[2, 3, 5, 7, 11, 13, 17, 19]"
184/81,2.27160494,184,81,"[2, 3, 23]","[3, -4, 0, 0, 0, 0, 0, 0]","[2, 3, 5, 7, 11, 13, 17, 19]"
184/243,0.75720165,184,243,"[2, 3, 23]","[3, -5, 0, 0, 0, 0, 0, 0]","[2, 3, 5, 7, 11, 13, 17, 19]"
185/27,6.85185185,185,27,"[3, 5, 37]","[0, -3, 1, 0, 0, 0, 0, 0]","[2, 3, 5, 7, 11, 13, 17, 19]"
185/81,2.28395062,185,81,"[3, 5, 37]","[0, -4, 1, 0, 0, 0, 0, 0]","[2, 3, 5, 7, 11, 13, 17, 19]"
187/27,6.92592593,187,27,"[3, 11, 17]","[0, -3, 0, 0, 1, 0, 1, 0]","[2, 3, 5, 7, 11, 13, 17, 19]"
187/81,2.30864198,187,81,"[3, 11, 17]","[0, -4, 0, 0, 1, 0, 1, 0]","[2, 3, 5, 7, 11, 13, 17, 19]"
188/81,2.32098765,188,81,"[2, 3, 47]","[2, -4, 0, 0, 0, 0, 0, 0]","[2, 3, 5, 7, 11, 13, 17, 19]"
188/243,0.77366255,188,243,"[2, 3, 47]","[2, -5, 0, 0, 0, 0, 0, 0]","[2, 3, 5, 7, 11, 13, 17, 19]"
190/81,2.34567901,190,81,"[2, 3, 5, 19]","[1, -4, 1, 0, 0, 0, 0, 1]","[2, 3, 5, 7, 11, 13, 17, 19]"
191/27,7.07407407,191,27,"[3, 191]","[0, -3, 0, 0, 0, 0, 0, 0]","[2, 3, 5, 7, 11, 13, 17, 19]"
191/81,2.35802469,191,81,"[3, 191]","[0, -4, 0, 0, 0, 0, 0, 0]","[2, 3, 5, 7, 11, 13, 17, 19]"
193/27,7.14814815,193,27,"[3, 193]","[0, -3, 0, 0, 0, 0, 0, 0]","[2, 3, 5, 7, 11, 13, 17, 19]"
193/81,2.38271605,193,81,"[3, 193]","[0, -4, 0, 0, 0, 0, 0, 0]","[2, 3, 5, 7, 11, 13, 17, 19]"
194/81,2.39506173,194,81,"[2, 3, 97]","[1, -4, 0, 0, 0, 0, 0, 0]","[2, 3, 5, 7, 11, 13, 17, 19]"
194/243,0.79835391,194,243,"[2, 3, 97]","[1, -5, 0, 0, 0, 0, 0, 0]","[2, 3, 5, 7, 11, 13, 17, 19]"
196/81,2.41975309,196,81,"[2, 3, 7]","[2, -4, 0, 2, 0, 0, 0, 0]","[2, 3, 5, 7, 11, 13, 17, 19]"
197/81,2.43209877,197,81,"[3, 197]","[0, -4, 0, 0, 0, 0, 0, 0]","[2, 3, 5, 7, 11, 13, 17, 19]"
199/27,7.37037037,199,27,"[3, 199]","[0, -3, 0, 0, 0, 0, 0, 0]","[2, 3, 5, 7, 11, 13, 17, 19]"
199/81,2.45679012,199,81,"[3, 199]","[0, -4, 0, 0, 0, 0, 0, 0]","[2, 3, 5, 7, 11, 13, 17, 19]"
200/81,2.46913580,200,81,"[2, 3, 5]","[3, -4, 2, 0, 0, 0, 0, 0]","[2, 3, 5, 7, 11, 13, 17, 19]"
200/243,0.82304527,200,243,"[2, 3, 5]","[3, -5, 2, 0, 0, 0, 0, 0]","[2, 3, 5, 7, 11, 13, 17, 19]"
202/81,2.49382716,202,81,"[2, 3, 101]","[1, -4, 0, 0, 0, 0, 0, 0]","[2, 3, 5, 7, 11, 13, 17, 19]"
203/27,7.51851852,203,27,"[3, 7, 29]","[0, -3, 0, 1, 0, 0, 0, 0]","[2, 3, 5, 7, 11, 13, 17, 19]"
203/81,2.50617284,203,81,"[3, 7, 29]","[0, -4, 0, 1, 0, 0, 0, 0]","[2, 3, 5, 7, 11, 13, 17, 19]"
205/81,2.53086420,205,81,"[3, 5, 41]","[0, -4, 1, 0, 0, 0, 0, 0]","[2, 3, 5, 7, 11, 13, 17, 19]"
206/81,2.54320988,206,81,"[2, 3, 103]","[1, -4, 0, 0, 0, 0, 0, 0]","[2, 3, 5, 7, 11, 13, 17, 19]"
208/81,2.56790123,208,81,"[2, 3, 13]","[4, -4, 0, 0, 0, 1, 0, 0]","[2, 3, 5, 7, 11, 13, 17, 19]"
208/243,0.85596708,208,243,"[2, 3, 13]","[4, -5, 0, 0, 0, 1, 0, 0]","[2, 3, 5, 7, 11, 13, 17, 19]"
209/81,2.58024691,209,81,"[3, 11, 19]","[0, -4, 0, 0, 1, 0, 0, 1]","[2, 3, 5, 7, 11, 13, 17, 19]"
211/27,7.81481481,211,27,"[3, 211]","[0, -3, 0, 0, 0, 0, 0, 0]","[2, 3, 5, 7, 11, 13, 17, 19]"
211/81,2.60493827,211,81,"[3, 211]","[0, -4, 0, 0, 0, 0, 0, 0]","[2, 3, 5, 7, 11, 13, 17, 19]"
212/81,2.61728395,212,81,"[2, 3, 53]","[2, -4, 0, 0, 0, 0, 0, 0]","[2, 3, 5, 7, 11, 13, 17, 19]"
212/243,0.87242798,212,243,"[2, 3, 53]","[2, -5, 0, 0, 0, 0, 0, 0]","[2, 3, 5, 7, 11, 13, 17, 19]"
214/81,2.64197531,214,81,"[2, 3, 107]","[1, -4, 0, 0, 0, 0, 0, 0]","[2, 3, 5, 7, 11, 13, 17, 19]"
215/81,2.65432099,215,81,"[3, 5, 43]","[0, -4, 1, 0, 0, 0, 0, 0]","[2, 3, 5, 7, 11, 13, 17, 19]"
217/81,2.67901235,217,81,"[3, 7, 31]","[0, -4, 0, 1, 0, 0, 0, 0]","[2, 3, 5, 7, 11, 13, 17, 19]"
218/81,2.69135802,218,81,"[2, 3, 109]","[1, -4, 0, 0, 0, 0, 0, 0]","[2, 3, 5, 7, 11, 13, 17, 19]"
220/81,2.71604938,220,81,"[2, 3, 5, 11]","[2, -4, 1, 0, 1, 0, 0, 0]","[2, 3, 5, 7, 11, 13, 17, 19]"
220/243,0.90534979,220,243,"[2, 3, 5, 11]","[2, -5, 1, 0, 1, 0, 0, 0]","[2, 3, 5, 7, 11, 13, 17, 19]"
221/81,2.72839506,221,81,"[3, 13, 17]","[0, -4, 0, 0, 0, 1, 1, 0]","[2, 3, 5, 7, 11, 13, 17, 19]"
223/81,2.75308642,223,81,"[3, 223]","[0, -4, 0, 0, 0, 0, 0, 0]","[2, 3, 5, 7, 11, 13, 17, 19]"
224/81,2.76543210,224,81,"[2, 3, 7]","[5, -4, 0, 1, 0, 0, 0, 0]","[2, 3, 5, 7, 11, 13, 17, 19]"
224/243,0.92181070,224,243,"[2, 3, 7]","[5, -5, 0, 1, 0, 0, 0, 0]","[2, 3, 5, 7, 11, 13, 17, 19]"
226/81,2.79012346,226,81,"[2, 3, 113]","[1, -4, 0, 0, 0, 0, 0, 0]","[2, 3, 5, 7, 11, 13, 17, 19]"
226/243,0.93004115,226,243,"[2, 3, 113]","[1, -5, 0, 0, 0, 0, 0, 0]","[2, 3, 5, 7, 11, 13, 17, 19]"
227/81,2.80246914,227,81,"[3, 227]","[0, -4, 0, 0, 0, 0, 0, 0]","[2, 3, 5, 7, 11, 13, 17, 19]"
229/81,2.82716049,229,81,"[3, 229]","[0, -4, 0, 0, 0, 0, 0, 0]","[2, 3, 5, 7, 11, 13, 17, 19]"
230/81,2.83950617,230,81,"[2, 3, 5, 23]","[1, -4, 1, 0, 0, 0, 0, 0]","[2, 3, 5, 7, 11, 13, 17, 19]"
232/81,2.86419753,232,81,"[2, 3, 29]","[3, -4, 0, 0, 0, 0, 0, 0]","[2, 3, 5, 7, 11, 13, 17, 19]"
232/243,0.95473251,232,243,"[2, 3, 29]","[3, -5, 0, 0, 0, 0, 0, 0]","[2, 3, 5, 7, 11, 13, 17, 19]"
233/81,2.87654321,233,81,"[3, 233]","[0, -4, 0, 0, 0, 0, 0, 0]","[2, 3, 5, 7, 11, 13, 17, 19]"
235/81,2.90123457,235,81,"[3, 5, 47]","[0, -4, 1, 0, 0, 0, 0, 0]","[2, 3, 5, 7, 11, 13, 17, 19]"
236/81,2.91358025,236,81,"[2, 3, 59]","[2, -4, 0, 0, 0, 0, 0, 0]","[2, 3, 5, 7, 11, 13, 17, 19]"
236/243,0.97119342,236,243,"[2, 3, 59]","[2, -5, 0, 0, 0, 0, 0, 0]","[2, 3, 5, 7, 11, 13, 17, 19]"
238/81,2.93827160,238,81,"[2, 3, 7, 17]","[1, -4, 0, 1, 0, 0, 1, 0]","[2, 3, 5, 7, 11, 13, 17, 19]"
239/81,2.95061728,239,81,"[3, 239]","[0, -4, 0, 0, 0, 0, 0, 0]","[2, 3, 5, 7, 11, 13, 17, 19]"
241/81,2.97530864,241,81,"[3, 241]","[0, -4, 0, 0, 0, 0, 0, 0]","[2, 3, 5, 7, 11, 13, 17, 19]"
242/81,2.98765432,242,81,"[2, 3, 11]","[1, -4, 0, 0, 2, 0, 0, 0]","[2, 3, 5, 7, 11, 13, 17, 19]"
242/243,0.99588477,242,243,"[2, 3, 11]","[1, -5, 0, 0, 2, 0, 0, 0]","[2, 3, 5, 7, 11, 13, 17, 19]"
244/81,3.01234568,244,81,"[2, 3, 61]","[2, -4, 0, 0, 0, 0, 0, 0]","[2, 3, 5, 7, 11, 13, 17, 19]"
244/243,1.00411523,244,243,"[2, 3, 61]","[2, -5, 0, 0, 0, 0, 0, 0]","[2, 3, 5, 7, 11, 13, 17, 19]"
245/81,3.02469136,245,81,"[3, 5, 7]","[0, -4, 1, 2, 0, 0, 0, 0]","[2, 3, 5, 7, 11, 13, 17, 19]"
247/81,3.04938272,247,81,"[3, 13, 19]","[0, -4, 0, 0, 0, 1, 0, 1]","[2, 3, 5, 7, 11, 13, 17, 19]"
248/81,3.06172840,248,81,"[2, 3, 31]","[3, -4, 0, 0, 0, 0, 0, 0]","[2, 3, 5, 7, 11, 13, 17, 19]"
248/243,1.02057613,248,243,"[2, 3, 31]","[3, -5, 0, 0, 0, 0, 0, 0]","[2, 3, 5, 7, 11, 13, 17, 19]"
250/81,3.08641975,250,81,"[2, 3, 5]","[1, -4, 3, 0, 0, 0, 0, 0]","[2, 3, 5, 7, 11, 13, 17, 19]"
251/81,3.09876543,251,81,"[3, 251]","[0, -4, 0, 0, 0, 0, 0, 0]","[2, 3, 5, 7, 11, 13, 17, 19]"
253/81,3.12345679,253,81,"[3, 11, 23]","[0, -4, 0, 0, 1, 0, 0, 0]","[2, 3, 5, 7, 11, 13, 17, 19]"
254/81,3.13580247,254,81,"[2, 3, 127]","[1, -4, 0, 0, 0, 0, 0, 0]","[2, 3, 5, 7, 11, 13, 17, 19]"
256/81,3.16049383,256,81,"[2, 3]","[8, -4, 0, 0, 0, 0, 0, 0]","[2, 3, 5, 7, 11, 13, 17, 19]"
256/243,1.05349794,256,243,"[2, 3]","[8, -5, 0, 0, 0, 0, 0, 0]","[2, 3, 5, 7, 11, 13, 17, 19]"
257/81,3.17283951,257,81,"[3, 257]","[0, -4, 0, 0, 0, 0, 0, 0]","[2, 3, 5, 7, 11, 13, 17, 19]"
259/81,3.19753086,259,81,"[3, 7, 37]","[0, -4, 0, 1, 0, 0, 0, 0]","[2, 3, 5, 7, 11, 13, 17, 19]"
260/81,3.20987654,260,81,"[2, 3, 5, 13]","[2, -4, 1, 0, 0, 1, 0, 0]","[2, 3, 5, 7, 11, 13, 17, 19]"
260/243,1.06995885,260,243,"[2, 3, 5, 13]","[2, -5, 1, 0, 0, 1, 0, 0]","[2, 3, 5, 7, 11, 13, 17, 19]"
262/81,3.23456790,262,81,"[2, 3, 131]","[1, -4, 0, 0, 0, 0, 0, 0]","[2, 3, 5, 7, 11, 13, 17, 19]"
263/81,3.24691358,263,81,"[3, 263]","[0, -4, 0, 0, 0, 0, 0, 0]","[2, 3, 5, 7, 11, 13, 17, 19]"
265/81,3.27160494,265,81,"[3, 5, 53]","[0, -4, 1, 0, 0, 0, 0, 0]","[2, 3, 5, 7, 11, 13, 17, 19]"
266/81,3.28395062,266,81,"[2, 3, 7, 19]","[1, -4, 0, 1, 0, 0, 0, 1]","[2, 3, 5, 7, 11, 13, 17, 19]"
266/243,1.09465021,266,243,"[2, 3, 7, 19]","[1, -5, 0, 1, 0, 0, 0, 1]","[2, 3, 5, 7, 11, 13, 17, 19]"
268/81,3.30864198,268,81,"[2, 3, 67]","[2, -4, 0, 0, 0, 0, 0, 0]","[2, 3, 5, 7, 11, 13, 17, 19]"
268/243,1.10288066,268,243,"[2, 3, 67]","[2, -5, 0, 0, 0, 0, 0, 0]","[2, 3, 5, 7, 11, 13, 17, 19]"
269/81,3.32098765,269,81,"[3, 269]","[0, -4, 0, 0, 0, 0, 0, 0]","[2, 3, 5, 7, 11, 13, 17, 19]"
271/81,3.34567901,271,81,"[3, 271]","[0, -4, 0, 0, 0, 0, 0, 0]","[2, 3, 5, 7, 11, 13, 17, 19]"
272/81,3.35802469,272,81,"[2, 3, 17]","[4, -4, 0, 0, 0, 0, 1, 0]","[2, 3, 5, 7, 11, 13, 17, 19]"
272/243,1.11934156,272,243,"[2, 3, 17]","[4, -5, 0, 0, 0, 0, 1, 0]","[2, 3, 5, 7, 11, 13, 17, 19]"
274/81,3.38271605,274,81,"[2, 3, 137]","[1, -4, 0, 0, 0, 0, 0, 0]","[2, 3, 5, 7, 11, 13, 17, 19]"
274/243,1.12757202,274,243,"[2, 3, 137]","[1, -5, 0, 0, 0, 0, 0, 0]","[2, 3, 5, 7, 11, 13, 17, 19]"
275/81,3.39506173,275,81,"[3, 5, 11]","[0, -4, 2, 0, 1, 0, 0, 0]","[2, 3, 5, 7, 11, 13, 17, 19]"
275/243,1.13168724,275,243,"[3, 5, 11]","[0, -5, 2, 0, 1, 0, 0, 0]","[2, 3, 5, 7, 11, 13, 17, 19]"
277/81,3.41975309,277,81,"[3, 277]","[0, -4, 0, 0, 0, 0, 0, 0]","[2, 3, 5, 7, 11, 13, 17, 19]"
278/81,3.43209877,278,81,"[2, 3, 139]","[1, -4, 0, 0, 0, 0, 0, 0]","[2, 3, 5, 7, 11, 13, 17, 19]"
280/81,3.45679012,280,81,"[2, 3, 5, 7]","[3, -4, 1, 1, 0, 0, 0, 0]","[2, 3, 5, 7, 11, 13, 17, 19]"
280/243,1.15226337,280,243,"[2, 3, 5, 7]","[3, -5, 1, 1, 0, 0, 0, 0]","[2, 3, 5, 7, 11, 13, 17, 19]"
281/81,3.46913580,281,81,"[3, 281]","[0, -4, 0, 0, 0, 0, 0, 0]","[2, 3, 5, 7, 11, 13, 17, 19]"
283/81,3.49382716,283,81,"[3, 283]","[0, -4, 0, 0, 0, 0, 0, 0]","[2, 3, 5, 7, 11, 13, 17, 19]"
284/81,3.50617284,284,81,"[2, 3, 71]","[2, -4, 0, 0, 0, 0, 0, 0]","[2, 3, 5, 7, 11, 13, 17, 19]"
284/243,1.16872428,284,243,"[2, 3, 71]","[2, -5, 0, 0, 0, 0, 0, 0]","[2, 3, 5, 7, 11, 13, 17, 19]"
286/81,3.53086420,286,81,"[2, 3, 11, 13]","[1, -4, 0, 0, 1, 1, 0, 0]","[2, 3, 5, 7, 11, 13, 17, 19]"
287/81,3.54320988,287,81,"[3, 7, 41]","[0, -4, 0, 1, 0, 0, 0, 0]","[2, 3, 5, 7, 11, 13, 17, 19]"
289/81,3.56790123,289,81,"[3, 17]","[0, -4, 0, 0, 0, 0, 2, 0]","[2, 3, 5, 7, 11, 13, 17, 19]"
290/81,3.58024691,290,81,"[2, 3, 5, 29]","[1, -4, 1, 0, 0, 0, 0, 0]","[2, 3, 5, 7, 11, 13, 17, 19]"
290/243,1.19341564,290,243,"[2, 3, 5, 29]","[1, -5, 1, 0, 0, 0, 0, 0]","[2, 3, 5, 7, 11, 13, 17, 19]"
292/81,3.60493827,292,81,"[2, 3, 73]","[2, -4, 0, 0, 0, 0, 0, 0]","[2, 3, 5, 7, 11, 13, 17, 19]"
292/243,1.20164609,292,243,"[2, 3, 73]","[2, -5, 0, 0, 0, 0, 0, 0]","[2, 3, 5, 7, 11, 13, 17, 19]"
293/81,3.61728395,293,81,"[3, 293]","[0, -4, 0, 0, 0, 0, 0, 0]","[2, 3, 5, 7, 11, 13, 17, 19]"
295/81,3.64197531,295,81,"[3, 5, 59]","[0, -4, 1, 0, 0, 0, 0, 0]","[2, 3, 5, 7, 11, 13, 17, 19]"
296/81,3.65432099,296,81,"[2, 3, 37]","[3, -4, 0, 0, 0, 0, 0, 0]","[2, 3, 5, 7, 11, 13, 17, 19]"
296/243,1.21810700,296,243,"[2, 3, 37]","[3, -5, 0, 0, 0, 0, 0, 0]","[2, 3, 5, 7, 11, 13, 17, 19]"
298/81,3.67901235,298,81,"[2, 3, 149]","[1, -4, 0, 0, 0, 0, 0, 0]","[2, 3, 5, 7, 11, 13, 17, 19]"
298/243,1.22633745,298,243,"[2, 3, 149]","[1, -5, 0, 0, 0, 0, 0, 0]","[2, 3, 5, 7, 11, 13, 17, 19]"
299/81,3.69135802,299,81,"[3, 13, 23]","[0, -4, 0, 0, 0, 1, 0, 0]","[2, 3, 5, 7, 11, 13, 17, 19]"
301/81,3.71604938,301,81,"[3, 7, 43]","[0, -4, 0, 1, 0, 0, 0, 0]","[2, 3, 5, 7, 11, 13, 17, 19]"
302/81,3.72839506,302,81,"[2, 3, 151]","[1, -4, 0, 0, 0, 0, 0, 0]","[2, 3, 5, 7, 11, 13, 17, 19]"
302/243,1.24279835,302,243,"[2, 3, 151]","[1, -5, 0, 0, 0, 0, 0, 0]","[2, 3, 5, 7, 11, 13, 17, 19]"
304/81,3.75308642,304,81,"[2, 3, 19]","[4, -4, 0, 0, 0, 0, 0, 1]","[2, 3, 5, 7, 11, 13, 17, 19]"
304/243,1.25102881,304,243,"[2, 3, 19]","[4, -5, 0, 0, 0, 0, 0, 1]","[2, 3, 5, 7, 11, 13, 17, 19]"
305/81,3.76543210,305,81,"[3, 5, 61]","[0, -4, 1, 0, 0, 0, 0, 0]","[2, 3, 5, 7, 11, 13, 17, 19]"
307/81,3.79012346,307,81,"[3, 307]","[0, -4, 0, 0, 0, 0, 0, 0]","[2, 3, 5, 7, 11, 13, 17, 19]"
307/243,1.26337449,307,243,"[3, 307]","[0, -5, 0, 0, 0, 0, 0, 0]","[2, 3, 5, 7, 11, 13, 17, 19]"
308/81,3.80246914,308,81,"[2, 3, 7, 11]","[2, -4, 0, 1, 1, 0, 0, 0]","[2, 3, 5, 7, 11, 13, 17, 19]"
308/243,1.26748971,308,243,"[2, 3, 7, 11]","[2, -5, 0, 1, 1, 0, 0, 0]","[2, 3, 5, 7, 11, 13, 17, 19]"
310/81,3.82716049,310,81,"[2, 3, 5, 31]","[1, -4, 1, 0, 0, 0, 0, 0]","[2, 3, 5, 7, 11, 13, 17, 19]"
311/81,3.83950617,311,81,"[3, 311]","[0, -4, 0, 0, 0, 0, 0, 0]","[2, 3, 5, 7, 11, 13, 17, 19]"
313/81,3.86419753,313,81,"[3, 313]","[0, -4, 0, 0, 0, 0, 0, 0]","[2, 3, 5, 7, 11, 13, 17, 19]"
314/81,3.87654321,314,81,"[2, 3, 157]","[1, -4, 0, 0, 0, 0, 0, 0]","[2, 3, 5, 7, 11, 13, 17, 19]"
314/243,1.29218107,314,243,"[2, 3, 157]","[1, -5, 0, 0, 0, 0, 0, 0]","[2, 3, 5, 7, 11, 13, 17, 19]"
316/81,3.90123457,316,81,"[2, 3, 79]","[2, -4, 0, 0, 0, 0, 0, 0]","[2, 3, 5, 7, 11, 13, 17, 19]"
316/243,1.30041152,316,243,"[2, 3, 79]","[2, -5, 0, 0, 0, 0, 0, 0]","[2, 3, 5, 7, 11, 13, 17, 19]"
317/81,3.91358025,317,81,"[3, 317]","[0, -4, 0, 0, 0, 0, 0, 0]","[2, 3, 5, 7, 11, 13, 17, 19]"
319/81,3.93827160,319,81,"[3, 11, 29]","[0, -4, 0, 0, 1, 0, 0, 0]","[2, 3, 5, 7, 11, 13, 17, 19]"
320/81,3.95061728,320,81,"[2, 3, 5]","[6, -4, 1, 0, 0, 0, 0, 0]","[2, 3, 5, 7, 11, 13, 17, 19]"
320/243,1.31687243,320,243,"[2, 3, 5]","[6, -5, 1, 0, 0, 0, 0, 0]","[2, 3, 5, 7, 11, 13, 17, 19]"
322/81,3.97530864,322,81,"[2, 3, 7, 23]","[1, -4, 0, 1, 0, 0, 0, 0]","[2, 3, 5, 7, 11, 13, 17, 19]"
322/243,1.32510288,322,243,"[2, 3, 7, 23]","[1, -5, 0, 1, 0, 0, 0, 0]","[2, 3, 5, 7, 11, 13, 17, 19]"
323/81,3.98765432,323,81,"[3, 17, 19]","[0, -4, 0, 0, 0, 0, 1, 1]","[2, 3, 5, 7, 11, 13, 17, 19]"
323/243,1.32921811,323,243,"[3, 17, 19]","[0, -5, 0, 0, 0, 0, 1, 1]","[2, 3, 5, 7, 11, 13, 17, 19]"
325/81,4.01234568,325,81,"[3, 5, 13]","[0, -4, 2, 0, 0, 1, 0, 0]","[2, 3, 5, 7, 11, 13, 17, 19]"
326/81,4.02469136,326,81,"[2, 3, 163]","[1, -4, 0, 0, 0, 0, 0, 0]","[2, 3, 5, 7, 11, 13, 17, 19]"
328/81,4.04938272,328,81,"[2, 3, 41]","[3, -4, 0, 0, 0, 0, 0, 0]","[2, 3, 5, 7, 11, 13, 17, 19]"
328/243,1.34979424,328,243,"[2, 3, 41]","[3, -5, 0, 0, 0, 0, 0, 0]","[2, 3, 5, 7, 11, 13, 17, 19]"
329/81,4.06172840,329,81,"[3, 7, 47]","[0, -4, 0, 1, 0, 0, 0, 0]","[2, 3, 5, 7, 11, 13, 17, 19]"
331/81,4.08641975,331,81,"[3, 331]","[0, -4, 0, 0, 0, 0, 0, 0]","[2, 3, 5, 7, 11, 13, 17, 19]"
332/81,4.09876543,332,81,"[2, 3, 83]","[2, -4, 0, 0, 0, 0, 0, 0]","[2, 3, 5, 7, 11, 13, 17, 19]"
332/243,1.36625514,332,243,"[2, 3, 83]","[2, -5, 0, 0, 0, 0, 0, 0]","[2, 3, 5, 7, 11, 13, 17, 19]"
334/81,4.12345679,334,81,"[2, 3, 167]","[1, -4, 0, 0, 0, 0, 0, 0]","[2, 3, 5, 7, 11, 13, 17, 19]"
334/243,1.37448560,334,243,"[2, 3, 167]","[1, -5, 0, 0, 0, 0, 0, 0]","[2, 3, 5, 7, 11, 13, 17, 19]"
335/81,4.13580247,335,81,"[3, 5, 67]","[0, -4, 1, 0, 0, 0, 0, 0]","[2, 3, 5, 7, 11, 13, 17, 19]"
337/81,4.16049383,337,81,"[3, 337]","[0, -4, 0, 0, 0, 0, 0, 0]","[2, 3, 5, 7, 11, 13, 17, 19]"
338/81,4.17283951,338,81,"[2, 3, 13]","[1, -4, 0, 0, 0, 2, 0, 0]","[2, 3, 5, 7, 11, 13, 17, 19]"
338/243,1.39094650,338,243,"[2, 3, 13]","[1, -5, 0, 0, 0, 2, 0, 0]","[2, 3, 5, 7, 11, 13, 17, 19]"
340/81,4.19753086,340,81,"[2, 3, 5, 17]","[2, -4, 1, 0, 0, 0, 1, 0]","[2, 3, 5, 7, 11, 13, 17, 19]"
340/243,1.39917695,340,243,"[2, 3, 5, 17]","[2, -5, 1, 0, 0, 0, 1, 0]","[2, 3, 5, 7, 11, 13, 17, 19]"
341/81,4.20987654,341,81,"[3, 11, 31]","[0, -4, 0, 0, 1, 0, 0, 0]","[2, 3, 5, 7, 11, 13, 17, 19]"
343/81,4.23456790,343,81,"[3, 7]","[0, -4, 0, 3, 0, 0, 0, 0]","[2, 3, 5, 7, 11, 13, 17, 19]"
344/81,4.24691358,344,81,"[2, 3, 43]","[3, -4, 0, 0, 0, 0, 0, 0]","[2, 3, 5, 7, 11, 13, 17, 19]"
344/243,1.41563786,344,243,"[2, 3, 43]","[3, -5, 0, 0, 0, 0, 0, 0]","[2, 3, 5, 7, 11, 13, 17, 19]"
346/81,4.27160494,346,81,"[2, 3, 173]","[1, -4, 0, 0, 0, 0, 0, 0]","[2, 3, 5, 7, 11, 13, 17, 19]"
346/243,1.42386831,346,243,"[2, 3, 173]","[1, -5, 0, 0, 0, 0, 0, 0]","[2, 3, 5, 7, 11, 13, 17, 19]"
347/81,4.28395062,347,81,"[3, 347]","[0, -4, 0, 0, 0, 0, 0, 0]","[2, 3, 5, 7, 11, 13, 17, 19]"
347/243,1.42798354,347,243,"[3, 347]","[0, -5, 0, 0, 0, 0, 0, 0]","[2, 3, 5, 7, 11, 13, 17, 19]"
349/81,4.30864198,349,81,"[3, 349]","[0, -4, 0, 0, 0, 0, 0, 0]","[2, 3, 5, 7, 11, 13, 17, 19]"
350/81,4.32098765,350,81,"[2, 3, 5, 7]","[1, -4, 2, 1, 0, 0, 0, 0]","[2, 3, 5, 7, 11, 13, 17, 19]"
350/243,1.44032922,350,243,"[2, 3, 5, 7]","[1, -5, 2, 1, 0, 0, 0, 0]","[2, 3, 5, 7, 11, 13, 17, 19]"
352/81,4.34567901,352,81,"[2, 3, 11]","[5, -4, 0, 0, 1, 0, 0, 0]","[2, 3, 5, 7, 11, 13, 17, 19]"
352/243,1.44855967,352,243,"[2, 3, 11]","[5, -5, 0, 0, 1, 0, 0, 0]","[2, 3, 5, 7, 11, 13, 17, 19]"
353/81,4.35802469,353,81,"[3, 353]","[0, -4, 0, 0, 0, 0, 0, 0]","[2, 3, 5, 7, 11, 13, 17, 19]"
355/81,4.38271605,355,81,"[3, 5, 71]","[0, -4, 1, 0, 0, 0, 0, 0]","[2, 3, 5, 7, 11, 13, 17, 19]"
355/243,1.46090535,355,243,"[3, 5, 71]","[0, -5, 1, 0, 0, 0, 0, 0]","[2, 3, 5, 7, 11, 13, 17, 19]"
356/81,4.39506173,356,81,"[2, 3, 89]","[2, -4, 0, 0, 0, 0, 0, 0]","[2, 3, 5, 7, 11, 13, 17, 19]"
356/243,1.46502058,356,243,"[2, 3, 89]","[2, -5, 0, 0, 0, 0, 0, 0]","[2, 3, 5, 7, 11, 13, 17, 19]"
358/81,4.41975309,358,81,"[2, 3, 179]","[1, -4, 0, 0, 0, 0, 0, 0]","[2, 3, 5, 7, 11, 13, 17, 19]"
359/81,4.43209877,359,81,"[3, 359]","[0, -4, 0, 0, 0, 0, 0, 0]","[2, 3, 5, 7, 11, 13, 17, 19]"
361/81,4.45679012,361,81,"[3, 19]","[0, -4, 0, 0, 0, 0, 0, 2]","[2, 3, 5, 7, 11, 13, 17, 19]"
362/81,4.46913580,362,81,"[2, 3, 181]","[1, -4, 0, 0, 0, 0, 0, 0]","[2, 3, 5, 7, 11, 13, 17, 19]"
362/243,1.48971193,362,243,"[2, 3, 181]","[1, -5, 0, 0, 0, 0, 0, 0]","[2, 3, 5, 7, 11, 13, 17, 19]"
364/81,4.49382716,364,81,"[2, 3, 7, 13]","[2, -4, 0, 1, 0, 1, 0, 0]","[2, 3, 5, 7, 11, 13, 17, 19]"
364/243,1.49794239,364,243,"[2, 3, 7, 13]","[2, -5, 0, 1, 0, 1, 0, 0]","[2, 3, 5, 7, 11, 13, 17, 19]"
365/81,4.50617284,365,81,"[3, 5, 73]","[0, -4, 1, 0, 0, 0, 0, 0]","[2, 3, 5, 7, 11, 13, 17, 19]"
367/81,4.53086420,367,81,"[3, 367]","[0, -4, 0, 0, 0, 0, 0, 0]","[2, 3, 5, 7, 11, 13, 17, 19]"
368/81,4.54320988,368,81,"[2, 3, 23]","[4, -4, 0, 0, 0, 0, 0, 0]","[2, 3, 5, 7, 11, 13, 17, 19]"
368/243,1.51440329,368,243,"[2, 3, 23]","[4, -5, 0, 0, 0, 0, 0, 0]","[2, 3, 5, 7, 11, 13, 17, 19]"
370/81,4.56790123,370,81,"[2, 3, 5, 37]","[1, -4, 1, 0, 0, 0, 0, 0]","[2, 3, 5, 7, 11, 13, 17, 19]"
370/243,1.52263374,370,243,"[2, 3, 5, 37]","[1, -5, 1, 0, 0, 0, 0, 0]","[2, 3, 5, 7, 11, 13, 17, 19]"
371/81,4.58024691,371,81,"[3, 7, 53]","[0, -4, 0, 1, 0, 0, 0, 0]","[2, 3, 5, 7, 11, 13, 17, 19]"
371/243,1.52674897,371,243,"[3, 7, 53]","[0, -5, 0, 1, 0, 0, 0, 0]","[2, 3, 5, 7, 11, 13, 17, 19]"
373/81,4.60493827,373,81,"[3, 373]","[0, -4, 0, 0, 0, 0, 0, 0]","[2, 3, 5, 7, 11, 13, 17, 19]"
374/81,4.61728395,374,81,"[2, 3, 11, 17]","[1, -4, 0, 0, 1, 0, 1, 0]","[2, 3, 5, 7, 11, 13, 17, 19]"
374/243,1.53909465,374,243,"[2, 3, 11, 17]","[1, -5, 0, 0, 1, 0, 1, 0]","[2, 3, 5, 7, 11, 13, 17, 19]"
376/81,4.64197531,376,81,"[2, 3, 47]","[3, -4, 0, 0, 0, 0, 0, 0]","[2, 3, 5, 7, 11, 13, 17, 19]"
376/243,1.54732510,376,243,"[2, 3, 47]","[3, -5, 0, 0, 0, 0, 0, 0]","[2, 3, 5, 7, 11, 13, 17, 19]"
377/81,4.65432099,377,81,"[3, 13, 29]","[0, -4, 0, 0, 0, 1, 0, 0]","[2, 3, 5, 7, 11, 13, 17, 19]"
379/81,4.67901235,379,81,"[3, 379]","[0, -4, 0, 0, 0, 0, 0, 0]","[2, 3, 5, 7, 11, 13, 17, 19]"
379/243,1.55967078,379,243,"[3, 379]","[0, -5, 0, 0, 0, 0, 0, 0]","[2, 3, 5, 7, 11, 13, 17, 19]"
380/81,4.69135802,380,81,"[2, 3, 5, 19]","[2, -4, 1, 0, 0, 0, 0, 1]","[2, 3, 5, 7, 11, 13, 17, 19]"
380/243,1.56378601,380,243,"[2, 3, 5, 19]","[2, -5, 1, 0, 0, 0, 0, 1]","[2, 3, 5, 7, 11, 13, 17, 19]"
382/81,4.71604938,382,81,"[2, 3, 191]","[1, -4, 0, 0, 0, 0, 0, 0]","[2, 3, 5, 7, 11, 13, 17, 19]"
382/243,1.57201646,382,243,"[2, 3, 191]","[1, -5, 0, 0, 0, 0, 0, 0]","[2, 3, 5, 7, 11, 13, 17, 19]"
383/81,4.72839506,383,81,"[3, 383]","[0, -4, 0, 0, 0, 0, 0, 0]","[2, 3, 5, 7, 11, 13, 17, 19]"
383/243,1.57613169,383,243,"[3, 383]","[0, -5, 0, 0, 0, 0, 0, 0]","[2, 3, 5, 7, 11, 13, 17, 19]"
385/81,4.75308642,385,81,"[3, 5, 7, 11]","[0, -4, 1, 1, 1, 0, 0, 0]","[2, 3, 5, 7, 11, 13, 17, 19]"
386/81,4.76543210,386,81,"[2, 3, 193]","[1, -4, 0, 0, 0, 0, 0, 0]","[2, 3, 5, 7, 11, 13, 17, 19]"
386/243,1.58847737,386,243,"[2, 3, 193]","[1, -5, 0, 0, 0, 0, 0, 0]","[2, 3, 5, 7, 11, 13, 17, 19]"
388/81,4.79012346,388,81,"[2, 3, 97]","[2, -4, 0, 0, 0, 0, 0, 0]","[2, 3, 5, 7, 11, 13, 17, 19]"
388/243,1.59670782,388,243,"[2, 3, 97]","[2, -5, 0, 0, 0, 0, 0, 0]","[2, 3, 5, 7, 11, 13, 17, 19]"
389/81,4.80246914,389,81,"[3, 389]","[0, -4, 0, 0, 0, 0, 0, 0]","[2, 3, 5, 7, 11, 13, 17, 19]"
391/81,4.82716049,391,81,"[3, 17, 23]","[0, -4, 0, 0, 0, 0, 1, 0]","[2, 3, 5, 7, 11, 13, 17, 19]"
392/81,4.83950617,392,81,"[2, 3, 7]","[3, -4, 0, 2, 0, 0, 0, 0]","[2, 3, 5, 7, 11, 13, 17, 19]"
392/243,1.61316872,392,243,"[2, 3, 7]","[3, -5, 0, 2, 0, 0, 0, 0]","[2, 3, 5, 7, 11, 13, 17, 19]"
394/81,4.86419753,394,81,"[2, 3, 197]","[1, -4, 0, 0, 0, 0, 0, 0]","[2, 3, 5, 7, 11, 13, 17, 19]"
394/243,1.62139918,394,243,"[2, 3, 197]","[1, -5, 0, 0, 0, 0, 0, 0]","[2, 3, 5, 7, 11, 13, 17, 19]"
395/81,4.87654321,395,81,"[3, 5, 79]","[0, -4, 1, 0, 0, 0, 0, 0]","[2, 3, 5, 7, 11, 13, 17, 19]"
395/243,1.62551440,395,243,"[3, 5, 79]","[0, -5, 1, 0, 0, 0, 0, 0]","[2, 3, 5, 7, 11, 13, 17, 19]"
397/81,4.90123457,397,81,"[3, 397]","[0, -4, 0, 0, 0, 0, 0, 0]","[2, 3, 5, 7, 11, 13, 17, 19]"
398/81,4.91358025,398,81,"[2, 3, 199]","[1, -4, 0, 0, 0, 0, 0, 0]","[2, 3, 5, 7, 11, 13, 17, 19]"
398/243,1.63786008,398,243,"[2, 3, 199]","[1, -5, 0, 0, 0, 0, 0, 0]","[2, 3, 5, 7, 11, 13, 17, 19]"
400/81,4.93827160,400,81,"[2, 3, 5]","[4, -4, 2, 0, 0, 0, 0, 0]","[2, 3, 5, 7, 11, 13, 17, 19]"
400/243,1.64609053,400,243,"[2, 3, 5]","[4, -5, 2, 0, 0, 0, 0, 0]","[2, 3, 5, 7, 11, 13, 17, 19]"
401/81,4.95061728,401,81,"[3, 401]","[0, -4, 0, 0, 0, 0, 0, 0]","[2, 3, 5, 7, 11, 13, 17, 19]"
403/81,4.97530864,403,81,"[3, 13, 31]","[0, -4, 0, 0, 0, 1, 0, 0]","[2, 3, 5, 7, 11, 13, 17, 19]"
403/243,1.65843621,403,243,"[3, 13, 31]","[0, -5, 0, 0, 0, 1, 0, 0]","[2, 3, 5, 7, 11, 13, 17, 19]"
404/81,4.98765432,404,81,"[2, 3, 101]","[2, -4, 0, 0, 0, 0, 0, 0]","[2, 3, 5, 7, 11, 13, 17, 19]"
404/243,1.66255144,404,243,"[2, 3, 101]","[2, -5, 0, 0, 0, 0, 0, 0]","[2, 3, 5, 7, 11, 13, 17, 19]"
406/81,5.01234568,406,81,"[2, 3, 7, 29]","[1, -4, 0, 1, 0, 0, 0, 0]","[2, 3, 5, 7, 11, 13, 17, 19]"
406/243,1.67078189,406,243,"[2, 3, 7, 29]","[1, -5, 0, 1, 0, 0, 0, 0]","[2, 3, 5, 7, 11, 13, 17, 19]"
407/81,5.02469136,407,81,"[3, 11, 37]","[0, -4, 0, 0, 1, 0, 0, 0]","[2, 3, 5, 7, 11, 13, 17, 19]"
409/81,5.04938272,409,81,"[3, 409]","[0, -4, 0, 0, 0, 0, 0, 0]","[2, 3, 5, 7, 11, 13, 17, 19]"
410/81,5.06172840,410,81,"[2, 3, 5, 41]","[1, -4, 1, 0, 0, 0, 0, 0]","[2, 3, 5, 7, 11, 13, 17, 19]"
410/243,1.68724280,410,243,"[2, 3, 5, 41]","[1, -5, 1, 0, 0, 0, 0, 0]","[2, 3, 5, 7, 11, 13, 17, 19]"
412/81,5.08641975,412,81,"[2, 3, 103]","[2, -4, 0, 0, 0, 0, 0, 0]","[2, 3, 5, 7, 11, 13, 17, 19]"
412/243,1.69547325,412,243,"[2, 3, 103]","[2, -5, 0, 0, 0, 0, 0, 0]","[2, 3, 5, 7, 11, 13, 17, 19]"
413/81,5.09876543,413,81,"[3, 7, 59]","[0, -4, 0, 1, 0, 0, 0, 0]","[2, 3, 5, 7, 11, 13, 17, 19]"
415/81,5.12345679,415,81,"[3, 5, 83]","[0, -4, 1, 0, 0, 0, 0, 0]","[2, 3, 5, 7, 11, 13, 17, 19]"
415/243,1.70781893,415,243,"[3, 5, 83]","[0, -5, 1, 0, 0, 0, 0, 0]","[2, 3, 5, 7, 11, 13, 17, 19]"
416/81,5.13580247,416,81,"[2, 3, 13]","[5, -4, 0, 0, 0, 1, 0, 0]","[2, 3, 5, 7, 11, 13, 17, 19]"
416/243,1.71193416,416,243,"[2, 3, 13]","[5, -5, 0, 0, 0, 1, 0, 0]","[2, 3, 5, 7, 11, 13, 17, 19]"
418/81,5.16049383,418,81,"[2, 3, 11, 19]","[1, -4, 0, 0, 1, 0, 0, 1]","[2, 3, 5, 7, 11, 13, 17, 19]"
418/243,1.72016461,418,243,"[2, 3, 11, 19]","[1, -5, 0, 0, 1, 0, 0, 1]","[2, 3, 5, 7, 11, 13, 17, 19]"
419/81,5.17283951,419,81,"[3, 419]","[0, -4, 0, 0, 0, 0, 0, 0]","[2, 3, 5, 7, 11, 13, 17, 19]"
419/243,1.72427984,419,243,"[3, 419]","[0, -5, 0, 0, 0, 0, 0, 0]","[2, 3, 5, 7, 11, 13, 17, 19]"
421/81,5.19753086,421,81,"[3, 421]","[0, -4, 0, 0, 0, 0, 0, 0]","[2, 3, 5, 7, 11, 13, 17, 19]"
422/81,5.20987654,422,81,"[2, 3, 211]","[1, -4, 0, 0, 0, 0, 0, 0]","[2, 3, 5, 7, 11, 13, 17, 19]"
422/243,1.73662551,422,243,"[2, 3, 211]","[1, -5, 0, 0, 0, 0, 0, 0]","[2, 3, 5, 7, 11, 13, 17, 19]"
424/81,5.23456790,424,81,"[2, 3, 53]","[3, -4, 0, 0, 0, 0, 0, 0]","[2, 3, 5, 7, 11, 13, 17, 19]"
424/243,1.74485597,424,243,"[2, 3, 53]","[3, -5, 0, 0, 0, 0, 0, 0]","[2, 3, 5, 7, 11, 13, 17, 19]"
425/81,5.24691358,425,81,"[3, 5, 17]","[0, -4, 2, 0, 0, 0, 1, 0]","[2, 3, 5, 7, 11, 13, 17, 19]"
427/81,5.27160494,427,81,"[3, 7, 61]","[0, -4, 0, 1, 0, 0, 0, 0]","[2, 3, 5, 7, 11, 13, 17, 19]"
427/243,1.75720165,427,243,"[3, 7, 61]","[0, -5, 0, 1, 0, 0, 0, 0]","[2, 3, 5, 7, 11, 13, 17, 19]"
428/81,5.28395062,428,81,"[2, 3, 107]","[2, -4, 0, 0, 0, 0, 0, 0]","[2, 3, 5, 7, 11, 13, 17, 19]"
428/243,1.76131687,428,243,"[2, 3, 107]","[2, -5, 0, 0, 0, 0, 0, 0]","[2, 3, 5, 7, 11, 13, 17, 19]"
430/81,5.30864198,430,81,"[2, 3, 5, 43]","[1, -4, 1, 0, 0, 0, 0, 0]","[2, 3, 5, 7, 11, 13, 17, 19]"
430/243,1.76954733,430,243,"[2, 3, 5, 43]","[1, -5, 1, 0, 0, 0, 0, 0]","[2, 3, 5, 7, 11, 13, 17, 19]"
431/81,5.32098765,431,81,"[3, 431]","[0, -4, 0, 0, 0, 0, 0, 0]","[2, 3, 5, 7, 11, 13, 17, 19]"
431/243,1.77366255,431,243,"[3, 431]","[0, -5, 0, 0, 0, 0, 0, 0]","[2, 3, 5, 7, 11, 13, 17, 19]"
433/81,5.34567901,433,81,"[3, 433]","[0, -4, 0, 0, 0, 0, 0, 0]","[2, 3, 5, 7, 11, 13, 17, 19]"
434/81,5.35802469,434,81,"[2, 3, 7, 31]","[1, -4, 0, 1, 0, 0, 0, 0]","[2, 3, 5, 7, 11, 13, 17, 19]"
434/243,1.78600823,434,243,"[2, 3, 7, 31]","[1, -5, 0, 1, 0, 0, 0, 0]","[2, 3, 5, 7, 11, 13, 17, 19]"
436/81,5.38271605,436,81,"[2, 3, 109]","[2, -4, 0, 0, 0, 0, 0, 0]","[2, 3, 5, 7, 11, 13, 17, 19]"
436/243,1.79423868,436,243,"[2, 3, 109]","[2, -5, 0, 0, 0, 0, 0, 0]","[2, 3, 5, 7, 11, 13, 17, 19]"
437/81,5.39506173,437,81,"[3, 19, 23]","[0, -4, 0, 0, 0, 0, 0, 1]","[2, 3, 5, 7, 11, 13, 17, 19]"
437/243,1.79835391,437,243,"[3, 19, 23]","[0, -5, 0, 0, 0, 0, 0, 1]","[2, 3, 5, 7, 11, 13, 17, 19]"
439/81,5.41975309,439,81,"[3, 439]","[0, -4, 0, 0, 0, 0, 0, 0]","[2, 3, 5, 7, 11, 13, 17, 19]"
440/81,5.43209877,440,81,"[2, 3, 5, 11]","[3, -4, 1, 0, 1, 0, 0, 0]","[2, 3, 5, 7, 11, 13, 17, 19]"
440/243,1.81069959,440,243,"[2, 3, 5, 11]","[3, -5, 1, 0, 1, 0, 0, 0]","[2, 3, 5, 7, 11, 13, 17, 19]"
442/81,5.45679012,442,81,"[2, 3, 13, 17]","[1, -4, 0, 0, 0, 1, 1, 0]","[2, 3, 5, 7, 11, 13, 17, 19]"
442/243,1.81893004,442,243,"[2, 3, 13, 17]","[1, -5, 0, 0, 0, 1, 1, 0]","[2, 3, 5, 7, 11, 13, 17, 19]"
443/81,5.46913580,443,81,"[3, 443]","[0, -4, 0, 0, 0, 0, 0, 0]","[2, 3, 5, 7, 11, 13, 17, 19]"
443/243,1.82304527,443,243,"[3, 443]","[0, -5, 0, 0, 0, 0, 0, 0]","[2, 3, 5, 7, 11, 13, 17, 19]"
445/81,5.49382716,445,81,"[3, 5, 89]","[0, -4, 1, 0, 0, 0, 0, 0]","[2, 3, 5, 7, 11, 13, 17, 19]"
446/81,5.50617284,446,81,"[2, 3, 223]","[1, -4, 0, 0, 0, 0, 0, 0]","[2, 3, 5, 7, 11, 13, 17, 19]"
446/243,1.83539095,446,243,"[2, 3, 223]","[1, -5, 0, 0, 0, 0, 0, 0]","[2, 3, 5, 7, 11, 13, 17, 19]"
448/81,5.53086420,448,81,"[2, 3, 7]","[6, -4, 0, 1, 0, 0, 0, 0]","[2, 3, 5, 7, 11, 13, 17, 19]"
448/243,1.84362140,448,243,"[2, 3, 7]","[6, -5, 0, 1, 0, 0, 0, 0]","[2, 3, 5, 7, 11, 13, 17, 19]"
449/81,5.54320988,449,81,"[3, 449]","[0, -4, 0, 0, 0, 0, 0, 0]","[2, 3, 5, 7, 11, 13, 17, 19]"
451/81,5.56790123,451,81,"[3, 11, 41]","[0, -4, 0, 0, 1, 0, 0, 0]","[2, 3, 5, 7, 11, 13, 17, 19]"
451/243,1.85596708,451,243,"[3, 11, 41]","[0, -5, 0, 0, 1, 0, 0, 0]","[2, 3, 5, 7, 11, 13, 17, 19]"
452/81,5.58024691,452,81,"[2, 3, 113]","[2, -4, 0, 0, 0, 0, 0, 0]","[2, 3, 5, 7, 11, 13, 17, 19]"
452/243,1.86008230,452,243,"[2, 3, 113]","[2, -5, 0, 0, 0, 0, 0, 0]","[2, 3, 5, 7, 11, 13, 17, 19]"
454/81,5.60493827,454,81,"[2, 3, 227]","[1, -4, 0, 0, 0, 0, 0, 0]","[2, 3, 5, 7, 11, 13, 17, 19]"
454/243,1.86831276,454,243,"[2, 3, 227]","[1, -5, 0, 0, 0, 0, 0, 0]","[2, 3, 5, 7, 11, 13, 17, 19]"
455/81,5.61728395,455,81,"[3, 5, 7, 13]","[0, -4, 1, 1, 0, 1, 0, 0]","[2, 3, 5, 7, 11, 13, 17, 19]"
455/243,1.87242798,455,243,"[3, 5, 7, 13]","[0, -5, 1, 1, 0, 1, 0, 0]","[2, 3, 5, 7, 11, 13, 17, 19]"
457/81,5.64197531,457,81,"[3, 457]","[0, -4, 0, 0, 0, 0, 0, 0]","[2, 3, 5, 7, 11, 13, 17, 19]"
458/81,5.65432099,458,81,"[2, 3, 229]","[1, -4, 0, 0, 0, 0, 0, 0]","[2, 3, 5, 7, 11, 13, 17, 19]"
458/243,1.88477366,458,243,"[2, 3, 229]","[1, -5, 0, 0, 0, 0, 0, 0]","[2, 3, 5, 7, 11, 13, 17, 19]"
460/81,5.67901235,460,81,"[2, 3, 5, 23]","[2, -4, 1, 0, 0, 0, 0, 0]","[2, 3, 5, 7, 11, 13, 17, 19]"
460/243,1.89300412,460,243,"[2, 3, 5, 23]","[2, -5, 1, 0, 0, 0, 0, 0]","[2, 3, 5, 7, 11, 13, 17, 19]"
461/81,5.69135802,461,81,"[3, 461]","[0, -4, 0, 0, 0, 0, 0, 0]","[2, 3, 5, 7, 11, 13, 17, 19]"
463/81,5.71604938,463,81,"[3, 463]","[0, -4, 0, 0, 0, 0, 0, 0]","[2, 3, 5, 7, 11, 13, 17, 19]"
463/243,1.90534979,463,243,"[3, 463]","[0, -5, 0, 0, 0, 0, 0, 0]","[2, 3, 5, 7, 11, 13, 17, 19]"
464/81,5.72839506,464,81,"[2, 3, 29]","[4, -4, 0, 0, 0, 0, 0, 0]","[2, 3, 5, 7, 11, 13, 17, 19]"
464/243,1.90946502,464,243,"[2, 3, 29]","[4, -5, 0, 0, 0, 0, 0, 0]","[2, 3, 5, 7, 11, 13, 17, 19]"
466/81,5.75308642,466,81,"[2, 3, 233]","[1, -4, 0, 0, 0, 0, 0, 0]","[2, 3, 5, 7, 11, 13, 17, 19]"
466/243,1.91769547,466,243,"[2, 3, 233]","[1, -5, 0, 0, 0, 0, 0, 0]","[2, 3, 5, 7, 11, 13, 17, 19]"
467/81,5.76543210,467,81,"[3, 467]","[0, -4, 0, 0, 0, 0, 0, 0]","[2, 3, 5, 7, 11, 13, 17, 19]"
467/243,1.92181070,467,243,"[3, 467]","[0, -5, 0, 0, 0, 0, 0, 0]","[2, 3, 5, 7, 11, 13, 17, 19]"
469/81,5.79012346,469,81,"[3, 7, 67]","[0, -4, 0, 1, 0, 0, 0, 0]","[2, 3, 5, 7, 11, 13, 17, 19]"
469/243,1.93004115,469,243,"[3, 7, 67]","[0, -5, 0, 1, 0, 0, 0, 0]","[2, 3, 5, 7, 11, 13, 17, 19]"
470/81,5.80246914,470,81,"[2, 3, 5, 47]","[1, -4, 1, 0, 0, 0, 0, 0]","[2, 3, 5, 7, 11, 13, 17, 19]"
470/243,1.93415638,470,243,"[2, 3, 5, 47]","[1, -5, 1, 0, 0, 0, 0, 0]","[2, 3, 5, 7, 11, 13, 17, 19]"
472/81,5.82716049,472,81,"[2, 3, 59]","[3, -4, 0, 0, 0, 0, 0, 0]","[2, 3, 5, 7, 11, 13, 17, 19]"
472/243,1.94238683,472,243,"[2, 3, 59]","[3, -5, 0, 0, 0, 0, 0, 0]","[2, 3, 5, 7, 11, 13, 17, 19]"
473/81,5.83950617,473,81,"[3, 11, 43]","[0, -4, 0, 0, 1, 0, 0, 0]","[2, 3, 5, 7, 11, 13, 17, 19]"
475/81,5.86419753,475,81,"[3, 5, 19]","[0, -4, 2, 0, 0, 0, 0, 1]","[2, 3, 5, 7, 11, 13, 17, 19]"
475/243,1.95473251,475,243,"[3, 5, 19]","[0, -5, 2, 0, 0, 0, 0, 1]","[2, 3, 5, 7, 11, 13, 17, 19]"
476/81,5.87654321,476,81,"[2, 3, 7, 17]","[2, -4, 0, 1, 0, 0, 1, 0]","[2, 3, 5, 7, 11, 13, 17, 19]"
476/243,1.95884774,476,243,"[2, 3, 7, 17]","[2, -5, 0, 1, 0, 0, 1, 0]","[2, 3, 5, 7, 11, 13, 17, 19]"
478/81,5.90123457,478,81,"[2, 3, 239]","[1, -4, 0, 0, 0, 0, 0, 0]","[2, 3, 5, 7, 11, 13, 17, 19]"
478/243,1.96707819,478,243,"[2, 3, 239]","[1, -5, 0, 0, 0, 0, 0, 0]","[2, 3, 5, 7, 11, 13, 17, 19]"
479/81,5.91358025,479,81,"[3, 479]","[0, -4, 0, 0, 0, 0, 0, 0]","[2, 3, 5, 7, 11, 13, 17, 19]"
479/243,1.97119342,479,243,"[3, 479]","[0, -5, 0, 0, 0, 0, 0, 0]","[2, 3, 5, 7, 11, 13, 17, 19]"
481/81,5.93827160,481,81,"[3, 13, 37]","[0, -4, 0, 0, 0, 1, 0, 0]","[2, 3, 5, 7, 11, 13, 17, 19]"
482/81,5.95061728,482,81,"[2, 3, 241]","[1, -4, 0, 0, 0, 0, 0, 0]","[2, 3, 5, 7, 11, 13, 17, 19]"
482/243,1.98353909,482,243,"[2, 3, 241]","[1, -5, 0, 0, 0, 0, 0, 0]","[2, 3, 5, 7, 11, 13, 17, 19]"
484/81,5.97530864,484,81,"[2, 3, 11]","[2, -4, 0, 0, 2, 0, 0, 0]","[2, 3, 5, 7, 11, 13, 17, 19]"
484/243,1.99176955,484,243,"[2, 3, 11]","[2, -5, 0, 0, 2, 0, 0, 0]","[2, 3, 5, 7, 11, 13, 17, 19]"
485/81,5.98765432,485,81,"[3, 5, 97]","[0, -4, 1, 0, 0, 0, 0, 0]","[2, 3, 5, 7, 11, 13, 17, 19]"
485/243,1.99588477,485,243,"[3, 5, 97]","[0, -5, 1, 0, 0, 0, 0, 0]","[2, 3, 5, 7, 11, 13, 17, 19]"
487/81,6.01234568,487,81,"[3, 487]","[0, -4, 0, 0, 0, 0, 0, 0]","[2, 3, 5, 7, 11, 13, 17, 19]"
487/243,2.00411523,487,243,"[3, 487]","[0, -5, 0, 0, 0, 0, 0, 0]","[2, 3, 5, 7, 11, 13, 17, 19]"
488/81,6.02469136,488,81,"[2, 3, 61]","[3, -4, 0, 0, 0, 0, 0, 0]","[2, 3, 5, 7, 11, 13, 17, 19]"
488/243,2.00823045,488,243,"[2, 3, 61]","[3, -5, 0, 0, 0, 0, 0, 0]","[2, 3, 5, 7, 11, 13, 17, 19]"
490/81,6.04938272,490,81,"[2, 3, 5, 7]","[1, -4, 1, 2, 0, 0, 0, 0]","[2, 3, 5, 7, 11, 13, 17, 19]"
490/243,2.01646091,490,243,"[2, 3, 5, 7]","[1, -5, 1, 2, 0, 0, 0, 0]","[2, 3, 5, 7, 11, 13, 17, 19]"
491/81,6.06172840,491,81,"[3, 491]","[0, -4, 0, 0, 0, 0, 0, 0]","[2, 3, 5, 7, 11, 13, 17, 19]"
491/243,2.02057613,491,243,"[3, 491]","[0, -5, 0, 0, 0, 0, 0, 0]","[2, 3, 5, 7, 11, 13, 17, 19]"
493/81,6.08641975,493,81,"[3, 17, 29]","[0, -4, 0, 0, 0, 0, 1, 0]","[2, 3, 5, 7, 11, 13, 17, 19]"
494/81,6.09876543,494,81,"[2, 3, 13, 19]","[1, -4, 0, 0, 0, 1, 0, 1]","[2, 3, 5, 7, 11, 13, 17, 19]"
494/243,2.03292181,494,243,"[2, 3, 13, 19]","[1, -5, 0, 0, 0, 1, 0, 1]","[2, 3, 5, 7, 11, 13, 17, 19]"
496/81,6.12345679,496,81,"[2, 3, 31]","[4, -4, 0, 0, 0, 0, 0, 0]","[2, 3, 5, 7, 11, 13, 17, 19]"
496/243,2.04115226,496,243,"[2, 3, 31]","[4, -5, 0, 0, 0, 0, 0, 0]","[2, 3, 5, 7, 11, 13, 17, 19]"
497/81,6.13580247,497,81,"[3, 7, 71]","[0, -4, 0, 1, 0, 0, 0, 0]","[2, 3, 5, 7, 11, 13, 17, 19]"
499/81,6.16049383,499,81,"[3, 499]","[0, -4, 0, 0, 0, 0, 0, 0]","[2, 3, 5, 7, 11, 13, 17, 19]"
499/243,2.05349794,499,243,"[3, 499]","[0, -5, 0, 0, 0, 0, 0, 0]","[2, 3, 5, 7, 11, 13, 17, 19]"
500/81,6.17283951,500,81,"[2, 3, 5]","[2, -4, 3, 0, 0, 0, 0, 0]","[2, 3, 5, 7, 11, 13, 17, 19]"
500/243,2.05761317,500,243,"[2, 3, 5]","[2, -5, 3, 0, 0, 0, 0, 0]","[2, 3, 5, 7, 11, 13, 17, 19]"
502/243,2.06584362,502,243,"[2, 3, 251]","[1, -5, 0, 0, 0, 0, 0, 0]","[2, 3, 5, 7, 11, 13, 17, 19]"
503/81,6.20987654,503,81,"[3, 503]","[0, -4, 0, 0, 0, 0, 0, 0]","[2, 3, 5, 7, 11, 13, 17, 19]"
503/243,2.06995885,503,243,"[3, 503]","[0, -5, 0, 0, 0, 0, 0, 0]","[2, 3, 5, 7, 11, 13, 17, 19]"
505/81,6.23456790,505,81,"[3, 5, 101]","[0, -4, 1, 0, 0, 0, 0, 0]","[2, 3, 5, 7, 11, 13, 17, 19]"
506/81,6.24691358,506,81,"[2, 3, 11, 23]","[1, -4, 0, 0, 1, 0, 0, 0]","[2, 3, 5, 7, 11, 13, 17, 19]"
506/243,2.08230453,506,243,"[2, 3, 11, 23]","[1, -5, 0, 0, 1, 0, 0, 0]","[2, 3, 5, 7, 11, 13, 17, 19]"
508/81,6.27160494,508,81,"[2, 3, 127]","[2, -4, 0, 0, 0, 0, 0, 0]","[2, 3, 5, 7, 11, 13, 17, 19]"
508/243,2.09053498,508,243,"[2, 3, 127]","[2, -5, 0, 0, 0, 0, 0, 0]","[2, 3, 5, 7, 11, 13, 17, 19]"
509/81,6.28395062,509,81,"[3, 509]","[0, -4, 0, 0, 0, 0, 0, 0]","[2, 3, 5, 7, 11, 13, 17, 19]"
509/243,2.09465021,509,243,"[3, 509]","[0, -5, 0, 0, 0, 0, 0, 0]","[2, 3, 5, 7, 11, 13, 17, 19]"
511/81,6.30864198,511,81,"[3, 7, 73]","[0, -4, 0, 1, 0, 0, 0, 0]","[2, 3, 5, 7, 11, 13, 17, 19]"
511/243,2.10288066,511,243,"[3, 7, 73]","[0, -5, 0, 1, 0, 0, 0, 0]","[2, 3, 5, 7, 11, 13, 17, 19]"
512/81,6.32098765,512,81,"[2, 3]","[9, -4, 0, 0, 0, 0, 0, 0]","[2, 3, 5, 7, 11, 13, 17, 19]"
512/243,2.10699588,512,243,"[2, 3]","[9, -5, 0, 0, 0, 0, 0, 0]","[2, 3, 5, 7, 11, 13, 17, 19]"
514/81,6.34567901,514,81,"[2, 3, 257]","[1, -4, 0, 0, 0, 0, 0, 0]","[2, 3, 5, 7, 11, 13, 17, 19]"
514/243,2.11522634,514,243,"[2, 3, 257]","[1, -5, 0, 0, 0, 0, 0, 0]","[2, 3, 5, 7, 11, 13, 17, 19]"
515/81,6.35802469,515,81,"[3, 5, 103]","[0, -4, 1, 0, 0, 0, 0, 0]","[2, 3, 5, 7, 11, 13, 17, 19]"
515/243,2.11934156,515,243,"[3, 5, 103]","[0, -5, 1, 0, 0, 0, 0, 0]","[2, 3, 5, 7, 11, 13, 17, 19]"
517/81,6.38271605,517,81,"[3, 11, 47]","[0, -4, 0, 0, 1, 0, 0, 0]","[2, 3, 5, 7, 11, 13, 17, 19]"
517/243,2.12757202,517,243,"[3, 11, 47]","[0, -5, 0, 0, 1, 0, 0, 0]","[2, 3, 5, 7, 11, 13, 17, 19]"
518/243,2.13168724,518,243,"[2, 3, 7, 37]","[1, -5, 0, 1, 0, 0, 0, 0]","[2, 3, 5, 7, 11, 13, 17, 19]"
520/81,6.41975309,520,81,"[2, 3, 5, 13]","[3, -4, 1, 0, 0, 1, 0, 0]","[2, 3, 5, 7, 11, 13, 17, 19]"
520/243,2.13991770,520,243,"[2, 3, 5, 13]","[3, -5, 1, 0, 0, 1, 0, 0]","[2, 3, 5, 7, 11, 13, 17, 19]"
521/81,6.43209877,521,81,"[3, 521]","[0, -4, 0, 0, 0, 0, 0, 0]","[2, 3, 5, 7, 11, 13, 17, 19]"
523/81,6.45679012,523,81,"[3, 523]","[0, -4, 0, 0, 0, 0, 0, 0]","[2, 3, 5, 7, 11, 13, 17, 19]"
523/243,2.15226337,523,243,"[3, 523]","[0, -5, 0, 0, 0, 0, 0, 0]","[2, 3, 5, 7, 11, 13, 17, 19]"
524/81,6.46913580,524,81,"[2, 3, 131]","[2, -4, 0, 0, 0, 0, 0, 0]","[2, 3, 5, 7, 11, 13, 17, 19]"
524/243,2.15637860,524,243,"[2, 3, 131]","[2, -5, 0, 0, 0, 0, 0, 0]","[2, 3, 5, 7, 11, 13, 17, 19]"
526/243,2.16460905,526,243,"[2, 3, 263]","[1, -5, 0, 0, 0, 0, 0, 0]","[2, 3, 5, 7, 11, 13, 17, 19]"
527/81,6.50617284,527,81,"[3, 17, 31]","[0, -4, 0, 0, 0, 0, 1, 0]","[2, 3, 5, 7, 11, 13, 17, 19]"
527/243,2.16872428,527,243,"[3, 17, 31]","[0, -5, 0, 0, 0, 0, 1, 0]","[2, 3, 5, 7, 11, 13, 17, 19]"
529/81,6.53086420,529,81,"[3, 23]","[0, -4, 0, 0, 0, 0, 0, 0]","[2, 3, 5, 7, 11, 13, 17, 19]"
530/81,6.54320988,530,81,"[2, 3, 5, 53]","[1, -4, 1, 0, 0, 0, 0, 0]","[2, 3, 5, 7, 11, 13, 17, 19]"
530/243,2.18106996,530,243,"[2, 3, 5, 53]","[1, -5, 1, 0, 0, 0, 0, 0]","[2, 3, 5, 7, 11, 13, 17, 19]"
532/81,6.56790123,532,81,"[2, 3, 7, 19]","[2, -4, 0, 1, 0, 0, 0, 1]","[2, 3, 5, 7, 11, 13, 17, 19]"
532/243,2.18930041,532,243,"[2, 3, 7, 19]","[2, -5, 0, 1, 0, 0, 0, 1]","[2, 3, 5, 7, 11, 13, 17, 19]"
533/81,6.58024691,533,81,"[3, 13, 41]","[0, -4, 0, 0, 0, 1, 0, 0]","[2, 3, 5, 7, 11, 13, 17, 19]"
533/243,2.19341564,533,243,"[3, 13, 41]","[0, -5, 0, 0, 0, 1, 0, 0]","[2, 3, 5, 7, 11, 13, 17, 19]"
535/81,6.60493827,535,81,"[3, 5, 107]","[0, -4, 1, 0, 0, 0, 0, 0]","[2, 3, 5, 7, 11, 13, 17, 19]"
535/243,2.20164609,535,243,"[3, 5, 107]","[0, -5, 1, 0, 0, 0, 0, 0]","[2, 3, 5, 7, 11, 13, 17, 19]"
536/81,6.61728395,536,81,"[2, 3, 67]","[3, -4, 0, 0, 0, 0, 0, 0]","[2, 3, 5, 7, 11, 13, 17, 19]"
536/243,2.20576132,536,243,"[2, 3, 67]","[3, -5, 0, 0, 0, 0, 0, 0]","[2, 3, 5, 7, 11, 13, 17, 19]"
538/243,2.21399177,538,243,"[2, 3, 269]","[1, -5, 0, 0, 0, 0, 0, 0]","[2, 3, 5, 7, 11, 13, 17, 19]"
539/81,6.65432099,539,81,"[3, 7, 11]","[0, -4, 0, 2, 1, 0, 0, 0]","[2, 3, 5, 7, 11, 13, 17, 19]"
539/243,2.21810700,539,243,"[3, 7, 11]","[0, -5, 0, 2, 1, 0, 0, 0]","[2, 3, 5, 7, 11, 13, 17, 19]"
541/81,6.67901235,541,81,"[3, 541]","[0, -4, 0, 0, 0, 0, 0, 0]","[2, 3, 5, 7, 11, 13, 17, 19]"
541/243,2.22633745,541,243,"[3, 541]","[0, -5, 0, 0, 0, 0, 0, 0]","[2, 3, 5, 7, 11, 13, 17, 19]"
542/243,2.23045267,542,243,"[2, 3, 271]","[1, -5, 0, 0, 0, 0, 0, 0]","[2, 3, 5, 7, 11, 13, 17, 19]"
544/81,6.71604938,544,81,"[2, 3, 17]","[5, -4, 0, 0, 0, 0, 1, 0]","[2, 3, 5, 7, 11, 13, 17, 19]"
544/243,2.23868313,544,243,"[2, 3, 17]","[5, -5, 0, 0, 0, 0, 1, 0]","[2, 3, 5, 7, 11, 13, 17, 19]"
545/81,6.72839506,545,81,"[3, 5, 109]","[0, -4, 1, 0, 0, 0, 0, 0]","[2, 3, 5, 7, 11, 13, 17, 19]"
545/243,2.24279835,545,243,"[3, 5, 109]","[0, -5, 1, 0, 0, 0, 0, 0]","[2, 3, 5, 7, 11, 13, 17, 19]"
547/81,6.75308642,547,81,"[3, 547]","[0, -4, 0, 0, 0, 0, 0, 0]","[2, 3, 5, 7, 11, 13, 17, 19]"
547/243,2.25102881,547,243,"[3, 547]","[0, -5, 0, 0, 0, 0, 0, 0]","[2, 3, 5, 7, 11, 13, 17, 19]"
548/81,6.76543210,548,81,"[2, 3, 137]","[2, -4, 0, 0, 0, 0, 0, 0]","[2, 3, 5, 7, 11, 13, 17, 19]"
548/243,2.25514403,548,243,"[2, 3, 137]","[2, -5, 0, 0, 0, 0, 0, 0]","[2, 3, 5, 7, 11, 13, 17, 19]"
550/243,2.26337449,550,243,"[2, 3, 5, 11]","[1, -5, 2, 0, 1, 0, 0, 0]","[2, 3, 5, 7, 11, 13, 17, 19]"
551/81,6.80246914,551,81,"[3, 19, 29]","[0, -4, 0, 0, 0, 0, 0, 1]","[2, 3, 5, 7, 11, 13, 17, 19]"
551/243,2.26748971,551,243,"[3, 19, 29]","[0, -5, 0, 0, 0, 0, 0, 1]","[2, 3, 5, 7, 11, 13, 17, 19]"
553/81,6.82716049,553,81,"[3, 7, 79]","[0, -4, 0, 1, 0, 0, 0, 0]","[2, 3, 5, 7, 11, 13, 17, 19]"
554/243,2.27983539,554,243,"[2, 3, 277]","[1, -5, 0, 0, 0, 0, 0, 0]","[2, 3, 5, 7, 11, 13, 17, 19]"
556/243,2.28806584,556,243,"[2, 3, 139]","[2, -5, 0, 0, 0, 0, 0, 0]","[2, 3, 5, 7, 11, 13, 17, 19]"
557/81,6.87654321,557,81,"[3, 557]","[0, -4, 0, 0, 0, 0, 0, 0]","[2, 3, 5, 7, 11, 13, 17, 19]"
557/243,2.29218107,557,243,"[3, 557]","[0, -5, 0, 0, 0, 0, 0, 0]","[2, 3, 5, 7, 11, 13, 17, 19]"
559/81,6.90123457,559,81,"[3, 13, 43]","[0, -4, 0, 0, 0, 1, 0, 0]","[2, 3, 5, 7, 11, 13, 17, 19]"
559/243,2.30041152,559,243,"[3, 13, 43]","[0, -5, 0, 0, 0, 1, 0, 0]","[2, 3, 5, 7, 11, 13, 17, 19]"
560/81,6.91358025,560,81,"[2, 3, 5, 7]","[4, -4, 1, 1, 0, 0, 0, 0]","[2, 3, 5, 7, 11, 13, 17, 19]"
560/243,2.30452675,560,243,"[2, 3, 5, 7]","[4, -5, 1, 1, 0, 0, 0, 0]","[2, 3, 5, 7, 11, 13, 17, 19]"
562/243,2.31275720,562,243,"[2, 3, 281]","[1, -5, 0, 0, 0, 0, 0, 0]","[2, 3, 5, 7, 11, 13, 17, 19]"
563/81,6.95061728,563,81,"[3, 563]","[0, -4, 0, 0, 0, 0, 0, 0]","[2, 3, 5, 7, 11, 13, 17, 19]"
563/243,2.31687243,563,243,"[3, 563]","[0, -5, 0, 0, 0, 0, 0, 0]","[2, 3, 5, 7, 11, 13, 17, 19]"
565/81,6.97530864,565,81,"[3, 5, 113]","[0, -4, 1, 0, 0, 0, 0, 0]","[2, 3, 5, 7, 11, 13, 17, 19]"
565/243,2.32510288,565,243,"[3, 5, 113]","[0, -5, 1, 0, 0, 0, 0, 0]","[2, 3, 5, 7, 11, 13, 17, 19]"
566/243,2.32921811,566,243,"[2, 3, 283]","[1, -5, 0, 0, 0, 0, 0, 0]","[2, 3, 5, 7, 11, 13, 17, 19]"
568/81,7.01234568,568,81,"[2, 3, 71]","[3, -4, 0, 0, 0, 0, 0, 0]","[2, 3, 5, 7, 11, 13, 17, 19]"
568/243,2.33744856,568,243,"[2, 3, 71]","[3, -5, 0, 0, 0, 0, 0, 0]","[2, 3, 5, 7, 11, 13, 17, 19]"
569/81,7.02469136,569,81,"[3, 569]","[0, -4, 0, 0, 0, 0, 0, 0]","[2, 3, 5, 7, 11, 13, 17, 19]"
571/81,7.04938272,571,81,"[3, 571]","[0, -4, 0, 0, 0, 0, 0, 0]","[2, 3, 5, 7, 11, 13, 17, 19]"
571/243,2.34979424,571,243,"[3, 571]","[0, -5, 0, 0, 0, 0, 0, 0]","[2, 3, 5, 7, 11, 13, 17, 19]"
572/243,2.35390947,572,243,"[2, 3, 11, 13]","[2, -5, 0, 0, 1, 1, 0, 0]","[2, 3, 5, 7, 11, 13, 17, 19]"
574/243,2.36213992,574,243,"[2, 3, 7, 41]","[1, -5, 0, 1, 0, 0, 0, 0]","[2, 3, 5, 7, 11, 13, 17, 19]"
575/81,7.09876543,575,81,"[3, 5, 23]","[0, -4, 2, 0, 0, 0, 0, 0]","[2, 3, 5, 7, 11, 13, 17, 19]"
575/243,2.36625514,575,243,"[3, 5, 23]","[0, -5, 2, 0, 0, 0, 0, 0]","[2, 3, 5, 7, 11, 13, 17, 19]"
577/81,7.12345679,577,81,"[3, 577]","[0, -4, 0, 0, 0, 0, 0, 0]","[2, 3, 5, 7, 11, 13, 17, 19]"
577/243,2.37448560,577,243,"[3, 577]","[0, -5, 0, 0, 0, 0, 0, 0]","[2, 3, 5, 7, 11, 13, 17, 19]"
578/243,2.37860082,578,243,"[2, 3, 17]","[1, -5, 0, 0, 0, 0, 2, 0]","[2, 3, 5, 7, 11, 13, 17, 19]"
580/243,2.38683128,580,243,"[2, 3, 5, 29]","[2, -5, 1, 0, 0, 0, 0, 0]","[2, 3, 5, 7, 11, 13, 17, 19]"
581/81,7.17283951,581,81,"[3, 7, 83]","[0, -4, 0, 1, 0, 0, 0, 0]","[2, 3, 5, 7, 11, 13, 17, 19]"
581/243,2.39094650,581,243,"[3, 7, 83]","[0, -5, 0, 1, 0, 0, 0, 0]","[2, 3, 5, 7, 11, 13, 17, 19]"
583/243,2.39917695,583,243,"[3, 11, 53]","[0, -5, 0, 0, 1, 0, 0, 0]","[2, 3, 5, 7, 11, 13, 17, 19]"
584/81,7.20987654,584,81,"[2, 3, 73]","[3, -4, 0, 0, 0, 0, 0, 0]","[2, 3, 5, 7, 11, 13, 17, 19]"
584/243,2.40329218,584,243,"[2, 3, 73]","[3, -5, 0, 0, 0, 0, 0, 0]","[2, 3, 5, 7, 11, 13, 17, 19]"
586/243,2.41152263,586,243,"[2, 3, 293]","[1, -5, 0, 0, 0, 0, 0, 0]","[2, 3, 5, 7, 11, 13, 17, 19]"
587/81,7.24691358,587,81,"[3, 587]","[0, -4, 0, 0, 0, 0, 0, 0]","[2, 3, 5, 7, 11, 13, 17, 19]"
587/243,2.41563786,587,243,"[3, 587]","[0, -5, 0, 0, 0, 0, 0, 0]","[2, 3, 5, 7, 11, 13, 17, 19]"
589/81,7.27160494,589,81,"[3, 19, 31]","[0, -4, 0, 0, 0, 0, 0, 1]","[2, 3, 5, 7, 11, 13, 17, 19]"
589/243,2.42386831,589,243,"[3, 19, 31]","[0, -5, 0, 0, 0, 0, 0, 1]","[2, 3, 5, 7, 11, 13, 17, 19]"
590/243,2.42798354,590,243,"[2, 3, 5, 59]","[1, -5, 1, 0, 0, 0, 0, 0]","[2, 3, 5, 7, 11, 13, 17, 19]"
592/243,2.43621399,592,243,"[2, 3, 37]","[4, -5, 0, 0, 0, 0, 0, 0]","[2, 3, 5, 7, 11, 13, 17, 19]"
593/81,7.32098765,593,81,"[3, 593]","[0, -4, 0, 0, 0, 0, 0, 0]","[2, 3, 5, 7, 11, 13, 17, 19]"
593/243,2.44032922,593,243,"[3, 593]","[0, -5, 0, 0, 0, 0, 0, 0]","[2, 3, 5, 7, 11, 13, 17, 19]"
595/81,7.34567901,595,81,"[3, 5, 7, 17]","[0, -4, 1, 1, 0, 0, 1, 0]","[2, 3, 5, 7, 11, 13, 17, 19]"
595/243,2.44855967,595,243,"[3, 5, 7, 17]","[0, -5, 1, 1, 0, 0, 1, 0]","[2, 3, 5, 7, 11, 13, 17, 19]"
596/243,2.45267490,596,243,"[2, 3, 149]","[2, -5, 0, 0, 0, 0, 0, 0]","[2, 3, 5, 7, 11, 13, 17, 19]"
598/243,2.46090535,598,243,"[2, 3, 13, 23]","[1, -5, 0, 0, 0, 1, 0, 0]","[2, 3, 5, 7, 11, 13, 17, 19]"
599/243,2.46502058,599,243,"[3, 599]","[0, -5, 0, 0, 0, 0, 0, 0]","[2, 3, 5, 7, 11, 13, 17, 19]"
601/81,7.41975309,601,81,"[3, 601]","[0, -4, 0, 0, 0, 0, 0, 0]","[2, 3, 5, 7, 11, 13, 17, 19]"
602/243,2.47736626,602,243,"[2, 3, 7, 43]","[1, -5, 0, 1, 0, 0, 0, 0]","[2, 3, 5, 7, 11, 13, 17, 19]"
604/243,2.48559671,604,243,"[2, 3, 151]","[2, -5, 0, 0, 0, 0, 0, 0]","[2, 3, 5, 7, 11, 13, 17, 19]"
605/81,7.46913580,605,81,"[3, 5, 11]","[0, -4, 1, 0, 2, 0, 0, 0]","[2, 3, 5, 7, 11, 13, 17, 19]"
605/243,2.48971193,605,243,"[3, 5, 11]","[0, -5, 1, 0, 2, 0, 0, 0]","[2, 3, 5, 7, 11, 13, 17, 19]"
607/243,2.49794239,607,243,"[3, 607]","[0, -5, 0, 0, 0, 0, 0, 0]","[2, 3, 5, 7, 11, 13, 17, 19]"
608/243,2.50205761,608,243,"[2, 3, 19]","[5, -5, 0, 0, 0, 0, 0, 1]","[2, 3, 5, 7, 11, 13, 17, 19]"
610/243,2.51028807,610,243,"[2, 3, 5, 61]","[1, -5, 1, 0, 0, 0, 0, 0]","[2, 3, 5, 7, 11, 13, 17, 19]"
611/81,7.54320988,611,81,"[3, 13, 47]","[0, -4, 0, 0, 0, 1, 0, 0]","[2, 3, 5, 7, 11, 13, 17, 19]"
611/243,2.51440329,611,243,"[3, 13, 47]","[0, -5, 0, 0, 0, 1, 0, 0]","[2, 3, 5, 7, 11, 13, 17, 19]"
613/81,7.56790123,613,81,"[3, 613]","[0, -4, 0, 0, 0, 0, 0, 0]","[2, 3, 5, 7, 11, 13, 17, 19]"
613/243,2.52263374,613,243,"[3, 613]","[0, -5, 0, 0, 0, 0, 0, 0]","[2, 3, 5, 7, 11, 13, 17, 19]"
614/243,2.52674897,614,243,"[2, 3, 307]","[1, -5, 0, 0, 0, 0, 0, 0]","[2, 3, 5, 7, 11, 13, 17, 19]"
616/243,2.53497942,616,243,"[2, 3, 7, 11]","[3, -5, 0, 1, 1, 0, 0, 0]","[2, 3, 5, 7, 11, 13, 17, 19]"
617/81,7.61728395,617,81,"[3, 617]","[0, -4, 0, 0, 0, 0, 0, 0]","[2, 3, 5, 7, 11, 13, 17, 19]"
617/243,2.53909465,617,243,"[3, 617]","[0, -5, 0, 0, 0, 0, 0, 0]","[2, 3, 5, 7, 11, 13, 17, 19]"
619/243,2.54732510,619,243,"[3, 619]","[0, -5, 0, 0, 0, 0, 0, 0]","[2, 3, 5, 7, 11, 13, 17, 19]"
620/243,2.55144033,620,243,"[2, 3, 5, 31]","[2, -5, 1, 0, 0, 0, 0, 0]","[2, 3, 5, 7, 11, 13, 17, 19]"
622/243,2.55967078,622,243,"[2, 3, 311]","[1, -5, 0, 0, 0, 0, 0, 0]","[2, 3, 5, 7, 11, 13, 17, 19]"
623/243,2.56378601,623,243,"[3, 7, 89]","[0, -5, 0, 1, 0, 0, 0, 0]","[2, 3, 5, 7, 11, 13, 17, 19]"
625/81,7.71604938,625,81,"[3, 5]","[0, -4, 4, 0, 0, 0, 0, 0]","[2, 3, 5, 7, 11, 13, 17, 19]"
625/243,2.57201646,625,243,"[3, 5]","[0, -5, 4, 0, 0, 0, 0, 0]","[2, 3, 5, 7, 11, 13, 17, 19]"
626/243,2.57613169,626,243,"[2, 3, 313]","[1, -5, 0, 0, 0, 0, 0, 0]","[2, 3, 5, 7, 11, 13, 17, 19]"
628/243,2.58436214,628,243,"[2, 3, 157]","[2, -5, 0, 0, 0, 0, 0, 0]","[2, 3, 5, 7, 11, 13, 17, 19]"
629/81,7.76543210,629,81,"[3, 17, 37]","[0, -4, 0, 0, 0, 0, 1, 0]","[2, 3, 5, 7, 11, 13, 17, 19]"
629/243,2.58847737,629,243,"[3, 17, 37]","[0, -5, 0, 0, 0, 0, 1, 0]","[2, 3, 5, 7, 11, 13, 17, 19]"
631/243,2.59670782,631,243,"[3, 631]","[0, -5, 0, 0, 0, 0, 0, 0]","[2, 3, 5, 7, 11, 13, 17, 19]"
632/243,2.60082305,632,243,"[2, 3, 79]","[3, -5, 0, 0, 0, 0, 0, 0]","[2, 3, 5, 7, 11, 13, 17, 19]"
634/243,2.60905350,634,243,"[2, 3, 317]","[1, -5, 0, 0, 0, 0, 0, 0]","[2, 3, 5, 7, 11, 13, 17, 19]"
635/243,2.61316872,635,243,"[3, 5, 127]","[0, -5, 1, 0, 0, 0, 0, 0]","[2, 3, 5, 7, 11, 13, 17, 19]"
637/243,2.62139918,637,243,"[3, 7, 13]","[0, -5, 0, 2, 0, 1, 0, 0]","[2, 3, 5, 7, 11, 13, 17, 19]"
638/243,2.62551440,638,243,"[2, 3, 11, 29]","[1, -5, 0, 0, 1, 0, 0, 0]","[2, 3, 5, 7, 11, 13, 17, 19]"
640/243,2.63374486,640,243,"[2, 3, 5]","[7, -5, 1, 0, 0, 0, 0, 0]","[2, 3, 5, 7, 11, 13, 17, 19]"
641/81,7.91358025,641,81,"[3, 641]","[0, -4, 0, 0, 0, 0, 0, 0]","[2, 3, 5, 7, 11, 13, 17, 19]"
641/243,2.63786008,641,243,"[3, 641]","[0, -5, 0, 0, 0, 0, 0, 0]","[2, 3, 5, 7, 11, 13, 17, 19]"
643/243,2.64609053,643,243,"[3, 643]","[0, -5, 0, 0, 0, 0, 0, 0]","[2, 3, 5, 7, 11, 13, 17, 19]"
644/243,2.65020576,644,243,"[2, 3, 7, 23]","[2, -5, 0, 1, 0, 0, 0, 0]","[2, 3, 5, 7, 11, 13, 17, 19]"
646/243,2.65843621,646,243,"[2, 3, 17, 19]","[1, -5, 0, 0, 0, 0, 1, 1]","[2, 3, 5, 7, 11, 13, 17, 19]"
647/243,2.66255144,647,243,"[3, 647]","[0, -5, 0, 0, 0, 0, 0, 0]","[2, 3, 5, 7, 11, 13, 17, 19]"
649/81,8.01234568,649,81,"[3, 11, 59]","[0, -4, 0, 0, 1, 0, 0, 0]","[2, 3, 5, 7, 11, 13, 17, 19]"
649/243,2.67078189,649,243,"[3, 11, 59]","[0, -5, 0, 0, 1, 0, 0, 0]","[2, 3, 5, 7, 11, 13, 17, 19]"
650/243,2.67489712,650,243,"[2, 3, 5, 13]","[1, -5, 2, 0, 0, 1, 0, 0]","[2, 3, 5, 7, 11, 13, 17, 19]"
652/243,2.68312757,652,243,"[2, 3, 163]","[2, -5, 0, 0, 0, 0, 0, 0]","[2, 3, 5, 7, 11, 13, 17, 19]"
653/243,2.68724280,653,243,"[3, 653]","[0, -5, 0, 0, 0, 0, 0, 0]","[2, 3, 5, 7, 11, 13, 17, 19]"
655/243,2.69547325,655,243,"[3, 5, 131]","[0, -5, 1, 0, 0, 0, 0, 0]","[2, 3, 5, 7, 11, 13, 17, 19]"
656/243,2.69958848,656,243,"[2, 3, 41]","[4, -5, 0, 0, 0, 0, 0, 0]","[2, 3, 5, 7, 11, 13, 17, 19]"
658/243,2.70781893,658,243,"[2, 3, 7, 47]","[1, -5, 0, 1, 0, 0, 0, 0]","[2, 3, 5, 7, 11, 13, 17, 19]"
659/243,2.71193416,659,243,"[3, 659]","[0, -5, 0, 0, 0, 0, 0, 0]","[2, 3, 5, 7, 11, 13, 17, 19]"
661/243,2.72016461,661,243,"[3, 661]","[0, -5, 0, 0, 0, 0, 0, 0]","[2, 3, 5, 7, 11, 13, 17, 19]"
662/243,2.72427984,662,243,"[2, 3, 331]","[1, -5, 0, 0, 0, 0, 0, 0]","[2, 3, 5, 7, 11, 13, 17, 19]"
664/243,2.73251029,664,243,"[2, 3, 83]","[3, -5, 0, 0, 0, 0, 0, 0]","[2, 3, 5, 7, 11, 13, 17, 19]"
665/81,8.20987654,665,81,"[3, 5, 7, 19]","[0, -4, 1, 1, 0, 0, 0, 1]","[2, 3, 5, 7, 11, 13, 17, 19]"
665/243,2.73662551,665,243,"[3, 5, 7, 19]","[0, -5, 1, 1, 0, 0, 0, 1]","[2, 3, 5, 7, 11, 13, 17, 19]"
667/243,2.74485597,667,243,"[3, 23, 29]","[0, -5, 0, 0, 0, 0, 0, 0]","[2, 3, 5, 7, 11, 13, 17, 19]"
668/243,2.74897119,668,243,"[2, 3, 167]","[2, -5, 0, 0, 0, 0, 0, 0]","[2, 3, 5, 7, 11, 13, 17, 19]"
670/243,2.75720165,670,243,"[2, 3, 5, 67]","[1, -5, 1, 0, 0, 0, 0, 0]","[2, 3, 5, 7, 11, 13, 17, 19]"
671/243,2.76131687,671,243,"[3, 11, 61]","[0, -5, 0, 0, 1, 0, 0, 0]","[2, 3, 5, 7, 11, 13, 17, 19]"
673/243,2.76954733,673,243,"[3, 673]","[0, -5, 0, 0, 0, 0, 0, 0]","[2, 3, 5, 7, 11, 13, 17, 19]"
674/243,2.77366255,674,243,"[2, 3, 337]","[1, -5, 0, 0, 0, 0, 0, 0]","[2, 3, 5, 7, 11, 13, 17, 19]"
676/243,2.78189300,676,243,"[2, 3, 13]","[2, -5, 0, 0, 0, 2, 0, 0]","[2, 3, 5, 7, 11, 13, 17, 19]"
677/243,2.78600823,677,243,"[3, 677]","[0, -5, 0, 0, 0, 0, 0, 0]","[2, 3, 5, 7, 11, 13, 17, 19]"
679/243,2.79423868,679,243,"[3, 7, 97]","[0, -5, 0, 1, 0, 0, 0, 0]","[2, 3, 5, 7, 11, 13, 17, 19]"
680/243,2.79835391,680,243,"[2, 3, 5, 17]","[3, -5, 1, 0, 0, 0, 1, 0]","[2, 3, 5, 7, 11, 13, 17, 19]"
682/243,2.80658436,682,243,"[2, 3, 11, 31]","[1, -5, 0, 0, 1, 0, 0, 0]","[2, 3, 5, 7, 11, 13, 17, 19]"
683/243,2.81069959,683,243,"[3, 683]","[0, -5, 0, 0, 0, 0, 0, 0]","[2, 3, 5, 7, 11, 13, 17, 19]"
685/243,2.81893004,685,243,"[3, 5, 137]","[0, -5, 1, 0, 0, 0, 0, 0]","[2, 3, 5, 7, 11, 13, 17, 19]"
686/243,2.82304527,686,243,"[2, 3, 7]","[1, -5, 0, 3, 0, 0, 0, 0]","[2, 3, 5, 7, 11, 13, 17, 19]"
688/243,2.83127572,688,243,"[2, 3, 43]","[4, -5, 0, 0, 0, 0, 0, 0]","[2, 3, 5, 7, 11, 13, 17, 19]"
689/243,2.83539095,689,243,"[3, 13, 53]","[0, -5, 0, 0, 0, 1, 0, 0]","[2, 3, 5, 7, 11, 13, 17, 19]"
691/243,2.84362140,691,243,"[3, 691]","[0, -5, 0, 0, 0, 0, 0, 0]","[2, 3, 5, 7, 11, 13, 17, 19]"
692/243,2.84773663,692,243,"[2, 3, 173]","[2, -5, 0, 0, 0, 0, 0, 0]","[2, 3, 5, 7, 11, 13, 17, 19]"
694/243,2.85596708,694,243,"[2, 3, 347]","[1, -5, 0, 0, 0, 0, 0, 0]","[2, 3, 5, 7, 11, 13, 17, 19]"
695/243,2.86008230,695,243,"[3, 5, 139]","[0, -5, 1, 0, 0, 0, 0, 0]","[2, 3, 5, 7, 11, 13, 17, 19]"
697/243,2.86831276,697,243,"[3, 17, 41]","[0, -5, 0, 0, 0, 0, 1, 0]","[2, 3, 5, 7, 11, 13, 17, 19]"
698/243,2.87242798,698,243,"[2, 3, 349]","[1, -5, 0, 0, 0, 0, 0, 0]","[2, 3, 5, 7, 11, 13, 17, 19]"
700/243,2.88065844,700,243,"[2, 3, 5, 7]","[2, -5, 2, 1, 0, 0, 0, 0]","[2, 3, 5, 7, 11, 13, 17, 19]"
701/243,2.88477366,701,243,"[3, 701]","[0, -5, 0, 0, 0, 0, 0, 0]","[2, 3, 5, 7, 11, 13, 17, 19]"
703/243,2.89300412,703,243,"[3, 19, 37]","[0, -5, 0, 0, 0, 0, 0, 1]","[2, 3, 5, 7, 11, 13, 17, 19]"
704/243,2.89711934,704,243,"[2, 3, 11]","[6, -5, 0, 0, 1, 0, 0, 0]","[2, 3, 5, 7, 11, 13, 17, 19]"
706/243,2.90534979,706,243,"[2, 3, 353]","[1, -5, 0, 0, 0, 0, 0, 0]","[2, 3, 5, 7, 11, 13, 17, 19]"
707/243,2.90946502,707,243,"[3, 7, 101]","[0, -5, 0, 1, 0, 0, 0, 0]","[2, 3, 5, 7, 11, 13, 17, 19]"
709/243,2.91769547,709,243,"[3, 709]","[0, -5, 0, 0, 0, 0, 0, 0]","[2, 3, 5, 7, 11, 13, 17, 19]"
710/243,2.92181070,710,243,"[2, 3, 5, 71]","[1, -5, 1, 0, 0, 0, 0, 0]","[2, 3, 5, 7, 11, 13, 17, 19]"
712/243,2.93004115,712,243,"[2, 3, 89]","[3, -5, 0, 0, 0, 0, 0, 0]","[2, 3, 5, 7, 11, 13, 17, 19]"
713/243,2.93415638,713,243,"[3, 23, 31]","[0, -5, 0, 0, 0, 0, 0, 0]","[2, 3, 5, 7, 11, 13, 17, 19]"
715/243,2.94238683,715,243,"[3, 5, 11, 13]","[0, -5, 1, 0, 1, 1, 0, 0]","[2, 3, 5, 7, 11, 13, 17, 19]"
716/243,2.94650206,716,243,"[2, 3, 179]","[2, -5, 0, 0, 0, 0, 0, 0]","[2, 3, 5, 7, 11, 13, 17, 19]"
718/243,2.95473251,718,243,"[2, 3, 359]","[1, -5, 0, 0, 0, 0, 0, 0]","[2, 3, 5, 7, 11, 13, 17, 19]"
719/243,2.95884774,719,243,"[3, 719]","[0, -5, 0, 0, 0, 0, 0, 0]","[2, 3, 5, 7, 11, 13, 17, 19]"
721/243,2.96707819,721,243,"[3, 7, 103]","[0, -5, 0, 1, 0, 0, 0, 0]","[2, 3, 5, 7, 11, 13, 17, 19]"
722/243,2.97119342,722,243,"[2, 3, 19]","[1, -5, 0, 0, 0, 0, 0, 2]","[2, 3, 5, 7, 11, 13, 17, 19]"
724/243,2.97942387,724,243,"[2, 3, 181]","[2, -5, 0, 0, 0, 0, 0, 0]","[2, 3, 5, 7, 11, 13, 17, 19]"
725/243,2.98353909,725,243,"[3, 5, 29]","[0, -5, 2, 0, 0, 0, 0, 0]","[2, 3, 5, 7, 11, 13, 17, 19]"
727/243,2.99176955,727,243,"[3, 727]","[0, -5, 0, 0, 0, 0, 0, 0]","[2, 3, 5, 7, 11, 13, 17, 19]"
728/243,2.99588477,728,243,"[2, 3, 7, 13]","[3, -5, 0, 1, 0, 1, 0, 0]","[2, 3, 5, 7, 11, 13, 17, 19]"
730/243,3.00411523,730,243,"[2, 3, 5, 73]","[1, -5, 1, 0, 0, 0, 0, 0]","[2, 3, 5, 7, 11, 13, 17, 19]"
731/243,3.00823045,731,243,"[3, 17, 43]","[0, -5, 0, 0, 0, 0, 1, 0]","[2, 3, 5, 7, 11, 13, 17, 19]"
733/243,3.01646091,733,243,"[3, 733]","[0, -5, 0, 0, 0, 0, 0, 0]","[2, 3, 5, 7, 11, 13, 17, 19]"
734/243,3.02057613,734,243,"[2, 3, 367]","[1, -5, 0, 0, 0, 0, 0, 0]","[2, 3, 5, 7, 11, 13, 17, 19]"
736/243,3.02880658,736,243,"[2, 3, 23]","[5, -5, 0, 0, 0, 0, 0, 0]","[2, 3, 5, 7, 11, 13, 17, 19]"
737/243,3.03292181,737,243,"[3, 11, 67]","[0, -5, 0, 0, 1, 0, 0, 0]","[2, 3, 5, 7, 11, 13, 17, 19]"
739/243,3.04115226,739,243,"[3, 739]","[0, -5, 0, 0, 0, 0, 0, 0]","[2, 3, 5, 7, 11, 13, 17, 19]"
740/243,3.04526749,740,243,"[2, 3, 5, 37]","[2, -5, 1, 0, 0, 0, 0, 0]","[2, 3, 5, 7, 11, 13, 17, 19]"
742/243,3.05349794,742,243,"[2, 3, 7, 53]","[1, -5, 0, 1, 0, 0, 0, 0]","[2, 3, 5, 7, 11, 13, 17, 19]"
743/243,3.05761317,743,243,"[3, 743]","[0, -5, 0, 0, 0, 0, 0, 0]","[2, 3, 5, 7, 11, 13, 17, 19]"
745/243,3.06584362,745,243,"[3, 5, 149]","[0, -5, 1, 0, 0, 0, 0, 0]","[2, 3, 5, 7, 11, 13, 17, 19]"
746/243,3.06995885,746,243,"[2, 3, 373]","[1, -5, 0, 0, 0, 0, 0, 0]","[2, 3, 5, 7, 11, 13, 17, 19]"
748/243,3.07818930,748,243,"[2, 3, 11, 17]","[2, -5, 0, 0, 1, 0, 1, 0]","[2, 3, 5, 7, 11, 13, 17, 19]"
749/243,3.08230453,749,243,"[3, 7, 107]","[0, -5, 0, 1, 0, 0, 0, 0]","[2, 3, 5, 7, 11, 13, 17, 19]"
751/243,3.09053498,751,243,"[3, 751]","[0, -5, 0, 0, 0, 0, 0, 0]","[2, 3, 5, 7, 11, 13, 17, 19]"
752/243,3.09465021,752,243,"[2, 3, 47]","[4, -5, 0, 0, 0, 0, 0, 0]","[2, 3, 5, 7, 11, 13, 17, 19]"
754/243,3.10288066,754,243,"[2, 3, 13, 29]","[1, -5, 0, 0, 0, 1, 0, 0]","[2, 3, 5, 7, 11, 13, 17, 19]"
755/243,3.10699588,755,243,"[3, 5, 151]","[0, -5, 1, 0, 0, 0, 0, 0]","[2, 3, 5, 7, 11, 13, 17, 19]"
757/243,3.11522634,757,243,"[3, 757]","[0, -5, 0, 0, 0, 0, 0, 0]","[2, 3, 5, 7, 11, 13, 17, 19]"
758/243,3.11934156,758,243,"[2, 3, 379]","[1, -5, 0, 0, 0, 0, 0, 0]","[2, 3, 5, 7, 11, 13, 17, 19]"
760/243,3.12757202,760,243,"[2, 3, 5, 19]","[3, -5, 1, 0, 0, 0, 0, 1]","[2, 3, 5, 7, 11, 13, 17, 19]"
761/243,3.13168724,761,243,"[3, 761]","[0, -5, 0, 0, 0, 0, 0, 0]","[2, 3, 5, 7, 11, 13, 17, 19]"
763/243,3.13991770,763,243,"[3, 7, 109]","[0, -5, 0, 1, 0, 0, 0, 0]","[2, 3, 5, 7, 11, 13, 17, 19]"
764/243,3.14403292,764,243,"[2, 3, 191]","[2, -5, 0, 0, 0, 0, 0, 0]","[2, 3, 5, 7, 11, 13, 17, 19]"
766/243,3.15226337,766,243,"[2, 3, 383]","[1, -5, 0, 0, 0, 0, 0, 0]","[2, 3, 5, 7, 11, 13, 17, 19]"
767/243,3.15637860,767,243,"[3, 13, 59]","[0, -5, 0, 0, 0, 1, 0, 0]","[2, 3, 5, 7, 11, 13, 17, 19]"
769/243,3.16460905,769,243,"[3, 769]","[0, -5, 0, 0, 0, 0, 0, 0]","[2, 3, 5, 7, 11, 13, 17, 19]"
770/243,3.16872428,770,243,"[2, 3, 5, 7, 11]","[1, -5, 1, 1, 1, 0, 0, 0]","[2, 3, 5, 7, 11, 13, 17, 19]"
772/243,3.17695473,772,243,"[2, 3, 193]","[2, -5, 0, 0, 0, 0, 0, 0]","[2, 3, 5, 7, 11, 13, 17, 19]"
773/243,3.18106996,773,243,"[3, 773]","[0, -5, 0, 0, 0, 0, 0, 0]","[2, 3, 5, 7, 11, 13, 17, 19]"
775/243,3.18930041,775,243,"[3, 5, 31]","[0, -5, 2, 0, 0, 0, 0, 0]","[2, 3, 5, 7, 11, 13, 17, 19]"
776/243,3.19341564,776,243,"[2, 3, 97]","[3, -5, 0, 0, 0, 0, 0, 0]","[2, 3, 5, 7, 11, 13, 17, 19]"
778/243,3.20164609,778,243,"[2, 3, 389]","[1, -5, 0, 0, 0, 0, 0, 0]","[2, 3, 5, 7, 11, 13, 17, 19]"
779/243,3.20576132,779,243,"[3, 19, 41]","[0, -5, 0, 0, 0, 0, 0, 1]","[2, 3, 5, 7, 11, 13, 17, 19]"
781/243,3.21399177,781,243,"[3, 11, 71]","[0, -5, 0, 0, 1, 0, 0, 0]","[2, 3, 5, 7, 11, 13, 17, 19]"
782/243,3.21810700,782,243,"[2, 3, 17, 23]","[1, -5, 0, 0, 0, 0, 1, 0]","[2, 3, 5, 7, 11, 13, 17, 19]"
784/243,3.22633745,784,243,"[2, 3, 7]","[4, -5, 0, 2, 0, 0, 0, 0]","[2, 3, 5, 7, 11, 13, 17, 19]"
785/243,3.23045267,785,243,"[3, 5, 157]","[0, -5, 1, 0, 0, 0, 0, 0]","[2, 3, 5, 7, 11, 13, 17, 19]"
787/243,3.23868313,787,243,"[3, 787]","[0, -5, 0, 0, 0, 0, 0, 0]","[2, 3, 5, 7, 11, 13, 17, 19]"
788/243,3.24279835,788,243,"[2, 3, 197]","[2, -5, 0, 0, 0, 0, 0, 0]","[2, 3, 5, 7, 11, 13, 17, 19]"
790/243,3.25102881,790,243,"[2, 3, 5, 79]","[1, -5, 1, 0, 0, 0, 0, 0]","[2, 3, 5, 7, 11, 13, 17, 19]"
791/243,3.25514403,791,243,"[3, 7, 113]","[0, -5, 0, 1, 0, 0, 0, 0]","[2, 3, 5, 7, 11, 13, 17, 19]"
793/243,3.26337449,793,243,"[3, 13, 61]","[0, -5, 0, 0, 0, 1, 0, 0]","[2, 3, 5, 7, 11, 13, 17, 19]"
794/243,3.26748971,794,243,"[2, 3, 397]","[1, -5, 0, 0, 0, 0, 0, 0]","[2, 3, 5, 7, 11, 13, 17, 19]"
796/243,3.27572016,796,243,"[2, 3, 199]","[2, -5, 0, 0, 0, 0, 0, 0]","[2, 3, 5, 7, 11, 13, 17, 19]"
797/243,3.27983539,797,243,"[3, 797]","[0, -5, 0, 0, 0, 0, 0, 0]","[2, 3, 5, 7, 11, 13, 17, 19]"
799/243,3.28806584,799,243,"[3, 17, 47]","[0, -5, 0, 0, 0, 0, 1, 0]","[2, 3, 5, 7, 11, 13, 17, 19]"
800/243,3.29218107,800,243,"[2, 3, 5]","[5, -5, 2, 0, 0, 0, 0, 0]","[2, 3, 5, 7, 11, 13, 17, 19]"
802/243,3.30041152,802,243,"[2, 3, 401]","[1, -5, 0, 0, 0, 0, 0, 0]","[2, 3, 5, 7, 11, 13, 17, 19]"
803/243,3.30452675,803,243,"[3, 11, 73]","[0, -5, 0, 0, 1, 0, 0, 0]","[2, 3, 5, 7, 11, 13, 17, 19]"
805/243,3.31275720,805,243,"[3, 5, 7, 23]","[0, -5, 1, 1, 0, 0, 0, 0]","[2, 3, 5, 7, 11, 13, 17, 19]"
806/243,3.31687243,806,243,"[2, 3, 13, 31]","[1, -5, 0, 0, 0, 1, 0, 0]","[2, 3, 5, 7, 11, 13, 17, 19]"
808/243,3.32510288,808,243,"[2, 3, 101]","[3, -5, 0, 0, 0, 0, 0, 0]","[2, 3, 5, 7, 11, 13, 17, 19]"
809/243,3.32921811,809,243,"[3, 809]","[0, -5, 0, 0, 0, 0, 0, 0]","[2, 3, 5, 7, 11, 13, 17, 19]"
811/243,3.33744856,811,243,"[3, 811]","[0, -5, 0, 0, 0, 0, 0, 0]","[2, 3, 5, 7, 11, 13, 17, 19]"
812/243,3.34156379,812,243,"[2, 3, 7, 29]","[2, -5, 0, 1, 0, 0, 0, 0]","[2, 3, 5, 7, 11, 13, 17, 19]"
814/243,3.34979424,814,243,"[2, 3, 11, 37]","[1, -5, 0, 0, 1, 0, 0, 0]","[2, 3, 5, 7, 11, 13, 17, 19]"
815/243,3.35390947,815,243,"[3, 5, 163]","[0, -5, 1, 0, 0, 0, 0, 0]","[2, 3, 5, 7, 11, 13, 17, 19]"
817/243,3.36213992,817,243,"[3, 19, 43]","[0, -5, 0, 0, 0, 0, 0, 1]","[2, 3, 5, 7, 11, 13, 17, 19]"
818/243,3.36625514,818,243,"[2, 3, 409]","[1, -5, 0, 0, 0, 0, 0, 0]","[2, 3, 5, 7, 11, 13, 17, 19]"
820/243,3.37448560,820,243,"[2, 3, 5, 41]","[2, -5, 1, 0, 0, 0, 0, 0]","[2, 3, 5, 7, 11, 13, 17, 19]"
821/243,3.37860082,821,243,"[3, 821]","[0, -5, 0, 0, 0, 0, 0, 0]","[2, 3, 5, 7, 11, 13, 17, 19]"
823/243,3.38683128,823,243,"[3, 823]","[0, -5, 0, 0, 0, 0, 0, 0]","[2, 3, 5, 7, 11, 13, 17, 19]"
824/243,3.39094650,824,243,"[2, 3, 103]","[3, -5, 0, 0, 0, 0, 0, 0]","[2, 3, 5, 7, 11, 13, 17, 19]"
826/243,3.39917695,826,243,"[2, 3, 7, 59]","[1, -5, 0, 1, 0, 0, 0, 0]","[2, 3, 5, 7, 11, 13, 17, 19]"
827/243,3.40329218,827,243,"[3, 827]","[0, -5, 0, 0, 0, 0, 0, 0]","[2, 3, 5, 7, 11, 13, 17, 19]"
829/243,3.41152263,829,243,"[3, 829]","[0, -5, 0, 0, 0, 0, 0, 0]","[2, 3, 5, 7, 11, 13, 17, 19]"
830/243,3.41563786,830,243,"[2, 3, 5, 83]","[1, -5, 1, 0, 0, 0, 0, 0]","[2, 3, 5, 7, 11, 13, 17, 19]"
832/243,3.42386831,832,243,"[2, 3, 13]","[6, -5, 0, 0, 0, 1, 0, 0]","[2, 3, 5, 7, 11, 13, 17, 19]"
833/243,3.42798354,833,243,"[3, 7, 17]","[0, -5, 0, 2, 0, 0, 1, 0]","[2, 3, 5, 7, 11, 13, 17, 19]"
835/243,3.43621399,835,243,"[3, 5, 167]","[0, -5, 1, 0, 0, 0, 0, 0]","[2, 3, 5, 7, 11, 13, 17, 19]"
836/243,3.44032922,836,243,"[2, 3, 11, 19]","[2, -5, 0, 0, 1, 0, 0, 1]","[2, 3, 5, 7, 11, 13, 17, 19]"
838/243,3.44855967,838,243,"[2, 3, 419]","[1, -5, 0, 0, 0, 0, 0, 0]","[2, 3, 5, 7, 11, 13, 17, 19]"
839/243,3.45267490,839,243,"[3, 839]","[0, -5, 0, 0, 0, 0, 0, 0]","[2, 3, 5, 7, 11, 13, 17, 19]"
841/243,3.46090535,841,243,"[3, 29]","[0, -5, 0, 0, 0, 0, 0, 0]","[2, 3, 5, 7, 11, 13, 17, 19]"
842/243,3.46502058,842,243,"[2, 3, 421]","[1, -5, 0, 0, 0, 0, 0, 0]","[2, 3, 5, 7, 11, 13, 17, 19]"
844/243,3.47325103,844,243,"[2, 3, 211]","[2, -5, 0, 0, 0, 0, 0, 0]","[2, 3, 5, 7, 11, 13, 17, 19]"
845/243,3.47736626,845,243,"[3, 5, 13]","[0, -5, 1, 0, 0, 2, 0, 0]","[2, 3, 5, 7, 11, 13, 17, 19]"
847/243,3.48559671,847,243,"[3, 7, 11]","[0, -5, 0, 1, 2, 0, 0, 0]","[2, 3, 5, 7, 11, 13, 17, 19]"
848/243,3.48971193,848,243,"[2, 3, 53]","[4, -5, 0, 0, 0, 0, 0, 0]","[2, 3, 5, 7, 11, 13, 17, 19]"
850/243,3.49794239,850,243,"[2, 3, 5, 17]","[1, -5, 2, 0, 0, 0, 1, 0]","[2, 3, 5, 7, 11, 13, 17, 19]"
851/243,3.50205761,851,243,"[3, 23, 37]","[0, -5, 0, 0, 0, 0, 0, 0]","[2, 3, 5, 7, 11, 13, 17, 19]"
853/243,3.51028807,853,243,"[3, 853]","[0, -5, 0, 0, 0, 0, 0, 0]","[2, 3, 5, 7, 11, 13, 17, 19]"
854/243,3.51440329,854,243,"[2, 3, 7, 61]","[1, -5, 0, 1, 0, 0, 0, 0]","[2, 3, 5, 7, 11, 13, 17, 19]"
856/243,3.52263374,856,243,"[2, 3, 107]","[3, -5, 0, 0, 0, 0, 0, 0]","[2, 3, 5, 7, 11, 13, 17, 19]"
857/243,3.52674897,857,243,"[3, 857]","[0, -5, 0, 0, 0, 0, 0, 0]","[2, 3, 5, 7, 11, 13, 17, 19]"
859/243,3.53497942,859,243,"[3, 859]","[0, -5, 0, 0, 0, 0, 0, 0]","[2, 3, 5, 7, 11, 13, 17, 19]"
860/243,3.53909465,860,243,"[2, 3, 5, 43]","[2, -5, 1, 0, 0, 0, 0, 0]","[2, 3, 5, 7, 11, 13, 17, 19]"
862/243,3.54732510,862,243,"[2, 3, 431]","[1, -5, 0, 0, 0, 0, 0, 0]","[2, 3, 5, 7, 11, 13, 17, 19]"
863/243,3.55144033,863,243,"[3, 863]","[0, -5, 0, 0, 0, 0, 0, 0]","[2, 3, 5, 7, 11, 13, 17, 19]"
865/243,3.55967078,865,243,"[3, 5, 173]","[0, -5, 1, 0, 0, 0, 0, 0]","[2, 3, 5, 7, 11, 13, 17, 19]"
866/243,3.56378601,866,243,"[2, 3, 433]","[1, -5, 0, 0, 0, 0, 0, 0]","[2, 3, 5, 7, 11, 13, 17, 19]"
868/243,3.57201646,868,243,"[2, 3, 7, 31]","[2, -5, 0, 1, 0, 0, 0, 0]","[2, 3, 5, 7, 11, 13, 17, 19]"
869/243,3.57613169,869,243,"[3, 11, 79]","[0, -5, 0, 0, 1, 0, 0, 0]","[2, 3, 5, 7, 11, 13, 17, 19]"
871/243,3.58436214,871,243,"[3, 13, 67]","[0, -5, 0, 0, 0, 1, 0, 0]","[2, 3, 5, 7, 11, 13, 17, 19]"
872/243,3.58847737,872,243,"[2, 3, 109]","[3, -5, 0, 0, 0, 0, 0, 0]","[2, 3, 5, 7, 11, 13, 17, 19]"
874/243,3.59670782,874,243,"[2, 3, 19, 23]","[1, -5, 0, 0, 0, 0, 0, 1]","[2, 3, 5, 7, 11, 13, 17, 19]"
875/243,3.60082305,875,243,"[3, 5, 7]","[0, -5, 3, 1, 0, 0, 0, 0]","[2, 3, 5, 7, 11, 13, 17, 19]"
877/243,3.60905350,877,243,"[3, 877]","[0, -5, 0, 0, 0, 0, 0, 0]","[2, 3, 5, 7, 11, 13, 17, 19]"
878/243,3.61316872,878,243,"[2, 3, 439]","[1, -5, 0, 0, 0, 0, 0, 0]","[2, 3, 5, 7, 11, 13, 17, 19]"
880/243,3.62139918,880,243,"[2, 3, 5, 11]","[4, -5, 1, 0, 1, 0, 0, 0]","[2, 3, 5, 7, 11, 13, 17, 19]"
881/243,3.62551440,881,243,"[3, 881]","[0, -5, 0, 0, 0, 0, 0, 0]","[2, 3, 5, 7, 11, 13, 17, 19]"
883/243,3.63374486,883,243,"[3, 883]","[0, -5, 0, 0, 0, 0, 0, 0]","[2, 3, 5, 7, 11, 13, 17, 19]"
884/243,3.63786008,884,243,"[2, 3, 13, 17]","[2, -5, 0, 0, 0, 1, 1, 0]","[2, 3, 5, 7, 11, 13, 17, 19]"
886/243,3.64609053,886,243,"[2, 3, 443]","[1, -5, 0, 0, 0, 0, 0, 0]","[2, 3, 5, 7, 11, 13, 17, 19]"
887/243,3.65020576,887,243,"[3, 887]","[0, -5, 0, 0, 0, 0, 0, 0]","[2, 3, 5, 7, 11, 13, 17, 19]"
889/243,3.65843621,889,243,"[3, 7, 127]","[0, -5, 0, 1, 0, 0, 0, 0]","[2, 3, 5, 7, 11, 13, 17, 19]"
890/243,3.66255144,890,243,"[2, 3, 5, 89]","[1, -5, 1, 0, 0, 0, 0, 0]","[2, 3, 5, 7, 11, 13, 17, 19]"
892/243,3.67078189,892,243,"[2, 3, 223]","[2, -5, 0, 0, 0, 0, 0, 0]","[2, 3, 5, 7, 11, 13, 17, 19]"
893/243,3.67489712,893,243,"[3, 19, 47]","[0, -5, 0, 0, 0, 0, 0, 1]","[2, 3, 5, 7, 11, 13, 17, 19]"
895/243,3.68312757,895,243,"[3, 5, 179]","[0, -5, 1, 0, 0, 0, 0, 0]","[2, 3, 5, 7, 11, 13, 17, 19]"
896/243,3.68724280,896,243,"[2, 3, 7]","[7, -5, 0, 1, 0, 0, 0, 0]","[2, 3, 5, 7, 11, 13, 17, 19]"
898/243,3.69547325,898,243,"[2, 3, 449]","[1, -5, 0, 0, 0, 0, 0, 0]","[2, 3, 5, 7, 11, 13, 17, 19]"
899/243,3.69958848,899,243,"[3, 29, 31]","[0, -5, 0, 0, 0, 0, 0, 0]","[2, 3, 5, 7, 11, 13, 17, 19]"
901/243,3.70781893,901,243,"[3, 17, 53]","[0, -5, 0, 0, 0, 0, 1, 0]","[2, 3, 5, 7, 11, 13, 17, 19]"
902/243,3.71193416,902,243,"[2, 3, 11, 41]","[1, -5, 0, 0, 1, 0, 0, 0]","[2, 3, 5, 7, 11, 13, 17, 19]"
904/243,3.72016461,904,243,"[2, 3, 113]","[3, -5, 0, 0, 0, 0, 0, 0]","[2, 3, 5, 7, 11, 13, 17, 19]"
905/243,3.72427984,905,243,"[3, 5, 181]","[0, -5, 1, 0, 0, 0, 0, 0]","[2, 3, 5, 7, 11, 13, 17, 19]"
907/243,3.73251029,907,243,"[3, 907]","[0, -5, 0, 0, 0, 0, 0, 0]","[2, 3, 5, 7, 11, 13, 17, 19]"
908/243,3.73662551,908,243,"[2, 3, 227]","[2, -5, 0, 0, 0, 0, 0, 0]","[2, 3, 5, 7, 11, 13, 17, 19]"
910/243,3.74485597,910,243,"[2, 3, 5, 7, 13]","[1, -5, 1, 1, 0, 1, 0, 0]","[2, 3, 5, 7, 11, 13, 17, 19]"
911/243,3.74897119,911,243,"[3, 911]","[0, -5, 0, 0, 0, 0, 0, 0]","[2, 3, 5, 7, 11, 13, 17, 19]"
913/243,3.75720165,913,243,"[3, 11, 83]","[0, -5, 0, 0, 1, 0, 0, 0]","[2, 3, 5, 7, 11, 13, 17, 19]"
914/243,3.76131687,914,243,"[2, 3, 457]","[1, -5, 0, 0, 0, 0, 0, 0]","[2, 3, 5, 7, 11, 13, 17, 19]"
916/243,3.76954733,916,243,"[2, 3, 229]","[2, -5, 0, 0, 0, 0, 0, 0]","[2, 3, 5, 7, 11, 13, 17, 19]"
917/243,3.77366255,917,243,"[3, 7, 131]","[0, -5, 0, 1, 0, 0, 0, 0]","[2, 3, 5, 7, 11, 13, 17, 19]"
919/243,3.78189300,919,243,"[3, 919]","[0, -5, 0, 0, 0, 0, 0, 0]","[2, 3, 5, 7, 11, 13, 17, 19]"
920/243,3.78600823,920,243,"[2, 3, 5, 23]","[3, -5, 1, 0, 0, 0, 0, 0]","[2, 3, 5, 7, 11, 13, 17, 19]"
922/243,3.79423868,922,243,"[2, 3, 461]","[1, -5, 0, 0, 0, 0, 0, 0]","[2, 3, 5, 7, 11, 13, 17, 19]"
923/243,3.79835391,923,243,"[3, 13, 71]","[0, -5, 0, 0, 0, 1, 0, 0]","[2, 3, 5, 7, 11, 13, 17, 19]"
925/243,3.80658436,925,243,"[3, 5, 37]","[0, -5, 2, 0, 0, 0, 0, 0]","[2, 3, 5, 7, 11, 13, 17, 19]"
926/243,3.81069959,926,243,"[2, 3, 463]","[1, -5, 0, 0, 0, 0, 0, 0]","[2, 3, 5, 7, 11, 13, 17, 19]"
928/243,3.81893004,928,243,"[2, 3, 29]","[5, -5, 0, 0, 0, 0, 0, 0]","[2, 3, 5, 7, 11, 13, 17, 19]"
929/243,3.82304527,929,243,"[3, 929]","[0, -5, 0, 0, 0, 0, 0, 0]","[2, 3, 5, 7, 11, 13, 17, 19]"
931/243,3.83127572,931,243,"[3, 7, 19]","[0, -5, 0, 2, 0, 0, 0, 1]","[2, 3, 5, 7, 11, 13, 17, 19]"
932/243,3.83539095,932,243,"[2, 3, 233]","[2, -5, 0, 0, 0, 0, 0, 0]","[2, 3, 5, 7, 11, 13, 17, 19]"
934/243,3.84362140,934,243,"[2, 3, 467]","[1, -5, 0, 0, 0, 0, 0, 0]","[2, 3, 5, 7, 11, 13, 17, 19]"
935/243,3.84773663,935,243,"[3, 5, 11, 17]","[0, -5, 1, 0, 1, 0, 1, 0]","[2, 3, 5, 7, 11, 13, 17, 19]"
937/243,3.85596708,937,243,"[3, 937]","[0, -5, 0, 0, 0, 0, 0, 0]","[2, 3, 5, 7, 11, 13, 17, 19]"
938/243,3.86008230,938,243,"[2, 3, 7, 67]","[1, -5, 0, 1, 0, 0, 0, 0]","[2, 3, 5, 7, 11, 13, 17, 19]"
940/243,3.86831276,940,243,"[2, 3, 5, 47]","[2, -5, 1, 0, 0, 0, 0, 0]","[2, 3, 5, 7, 11, 13, 17, 19]"
941/243,3.87242798,941,243,"[3, 941]","[0, -5, 0, 0, 0, 0, 0, 0]","[2, 3, 5, 7, 11, 13, 17, 19]"
943/243,3.88065844,943,243,"[3, 23, 41]","[0, -5, 0, 0, 0, 0, 0, 0]","[2, 3, 5, 7, 11, 13, 17, 19]"
944/243,3.88477366,944,243,"[2, 3, 59]","[4, -5, 0, 0, 0, 0, 0, 0]","[2, 3, 5, 7, 11, 13, 17, 19]"
946/243,3.89300412,946,243,"[2, 3, 11, 43]","[1, -5, 0, 0, 1, 0, 0, 0]","[2, 3, 5, 7, 11, 13, 17, 19]"
947/243,3.89711934,947,243,"[3, 947]","[0, -5, 0, 0, 0, 0, 0, 0]","[2, 3, 5, 7, 11, 13, 17, 19]"
949/243,3.90534979,949,243,"[3, 13, 73]","[0, -5, 0, 0, 0, 1, 0, 0]","[2, 3, 5, 7, 11, 13, 17, 19]"
950/243,3.90946502,950,243,"[2, 3, 5, 19]","[1, -5, 2, 0, 0, 0, 0, 1]","[2, 3, 5, 7, 11, 13, 17, 19]"
952/243,3.91769547,952,243,"[2, 3, 7, 17]","[3, -5, 0, 1, 0, 0, 1, 0]","[2, 3, 5, 7, 11, 13, 17, 19]"
953/243,3.92181070,953,243,"[3, 953]","[0, -5, 0, 0, 0, 0, 0, 0]","[2, 3, 5, 7, 11, 13, 17, 19]"
955/243,3.93004115,955,243,"[3, 5, 191]","[0, -5, 1, 0, 0, 0, 0, 0]","[2, 3, 5, 7, 11, 13, 17, 19]"
956/243,3.93415638,956,243,"[2, 3, 239]","[2, -5, 0, 0, 0, 0, 0, 0]","[2, 3, 5, 7, 11, 13, 17, 19]"
958/243,3.94238683,958,243,"[2, 3, 479]","[1, -5, 0, 0, 0, 0, 0, 0]","[2, 3, 5, 7, 11, 13, 17, 19]"
959/243,3.94650206,959,243,"[3, 7, 137]","[0, -5, 0, 1, 0, 0, 0, 0]","[2, 3, 5, 7, 11, 13, 17, 19]"
961/243,3.95473251,961,243,"[3, 31]","[0, -5, 0, 0, 0, 0, 0, 0]","[2, 3, 5, 7, 11, 13, 17, 19]"
962/243,3.95884774,962,243,"[2, 3, 13, 37]","[1, -5, 0, 0, 0, 1, 0, 0]","[2, 3, 5, 7, 11, 13, 17, 19]"
964/243,3.96707819,964,243,"[2, 3, 241]","[2, -5, 0, 0, 0, 0, 0, 0]","[2, 3, 5, 7, 11, 13, 17, 19]"
965/243,3.97119342,965,243,"[3, 5, 193]","[0, -5, 1, 0, 0, 0, 0, 0]","[2, 3, 5, 7, 11, 13, 17, 19]"
967/243,3.97942387,967,243,"[3, 967]","[0, -5, 0, 0, 0, 0, 0, 0]","[2, 3, 5, 7, 11, 13, 17, 19]"
968/243,3.98353909,968,243,"[2, 3, 11]","[3, -5, 0, 0, 2, 0, 0, 0]","[2, 3, 5, 7, 11, 13, 17, 19]"
970/243,3.99176955,970,243,"[2, 3, 5, 97]","[1, -5, 1, 0, 0, 0, 0, 0]","[2, 3, 5, 7, 11, 13, 17, 19]"
971/243,3.99588477,971,243,"[3, 971]","[0, -5, 0, 0, 0, 0, 0, 0]","[2, 3, 5, 7, 11, 13, 17, 19]"
973/243,4.00411523,973,243,"[3, 7, 139]","[0, -5, 0, 1, 0, 0, 0, 0]","[2, 3, 5, 7, 11, 13, 17, 19]"
974/243,4.00823045,974,243,"[2, 3, 487]","[1, -5, 0, 0, 0, 0, 0, 0]","[2, 3, 5, 7, 11, 13, 17, 19]"
976/243,4.01646091,976,243,"[2, 3, 61]","[4, -5, 0, 0, 0, 0, 0, 0]","[2, 3, 5, 7, 11, 13, 17, 19]"
977/243,4.02057613,977,243,"[3, 977]","[0, -5, 0, 0, 0, 0, 0, 0]","[2, 3, 5, 7, 11, 13, 17, 19]"
979/243,4.02880658,979,243,"[3, 11, 89]","[0, -5, 0, 0, 1, 0, 0, 0]","[2, 3, 5, 7, 11, 13, 17, 19]"
980/243,4.03292181,980,243,"[2, 3, 5, 7]","[2, -5, 1, 2, 0, 0, 0, 0]","[2, 3, 5, 7, 11, 13, 17, 19]"
982/243,4.04115226,982,243,"[2, 3, 491]","[1, -5, 0, 0, 0, 0, 0, 0]","[2, 3, 5, 7, 11, 13, 17, 19]"
983/243,4.04526749,983,243,"[3, 983]","[0, -5, 0, 0, 0, 0, 0, 0]","[2, 3, 5, 7, 11, 13, 17, 19]"
985/243,4.05349794,985,243,"[3, 5, 197]","[0, -5, 1, 0, 0, 0, 0, 0]","[2, 3, 5, 7, 11, 13, 17, 19]"
986/243,4.05761317,986,243,"[2, 3, 17, 29]","[1, -5, 0, 0, 0, 0, 1, 0]","[2, 3, 5, 7, 11, 13, 17, 19]"
988/243,4.06584362,988,243,"[2, 3, 13, 19]","[2, -5, 0, 0, 0, 1, 0, 1]","[2, 3, 5, 7, 11, 13, 17, 19]"
989/243,4.06995885,989,243,"[3, 23, 43]","[0, -5, 0, 0, 0, 0, 0, 0]","[2, 3, 5, 7, 11, 13, 17, 19]"
991/243,4.07818930,991,243,"[3, 991]","[0, -5, 0, 0, 0, 0, 0, 0]","[2, 3, 5, 7, 11, 13, 17, 19]"
992/243,4.08230453,992,243,"[2, 3, 31]","[5, -5, 0, 0, 0, 0, 0, 0]","[2, 3, 5, 7, 11, 13, 17, 19]"
994/243,4.09053498,994,243,"[2, 3, 7, 71]","[1, -5, 0, 1, 0, 0, 0, 0]","[2, 3, 5, 7, 11, 13, 17, 19]"
995/243,4.09465021,995,243,"[3, 5, 199]","[0, -5, 1, 0, 0, 0, 0, 0]","[2, 3, 5, 7, 11, 13, 17, 19]"
997/243,4.10288066,997,243,"[3, 997]","[0, -5, 0, 0, 0, 0, 0, 0]","[2, 3, 5, 7, 11, 13, 17, 19]"
998/243,4.10699588,998,243,"[2, 3, 499]","[1, -5, 0, 0, 0, 0, 0, 0]","[2, 3, 5, 7, 11, 13, 17, 19]"
1000/243,4.11522634,1000,243,"[2, 3, 5]","[3, -5, 3, 0, 0, 0, 0, 0]","[2, 3, 5, 7, 11, 13, 17, 19]"
1001/243,4.11934156,1001,243,"[3, 7, 11, 13]","[0, -5, 0, 1, 1, 1, 0, 0]","[2, 3, 5, 7, 11, 13, 17, 19]"
1003/243,4.12757202,1003,243,"[3, 17, 59]","[0, -5, 0, 0, 0, 0, 1, 0]","[2, 3, 5, 7, 11, 13, 17, 19]"
1004/243,4.13168724,1004,243,"[2, 3, 251]","[2, -5, 0, 0, 0, 0, 0, 0]","[2, 3, 5, 7, 11, 13, 17, 19]"
1006/243,4.13991770,1006,243,"[2, 3, 503]","[1, -5, 0, 0, 0, 0, 0, 0]","[2, 3, 5, 7, 11, 13, 17, 19]"
1007/243,4.14403292,1007,243,"[3, 19, 53]","[0, -5, 0, 0, 0, 0, 0, 1]","[2, 3, 5, 7, 11, 13, 17, 19]"
1009/243,4.15226337,1009,243,"[3, 1009]","[0, -5, 0, 0, 0, 0, 0, 0]","[2, 3, 5, 7, 11, 13, 17, 19]"
1010/243,4.15637860,1010,243,"[2, 3, 5, 101]","[1, -5, 1, 0, 0, 0, 0, 0]","[2, 3, 5, 7, 11, 13, 17, 19]"
1012/243,4.16460905,1012,243,"[2, 3, 11, 23]","[2, -5, 0, 0, 1, 0, 0, 0]","[2, 3, 5, 7, 11, 13, 17, 19]"
1013/243,4.16872428,1013,243,"[3, 1013]","[0, -5, 0, 0, 0, 0, 0, 0]","[2, 3, 5, 7, 11, 13, 17, 19]"
1015/243,4.17695473,1015,243,"[3, 5, 7, 29]","[0, -5, 1, 1, 0, 0, 0, 0]","[2, 3, 5, 7, 11, 13, 17, 19]"
1016/243,4.18106996,1016,243,"[2, 3, 127]","[3, -5, 0, 0, 0, 0, 0, 0]","[2, 3, 5, 7, 11, 13, 17, 19]"
1018/243,4.18930041,1018,243,"[2, 3, 509]","[1, -5, 0, 0, 0, 0, 0, 0]","[2, 3, 5, 7, 11, 13, 17, 19]"
1019/243,4.19341564,1019,243,"[3, 1019]","[0, -5, 0, 0, 0, 0, 0, 0]","[2, 3, 5, 7, 11, 13, 17, 19]"
1021/243,4.20164609,1021,243,"[3, 1021]","[0, -5, 0, 0, 0, 0, 0, 0]","[2, 3, 5, 7, 11, 13, 17, 19]"
1022/243,4.20576132,1022,243,"[2, 3, 7, 73]","[1, -5, 0, 1, 0, 0, 0, 0]","[2, 3, 5, 7, 11, 13, 17, 19]"
1024/243,4.21399177,1024,243,"[2, 3]","[10, -5, 0, 0, 0, 0, 0, 0]","[2, 3, 5, 7, 11, 13, 17, 19]"
1025/243,4.21810700,1025,243,"[3, 5, 41]","[0, -5, 2, 0, 0, 0, 0, 0]","[2, 3, 5, 7, 11, 13, 17, 19]"
1027/243,4.22633745,1027,243,"[3, 13, 79]","[0, -5, 0, 0, 0, 1, 0, 0]","[2, 3, 5, 7, 11, 13, 17, 19]"
1028/243,4.23045267,1028,243,"[2, 3, 257]","[2, -5, 0, 0, 0, 0, 0, 0]","[2, 3, 5, 7, 11, 13, 17, 19]"
1030/243,4.23868313,1030,243,"[2, 3, 5, 103]","[1, -5, 1, 0, 0, 0, 0, 0]","[2, 3, 5, 7, 11, 13, 17, 19]"
1031/243,4.24279835,1031,243,"[3, 1031]","[0, -5, 0, 0, 0, 0, 0, 0]","[2, 3, 5, 7, 11, 13, 17, 19]"
1033/243,4.25102881,1033,243,"[3, 1033]","[0, -5, 0, 0, 0, 0, 0, 0]","[2, 3, 5, 7, 11, 13, 17, 19]"
1034/243,4.25514403,1034,243,"[2, 3, 11, 47]","[1, -5, 0, 0, 1, 0, 0, 0]","[2, 3, 5, 7, 11, 13, 17, 19]"
1036/243,4.26337449,1036,243,"[2, 3, 7, 37]","[2, -5, 0, 1, 0, 0, 0, 0]","[2, 3, 5, 7, 11, 13, 17, 19]"
1037/243,4.26748971,1037,243,"[3, 17, 61]","[0, -5, 0, 0, 0, 0, 1, 0]","[2, 3, 5, 7, 11, 13, 17, 19]"
1039/243,4.27572016,1039,243,"[3, 1039]","[0, -5, 0, 0, 0, 0, 0, 0]","[2, 3, 5, 7, 11, 13, 17, 19]"
1040/243,4.27983539,1040,243,"[2, 3, 5, 13]","[4, -5, 1, 0, 0, 1, 0, 0]","[2, 3, 5, 7, 11, 13, 17, 19]"
1042/243,4.28806584,1042,243,"[2, 3, 521]","[1, -5, 0, 0, 0, 0, 0, 0]","[2, 3, 5, 7, 11, 13, 17, 19]"
1043/243,4.29218107,1043,243,"[3, 7, 149]","[0, -5, 0, 1, 0, 0, 0, 0]","[2, 3, 5, 7, 11, 13, 17, 19]"
1045/243,4.30041152,1045,243,"[3, 5, 11, 19]","[0, -5, 1, 0, 1, 0, 0, 1]","[2, 3, 5, 7, 11, 13, 17, 19]"
1046/243,4.30452675,1046,243,"[2, 3, 523]","[1, -5, 0, 0, 0, 0, 0, 0]","[2, 3, 5, 7, 11, 13, 17, 19]"
1048/243,4.31275720,1048,243,"[2, 3, 131]","[3, -5, 0, 0, 0, 0, 0, 0]","[2, 3, 5, 7, 11, 13, 17, 19]"
1049/243,4.31687243,1049,243,"[3, 1049]","[0, -5, 0, 0, 0, 0, 0, 0]","[2, 3, 5, 7, 11, 13, 17, 19]"
1051/243,4.32510288,1051,243,"[3, 1051]","[0, -5, 0, 0, 0, 0, 0, 0]","[2, 3, 5, 7, 11, 13, 17, 19]"
1052/243,4.32921811,1052,243,"[2, 3, 263]","[2, -5, 0, 0, 0, 0, 0, 0]","[2, 3, 5, 7, 11, 13, 17, 19]"
1054/243,4.33744856,1054,243,"[2, 3, 17, 31]","[1, -5, 0, 0, 0, 0, 1, 0]","[2, 3, 5, 7, 11, 13, 17, 19]"
1055/243,4.34156379,1055,243,"[3, 5, 211]","[0, -5, 1, 0, 0, 0, 0, 0]","[2, 3, 5, 7, 11, 13, 17, 19]"
1057/243,4.34979424,1057,243,"[3, 7, 151]","[0, -5, 0, 1, 0, 0, 0, 0]","[2, 3, 5, 7, 11, 13, 17, 19]"
1058/243,4.35390947,1058,243,"[2, 3, 23]","[1, -5, 0, 0, 0, 0, 0, 0]","[2, 3, 5, 7, 11, 13, 17, 19]"
1060/243,4.36213992,1060,243,"[2, 3, 5, 53]","[2, -5, 1, 0, 0, 0, 0, 0]","[2, 3, 5, 7, 11, 13, 17, 19]"
1061/243,4.36625514,1061,243,"[3, 1061]","[0, -5, 0, 0, 0, 0, 0, 0]","[2, 3, 5, 7, 11, 13, 17, 19]"
1063/243,4.37448560,1063,243,"[3, 1063]","[0, -5, 0, 0, 0, 0, 0, 0]","[2, 3, 5, 7, 11, 13, 17, 19]"
1064/243,4.37860082,1064,243,"[2, 3, 7, 19]","[3, -5, 0, 1, 0, 0, 0, 1]","[2, 3, 5, 7, 11, 13, 17, 19]"
1066/243,4.38683128,1066,243,"[2, 3, 13, 41]","[1, -5, 0, 0, 0, 1, 0, 0]","[2, 3, 5, 7, 11, 13, 17, 19]"
1067/243,4.39094650,1067,243,"[3, 11, 97]","[0, -5, 0, 0, 1, 0, 0, 0]","[2, 3, 5, 7, 11, 13, 17, 19]"
1069/243,4.39917695,1069,243,"[3, 1069]","[0, -5, 0, 0, 0, 0, 0, 0]","[2, 3, 5, 7, 11, 13, 17, 19]"
1070/243,4.40329218,1070,243,"[2, 3, 5, 107]","[1, -5, 1, 0, 0, 0, 0, 0]","[2, 3, 5, 7, 11, 13, 17, 19]"
1072/243,4.41152263,1072,243,"[2, 3, 67]","[4, -5, 0, 0, 0, 0, 0, 0]","[2, 3, 5, 7, 11, 13, 17, 19]"
1073/243,4.41563786,1073,243,"[3, 29, 37]","[0, -5, 0, 0, 0, 0, 0, 0]","[2, 3, 5, 7, 11, 13, 17, 19]"
1075/243,4.42386831,1075,243,"[3, 5, 43]","[0, -5, 2, 0, 0, 0, 0, 0]","[2, 3, 5, 7, 11, 13, 17, 19]"
1076/243,4.42798354,1076,243,"[2, 3, 269]","[2, -5, 0, 0, 0, 0, 0, 0]","[2, 3, 5, 7, 11, 13, 17, 19]"
1078/243,4.43621399,1078,243,"[2, 3, 7, 11]","[1, -5, 0, 2, 1, 0, 0, 0]","[2, 3, 5, 7, 11, 13, 17, 19]"
1079/243,4.44032922,1079,243,"[3, 13, 83]","[0, -5, 0, 0, 0, 1, 0, 0]","[2, 3, 5, 7, 11, 13, 17, 19]"
1081/243,4.44855967,1081,243,"[3, 23, 47]","[0, -5, 0, 0, 0, 0, 0, 0]","[2, 3, 5, 7, 11, 13, 17, 19]"
1082/243,4.45267490,1082,243,"[2, 3, 541]","[1, -5, 0, 0, 0, 0, 0, 0]","[2, 3, 5, 7, 11, 13, 17, 19]"
1084/243,4.46090535,1084,243,"[2, 3, 271]","[2, -5, 0, 0, 0, 0, 0, 0]","[2, 3, 5, 7, 11, 13, 17, 19]"
1085/243,4.46502058,1085,243,"[3, 5, 7, 31]","[0, -5, 1, 1, 0, 0, 0, 0]","[2, 3, 5, 7, 11, 13, 17, 19]"
1087/243,4.47325103,1087,243,"[3, 1087]","[0, -5, 0, 0, 0, 0, 0, 0]","[2, 3, 5, 7, 11, 13, 17, 19]"
1088/243,4.47736626,1088,243,"[2, 3, 17]","[6, -5, 0, 0, 0, 0, 1, 0]","[2, 3, 5, 7, 11, 13, 17, 19]"
1090/243,4.48559671,1090,243,"[2, 3, 5, 109]","[1, -5, 1, 0, 0, 0, 0, 0]","[2, 3, 5, 7, 11, 13, 17, 19]"
1091/243,4.48971193,1091,243,"[3, 1091]","[0, -5, 0, 0, 0, 0, 0, 0]","[2, 3, 5, 7, 11, 13, 17, 19]"
1093/243,4.49794239,1093,243,"[3, 1093]","[0, -5, 0, 0, 0, 0, 0, 0]","[2, 3, 5, 7, 11, 13, 17, 19]"
1094/243,4.50205761,1094,243,"[2, 3, 547]","[1, -5, 0, 0, 0, 0, 0, 0]","[2, 3, 5, 7, 11, 13, 17, 19]"
1096/243,4.51028807,1096,243,"[2, 3, 137]","[3, -5, 0, 0, 0, 0, 0, 0]","[2, 3, 5, 7, 11, 13, 17, 19]"
1097/243,4.51440329,1097,243,"[3, 1097]","[0, -5, 0, 0, 0, 0, 0, 0]","[2, 3, 5, 7, 11, 13, 17, 19]"
1099/243,4.52263374,1099,243,"[3, 7, 157]","[0, -5, 0, 1, 0, 0, 0, 0]","[2, 3, 5, 7, 11, 13, 17, 19]"
1100/243,4.52674897,1100,243,"[2, 3, 5, 11]","[2, -5, 2, 0, 1, 0, 0, 0]","[2, 3, 5, 7, 11, 13, 17, 19]"
1102/243,4.53497942,1102,243,"[2, 3, 19, 29]","[1, -5, 0, 0, 0, 0, 0, 1]","[2, 3, 5, 7, 11, 13, 17, 19]"
1103/243,4.53909465,1103,243,"[3, 1103]","[0, -5, 0, 0, 0, 0, 0, 0]","[2, 3, 5, 7, 11, 13, 17, 19]"
1105/243,4.54732510,1105,243,"[3, 5, 13, 17]","[0, -5, 1, 0, 0, 1, 1, 0]","[2, 3, 5, 7, 11, 13, 17, 19]"
1106/243,4.55144033,1106,243,"[2, 3, 7, 79]","[1, -5, 0, 1, 0, 0, 0, 0]","[2, 3, 5, 7, 11, 13, 17, 19]"
1108/243,4.55967078,1108,243,"[2, 3, 277]","[2, -5, 0, 0, 0, 0, 0, 0]","[2, 3, 5, 7, 11, 13, 17, 19]"
1109/243,4.56378601,1109,243,"[3, 1109]","[0, -5, 0, 0, 0, 0, 0, 0]","[2, 3, 5, 7, 11, 13, 17, 19]"
1111/243,4.57201646,1111,243,"[3, 11, 101]","[0, -5, 0, 0, 1, 0, 0, 0]","[2, 3, 5, 7, 11, 13, 17, 19]"
1112/243,4.57613169,1112,243,"[2, 3, 139]","[3, -5, 0, 0, 0, 0, 0, 0]","[2, 3, 5, 7, 11, 13, 17, 19]"
1114/243,4.58436214,1114,243,"[2, 3, 557]","[1, -5, 0, 0, 0, 0, 0, 0]","[2, 3, 5, 7, 11, 13, 17, 19]"
1115/243,4.58847737,1115,243,"[3, 5, 223]","[0, -5, 1, 0, 0, 0, 0, 0]","[2, 3, 5, 7, 11, 13, 17, 19]"
1117/243,4.59670782,1117,243,"[3, 1117]","[0, -5, 0, 0, 0, 0, 0, 0]","[2, 3, 5, 7, 11, 13, 17, 19]"
1118/243,4.60082305,1118,243,"[2, 3, 13, 43]","[1, -5, 0, 0, 0, 1, 0, 0]","[2, 3, 5, 7, 11, 13, 17, 19]"
1120/243,4.60905350,1120,243,"[2, 3, 5, 7]","[5, -5, 1, 1, 0, 0, 0, 0]","[2, 3, 5, 7, 11, 13, 17, 19]"
1121/243,4.61316872,1121,243,"[3, 19, 59]","[0, -5, 0, 0, 0, 0, 0, 1]","[2, 3, 5, 7, 11, 13, 17, 19]"
1123/243,4.62139918,1123,243,"[3, 1123]","[0, -5, 0, 0, 0, 0, 0, 0]","[2, 3, 5, 7, 11, 13, 17, 19]"
1124/243,4.62551440,1124,243,"[2, 3, 281]","[2, -5, 0, 0, 0, 0, 0, 0]","[2, 3, 5, 7, 11, 13, 17, 19]"
1126/243,4.63374486,1126,243,"[2, 3, 563]","[1, -5, 0, 0, 0, 0, 0, 0]","[2, 3, 5, 7, 11, 13, 17, 19]"
1127/243,4.63786008,1127,243,"[3, 7, 23]","[0, -5, 0, 2, 0, 0, 0, 0]","[2, 3, 5, 7, 11, 13, 17, 19]"
1129/243,4.64609053,1129,243,"[3, 1129]","[0, -5, 0, 0, 0, 0, 0, 0]","[2, 3, 5, 7, 11, 13, 17, 19]"
1130/243,4.65020576,1130,243,"[2, 3, 5, 113]","[1, -5, 1, 0, 0, 0, 0, 0]","[2, 3, 5, 7, 11, 13, 17, 19]"
1132/243,4.65843621,1132,243,"[2, 3, 283]","[2, -5, 0, 0, 0, 0, 0, 0]","[2, 3, 5, 7, 11, 13, 17, 19]"
1133/243,4.66255144,1133,243,"[3, 11, 103]","[0, -5, 0, 0, 1, 0, 0, 0]","[2, 3, 5, 7, 11, 13, 17, 19]"
1135/243,4.67078189,1135,243,"[3, 5, 227]","[0, -5, 1, 0, 0, 0, 0, 0]","[2, 3, 5, 7, 11, 13, 17, 19]"
1136/243,4.67489712,1136,243,"[2, 3, 71]","[4, -5, 0, 0, 0, 0, 0, 0]","[2, 3, 5, 7, 11, 13, 17, 19]"
1138/243,4.68312757,1138,243,"[2, 3, 569]","[1, -5, 0, 0, 0, 0, 0, 0]","[2, 3, 5, 7, 11, 13, 17, 19]"
1139/243,4.68724280,1139,243,"[3, 17, 67]","[0, -5, 0, 0, 0, 0, 1, 0]","[2, 3, 5, 7, 11, 13, 17, 19]"
1141/243,4.69547325,1141,243,"[3, 7, 163]","[0, -5, 0, 1, 0, 0, 0, 0]","[2, 3, 5, 7, 11, 13, 17, 19]"
1142/243,4.69958848,1142,243,"[2, 3, 571]","[1, -5, 0, 0, 0, 0, 0, 0]","[2, 3, 5, 7, 11, 13, 17, 19]"
1144/243,4.70781893,1144,243,"[2, 3, 11, 13]","[3, -5, 0, 0, 1, 1, 0, 0]","[2, 3, 5, 7, 11, 13, 17, 19]"
1145/243,4.71193416,1145,243,"[3, 5, 229]","[0, -5, 1, 0, 0, 0, 0, 0]","[2, 3, 5, 7, 11, 13, 17, 19]"
1147/243,4.72016461,1147,243,"[3, 31, 37]","[0, -5, 0, 0, 0, 0, 0, 0]","[2, 3, 5, 7, 11, 13, 17, 19]"
1148/243,4.72427984,1148,243,"[2, 3, 7, 41]","[2, -5, 0, 1, 0, 0, 0, 0]","[2, 3, 5, 7, 11, 13, 17, 19]"
1150/243,4.73251029,1150,243,"[2, 3, 5, 23]","[1, -5, 2, 0, 0, 0, 0, 0]","[2, 3, 5, 7, 11, 13, 17, 19]"
1151/243,4.73662551,1151,243,"[3, 1151]","[0, -5, 0, 0, 0, 0, 0, 0]","[2, 3, 5, 7, 11, 13, 17, 19]"
1153/243,4.74485597,1153,243,"[3, 1153]","[0, -5, 0, 0, 0, 0, 0, 0]","[2, 3, 5, 7, 11, 13, 17, 19]"
1154/243,4.74897119,1154,243,"[2, 3, 577]","[1, -5, 0, 0, 0, 0, 0, 0]","[2, 3, 5, 7, 11, 13, 17, 19]"
1156/243,4.75720165,1156,243,"[2, 3, 17]","[2, -5, 0, 0, 0, 0, 2, 0]","[2, 3, 5, 7, 11, 13, 17, 19]"
1157/243,4.76131687,1157,243,"[3, 13, 89]","[0, -5, 0, 0, 0, 1, 0, 0]","[2, 3, 5, 7, 11, 13, 17, 19]"
1159/243,4.76954733,1159,243,"[3, 19, 61]","[0, -5, 0, 0, 0, 0, 0, 1]","[2, 3, 5, 7, 11, 13, 17, 19]"
1160/243,4.77366255,1160,243,"[2, 3, 5, 29]","[3, -5, 1, 0, 0, 0, 0, 0]","[2, 3, 5, 7, 11, 13, 17, 19]"
1162/243,4.78189300,1162,243,"[2, 3, 7, 83]","[1, -5, 0, 1, 0, 0, 0, 0]","[2, 3, 5, 7, 11, 13, 17, 19]"
1163/243,4.78600823,1163,243,"[3, 1163]","[0, -5, 0, 0, 0, 0, 0, 0]","[2, 3, 5, 7, 11, 13, 17, 19]"
1165/243,4.79423868,1165,243,"[3, 5, 233]","[0, -5, 1, 0, 0, 0, 0, 0]","[2, 3, 5, 7, 11, 13, 17, 19]"
1166/243,4.79835391,1166,243,"[2, 3, 11, 53]","[1, -5, 0, 0, 1, 0, 0, 0]","[2, 3, 5, 7, 11, 13, 17, 19]"
1168/243,4.80658436,1168,243,"[2, 3, 73]","[4, -5, 0, 0, 0, 0, 0, 0]","[2, 3, 5, 7, 11, 13, 17, 19]"
1169/243,4.81069959,1169,243,"[3, 7, 167]","[0, -5, 0, 1, 0, 0, 0, 0]","[2, 3, 5, 7, 11, 13, 17, 19]"
1171/243,4.81893004,1171,243,"[3, 1171]","[0, -5, 0, 0, 0, 0, 0, 0]","[2, 3, 5, 7, 11, 13, 17, 19]"
1172/243,4.82304527,1172,243,"[2, 3, 293]","[2, -5, 0, 0, 0, 0, 0, 0]","[2, 3, 5, 7, 11, 13, 17, 19]"
1174/243,4.83127572,1174,243,"[2, 3, 587]","[1, -5, 0, 0, 0, 0, 0, 0]","[2, 3, 5, 7, 11, 13, 17, 19]"
1175/243,4.83539095,1175,243,"[3, 5, 47]","[0, -5, 2, 0, 0, 0, 0, 0]","[2, 3, 5, 7, 11, 13, 17, 19]"
1177/243,4.84362140,1177,243,"[3, 11, 107]","[0, -5, 0, 0, 1, 0, 0, 0]","[2, 3, 5, 7, 11, 13, 17, 19]"
1178/243,4.84773663,1178,243,"[2, 3, 19, 31]","[1, -5, 0, 0, 0, 0, 0, 1]","[2, 3, 5, 7, 11, 13, 17, 19]"
1180/243,4.85596708,1180,243,"[2, 3, 5, 59]","[2, -5, 1, 0, 0, 0, 0, 0]","[2, 3, 5, 7, 11, 13, 17, 19]"
1181/243,4.86008230,1181,243,"[3, 1181]","[0, -5, 0, 0, 0, 0, 0, 0]","[2, 3, 5, 7, 11, 13, 17, 19]"
1183/243,4.86831276,1183,243,"[3, 7, 13]","[0, -5, 0, 1, 0, 2, 0, 0]","[2, 3, 5, 7, 11, 13, 17, 19]"
1184/243,4.87242798,1184,243,"[2, 3, 37]","[5, -5, 0, 0, 0, 0, 0, 0]","[2, 3, 5, 7, 11, 13, 17, 19]"
1186/243,4.88065844,1186,243,"[2, 3, 593]","[1, -5, 0, 0, 0, 0, 0, 0]","[2, 3, 5, 7, 11, 13, 17, 19]"
1187/243,4.88477366,1187,243,"[3, 1187]","[0, -5, 0, 0, 0, 0, 0, 0]","[2, 3, 5, 7, 11, 13, 17, 19]"
1189/243,4.89300412,1189,243,"[3, 29, 41]","[0, -5, 0, 0, 0, 0, 0, 0]","[2, 3, 5, 7, 11, 13, 17, 19]"
1190/243,4.89711934,1190,243,"[2, 3, 5, 7, 17]","[1, -5, 1, 1, 0, 0, 1, 0]","[2, 3, 5, 7, 11, 13, 17, 19]"
1192/243,4.90534979,1192,243,"[2, 3, 149]","[3, -5, 0, 0, 0, 0, 0, 0]","[2, 3, 5, 7, 11, 13, 17, 19]"
1193/243,4.90946502,1193,243,"[3, 1193]","[0, -5, 0, 0, 0, 0, 0, 0]","[2, 3, 5, 7, 11, 13, 17, 19]"
1195/243,4.91769547,1195,243,"[3, 5, 239]","[0, -5, 1, 0, 0, 0, 0, 0]","[2, 3, 5, 7, 11, 13, 17, 19]"
1196/243,4.92181070,1196,243,"[2, 3, 13, 23]","[2, -5, 0, 0, 0, 1, 0, 0]","[2, 3, 5, 7, 11, 13, 17, 19]"
1198/243,4.93004115,1198,243,"[2, 3, 599]","[1, -5, 0, 0, 0, 0, 0, 0]","[2, 3, 5, 7, 11, 13, 17, 19]"
1199/243,4.93415638,1199,243,"[3, 11, 109]","[0, -5, 0, 0, 1, 0, 0, 0]","[2, 3, 5, 7, 11, 13, 17, 19]"
1201/243,4.94238683,1201,243,"[3, 1201]","[0, -5, 0, 0, 0, 0, 0, 0]","[2, 3, 5, 7, 11, 13, 17, 19]"
1202/243,4.94650206,1202,243,"[2, 3, 601]","[1, -5, 0, 0, 0, 0, 0, 0]","[2, 3, 5, 7, 11, 13, 17, 19]"
1204/243,4.95473251,1204,243,"[2, 3, 7, 43]","[2, -5, 0, 1, 0, 0, 0, 0]","[2, 3, 5, 7, 11, 13, 17, 19]"
1205/243,4.95884774,1205,243,"[3, 5, 241]","[0, -5, 1, 0, 0, 0, 0, 0]","[2, 3, 5, 7, 11, 13, 17, 19]"
1207/243,4.96707819,1207,243,"[3, 17, 71]","[0, -5, 0, 0, 0, 0, 1, 0]","[2, 3, 5, 7, 11, 13, 17, 19]"
1208/243,4.97119342,1208,243,"[2, 3, 151]","[3, -5, 0, 0, 0, 0, 0, 0]","[2, 3, 5, 7, 11, 13, 17, 19]"
1210/243,4.97942387,1210,243,"[2, 3, 5, 11]","[1, -5, 1, 0, 2, 0, 0, 0]","[2, 3, 5, 7, 11, 13, 17, 19]"
1211/243,4.98353909,1211,243,"[3, 7, 173]","[0, -5, 0, 1, 0, 0, 0, 0]","[2, 3, 5, 7, 11, 13, 17, 19]"
1213/243,4.99176955,1213,243,"[3, 1213]","[0, -5, 0, 0, 0, 0, 0, 0]","[2, 3, 5, 7, 11, 13, 17, 19]"
1214/243,4.99588477,1214,243,"[2, 3, 607]","[1, -5, 0, 0, 0, 0, 0, 0]","[2, 3, 5, 7, 11, 13, 17, 19]"
1216/243,5.00411523,1216,243,"[2, 3, 19]","[6, -5, 0, 0, 0, 0, 0, 1]","[2, 3, 5, 7, 11, 13, 17, 19]"
1217/243,5.00823045,1217,243,"[3, 1217]","[0, -5, 0, 0, 0, 0, 0, 0]","[2, 3, 5, 7, 11, 13, 17, 19]"
1219/243,5.01646091,1219,243,"[3, 23, 53]","[0, -5, 0, 0, 0, 0, 0, 0]","[2, 3, 5, 7, 11, 13, 17, 19]"
1220/243,5.02057613,1220,243,"[2, 3, 5, 61]","[2, -5, 1, 0, 0, 0, 0, 0]","[2, 3, 5, 7, 11, 13, 17, 19]"
1222/243,5.02880658,1222,243,"[2, 3, 13, 47]","[1, -5, 0, 0, 0, 1, 0, 0]","[2, 3, 5, 7, 11, 13, 17, 19]"
1223/243,5.03292181,1223,243,"[3, 1223]","[0, -5, 0, 0, 0, 0, 0, 0]","[2, 3, 5, 7, 11, 13, 17, 19]"
1225/243,5.04115226,1225,243,"[3, 5, 7]","[0, -5, 2, 2, 0, 0, 0, 0]","[2, 3, 5, 7, 11, 13, 17, 19]"
1226/243,5.04526749,1226,243,"[2, 3, 613]","[1, -5, 0, 0, 0, 0, 0, 0]","[2, 3, 5, 7, 11, 13, 17, 19]"
1228/243,5.05349794,1228,243,"[2, 3, 307]","[2, -5, 0, 0, 0, 0, 0, 0]","[2, 3, 5, 7, 11, 13, 17, 19]"
1229/243,5.05761317,1229,243,"[3, 1229]","[0, -5, 0, 0, 0, 0, 0, 0]","[2, 3, 5, 7, 11, 13, 17, 19]"
1231/243,5.06584362,1231,243,"[3, 1231]","[0, -5, 0, 0, 0, 0, 0, 0]","[2, 3, 5, 7, 11, 13, 17, 19]"
1232/243,5.06995885,1232,243,"[2, 3, 7, 11]","[4, -5, 0, 1, 1, 0, 0, 0]","[2, 3, 5, 7, 11, 13, 17, 19]"
1234/243,5.07818930,1234,243,"[2, 3, 617]","[1, -5, 0, 0, 0, 0, 0, 0]","[2, 3, 5, 7, 11, 13, 17, 19]"
1235/243,5.08230453,1235,243,"[3, 5, 13, 19]","[0, -5, 1, 0, 0, 1, 0, 1]","[2, 3, 5, 7, 11, 13, 17, 19]"
1237/243,5.09053498,1237,243,"[3, 1237]","[0, -5, 0, 0, 0, 0, 0, 0]","[2, 3, 5, 7, 11, 13, 17, 19]"
1238/243,5.09465021,1238,243,"[2, 3, 619]","[1, -5, 0, 0, 0, 0, 0, 0]","[2, 3, 5, 7, 11, 13, 17, 19]"
1240/243,5.10288066,1240,243,"[2, 3, 5, 31]","[3, -5, 1, 0, 0, 0, 0, 0]","[2, 3, 5, 7, 11, 13, 17, 19]"
1241/243,5.10699588,1241,243,"[3, 17, 73]","[0, -5, 0, 0, 0, 0, 1, 0]","[2, 3, 5, 7, 11, 13, 17, 19]"
1243/243,5.11522634,1243,243,"[3, 11, 113]","[0, -5, 0, 0, 1, 0, 0, 0]","[2, 3, 5, 7, 11, 13, 17, 19]"
1244/243,5.11934156,1244,243,"[2, 3, 311]","[2, -5, 0, 0, 0, 0, 0, 0]","[2, 3, 5, 7, 11, 13, 17, 19]"
1246/243,5.12757202,1246,243,"[2, 3, 7, 89]","[1, -5, 0, 1, 0, 0, 0, 0]","[2, 3, 5, 7, 11, 13, 17, 19]"
1247/243,5.13168724,1247,243,"[3, 29, 43]","[0, -5, 0, 0, 0, 0, 0, 0]","[2, 3, 5, 7, 11, 13, 17, 19]"
1249/243,5.13991770,1249,243,"[3, 1249]","[0, -5, 0, 0, 0, 0, 0, 0]","[2, 3, 5, 7, 11, 13, 17, 19]"
1250/243,5.14403292,1250,243,"[2, 3, 5]","[1, -5, 4, 0, 0, 0, 0, 0]","[2, 3, 5, 7, 11, 13, 17, 19]"
1252/243,5.15226337,1252,243,"[2, 3, 313]","[2, -5, 0, 0, 0, 0, 0, 0]","[2, 3, 5, 7, 11, 13, 17, 19]"
1253/243,5.15637860,1253,243,"[3, 7, 179]","[0, -5, 0, 1, 0, 0, 0, 0]","[2, 3, 5, 7, 11, 13, 17, 19]"
1255/243,5.16460905,1255,243,"[3, 5, 251]","[0, -5, 1, 0, 0, 0, 0, 0]","[2, 3, 5, 7, 11, 13, 17, 19]"
1256/243,5.16872428,1256,243,"[2, 3, 157]","[3, -5, 0, 0, 0, 0, 0, 0]","[2, 3, 5, 7, 11, 13, 17, 19]"
1258/243,5.17695473,1258,243,"[2, 3, 17, 37]","[1, -5, 0, 0, 0, 0, 1, 0]","[2, 3, 5, 7, 11, 13, 17, 19]"
1259/243,5.18106996,1259,243,"[3, 1259]","[0, -5, 0, 0, 0, 0, 0, 0]","[2, 3, 5, 7, 11, 13, 17, 19]"
1261/243,5.18930041,1261,243,"[3, 13, 97]","[0, -5, 0, 0, 0, 1, 0, 0]","[2, 3, 5, 7, 11, 13, 17, 19]"
1262/243,5.19341564,1262,243,"[2, 3, 631]","[1, -5, 0, 0, 0, 0, 0, 0]","[2, 3, 5, 7, 11, 13, 17, 19]"
1264/243,5.20164609,1264,243,"[2, 3, 79]","[4, -5, 0, 0, 0, 0, 0, 0]","[2, 3, 5, 7, 11, 13, 17, 19]"
1265/243,5.20576132,1265,243,"[3, 5, 11, 23]","[0, -5, 1, 0, 1, 0, 0, 0]","[2, 3, 5, 7, 11, 13, 17, 19]"
1267/243,5.21399177,1267,243,"[3, 7, 181]","[0, -5, 0, 1, 0, 0, 0, 0]","[2, 3, 5, 7, 11, 13, 17, 19]"
1268/243,5.21810700,1268,243,"[2, 3, 317]","[2, -5, 0, 0, 0, 0, 0, 0]","[2, 3, 5, 7, 11, 13, 17, 19]"
1270/243,5.22633745,1270,243,"[2, 3, 5, 127]","[1, -5, 1, 0, 0, 0, 0, 0]","[2, 3, 5, 7, 11, 13, 17, 19]"
1271/243,5.23045267,1271,243,"[3, 31, 41]","[0, -5, 0, 0, 0, 0, 0, 0]","[2, 3, 5, 7, 11, 13, 17, 19]"
1273/243,5.23868313,1273,243,"[3, 19, 67]","[0, -5, 0, 0, 0, 0, 0, 1]","[2, 3, 5, 7, 11, 13, 17, 19]"
1274/243,5.24279835,1274,243,"[2, 3, 7, 13]","[1, -5, 0, 2, 0, 1, 0, 0]","[2, 3, 5, 7, 11, 13, 17, 19]"
1276/243,5.25102881,1276,243,"[2, 3, 11, 29]","[2, -5, 0, 0, 1, 0, 0, 0]","[2, 3, 5, 7, 11, 13, 17, 19]"
1277/243,5.25514403,1277,243,"[3, 1277]","[0, -5, 0, 0, 0, 0, 0, 0]","[2, 3, 5, 7, 11, 13, 17, 19]"
1279/243,5.26337449,1279,243,"[3, 1279]","[0, -5, 0, 0, 0, 0, 0, 0]","[2, 3, 5, 7, 11, 13, 17, 19]"
1280/243,5.26748971,1280,243,"[2, 3, 5]","[8, -5, 1, 0, 0, 0, 0, 0]","[2, 3, 5, 7, 11, 13, 17, 19]"
1282/243,5.27572016,1282,243,"[2, 3, 641]","[1, -5, 0, 0, 0, 0, 0, 0]","[2, 3, 5, 7, 11, 13, 17, 19]"
1283/243,5.27983539,1283,243,"[3, 1283]","[0, -5, 0, 0, 0, 0, 0, 0]","[2, 3, 5, 7, 11, 13, 17, 19]"
1285/243,5.28806584,1285,243,"[3, 5, 257]","[0, -5, 1, 0, 0, 0, 0, 0]","[2, 3, 5, 7, 11, 13, 17, 19]"
1286/243,5.29218107,1286,243,"[2, 3, 643]","[1, -5, 0, 0, 0, 0, 0, 0]","[2, 3, 5, 7, 11, 13, 17, 19]"
1288/243,5.30041152,1288,243,"[2, 3, 7, 23]","[3, -5, 0, 1, 0, 0, 0, 0]","[2, 3, 5, 7, 11, 13, 17, 19]"
1289/243,5.30452675,1289,243,"[3, 1289]","[0, -5, 0, 0, 0, 0, 0, 0]","[2, 3, 5, 7, 11, 13, 17, 19]"
1291/243,5.31275720,1291,243,"[3, 1291]","[0, -5, 0, 0, 0, 0, 0, 0]","[2, 3, 5, 7, 11, 13, 17, 19]"
1292/243,5.31687243,1292,243,"[2, 3, 17, 19]","[2, -5, 0, 0, 0, 0, 1, 1]","[2, 3, 5, 7, 11, 13, 17, 19]"
1294/243,5.32510288,1294,243,"[2, 3, 647]","[1, -5, 0, 0, 0, 0, 0, 0]","[2, 3, 5, 7, 11, 13, 17, 19]"
1295/243,5.32921811,1295,243,"[3, 5, 7, 37]","[0, -5, 1, 1, 0, 0, 0, 0]","[2, 3, 5, 7, 11, 13, 17, 19]"
1297/243,5.33744856,1297,243,"[3, 1297]","[0, -5, 0, 0, 0, 0, 0, 0]","[2, 3, 5, 7, 11, 13, 17, 19]"
1298/243,5.34156379,1298,243,"[2, 3, 11, 59]","[1, -5, 0, 0, 1, 0, 0, 0]","[2, 3, 5, 7, 11, 13, 17, 19]"
1300/243,5.34979424,1300,243,"[2, 3, 5, 13]","[2, -5, 2, 0, 0, 1, 0, 0]","[2, 3, 5, 7, 11, 13, 17, 19]"
1301/243,5.35390947,1301,243,"[3, 1301]","[0, -5, 0, 0, 0, 0, 0, 0]","[2, 3, 5, 7, 11, 13, 17, 19]"
1303/243,5.36213992,1303,243,"[3, 1303]","[0, -5, 0, 0, 0, 0, 0, 0]","[2, 3, 5, 7, 11, 13, 17, 19]"
1304/243,5.36625514,1304,243,"[2, 3, 163]","[3, -5, 0, 0, 0, 0, 0, 0]","[2, 3, 5, 7, 11, 13, 17, 19]"
1306/243,5.37448560,1306,243,"[2, 3, 653]","[1, -5, 0, 0, 0, 0, 0, 0]","[2, 3, 5, 7, 11, 13, 17, 19]"
1307/243,5.37860082,1307,243,"[3, 1307]","[0, -5, 0, 0, 0, 0, 0, 0]","[2, 3, 5, 7, 11, 13, 17, 19]"
1309/243,5.38683128,1309,243,"[3, 7, 11, 17]","[0, -5, 0, 1, 1, 0, 1, 0]","[2, 3, 5, 7, 11, 13, 17, 19]"
1310/243,5.39094650,1310,243,"[2, 3, 5, 131]","[1, -5, 1, 0, 0, 0, 0, 0]","[2, 3, 5, 7, 11, 13, 17, 19]"
1312/243,5.39917695,1312,243,"[2, 3, 41]","[5, -5, 0, 0, 0, 0, 0, 0]","[2, 3, 5, 7, 11, 13, 17, 19]"
1313/243,5.40329218,1313,243,"[3, 13, 101]","[0, -5, 0, 0, 0, 1, 0, 0]","[2, 3, 5, 7, 11, 13, 17, 19]"
1315/243,5.41152263,1315,243,"[3, 5, 263]","[0, -5, 1, 0, 0, 0, 0, 0]","[2, 3, 5, 7, 11, 13, 17, 19]"
1316/243,5.41563786,1316,243,"[2, 3, 7, 47]","[2, -5, 0, 1, 0, 0, 0, 0]","[2, 3, 5, 7, 11, 13, 17, 19]"
1318/243,5.42386831,1318,243,"[2, 3, 659]","[1, -5, 0, 0, 0, 0, 0, 0]","[2, 3, 5, 7, 11, 13, 17, 19]"
1319/243,5.42798354,1319,243,"[3, 1319]","[0, -5, 0, 0, 0, 0, 0, 0]","[2, 3, 5, 7, 11, 13, 17, 19]"
1321/243,5.43621399,1321,243,"[3, 1321]","[0, -5, 0, 0, 0, 0, 0, 0]","[2, 3, 5, 7, 11, 13, 17, 19]"
1322/243,5.44032922,1322,243,"[2, 3, 661]","[1, -5, 0, 0, 0, 0, 0, 0]","[2, 3, 5, 7, 11, 13, 17, 19]"
1324/243,5.44855967,1324,243,"[2, 3, 331]","[2, -5, 0, 0, 0, 0, 0, 0]","[2, 3, 5, 7, 11, 13, 17, 19]"
1325/243,5.45267490,1325,243,"[3, 5, 53]","[0, -5, 2, 0, 0, 0, 0, 0]","[2, 3, 5, 7, 11, 13, 17, 19]"
1327/243,5.46090535,1327,243,"[3, 1327]","[0, -5, 0, 0, 0, 0, 0, 0]","[2, 3, 5, 7, 11, 13, 17, 19]"
1328/243,5.46502058,1328,243,"[2, 3, 83]","[4, -5, 0, 0, 0, 0, 0, 0]","[2, 3, 5, 7, 11, 13, 17, 19]"
1330/243,5.47325103,1330,243,"[2, 3, 5, 7, 19]","[1, -5, 1, 1, 0, 0, 0, 1]","[2, 3, 5, 7, 11, 13, 17, 19]"
1331/243,5.47736626,1331,243,"[3, 11]","[0, -5, 0, 0, 3, 0, 0, 0]","[2, 3, 5, 7, 11, 13, 17, 19]"
1333/243,5.48559671,1333,243,"[3, 31, 43]","[0, -5, 0, 0, 0, 0, 0, 0]","[2, 3, 5, 7, 11, 13, 17, 19]"
1334/243,5.48971193,1334,243,"[2, 3, 23, 29]","[1, -5, 0, 0, 0, 0, 0, 0]","[2, 3, 5, 7, 11, 13, 17, 19]"
1336/243,5.49794239,1336,243,"[2, 3, 167]","[3, -5, 0, 0, 0, 0, 0, 0]","[2, 3, 5, 7, 11, 13, 17, 19]"
1337/243,5.50205761,1337,243,"[3, 7, 191]","[0, -5, 0, 1, 0, 0, 0, 0]","[2, 3, 5, 7, 11, 13, 17, 19]"
1339/243,5.51028807,1339,243,"[3, 13, 103]","[0, -5, 0, 0, 0, 1, 0, 0]","[2, 3, 5, 7, 11, 13, 17, 19]"
1340/243,5.51440329,1340,243,"[2, 3, 5, 67]","[2, -5, 1, 0, 0, 0, 0, 0]","[2, 3, 5, 7, 11, 13, 17, 19]"
1342/243,5.52263374,1342,243,"[2, 3, 11, 61]","[1, -5, 0, 0, 1, 0, 0, 0]","[2, 3, 5, 7, 11, 13, 17, 19]"
1343/243,5.52674897,1343,243,"[3, 17, 79]","[0, -5, 0, 0, 0, 0, 1, 0]","[2, 3, 5, 7, 11, 13, 17, 19]"
1345/243,5.53497942,1345,243,"[3, 5, 269]","[0, -5, 1, 0, 0, 0, 0, 0]","[2, 3, 5, 7, 11, 13, 17, 19]"
1346/243,5.53909465,1346,243,"[2, 3, 673]","[1, -5, 0, 0, 0, 0, 0, 0]","[2, 3, 5, 7, 11, 13, 17, 19]"
1348/243,5.54732510,1348,243,"[2, 3, 337]","[2, -5, 0, 0, 0, 0, 0, 0]","[2, 3, 5, 7, 11, 13, 17, 19]"
1349/243,5.55144033,1349,243,"[3, 19, 71]","[0, -5, 0, 0, 0, 0, 0, 1]","[2, 3, 5, 7, 11, 13, 17, 19]"
1351/243,5.55967078,1351,243,"[3, 7, 193]","[0, -5, 0, 1, 0, 0, 0, 0]","[2, 3, 5, 7, 11, 13, 17, 19]"
1352/243,5.56378601,1352,243,"[2, 3, 13]","[3, -5, 0, 0, 0, 2, 0, 0]","[2, 3, 5, 7, 11, 13, 17, 19]"
1354/243,5.57201646,1354,243,"[2, 3, 677]","[1, -5, 0, 0, 0, 0, 0, 0]","[2, 3, 5, 7, 11, 13, 17, 19]"
1355/243,5.57613169,1355,243,"[3, 5, 271]","[0, -5, 1, 0, 0, 0, 0, 0]","[2, 3, 5, 7, 11, 13, 17, 19]"
1357/243,5.58436214,1357,243,"[3, 23, 59]","[0, -5, 0, 0, 0, 0, 0, 0]","[2, 3, 5, 7, 11, 13, 17, 19]"
1358/243,5.58847737,1358,243,"[2, 3, 7, 97]","[1, -5, 0, 1, 0, 0, 0, 0]","[2, 3, 5, 7, 11, 13, 17, 19]"
1360/243,5.59670782,1360,243,"[2, 3, 5, 17]","[4, -5, 1, 0, 0, 0, 1, 0]","[2, 3, 5, 7, 11, 13, 17, 19]"
1361/243,5.60082305,1361,243,"[3, 1361]","[0, -5, 0, 0, 0, 0, 0, 0]","[2, 3, 5, 7, 11, 13, 17, 19]"
1363/243,5.60905350,1363,243,"[3, 29, 47]","[0, -5, 0, 0, 0, 0, 0, 0]","[2, 3, 5, 7, 11, 13, 17, 19]"
1364/243,5.61316872,1364,243,"[2, 3, 11, 31]","[2, -5, 0, 0, 1, 0, 0, 0]","[2, 3, 5, 7, 11, 13, 17, 19]"
1366/243,5.62139918,1366,243,"[2, 3, 683]","[1, -5, 0, 0, 0, 0, 0, 0]","[2, 3, 5, 7, 11, 13, 17, 19]"
1367/243,5.62551440,1367,243,"[3, 1367]","[0, -5, 0, 0, 0, 0, 0, 0]","[2, 3, 5, 7, 11, 13, 17, 19]"
1369/243,5.63374486,1369,243,"[3, 37]","[0, -5, 0, 0, 0, 0, 0, 0]","[2, 3, 5, 7, 11, 13, 17, 19]"
1370/243,5.63786008,1370,243,"[2, 3, 5, 137]","[1, -5, 1, 0, 0, 0, 0, 0]","[2, 3, 5, 7, 11, 13, 17, 19]"
1372/243,5.64609053,1372,243,"[2, 3, 7]","[2, -5, 0, 3, 0, 0, 0, 0]","[2, 3, 5, 7, 11, 13, 17, 19]"
1373/243,5.65020576,1373,243,"[3, 1373]","[0, -5, 0, 0, 0, 0, 0, 0]","[2, 3, 5, 7, 11, 13, 17, 19]"
1375/243,5.65843621,1375,243,"[3, 5, 11]","[0, -5, 3, 0, 1, 0, 0, 0]","[2, 3, 5, 7, 11, 13, 17, 19]"
1376/243,5.66255144,1376,243,"[2, 3, 43]","[5, -5, 0, 0, 0, 0, 0, 0]","[2, 3, 5, 7, 11, 13, 17, 19]"
1378/243,5.67078189,1378,243,"[2, 3, 13, 53]","[1, -5, 0, 0, 0, 1, 0, 0]","[2, 3, 5, 7, 11, 13, 17, 19]"
1379/243,5.67489712,1379,243,"[3, 7, 197]","[0, -5, 0, 1, 0, 0, 0, 0]","[2, 3, 5, 7, 11, 13, 17, 19]"
1381/243,5.68312757,1381,243,"[3, 1381]","[0, -5, 0, 0, 0, 0, 0, 0]","[2, 3, 5, 7, 11, 13, 17, 19]"
1382/243,5.68724280,1382,243,"[2, 3, 691]","[1, -5, 0, 0, 0, 0, 0, 0]","[2, 3, 5, 7, 11, 13, 17, 19]"
1384/243,5.69547325,1384,243,"[2, 3, 173]","[3, -5, 0, 0, 0, 0, 0, 0]","[2, 3, 5, 7, 11, 13, 17, 19]"
1385/243,5.69958848,1385,243,"[3, 5, 277]","[0, -5, 1, 0, 0, 0, 0, 0]","[2, 3, 5, 7, 11, 13, 17, 19]"
1387/243,5.70781893,1387,243,"[3, 19, 73]","[0, -5, 0, 0, 0, 0, 0, 1]","[2, 3, 5, 7, 11, 13, 17, 19]"
1388/243,5.71193416,1388,243,"[2, 3, 347]","[2, -5, 0, 0, 0, 0, 0, 0]","[2, 3, 5, 7, 11, 13, 17, 19]"
1390/243,5.72016461,1390,243,"[2, 3, 5, 139]","[1, -5, 1, 0, 0, 0, 0, 0]","[2, 3, 5, 7, 11, 13, 17, 19]"
1391/243,5.72427984,1391,243,"[3, 13, 107]","[0, -5, 0, 0, 0, 1, 0, 0]","[2, 3, 5, 7, 11, 13, 17, 19]"
1393/243,5.73251029,1393,243,"[3, 7, 199]","[0, -5, 0, 1, 0, 0, 0, 0]","[2, 3, 5, 7, 11, 13, 17, 19]"
1396/243,5.74485597,1396,243,"[2, 3, 349]","[2, -5, 0, 0, 0, 0, 0, 0]","[2, 3, 5, 7, 11, 13, 17, 19]"
1397/243,5.74897119,1397,243,"[3, 11, 127]","[0, -5, 0, 0, 1, 0, 0, 0]","[2, 3, 5, 7, 11, 13, 17, 19]"
1399/243,5.75720165,1399,243,"[3, 1399]","[0, -5, 0, 0, 0, 0, 0, 0]","[2, 3, 5, 7, 11, 13, 17, 19]"
1400/243,5.76131687,1400,243,"[2, 3, 5, 7]","[3, -5, 2, 1, 0, 0, 0, 0]","[2, 3, 5, 7, 11, 13, 17, 19]"
1402/243,5.76954733,1402,243,"[2, 3, 701]","[1, -5, 0, 0, 0, 0, 0, 0]","[2, 3, 5, 7, 11, 13, 17, 19]"
1403/243,5.77366255,1403,243,"[3, 23, 61]","[0, -5, 0, 0, 0, 0, 0, 0]","[2, 3, 5, 7, 11, 13, 17, 19]"
1405/243,5.78189300,1405,243,"[3, 5, 281]","[0, -5, 1, 0, 0, 0, 0, 0]","[2, 3, 5, 7, 11, 13, 17, 19]"
1406/243,5.78600823,1406,243,"[2, 3, 19, 37]","[1, -5, 0, 0, 0, 0, 0, 1]","[2, 3, 5, 7, 11, 13, 17, 19]"
1408/243,5.79423868,1408,243,"[2, 3, 11]","[7, -5, 0, 0, 1, 0, 0, 0]","[2, 3, 5, 7, 11, 13, 17, 19]"
1409/243,5.79835391,1409,243,"[3, 1409]","[0, -5, 0, 0, 0, 0, 0, 0]","[2, 3, 5, 7, 11, 13, 17, 19]"
1411/243,5.80658436,1411,243,"[3, 17, 83]","[0, -5, 0, 0, 0, 0, 1, 0]","[2, 3, 5, 7, 11, 13, 17, 19]"
1412/243,5.81069959,1412,243,"[2, 3, 353]","[2, -5, 0, 0, 0, 0, 0, 0]","[2, 3, 5, 7, 11, 13, 17, 19]"
1414/243,5.81893004,1414,243,"[2, 3, 7, 101]","[1, -5, 0, 1, 0, 0, 0, 0]","[2, 3, 5, 7, 11, 13, 17, 19]"
1415/243,5.82304527,1415,243,"[3, 5, 283]","[0, -5, 1, 0, 0, 0, 0, 0]","[2, 3, 5, 7, 11, 13, 17, 19]"
1417/243,5.83127572,1417,243,"[3, 13, 109]","[0, -5, 0, 0, 0, 1, 0, 0]","[2, 3, 5, 7, 11, 13, 17, 19]"
1418/243,5.83539095,1418,243,"[2, 3, 709]","[1, -5, 0, 0, 0, 0, 0, 0]","[2, 3, 5, 7, 11, 13, 17, 19]"
1420/243,5.84362140,1420,243,"[2, 3, 5, 71]","[2, -5, 1, 0, 0, 0, 0, 0]","[2, 3, 5, 7, 11, 13, 17, 19]"
1421/243,5.84773663,1421,243,"[3, 7, 29]","[0, -5, 0, 2, 0, 0, 0, 0]","[2, 3, 5, 7, 11, 13, 17, 19]"
1423/243,5.85596708,1423,243,"[3, 1423]","[0, -5, 0, 0, 0, 0, 0, 0]","[2, 3, 5, 7, 11, 13, 17, 19]"
1424/243,5.86008230,1424,243,"[2, 3, 89]","[4, -5, 0, 0, 0, 0, 0, 0]","[2, 3, 5, 7, 11, 13, 17, 19]"
1427/243,5.87242798,1427,243,"[3, 1427]","[0, -5, 0, 0, 0, 0, 0, 0]","[2, 3, 5, 7, 11, 13, 17, 19]"
1429/243,5.88065844,1429,243,"[3, 1429]","[0, -5, 0, 0, 0, 0, 0, 0]","[2, 3, 5, 7, 11, 13, 17, 19]"
1430/243,5.88477366,1430,243,"[2, 3, 5, 11, 13]","[1, -5, 1, 0, 1, 1, 0, 0]","[2, 3, 5, 7, 11, 13, 17, 19]"
1432/243,5.89300412,1432,243,"[2, 3, 179]","[3, -5, 0, 0, 0, 0, 0, 0]","[2, 3, 5, 7, 11, 13, 17, 19]"
1433/243,5.89711934,1433,243,"[3, 1433]","[0, -5, 0, 0, 0, 0, 0, 0]","[2, 3, 5, 7, 11, 13, 17, 19]"
1435/243,5.90534979,1435,243,"[3, 5, 7, 41]","[0, -5, 1, 1, 0, 0, 0, 0]","[2, 3, 5, 7, 11, 13, 17, 19]"
1436/243,5.90946502,1436,243,"[2, 3, 359]","[2, -5, 0, 0, 0, 0, 0, 0]","[2, 3, 5, 7, 11, 13, 17, 19]"
1438/243,5.91769547,1438,243,"[2, 3, 719]","[1, -5, 0, 0, 0, 0, 0, 0]","[2, 3, 5, 7, 11, 13, 17, 19]"
1439/243,5.92181070,1439,243,"[3, 1439]","[0, -5, 0, 0, 0, 0, 0, 0]","[2, 3, 5, 7, 11, 13, 17, 19]"
1441/243,5.93004115,1441,243,"[3, 11, 131]","[0, -5, 0, 0, 1, 0, 0, 0]","[2, 3, 5, 7, 11, 13, 17, 19]"
1444/243,5.94238683,1444,243,"[2, 3, 19]","[2, -5, 0, 0, 0, 0, 0, 2]","[2, 3, 5, 7, 11, 13, 17, 19]"
1445/243,5.94650206,1445,243,"[3, 5, 17]","[0, -5, 1, 0, 0, 0, 2, 0]","[2, 3, 5, 7, 11, 13, 17, 19]"
1447/243,5.95473251,1447,243,"[3, 1447]","[0, -5, 0, 0, 0, 0, 0, 0]","[2, 3, 5, 7, 11, 13, 17, 19]"
1448/243,5.95884774,1448,243,"[2, 3, 181]","[3, -5, 0, 0, 0, 0, 0, 0]","[2, 3, 5, 7, 11, 13, 17, 19]"
1450/243,5.96707819,1450,243,"[2, 3, 5, 29]","[1, -5, 2, 0, 0, 0, 0, 0]","[2, 3, 5, 7, 11, 13, 17, 19]"
1451/243,5.97119342,1451,243,"[3, 1451]","[0, -5, 0, 0, 0, 0, 0, 0]","[2, 3, 5, 7, 11, 13, 17, 19]"
1453/243,5.97942387,1453,243,"[3, 1453]","[0, -5, 0, 0, 0, 0, 0, 0]","[2, 3, 5, 7, 11, 13, 17, 19]"
1454/243,5.98353909,1454,243,"[2, 3, 727]","[1, -5, 0, 0, 0, 0, 0, 0]","[2, 3, 5, 7, 11, 13, 17, 19]"
1456/243,5.99176955,1456,243,"[2, 3, 7, 13]","[4, -5, 0, 1, 0, 1, 0, 0]","[2, 3, 5, 7, 11, 13, 17, 19]"
1457/243,5.99588477,1457,243,"[3, 31, 47]","[0, -5, 0, 0, 0, 0, 0, 0]","[2, 3, 5, 7, 11, 13, 17, 19]"
1459/243,6.00411523,1459,243,"[3, 1459]","[0, -5, 0, 0, 0, 0, 0, 0]","[2, 3, 5, 7, 11, 13, 17, 19]"
1460/243,6.00823045,1460,243,"[2, 3, 5, 73]","[2, -5, 1, 0, 0, 0, 0, 0]","[2, 3, 5, 7, 11, 13, 17, 19]"
1462/243,6.01646091,1462,243,"[2, 3, 17, 43]","[1, -5, 0, 0, 0, 0, 1, 0]","[2, 3, 5, 7, 11, 13, 17, 19]"
1463/243,6.02057613,1463,243,"[3, 7, 11, 19]","[0, -5, 0, 1, 1, 0, 0, 1]","[2, 3, 5, 7, 11, 13, 17, 19]"
1465/243,6.02880658,1465,243,"[3, 5, 293]","[0, -5, 1, 0, 0, 0, 0, 0]","[2, 3, 5, 7, 11, 13, 17, 19]"
1468/243,6.04115226,1468,243,"[2, 3, 367]","[2, -5, 0, 0, 0, 0, 0, 0]","[2, 3, 5, 7, 11, 13, 17, 19]"
1469/243,6.04526749,1469,243,"[3, 13, 113]","[0, -5, 0, 0, 0, 1, 0, 0]","[2, 3, 5, 7, 11, 13, 17, 19]"
1471/243,6.05349794,1471,243,"[3, 1471]","[0, -5, 0, 0, 0, 0, 0, 0]","[2, 3, 5, 7, 11, 13, 17, 19]"
1472/243,6.05761317,1472,243,"[2, 3, 23]","[6, -5, 0, 0, 0, 0, 0, 0]","[2, 3, 5, 7, 11, 13, 17, 19]"
1475/243,6.06995885,1475,243,"[3, 5, 59]","[0, -5, 2, 0, 0, 0, 0, 0]","[2, 3, 5, 7, 11, 13, 17, 19]"
1477/243,6.07818930,1477,243,"[3, 7, 211]","[0, -5, 0, 1, 0, 0, 0, 0]","[2, 3, 5, 7, 11, 13, 17, 19]"
1478/243,6.08230453,1478,243,"[2, 3, 739]","[1, -5, 0, 0, 0, 0, 0, 0]","[2, 3, 5, 7, 11, 13, 17, 19]"
1480/243,6.09053498,1480,243,"[2, 3, 5, 37]","[3, -5, 1, 0, 0, 0, 0, 0]","[2, 3, 5, 7, 11, 13, 17, 19]"
1481/243,6.09465021,1481,243,"[3, 1481]","[0, -5, 0, 0, 0, 0, 0, 0]","[2, 3, 5, 7, 11, 13, 17, 19]"
1483/243,6.10288066,1483,243,"[3, 1483]","[0, -5, 0, 0, 0, 0, 0, 0]","[2, 3, 5, 7, 11, 13, 17, 19]"
1484/243,6.10699588,1484,243,"[2, 3, 7, 53]","[2, -5, 0, 1, 0, 0, 0, 0]","[2, 3, 5, 7, 11, 13, 17, 19]"
1486/243,6.11522634,1486,243,"[2, 3, 743]","[1, -5, 0, 0, 0, 0, 0, 0]","[2, 3, 5, 7, 11, 13, 17, 19]"
1487/243,6.11934156,1487,243,"[3, 1487]","[0, -5, 0, 0, 0, 0, 0, 0]","[2, 3, 5, 7, 11, 13, 17, 19]"
1489/243,6.12757202,1489,243,"[3, 1489]","[0, -5, 0, 0, 0, 0, 0, 0]","[2, 3, 5, 7, 11, 13, 17, 19]"
1492/243,6.13991770,1492,243,"[2, 3, 373]","[2, -5, 0, 0, 0, 0, 0, 0]","[2, 3, 5, 7, 11, 13, 17, 19]"
1493/243,6.14403292,1493,243,"[3, 1493]","[0, -5, 0, 0, 0, 0, 0, 0]","[2, 3, 5, 7, 11, 13, 17, 19]"
1495/243,6.15226337,1495,243,"[3, 5, 13, 23]","[0, -5, 1, 0, 0, 1, 0, 0]","[2, 3, 5, 7, 11, 13, 17, 19]"
1496/243,6.15637860,1496,243,"[2, 3, 11, 17]","[3, -5, 0, 0, 1, 0, 1, 0]","[2, 3, 5, 7, 11, 13, 17, 19]"
1499/243,6.16872428,1499,243,"[3, 1499]","[0, -5, 0, 0, 0, 0, 0, 0]","[2, 3, 5, 7, 11, 13, 17, 19]"
1501/243,6.17695473,1501,243,"[3, 19, 79]","[0, -5, 0, 0, 0, 0, 0, 1]","[2, 3, 5, 7, 11, 13, 17, 19]"
1504/243,6.18930041,1504,243,"[2, 3, 47]","[5, -5, 0, 0, 0, 0, 0, 0]","[2, 3, 5, 7, 11, 13, 17, 19]"
1505/243,6.19341564,1505,243,"[3, 5, 7, 43]","[0, -5, 1, 1, 0, 0, 0, 0]","[2, 3, 5, 7, 11, 13, 17, 19]"
1507/243,6.20164609,1507,243,"[3, 11, 137]","[0, -5, 0, 0, 1, 0, 0, 0]","[2, 3, 5, 7, 11, 13, 17, 19]"
1508/243,6.20576132,1508,243,"[2, 3, 13, 29]","[2, -5, 0, 0, 0, 1, 0, 0]","[2, 3, 5, 7, 11, 13, 17, 19]"
1510/243,6.21399177,1510,243,"[2, 3, 5, 151]","[1, -5, 1, 0, 0, 0, 0, 0]","[2, 3, 5, 7, 11, 13, 17, 19]"
1511/243,6.21810700,1511,243,"[3, 1511]","[0, -5, 0, 0, 0, 0, 0, 0]","[2, 3, 5, 7, 11, 13, 17, 19]"
1513/243,6.22633745,1513,243,"[3, 17, 89]","[0, -5, 0, 0, 0, 0, 1, 0]","[2, 3, 5, 7, 11, 13, 17, 19]"
1516/243,6.23868313,1516,243,"[2, 3, 379]","[2, -5, 0, 0, 0, 0, 0, 0]","[2, 3, 5, 7, 11, 13, 17, 19]"
1517/243,6.24279835,1517,243,"[3, 37, 41]","[0, -5, 0, 0, 0, 0, 0, 0]","[2, 3, 5, 7, 11, 13, 17, 19]"
1519/243,6.25102881,1519,243,"[3, 7, 31]","[0, -5, 0, 2, 0, 0, 0, 0]","[2, 3, 5, 7, 11, 13, 17, 19]"
1520/243,6.25514403,1520,243,"[2, 3, 5, 19]","[4, -5, 1, 0, 0, 0, 0, 1]","[2, 3, 5, 7, 11, 13, 17, 19]"
1523/243,6.26748971,1523,243,"[3, 1523]","[0, -5, 0, 0, 0, 0, 0, 0]","[2, 3, 5, 7, 11, 13, 17, 19]"
1525/243,6.27572016,1525,243,"[3, 5, 61]","[0, -5, 2, 0, 0, 0, 0, 0]","[2, 3, 5, 7, 11, 13, 17, 19]"
1526/243,6.27983539,1526,243,"[2, 3, 7, 109]","[1, -5, 0, 1, 0, 0, 0, 0]","[2, 3, 5, 7, 11, 13, 17, 19]"
1528/243,6.28806584,1528,243,"[2, 3, 191]","[3, -5, 0, 0, 0, 0, 0, 0]","[2, 3, 5, 7, 11, 13, 17, 19]"
1529/243,6.29218107,1529,243,"[3, 11, 139]","[0, -5, 0, 0, 1, 0, 0, 0]","[2, 3, 5, 7, 11, 13, 17, 19]"
1531/243,6.30041152,1531,243,"[3, 1531]","[0, -5, 0, 0, 0, 0, 0, 0]","[2, 3, 5, 7, 11, 13, 17, 19]"
1532/243,6.30452675,1532,243,"[2, 3, 383]","[2, -5, 0, 0, 0, 0, 0, 0]","[2, 3, 5, 7, 11, 13, 17, 19]"
1535/243,6.31687243,1535,243,"[3, 5, 307]","[0, -5, 1, 0, 0, 0, 0, 0]","[2, 3, 5, 7, 11, 13, 17, 19]"
1537/243,6.32510288,1537,243,"[3, 29, 53]","[0, -5, 0, 0, 0, 0, 0, 0]","[2, 3, 5, 7, 11, 13, 17, 19]"
1540/243,6.33744856,1540,243,"[2, 3, 5, 7, 11]","[2, -5, 1, 1, 1, 0, 0, 0]","[2, 3, 5, 7, 11, 13, 17, 19]"
1541/243,6.34156379,1541,243,"[3, 23, 67]","[0, -5, 0, 0, 0, 0, 0, 0]","[2, 3, 5, 7, 11, 13, 17, 19]"
1543/243,6.34979424,1543,243,"[3, 1543]","[0, -5, 0, 0, 0, 0, 0, 0]","[2, 3, 5, 7, 11, 13, 17, 19]"
1544/243,6.35390947,1544,243,"[2, 3, 193]","[3, -5, 0, 0, 0, 0, 0, 0]","[2, 3, 5, 7, 11, 13, 17, 19]"
1547/243,6.36625514,1547,243,"[3, 7, 13, 17]","[0, -5, 0, 1, 0, 1, 1, 0]","[2, 3, 5, 7, 11, 13, 17, 19]"
1549/243,6.37448560,1549,243,"[3, 1549]","[0, -5, 0, 0, 0, 0, 0, 0]","[2, 3, 5, 7, 11, 13, 17, 19]"
1552/243,6.38683128,1552,243,"[2, 3, 97]","[4, -5, 0, 0, 0, 0, 0, 0]","[2, 3, 5, 7, 11, 13, 17, 19]"
1553/243,6.39094650,1553,243,"[3, 1553]","[0, -5, 0, 0, 0, 0, 0, 0]","[2, 3, 5, 7, 11, 13, 17, 19]"
1555/243,6.39917695,1555,243,"[3, 5, 311]","[0, -5, 1, 0, 0, 0, 0, 0]","[2, 3, 5, 7, 11, 13, 17, 19]"
1558/243,6.41152263,1558,243,"[2, 3, 19, 41]","[1, -5, 0, 0, 0, 0, 0, 1]","[2, 3, 5, 7, 11, 13, 17, 19]"
1559/243,6.41563786,1559,243,"[3, 1559]","[0, -5, 0, 0, 0, 0, 0, 0]","[2, 3, 5, 7, 11, 13, 17, 19]"
1561/243,6.42386831,1561,243,"[3, 7, 223]","[0, -5, 0, 1, 0, 0, 0, 0]","[2, 3, 5, 7, 11, 13, 17, 19]"
1564/243,6.43621399,1564,243,"[2, 3, 17, 23]","[2, -5, 0, 0, 0, 0, 1, 0]","[2, 3, 5, 7, 11, 13, 17, 19]"
1565/243,6.44032922,1565,243,"[3, 5, 313]","[0, -5, 1, 0, 0, 0, 0, 0]","[2, 3, 5, 7, 11, 13, 17, 19]"
1567/243,6.44855967,1567,243,"[3, 1567]","[0, -5, 0, 0, 0, 0, 0, 0]","[2, 3, 5, 7, 11, 13, 17, 19]"
1568/243,6.45267490,1568,243,"[2, 3, 7]","[5, -5, 0, 2, 0, 0, 0, 0]","[2, 3, 5, 7, 11, 13, 17, 19]"
1571/243,6.46502058,1571,243,"[3, 1571]","[0, -5, 0, 0, 0, 0, 0, 0]","[2, 3, 5, 7, 11, 13, 17, 19]"
1573/243,6.47325103,1573,243,"[3, 11, 13]","[0, -5, 0, 0, 2, 1, 0, 0]","[2, 3, 5, 7, 11, 13, 17, 19]"
1576/243,6.48559671,1576,243,"[2, 3, 197]","[3, -5, 0, 0, 0, 0, 0, 0]","[2, 3, 5, 7, 11, 13, 17, 19]"
1577/243,6.48971193,1577,243,"[3, 19, 83]","[0, -5, 0, 0, 0, 0, 0, 1]","[2, 3, 5, 7, 11, 13, 17, 19]"
1579/243,6.49794239,1579,243,"[3, 1579]","[0, -5, 0, 0, 0, 0, 0, 0]","[2, 3, 5, 7, 11, 13, 17, 19]"
1580/243,6.50205761,1580,243,"[2, 3, 5, 79]","[2, -5, 1, 0, 0, 0, 0, 0]","[2, 3, 5, 7, 11, 13, 17, 19]"
1583/243,6.51440329,1583,243,"[3, 1583]","[0, -5, 0, 0, 0, 0, 0, 0]","[2, 3, 5, 7, 11, 13, 17, 19]"
1585/243,6.52263374,1585,243,"[3, 5, 317]","[0, -5, 1, 0, 0, 0, 0, 0]","[2, 3, 5, 7, 11, 13, 17, 19]"
1589/243,6.53909465,1589,243,"[3, 7, 227]","[0, -5, 0, 1, 0, 0, 0, 0]","[2, 3, 5, 7, 11, 13, 17, 19]"
1591/243,6.54732510,1591,243,"[3, 37, 43]","[0, -5, 0, 0, 0, 0, 0, 0]","[2, 3, 5, 7, 11, 13, 17, 19]"
1592/243,6.55144033,1592,243,"[2, 3, 199]","[3, -5, 0, 0, 0, 0, 0, 0]","[2, 3, 5, 7, 11, 13, 17, 19]"
1595/243,6.56378601,1595,243,"[3, 5, 11, 29]","[0, -5, 1, 0, 1, 0, 0, 0]","[2, 3, 5, 7, 11, 13, 17, 19]"
1597/243,6.57201646,1597,243,"[3, 1597]","[0, -5, 0, 0, 0, 0, 0, 0]","[2, 3, 5, 7, 11, 13, 17, 19]"
1600/243,6.58436214,1600,243,"[2, 3, 5]","[6, -5, 2, 0, 0, 0, 0, 0]","[2, 3, 5, 7, 11, 13, 17, 19]"
1601/243,6.58847737,1601,243,"[3, 1601]","[0, -5, 0, 0, 0, 0, 0, 0]","[2, 3, 5, 7, 11, 13, 17, 19]"
1603/243,6.59670782,1603,243,"[3, 7, 229]","[0, -5, 0, 1, 0, 0, 0, 0]","[2, 3, 5, 7, 11, 13, 17, 19]"
1607/243,6.61316872,1607,243,"[3, 1607]","[0, -5, 0, 0, 0, 0, 0, 0]","[2, 3, 5, 7, 11, 13, 17, 19]"
1609/243,6.62139918,1609,243,"[3, 1609]","[0, -5, 0, 0, 0, 0, 0, 0]","[2, 3, 5, 7, 11, 13, 17, 19]"
1612/243,6.63374486,1612,243,"[2, 3, 13, 31]","[2, -5, 0, 0, 0, 1, 0, 0]","[2, 3, 5, 7, 11, 13, 17, 19]"
1613/243,6.63786008,1613,243,"[3, 1613]","[0, -5, 0, 0, 0, 0, 0, 0]","[2, 3, 5, 7, 11, 13, 17, 19]"
1615/243,6.64609053,1615,243,"[3, 5, 17, 19]","[0, -5, 1, 0, 0, 0, 1, 1]","[2, 3, 5, 7, 11, 13, 17, 19]"
1616/243,6.65020576,1616,243,"[2, 3, 101]","[4, -5, 0, 0, 0, 0, 0, 0]","[2, 3, 5, 7, 11, 13, 17, 19]"
1619/243,6.66255144,1619,243,"[3, 1619]","[0, -5, 0, 0, 0, 0, 0, 0]","[2, 3, 5, 7, 11, 13, 17, 19]"
1621/243,6.67078189,1621,243,"[3, 1621]","[0, -5, 0, 0, 0, 0, 0, 0]","[2, 3, 5, 7, 11, 13, 17, 19]"
1624/243,6.68312757,1624,243,"[2, 3, 7, 29]","[3, -5, 0, 1, 0, 0, 0, 0]","[2, 3, 5, 7, 11, 13, 17, 19]"
1625/243,6.68724280,1625,243,"[3, 5, 13]","[0, -5, 3, 0, 0, 1, 0, 0]","[2, 3, 5, 7, 11, 13, 17, 19]"
1627/243,6.69547325,1627,243,"[3, 1627]","[0, -5, 0, 0, 0, 0, 0, 0]","[2, 3, 5, 7, 11, 13, 17, 19]"
1631/243,6.71193416,1631,243,"[3, 7, 233]","[0, -5, 0, 1, 0, 0, 0, 0]","[2, 3, 5, 7, 11, 13, 17, 19]"
1633/243,6.72016461,1633,243,"[3, 23, 71]","[0, -5, 0, 0, 0, 0, 0, 0]","[2, 3, 5, 7, 11, 13, 17, 19]"
1639/243,6.74485597,1639,243,"[3, 11, 149]","[0, -5, 0, 0, 1, 0, 0, 0]","[2, 3, 5, 7, 11, 13, 17, 19]"
1640/243,6.74897119,1640,243,"[2, 3, 5, 41]","[3, -5, 1, 0, 0, 0, 0, 0]","[2, 3, 5, 7, 11, 13, 17, 19]"
1643/243,6.76131687,1643,243,"[3, 31, 53]","[0, -5, 0, 0, 0, 0, 0, 0]","[2, 3, 5, 7, 11, 13, 17, 19]"
1645/243,6.76954733,1645,243,"[3, 5, 7, 47]","[0, -5, 1, 1, 0, 0, 0, 0]","[2, 3, 5, 7, 11, 13, 17, 19]"
1648/243,6.78189300,1648,243,"[2, 3, 103]","[4, -5, 0, 0, 0, 0, 0, 0]","[2, 3, 5, 7, 11, 13, 17, 19]"
1649/243,6.78600823,1649,243,"[3, 17, 97]","[0, -5, 0, 0, 0, 0, 1, 0]","[2, 3, 5, 7, 11, 13, 17, 19]"
1651/243,6.79423868,1651,243,"[3, 13, 127]","[0, -5, 0, 0, 0, 1, 0, 0]","[2, 3, 5, 7, 11, 13, 17, 19]"
1655/243,6.81069959,1655,243,"[3, 5, 331]","[0, -5, 1, 0, 0, 0, 0, 0]","[2, 3, 5, 7, 11, 13, 17, 19]"
1657/243,6.81893004,1657,243,"[3, 1657]","[0, -5, 0, 0, 0, 0, 0, 0]","[2, 3, 5, 7, 11, 13, 17, 19]"
1661/243,6.83539095,1661,243,"[3, 11, 151]","[0, -5, 0, 0, 1, 0, 0, 0]","[2, 3, 5, 7, 11, 13, 17, 19]"
1663/243,6.84362140,1663,243,"[3, 1663]","[0, -5, 0, 0, 0, 0, 0, 0]","[2, 3, 5, 7, 11, 13, 17, 19]"
1667/243,6.86008230,1667,243,"[3, 1667]","[0, -5, 0, 0, 0, 0, 0, 0]","[2, 3, 5, 7, 11, 13, 17, 19]"
1672/243,6.88065844,1672,243,"[2, 3, 11, 19]","[3, -5, 0, 0, 1, 0, 0, 1]","[2, 3, 5, 7, 11, 13, 17, 19]"
1673/243,6.88477366,1673,243,"[3, 7, 239]","[0, -5, 0, 1, 0, 0, 0, 0]","[2, 3, 5, 7, 11, 13, 17, 19]"
1675/243,6.89300412,1675,243,"[3, 5, 67]","[0, -5, 2, 0, 0, 0, 0, 0]","[2, 3, 5, 7, 11, 13, 17, 19]"
1679/243,6.90946502,1679,243,"[3, 23, 73]","[0, -5, 0, 0, 0, 0, 0, 0]","[2, 3, 5, 7, 11, 13, 17, 19]"
1681/243,6.91769547,1681,243,"[3, 41]","[0, -5, 0, 0, 0, 0, 0, 0]","[2, 3, 5, 7, 11, 13, 17, 19]"
1687/243,6.94238683,1687,243,"[3, 7, 241]","[0, -5, 0, 1, 0, 0, 0, 0]","[2, 3, 5, 7, 11, 13, 17, 19]"
1688/243,6.94650206,1688,243,"[2, 3, 211]","[3, -5, 0, 0, 0, 0, 0, 0]","[2, 3, 5, 7, 11, 13, 17, 19]"
1691/243,6.95884774,1691,243,"[3, 19, 89]","[0, -5, 0, 0, 0, 0, 0, 1]","[2, 3, 5, 7, 11, 13, 17, 19]"
1693/243,6.96707819,1693,243,"[3, 1693]","[0, -5, 0, 0, 0, 0, 0, 0]","[2, 3, 5, 7, 11, 13, 17, 19]"
1697/243,6.98353909,1697,243,"[3, 1697]","[0, -5, 0, 0, 0, 0, 0, 0]","[2, 3, 5, 7, 11, 13, 17, 19]"
1699/243,6.99176955,1699,243,"[3, 1699]","[0, -5, 0, 0, 0, 0, 0, 0]","[2, 3, 5, 7, 11, 13, 17, 19]"
1703/243,7.00823045,1703,243,"[3, 13, 131]","[0, -5, 0, 0, 0, 1, 0, 0]","[2, 3, 5, 7, 11, 13, 17, 19]"
1705/243,7.01646091,1705,243,"[3, 5, 11, 31]","[0, -5, 1, 0, 1, 0, 0, 0]","[2, 3, 5, 7, 11, 13, 17, 19]"
1711/243,7.04115226,1711,243,"[3, 29, 59]","[0, -5, 0, 0, 0, 0, 0, 0]","[2, 3, 5, 7, 11, 13, 17, 19]"
1715/243,7.05761317,1715,243,"[3, 5, 7]","[0, -5, 1, 3, 0, 0, 0, 0]","[2, 3, 5, 7, 11, 13, 17, 19]"
1720/243,7.07818930,1720,243,"[2, 3, 5, 43]","[3, -5, 1, 0, 0, 0, 0, 0]","[2, 3, 5, 7, 11, 13, 17, 19]"
1721/243,7.08230453,1721,243,"[3, 1721]","[0, -5, 0, 0, 0, 0, 0, 0]","[2, 3, 5, 7, 11, 13, 17, 19]"
1723/243,7.09053498,1723,243,"[3, 1723]","[0, -5, 0, 0, 0, 0, 0, 0]","[2, 3, 5, 7, 11, 13, 17, 19]"
1727/243,7.10699588,1727,243,"[3, 11, 157]","[0, -5, 0, 0, 1, 0, 0, 0]","[2, 3, 5, 7, 11, 13, 17, 19]"
1729/243,7.11522634,1729,243,"[3, 7, 13, 19]","[0, -5, 0, 1, 0, 1, 0, 1]","[2, 3, 5, 7, 11, 13, 17, 19]"
1735/243,7.13991770,1735,243,"[3, 5, 347]","[0, -5, 1, 0, 0, 0, 0, 0]","[2, 3, 5, 7, 11, 13, 17, 19]"
1739/243,7.15637860,1739,243,"[3, 37, 47]","[0, -5, 0, 0, 0, 0, 0, 0]","[2, 3, 5, 7, 11, 13, 17, 19]"
1747/243,7.18930041,1747,243,"[3, 1747]","[0, -5, 0, 0, 0, 0, 0, 0]","[2, 3, 5, 7, 11, 13, 17, 19]"
1751/243,7.20576132,1751,243,"[3, 17, 103]","[0, -5, 0, 0, 0, 0, 1, 0]","[2, 3, 5, 7, 11, 13, 17, 19]"
1753/243,7.21399177,1753,243,"[3, 1753]","[0, -5, 0, 0, 0, 0, 0, 0]","[2, 3, 5, 7, 11, 13, 17, 19]"
1759/243,7.23868313,1759,243,"[3, 1759]","[0, -5, 0, 0, 0, 0, 0, 0]","[2, 3, 5, 7, 11, 13, 17, 19]"
1763/243,7.25514403,1763,243,"[3, 41, 43]","[0, -5, 0, 0, 0, 0, 0, 0]","[2, 3, 5, 7, 11, 13, 17, 19]"
1769/243,7.27983539,1769,243,"[3, 29, 61]","[0, -5, 0, 0, 0, 0, 0, 0]","[2, 3, 5, 7, 11, 13, 17, 19]"
1771/243,7.28806584,1771,243,"[3, 7, 11, 23]","[0, -5, 0, 1, 1, 0, 0, 0]","[2, 3, 5, 7, 11, 13, 17, 19]"
1775/243,7.30452675,1775,243,"[3, 5, 71]","[0, -5, 2, 0, 0, 0, 0, 0]","[2, 3, 5, 7, 11, 13, 17, 19]"
1783/243,7.33744856,1783,243,"[3, 1783]","[0, -5, 0, 0, 0, 0, 0, 0]","[2, 3, 5, 7, 11, 13, 17, 19]"
1787/243,7.35390947,1787,243,"[3, 1787]","[0, -5, 0, 0, 0, 0, 0, 0]","[2, 3, 5, 7, 11, 13, 17, 19]"
1795/243,7.38683128,1795,243,"[3, 5, 359]","[0, -5, 1, 0, 0, 0, 0, 0]","[2, 3, 5, 7, 11, 13, 17, 19]"
1801/243,7.41152263,1801,243,"[3, 1801]","[0, -5, 0, 0, 0, 0, 0, 0]","[2, 3, 5, 7, 11, 13, 17, 19]"
1807/243,7.43621399,1807,243,"[3, 13, 139]","[0, -5, 0, 0, 0, 1, 0, 0]","[2, 3, 5, 7, 11, 13, 17, 19]"
1811/243,7.45267490,1811,243,"[3, 1811]","[0, -5, 0, 0, 0, 0, 0, 0]","[2, 3, 5, 7, 11, 13, 17, 19]"
1819/243,7.48559671,1819,243,"[3, 17, 107]","[0, -5, 0, 0, 0, 0, 1, 0]","[2, 3, 5, 7, 11, 13, 17, 19]"
1823/243,7.50205761,1823,243,"[3, 1823]","[0, -5, 0, 0, 0, 0, 0, 0]","[2, 3, 5, 7, 11, 13, 17, 19]"
1835/243,7.55144033,1835,243,"[3, 5, 367]","[0, -5, 1, 0, 0, 0, 0, 0]","[2, 3, 5, 7, 11, 13, 17, 19]"
1843/243,7.58436214,1843,243,"[3, 19, 97]","[0, -5, 0, 0, 0, 0, 0, 1]","[2, 3, 5, 7, 11, 13, 17, 19]"
1855/243,7.63374486,1855,243,"[3, 5, 7, 53]","[0, -5, 1, 1, 0, 0, 0, 0]","[2, 3, 5, 7, 11, 13, 17, 19]"
1859/243,7.65020576,1859,243,"[3, 11, 13]","[0, -5, 0, 0, 1, 2, 0, 0]","[2, 3, 5, 7, 11, 13, 17, 19]"
1867/243,7.68312757,1867,243,"[3, 1867]","[0, -5, 0, 0, 0, 0, 0, 0]","[2, 3, 5, 7, 11, 13, 17, 19]"
1883/243,7.74897119,1883,243,"[3, 7, 269]","[0, -5, 0, 1, 0, 0, 0, 0]","[2, 3, 5, 7, 11, 13, 17, 19]"
1891/243,7.78189300,1891,243,"[3, 31, 61]","[0, -5, 0, 0, 0, 0, 0, 0]","[2, 3, 5, 7, 11, 13, 17, 19]"
1915/243,7.88065844,1915,243,"[3, 5, 383]","[0, -5, 1, 0, 0, 0, 0, 0]","[2, 3, 5, 7, 11, 13, 17, 19]"
1931/243,7.94650206,1931,243,"[3, 1931]","[0, -5, 0, 0, 0, 0, 0, 0]","[2, 3, 5, 7, 11, 13, 17, 19]"
1963/243,8.07818930,1963,243,"[3, 13, 151]","[0, -5, 0, 0, 0, 1, 0, 0]","[2, 3, 5, 7, 11, 13, 17, 19]"
